"","GO.ID","Term","Annotated","Significant","Expected","Fisher","Genes","ontology","Protein","Protein_abbrv"
"1","GO:0005509","calcium ion binding",928,55,21.3,4.7e-11,"Ahyacinthus01292-RA","Molecular Functions","Extracellular calcium-sensing receptor (CaSR) (Parathyroid cell calcium-sensing receptor) (PCaR1) (RaKCaR)","Casr Gprc2a Pcar1"
"2","GO:0005509","calcium ion binding",928,55,21.3,4.7e-11,"Ahyacinthus01390-RA","Molecular Functions","Multiple epidermal growth factor-like domains protein 8 (Multiple EGF-like domains protein 8) (Epidermal growth factor-like protein 4) (EGF-like protein 4)","Megf8 Egfl4"
"3","GO:0005509","calcium ion binding",928,55,21.3,4.7e-11,"Ahyacinthus04475-RA","Molecular Functions","Polycystin-1-like protein 2 (Polycystin-1L2) (PC1-like 2 protein) (Polycystic kidney disease protein 1-like 2)","Pkd1l2"
"4","GO:0005509","calcium ion binding",928,55,21.3,4.7e-11,"Ahyacinthus04476-RA","Molecular Functions","Polycystin-1-like protein 2 (Polycystin-1L2) (PC1-like 2 protein) (Polycystic kidney disease protein 1-like 2)","Pkd1l2"
"5","GO:0005509","calcium ion binding",928,55,21.3,4.7e-11,"Ahyacinthus04823-RA","Molecular Functions","Hemicentin-1 (Fibulin-6) (FIBL-6)","Hmcn1"
"6","GO:0005509","calcium ion binding",928,55,21.3,4.7e-11,"Ahyacinthus05724-RA","Molecular Functions","Aggrecan core protein (Cartilage-specific proteoglycan core protein) (CSPCP)","ACAN AGC1"
"7","GO:0005509","calcium ion binding",928,55,21.3,4.7e-11,"Ahyacinthus05780-RA","Molecular Functions","Mucin-like protein",""
"8","GO:0005509","calcium ion binding",928,55,21.3,4.7e-11,"Ahyacinthus06725-RA","Molecular Functions","Hemicentin-1 (Fibulin-6) (FIBL-6)","Hmcn1"
"9","GO:0005509","calcium ion binding",928,55,21.3,4.7e-11,"Ahyacinthus08175-RA","Molecular Functions","Hemicentin-1 (Fibulin-6) (FIBL-6)","Hmcn1"
"10","GO:0005509","calcium ion binding",928,55,21.3,4.7e-11,"Ahyacinthus09152-RA","Molecular Functions","Protocadherin Fat 4 (hFat4) (Cadherin family member 14) (FAT tumor suppressor homolog 4) (Fat-like cadherin protein FAT-J)","FAT4 CDHF14 FATJ Nbla00548"
"11","GO:0005509","calcium ion binding",928,55,21.3,4.7e-11,"Ahyacinthus09833-RA","Molecular Functions","Oncoprotein-induced transcript 3 protein (Liver-specific zona pellucida domain-containing protein)","Oit3 Lzp"
"12","GO:0005509","calcium ion binding",928,55,21.3,4.7e-11,"Ahyacinthus10219-RA","Molecular Functions","Sushi, von Willebrand factor type A, EGF and pentraxin domain-containing protein 1","Svep1"
"13","GO:0005509","calcium ion binding",928,55,21.3,4.7e-11,"Ahyacinthus10638-RA","Molecular Functions","Low-density lipoprotein receptor-related protein 4 (LRP-4) (Multiple epidermal growth factor-like domains 7)","LRP4 KIAA0816 LRP10 MEGF7"
"14","GO:0005509","calcium ion binding",928,55,21.3,4.7e-11,"Ahyacinthus10988-RA","Molecular Functions","Lysyl oxidase homolog 2 (EC 1.4.3.13) (Lysyl oxidase-like protein 2)","Loxl2"
"15","GO:0005509","calcium ion binding",928,55,21.3,4.7e-11,"Ahyacinthus11425-RA","Molecular Functions","Oncoprotein-induced transcript 3 protein","OIT3"
"16","GO:0005509","calcium ion binding",928,55,21.3,4.7e-11,"Ahyacinthus11936-RA","Molecular Functions","Tolloid-like protein 1 (EC 3.4.24.-) (Metalloprotease xolloid-like) (Xenopus tolloid-like protein 1) (Xlr)","tll1 xlr"
"17","GO:0005509","calcium ion binding",928,55,21.3,4.7e-11,"Ahyacinthus12463-RA","Molecular Functions","Versican core protein (Chondroitin sulfate proteoglycan core protein 2) (Chondroitin sulfate proteoglycan 2) (Large fibroblast proteoglycan) (PG-M)","VCAN CSPG2"
"18","GO:0005509","calcium ion binding",928,55,21.3,4.7e-11,"Ahyacinthus13453-RA","Molecular Functions","C-type lectin domain family 4 member A (C-type lectin superfamily member 6) (Dendritic cell inhibitory receptor) (CD antigen CD367)","Clec4a Clecsf6 Dcir"
"19","GO:0005509","calcium ion binding",928,55,21.3,4.7e-11,"Ahyacinthus13473-RA","Molecular Functions","C-type lectin domain family 4 member A (C-type lectin superfamily member 6) (Dendritic cell inhibitory receptor) (CD antigen CD367)","Clec4a Clecsf6 Dcir"
"20","GO:0005509","calcium ion binding",928,55,21.3,4.7e-11,"Ahyacinthus13967-RA","Molecular Functions","Dynein axonemal heavy chain 7 (Axonemal beta dynein heavy chain 7) (Axonemal dynein heavy chain b) (Ciliary dynein heavy chain 7) (Dynein-like protein 7)","Dnah7 Axob Dlp7"
"21","GO:0005509","calcium ion binding",928,55,21.3,4.7e-11,"Ahyacinthus14101-RA","Molecular Functions","Protocadherin Fat 4 (FAT tumor suppressor homolog 4) (Fat-like cadherin protein FAT-J)","Fat4 Fatj"
"22","GO:0005509","calcium ion binding",928,55,21.3,4.7e-11,"Ahyacinthus14102-RA","Molecular Functions","Protocadherin Fat 4 (hFat4) (Cadherin family member 14) (FAT tumor suppressor homolog 4) (Fat-like cadherin protein FAT-J)","FAT4 CDHF14 FATJ Nbla00548"
"23","GO:0005509","calcium ion binding",928,55,21.3,4.7e-11,"Ahyacinthus14512-RA","Molecular Functions","Protein eyes shut homolog","eys"
"24","GO:0005509","calcium ion binding",928,55,21.3,4.7e-11,"Ahyacinthus14615-RA","Molecular Functions","Protocadherin Fat 3 (FAT tumor suppressor homolog 3)","Fat3"
"25","GO:0005509","calcium ion binding",928,55,21.3,4.7e-11,"Ahyacinthus14681-RA","Molecular Functions","Neurogenic locus Notch protein [Cleaved into: Processed neurogenic locus Notch protein]","N CG3936"
"26","GO:0005509","calcium ion binding",928,55,21.3,4.7e-11,"Ahyacinthus14815-RA","Molecular Functions","Sushi, von Willebrand factor type A, EGF and pentraxin domain-containing protein 1 (CCP module-containing protein 22) (Polydom) (Selectin-like osteoblast-derived protein) (SEL-OB) (Serologically defined breast cancer antigen NY-BR-38)","SVEP1 C9orf13 CCP22 SELOB"
"27","GO:0005509","calcium ion binding",928,55,21.3,4.7e-11,"Ahyacinthus15094-RA","Molecular Functions","Mucin-like protein",""
"28","GO:0005509","calcium ion binding",928,55,21.3,4.7e-11,"Ahyacinthus15226-RA","Molecular Functions","TBC1 domain family member 9 (TBC1 domain family member 9A)","TBC1D9 KIAA0882 TBC1D9A"
"29","GO:0005509","calcium ion binding",928,55,21.3,4.7e-11,"Ahyacinthus15441-RA","Molecular Functions","Protocadherin Fat 4 (hFat4) (Cadherin family member 14) (FAT tumor suppressor homolog 4) (Fat-like cadherin protein FAT-J)","FAT4 CDHF14 FATJ Nbla00548"
"30","GO:0005509","calcium ion binding",928,55,21.3,4.7e-11,"Ahyacinthus15721-RA","Molecular Functions","Polycystin-1-like protein 2 (Polycystin-1L2) (PC1-like 2 protein) (Polycystic kidney disease protein 1-like 2)","Pkd1l2"
"31","GO:0005509","calcium ion binding",928,55,21.3,4.7e-11,"Ahyacinthus17076-RA","Molecular Functions","Fucolectin-1",""
"32","GO:0005509","calcium ion binding",928,55,21.3,4.7e-11,"Ahyacinthus17113-RA","Molecular Functions","Fucolectin-1",""
"33","GO:0005509","calcium ion binding",928,55,21.3,4.7e-11,"Ahyacinthus17419-RA","Molecular Functions","Pancreatic lipase-related protein 2 (PL-RP2) (Cytotoxic T lymphocyte lipase) (Galactolipase) (EC 3.1.1.26) (Triacylglycerol lipase) (EC 3.1.1.3)","PNLIPRP2"
"34","GO:0005509","calcium ion binding",928,55,21.3,4.7e-11,"Ahyacinthus17549-RA","Molecular Functions","Fucolectin-1",""
"35","GO:0005509","calcium ion binding",928,55,21.3,4.7e-11,"Ahyacinthus17817-RA","Molecular Functions","Neurocan core protein (Chondroitin sulfate proteoglycan 3)","NCAN CSPG3"
"36","GO:0005509","calcium ion binding",928,55,21.3,4.7e-11,"Ahyacinthus17910-RA","Molecular Functions","Fucolectin-4",""
"37","GO:0005509","calcium ion binding",928,55,21.3,4.7e-11,"Ahyacinthus18555-RA","Molecular Functions","Polycystin-2 (Curly up) (Cup) (Polycystic kidney disease 2 protein homolog) (Transient receptor potential cation channel subfamily P member 2)","pkd2"
"38","GO:0005509","calcium ion binding",928,55,21.3,4.7e-11,"Ahyacinthus18591-RA","Molecular Functions","Polycystin-1-like protein 2 (Polycystin-1L2) (PC1-like 2 protein) (Polycystic kidney disease protein 1-like 2)","Pkd1l2"
"39","GO:0005509","calcium ion binding",928,55,21.3,4.7e-11,"Ahyacinthus18672-RA","Molecular Functions","Polycystin family receptor for egg jelly (PKD and REJ homolog) (Polycystic kidney disease and receptor for egg jelly-related protein)","Pkdrej"
"40","GO:0005509","calcium ion binding",928,55,21.3,4.7e-11,"Ahyacinthus19805-RA","Molecular Functions","Neurogenic locus notch homolog protein 1 (Notch 1) [Cleaved into: Notch 1 extracellular truncation (NEXT); Notch 1 intracellular domain (NICD)]","notch1"
"41","GO:0005509","calcium ion binding",928,55,21.3,4.7e-11,"Ahyacinthus20036-RA","Molecular Functions","Sushi, von Willebrand factor type A, EGF and pentraxin domain-containing protein 1","Svep1"
"42","GO:0005509","calcium ion binding",928,55,21.3,4.7e-11,"Ahyacinthus20212-RA","Molecular Functions","Polycystin-1-like protein 2 (Polycystin-1L2) (PC1-like 2 protein) (Polycystic kidney disease protein 1-like 2)","Pkd1l2"
"43","GO:0005509","calcium ion binding",928,55,21.3,4.7e-11,"Ahyacinthus20215-RA","Molecular Functions","Polycystin-1-like protein 2 (Polycystin-1L2) (PC1-like 2 protein) (Polycystic kidney disease protein 1-like 2)","Pkd1l2"
"44","GO:0005509","calcium ion binding",928,55,21.3,4.7e-11,"Ahyacinthus20555-RA","Molecular Functions","EGF-like repeat and discoidin I-like domain-containing protein 3 (Developmentally-regulated endothelial cell locus 1 protein) (Integrin-binding protein DEL1)","EDIL3 DEL1"
"45","GO:0005509","calcium ion binding",928,55,21.3,4.7e-11,"Ahyacinthus20726-RA","Molecular Functions","Mucin-like protein",""
"46","GO:0005509","calcium ion binding",928,55,21.3,4.7e-11,"Ahyacinthus20728-RA","Molecular Functions","Mucin-like protein",""
"47","GO:0005509","calcium ion binding",928,55,21.3,4.7e-11,"Ahyacinthus20833-RA","Molecular Functions","Polycystin-1-like protein 2 (Polycystin-1L2) (PC1-like 2 protein) (Polycystic kidney disease protein 1-like 2)","Pkd1l2"
"48","GO:0005509","calcium ion binding",928,55,21.3,4.7e-11,"Ahyacinthus22609-RA","Molecular Functions","Sushi, von Willebrand factor type A, EGF and pentraxin domain-containing protein 1","Svep1"
"49","GO:0005509","calcium ion binding",928,55,21.3,4.7e-11,"Ahyacinthus23864-RA","Molecular Functions","Titin (EC 2.7.11.1) (Connectin) (Rhabdomyosarcoma antigen MU-RMS-40.14)","TTN"
"50","GO:0005509","calcium ion binding",928,55,21.3,4.7e-11,"Ahyacinthus24443-RA","Molecular Functions","Low-density lipoprotein receptor-related protein 4 (LRP-4) (Multiple epidermal growth factor-like domains 7)","Lrp4 Megf7"
"51","GO:0005509","calcium ion binding",928,55,21.3,4.7e-11,"Ahyacinthus26171-RA","Molecular Functions","Sushi, von Willebrand factor type A, EGF and pentraxin domain-containing protein 1","Svep1"
"52","GO:0005509","calcium ion binding",928,55,21.3,4.7e-11,"Ahyacinthus26174-RA","Molecular Functions","Sushi, von Willebrand factor type A, EGF and pentraxin domain-containing protein 1","Svep1"
"53","GO:0005509","calcium ion binding",928,55,21.3,4.7e-11,"Ahyacinthus26179-RA","Molecular Functions","Sushi, von Willebrand factor type A, EGF and pentraxin domain-containing protein 1","Svep1"
"54","GO:0005509","calcium ion binding",928,55,21.3,4.7e-11,"Ahyacinthus26181-RA","Molecular Functions","Sushi, von Willebrand factor type A, EGF and pentraxin domain-containing protein 1 (CCP module-containing protein 22) (Polydom) (Selectin-like osteoblast-derived protein) (SEL-OB) (Serologically defined breast cancer antigen NY-BR-38)","SVEP1 C9orf13 CCP22 SELOB"
"55","GO:0005509","calcium ion binding",928,55,21.3,4.7e-11,"Ahyacinthus26182-RA","Molecular Functions","Sushi, von Willebrand factor type A, EGF and pentraxin domain-containing protein 1","Svep1"
"56","GO:0098640","integrin binding involved in cell-matrix adhesion",29,9,0.67,1e-08,"Ahyacinthus10219-RA","Molecular Functions","Sushi, von Willebrand factor type A, EGF and pentraxin domain-containing protein 1","Svep1"
"57","GO:0098640","integrin binding involved in cell-matrix adhesion",29,9,0.67,1e-08,"Ahyacinthus14815-RA","Molecular Functions","Sushi, von Willebrand factor type A, EGF and pentraxin domain-containing protein 1 (CCP module-containing protein 22) (Polydom) (Selectin-like osteoblast-derived protein) (SEL-OB) (Serologically defined breast cancer antigen NY-BR-38)","SVEP1 C9orf13 CCP22 SELOB"
"58","GO:0098640","integrin binding involved in cell-matrix adhesion",29,9,0.67,1e-08,"Ahyacinthus20036-RA","Molecular Functions","Sushi, von Willebrand factor type A, EGF and pentraxin domain-containing protein 1","Svep1"
"59","GO:0098640","integrin binding involved in cell-matrix adhesion",29,9,0.67,1e-08,"Ahyacinthus22609-RA","Molecular Functions","Sushi, von Willebrand factor type A, EGF and pentraxin domain-containing protein 1","Svep1"
"60","GO:0098640","integrin binding involved in cell-matrix adhesion",29,9,0.67,1e-08,"Ahyacinthus26171-RA","Molecular Functions","Sushi, von Willebrand factor type A, EGF and pentraxin domain-containing protein 1","Svep1"
"61","GO:0098640","integrin binding involved in cell-matrix adhesion",29,9,0.67,1e-08,"Ahyacinthus26174-RA","Molecular Functions","Sushi, von Willebrand factor type A, EGF and pentraxin domain-containing protein 1","Svep1"
"62","GO:0098640","integrin binding involved in cell-matrix adhesion",29,9,0.67,1e-08,"Ahyacinthus26179-RA","Molecular Functions","Sushi, von Willebrand factor type A, EGF and pentraxin domain-containing protein 1","Svep1"
"63","GO:0098640","integrin binding involved in cell-matrix adhesion",29,9,0.67,1e-08,"Ahyacinthus26181-RA","Molecular Functions","Sushi, von Willebrand factor type A, EGF and pentraxin domain-containing protein 1 (CCP module-containing protein 22) (Polydom) (Selectin-like osteoblast-derived protein) (SEL-OB) (Serologically defined breast cancer antigen NY-BR-38)","SVEP1 C9orf13 CCP22 SELOB"
"64","GO:0098640","integrin binding involved in cell-matrix adhesion",29,9,0.67,1e-08,"Ahyacinthus26182-RA","Molecular Functions","Sushi, von Willebrand factor type A, EGF and pentraxin domain-containing protein 1","Svep1"
"65","GO:0005005","transmembrane-ephrin receptor activity",14,5,0.32,1e-05,"Ahyacinthus03987-RA","Molecular Functions","Ephrin type-B receptor 5 (EC 2.7.10.1) (EPH-like kinase 9) (EK9) (cEK9)","EPHB5 CEK9"
"66","GO:0005005","transmembrane-ephrin receptor activity",14,5,0.32,1e-05,"Ahyacinthus04009-RA","Molecular Functions","Ephrin type-A receptor 7 (EC 2.7.10.1) (EPH homology kinase 3) (EHK-3) (EPH-like kinase 11) (EK11) (hEK11)","EPHA7 EHK3 HEK11"
"67","GO:0005005","transmembrane-ephrin receptor activity",14,5,0.32,1e-05,"Ahyacinthus04013-RA","Molecular Functions","Ephrin type-B receptor 5 (EC 2.7.10.1) (EPH-like kinase 9) (EK9) (cEK9)","EPHB5 CEK9"
"68","GO:0005005","transmembrane-ephrin receptor activity",14,5,0.32,1e-05,"Ahyacinthus04016-RA","Molecular Functions","Ephrin type-B receptor 1 (EC 2.7.10.1)","Ephb1"
"69","GO:0005005","transmembrane-ephrin receptor activity",14,5,0.32,1e-05,"Ahyacinthus04018-RA","Molecular Functions","Ephrin type-B receptor 3 (EC 2.7.10.1) (Developmental kinase 5) (mDK-5) (Tyrosine-protein kinase receptor SEK-4)","Ephb3 Etk2 Mdk5 Sek4"
"70","GO:0001965","G-protein alpha-subunit binding",58,8,1.33,4.9e-05,"Ahyacinthus04475-RA","Molecular Functions","Polycystin-1-like protein 2 (Polycystin-1L2) (PC1-like 2 protein) (Polycystic kidney disease protein 1-like 2)","Pkd1l2"
"71","GO:0001965","G-protein alpha-subunit binding",58,8,1.33,4.9e-05,"Ahyacinthus04476-RA","Molecular Functions","Polycystin-1-like protein 2 (Polycystin-1L2) (PC1-like 2 protein) (Polycystic kidney disease protein 1-like 2)","Pkd1l2"
"72","GO:0001965","G-protein alpha-subunit binding",58,8,1.33,4.9e-05,"Ahyacinthus10561-RA","Molecular Functions","G protein-signaling modulator 2 (Mosaic protein LGN)","GPSM2 LGN"
"73","GO:0001965","G-protein alpha-subunit binding",58,8,1.33,4.9e-05,"Ahyacinthus15721-RA","Molecular Functions","Polycystin-1-like protein 2 (Polycystin-1L2) (PC1-like 2 protein) (Polycystic kidney disease protein 1-like 2)","Pkd1l2"
"74","GO:0001965","G-protein alpha-subunit binding",58,8,1.33,4.9e-05,"Ahyacinthus18591-RA","Molecular Functions","Polycystin-1-like protein 2 (Polycystin-1L2) (PC1-like 2 protein) (Polycystic kidney disease protein 1-like 2)","Pkd1l2"
"75","GO:0001965","G-protein alpha-subunit binding",58,8,1.33,4.9e-05,"Ahyacinthus20212-RA","Molecular Functions","Polycystin-1-like protein 2 (Polycystin-1L2) (PC1-like 2 protein) (Polycystic kidney disease protein 1-like 2)","Pkd1l2"
"76","GO:0001965","G-protein alpha-subunit binding",58,8,1.33,4.9e-05,"Ahyacinthus20215-RA","Molecular Functions","Polycystin-1-like protein 2 (Polycystin-1L2) (PC1-like 2 protein) (Polycystic kidney disease protein 1-like 2)","Pkd1l2"
"77","GO:0001965","G-protein alpha-subunit binding",58,8,1.33,4.9e-05,"Ahyacinthus20833-RA","Molecular Functions","Polycystin-1-like protein 2 (Polycystin-1L2) (PC1-like 2 protein) (Polycystic kidney disease protein 1-like 2)","Pkd1l2"
"78","GO:0004971","AMPA glutamate receptor activity",10,4,0.23,5.1e-05,"Ahyacinthus02542-RA","Molecular Functions","Glutamate receptor 4 (GluR-4) (GluR4) (AMPA-selective glutamate receptor 4) (GluR-D) (Glutamate receptor ionotropic, AMPA 4)","GRIA4 GluA4 GLUR4"
"79","GO:0004971","AMPA glutamate receptor activity",10,4,0.23,5.1e-05,"Ahyacinthus04093-RA","Molecular Functions","Glutamate receptor 3 (GluR-3) (AMPA-selective glutamate receptor 3) (GluR-C) (GluR-K3) (Glutamate receptor ionotropic, AMPA 3)","Gria3 GluA3 Glur3"
"80","GO:0004971","AMPA glutamate receptor activity",10,4,0.23,5.1e-05,"Ahyacinthus15396-RA","Molecular Functions","Glutamate receptor 1","glr-1 C06E1.4"
"81","GO:0004971","AMPA glutamate receptor activity",10,4,0.23,5.1e-05,"Ahyacinthus22218-RA","Molecular Functions","Glutamate receptor 4 (GluR-4) (GluR4) (AMPA-selective glutamate receptor 4) (GluR-D) (Glutamate receptor ionotropic, AMPA 4) (GluA4)","GRIA4 GLUR4"
"82","GO:0036312","phosphatidylinositol 3-kinase regulatory subunit bi...",39,6,0.9,0.00024,"Ahyacinthus09564-RA","Molecular Functions","Protein NLRC3","Nlrc3"
"83","GO:0036312","phosphatidylinositol 3-kinase regulatory subunit bi...",39,6,0.9,0.00024,"Ahyacinthus24982-RA","Molecular Functions","Protein NLRC3","Nlrc3"
"84","GO:0036312","phosphatidylinositol 3-kinase regulatory subunit bi...",39,6,0.9,0.00024,"Ahyacinthus24998-RA","Molecular Functions","NLR family CARD domain-containing protein 3 (CARD15-like protein) (Caterpiller protein 16.2) (CLR16.2) (NACHT, LRR and CARD domains-containing protein 3) (Nucleotide-binding oligomerization domain protein 3)","NLRC3 NOD3"
"85","GO:0036312","phosphatidylinositol 3-kinase regulatory subunit bi...",39,6,0.9,0.00024,"Ahyacinthus25872-RA","Molecular Functions","Protein NLRC3","Nlrc3"
"86","GO:0036312","phosphatidylinositol 3-kinase regulatory subunit bi...",39,6,0.9,0.00024,"Ahyacinthus26194-RA","Molecular Functions","Protein NLRC3","Nlrc3"
"87","GO:0036312","phosphatidylinositol 3-kinase regulatory subunit bi...",39,6,0.9,0.00024,"Ahyacinthus26731-RA","Molecular Functions","NLR family CARD domain-containing protein 3 (CARD15-like protein) (Caterpiller protein 16.2) (CLR16.2) (NACHT, LRR and CARD domains-containing protein 3) (Nucleotide-binding oligomerization domain protein 3)","NLRC3 NOD3"
"88","GO:0051033","RNA transmembrane transporter activity",7,3,0.16,0.00039,"Ahyacinthus21367-RA","Molecular Functions","SID1 transmembrane family member 1","SIDT1"
"89","GO:0051033","RNA transmembrane transporter activity",7,3,0.16,0.00039,"Ahyacinthus21370-RA","Molecular Functions","SID1 transmembrane family member 1","SIDT1"
"90","GO:0051033","RNA transmembrane transporter activity",7,3,0.16,0.00039,"Ahyacinthus21371-RA","Molecular Functions","SID1 transmembrane family member 1","SIDT1"
"91","GO:0042806","fucose binding",16,4,0.37,4e-04,"Ahyacinthus17076-RA","Molecular Functions","Fucolectin-1",""
"92","GO:0042806","fucose binding",16,4,0.37,4e-04,"Ahyacinthus17113-RA","Molecular Functions","Fucolectin-1",""
"93","GO:0042806","fucose binding",16,4,0.37,4e-04,"Ahyacinthus17549-RA","Molecular Functions","Fucolectin-1",""
"94","GO:0042806","fucose binding",16,4,0.37,4e-04,"Ahyacinthus17910-RA","Molecular Functions","Fucolectin-4",""
"95","GO:0061501","2',3'-cyclic GMP-AMP synthase activity",17,4,0.39,0.00051,"Ahyacinthus03486-RA","Molecular Functions","Cyclic GMP-AMP synthase-like receptor 2 (Sp-cGLR2) (EC 2.7.7.86)","cGLR2 MB21D2 AWC38_SpisGene17868"
"96","GO:0061501","2',3'-cyclic GMP-AMP synthase activity",17,4,0.39,0.00051,"Ahyacinthus11429-RA","Molecular Functions","Cyclic GMP-AMP synthase-like receptor 2 (Sp-cGLR2) (EC 2.7.7.86)","cGLR2 MB21D2 AWC38_SpisGene17868"
"97","GO:0061501","2',3'-cyclic GMP-AMP synthase activity",17,4,0.39,0.00051,"Ahyacinthus18331-RA","Molecular Functions","Cyclic GMP-AMP synthase-like receptor 2 (Sp-cGLR2) (EC 2.7.7.86)","cGLR2 MB21D2 AWC38_SpisGene17868"
"98","GO:0061501","2',3'-cyclic GMP-AMP synthase activity",17,4,0.39,0.00051,"Ahyacinthus24835-RA","Molecular Functions","Cyclic GMP-AMP synthase-like receptor (Pd-cGLR) (EC 2.7.7.86)","cGLR pdam_00011560"
"99","GO:0035198","miRNA binding",32,5,0.73,0.00075,"Ahyacinthus13626-RA","Molecular Functions","E3 ubiquitin-protein ligase TRIM71 (EC 2.3.2.27) (Protein lin-41 homolog) (RING-type E3 ubiquitin transferase TRIM71) (Tripartite motif-containing protein 71)","trim71 lin41"
"100","GO:0035198","miRNA binding",32,5,0.73,0.00075,"Ahyacinthus13628-RA","Molecular Functions","E3 ubiquitin-protein ligase TRIM71 (EC 2.3.2.27) (Protein lin-41 homolog) (RING-type E3 ubiquitin transferase TRIM71) (Tripartite motif-containing protein 71)","trim71 lin41"
"101","GO:0035198","miRNA binding",32,5,0.73,0.00075,"Ahyacinthus16634-RA","Molecular Functions","E3 ubiquitin-protein ligase TRIM71 (EC 2.3.2.27) (Protein lin-41 homolog) (RING-type E3 ubiquitin transferase TRIM71) (Tripartite motif-containing protein 71)","trim71 lin41"
"102","GO:0035198","miRNA binding",32,5,0.73,0.00075,"Ahyacinthus17581-RA","Molecular Functions","E3 ubiquitin-protein ligase TRIM71 (EC 2.3.2.27) (Protein lin-41 homolog) (RING-type E3 ubiquitin transferase TRIM71) (Tripartite motif-containing protein 71)","trim71 lin41"
"103","GO:0035198","miRNA binding",32,5,0.73,0.00075,"Ahyacinthus17840-RA","Molecular Functions","Terminal uridylyltransferase 4 (TUTase 4) (EC 2.7.7.52) (Zinc finger CCHC domain-containing protein 11)","TUT4 KIAA0191 ZCCHC11"
"104","GO:0030971","receptor tyrosine kinase binding",34,5,0.78,0.00099,"Ahyacinthus09315-RA","Molecular Functions","Ras GTPase-activating protein 1 (GAP) (GTPase-activating protein) (RasGAP) (Ras p21 protein activator) (p120GAP)","Rasa1 Rasa"
"105","GO:0030971","receptor tyrosine kinase binding",34,5,0.78,0.00099,"Ahyacinthus10638-RA","Molecular Functions","Low-density lipoprotein receptor-related protein 4 (LRP-4) (Multiple epidermal growth factor-like domains 7)","LRP4 KIAA0816 LRP10 MEGF7"
"106","GO:0030971","receptor tyrosine kinase binding",34,5,0.78,0.00099,"Ahyacinthus17818-RA","Molecular Functions","Receptor-type tyrosine-protein phosphatase F (EC 3.1.3.48) (Leukocyte common antigen related) (LAR)","Ptprf Lar"
"107","GO:0030971","receptor tyrosine kinase binding",34,5,0.78,0.00099,"Ahyacinthus17919-RA","Molecular Functions","Receptor-type tyrosine-protein phosphatase F (EC 3.1.3.48) (Leukocyte common antigen related) (LAR)","Ptprf Lar"
"108","GO:0030971","receptor tyrosine kinase binding",34,5,0.78,0.00099,"Ahyacinthus24443-RA","Molecular Functions","Low-density lipoprotein receptor-related protein 4 (LRP-4) (Multiple epidermal growth factor-like domains 7)","Lrp4 Megf7"
"109","GO:0030246","carbohydrate binding",272,19,6.24,0.00154,"Ahyacinthus04475-RA","Molecular Functions","Polycystin-1-like protein 2 (Polycystin-1L2) (PC1-like 2 protein) (Polycystic kidney disease protein 1-like 2)","Pkd1l2"
"110","GO:0030246","carbohydrate binding",272,19,6.24,0.00154,"Ahyacinthus04476-RA","Molecular Functions","Polycystin-1-like protein 2 (Polycystin-1L2) (PC1-like 2 protein) (Polycystic kidney disease protein 1-like 2)","Pkd1l2"
"111","GO:0030246","carbohydrate binding",272,19,6.24,0.00154,"Ahyacinthus05724-RA","Molecular Functions","Aggrecan core protein (Cartilage-specific proteoglycan core protein) (CSPCP)","ACAN AGC1"
"112","GO:0030246","carbohydrate binding",272,19,6.24,0.00154,"Ahyacinthus10988-RA","Molecular Functions","Lysyl oxidase homolog 2 (EC 1.4.3.13) (Lysyl oxidase-like protein 2)","Loxl2"
"113","GO:0030246","carbohydrate binding",272,19,6.24,0.00154,"Ahyacinthus12463-RA","Molecular Functions","Versican core protein (Chondroitin sulfate proteoglycan core protein 2) (Chondroitin sulfate proteoglycan 2) (Large fibroblast proteoglycan) (PG-M)","VCAN CSPG2"
"114","GO:0030246","carbohydrate binding",272,19,6.24,0.00154,"Ahyacinthus13453-RA","Molecular Functions","C-type lectin domain family 4 member A (C-type lectin superfamily member 6) (Dendritic cell inhibitory receptor) (CD antigen CD367)","Clec4a Clecsf6 Dcir"
"115","GO:0030246","carbohydrate binding",272,19,6.24,0.00154,"Ahyacinthus13473-RA","Molecular Functions","C-type lectin domain family 4 member A (C-type lectin superfamily member 6) (Dendritic cell inhibitory receptor) (CD antigen CD367)","Clec4a Clecsf6 Dcir"
"116","GO:0030246","carbohydrate binding",272,19,6.24,0.00154,"Ahyacinthus15721-RA","Molecular Functions","Polycystin-1-like protein 2 (Polycystin-1L2) (PC1-like 2 protein) (Polycystic kidney disease protein 1-like 2)","Pkd1l2"
"117","GO:0030246","carbohydrate binding",272,19,6.24,0.00154,"Ahyacinthus16249-RA","Molecular Functions","Adhesion G protein-coupled receptor L1 (Calcium-independent alpha-latrotoxin receptor 1) (CIRL-1) (Latrophilin-1)","ADGRL1 LPHN1"
"118","GO:0030246","carbohydrate binding",272,19,6.24,0.00154,"Ahyacinthus17076-RA","Molecular Functions","Fucolectin-1",""
"119","GO:0030246","carbohydrate binding",272,19,6.24,0.00154,"Ahyacinthus17113-RA","Molecular Functions","Fucolectin-1",""
"120","GO:0030246","carbohydrate binding",272,19,6.24,0.00154,"Ahyacinthus17549-RA","Molecular Functions","Fucolectin-1",""
"121","GO:0030246","carbohydrate binding",272,19,6.24,0.00154,"Ahyacinthus17817-RA","Molecular Functions","Neurocan core protein (Chondroitin sulfate proteoglycan 3)","NCAN CSPG3"
"122","GO:0030246","carbohydrate binding",272,19,6.24,0.00154,"Ahyacinthus17910-RA","Molecular Functions","Fucolectin-4",""
"123","GO:0030246","carbohydrate binding",272,19,6.24,0.00154,"Ahyacinthus18591-RA","Molecular Functions","Polycystin-1-like protein 2 (Polycystin-1L2) (PC1-like 2 protein) (Polycystic kidney disease protein 1-like 2)","Pkd1l2"
"124","GO:0030246","carbohydrate binding",272,19,6.24,0.00154,"Ahyacinthus20212-RA","Molecular Functions","Polycystin-1-like protein 2 (Polycystin-1L2) (PC1-like 2 protein) (Polycystic kidney disease protein 1-like 2)","Pkd1l2"
"125","GO:0030246","carbohydrate binding",272,19,6.24,0.00154,"Ahyacinthus20215-RA","Molecular Functions","Polycystin-1-like protein 2 (Polycystin-1L2) (PC1-like 2 protein) (Polycystic kidney disease protein 1-like 2)","Pkd1l2"
"126","GO:0030246","carbohydrate binding",272,19,6.24,0.00154,"Ahyacinthus20833-RA","Molecular Functions","Polycystin-1-like protein 2 (Polycystin-1L2) (PC1-like 2 protein) (Polycystic kidney disease protein 1-like 2)","Pkd1l2"
"127","GO:0030246","carbohydrate binding",272,19,6.24,0.00154,"Ahyacinthus22578-RA","Molecular Functions","Beta-hexosaminidase (EC 3.2.1.52) (Beta-N-acetylhexosaminidase) (Chitobiase) (N-acetyl-beta-glucosaminidase)","hex"
"128","GO:1904121","phosphatidylethanolamine transfer activity",3,2,0.07,0.00155,"Ahyacinthus13524-RA","Molecular Functions","Bridge-like lipid transfer protein family member 1","bltp1 si:ch211-233a24.2"
"129","GO:1904121","phosphatidylethanolamine transfer activity",3,2,0.07,0.00155,"Ahyacinthus13526-RA","Molecular Functions","Bridge-like lipid transfer protein family member 1","bltp1 si:ch211-233a24.2"
"130","GO:0005262","calcium channel activity",221,14,5.07,0.00161,"Ahyacinthus04093-RA","Molecular Functions","Glutamate receptor 3 (GluR-3) (AMPA-selective glutamate receptor 3) (GluR-C) (GluR-K3) (Glutamate receptor ionotropic, AMPA 3)","Gria3 GluA3 Glur3"
"131","GO:0005262","calcium channel activity",221,14,5.07,0.00161,"Ahyacinthus04475-RA","Molecular Functions","Polycystin-1-like protein 2 (Polycystin-1L2) (PC1-like 2 protein) (Polycystic kidney disease protein 1-like 2)","Pkd1l2"
"132","GO:0005262","calcium channel activity",221,14,5.07,0.00161,"Ahyacinthus04476-RA","Molecular Functions","Polycystin-1-like protein 2 (Polycystin-1L2) (PC1-like 2 protein) (Polycystic kidney disease protein 1-like 2)","Pkd1l2"
"133","GO:0005262","calcium channel activity",221,14,5.07,0.00161,"Ahyacinthus10720-RA","Molecular Functions","Short transient receptor potential channel 5 (Rtrp5) (TrpC5) (Capacitative calcium entry channel 2) (CCE2)","TRPC5 TRP5"
"134","GO:0005262","calcium channel activity",221,14,5.07,0.00161,"Ahyacinthus10738-RA","Molecular Functions","Transient-receptor-potential-like protein (TRP homologous cation channel protein 1)","trp-1 strpc1 ZC21.2/ZC21.1"
"135","GO:0005262","calcium channel activity",221,14,5.07,0.00161,"Ahyacinthus10741-RA","Molecular Functions","Short transient receptor potential channel 5 (Rtrp5) (TrpC5) (Capacitative calcium entry channel 2) (CCE2)","TRPC5 TRP5"
"136","GO:0005262","calcium channel activity",221,14,5.07,0.00161,"Ahyacinthus11993-RA","Molecular Functions","Short transient receptor potential channel 4 (TrpC4) (Capacitative calcium entry channel 1) (CCE1)","TRPC4"
"137","GO:0005262","calcium channel activity",221,14,5.07,0.00161,"Ahyacinthus15721-RA","Molecular Functions","Polycystin-1-like protein 2 (Polycystin-1L2) (PC1-like 2 protein) (Polycystic kidney disease protein 1-like 2)","Pkd1l2"
"138","GO:0005262","calcium channel activity",221,14,5.07,0.00161,"Ahyacinthus18555-RA","Molecular Functions","Polycystin-2 (Curly up) (Cup) (Polycystic kidney disease 2 protein homolog) (Transient receptor potential cation channel subfamily P member 2)","pkd2"
"139","GO:0005262","calcium channel activity",221,14,5.07,0.00161,"Ahyacinthus18591-RA","Molecular Functions","Polycystin-1-like protein 2 (Polycystin-1L2) (PC1-like 2 protein) (Polycystic kidney disease protein 1-like 2)","Pkd1l2"
"140","GO:0005262","calcium channel activity",221,14,5.07,0.00161,"Ahyacinthus18672-RA","Molecular Functions","Polycystin family receptor for egg jelly (PKD and REJ homolog) (Polycystic kidney disease and receptor for egg jelly-related protein)","Pkdrej"
"141","GO:0005262","calcium channel activity",221,14,5.07,0.00161,"Ahyacinthus20212-RA","Molecular Functions","Polycystin-1-like protein 2 (Polycystin-1L2) (PC1-like 2 protein) (Polycystic kidney disease protein 1-like 2)","Pkd1l2"
"142","GO:0005262","calcium channel activity",221,14,5.07,0.00161,"Ahyacinthus20215-RA","Molecular Functions","Polycystin-1-like protein 2 (Polycystin-1L2) (PC1-like 2 protein) (Polycystic kidney disease protein 1-like 2)","Pkd1l2"
"143","GO:0005262","calcium channel activity",221,14,5.07,0.00161,"Ahyacinthus20833-RA","Molecular Functions","Polycystin-1-like protein 2 (Polycystin-1L2) (PC1-like 2 protein) (Polycystic kidney disease protein 1-like 2)","Pkd1l2"
"144","GO:0050839","cell adhesion molecule binding",372,23,8.54,0.00178,"Ahyacinthus01292-RA","Molecular Functions","Extracellular calcium-sensing receptor (CaSR) (Parathyroid cell calcium-sensing receptor) (PCaR1) (RaKCaR)","Casr Gprc2a Pcar1"
"145","GO:0050839","cell adhesion molecule binding",372,23,8.54,0.00178,"Ahyacinthus04823-RA","Molecular Functions","Hemicentin-1 (Fibulin-6) (FIBL-6)","Hmcn1"
"146","GO:0050839","cell adhesion molecule binding",372,23,8.54,0.00178,"Ahyacinthus06725-RA","Molecular Functions","Hemicentin-1 (Fibulin-6) (FIBL-6)","Hmcn1"
"147","GO:0050839","cell adhesion molecule binding",372,23,8.54,0.00178,"Ahyacinthus08175-RA","Molecular Functions","Hemicentin-1 (Fibulin-6) (FIBL-6)","Hmcn1"
"148","GO:0050839","cell adhesion molecule binding",372,23,8.54,0.00178,"Ahyacinthus10219-RA","Molecular Functions","Sushi, von Willebrand factor type A, EGF and pentraxin domain-containing protein 1","Svep1"
"149","GO:0050839","cell adhesion molecule binding",372,23,8.54,0.00178,"Ahyacinthus10546-RA","Molecular Functions","Fibronectin (FN) [Cleaved into: Anastellin]","Fn1"
"150","GO:0050839","cell adhesion molecule binding",372,23,8.54,0.00178,"Ahyacinthus12841-RA","Molecular Functions","Tight junction protein 2 (Tight junction protein ZO-2) (Zona occludens protein 2) (Zonula occludens protein 2)","Tjp2 Zo2"
"151","GO:0050839","cell adhesion molecule binding",372,23,8.54,0.00178,"Ahyacinthus14815-RA","Molecular Functions","Sushi, von Willebrand factor type A, EGF and pentraxin domain-containing protein 1 (CCP module-containing protein 22) (Polydom) (Selectin-like osteoblast-derived protein) (SEL-OB) (Serologically defined breast cancer antigen NY-BR-38)","SVEP1 C9orf13 CCP22 SELOB"
"152","GO:0050839","cell adhesion molecule binding",372,23,8.54,0.00178,"Ahyacinthus16249-RA","Molecular Functions","Adhesion G protein-coupled receptor L1 (Calcium-independent alpha-latrotoxin receptor 1) (CIRL-1) (Latrophilin-1)","ADGRL1 LPHN1"
"153","GO:0050839","cell adhesion molecule binding",372,23,8.54,0.00178,"Ahyacinthus17206-RA","Molecular Functions","Lactadherin (MFGM) (Milk fat globule-EGF factor 8) (MFG-E8) (O-acetyl GD3 ganglioside synthase) (AGS) (SED1)","Mfge8 Ags"
"154","GO:0050839","cell adhesion molecule binding",372,23,8.54,0.00178,"Ahyacinthus17546-RA","Molecular Functions","Receptor-type tyrosine-protein phosphatase mu (Protein-tyrosine phosphatase mu) (R-PTP-mu) (EC 3.1.3.48)","PTPRM PTPRL1"
"155","GO:0050839","cell adhesion molecule binding",372,23,8.54,0.00178,"Ahyacinthus17734-RA","Molecular Functions","Receptor-type tyrosine-protein phosphatase delta (Protein-tyrosine phosphatase delta) (R-PTP-delta) (EC 3.1.3.48)","Ptprd"
"156","GO:0050839","cell adhesion molecule binding",372,23,8.54,0.00178,"Ahyacinthus17818-RA","Molecular Functions","Receptor-type tyrosine-protein phosphatase F (EC 3.1.3.48) (Leukocyte common antigen related) (LAR)","Ptprf Lar"
"157","GO:0050839","cell adhesion molecule binding",372,23,8.54,0.00178,"Ahyacinthus17919-RA","Molecular Functions","Receptor-type tyrosine-protein phosphatase F (EC 3.1.3.48) (Leukocyte common antigen related) (LAR)","Ptprf Lar"
"158","GO:0050839","cell adhesion molecule binding",372,23,8.54,0.00178,"Ahyacinthus20036-RA","Molecular Functions","Sushi, von Willebrand factor type A, EGF and pentraxin domain-containing protein 1","Svep1"
"159","GO:0050839","cell adhesion molecule binding",372,23,8.54,0.00178,"Ahyacinthus20555-RA","Molecular Functions","EGF-like repeat and discoidin I-like domain-containing protein 3 (Developmentally-regulated endothelial cell locus 1 protein) (Integrin-binding protein DEL1)","EDIL3 DEL1"
"160","GO:0050839","cell adhesion molecule binding",372,23,8.54,0.00178,"Ahyacinthus20770-RA","Molecular Functions","Neuroblast differentiation-associated protein AHNAK (Desmoyokin)","AHNAK PM227"
"161","GO:0050839","cell adhesion molecule binding",372,23,8.54,0.00178,"Ahyacinthus22609-RA","Molecular Functions","Sushi, von Willebrand factor type A, EGF and pentraxin domain-containing protein 1","Svep1"
"162","GO:0050839","cell adhesion molecule binding",372,23,8.54,0.00178,"Ahyacinthus26171-RA","Molecular Functions","Sushi, von Willebrand factor type A, EGF and pentraxin domain-containing protein 1","Svep1"
"163","GO:0050839","cell adhesion molecule binding",372,23,8.54,0.00178,"Ahyacinthus26174-RA","Molecular Functions","Sushi, von Willebrand factor type A, EGF and pentraxin domain-containing protein 1","Svep1"
"164","GO:0050839","cell adhesion molecule binding",372,23,8.54,0.00178,"Ahyacinthus26179-RA","Molecular Functions","Sushi, von Willebrand factor type A, EGF and pentraxin domain-containing protein 1","Svep1"
"165","GO:0050839","cell adhesion molecule binding",372,23,8.54,0.00178,"Ahyacinthus26181-RA","Molecular Functions","Sushi, von Willebrand factor type A, EGF and pentraxin domain-containing protein 1 (CCP module-containing protein 22) (Polydom) (Selectin-like osteoblast-derived protein) (SEL-OB) (Serologically defined breast cancer antigen NY-BR-38)","SVEP1 C9orf13 CCP22 SELOB"
"166","GO:0050839","cell adhesion molecule binding",372,23,8.54,0.00178,"Ahyacinthus26182-RA","Molecular Functions","Sushi, von Willebrand factor type A, EGF and pentraxin domain-containing protein 1","Svep1"
"167","GO:0140807","NAD+-protein-glutamate ADP-ribosyltransferase activ...",25,4,0.57,0.00235,"Ahyacinthus16327-RA","Molecular Functions","Protein mono-ADP-ribosyltransferase PARP14 (EC 2.4.2.-) (ADP-ribosyltransferase diphtheria toxin-like 8) (ARTD8) (Collaborator of STAT6) (CoaSt6) (Poly [ADP-ribose] polymerase 14) (PARP-14)","Parp14 Kiaa1268"
"168","GO:0140807","NAD+-protein-glutamate ADP-ribosyltransferase activ...",25,4,0.57,0.00235,"Ahyacinthus16328-RA","Molecular Functions","Protein mono-ADP-ribosyltransferase PARP14 (EC 2.4.2.-) (ADP-ribosyltransferase diphtheria toxin-like 8) (ARTD8) (Collaborator of STAT6) (CoaSt6) (Poly [ADP-ribose] polymerase 14) (PARP-14)","Parp14 Kiaa1268"
"169","GO:0140807","NAD+-protein-glutamate ADP-ribosyltransferase activ...",25,4,0.57,0.00235,"Ahyacinthus16330-RA","Molecular Functions","Protein mono-ADP-ribosyltransferase PARP14 (EC 2.4.2.-) (ADP-ribosyltransferase diphtheria toxin-like 8) (ARTD8) (B aggressive lymphoma protein 2) (Poly [ADP-ribose] polymerase 14) (PARP-14)","PARP14 BAL2 KIAA1268"
"170","GO:0140807","NAD+-protein-glutamate ADP-ribosyltransferase activ...",25,4,0.57,0.00235,"Ahyacinthus16331-RA","Molecular Functions","Protein mono-ADP-ribosyltransferase PARP14 (EC 2.4.2.-) (ADP-ribosyltransferase diphtheria toxin-like 8) (ARTD8) (B aggressive lymphoma protein 2) (Poly [ADP-ribose] polymerase 14) (PARP-14)","PARP14 BAL2 KIAA1268"
"171","GO:0070403","NAD+ binding",26,4,0.6,0.00273,"Ahyacinthus16327-RA","Molecular Functions","Protein mono-ADP-ribosyltransferase PARP14 (EC 2.4.2.-) (ADP-ribosyltransferase diphtheria toxin-like 8) (ARTD8) (Collaborator of STAT6) (CoaSt6) (Poly [ADP-ribose] polymerase 14) (PARP-14)","Parp14 Kiaa1268"
"172","GO:0070403","NAD+ binding",26,4,0.6,0.00273,"Ahyacinthus16328-RA","Molecular Functions","Protein mono-ADP-ribosyltransferase PARP14 (EC 2.4.2.-) (ADP-ribosyltransferase diphtheria toxin-like 8) (ARTD8) (Collaborator of STAT6) (CoaSt6) (Poly [ADP-ribose] polymerase 14) (PARP-14)","Parp14 Kiaa1268"
"173","GO:0070403","NAD+ binding",26,4,0.6,0.00273,"Ahyacinthus16330-RA","Molecular Functions","Protein mono-ADP-ribosyltransferase PARP14 (EC 2.4.2.-) (ADP-ribosyltransferase diphtheria toxin-like 8) (ARTD8) (B aggressive lymphoma protein 2) (Poly [ADP-ribose] polymerase 14) (PARP-14)","PARP14 BAL2 KIAA1268"
"174","GO:0070403","NAD+ binding",26,4,0.6,0.00273,"Ahyacinthus16331-RA","Molecular Functions","Protein mono-ADP-ribosyltransferase PARP14 (EC 2.4.2.-) (ADP-ribosyltransferase diphtheria toxin-like 8) (ARTD8) (B aggressive lymphoma protein 2) (Poly [ADP-ribose] polymerase 14) (PARP-14)","PARP14 BAL2 KIAA1268"
"175","GO:0042301","phosphate ion binding",4,2,0.09,0.00306,"Ahyacinthus17818-RA","Molecular Functions","Receptor-type tyrosine-protein phosphatase F (EC 3.1.3.48) (Leukocyte common antigen related) (LAR)","Ptprf Lar"
"176","GO:0042301","phosphate ion binding",4,2,0.09,0.00306,"Ahyacinthus17919-RA","Molecular Functions","Receptor-type tyrosine-protein phosphatase F (EC 3.1.3.48) (Leukocyte common antigen related) (LAR)","Ptprf Lar"
"177","GO:0015279","store-operated calcium channel activity",28,4,0.64,0.0036,"Ahyacinthus10720-RA","Molecular Functions","Short transient receptor potential channel 5 (Rtrp5) (TrpC5) (Capacitative calcium entry channel 2) (CCE2)","TRPC5 TRP5"
"178","GO:0015279","store-operated calcium channel activity",28,4,0.64,0.0036,"Ahyacinthus10738-RA","Molecular Functions","Transient-receptor-potential-like protein (TRP homologous cation channel protein 1)","trp-1 strpc1 ZC21.2/ZC21.1"
"179","GO:0015279","store-operated calcium channel activity",28,4,0.64,0.0036,"Ahyacinthus10741-RA","Molecular Functions","Short transient receptor potential channel 5 (Rtrp5) (TrpC5) (Capacitative calcium entry channel 2) (CCE2)","TRPC5 TRP5"
"180","GO:0015279","store-operated calcium channel activity",28,4,0.64,0.0036,"Ahyacinthus11993-RA","Molecular Functions","Short transient receptor potential channel 4 (TrpC4) (Capacitative calcium entry channel 1) (CCE1)","TRPC4"
"181","GO:0003682","chromatin binding",398,18,9.14,0.00442,"Ahyacinthus01889-RA","Molecular Functions","Transcriptional adapter 2-alpha (Transcriptional adapter 2-like) (ADA2-like protein)","TADA2A TADA2L KL04P"
"182","GO:0003682","chromatin binding",398,18,9.14,0.00442,"Ahyacinthus03950-RA","Molecular Functions","Sterile alpha motif domain-containing protein 11 (SAM domain-containing protein 11) (Major retinal SAM domain-containing protein) (Mr-s)","Samd11"
"183","GO:0003682","chromatin binding",398,18,9.14,0.00442,"Ahyacinthus10219-RA","Molecular Functions","Sushi, von Willebrand factor type A, EGF and pentraxin domain-containing protein 1","Svep1"
"184","GO:0003682","chromatin binding",398,18,9.14,0.00442,"Ahyacinthus11193-RA","Molecular Functions","DNA topoisomerase 2-binding protein 1-A (Cut5 protein) (DNA topoisomerase II-binding protein 1-A) (TopBP1-A) (XtopBP)","topbp1-A cut5"
"185","GO:0003682","chromatin binding",398,18,9.14,0.00442,"Ahyacinthus13055-RA","Molecular Functions","Histone lysine acetyltransferase CREBBP (EC 2.3.1.48) (Protein lactyltransferas CREBBP) (EC 2.3.1.-) (Protein-lysine acetyltransferase CREBBP) (EC 2.3.1.-)","Crebbp Cbp"
"186","GO:0003682","chromatin binding",398,18,9.14,0.00442,"Ahyacinthus14681-RA","Molecular Functions","Neurogenic locus Notch protein [Cleaved into: Processed neurogenic locus Notch protein]","N CG3936"
"187","GO:0003682","chromatin binding",398,18,9.14,0.00442,"Ahyacinthus14815-RA","Molecular Functions","Sushi, von Willebrand factor type A, EGF and pentraxin domain-containing protein 1 (CCP module-containing protein 22) (Polydom) (Selectin-like osteoblast-derived protein) (SEL-OB) (Serologically defined breast cancer antigen NY-BR-38)","SVEP1 C9orf13 CCP22 SELOB"
"188","GO:0003682","chromatin binding",398,18,9.14,0.00442,"Ahyacinthus15099-RA","Molecular Functions","PHD finger protein 13 (Survival time-associated PHD finger protein in ovarian cancer 1) (SPOC1)","PHF13"
"189","GO:0003682","chromatin binding",398,18,9.14,0.00442,"Ahyacinthus16676-RA","Molecular Functions","DNA replication factor Cdt1 (XCDT1)","cdt1"
"190","GO:0003682","chromatin binding",398,18,9.14,0.00442,"Ahyacinthus17138-RA","Molecular Functions","SWI/SNF-related matrix-associated actin-dependent regulator of chromatin subfamily A member 2 (SAMRCA2) (EC 3.6.4.-) (BRG1-associated factor 190B) (BAF190B) (Probable global transcription activator SNF2L2) (Protein brahma homolog) (SNF2-alpha)","Smarca2 Baf190b Brm Snf2a Snf2l2"
"191","GO:0003682","chromatin binding",398,18,9.14,0.00442,"Ahyacinthus20036-RA","Molecular Functions","Sushi, von Willebrand factor type A, EGF and pentraxin domain-containing protein 1","Svep1"
"192","GO:0003682","chromatin binding",398,18,9.14,0.00442,"Ahyacinthus20229-RA","Molecular Functions","Scaffold attachment factor B1 (SAF-B1)","SAFB SAFB1"
"193","GO:0003682","chromatin binding",398,18,9.14,0.00442,"Ahyacinthus22609-RA","Molecular Functions","Sushi, von Willebrand factor type A, EGF and pentraxin domain-containing protein 1","Svep1"
"194","GO:0003682","chromatin binding",398,18,9.14,0.00442,"Ahyacinthus26171-RA","Molecular Functions","Sushi, von Willebrand factor type A, EGF and pentraxin domain-containing protein 1","Svep1"
"195","GO:0003682","chromatin binding",398,18,9.14,0.00442,"Ahyacinthus26174-RA","Molecular Functions","Sushi, von Willebrand factor type A, EGF and pentraxin domain-containing protein 1","Svep1"
"196","GO:0003682","chromatin binding",398,18,9.14,0.00442,"Ahyacinthus26179-RA","Molecular Functions","Sushi, von Willebrand factor type A, EGF and pentraxin domain-containing protein 1","Svep1"
"197","GO:0003682","chromatin binding",398,18,9.14,0.00442,"Ahyacinthus26181-RA","Molecular Functions","Sushi, von Willebrand factor type A, EGF and pentraxin domain-containing protein 1 (CCP module-containing protein 22) (Polydom) (Selectin-like osteoblast-derived protein) (SEL-OB) (Serologically defined breast cancer antigen NY-BR-38)","SVEP1 C9orf13 CCP22 SELOB"
"198","GO:0003682","chromatin binding",398,18,9.14,0.00442,"Ahyacinthus26182-RA","Molecular Functions","Sushi, von Willebrand factor type A, EGF and pentraxin domain-containing protein 1","Svep1"
"199","GO:0070679","inositol 1,4,5 trisphosphate binding",30,4,0.69,0.00465,"Ahyacinthus10720-RA","Molecular Functions","Short transient receptor potential channel 5 (Rtrp5) (TrpC5) (Capacitative calcium entry channel 2) (CCE2)","TRPC5 TRP5"
"200","GO:0070679","inositol 1,4,5 trisphosphate binding",30,4,0.69,0.00465,"Ahyacinthus10738-RA","Molecular Functions","Transient-receptor-potential-like protein (TRP homologous cation channel protein 1)","trp-1 strpc1 ZC21.2/ZC21.1"
"201","GO:0070679","inositol 1,4,5 trisphosphate binding",30,4,0.69,0.00465,"Ahyacinthus10741-RA","Molecular Functions","Short transient receptor potential channel 5 (Rtrp5) (TrpC5) (Capacitative calcium entry channel 2) (CCE2)","TRPC5 TRP5"
"202","GO:0070679","inositol 1,4,5 trisphosphate binding",30,4,0.69,0.00465,"Ahyacinthus11993-RA","Molecular Functions","Short transient receptor potential channel 4 (TrpC4) (Capacitative calcium entry channel 1) (CCE1)","TRPC4"
"203","GO:0034185","apolipoprotein binding",16,3,0.37,0.00537,"Ahyacinthus00666-RA","Molecular Functions","Low-density lipoprotein receptor-related protein 6 (LRP-6)","Lrp6"
"204","GO:0034185","apolipoprotein binding",16,3,0.37,0.00537,"Ahyacinthus10638-RA","Molecular Functions","Low-density lipoprotein receptor-related protein 4 (LRP-4) (Multiple epidermal growth factor-like domains 7)","LRP4 KIAA0816 LRP10 MEGF7"
"205","GO:0034185","apolipoprotein binding",16,3,0.37,0.00537,"Ahyacinthus24443-RA","Molecular Functions","Low-density lipoprotein receptor-related protein 4 (LRP-4) (Multiple epidermal growth factor-like domains 7)","Lrp4 Megf7"
"206","GO:0016500","protein-hormone receptor activity",18,3,0.41,0.00756,"Ahyacinthus10805-RA","Molecular Functions","Probable glycoprotein hormone G protein-coupled receptor",""
"207","GO:0016500","protein-hormone receptor activity",18,3,0.41,0.00756,"Ahyacinthus11165-RA","Molecular Functions","Gonadotropin-releasing hormone II receptor (GnRH II receptor) (GnRH-II-R) (Type II GnRH receptor)",""
"208","GO:0016500","protein-hormone receptor activity",18,3,0.41,0.00756,"Ahyacinthus15314-RA","Molecular Functions","Leucine-rich repeat-containing G protein-coupled receptor 5","lgr5"
"209","GO:0003950","NAD+ poly-ADP-ribosyltransferase activity",37,4,0.85,0.0099,"Ahyacinthus16327-RA","Molecular Functions","Protein mono-ADP-ribosyltransferase PARP14 (EC 2.4.2.-) (ADP-ribosyltransferase diphtheria toxin-like 8) (ARTD8) (Collaborator of STAT6) (CoaSt6) (Poly [ADP-ribose] polymerase 14) (PARP-14)","Parp14 Kiaa1268"
"210","GO:0003950","NAD+ poly-ADP-ribosyltransferase activity",37,4,0.85,0.0099,"Ahyacinthus16328-RA","Molecular Functions","Protein mono-ADP-ribosyltransferase PARP14 (EC 2.4.2.-) (ADP-ribosyltransferase diphtheria toxin-like 8) (ARTD8) (Collaborator of STAT6) (CoaSt6) (Poly [ADP-ribose] polymerase 14) (PARP-14)","Parp14 Kiaa1268"
"211","GO:0003950","NAD+ poly-ADP-ribosyltransferase activity",37,4,0.85,0.0099,"Ahyacinthus16330-RA","Molecular Functions","Protein mono-ADP-ribosyltransferase PARP14 (EC 2.4.2.-) (ADP-ribosyltransferase diphtheria toxin-like 8) (ARTD8) (B aggressive lymphoma protein 2) (Poly [ADP-ribose] polymerase 14) (PARP-14)","PARP14 BAL2 KIAA1268"
"212","GO:0003950","NAD+ poly-ADP-ribosyltransferase activity",37,4,0.85,0.0099,"Ahyacinthus16331-RA","Molecular Functions","Protein mono-ADP-ribosyltransferase PARP14 (EC 2.4.2.-) (ADP-ribosyltransferase diphtheria toxin-like 8) (ARTD8) (B aggressive lymphoma protein 2) (Poly [ADP-ribose] polymerase 14) (PARP-14)","PARP14 BAL2 KIAA1268"
"213","GO:0005001","transmembrane receptor protein tyrosine phosphatase...",20,3,0.46,0.01022,"Ahyacinthus17546-RA","Molecular Functions","Receptor-type tyrosine-protein phosphatase mu (Protein-tyrosine phosphatase mu) (R-PTP-mu) (EC 3.1.3.48)","PTPRM PTPRL1"
"214","GO:0005001","transmembrane receptor protein tyrosine phosphatase...",20,3,0.46,0.01022,"Ahyacinthus17818-RA","Molecular Functions","Receptor-type tyrosine-protein phosphatase F (EC 3.1.3.48) (Leukocyte common antigen related) (LAR)","Ptprf Lar"
"215","GO:0005001","transmembrane receptor protein tyrosine phosphatase...",20,3,0.46,0.01022,"Ahyacinthus17919-RA","Molecular Functions","Receptor-type tyrosine-protein phosphatase F (EC 3.1.3.48) (Leukocyte common antigen related) (LAR)","Ptprf Lar"
"216","GO:0001641","group II metabotropic glutamate receptor activity",7,2,0.16,0.01022,"Ahyacinthus00397-RA","Molecular Functions","Metabotropic glutamate receptor 3 (mGluR3)","Grm3 Gprc1c Mglur3"
"217","GO:0001641","group II metabotropic glutamate receptor activity",7,2,0.16,0.01022,"Ahyacinthus00398-RA","Molecular Functions","Metabotropic glutamate receptor 3 (mGluR3)","Grm3 Gprc1c Mglur3"
"218","GO:0019900","kinase binding",435,18,9.98,0.01127,"Ahyacinthus01292-RA","Molecular Functions","Extracellular calcium-sensing receptor (CaSR) (Parathyroid cell calcium-sensing receptor) (PCaR1) (RaKCaR)","Casr Gprc2a Pcar1"
"219","GO:0019900","kinase binding",435,18,9.98,0.01127,"Ahyacinthus08321-RA","Molecular Functions","Filamin-A (FLN-A) (Actin-binding protein 280) (ABP-280) (Alpha-filamin) (Endothelial actin-binding protein) (Filamin-1) (Non-muscle filamin)","Flna Fln Fln1"
"220","GO:0019900","kinase binding",435,18,9.98,0.01127,"Ahyacinthus08667-RA","Molecular Functions","Tetratricopeptide repeat protein 28 (TPR repeat protein 28) (TPR repeat-containing big gene cloned at Keio)","TTC28 KIAA1043 TPRBK"
"221","GO:0019900","kinase binding",435,18,9.98,0.01127,"Ahyacinthus09315-RA","Molecular Functions","Ras GTPase-activating protein 1 (GAP) (GTPase-activating protein) (RasGAP) (Ras p21 protein activator) (p120GAP)","Rasa1 Rasa"
"222","GO:0019900","kinase binding",435,18,9.98,0.01127,"Ahyacinthus09668-RA","Molecular Functions","Spatacsin (Colorectal carcinoma-associated protein) (Spastic paraplegia 11 protein)","SPG11 KIAA1840"
"223","GO:0019900","kinase binding",435,18,9.98,0.01127,"Ahyacinthus09994-RA","Molecular Functions","Tetratricopeptide repeat protein 28 (TPR repeat protein 28) (TPR repeat-containing big gene cloned at Keio)","TTC28 KIAA1043 TPRBK"
"224","GO:0019900","kinase binding",435,18,9.98,0.01127,"Ahyacinthus10638-RA","Molecular Functions","Low-density lipoprotein receptor-related protein 4 (LRP-4) (Multiple epidermal growth factor-like domains 7)","LRP4 KIAA0816 LRP10 MEGF7"
"225","GO:0019900","kinase binding",435,18,9.98,0.01127,"Ahyacinthus10766-RA","Molecular Functions","Tetratricopeptide repeat protein 28 (TPR repeat protein 28) (TPR repeat-containing big gene cloned at Keio)","TTC28 KIAA1043 TPRBK"
"226","GO:0019900","kinase binding",435,18,9.98,0.01127,"Ahyacinthus11193-RA","Molecular Functions","DNA topoisomerase 2-binding protein 1-A (Cut5 protein) (DNA topoisomerase II-binding protein 1-A) (TopBP1-A) (XtopBP)","topbp1-A cut5"
"227","GO:0019900","kinase binding",435,18,9.98,0.01127,"Ahyacinthus12841-RA","Molecular Functions","Tight junction protein 2 (Tight junction protein ZO-2) (Zona occludens protein 2) (Zonula occludens protein 2)","Tjp2 Zo2"
"228","GO:0019900","kinase binding",435,18,9.98,0.01127,"Ahyacinthus13057-RA","Molecular Functions","C-Jun-amino-terminal kinase-interacting protein 3 (JIP-3) (JNK-interacting protein 3) (JNK MAP kinase scaffold protein 3)","Mapk8ip3 Jip3"
"229","GO:0019900","kinase binding",435,18,9.98,0.01127,"Ahyacinthus17818-RA","Molecular Functions","Receptor-type tyrosine-protein phosphatase F (EC 3.1.3.48) (Leukocyte common antigen related) (LAR)","Ptprf Lar"
"230","GO:0019900","kinase binding",435,18,9.98,0.01127,"Ahyacinthus17886-RA","Molecular Functions","Tetratricopeptide repeat protein 28 (TPR repeat protein 28) (TPR repeat-containing big gene cloned at Keio)","TTC28 KIAA1043 TPRBK"
"231","GO:0019900","kinase binding",435,18,9.98,0.01127,"Ahyacinthus17919-RA","Molecular Functions","Receptor-type tyrosine-protein phosphatase F (EC 3.1.3.48) (Leukocyte common antigen related) (LAR)","Ptprf Lar"
"232","GO:0019900","kinase binding",435,18,9.98,0.01127,"Ahyacinthus23418-RA","Molecular Functions","Neurabin-1 (Neurabin-I) (Neural tissue-specific F-actin-binding protein I) (PP1bp175) (Protein phosphatase 1 regulatory subunit 9A) (p180)","Ppp1r9a"
"233","GO:0019900","kinase binding",435,18,9.98,0.01127,"Ahyacinthus23864-RA","Molecular Functions","Titin (EC 2.7.11.1) (Connectin) (Rhabdomyosarcoma antigen MU-RMS-40.14)","TTN"
"234","GO:0019900","kinase binding",435,18,9.98,0.01127,"Ahyacinthus24443-RA","Molecular Functions","Low-density lipoprotein receptor-related protein 4 (LRP-4) (Multiple epidermal growth factor-like domains 7)","Lrp4 Megf7"
"235","GO:0019900","kinase binding",435,18,9.98,0.01127,"Ahyacinthus26729-RA","Molecular Functions","Interleukin-1 receptor-associated kinase 4 (IRAK-4) (EC 2.7.11.1) (Renal carcinoma antigen NY-REN-64)","IRAK4"
"236","GO:0061630","ubiquitin protein ligase activity",370,16,8.49,0.01309,"Ahyacinthus08952-RA","Molecular Functions","E3 ubiquitin-protein ligase rnf213-beta (EC 2.3.2.27) (EC 3.6.4.-) (E3 ubiquitin-lipopolysaccharide ligase rnf213-beta) (EC 2.3.2.-) (Mysterin-B) (Mysterin-beta) (RING finger protein 213-B) (RING finger protein 213-beta)","rnf213b"
"237","GO:0061630","ubiquitin protein ligase activity",370,16,8.49,0.01309,"Ahyacinthus08953-RA","Molecular Functions","E3 ubiquitin-protein ligase rnf213-alpha (EC 2.3.2.27) (EC 3.6.4.-) (E3 ubiquitin-lipopolysaccharide ligase rnf213-alpha) (EC 2.3.2.-) (Mysterin-A) (Mysterin-alpha) (RING finger protein 213-A) (RING finger protein 213-alpha)","rnf213a"
"238","GO:0061630","ubiquitin protein ligase activity",370,16,8.49,0.01309,"Ahyacinthus10022-RA","Molecular Functions","E3 ubiquitin-protein ligase rnf213-alpha (EC 2.3.2.27) (EC 3.6.4.-) (E3 ubiquitin-lipopolysaccharide ligase rnf213-alpha) (EC 2.3.2.-) (Mysterin-A) (Mysterin-alpha) (RING finger protein 213-A) (RING finger protein 213-alpha)","rnf213a"
"239","GO:0061630","ubiquitin protein ligase activity",370,16,8.49,0.01309,"Ahyacinthus10025-RA","Molecular Functions","E3 ubiquitin-protein ligase rnf213-alpha (EC 2.3.2.27) (EC 3.6.4.-) (E3 ubiquitin-lipopolysaccharide ligase rnf213-alpha) (EC 2.3.2.-) (Mysterin-A) (Mysterin-alpha) (RING finger protein 213-A) (RING finger protein 213-alpha)","rnf213a"
"240","GO:0061630","ubiquitin protein ligase activity",370,16,8.49,0.01309,"Ahyacinthus10028-RA","Molecular Functions","E3 ubiquitin-protein ligase RNF213 (EC 2.3.2.27) (EC 3.6.4.-) (ALK lymphoma oligomerization partner on chromosome 17) (E3 ubiquitin-lipopolysaccharide ligase RNF213) (EC 2.3.2.-) (Mysterin) (RING finger protein 213)","RNF213 ALO17 C17orf27 KIAA1554 KIAA1618 MYSTR"
"241","GO:0061630","ubiquitin protein ligase activity",370,16,8.49,0.01309,"Ahyacinthus10729-RA","Molecular Functions","Probable E3 ubiquitin-protein ligase HERC4 (EC 2.3.2.26) (HECT domain and RCC1-like domain-containing protein 4) (HECT-type E3 ubiquitin transferase HERC4)","Herc4"
"242","GO:0061630","ubiquitin protein ligase activity",370,16,8.49,0.01309,"Ahyacinthus10823-RA","Molecular Functions","E3 ubiquitin-protein ligase rnf213-alpha (EC 2.3.2.27) (EC 3.6.4.-) (E3 ubiquitin-lipopolysaccharide ligase rnf213-alpha) (EC 2.3.2.-) (Mysterin-A) (Mysterin-alpha) (RING finger protein 213-A) (RING finger protein 213-alpha)","rnf213a"
"243","GO:0061630","ubiquitin protein ligase activity",370,16,8.49,0.01309,"Ahyacinthus10825-RA","Molecular Functions","E3 ubiquitin-protein ligase rnf213-alpha (EC 2.3.2.27) (EC 3.6.4.-) (E3 ubiquitin-lipopolysaccharide ligase rnf213-alpha) (EC 2.3.2.-) (Mysterin-A) (Mysterin-alpha) (RING finger protein 213-A) (RING finger protein 213-alpha)","rnf213a"
"244","GO:0061630","ubiquitin protein ligase activity",370,16,8.49,0.01309,"Ahyacinthus13626-RA","Molecular Functions","E3 ubiquitin-protein ligase TRIM71 (EC 2.3.2.27) (Protein lin-41 homolog) (RING-type E3 ubiquitin transferase TRIM71) (Tripartite motif-containing protein 71)","trim71 lin41"
"245","GO:0061630","ubiquitin protein ligase activity",370,16,8.49,0.01309,"Ahyacinthus13628-RA","Molecular Functions","E3 ubiquitin-protein ligase TRIM71 (EC 2.3.2.27) (Protein lin-41 homolog) (RING-type E3 ubiquitin transferase TRIM71) (Tripartite motif-containing protein 71)","trim71 lin41"
"246","GO:0061630","ubiquitin protein ligase activity",370,16,8.49,0.01309,"Ahyacinthus15289-RA","Molecular Functions","E3 ubiquitin-protein ligase rfwd3.S (EC 2.3.2.27) (RING finger and WD repeat domain-containing protein 3.S)","rfwd3.S XELAEV_18025010mg"
"247","GO:0061630","ubiquitin protein ligase activity",370,16,8.49,0.01309,"Ahyacinthus16634-RA","Molecular Functions","E3 ubiquitin-protein ligase TRIM71 (EC 2.3.2.27) (Protein lin-41 homolog) (RING-type E3 ubiquitin transferase TRIM71) (Tripartite motif-containing protein 71)","trim71 lin41"
"248","GO:0061630","ubiquitin protein ligase activity",370,16,8.49,0.01309,"Ahyacinthus17581-RA","Molecular Functions","E3 ubiquitin-protein ligase TRIM71 (EC 2.3.2.27) (Protein lin-41 homolog) (RING-type E3 ubiquitin transferase TRIM71) (Tripartite motif-containing protein 71)","trim71 lin41"
"249","GO:0061630","ubiquitin protein ligase activity",370,16,8.49,0.01309,"Ahyacinthus21188-RA","Molecular Functions","E3 ubiquitin-protein ligase HECTD1 (EC 2.3.2.26) (E3 ligase for inhibin receptor) (EULIR) (HECT domain-containing protein 1)","HECTD1 KIAA1131"
"250","GO:0061630","ubiquitin protein ligase activity",370,16,8.49,0.01309,"Ahyacinthus21923-RA","Molecular Functions","E3 ubiquitin-protein ligase UBR5 (EC 2.3.2.26) (E3 ubiquitin-protein ligase, HECT domain-containing 1) (Hyperplastic discs protein homolog)","Ubr5 Edd Edd1 Kiaa0896"
"251","GO:0061630","ubiquitin protein ligase activity",370,16,8.49,0.01309,"Ahyacinthus25342-RA","Molecular Functions","TNF receptor-associated factor 6 (EC 2.3.2.27) (E3 ubiquitin-protein ligase TRAF6) (RING-type E3 ubiquitin transferase TRAF6)","traf6 TNeu045k15.1"
"252","GO:0035373","chondroitin sulfate proteoglycan binding",8,2,0.18,0.01342,"Ahyacinthus17818-RA","Molecular Functions","Receptor-type tyrosine-protein phosphatase F (EC 3.1.3.48) (Leukocyte common antigen related) (LAR)","Ptprf Lar"
"253","GO:0035373","chondroitin sulfate proteoglycan binding",8,2,0.18,0.01342,"Ahyacinthus17919-RA","Molecular Functions","Receptor-type tyrosine-protein phosphatase F (EC 3.1.3.48) (Leukocyte common antigen related) (LAR)","Ptprf Lar"
"254","GO:0008046","axon guidance receptor activity",43,4,0.99,0.01662,"Ahyacinthus03823-RA","Molecular Functions","Roundabout homolog 1 (Deleted in U twenty twenty) (H-Robo-1)","ROBO1 DUTT1"
"255","GO:0008046","axon guidance receptor activity",43,4,0.99,0.01662,"Ahyacinthus04009-RA","Molecular Functions","Ephrin type-A receptor 7 (EC 2.7.10.1) (EPH homology kinase 3) (EHK-3) (EPH-like kinase 11) (EK11) (hEK11)","EPHA7 EHK3 HEK11"
"256","GO:0008046","axon guidance receptor activity",43,4,0.99,0.01662,"Ahyacinthus04016-RA","Molecular Functions","Ephrin type-B receptor 1 (EC 2.7.10.1)","Ephb1"
"257","GO:0008046","axon guidance receptor activity",43,4,0.99,0.01662,"Ahyacinthus04018-RA","Molecular Functions","Ephrin type-B receptor 3 (EC 2.7.10.1) (Developmental kinase 5) (mDK-5) (Tyrosine-protein kinase receptor SEK-4)","Ephb3 Etk2 Mdk5 Sek4"
"258","GO:0004769","steroid Delta-isomerase activity",9,2,0.21,0.01699,"Ahyacinthus07100-RA","Molecular Functions","Cholesterol oxidase (CHOX) (EC 1.1.3.6) (Cholesterol isomerase) (EC 5.3.3.1)","choxAB"
"259","GO:0004769","steroid Delta-isomerase activity",9,2,0.21,0.01699,"Ahyacinthus07148-RA","Molecular Functions","Cholesterol oxidase (CHOX) (EC 1.1.3.6) (Cholesterol isomerase) (EC 5.3.3.1)","choxAB"
"260","GO:0005545","1-phosphatidylinositol binding",9,2,0.21,0.01699,"Ahyacinthus22692-RA","Molecular Functions","WD repeat and FYVE domain-containing protein 3 (Autophagy-linked FYVE protein) (Alfy)","WDFY3 KIAA0993"
"261","GO:0005545","1-phosphatidylinositol binding",9,2,0.21,0.01699,"Ahyacinthus22693-RA","Molecular Functions","WD repeat and FYVE domain-containing protein 3 (Autophagy-linked FYVE protein) (Alfy)","WDFY3 KIAA0993"
"262","GO:0016995","cholesterol oxidase activity",9,2,0.21,0.01699,"Ahyacinthus07100-RA","Molecular Functions","Cholesterol oxidase (CHOX) (EC 1.1.3.6) (Cholesterol isomerase) (EC 5.3.3.1)","choxAB"
"263","GO:0016995","cholesterol oxidase activity",9,2,0.21,0.01699,"Ahyacinthus07148-RA","Molecular Functions","Cholesterol oxidase (CHOX) (EC 1.1.3.6) (Cholesterol isomerase) (EC 5.3.3.1)","choxAB"
"264","GO:0030275","LRR domain binding",9,2,0.21,0.01699,"Ahyacinthus01348-RA","Molecular Functions","Neural cell adhesion molecule 1 (N-CAM-1) (NCAM-1) (CD antigen CD56)","Ncam1 Ncam"
"265","GO:0030275","LRR domain binding",9,2,0.21,0.01699,"Ahyacinthus03823-RA","Molecular Functions","Roundabout homolog 1 (Deleted in U twenty twenty) (H-Robo-1)","ROBO1 DUTT1"
"266","GO:0005524","ATP binding",1676,51,38.47,0.02034,"Ahyacinthus00304-RA","Molecular Functions","Multidrug resistance-associated protein 1 (EC 7.6.2.2) (ATP-binding cassette sub-family C member 1) (Glutathione-S-conjugate-translocating ATPase ABCC1) (EC 7.6.2.3) (Leukotriene C(4) transporter) (LTC4 transporter)","ABCC1 MRP1 RCJMB04_32d20"
"267","GO:0005524","ATP binding",1676,51,38.47,0.02034,"Ahyacinthus01332-RA","Molecular Functions","Twitchin (EC 2.7.11.1) (Uncoordinated protein 22)","unc-22 ZK617.1"
"268","GO:0005524","ATP binding",1676,51,38.47,0.02034,"Ahyacinthus01426-RA","Molecular Functions","Dynein axonemal heavy chain 11 (Axonemal beta dynein heavy chain 11) (Ciliary dynein heavy chain 11)","DNAH11"
"269","GO:0005524","ATP binding",1676,51,38.47,0.02034,"Ahyacinthus01719-RA","Molecular Functions","ABC transporter B family member 1 (ABC transporter ABCB.1)","abcB1 mrpA DDB_G0293416"
"270","GO:0005524","ATP binding",1676,51,38.47,0.02034,"Ahyacinthus02902-RA","Molecular Functions","Serine/threonine-protein kinase par-1 (EC 2.7.11.1)","par-1 CBG04756"
"271","GO:0005524","ATP binding",1676,51,38.47,0.02034,"Ahyacinthus03486-RA","Molecular Functions","Cyclic GMP-AMP synthase-like receptor 2 (Sp-cGLR2) (EC 2.7.7.86)","cGLR2 MB21D2 AWC38_SpisGene17868"
"272","GO:0005524","ATP binding",1676,51,38.47,0.02034,"Ahyacinthus03987-RA","Molecular Functions","Ephrin type-B receptor 5 (EC 2.7.10.1) (EPH-like kinase 9) (EK9) (cEK9)","EPHB5 CEK9"
"273","GO:0005524","ATP binding",1676,51,38.47,0.02034,"Ahyacinthus03989-RA","Molecular Functions","Fibroblast growth factor receptor 1 (DjFgfr1) (FGFR-1) (EC 2.7.10.1) (DjPTK3)","FGFR1"
"274","GO:0005524","ATP binding",1676,51,38.47,0.02034,"Ahyacinthus04009-RA","Molecular Functions","Ephrin type-A receptor 7 (EC 2.7.10.1) (EPH homology kinase 3) (EHK-3) (EPH-like kinase 11) (EK11) (hEK11)","EPHA7 EHK3 HEK11"
"275","GO:0005524","ATP binding",1676,51,38.47,0.02034,"Ahyacinthus04013-RA","Molecular Functions","Ephrin type-B receptor 5 (EC 2.7.10.1) (EPH-like kinase 9) (EK9) (cEK9)","EPHB5 CEK9"
"276","GO:0005524","ATP binding",1676,51,38.47,0.02034,"Ahyacinthus04016-RA","Molecular Functions","Ephrin type-B receptor 1 (EC 2.7.10.1)","Ephb1"
"277","GO:0005524","ATP binding",1676,51,38.47,0.02034,"Ahyacinthus04018-RA","Molecular Functions","Ephrin type-B receptor 3 (EC 2.7.10.1) (Developmental kinase 5) (mDK-5) (Tyrosine-protein kinase receptor SEK-4)","Ephb3 Etk2 Mdk5 Sek4"
"278","GO:0005524","ATP binding",1676,51,38.47,0.02034,"Ahyacinthus04665-RA","Molecular Functions","Dynein axonemal heavy chain 8 (Axonemal beta dynein heavy chain 8) (Ciliary dynein heavy chain 8)","DNAH8"
"279","GO:0005524","ATP binding",1676,51,38.47,0.02034,"Ahyacinthus05629-RA","Molecular Functions","Tyrosine-protein kinase receptor torso (EC 2.7.10.1)","tor CG1389"
"280","GO:0005524","ATP binding",1676,51,38.47,0.02034,"Ahyacinthus06138-RA","Molecular Functions","Serine/threonine-protein kinase pim-1 (EC 2.7.11.1)","Pim1 Pim-1"
"281","GO:0005524","ATP binding",1676,51,38.47,0.02034,"Ahyacinthus06644-RA","Molecular Functions","Asparagine synthetase [glutamine-hydrolyzing] (EC 6.3.5.4) (Glutamine-dependent asparagine synthetase)","ASNS AS"
"282","GO:0005524","ATP binding",1676,51,38.47,0.02034,"Ahyacinthus07664-RA","Molecular Functions","PX domain-containing protein kinase-like protein (Modulator of Na,K-ATPase) (MONaKA)","Pxk"
"283","GO:0005524","ATP binding",1676,51,38.47,0.02034,"Ahyacinthus08952-RA","Molecular Functions","E3 ubiquitin-protein ligase rnf213-beta (EC 2.3.2.27) (EC 3.6.4.-) (E3 ubiquitin-lipopolysaccharide ligase rnf213-beta) (EC 2.3.2.-) (Mysterin-B) (Mysterin-beta) (RING finger protein 213-B) (RING finger protein 213-beta)","rnf213b"
"284","GO:0005524","ATP binding",1676,51,38.47,0.02034,"Ahyacinthus08953-RA","Molecular Functions","E3 ubiquitin-protein ligase rnf213-alpha (EC 2.3.2.27) (EC 3.6.4.-) (E3 ubiquitin-lipopolysaccharide ligase rnf213-alpha) (EC 2.3.2.-) (Mysterin-A) (Mysterin-alpha) (RING finger protein 213-A) (RING finger protein 213-alpha)","rnf213a"
"285","GO:0005524","ATP binding",1676,51,38.47,0.02034,"Ahyacinthus09564-RA","Molecular Functions","Protein NLRC3","Nlrc3"
"286","GO:0005524","ATP binding",1676,51,38.47,0.02034,"Ahyacinthus10022-RA","Molecular Functions","E3 ubiquitin-protein ligase rnf213-alpha (EC 2.3.2.27) (EC 3.6.4.-) (E3 ubiquitin-lipopolysaccharide ligase rnf213-alpha) (EC 2.3.2.-) (Mysterin-A) (Mysterin-alpha) (RING finger protein 213-A) (RING finger protein 213-alpha)","rnf213a"
"287","GO:0005524","ATP binding",1676,51,38.47,0.02034,"Ahyacinthus10025-RA","Molecular Functions","E3 ubiquitin-protein ligase rnf213-alpha (EC 2.3.2.27) (EC 3.6.4.-) (E3 ubiquitin-lipopolysaccharide ligase rnf213-alpha) (EC 2.3.2.-) (Mysterin-A) (Mysterin-alpha) (RING finger protein 213-A) (RING finger protein 213-alpha)","rnf213a"
"288","GO:0005524","ATP binding",1676,51,38.47,0.02034,"Ahyacinthus10028-RA","Molecular Functions","E3 ubiquitin-protein ligase RNF213 (EC 2.3.2.27) (EC 3.6.4.-) (ALK lymphoma oligomerization partner on chromosome 17) (E3 ubiquitin-lipopolysaccharide ligase RNF213) (EC 2.3.2.-) (Mysterin) (RING finger protein 213)","RNF213 ALO17 C17orf27 KIAA1554 KIAA1618 MYSTR"
"289","GO:0005524","ATP binding",1676,51,38.47,0.02034,"Ahyacinthus10485-RA","Molecular Functions","Epithelial discoidin domain-containing receptor 1 (Epithelial discoidin domain receptor 1) (EC 2.7.10.1) (CD167 antigen-like family member A) (Cell adhesion kinase) (Discoidin receptor tyrosine kinase) (Protein-tyrosine kinase MPK-6) (Tyrosine kinase DDR) (Tyrosine-protein kinase CAK) (CD antigen CD167a)","Ddr1 Cak Eddr1 Mpk6"
"290","GO:0005524","ATP binding",1676,51,38.47,0.02034,"Ahyacinthus10823-RA","Molecular Functions","E3 ubiquitin-protein ligase rnf213-alpha (EC 2.3.2.27) (EC 3.6.4.-) (E3 ubiquitin-lipopolysaccharide ligase rnf213-alpha) (EC 2.3.2.-) (Mysterin-A) (Mysterin-alpha) (RING finger protein 213-A) (RING finger protein 213-alpha)","rnf213a"
"291","GO:0005524","ATP binding",1676,51,38.47,0.02034,"Ahyacinthus10825-RA","Molecular Functions","E3 ubiquitin-protein ligase rnf213-alpha (EC 2.3.2.27) (EC 3.6.4.-) (E3 ubiquitin-lipopolysaccharide ligase rnf213-alpha) (EC 2.3.2.-) (Mysterin-A) (Mysterin-alpha) (RING finger protein 213-A) (RING finger protein 213-alpha)","rnf213a"
"292","GO:0005524","ATP binding",1676,51,38.47,0.02034,"Ahyacinthus10879-RA","Molecular Functions","Kinesin-like protein unc-104","unc-104 GA21168"
"293","GO:0005524","ATP binding",1676,51,38.47,0.02034,"Ahyacinthus11429-RA","Molecular Functions","Cyclic GMP-AMP synthase-like receptor 2 (Sp-cGLR2) (EC 2.7.7.86)","cGLR2 MB21D2 AWC38_SpisGene17868"
"294","GO:0005524","ATP binding",1676,51,38.47,0.02034,"Ahyacinthus13967-RA","Molecular Functions","Dynein axonemal heavy chain 7 (Axonemal beta dynein heavy chain 7) (Axonemal dynein heavy chain b) (Ciliary dynein heavy chain 7) (Dynein-like protein 7)","Dnah7 Axob Dlp7"
"295","GO:0005524","ATP binding",1676,51,38.47,0.02034,"Ahyacinthus13968-RA","Molecular Functions","Dynein axonemal heavy chain 12 (Axonemal beta dynein heavy chain 12) (Axonemal dynein heavy chain 12-like protein) (Axonemal dynein heavy chain 7-like protein) (Ciliary dynein heavy chain 12)","Dnah12 Dnah12l Dnah7l Dnahc12 Dnahc7l"
"296","GO:0005524","ATP binding",1676,51,38.47,0.02034,"Ahyacinthus14422-RA","Molecular Functions","Probable serine/threonine-protein kinase pats1 (EC 2.7.11.1) (Protein associated with the transduction of signal 1)","pats1 DDB_G0269250"
"297","GO:0005524","ATP binding",1676,51,38.47,0.02034,"Ahyacinthus16470-RA","Molecular Functions","ALK tyrosine kinase receptor (EC 2.7.10.1) (Anaplastic lymphoma kinase 2) (alk-2) (Anaplastic lymphoma kinase homolog)","alk"
"298","GO:0005524","ATP binding",1676,51,38.47,0.02034,"Ahyacinthus17138-RA","Molecular Functions","SWI/SNF-related matrix-associated actin-dependent regulator of chromatin subfamily A member 2 (SAMRCA2) (EC 3.6.4.-) (BRG1-associated factor 190B) (BAF190B) (Probable global transcription activator SNF2L2) (Protein brahma homolog) (SNF2-alpha)","Smarca2 Baf190b Brm Snf2a Snf2l2"
"299","GO:0005524","ATP binding",1676,51,38.47,0.02034,"Ahyacinthus17327-RA","Molecular Functions","Probable serine/threonine-protein kinase pats1 (EC 2.7.11.1) (Protein associated with the transduction of signal 1)","pats1 DDB_G0269250"
"300","GO:0005524","ATP binding",1676,51,38.47,0.02034,"Ahyacinthus18331-RA","Molecular Functions","Cyclic GMP-AMP synthase-like receptor 2 (Sp-cGLR2) (EC 2.7.7.86)","cGLR2 MB21D2 AWC38_SpisGene17868"
"301","GO:0005524","ATP binding",1676,51,38.47,0.02034,"Ahyacinthus22002-RA","Molecular Functions","Fibroblast growth factor receptor (SpFGFR) (EC 2.7.10.1)","FGFR"
"302","GO:0005524","ATP binding",1676,51,38.47,0.02034,"Ahyacinthus22770-RA","Molecular Functions","Angiopoietin-1 receptor (EC 2.7.10.1) (Endothelial tyrosine kinase) (Tyrosine kinase with Ig and EGF homology domains-2) (Tyrosine-protein kinase receptor TIE-2) (CD antigen CD202b)","TEK TIE-2 TIE2"
"303","GO:0005524","ATP binding",1676,51,38.47,0.02034,"Ahyacinthus22797-RA","Molecular Functions","Structural maintenance of chromosomes flexible hinge domain-containing protein 1 (SMC hinge domain-containing protein 1) (EC 3.6.1.-)","SMCHD1 KIAA0650"
"304","GO:0005524","ATP binding",1676,51,38.47,0.02034,"Ahyacinthus23668-RA","Molecular Functions","Cyclic GMP-AMP synthase-like receptor 1 (Sp-cGLR1) (Cyclic UMP-AMP synthase cGLR1) (EC 2.7.7.-)","cGLR1 mab21l2 AWC38_SpisGene15409"
"305","GO:0005524","ATP binding",1676,51,38.47,0.02034,"Ahyacinthus23864-RA","Molecular Functions","Titin (EC 2.7.11.1) (Connectin) (Rhabdomyosarcoma antigen MU-RMS-40.14)","TTN"
"306","GO:0005524","ATP binding",1676,51,38.47,0.02034,"Ahyacinthus23866-RA","Molecular Functions","Muscle M-line assembly protein unc-89 (Inactive serine/threonine-protein kinase unc-89) (Obscurin) (Uncoordinated protein 89)","unc-89 C09D1.1"
"307","GO:0005524","ATP binding",1676,51,38.47,0.02034,"Ahyacinthus24045-RA","Molecular Functions","Cyclic GMP-AMP synthase-like receptor 3 (Sp-cGLR3) (Cyclic-di-AMP synthase cGLR3) (EC 2.7.7.85)",""
"308","GO:0005524","ATP binding",1676,51,38.47,0.02034,"Ahyacinthus24740-RA","Molecular Functions","ATP-dependent DNA helicase PIF1 (EC 5.6.2.3) (DNA 5'-3' helicase PIF1) (DNA repair and recombination helicase PIF1)","pif1"
"309","GO:0005524","ATP binding",1676,51,38.47,0.02034,"Ahyacinthus24835-RA","Molecular Functions","Cyclic GMP-AMP synthase-like receptor (Pd-cGLR) (EC 2.7.7.86)","cGLR pdam_00011560"
"310","GO:0005524","ATP binding",1676,51,38.47,0.02034,"Ahyacinthus24982-RA","Molecular Functions","Protein NLRC3","Nlrc3"
"311","GO:0005524","ATP binding",1676,51,38.47,0.02034,"Ahyacinthus24998-RA","Molecular Functions","NLR family CARD domain-containing protein 3 (CARD15-like protein) (Caterpiller protein 16.2) (CLR16.2) (NACHT, LRR and CARD domains-containing protein 3) (Nucleotide-binding oligomerization domain protein 3)","NLRC3 NOD3"
"312","GO:0005524","ATP binding",1676,51,38.47,0.02034,"Ahyacinthus25762-RA","Molecular Functions","Transposon Ty3-I Gag-Pol polyprotein (Gag3-Pol3) (Transposon Ty3-2 TYA-TYB polyprotein) [Cleaved into: Capsid protein (CA) (p24); Spacer peptide p3; Nucleocapsid protein p11 (NC); Ty3 protease (PR) (EC 3.4.23.-) (p16); Spacer peptide J; Reverse transcriptase/ribonuclease H (RT) (RT-RH) (EC 2.7.7.49) (EC 2.7.7.7) (EC 3.1.26.4) (p55); Integrase p52 (IN); Integrase p49 (IN)]","TY3B-I YILWTy3-1 POL YIL082W-A"
"313","GO:0005524","ATP binding",1676,51,38.47,0.02034,"Ahyacinthus25872-RA","Molecular Functions","Protein NLRC3","Nlrc3"
"314","GO:0005524","ATP binding",1676,51,38.47,0.02034,"Ahyacinthus26194-RA","Molecular Functions","Protein NLRC3","Nlrc3"
"315","GO:0005524","ATP binding",1676,51,38.47,0.02034,"Ahyacinthus26729-RA","Molecular Functions","Interleukin-1 receptor-associated kinase 4 (IRAK-4) (EC 2.7.11.1) (Renal carcinoma antigen NY-REN-64)","IRAK4"
"316","GO:0005524","ATP binding",1676,51,38.47,0.02034,"Ahyacinthus26731-RA","Molecular Functions","NLR family CARD domain-containing protein 3 (CARD15-like protein) (Caterpiller protein 16.2) (CLR16.2) (NACHT, LRR and CARD domains-containing protein 3) (Nucleotide-binding oligomerization domain protein 3)","NLRC3 NOD3"
"317","GO:0071987","WD40-repeat domain binding",1,1,0.02,0.02295,"Ahyacinthus12543-RA","Molecular Functions","Ubiquitin carboxyl-terminal hydrolase 47 (EC 3.4.19.12) (Deubiquitinating enzyme 47) (Ubiquitin thioesterase 47) (Ubiquitin-specific-processing protease 47)","USP47"
"318","GO:0004066","asparagine synthase (glutamine-hydrolyzing) activit...",1,1,0.02,0.02295,"Ahyacinthus06644-RA","Molecular Functions","Asparagine synthetase [glutamine-hydrolyzing] (EC 6.3.5.4) (Glutamine-dependent asparagine synthetase)","ASNS AS"
"319","GO:0044017","histone H3K27 acetyltransferase activity",1,1,0.02,0.02295,"Ahyacinthus13055-RA","Molecular Functions","Histone lysine acetyltransferase CREBBP (EC 2.3.1.48) (Protein lactyltransferas CREBBP) (EC 2.3.1.-) (Protein-lysine acetyltransferase CREBBP) (EC 2.3.1.-)","Crebbp Cbp"
"320","GO:0090736","MATH domain binding",1,1,0.02,0.02295,"Ahyacinthus23866-RA","Molecular Functions","Muscle M-line assembly protein unc-89 (Inactive serine/threonine-protein kinase unc-89) (Obscurin) (Uncoordinated protein 89)","unc-89 C09D1.1"
"321","GO:0005149","interleukin-1 receptor binding",1,1,0.02,0.02295,"Ahyacinthus26729-RA","Molecular Functions","Interleukin-1 receptor-associated kinase 4 (IRAK-4) (EC 2.7.11.1) (Renal carcinoma antigen NY-REN-64)","IRAK4"
"322","GO:0005136","interleukin-4 receptor binding",1,1,0.02,0.02295,"Ahyacinthus13519-RA","Molecular Functions","Progesterone-induced-blocking factor 1 (PIBF) (Centrosomal protein of 90 kDa) (CEP90)","PIBF1 C13orf24 PIBF"
"323","GO:0106408","diadenylate cyclase activity",1,1,0.02,0.02295,"Ahyacinthus24045-RA","Molecular Functions","Cyclic GMP-AMP synthase-like receptor 3 (Sp-cGLR3) (Cyclic-di-AMP synthase cGLR3) (EC 2.7.7.85)",""
"324","GO:0043993","histone H3K18 acetyltransferase activity",1,1,0.02,0.02295,"Ahyacinthus13055-RA","Molecular Functions","Histone lysine acetyltransferase CREBBP (EC 2.3.1.48) (Protein lactyltransferas CREBBP) (EC 2.3.1.-) (Protein-lysine acetyltransferase CREBBP) (EC 2.3.1.-)","Crebbp Cbp"
"325","GO:0016230","sphingomyelin phosphodiesterase activator activity",1,1,0.02,0.02295,"Ahyacinthus16722-RA","Molecular Functions","Protein FAN (Factor associated with neutral sphingomyelinase activation) (Factor associated with N-SMase activation)","Nsmaf Fan"
"326","GO:0004938","alpha2-adrenergic receptor activity",1,1,0.02,0.02295,"Ahyacinthus11493-RA","Molecular Functions","D(1) dopamine receptor (Dopamine D1 receptor)",""
"327","GO:0005540","hyaluronic acid binding",27,3,0.62,0.0233,"Ahyacinthus05724-RA","Molecular Functions","Aggrecan core protein (Cartilage-specific proteoglycan core protein) (CSPCP)","ACAN AGC1"
"328","GO:0005540","hyaluronic acid binding",27,3,0.62,0.0233,"Ahyacinthus12463-RA","Molecular Functions","Versican core protein (Chondroitin sulfate proteoglycan core protein 2) (Chondroitin sulfate proteoglycan 2) (Large fibroblast proteoglycan) (PG-M)","VCAN CSPG2"
"329","GO:0005540","hyaluronic acid binding",27,3,0.62,0.0233,"Ahyacinthus17817-RA","Molecular Functions","Neurocan core protein (Chondroitin sulfate proteoglycan 3)","NCAN CSPG3"
"330","GO:0004714","transmembrane receptor protein tyrosine kinase acti...",103,11,2.36,0.02915,"Ahyacinthus03987-RA","Molecular Functions","Ephrin type-B receptor 5 (EC 2.7.10.1) (EPH-like kinase 9) (EK9) (cEK9)","EPHB5 CEK9"
"331","GO:0004714","transmembrane receptor protein tyrosine kinase acti...",103,11,2.36,0.02915,"Ahyacinthus03989-RA","Molecular Functions","Fibroblast growth factor receptor 1 (DjFgfr1) (FGFR-1) (EC 2.7.10.1) (DjPTK3)","FGFR1"
"332","GO:0004714","transmembrane receptor protein tyrosine kinase acti...",103,11,2.36,0.02915,"Ahyacinthus04009-RA","Molecular Functions","Ephrin type-A receptor 7 (EC 2.7.10.1) (EPH homology kinase 3) (EHK-3) (EPH-like kinase 11) (EK11) (hEK11)","EPHA7 EHK3 HEK11"
"333","GO:0004714","transmembrane receptor protein tyrosine kinase acti...",103,11,2.36,0.02915,"Ahyacinthus04013-RA","Molecular Functions","Ephrin type-B receptor 5 (EC 2.7.10.1) (EPH-like kinase 9) (EK9) (cEK9)","EPHB5 CEK9"
"334","GO:0004714","transmembrane receptor protein tyrosine kinase acti...",103,11,2.36,0.02915,"Ahyacinthus04016-RA","Molecular Functions","Ephrin type-B receptor 1 (EC 2.7.10.1)","Ephb1"
"335","GO:0004714","transmembrane receptor protein tyrosine kinase acti...",103,11,2.36,0.02915,"Ahyacinthus04018-RA","Molecular Functions","Ephrin type-B receptor 3 (EC 2.7.10.1) (Developmental kinase 5) (mDK-5) (Tyrosine-protein kinase receptor SEK-4)","Ephb3 Etk2 Mdk5 Sek4"
"336","GO:0004714","transmembrane receptor protein tyrosine kinase acti...",103,11,2.36,0.02915,"Ahyacinthus05629-RA","Molecular Functions","Tyrosine-protein kinase receptor torso (EC 2.7.10.1)","tor CG1389"
"337","GO:0004714","transmembrane receptor protein tyrosine kinase acti...",103,11,2.36,0.02915,"Ahyacinthus10485-RA","Molecular Functions","Epithelial discoidin domain-containing receptor 1 (Epithelial discoidin domain receptor 1) (EC 2.7.10.1) (CD167 antigen-like family member A) (Cell adhesion kinase) (Discoidin receptor tyrosine kinase) (Protein-tyrosine kinase MPK-6) (Tyrosine kinase DDR) (Tyrosine-protein kinase CAK) (CD antigen CD167a)","Ddr1 Cak Eddr1 Mpk6"
"338","GO:0004714","transmembrane receptor protein tyrosine kinase acti...",103,11,2.36,0.02915,"Ahyacinthus16470-RA","Molecular Functions","ALK tyrosine kinase receptor (EC 2.7.10.1) (Anaplastic lymphoma kinase 2) (alk-2) (Anaplastic lymphoma kinase homolog)","alk"
"339","GO:0004714","transmembrane receptor protein tyrosine kinase acti...",103,11,2.36,0.02915,"Ahyacinthus22002-RA","Molecular Functions","Fibroblast growth factor receptor (SpFGFR) (EC 2.7.10.1)","FGFR"
"340","GO:0004714","transmembrane receptor protein tyrosine kinase acti...",103,11,2.36,0.02915,"Ahyacinthus22770-RA","Molecular Functions","Angiopoietin-1 receptor (EC 2.7.10.1) (Endothelial tyrosine kinase) (Tyrosine kinase with Ig and EGF homology domains-2) (Tyrosine-protein kinase receptor TIE-2) (CD antigen CD202b)","TEK TIE-2 TIE2"
"341","GO:0097110","scaffold protein binding",51,4,1.17,0.02922,"Ahyacinthus00397-RA","Molecular Functions","Metabotropic glutamate receptor 3 (mGluR3)","Grm3 Gprc1c Mglur3"
"342","GO:0097110","scaffold protein binding",51,4,1.17,0.02922,"Ahyacinthus00398-RA","Molecular Functions","Metabotropic glutamate receptor 3 (mGluR3)","Grm3 Gprc1c Mglur3"
"343","GO:0097110","scaffold protein binding",51,4,1.17,0.02922,"Ahyacinthus10638-RA","Molecular Functions","Low-density lipoprotein receptor-related protein 4 (LRP-4) (Multiple epidermal growth factor-like domains 7)","LRP4 KIAA0816 LRP10 MEGF7"
"344","GO:0097110","scaffold protein binding",51,4,1.17,0.02922,"Ahyacinthus24443-RA","Molecular Functions","Low-density lipoprotein receptor-related protein 4 (LRP-4) (Multiple epidermal growth factor-like domains 7)","Lrp4 Megf7"
"345","GO:0005158","insulin receptor binding",12,2,0.28,0.02977,"Ahyacinthus17818-RA","Molecular Functions","Receptor-type tyrosine-protein phosphatase F (EC 3.1.3.48) (Leukocyte common antigen related) (LAR)","Ptprf Lar"
"346","GO:0005158","insulin receptor binding",12,2,0.28,0.02977,"Ahyacinthus17919-RA","Molecular Functions","Receptor-type tyrosine-protein phosphatase F (EC 3.1.3.48) (Leukocyte common antigen related) (LAR)","Ptprf Lar"
"347","GO:0015026","coreceptor activity",30,3,0.69,0.03077,"Ahyacinthus00666-RA","Molecular Functions","Low-density lipoprotein receptor-related protein 6 (LRP-6)","Lrp6"
"348","GO:0015026","coreceptor activity",30,3,0.69,0.03077,"Ahyacinthus10638-RA","Molecular Functions","Low-density lipoprotein receptor-related protein 4 (LRP-4) (Multiple epidermal growth factor-like domains 7)","LRP4 KIAA0816 LRP10 MEGF7"
"349","GO:0015026","coreceptor activity",30,3,0.69,0.03077,"Ahyacinthus24443-RA","Molecular Functions","Low-density lipoprotein receptor-related protein 4 (LRP-4) (Multiple epidermal growth factor-like domains 7)","Lrp4 Megf7"
"350","GO:0097493","structural molecule activity conferring elasticity",13,2,0.3,0.03466,"Ahyacinthus20770-RA","Molecular Functions","Neuroblast differentiation-associated protein AHNAK (Desmoyokin)","AHNAK PM227"
"351","GO:0097493","structural molecule activity conferring elasticity",13,2,0.3,0.03466,"Ahyacinthus23864-RA","Molecular Functions","Titin (EC 2.7.11.1) (Connectin) (Rhabdomyosarcoma antigen MU-RMS-40.14)","TTN"
"352","GO:0008569","minus-end-directed microtubule motor activity",54,4,1.24,0.03508,"Ahyacinthus01426-RA","Molecular Functions","Dynein axonemal heavy chain 11 (Axonemal beta dynein heavy chain 11) (Ciliary dynein heavy chain 11)","DNAH11"
"353","GO:0008569","minus-end-directed microtubule motor activity",54,4,1.24,0.03508,"Ahyacinthus04665-RA","Molecular Functions","Dynein axonemal heavy chain 8 (Axonemal beta dynein heavy chain 8) (Ciliary dynein heavy chain 8)","DNAH8"
"354","GO:0008569","minus-end-directed microtubule motor activity",54,4,1.24,0.03508,"Ahyacinthus13967-RA","Molecular Functions","Dynein axonemal heavy chain 7 (Axonemal beta dynein heavy chain 7) (Axonemal dynein heavy chain b) (Ciliary dynein heavy chain 7) (Dynein-like protein 7)","Dnah7 Axob Dlp7"
"355","GO:0008569","minus-end-directed microtubule motor activity",54,4,1.24,0.03508,"Ahyacinthus13968-RA","Molecular Functions","Dynein axonemal heavy chain 12 (Axonemal beta dynein heavy chain 12) (Axonemal dynein heavy chain 12-like protein) (Axonemal dynein heavy chain 7-like protein) (Ciliary dynein heavy chain 12)","Dnah12 Dnah12l Dnah7l Dnahc12 Dnahc7l"
"356","GO:0015485","cholesterol binding",32,3,0.73,0.03636,"Ahyacinthus21367-RA","Molecular Functions","SID1 transmembrane family member 1","SIDT1"
"357","GO:0015485","cholesterol binding",32,3,0.73,0.03636,"Ahyacinthus21370-RA","Molecular Functions","SID1 transmembrane family member 1","SIDT1"
"358","GO:0015485","cholesterol binding",32,3,0.73,0.03636,"Ahyacinthus21371-RA","Molecular Functions","SID1 transmembrane family member 1","SIDT1"
"359","GO:0004438","phosphatidylinositol-3-phosphate phosphatase activi...",14,2,0.32,0.03984,"Ahyacinthus14422-RA","Molecular Functions","Probable serine/threonine-protein kinase pats1 (EC 2.7.11.1) (Protein associated with the transduction of signal 1)","pats1 DDB_G0269250"
"360","GO:0004438","phosphatidylinositol-3-phosphate phosphatase activi...",14,2,0.32,0.03984,"Ahyacinthus17327-RA","Molecular Functions","Probable serine/threonine-protein kinase pats1 (EC 2.7.11.1) (Protein associated with the transduction of signal 1)","pats1 DDB_G0269250"
"361","GO:0019902","phosphatase binding",116,4,2.66,0.04275,"Ahyacinthus01348-RA","Molecular Functions","Neural cell adhesion molecule 1 (N-CAM-1) (NCAM-1) (CD antigen CD56)","Ncam1 Ncam"
"362","GO:0019902","phosphatase binding",116,4,2.66,0.04275,"Ahyacinthus16486-RA","Molecular Functions","Centrosomal protein of 192 kDa (Cep192) (Cep192/SPD-2)","CEP192 KIAA1569 PP8407"
"363","GO:0019902","phosphatase binding",116,4,2.66,0.04275,"Ahyacinthus23418-RA","Molecular Functions","Neurabin-1 (Neurabin-I) (Neural tissue-specific F-actin-binding protein I) (PP1bp175) (Protein phosphatase 1 regulatory subunit 9A) (p180)","Ppp1r9a"
"364","GO:0019902","phosphatase binding",116,4,2.66,0.04275,"Ahyacinthus23866-RA","Molecular Functions","Muscle M-line assembly protein unc-89 (Inactive serine/threonine-protein kinase unc-89) (Obscurin) (Uncoordinated protein 89)","unc-89 C09D1.1"
"365","GO:0004500","dopamine beta-monooxygenase activity",15,2,0.34,0.04528,"Ahyacinthus03883-RA","Molecular Functions","DBH-like monooxygenase protein 1 (EC 1.14.17.-) (DBH-related protein) (Monooxygenase X)","Moxd1 Dbhr Mox"
"366","GO:0004500","dopamine beta-monooxygenase activity",15,2,0.34,0.04528,"Ahyacinthus21000-RA","Molecular Functions","DBH-like monooxygenase protein 1 (EC 1.14.17.-) (DBH-related protein) (Monooxygenase X)","Moxd1 Dbhr Mox"
"367","GO:0140825","lactoperoxidase activity",2,1,0.05,0.04538,"Ahyacinthus02986-RA","Molecular Functions","Chorion peroxidase (EC 1.11.1.7) (Peroxinectin-related protein) (Dpxt)","Pxt CG7660"
"368","GO:0000703","oxidized pyrimidine nucleobase lesion DNA N-glycosy...",2,1,0.05,0.04538,"Ahyacinthus18272-RA","Molecular Functions","Endonuclease III-like protein 1 (EC 3.2.2.-) (EC 4.2.99.18) (Bifunctional DNA N-glycosylase/DNA-(apurinic or apyrimidinic site) lyase) (DNA glycosylase/AP lyase)","NTHL1"
"369","GO:0034988","Fc-gamma receptor I complex binding",2,1,0.05,0.04538,"Ahyacinthus08321-RA","Molecular Functions","Filamin-A (FLN-A) (Actin-binding protein 280) (ABP-280) (Alpha-filamin) (Endothelial actin-binding protein) (Filamin-1) (Non-muscle filamin)","Flna Fln Fln1"
"370","GO:0004951","cholecystokinin receptor activity",2,1,0.05,0.04538,"Ahyacinthus13989-RA","Molecular Functions","Cholecystokinin receptor type A (CCK-A receptor) (CCK-AR) (Cholecystokinin-1 receptor) (CCK1-R)","Cckar"
"371","GO:0050265","RNA uridylyltransferase activity",2,1,0.05,0.04538,"Ahyacinthus17840-RA","Molecular Functions","Terminal uridylyltransferase 4 (TUTase 4) (EC 2.7.7.52) (Zinc finger CCHC domain-containing protein 11)","TUT4 KIAA0191 ZCCHC11"
"372","GO:0016524","latrotoxin receptor activity",2,1,0.05,0.04538,"Ahyacinthus16249-RA","Molecular Functions","Adhesion G protein-coupled receptor L1 (Calcium-independent alpha-latrotoxin receptor 1) (CIRL-1) (Latrophilin-1)","ADGRL1 LPHN1"
"373","GO:0120300","peptide lactyltransferase (CoA-dependent) activity",2,1,0.05,0.04538,"Ahyacinthus13055-RA","Molecular Functions","Histone lysine acetyltransferase CREBBP (EC 2.3.1.48) (Protein lactyltransferas CREBBP) (EC 2.3.1.-) (Protein-lysine acetyltransferase CREBBP) (EC 2.3.1.-)","Crebbp Cbp"
"374","GO:0004252","serine-type endopeptidase activity",144,7,3.31,0.04823,"Ahyacinthus00025-RA","Molecular Functions","Chymotrypsinogen B (EC 3.4.21.1) [Cleaved into: Chymotrypsin B chain A; Chymotrypsin B chain B; Chymotrypsin B chain C]","CTRB1 CTRB"
"375","GO:0004252","serine-type endopeptidase activity",144,7,3.31,0.04823,"Ahyacinthus05097-RA","Molecular Functions","PC3-like endoprotease variant A (EC 3.4.21.-) (SPC3)",""
"376","GO:0004252","serine-type endopeptidase activity",144,7,3.31,0.04823,"Ahyacinthus11823-RA","Molecular Functions","CUB and peptidase domain-containing protein 1",""
"377","GO:0004252","serine-type endopeptidase activity",144,7,3.31,0.04823,"Ahyacinthus12338-RA","Molecular Functions","Neurotrypsin (EC 3.4.21.-) (Brain-specific serine protease 3) (BSSP-3) (Motopsin) (Serine protease 12)","Prss12 Bssp3"
"378","GO:0004252","serine-type endopeptidase activity",144,7,3.31,0.04823,"Ahyacinthus13458-RA","Molecular Functions","CUB and peptidase domain-containing protein 1",""
"379","GO:0004252","serine-type endopeptidase activity",144,7,3.31,0.04823,"Ahyacinthus15086-RA","Molecular Functions","CUB and peptidase domain-containing protein 1",""
"380","GO:0004252","serine-type endopeptidase activity",144,7,3.31,0.04823,"Ahyacinthus20724-RA","Molecular Functions","CUB and peptidase domain-containing protein 1",""
"381","GO:0003725","double-stranded RNA binding",60,4,1.38,0.04869,"Ahyacinthus21367-RA","Molecular Functions","SID1 transmembrane family member 1","SIDT1"
"382","GO:0003725","double-stranded RNA binding",60,4,1.38,0.04869,"Ahyacinthus21370-RA","Molecular Functions","SID1 transmembrane family member 1","SIDT1"
"383","GO:0003725","double-stranded RNA binding",60,4,1.38,0.04869,"Ahyacinthus21371-RA","Molecular Functions","SID1 transmembrane family member 1","SIDT1"
"384","GO:0003725","double-stranded RNA binding",60,4,1.38,0.04869,"Ahyacinthus23668-RA","Molecular Functions","Cyclic GMP-AMP synthase-like receptor 1 (Sp-cGLR1) (Cyclic UMP-AMP synthase cGLR1) (EC 2.7.7.-)","cGLR1 mab21l2 AWC38_SpisGene15409"
"385","GO:0051959","dynein light intermediate chain binding",60,4,1.38,0.04869,"Ahyacinthus01426-RA","Molecular Functions","Dynein axonemal heavy chain 11 (Axonemal beta dynein heavy chain 11) (Ciliary dynein heavy chain 11)","DNAH11"
"386","GO:0051959","dynein light intermediate chain binding",60,4,1.38,0.04869,"Ahyacinthus04665-RA","Molecular Functions","Dynein axonemal heavy chain 8 (Axonemal beta dynein heavy chain 8) (Ciliary dynein heavy chain 8)","DNAH8"
"387","GO:0051959","dynein light intermediate chain binding",60,4,1.38,0.04869,"Ahyacinthus13967-RA","Molecular Functions","Dynein axonemal heavy chain 7 (Axonemal beta dynein heavy chain 7) (Axonemal dynein heavy chain b) (Ciliary dynein heavy chain 7) (Dynein-like protein 7)","Dnah7 Axob Dlp7"
"388","GO:0051959","dynein light intermediate chain binding",60,4,1.38,0.04869,"Ahyacinthus13968-RA","Molecular Functions","Dynein axonemal heavy chain 12 (Axonemal beta dynein heavy chain 12) (Axonemal dynein heavy chain 12-like protein) (Axonemal dynein heavy chain 7-like protein) (Ciliary dynein heavy chain 12)","Dnah12 Dnah12l Dnah7l Dnahc12 Dnahc7l"
"389","GO:2000051","negative regulation of non-canonical Wnt signaling ...",15,8,0.34,3.3e-10,"Ahyacinthus00666-RA","Biological Processes","Low-density lipoprotein receptor-related protein 6 (LRP-6)","Lrp6"
"390","GO:2000051","negative regulation of non-canonical Wnt signaling ...",15,8,0.34,3.3e-10,"Ahyacinthus08952-RA","Biological Processes","E3 ubiquitin-protein ligase rnf213-beta (EC 2.3.2.27) (EC 3.6.4.-) (E3 ubiquitin-lipopolysaccharide ligase rnf213-beta) (EC 2.3.2.-) (Mysterin-B) (Mysterin-beta) (RING finger protein 213-B) (RING finger protein 213-beta)","rnf213b"
"391","GO:2000051","negative regulation of non-canonical Wnt signaling ...",15,8,0.34,3.3e-10,"Ahyacinthus08953-RA","Biological Processes","E3 ubiquitin-protein ligase rnf213-alpha (EC 2.3.2.27) (EC 3.6.4.-) (E3 ubiquitin-lipopolysaccharide ligase rnf213-alpha) (EC 2.3.2.-) (Mysterin-A) (Mysterin-alpha) (RING finger protein 213-A) (RING finger protein 213-alpha)","rnf213a"
"392","GO:2000051","negative regulation of non-canonical Wnt signaling ...",15,8,0.34,3.3e-10,"Ahyacinthus10022-RA","Biological Processes","E3 ubiquitin-protein ligase rnf213-alpha (EC 2.3.2.27) (EC 3.6.4.-) (E3 ubiquitin-lipopolysaccharide ligase rnf213-alpha) (EC 2.3.2.-) (Mysterin-A) (Mysterin-alpha) (RING finger protein 213-A) (RING finger protein 213-alpha)","rnf213a"
"393","GO:2000051","negative regulation of non-canonical Wnt signaling ...",15,8,0.34,3.3e-10,"Ahyacinthus10025-RA","Biological Processes","E3 ubiquitin-protein ligase rnf213-alpha (EC 2.3.2.27) (EC 3.6.4.-) (E3 ubiquitin-lipopolysaccharide ligase rnf213-alpha) (EC 2.3.2.-) (Mysterin-A) (Mysterin-alpha) (RING finger protein 213-A) (RING finger protein 213-alpha)","rnf213a"
"394","GO:2000051","negative regulation of non-canonical Wnt signaling ...",15,8,0.34,3.3e-10,"Ahyacinthus10028-RA","Biological Processes","E3 ubiquitin-protein ligase RNF213 (EC 2.3.2.27) (EC 3.6.4.-) (ALK lymphoma oligomerization partner on chromosome 17) (E3 ubiquitin-lipopolysaccharide ligase RNF213) (EC 2.3.2.-) (Mysterin) (RING finger protein 213)","RNF213 ALO17 C17orf27 KIAA1554 KIAA1618 MYSTR"
"395","GO:2000051","negative regulation of non-canonical Wnt signaling ...",15,8,0.34,3.3e-10,"Ahyacinthus10823-RA","Biological Processes","E3 ubiquitin-protein ligase rnf213-alpha (EC 2.3.2.27) (EC 3.6.4.-) (E3 ubiquitin-lipopolysaccharide ligase rnf213-alpha) (EC 2.3.2.-) (Mysterin-A) (Mysterin-alpha) (RING finger protein 213-A) (RING finger protein 213-alpha)","rnf213a"
"396","GO:2000051","negative regulation of non-canonical Wnt signaling ...",15,8,0.34,3.3e-10,"Ahyacinthus10825-RA","Biological Processes","E3 ubiquitin-protein ligase rnf213-alpha (EC 2.3.2.27) (EC 3.6.4.-) (E3 ubiquitin-lipopolysaccharide ligase rnf213-alpha) (EC 2.3.2.-) (Mysterin-A) (Mysterin-alpha) (RING finger protein 213-A) (RING finger protein 213-alpha)","rnf213a"
"397","GO:0120323","lipid ubiquitination",11,7,0.25,8.2e-10,"Ahyacinthus08952-RA","Biological Processes","E3 ubiquitin-protein ligase rnf213-beta (EC 2.3.2.27) (EC 3.6.4.-) (E3 ubiquitin-lipopolysaccharide ligase rnf213-beta) (EC 2.3.2.-) (Mysterin-B) (Mysterin-beta) (RING finger protein 213-B) (RING finger protein 213-beta)","rnf213b"
"398","GO:0120323","lipid ubiquitination",11,7,0.25,8.2e-10,"Ahyacinthus08953-RA","Biological Processes","E3 ubiquitin-protein ligase rnf213-alpha (EC 2.3.2.27) (EC 3.6.4.-) (E3 ubiquitin-lipopolysaccharide ligase rnf213-alpha) (EC 2.3.2.-) (Mysterin-A) (Mysterin-alpha) (RING finger protein 213-A) (RING finger protein 213-alpha)","rnf213a"
"399","GO:0120323","lipid ubiquitination",11,7,0.25,8.2e-10,"Ahyacinthus10022-RA","Biological Processes","E3 ubiquitin-protein ligase rnf213-alpha (EC 2.3.2.27) (EC 3.6.4.-) (E3 ubiquitin-lipopolysaccharide ligase rnf213-alpha) (EC 2.3.2.-) (Mysterin-A) (Mysterin-alpha) (RING finger protein 213-A) (RING finger protein 213-alpha)","rnf213a"
"400","GO:0120323","lipid ubiquitination",11,7,0.25,8.2e-10,"Ahyacinthus10025-RA","Biological Processes","E3 ubiquitin-protein ligase rnf213-alpha (EC 2.3.2.27) (EC 3.6.4.-) (E3 ubiquitin-lipopolysaccharide ligase rnf213-alpha) (EC 2.3.2.-) (Mysterin-A) (Mysterin-alpha) (RING finger protein 213-A) (RING finger protein 213-alpha)","rnf213a"
"401","GO:0120323","lipid ubiquitination",11,7,0.25,8.2e-10,"Ahyacinthus10028-RA","Biological Processes","E3 ubiquitin-protein ligase RNF213 (EC 2.3.2.27) (EC 3.6.4.-) (ALK lymphoma oligomerization partner on chromosome 17) (E3 ubiquitin-lipopolysaccharide ligase RNF213) (EC 2.3.2.-) (Mysterin) (RING finger protein 213)","RNF213 ALO17 C17orf27 KIAA1554 KIAA1618 MYSTR"
"402","GO:0120323","lipid ubiquitination",11,7,0.25,8.2e-10,"Ahyacinthus10823-RA","Biological Processes","E3 ubiquitin-protein ligase rnf213-alpha (EC 2.3.2.27) (EC 3.6.4.-) (E3 ubiquitin-lipopolysaccharide ligase rnf213-alpha) (EC 2.3.2.-) (Mysterin-A) (Mysterin-alpha) (RING finger protein 213-A) (RING finger protein 213-alpha)","rnf213a"
"403","GO:0120323","lipid ubiquitination",11,7,0.25,8.2e-10,"Ahyacinthus10825-RA","Biological Processes","E3 ubiquitin-protein ligase rnf213-alpha (EC 2.3.2.27) (EC 3.6.4.-) (E3 ubiquitin-lipopolysaccharide ligase rnf213-alpha) (EC 2.3.2.-) (Mysterin-A) (Mysterin-alpha) (RING finger protein 213-A) (RING finger protein 213-alpha)","rnf213a"
"404","GO:0140042","lipid droplet formation",17,8,0.38,1.2e-09,"Ahyacinthus08952-RA","Biological Processes","E3 ubiquitin-protein ligase rnf213-beta (EC 2.3.2.27) (EC 3.6.4.-) (E3 ubiquitin-lipopolysaccharide ligase rnf213-beta) (EC 2.3.2.-) (Mysterin-B) (Mysterin-beta) (RING finger protein 213-B) (RING finger protein 213-beta)","rnf213b"
"405","GO:0140042","lipid droplet formation",17,8,0.38,1.2e-09,"Ahyacinthus08953-RA","Biological Processes","E3 ubiquitin-protein ligase rnf213-alpha (EC 2.3.2.27) (EC 3.6.4.-) (E3 ubiquitin-lipopolysaccharide ligase rnf213-alpha) (EC 2.3.2.-) (Mysterin-A) (Mysterin-alpha) (RING finger protein 213-A) (RING finger protein 213-alpha)","rnf213a"
"406","GO:0140042","lipid droplet formation",17,8,0.38,1.2e-09,"Ahyacinthus10022-RA","Biological Processes","E3 ubiquitin-protein ligase rnf213-alpha (EC 2.3.2.27) (EC 3.6.4.-) (E3 ubiquitin-lipopolysaccharide ligase rnf213-alpha) (EC 2.3.2.-) (Mysterin-A) (Mysterin-alpha) (RING finger protein 213-A) (RING finger protein 213-alpha)","rnf213a"
"407","GO:0140042","lipid droplet formation",17,8,0.38,1.2e-09,"Ahyacinthus10025-RA","Biological Processes","E3 ubiquitin-protein ligase rnf213-alpha (EC 2.3.2.27) (EC 3.6.4.-) (E3 ubiquitin-lipopolysaccharide ligase rnf213-alpha) (EC 2.3.2.-) (Mysterin-A) (Mysterin-alpha) (RING finger protein 213-A) (RING finger protein 213-alpha)","rnf213a"
"408","GO:0140042","lipid droplet formation",17,8,0.38,1.2e-09,"Ahyacinthus10028-RA","Biological Processes","E3 ubiquitin-protein ligase RNF213 (EC 2.3.2.27) (EC 3.6.4.-) (ALK lymphoma oligomerization partner on chromosome 17) (E3 ubiquitin-lipopolysaccharide ligase RNF213) (EC 2.3.2.-) (Mysterin) (RING finger protein 213)","RNF213 ALO17 C17orf27 KIAA1554 KIAA1618 MYSTR"
"409","GO:0140042","lipid droplet formation",17,8,0.38,1.2e-09,"Ahyacinthus10823-RA","Biological Processes","E3 ubiquitin-protein ligase rnf213-alpha (EC 2.3.2.27) (EC 3.6.4.-) (E3 ubiquitin-lipopolysaccharide ligase rnf213-alpha) (EC 2.3.2.-) (Mysterin-A) (Mysterin-alpha) (RING finger protein 213-A) (RING finger protein 213-alpha)","rnf213a"
"410","GO:0140042","lipid droplet formation",17,8,0.38,1.2e-09,"Ahyacinthus10825-RA","Biological Processes","E3 ubiquitin-protein ligase rnf213-alpha (EC 2.3.2.27) (EC 3.6.4.-) (E3 ubiquitin-lipopolysaccharide ligase rnf213-alpha) (EC 2.3.2.-) (Mysterin-A) (Mysterin-alpha) (RING finger protein 213-A) (RING finger protein 213-alpha)","rnf213a"
"411","GO:0140042","lipid droplet formation",17,8,0.38,1.2e-09,"Ahyacinthus21078-RA","Biological Processes","Seipin (Bernardinelli-Seip congenital lipodystrophy type 2 protein homolog)","BSCL2"
"412","GO:0010572","positive regulation of platelet activation",33,10,0.74,1.6e-09,"Ahyacinthus08321-RA","Biological Processes","Filamin-A (FLN-A) (Actin-binding protein 280) (ABP-280) (Alpha-filamin) (Endothelial actin-binding protein) (Filamin-1) (Non-muscle filamin)","Flna Fln Fln1"
"413","GO:0010572","positive regulation of platelet activation",33,10,0.74,1.6e-09,"Ahyacinthus10219-RA","Biological Processes","Sushi, von Willebrand factor type A, EGF and pentraxin domain-containing protein 1","Svep1"
"414","GO:0010572","positive regulation of platelet activation",33,10,0.74,1.6e-09,"Ahyacinthus14815-RA","Biological Processes","Sushi, von Willebrand factor type A, EGF and pentraxin domain-containing protein 1 (CCP module-containing protein 22) (Polydom) (Selectin-like osteoblast-derived protein) (SEL-OB) (Serologically defined breast cancer antigen NY-BR-38)","SVEP1 C9orf13 CCP22 SELOB"
"415","GO:0010572","positive regulation of platelet activation",33,10,0.74,1.6e-09,"Ahyacinthus20036-RA","Biological Processes","Sushi, von Willebrand factor type A, EGF and pentraxin domain-containing protein 1","Svep1"
"416","GO:0010572","positive regulation of platelet activation",33,10,0.74,1.6e-09,"Ahyacinthus22609-RA","Biological Processes","Sushi, von Willebrand factor type A, EGF and pentraxin domain-containing protein 1","Svep1"
"417","GO:0010572","positive regulation of platelet activation",33,10,0.74,1.6e-09,"Ahyacinthus26171-RA","Biological Processes","Sushi, von Willebrand factor type A, EGF and pentraxin domain-containing protein 1","Svep1"
"418","GO:0010572","positive regulation of platelet activation",33,10,0.74,1.6e-09,"Ahyacinthus26174-RA","Biological Processes","Sushi, von Willebrand factor type A, EGF and pentraxin domain-containing protein 1","Svep1"
"419","GO:0010572","positive regulation of platelet activation",33,10,0.74,1.6e-09,"Ahyacinthus26179-RA","Biological Processes","Sushi, von Willebrand factor type A, EGF and pentraxin domain-containing protein 1","Svep1"
"420","GO:0010572","positive regulation of platelet activation",33,10,0.74,1.6e-09,"Ahyacinthus26181-RA","Biological Processes","Sushi, von Willebrand factor type A, EGF and pentraxin domain-containing protein 1 (CCP module-containing protein 22) (Polydom) (Selectin-like osteoblast-derived protein) (SEL-OB) (Serologically defined breast cancer antigen NY-BR-38)","SVEP1 C9orf13 CCP22 SELOB"
"421","GO:0010572","positive regulation of platelet activation",33,10,0.74,1.6e-09,"Ahyacinthus26182-RA","Biological Processes","Sushi, von Willebrand factor type A, EGF and pentraxin domain-containing protein 1","Svep1"
"422","GO:0098792","xenophagy",15,7,0.34,1.5e-08,"Ahyacinthus08952-RA","Biological Processes","E3 ubiquitin-protein ligase rnf213-beta (EC 2.3.2.27) (EC 3.6.4.-) (E3 ubiquitin-lipopolysaccharide ligase rnf213-beta) (EC 2.3.2.-) (Mysterin-B) (Mysterin-beta) (RING finger protein 213-B) (RING finger protein 213-beta)","rnf213b"
"423","GO:0098792","xenophagy",15,7,0.34,1.5e-08,"Ahyacinthus08953-RA","Biological Processes","E3 ubiquitin-protein ligase rnf213-alpha (EC 2.3.2.27) (EC 3.6.4.-) (E3 ubiquitin-lipopolysaccharide ligase rnf213-alpha) (EC 2.3.2.-) (Mysterin-A) (Mysterin-alpha) (RING finger protein 213-A) (RING finger protein 213-alpha)","rnf213a"
"424","GO:0098792","xenophagy",15,7,0.34,1.5e-08,"Ahyacinthus10022-RA","Biological Processes","E3 ubiquitin-protein ligase rnf213-alpha (EC 2.3.2.27) (EC 3.6.4.-) (E3 ubiquitin-lipopolysaccharide ligase rnf213-alpha) (EC 2.3.2.-) (Mysterin-A) (Mysterin-alpha) (RING finger protein 213-A) (RING finger protein 213-alpha)","rnf213a"
"425","GO:0098792","xenophagy",15,7,0.34,1.5e-08,"Ahyacinthus10025-RA","Biological Processes","E3 ubiquitin-protein ligase rnf213-alpha (EC 2.3.2.27) (EC 3.6.4.-) (E3 ubiquitin-lipopolysaccharide ligase rnf213-alpha) (EC 2.3.2.-) (Mysterin-A) (Mysterin-alpha) (RING finger protein 213-A) (RING finger protein 213-alpha)","rnf213a"
"426","GO:0098792","xenophagy",15,7,0.34,1.5e-08,"Ahyacinthus10028-RA","Biological Processes","E3 ubiquitin-protein ligase RNF213 (EC 2.3.2.27) (EC 3.6.4.-) (ALK lymphoma oligomerization partner on chromosome 17) (E3 ubiquitin-lipopolysaccharide ligase RNF213) (EC 2.3.2.-) (Mysterin) (RING finger protein 213)","RNF213 ALO17 C17orf27 KIAA1554 KIAA1618 MYSTR"
"427","GO:0098792","xenophagy",15,7,0.34,1.5e-08,"Ahyacinthus10823-RA","Biological Processes","E3 ubiquitin-protein ligase rnf213-alpha (EC 2.3.2.27) (EC 3.6.4.-) (E3 ubiquitin-lipopolysaccharide ligase rnf213-alpha) (EC 2.3.2.-) (Mysterin-A) (Mysterin-alpha) (RING finger protein 213-A) (RING finger protein 213-alpha)","rnf213a"
"428","GO:0098792","xenophagy",15,7,0.34,1.5e-08,"Ahyacinthus10825-RA","Biological Processes","E3 ubiquitin-protein ligase rnf213-alpha (EC 2.3.2.27) (EC 3.6.4.-) (E3 ubiquitin-lipopolysaccharide ligase rnf213-alpha) (EC 2.3.2.-) (Mysterin-A) (Mysterin-alpha) (RING finger protein 213-A) (RING finger protein 213-alpha)","rnf213a"
"429","GO:0045906","negative regulation of vasoconstriction",33,9,0.74,3.1e-08,"Ahyacinthus10219-RA","Biological Processes","Sushi, von Willebrand factor type A, EGF and pentraxin domain-containing protein 1","Svep1"
"430","GO:0045906","negative regulation of vasoconstriction",33,9,0.74,3.1e-08,"Ahyacinthus14815-RA","Biological Processes","Sushi, von Willebrand factor type A, EGF and pentraxin domain-containing protein 1 (CCP module-containing protein 22) (Polydom) (Selectin-like osteoblast-derived protein) (SEL-OB) (Serologically defined breast cancer antigen NY-BR-38)","SVEP1 C9orf13 CCP22 SELOB"
"431","GO:0045906","negative regulation of vasoconstriction",33,9,0.74,3.1e-08,"Ahyacinthus20036-RA","Biological Processes","Sushi, von Willebrand factor type A, EGF and pentraxin domain-containing protein 1","Svep1"
"432","GO:0045906","negative regulation of vasoconstriction",33,9,0.74,3.1e-08,"Ahyacinthus22609-RA","Biological Processes","Sushi, von Willebrand factor type A, EGF and pentraxin domain-containing protein 1","Svep1"
"433","GO:0045906","negative regulation of vasoconstriction",33,9,0.74,3.1e-08,"Ahyacinthus26171-RA","Biological Processes","Sushi, von Willebrand factor type A, EGF and pentraxin domain-containing protein 1","Svep1"
"434","GO:0045906","negative regulation of vasoconstriction",33,9,0.74,3.1e-08,"Ahyacinthus26174-RA","Biological Processes","Sushi, von Willebrand factor type A, EGF and pentraxin domain-containing protein 1","Svep1"
"435","GO:0045906","negative regulation of vasoconstriction",33,9,0.74,3.1e-08,"Ahyacinthus26179-RA","Biological Processes","Sushi, von Willebrand factor type A, EGF and pentraxin domain-containing protein 1","Svep1"
"436","GO:0045906","negative regulation of vasoconstriction",33,9,0.74,3.1e-08,"Ahyacinthus26181-RA","Biological Processes","Sushi, von Willebrand factor type A, EGF and pentraxin domain-containing protein 1 (CCP module-containing protein 22) (Polydom) (Selectin-like osteoblast-derived protein) (SEL-OB) (Serologically defined breast cancer antigen NY-BR-38)","SVEP1 C9orf13 CCP22 SELOB"
"437","GO:0045906","negative regulation of vasoconstriction",33,9,0.74,3.1e-08,"Ahyacinthus26182-RA","Biological Processes","Sushi, von Willebrand factor type A, EGF and pentraxin domain-containing protein 1","Svep1"
"438","GO:0048014","Tie signaling pathway",28,8,0.63,1.2e-07,"Ahyacinthus10219-RA","Biological Processes","Sushi, von Willebrand factor type A, EGF and pentraxin domain-containing protein 1","Svep1"
"439","GO:0048014","Tie signaling pathway",28,8,0.63,1.2e-07,"Ahyacinthus20036-RA","Biological Processes","Sushi, von Willebrand factor type A, EGF and pentraxin domain-containing protein 1","Svep1"
"440","GO:0048014","Tie signaling pathway",28,8,0.63,1.2e-07,"Ahyacinthus22609-RA","Biological Processes","Sushi, von Willebrand factor type A, EGF and pentraxin domain-containing protein 1","Svep1"
"441","GO:0048014","Tie signaling pathway",28,8,0.63,1.2e-07,"Ahyacinthus22770-RA","Biological Processes","Angiopoietin-1 receptor (EC 2.7.10.1) (Endothelial tyrosine kinase) (Tyrosine kinase with Ig and EGF homology domains-2) (Tyrosine-protein kinase receptor TIE-2) (CD antigen CD202b)","TEK TIE-2 TIE2"
"442","GO:0048014","Tie signaling pathway",28,8,0.63,1.2e-07,"Ahyacinthus26171-RA","Biological Processes","Sushi, von Willebrand factor type A, EGF and pentraxin domain-containing protein 1","Svep1"
"443","GO:0048014","Tie signaling pathway",28,8,0.63,1.2e-07,"Ahyacinthus26174-RA","Biological Processes","Sushi, von Willebrand factor type A, EGF and pentraxin domain-containing protein 1","Svep1"
"444","GO:0048014","Tie signaling pathway",28,8,0.63,1.2e-07,"Ahyacinthus26179-RA","Biological Processes","Sushi, von Willebrand factor type A, EGF and pentraxin domain-containing protein 1","Svep1"
"445","GO:0048014","Tie signaling pathway",28,8,0.63,1.2e-07,"Ahyacinthus26182-RA","Biological Processes","Sushi, von Willebrand factor type A, EGF and pentraxin domain-containing protein 1","Svep1"
"446","GO:0031099","regeneration",121,15,2.72,1.4e-07,"Ahyacinthus08321-RA","Biological Processes","Filamin-A (FLN-A) (Actin-binding protein 280) (ABP-280) (Alpha-filamin) (Endothelial actin-binding protein) (Filamin-1) (Non-muscle filamin)","Flna Fln Fln1"
"447","GO:0031099","regeneration",121,15,2.72,1.4e-07,"Ahyacinthus08698-RA","Biological Processes","Immunoglobulin superfamily member 10 (IgSF10) (Calvaria mechanical force protein 608) (CMF608)","Igsf10 Cmf608"
"448","GO:0031099","regeneration",121,15,2.72,1.4e-07,"Ahyacinthus10219-RA","Biological Processes","Sushi, von Willebrand factor type A, EGF and pentraxin domain-containing protein 1","Svep1"
"449","GO:0031099","regeneration",121,15,2.72,1.4e-07,"Ahyacinthus13057-RA","Biological Processes","C-Jun-amino-terminal kinase-interacting protein 3 (JIP-3) (JNK-interacting protein 3) (JNK MAP kinase scaffold protein 3)","Mapk8ip3 Jip3"
"450","GO:0031099","regeneration",121,15,2.72,1.4e-07,"Ahyacinthus13989-RA","Biological Processes","Cholecystokinin receptor type A (CCK-A receptor) (CCK-AR) (Cholecystokinin-1 receptor) (CCK1-R)","Cckar"
"451","GO:0031099","regeneration",121,15,2.72,1.4e-07,"Ahyacinthus17545-RA","Biological Processes","Receptor-type tyrosine-protein phosphatase S (R-PTP-S) (EC 3.1.3.48) (Receptor-type tyrosine-protein phosphatase sigma) (R-PTP-sigma)","PTPRS"
"452","GO:0031099","regeneration",121,15,2.72,1.4e-07,"Ahyacinthus17818-RA","Biological Processes","Receptor-type tyrosine-protein phosphatase F (EC 3.1.3.48) (Leukocyte common antigen related) (LAR)","Ptprf Lar"
"453","GO:0031099","regeneration",121,15,2.72,1.4e-07,"Ahyacinthus17919-RA","Biological Processes","Receptor-type tyrosine-protein phosphatase F (EC 3.1.3.48) (Leukocyte common antigen related) (LAR)","Ptprf Lar"
"454","GO:0031099","regeneration",121,15,2.72,1.4e-07,"Ahyacinthus20036-RA","Biological Processes","Sushi, von Willebrand factor type A, EGF and pentraxin domain-containing protein 1","Svep1"
"455","GO:0031099","regeneration",121,15,2.72,1.4e-07,"Ahyacinthus22609-RA","Biological Processes","Sushi, von Willebrand factor type A, EGF and pentraxin domain-containing protein 1","Svep1"
"456","GO:0031099","regeneration",121,15,2.72,1.4e-07,"Ahyacinthus22633-RA","Biological Processes","Protein Wnt-8b","wnt8b wnt-8b"
"457","GO:0031099","regeneration",121,15,2.72,1.4e-07,"Ahyacinthus26171-RA","Biological Processes","Sushi, von Willebrand factor type A, EGF and pentraxin domain-containing protein 1","Svep1"
"458","GO:0031099","regeneration",121,15,2.72,1.4e-07,"Ahyacinthus26174-RA","Biological Processes","Sushi, von Willebrand factor type A, EGF and pentraxin domain-containing protein 1","Svep1"
"459","GO:0031099","regeneration",121,15,2.72,1.4e-07,"Ahyacinthus26179-RA","Biological Processes","Sushi, von Willebrand factor type A, EGF and pentraxin domain-containing protein 1","Svep1"
"460","GO:0031099","regeneration",121,15,2.72,1.4e-07,"Ahyacinthus26182-RA","Biological Processes","Sushi, von Willebrand factor type A, EGF and pentraxin domain-containing protein 1","Svep1"
"461","GO:0036303","lymph vessel morphogenesis",50,10,1.12,1.9e-07,"Ahyacinthus10219-RA","Biological Processes","Sushi, von Willebrand factor type A, EGF and pentraxin domain-containing protein 1","Svep1"
"462","GO:0036303","lymph vessel morphogenesis",50,10,1.12,1.9e-07,"Ahyacinthus14815-RA","Biological Processes","Sushi, von Willebrand factor type A, EGF and pentraxin domain-containing protein 1 (CCP module-containing protein 22) (Polydom) (Selectin-like osteoblast-derived protein) (SEL-OB) (Serologically defined breast cancer antigen NY-BR-38)","SVEP1 C9orf13 CCP22 SELOB"
"463","GO:0036303","lymph vessel morphogenesis",50,10,1.12,1.9e-07,"Ahyacinthus18555-RA","Biological Processes","Polycystin-2 (Curly up) (Cup) (Polycystic kidney disease 2 protein homolog) (Transient receptor potential cation channel subfamily P member 2)","pkd2"
"464","GO:0036303","lymph vessel morphogenesis",50,10,1.12,1.9e-07,"Ahyacinthus20036-RA","Biological Processes","Sushi, von Willebrand factor type A, EGF and pentraxin domain-containing protein 1","Svep1"
"465","GO:0036303","lymph vessel morphogenesis",50,10,1.12,1.9e-07,"Ahyacinthus22609-RA","Biological Processes","Sushi, von Willebrand factor type A, EGF and pentraxin domain-containing protein 1","Svep1"
"466","GO:0036303","lymph vessel morphogenesis",50,10,1.12,1.9e-07,"Ahyacinthus26171-RA","Biological Processes","Sushi, von Willebrand factor type A, EGF and pentraxin domain-containing protein 1","Svep1"
"467","GO:0036303","lymph vessel morphogenesis",50,10,1.12,1.9e-07,"Ahyacinthus26174-RA","Biological Processes","Sushi, von Willebrand factor type A, EGF and pentraxin domain-containing protein 1","Svep1"
"468","GO:0036303","lymph vessel morphogenesis",50,10,1.12,1.9e-07,"Ahyacinthus26179-RA","Biological Processes","Sushi, von Willebrand factor type A, EGF and pentraxin domain-containing protein 1","Svep1"
"469","GO:0036303","lymph vessel morphogenesis",50,10,1.12,1.9e-07,"Ahyacinthus26181-RA","Biological Processes","Sushi, von Willebrand factor type A, EGF and pentraxin domain-containing protein 1 (CCP module-containing protein 22) (Polydom) (Selectin-like osteoblast-derived protein) (SEL-OB) (Serologically defined breast cancer antigen NY-BR-38)","SVEP1 C9orf13 CCP22 SELOB"
"470","GO:0036303","lymph vessel morphogenesis",50,10,1.12,1.9e-07,"Ahyacinthus26182-RA","Biological Processes","Sushi, von Willebrand factor type A, EGF and pentraxin domain-containing protein 1","Svep1"
"471","GO:0003017","lymph circulation",22,7,0.49,3.4e-07,"Ahyacinthus10219-RA","Biological Processes","Sushi, von Willebrand factor type A, EGF and pentraxin domain-containing protein 1","Svep1"
"472","GO:0003017","lymph circulation",22,7,0.49,3.4e-07,"Ahyacinthus20036-RA","Biological Processes","Sushi, von Willebrand factor type A, EGF and pentraxin domain-containing protein 1","Svep1"
"473","GO:0003017","lymph circulation",22,7,0.49,3.4e-07,"Ahyacinthus22609-RA","Biological Processes","Sushi, von Willebrand factor type A, EGF and pentraxin domain-containing protein 1","Svep1"
"474","GO:0003017","lymph circulation",22,7,0.49,3.4e-07,"Ahyacinthus26171-RA","Biological Processes","Sushi, von Willebrand factor type A, EGF and pentraxin domain-containing protein 1","Svep1"
"475","GO:0003017","lymph circulation",22,7,0.49,3.4e-07,"Ahyacinthus26174-RA","Biological Processes","Sushi, von Willebrand factor type A, EGF and pentraxin domain-containing protein 1","Svep1"
"476","GO:0003017","lymph circulation",22,7,0.49,3.4e-07,"Ahyacinthus26179-RA","Biological Processes","Sushi, von Willebrand factor type A, EGF and pentraxin domain-containing protein 1","Svep1"
"477","GO:0003017","lymph circulation",22,7,0.49,3.4e-07,"Ahyacinthus26182-RA","Biological Processes","Sushi, von Willebrand factor type A, EGF and pentraxin domain-containing protein 1","Svep1"
"478","GO:0032688","negative regulation of interferon-beta production",39,8,0.88,2e-06,"Ahyacinthus09564-RA","Biological Processes","Protein NLRC3","Nlrc3"
"479","GO:0032688","negative regulation of interferon-beta production",39,8,0.88,2e-06,"Ahyacinthus13055-RA","Biological Processes","Histone lysine acetyltransferase CREBBP (EC 2.3.1.48) (Protein lactyltransferas CREBBP) (EC 2.3.1.-) (Protein-lysine acetyltransferase CREBBP) (EC 2.3.1.-)","Crebbp Cbp"
"480","GO:0032688","negative regulation of interferon-beta production",39,8,0.88,2e-06,"Ahyacinthus17545-RA","Biological Processes","Receptor-type tyrosine-protein phosphatase S (R-PTP-S) (EC 3.1.3.48) (Receptor-type tyrosine-protein phosphatase sigma) (R-PTP-sigma)","PTPRS"
"481","GO:0032688","negative regulation of interferon-beta production",39,8,0.88,2e-06,"Ahyacinthus24982-RA","Biological Processes","Protein NLRC3","Nlrc3"
"482","GO:0032688","negative regulation of interferon-beta production",39,8,0.88,2e-06,"Ahyacinthus24998-RA","Biological Processes","NLR family CARD domain-containing protein 3 (CARD15-like protein) (Caterpiller protein 16.2) (CLR16.2) (NACHT, LRR and CARD domains-containing protein 3) (Nucleotide-binding oligomerization domain protein 3)","NLRC3 NOD3"
"483","GO:0032688","negative regulation of interferon-beta production",39,8,0.88,2e-06,"Ahyacinthus25872-RA","Biological Processes","Protein NLRC3","Nlrc3"
"484","GO:0032688","negative regulation of interferon-beta production",39,8,0.88,2e-06,"Ahyacinthus26194-RA","Biological Processes","Protein NLRC3","Nlrc3"
"485","GO:0032688","negative regulation of interferon-beta production",39,8,0.88,2e-06,"Ahyacinthus26731-RA","Biological Processes","NLR family CARD domain-containing protein 3 (CARD15-like protein) (Caterpiller protein 16.2) (CLR16.2) (NACHT, LRR and CARD domains-containing protein 3) (Nucleotide-binding oligomerization domain protein 3)","NLRC3 NOD3"
"486","GO:0042532","negative regulation of tyrosine phosphorylation of ...",11,5,0.25,2.3e-06,"Ahyacinthus13519-RA","Biological Processes","Progesterone-induced-blocking factor 1 (PIBF) (Centrosomal protein of 90 kDa) (CEP90)","PIBF1 C13orf24 PIBF"
"487","GO:0042532","negative regulation of tyrosine phosphorylation of ...",11,5,0.25,2.3e-06,"Ahyacinthus16327-RA","Biological Processes","Protein mono-ADP-ribosyltransferase PARP14 (EC 2.4.2.-) (ADP-ribosyltransferase diphtheria toxin-like 8) (ARTD8) (Collaborator of STAT6) (CoaSt6) (Poly [ADP-ribose] polymerase 14) (PARP-14)","Parp14 Kiaa1268"
"488","GO:0042532","negative regulation of tyrosine phosphorylation of ...",11,5,0.25,2.3e-06,"Ahyacinthus16328-RA","Biological Processes","Protein mono-ADP-ribosyltransferase PARP14 (EC 2.4.2.-) (ADP-ribosyltransferase diphtheria toxin-like 8) (ARTD8) (Collaborator of STAT6) (CoaSt6) (Poly [ADP-ribose] polymerase 14) (PARP-14)","Parp14 Kiaa1268"
"489","GO:0042532","negative regulation of tyrosine phosphorylation of ...",11,5,0.25,2.3e-06,"Ahyacinthus16330-RA","Biological Processes","Protein mono-ADP-ribosyltransferase PARP14 (EC 2.4.2.-) (ADP-ribosyltransferase diphtheria toxin-like 8) (ARTD8) (B aggressive lymphoma protein 2) (Poly [ADP-ribose] polymerase 14) (PARP-14)","PARP14 BAL2 KIAA1268"
"490","GO:0042532","negative regulation of tyrosine phosphorylation of ...",11,5,0.25,2.3e-06,"Ahyacinthus16331-RA","Biological Processes","Protein mono-ADP-ribosyltransferase PARP14 (EC 2.4.2.-) (ADP-ribosyltransferase diphtheria toxin-like 8) (ARTD8) (B aggressive lymphoma protein 2) (Poly [ADP-ribose] polymerase 14) (PARP-14)","PARP14 BAL2 KIAA1268"
"491","GO:0042531","positive regulation of tyrosine phosphorylation of ...",13,5,0.29,6.1e-06,"Ahyacinthus13519-RA","Biological Processes","Progesterone-induced-blocking factor 1 (PIBF) (Centrosomal protein of 90 kDa) (CEP90)","PIBF1 C13orf24 PIBF"
"492","GO:0042531","positive regulation of tyrosine phosphorylation of ...",13,5,0.29,6.1e-06,"Ahyacinthus16327-RA","Biological Processes","Protein mono-ADP-ribosyltransferase PARP14 (EC 2.4.2.-) (ADP-ribosyltransferase diphtheria toxin-like 8) (ARTD8) (Collaborator of STAT6) (CoaSt6) (Poly [ADP-ribose] polymerase 14) (PARP-14)","Parp14 Kiaa1268"
"493","GO:0042531","positive regulation of tyrosine phosphorylation of ...",13,5,0.29,6.1e-06,"Ahyacinthus16328-RA","Biological Processes","Protein mono-ADP-ribosyltransferase PARP14 (EC 2.4.2.-) (ADP-ribosyltransferase diphtheria toxin-like 8) (ARTD8) (Collaborator of STAT6) (CoaSt6) (Poly [ADP-ribose] polymerase 14) (PARP-14)","Parp14 Kiaa1268"
"494","GO:0042531","positive regulation of tyrosine phosphorylation of ...",13,5,0.29,6.1e-06,"Ahyacinthus16330-RA","Biological Processes","Protein mono-ADP-ribosyltransferase PARP14 (EC 2.4.2.-) (ADP-ribosyltransferase diphtheria toxin-like 8) (ARTD8) (B aggressive lymphoma protein 2) (Poly [ADP-ribose] polymerase 14) (PARP-14)","PARP14 BAL2 KIAA1268"
"495","GO:0042531","positive regulation of tyrosine phosphorylation of ...",13,5,0.29,6.1e-06,"Ahyacinthus16331-RA","Biological Processes","Protein mono-ADP-ribosyltransferase PARP14 (EC 2.4.2.-) (ADP-ribosyltransferase diphtheria toxin-like 8) (ARTD8) (B aggressive lymphoma protein 2) (Poly [ADP-ribose] polymerase 14) (PARP-14)","PARP14 BAL2 KIAA1268"
"496","GO:0032687","negative regulation of interferon-alpha production",34,7,0.76,8.6e-06,"Ahyacinthus09564-RA","Biological Processes","Protein NLRC3","Nlrc3"
"497","GO:0032687","negative regulation of interferon-alpha production",34,7,0.76,8.6e-06,"Ahyacinthus17545-RA","Biological Processes","Receptor-type tyrosine-protein phosphatase S (R-PTP-S) (EC 3.1.3.48) (Receptor-type tyrosine-protein phosphatase sigma) (R-PTP-sigma)","PTPRS"
"498","GO:0032687","negative regulation of interferon-alpha production",34,7,0.76,8.6e-06,"Ahyacinthus24982-RA","Biological Processes","Protein NLRC3","Nlrc3"
"499","GO:0032687","negative regulation of interferon-alpha production",34,7,0.76,8.6e-06,"Ahyacinthus24998-RA","Biological Processes","NLR family CARD domain-containing protein 3 (CARD15-like protein) (Caterpiller protein 16.2) (CLR16.2) (NACHT, LRR and CARD domains-containing protein 3) (Nucleotide-binding oligomerization domain protein 3)","NLRC3 NOD3"
"500","GO:0032687","negative regulation of interferon-alpha production",34,7,0.76,8.6e-06,"Ahyacinthus25872-RA","Biological Processes","Protein NLRC3","Nlrc3"
"501","GO:0032687","negative regulation of interferon-alpha production",34,7,0.76,8.6e-06,"Ahyacinthus26194-RA","Biological Processes","Protein NLRC3","Nlrc3"
"502","GO:0032687","negative regulation of interferon-alpha production",34,7,0.76,8.6e-06,"Ahyacinthus26731-RA","Biological Processes","NLR family CARD domain-containing protein 3 (CARD15-like protein) (Caterpiller protein 16.2) (CLR16.2) (NACHT, LRR and CARD domains-containing protein 3) (Nucleotide-binding oligomerization domain protein 3)","NLRC3 NOD3"
"503","GO:0002040","sprouting angiogenesis",87,10,1.95,1.2e-05,"Ahyacinthus03823-RA","Biological Processes","Roundabout homolog 1 (Deleted in U twenty twenty) (H-Robo-1)","ROBO1 DUTT1"
"504","GO:0002040","sprouting angiogenesis",87,10,1.95,1.2e-05,"Ahyacinthus08952-RA","Biological Processes","E3 ubiquitin-protein ligase rnf213-beta (EC 2.3.2.27) (EC 3.6.4.-) (E3 ubiquitin-lipopolysaccharide ligase rnf213-beta) (EC 2.3.2.-) (Mysterin-B) (Mysterin-beta) (RING finger protein 213-B) (RING finger protein 213-beta)","rnf213b"
"505","GO:0002040","sprouting angiogenesis",87,10,1.95,1.2e-05,"Ahyacinthus08953-RA","Biological Processes","E3 ubiquitin-protein ligase rnf213-alpha (EC 2.3.2.27) (EC 3.6.4.-) (E3 ubiquitin-lipopolysaccharide ligase rnf213-alpha) (EC 2.3.2.-) (Mysterin-A) (Mysterin-alpha) (RING finger protein 213-A) (RING finger protein 213-alpha)","rnf213a"
"506","GO:0002040","sprouting angiogenesis",87,10,1.95,1.2e-05,"Ahyacinthus10022-RA","Biological Processes","E3 ubiquitin-protein ligase rnf213-alpha (EC 2.3.2.27) (EC 3.6.4.-) (E3 ubiquitin-lipopolysaccharide ligase rnf213-alpha) (EC 2.3.2.-) (Mysterin-A) (Mysterin-alpha) (RING finger protein 213-A) (RING finger protein 213-alpha)","rnf213a"
"507","GO:0002040","sprouting angiogenesis",87,10,1.95,1.2e-05,"Ahyacinthus10025-RA","Biological Processes","E3 ubiquitin-protein ligase rnf213-alpha (EC 2.3.2.27) (EC 3.6.4.-) (E3 ubiquitin-lipopolysaccharide ligase rnf213-alpha) (EC 2.3.2.-) (Mysterin-A) (Mysterin-alpha) (RING finger protein 213-A) (RING finger protein 213-alpha)","rnf213a"
"508","GO:0002040","sprouting angiogenesis",87,10,1.95,1.2e-05,"Ahyacinthus10028-RA","Biological Processes","E3 ubiquitin-protein ligase RNF213 (EC 2.3.2.27) (EC 3.6.4.-) (ALK lymphoma oligomerization partner on chromosome 17) (E3 ubiquitin-lipopolysaccharide ligase RNF213) (EC 2.3.2.-) (Mysterin) (RING finger protein 213)","RNF213 ALO17 C17orf27 KIAA1554 KIAA1618 MYSTR"
"509","GO:0002040","sprouting angiogenesis",87,10,1.95,1.2e-05,"Ahyacinthus10823-RA","Biological Processes","E3 ubiquitin-protein ligase rnf213-alpha (EC 2.3.2.27) (EC 3.6.4.-) (E3 ubiquitin-lipopolysaccharide ligase rnf213-alpha) (EC 2.3.2.-) (Mysterin-A) (Mysterin-alpha) (RING finger protein 213-A) (RING finger protein 213-alpha)","rnf213a"
"510","GO:0002040","sprouting angiogenesis",87,10,1.95,1.2e-05,"Ahyacinthus10825-RA","Biological Processes","E3 ubiquitin-protein ligase rnf213-alpha (EC 2.3.2.27) (EC 3.6.4.-) (E3 ubiquitin-lipopolysaccharide ligase rnf213-alpha) (EC 2.3.2.-) (Mysterin-A) (Mysterin-alpha) (RING finger protein 213-A) (RING finger protein 213-alpha)","rnf213a"
"511","GO:0002040","sprouting angiogenesis",87,10,1.95,1.2e-05,"Ahyacinthus10988-RA","Biological Processes","Lysyl oxidase homolog 2 (EC 1.4.3.13) (Lysyl oxidase-like protein 2)","Loxl2"
"512","GO:0002040","sprouting angiogenesis",87,10,1.95,1.2e-05,"Ahyacinthus22770-RA","Biological Processes","Angiopoietin-1 receptor (EC 2.7.10.1) (Endothelial tyrosine kinase) (Tyrosine kinase with Ig and EGF homology domains-2) (Tyrosine-protein kinase receptor TIE-2) (CD antigen CD202b)","TEK TIE-2 TIE2"
"513","GO:0032695","negative regulation of interleukin-12 production",15,5,0.34,1.4e-05,"Ahyacinthus09564-RA","Biological Processes","Protein NLRC3","Nlrc3"
"514","GO:0032695","negative regulation of interleukin-12 production",15,5,0.34,1.4e-05,"Ahyacinthus13519-RA","Biological Processes","Progesterone-induced-blocking factor 1 (PIBF) (Centrosomal protein of 90 kDa) (CEP90)","PIBF1 C13orf24 PIBF"
"515","GO:0032695","negative regulation of interleukin-12 production",15,5,0.34,1.4e-05,"Ahyacinthus24982-RA","Biological Processes","Protein NLRC3","Nlrc3"
"516","GO:0032695","negative regulation of interleukin-12 production",15,5,0.34,1.4e-05,"Ahyacinthus25872-RA","Biological Processes","Protein NLRC3","Nlrc3"
"517","GO:0032695","negative regulation of interleukin-12 production",15,5,0.34,1.4e-05,"Ahyacinthus26194-RA","Biological Processes","Protein NLRC3","Nlrc3"
"518","GO:1902216","positive regulation of interleukin-4-mediated signa...",8,4,0.18,1.6e-05,"Ahyacinthus16327-RA","Biological Processes","Protein mono-ADP-ribosyltransferase PARP14 (EC 2.4.2.-) (ADP-ribosyltransferase diphtheria toxin-like 8) (ARTD8) (Collaborator of STAT6) (CoaSt6) (Poly [ADP-ribose] polymerase 14) (PARP-14)","Parp14 Kiaa1268"
"519","GO:1902216","positive regulation of interleukin-4-mediated signa...",8,4,0.18,1.6e-05,"Ahyacinthus16328-RA","Biological Processes","Protein mono-ADP-ribosyltransferase PARP14 (EC 2.4.2.-) (ADP-ribosyltransferase diphtheria toxin-like 8) (ARTD8) (Collaborator of STAT6) (CoaSt6) (Poly [ADP-ribose] polymerase 14) (PARP-14)","Parp14 Kiaa1268"
"520","GO:1902216","positive regulation of interleukin-4-mediated signa...",8,4,0.18,1.6e-05,"Ahyacinthus16330-RA","Biological Processes","Protein mono-ADP-ribosyltransferase PARP14 (EC 2.4.2.-) (ADP-ribosyltransferase diphtheria toxin-like 8) (ARTD8) (B aggressive lymphoma protein 2) (Poly [ADP-ribose] polymerase 14) (PARP-14)","PARP14 BAL2 KIAA1268"
"521","GO:1902216","positive regulation of interleukin-4-mediated signa...",8,4,0.18,1.6e-05,"Ahyacinthus16331-RA","Biological Processes","Protein mono-ADP-ribosyltransferase PARP14 (EC 2.4.2.-) (ADP-ribosyltransferase diphtheria toxin-like 8) (ARTD8) (B aggressive lymphoma protein 2) (Poly [ADP-ribose] polymerase 14) (PARP-14)","PARP14 BAL2 KIAA1268"
"522","GO:0008015","blood circulation",292,21,6.56,1.7e-05,"Ahyacinthus01292-RA","Biological Processes","Extracellular calcium-sensing receptor (CaSR) (Parathyroid cell calcium-sensing receptor) (PCaR1) (RaKCaR)","Casr Gprc2a Pcar1"
"523","GO:0008015","blood circulation",292,21,6.56,1.7e-05,"Ahyacinthus08321-RA","Biological Processes","Filamin-A (FLN-A) (Actin-binding protein 280) (ABP-280) (Alpha-filamin) (Endothelial actin-binding protein) (Filamin-1) (Non-muscle filamin)","Flna Fln Fln1"
"524","GO:0008015","blood circulation",292,21,6.56,1.7e-05,"Ahyacinthus08953-RA","Biological Processes","E3 ubiquitin-protein ligase rnf213-alpha (EC 2.3.2.27) (EC 3.6.4.-) (E3 ubiquitin-lipopolysaccharide ligase rnf213-alpha) (EC 2.3.2.-) (Mysterin-A) (Mysterin-alpha) (RING finger protein 213-A) (RING finger protein 213-alpha)","rnf213a"
"525","GO:0008015","blood circulation",292,21,6.56,1.7e-05,"Ahyacinthus10022-RA","Biological Processes","E3 ubiquitin-protein ligase rnf213-alpha (EC 2.3.2.27) (EC 3.6.4.-) (E3 ubiquitin-lipopolysaccharide ligase rnf213-alpha) (EC 2.3.2.-) (Mysterin-A) (Mysterin-alpha) (RING finger protein 213-A) (RING finger protein 213-alpha)","rnf213a"
"526","GO:0008015","blood circulation",292,21,6.56,1.7e-05,"Ahyacinthus10025-RA","Biological Processes","E3 ubiquitin-protein ligase rnf213-alpha (EC 2.3.2.27) (EC 3.6.4.-) (E3 ubiquitin-lipopolysaccharide ligase rnf213-alpha) (EC 2.3.2.-) (Mysterin-A) (Mysterin-alpha) (RING finger protein 213-A) (RING finger protein 213-alpha)","rnf213a"
"527","GO:0008015","blood circulation",292,21,6.56,1.7e-05,"Ahyacinthus10219-RA","Biological Processes","Sushi, von Willebrand factor type A, EGF and pentraxin domain-containing protein 1","Svep1"
"528","GO:0008015","blood circulation",292,21,6.56,1.7e-05,"Ahyacinthus10823-RA","Biological Processes","E3 ubiquitin-protein ligase rnf213-alpha (EC 2.3.2.27) (EC 3.6.4.-) (E3 ubiquitin-lipopolysaccharide ligase rnf213-alpha) (EC 2.3.2.-) (Mysterin-A) (Mysterin-alpha) (RING finger protein 213-A) (RING finger protein 213-alpha)","rnf213a"
"529","GO:0008015","blood circulation",292,21,6.56,1.7e-05,"Ahyacinthus10825-RA","Biological Processes","E3 ubiquitin-protein ligase rnf213-alpha (EC 2.3.2.27) (EC 3.6.4.-) (E3 ubiquitin-lipopolysaccharide ligase rnf213-alpha) (EC 2.3.2.-) (Mysterin-A) (Mysterin-alpha) (RING finger protein 213-A) (RING finger protein 213-alpha)","rnf213a"
"530","GO:0008015","blood circulation",292,21,6.56,1.7e-05,"Ahyacinthus11444-RA","Biological Processes","Histamine H2 receptor (H2R) (HH2R) (Gastric receptor I)","Hrh2"
"531","GO:0008015","blood circulation",292,21,6.56,1.7e-05,"Ahyacinthus12841-RA","Biological Processes","Tight junction protein 2 (Tight junction protein ZO-2) (Zona occludens protein 2) (Zonula occludens protein 2)","Tjp2 Zo2"
"532","GO:0008015","blood circulation",292,21,6.56,1.7e-05,"Ahyacinthus13017-RA","Biological Processes","Glutamyl aminopeptidase (EAP) (EC 3.4.11.7) (Aminopeptidase A) (AP-A) (Rhiminopeptidase A)",""
"533","GO:0008015","blood circulation",292,21,6.56,1.7e-05,"Ahyacinthus14815-RA","Biological Processes","Sushi, von Willebrand factor type A, EGF and pentraxin domain-containing protein 1 (CCP module-containing protein 22) (Polydom) (Selectin-like osteoblast-derived protein) (SEL-OB) (Serologically defined breast cancer antigen NY-BR-38)","SVEP1 C9orf13 CCP22 SELOB"
"534","GO:0008015","blood circulation",292,21,6.56,1.7e-05,"Ahyacinthus18555-RA","Biological Processes","Polycystin-2 (Curly up) (Cup) (Polycystic kidney disease 2 protein homolog) (Transient receptor potential cation channel subfamily P member 2)","pkd2"
"535","GO:0008015","blood circulation",292,21,6.56,1.7e-05,"Ahyacinthus20036-RA","Biological Processes","Sushi, von Willebrand factor type A, EGF and pentraxin domain-containing protein 1","Svep1"
"536","GO:0008015","blood circulation",292,21,6.56,1.7e-05,"Ahyacinthus22609-RA","Biological Processes","Sushi, von Willebrand factor type A, EGF and pentraxin domain-containing protein 1","Svep1"
"537","GO:0008015","blood circulation",292,21,6.56,1.7e-05,"Ahyacinthus23864-RA","Biological Processes","Titin (EC 2.7.11.1) (Connectin) (Rhabdomyosarcoma antigen MU-RMS-40.14)","TTN"
"538","GO:0008015","blood circulation",292,21,6.56,1.7e-05,"Ahyacinthus26171-RA","Biological Processes","Sushi, von Willebrand factor type A, EGF and pentraxin domain-containing protein 1","Svep1"
"539","GO:0008015","blood circulation",292,21,6.56,1.7e-05,"Ahyacinthus26174-RA","Biological Processes","Sushi, von Willebrand factor type A, EGF and pentraxin domain-containing protein 1","Svep1"
"540","GO:0008015","blood circulation",292,21,6.56,1.7e-05,"Ahyacinthus26179-RA","Biological Processes","Sushi, von Willebrand factor type A, EGF and pentraxin domain-containing protein 1","Svep1"
"541","GO:0008015","blood circulation",292,21,6.56,1.7e-05,"Ahyacinthus26181-RA","Biological Processes","Sushi, von Willebrand factor type A, EGF and pentraxin domain-containing protein 1 (CCP module-containing protein 22) (Polydom) (Selectin-like osteoblast-derived protein) (SEL-OB) (Serologically defined breast cancer antigen NY-BR-38)","SVEP1 C9orf13 CCP22 SELOB"
"542","GO:0008015","blood circulation",292,21,6.56,1.7e-05,"Ahyacinthus26182-RA","Biological Processes","Sushi, von Willebrand factor type A, EGF and pentraxin domain-containing protein 1","Svep1"
"543","GO:0070534","protein K63-linked ubiquitination",71,9,1.6,2.8e-05,"Ahyacinthus08340-RA","Biological Processes","F-box/WD repeat-containing protein 7 (F-box and WD-40 domain-containing protein 7)","FBXW7 FBW7"
"544","GO:0070534","protein K63-linked ubiquitination",71,9,1.6,2.8e-05,"Ahyacinthus08952-RA","Biological Processes","E3 ubiquitin-protein ligase rnf213-beta (EC 2.3.2.27) (EC 3.6.4.-) (E3 ubiquitin-lipopolysaccharide ligase rnf213-beta) (EC 2.3.2.-) (Mysterin-B) (Mysterin-beta) (RING finger protein 213-B) (RING finger protein 213-beta)","rnf213b"
"545","GO:0070534","protein K63-linked ubiquitination",71,9,1.6,2.8e-05,"Ahyacinthus08953-RA","Biological Processes","E3 ubiquitin-protein ligase rnf213-alpha (EC 2.3.2.27) (EC 3.6.4.-) (E3 ubiquitin-lipopolysaccharide ligase rnf213-alpha) (EC 2.3.2.-) (Mysterin-A) (Mysterin-alpha) (RING finger protein 213-A) (RING finger protein 213-alpha)","rnf213a"
"546","GO:0070534","protein K63-linked ubiquitination",71,9,1.6,2.8e-05,"Ahyacinthus10022-RA","Biological Processes","E3 ubiquitin-protein ligase rnf213-alpha (EC 2.3.2.27) (EC 3.6.4.-) (E3 ubiquitin-lipopolysaccharide ligase rnf213-alpha) (EC 2.3.2.-) (Mysterin-A) (Mysterin-alpha) (RING finger protein 213-A) (RING finger protein 213-alpha)","rnf213a"
"547","GO:0070534","protein K63-linked ubiquitination",71,9,1.6,2.8e-05,"Ahyacinthus10025-RA","Biological Processes","E3 ubiquitin-protein ligase rnf213-alpha (EC 2.3.2.27) (EC 3.6.4.-) (E3 ubiquitin-lipopolysaccharide ligase rnf213-alpha) (EC 2.3.2.-) (Mysterin-A) (Mysterin-alpha) (RING finger protein 213-A) (RING finger protein 213-alpha)","rnf213a"
"548","GO:0070534","protein K63-linked ubiquitination",71,9,1.6,2.8e-05,"Ahyacinthus10028-RA","Biological Processes","E3 ubiquitin-protein ligase RNF213 (EC 2.3.2.27) (EC 3.6.4.-) (ALK lymphoma oligomerization partner on chromosome 17) (E3 ubiquitin-lipopolysaccharide ligase RNF213) (EC 2.3.2.-) (Mysterin) (RING finger protein 213)","RNF213 ALO17 C17orf27 KIAA1554 KIAA1618 MYSTR"
"549","GO:0070534","protein K63-linked ubiquitination",71,9,1.6,2.8e-05,"Ahyacinthus10823-RA","Biological Processes","E3 ubiquitin-protein ligase rnf213-alpha (EC 2.3.2.27) (EC 3.6.4.-) (E3 ubiquitin-lipopolysaccharide ligase rnf213-alpha) (EC 2.3.2.-) (Mysterin-A) (Mysterin-alpha) (RING finger protein 213-A) (RING finger protein 213-alpha)","rnf213a"
"550","GO:0070534","protein K63-linked ubiquitination",71,9,1.6,2.8e-05,"Ahyacinthus10825-RA","Biological Processes","E3 ubiquitin-protein ligase rnf213-alpha (EC 2.3.2.27) (EC 3.6.4.-) (E3 ubiquitin-lipopolysaccharide ligase rnf213-alpha) (EC 2.3.2.-) (Mysterin-A) (Mysterin-alpha) (RING finger protein 213-A) (RING finger protein 213-alpha)","rnf213a"
"551","GO:0070534","protein K63-linked ubiquitination",71,9,1.6,2.8e-05,"Ahyacinthus25342-RA","Biological Processes","TNF receptor-associated factor 6 (EC 2.3.2.27) (E3 ubiquitin-protein ligase TRAF6) (RING-type E3 ubiquitin transferase TRAF6)","traf6 TNeu045k15.1"
"552","GO:0060336","negative regulation of type II interferon-mediated ...",10,4,0.22,4.7e-05,"Ahyacinthus16327-RA","Biological Processes","Protein mono-ADP-ribosyltransferase PARP14 (EC 2.4.2.-) (ADP-ribosyltransferase diphtheria toxin-like 8) (ARTD8) (Collaborator of STAT6) (CoaSt6) (Poly [ADP-ribose] polymerase 14) (PARP-14)","Parp14 Kiaa1268"
"553","GO:0060336","negative regulation of type II interferon-mediated ...",10,4,0.22,4.7e-05,"Ahyacinthus16328-RA","Biological Processes","Protein mono-ADP-ribosyltransferase PARP14 (EC 2.4.2.-) (ADP-ribosyltransferase diphtheria toxin-like 8) (ARTD8) (Collaborator of STAT6) (CoaSt6) (Poly [ADP-ribose] polymerase 14) (PARP-14)","Parp14 Kiaa1268"
"554","GO:0060336","negative regulation of type II interferon-mediated ...",10,4,0.22,4.7e-05,"Ahyacinthus16330-RA","Biological Processes","Protein mono-ADP-ribosyltransferase PARP14 (EC 2.4.2.-) (ADP-ribosyltransferase diphtheria toxin-like 8) (ARTD8) (B aggressive lymphoma protein 2) (Poly [ADP-ribose] polymerase 14) (PARP-14)","PARP14 BAL2 KIAA1268"
"555","GO:0060336","negative regulation of type II interferon-mediated ...",10,4,0.22,4.7e-05,"Ahyacinthus16331-RA","Biological Processes","Protein mono-ADP-ribosyltransferase PARP14 (EC 2.4.2.-) (ADP-ribosyltransferase diphtheria toxin-like 8) (ARTD8) (B aggressive lymphoma protein 2) (Poly [ADP-ribose] polymerase 14) (PARP-14)","PARP14 BAL2 KIAA1268"
"556","GO:0019677","NAD catabolic process",10,4,0.22,4.7e-05,"Ahyacinthus16327-RA","Biological Processes","Protein mono-ADP-ribosyltransferase PARP14 (EC 2.4.2.-) (ADP-ribosyltransferase diphtheria toxin-like 8) (ARTD8) (Collaborator of STAT6) (CoaSt6) (Poly [ADP-ribose] polymerase 14) (PARP-14)","Parp14 Kiaa1268"
"557","GO:0019677","NAD catabolic process",10,4,0.22,4.7e-05,"Ahyacinthus16328-RA","Biological Processes","Protein mono-ADP-ribosyltransferase PARP14 (EC 2.4.2.-) (ADP-ribosyltransferase diphtheria toxin-like 8) (ARTD8) (Collaborator of STAT6) (CoaSt6) (Poly [ADP-ribose] polymerase 14) (PARP-14)","Parp14 Kiaa1268"
"558","GO:0019677","NAD catabolic process",10,4,0.22,4.7e-05,"Ahyacinthus16330-RA","Biological Processes","Protein mono-ADP-ribosyltransferase PARP14 (EC 2.4.2.-) (ADP-ribosyltransferase diphtheria toxin-like 8) (ARTD8) (B aggressive lymphoma protein 2) (Poly [ADP-ribose] polymerase 14) (PARP-14)","PARP14 BAL2 KIAA1268"
"559","GO:0019677","NAD catabolic process",10,4,0.22,4.7e-05,"Ahyacinthus16331-RA","Biological Processes","Protein mono-ADP-ribosyltransferase PARP14 (EC 2.4.2.-) (ADP-ribosyltransferase diphtheria toxin-like 8) (ARTD8) (B aggressive lymphoma protein 2) (Poly [ADP-ribose] polymerase 14) (PARP-14)","PARP14 BAL2 KIAA1268"
"560","GO:0045765","regulation of angiogenesis",161,8,3.62,5e-05,"Ahyacinthus08953-RA","Biological Processes","E3 ubiquitin-protein ligase rnf213-alpha (EC 2.3.2.27) (EC 3.6.4.-) (E3 ubiquitin-lipopolysaccharide ligase rnf213-alpha) (EC 2.3.2.-) (Mysterin-A) (Mysterin-alpha) (RING finger protein 213-A) (RING finger protein 213-alpha)","rnf213a"
"561","GO:0045765","regulation of angiogenesis",161,8,3.62,5e-05,"Ahyacinthus10022-RA","Biological Processes","E3 ubiquitin-protein ligase rnf213-alpha (EC 2.3.2.27) (EC 3.6.4.-) (E3 ubiquitin-lipopolysaccharide ligase rnf213-alpha) (EC 2.3.2.-) (Mysterin-A) (Mysterin-alpha) (RING finger protein 213-A) (RING finger protein 213-alpha)","rnf213a"
"562","GO:0045765","regulation of angiogenesis",161,8,3.62,5e-05,"Ahyacinthus10025-RA","Biological Processes","E3 ubiquitin-protein ligase rnf213-alpha (EC 2.3.2.27) (EC 3.6.4.-) (E3 ubiquitin-lipopolysaccharide ligase rnf213-alpha) (EC 2.3.2.-) (Mysterin-A) (Mysterin-alpha) (RING finger protein 213-A) (RING finger protein 213-alpha)","rnf213a"
"563","GO:0045765","regulation of angiogenesis",161,8,3.62,5e-05,"Ahyacinthus10823-RA","Biological Processes","E3 ubiquitin-protein ligase rnf213-alpha (EC 2.3.2.27) (EC 3.6.4.-) (E3 ubiquitin-lipopolysaccharide ligase rnf213-alpha) (EC 2.3.2.-) (Mysterin-A) (Mysterin-alpha) (RING finger protein 213-A) (RING finger protein 213-alpha)","rnf213a"
"564","GO:0045765","regulation of angiogenesis",161,8,3.62,5e-05,"Ahyacinthus10825-RA","Biological Processes","E3 ubiquitin-protein ligase rnf213-alpha (EC 2.3.2.27) (EC 3.6.4.-) (E3 ubiquitin-lipopolysaccharide ligase rnf213-alpha) (EC 2.3.2.-) (Mysterin-A) (Mysterin-alpha) (RING finger protein 213-A) (RING finger protein 213-alpha)","rnf213a"
"565","GO:0045765","regulation of angiogenesis",161,8,3.62,5e-05,"Ahyacinthus17546-RA","Biological Processes","Receptor-type tyrosine-protein phosphatase mu (Protein-tyrosine phosphatase mu) (R-PTP-mu) (EC 3.1.3.48)","PTPRM PTPRL1"
"566","GO:0045765","regulation of angiogenesis",161,8,3.62,5e-05,"Ahyacinthus22770-RA","Biological Processes","Angiopoietin-1 receptor (EC 2.7.10.1) (Endothelial tyrosine kinase) (Tyrosine kinase with Ig and EGF homology domains-2) (Tyrosine-protein kinase receptor TIE-2) (CD antigen CD202b)","TEK TIE-2 TIE2"
"567","GO:0045765","regulation of angiogenesis",161,8,3.62,5e-05,"Ahyacinthus24076-RA","Biological Processes","Adhesion G protein-coupled receptor B1 (Brain-specific angiogenesis inhibitor 1) [Cleaved into: Vasculostatin-40 (Vstat40); Vasculostatin-120 (Vstat120)]","ADGRB1 BAI1"
"568","GO:0019216","regulation of lipid metabolic process",167,9,3.75,6e-05,"Ahyacinthus08952-RA","Biological Processes","E3 ubiquitin-protein ligase rnf213-beta (EC 2.3.2.27) (EC 3.6.4.-) (E3 ubiquitin-lipopolysaccharide ligase rnf213-beta) (EC 2.3.2.-) (Mysterin-B) (Mysterin-beta) (RING finger protein 213-B) (RING finger protein 213-beta)","rnf213b"
"569","GO:0019216","regulation of lipid metabolic process",167,9,3.75,6e-05,"Ahyacinthus08953-RA","Biological Processes","E3 ubiquitin-protein ligase rnf213-alpha (EC 2.3.2.27) (EC 3.6.4.-) (E3 ubiquitin-lipopolysaccharide ligase rnf213-alpha) (EC 2.3.2.-) (Mysterin-A) (Mysterin-alpha) (RING finger protein 213-A) (RING finger protein 213-alpha)","rnf213a"
"570","GO:0019216","regulation of lipid metabolic process",167,9,3.75,6e-05,"Ahyacinthus10022-RA","Biological Processes","E3 ubiquitin-protein ligase rnf213-alpha (EC 2.3.2.27) (EC 3.6.4.-) (E3 ubiquitin-lipopolysaccharide ligase rnf213-alpha) (EC 2.3.2.-) (Mysterin-A) (Mysterin-alpha) (RING finger protein 213-A) (RING finger protein 213-alpha)","rnf213a"
"571","GO:0019216","regulation of lipid metabolic process",167,9,3.75,6e-05,"Ahyacinthus10025-RA","Biological Processes","E3 ubiquitin-protein ligase rnf213-alpha (EC 2.3.2.27) (EC 3.6.4.-) (E3 ubiquitin-lipopolysaccharide ligase rnf213-alpha) (EC 2.3.2.-) (Mysterin-A) (Mysterin-alpha) (RING finger protein 213-A) (RING finger protein 213-alpha)","rnf213a"
"572","GO:0019216","regulation of lipid metabolic process",167,9,3.75,6e-05,"Ahyacinthus10028-RA","Biological Processes","E3 ubiquitin-protein ligase RNF213 (EC 2.3.2.27) (EC 3.6.4.-) (ALK lymphoma oligomerization partner on chromosome 17) (E3 ubiquitin-lipopolysaccharide ligase RNF213) (EC 2.3.2.-) (Mysterin) (RING finger protein 213)","RNF213 ALO17 C17orf27 KIAA1554 KIAA1618 MYSTR"
"573","GO:0019216","regulation of lipid metabolic process",167,9,3.75,6e-05,"Ahyacinthus10823-RA","Biological Processes","E3 ubiquitin-protein ligase rnf213-alpha (EC 2.3.2.27) (EC 3.6.4.-) (E3 ubiquitin-lipopolysaccharide ligase rnf213-alpha) (EC 2.3.2.-) (Mysterin-A) (Mysterin-alpha) (RING finger protein 213-A) (RING finger protein 213-alpha)","rnf213a"
"574","GO:0019216","regulation of lipid metabolic process",167,9,3.75,6e-05,"Ahyacinthus10825-RA","Biological Processes","E3 ubiquitin-protein ligase rnf213-alpha (EC 2.3.2.27) (EC 3.6.4.-) (E3 ubiquitin-lipopolysaccharide ligase rnf213-alpha) (EC 2.3.2.-) (Mysterin-A) (Mysterin-alpha) (RING finger protein 213-A) (RING finger protein 213-alpha)","rnf213a"
"575","GO:0019216","regulation of lipid metabolic process",167,9,3.75,6e-05,"Ahyacinthus13519-RA","Biological Processes","Progesterone-induced-blocking factor 1 (PIBF) (Centrosomal protein of 90 kDa) (CEP90)","PIBF1 C13orf24 PIBF"
"576","GO:0019216","regulation of lipid metabolic process",167,9,3.75,6e-05,"Ahyacinthus21078-RA","Biological Processes","Seipin (Bernardinelli-Seip congenital lipodystrophy type 2 protein homolog)","BSCL2"
"577","GO:0032720","negative regulation of tumor necrosis factor produc...",62,8,1.39,7e-05,"Ahyacinthus09564-RA","Biological Processes","Protein NLRC3","Nlrc3"
"578","GO:0032720","negative regulation of tumor necrosis factor produc...",62,8,1.39,7e-05,"Ahyacinthus13453-RA","Biological Processes","C-type lectin domain family 4 member A (C-type lectin superfamily member 6) (Dendritic cell inhibitory receptor) (CD antigen CD367)","Clec4a Clecsf6 Dcir"
"579","GO:0032720","negative regulation of tumor necrosis factor produc...",62,8,1.39,7e-05,"Ahyacinthus13473-RA","Biological Processes","C-type lectin domain family 4 member A (C-type lectin superfamily member 6) (Dendritic cell inhibitory receptor) (CD antigen CD367)","Clec4a Clecsf6 Dcir"
"580","GO:0032720","negative regulation of tumor necrosis factor produc...",62,8,1.39,7e-05,"Ahyacinthus24982-RA","Biological Processes","Protein NLRC3","Nlrc3"
"581","GO:0032720","negative regulation of tumor necrosis factor produc...",62,8,1.39,7e-05,"Ahyacinthus24998-RA","Biological Processes","NLR family CARD domain-containing protein 3 (CARD15-like protein) (Caterpiller protein 16.2) (CLR16.2) (NACHT, LRR and CARD domains-containing protein 3) (Nucleotide-binding oligomerization domain protein 3)","NLRC3 NOD3"
"582","GO:0032720","negative regulation of tumor necrosis factor produc...",62,8,1.39,7e-05,"Ahyacinthus25872-RA","Biological Processes","Protein NLRC3","Nlrc3"
"583","GO:0032720","negative regulation of tumor necrosis factor produc...",62,8,1.39,7e-05,"Ahyacinthus26194-RA","Biological Processes","Protein NLRC3","Nlrc3"
"584","GO:0032720","negative regulation of tumor necrosis factor produc...",62,8,1.39,7e-05,"Ahyacinthus26731-RA","Biological Processes","NLR family CARD domain-containing protein 3 (CARD15-like protein) (Caterpiller protein 16.2) (CLR16.2) (NACHT, LRR and CARD domains-containing protein 3) (Nucleotide-binding oligomerization domain protein 3)","NLRC3 NOD3"
"585","GO:0010185","regulation of cellular defense response",11,4,0.25,7.3e-05,"Ahyacinthus17076-RA","Biological Processes","Fucolectin-1",""
"586","GO:0010185","regulation of cellular defense response",11,4,0.25,7.3e-05,"Ahyacinthus17113-RA","Biological Processes","Fucolectin-1",""
"587","GO:0010185","regulation of cellular defense response",11,4,0.25,7.3e-05,"Ahyacinthus17549-RA","Biological Processes","Fucolectin-1",""
"588","GO:0010185","regulation of cellular defense response",11,4,0.25,7.3e-05,"Ahyacinthus17910-RA","Biological Processes","Fucolectin-4",""
"589","GO:0001868","regulation of complement activation, lectin pathway",11,4,0.25,7.3e-05,"Ahyacinthus17076-RA","Biological Processes","Fucolectin-1",""
"590","GO:0001868","regulation of complement activation, lectin pathway",11,4,0.25,7.3e-05,"Ahyacinthus17113-RA","Biological Processes","Fucolectin-1",""
"591","GO:0001868","regulation of complement activation, lectin pathway",11,4,0.25,7.3e-05,"Ahyacinthus17549-RA","Biological Processes","Fucolectin-1",""
"592","GO:0001868","regulation of complement activation, lectin pathway",11,4,0.25,7.3e-05,"Ahyacinthus17910-RA","Biological Processes","Fucolectin-4",""
"593","GO:0048013","ephrin receptor signaling pathway",33,6,0.74,8.1e-05,"Ahyacinthus03987-RA","Biological Processes","Ephrin type-B receptor 5 (EC 2.7.10.1) (EPH-like kinase 9) (EK9) (cEK9)","EPHB5 CEK9"
"594","GO:0048013","ephrin receptor signaling pathway",33,6,0.74,8.1e-05,"Ahyacinthus04009-RA","Biological Processes","Ephrin type-A receptor 7 (EC 2.7.10.1) (EPH homology kinase 3) (EHK-3) (EPH-like kinase 11) (EK11) (hEK11)","EPHA7 EHK3 HEK11"
"595","GO:0048013","ephrin receptor signaling pathway",33,6,0.74,8.1e-05,"Ahyacinthus04013-RA","Biological Processes","Ephrin type-B receptor 5 (EC 2.7.10.1) (EPH-like kinase 9) (EK9) (cEK9)","EPHB5 CEK9"
"596","GO:0048013","ephrin receptor signaling pathway",33,6,0.74,8.1e-05,"Ahyacinthus04016-RA","Biological Processes","Ephrin type-B receptor 1 (EC 2.7.10.1)","Ephb1"
"597","GO:0048013","ephrin receptor signaling pathway",33,6,0.74,8.1e-05,"Ahyacinthus04018-RA","Biological Processes","Ephrin type-B receptor 3 (EC 2.7.10.1) (Developmental kinase 5) (mDK-5) (Tyrosine-protein kinase receptor SEK-4)","Ephb3 Etk2 Mdk5 Sek4"
"598","GO:0048013","ephrin receptor signaling pathway",33,6,0.74,8.1e-05,"Ahyacinthus09315-RA","Biological Processes","Ras GTPase-activating protein 1 (GAP) (GTPase-activating protein) (RasGAP) (Ras p21 protein activator) (p120GAP)","Rasa1 Rasa"
"599","GO:0007156","homophilic cell adhesion via plasma membrane adhesi...",196,14,4.4,0.00014,"Ahyacinthus03823-RA","Biological Processes","Roundabout homolog 1 (Deleted in U twenty twenty) (H-Robo-1)","ROBO1 DUTT1"
"600","GO:0007156","homophilic cell adhesion via plasma membrane adhesi...",196,14,4.4,0.00014,"Ahyacinthus04823-RA","Biological Processes","Hemicentin-1 (Fibulin-6) (FIBL-6)","Hmcn1"
"601","GO:0007156","homophilic cell adhesion via plasma membrane adhesi...",196,14,4.4,0.00014,"Ahyacinthus06725-RA","Biological Processes","Hemicentin-1 (Fibulin-6) (FIBL-6)","Hmcn1"
"602","GO:0007156","homophilic cell adhesion via plasma membrane adhesi...",196,14,4.4,0.00014,"Ahyacinthus08175-RA","Biological Processes","Hemicentin-1 (Fibulin-6) (FIBL-6)","Hmcn1"
"603","GO:0007156","homophilic cell adhesion via plasma membrane adhesi...",196,14,4.4,0.00014,"Ahyacinthus09152-RA","Biological Processes","Protocadherin Fat 4 (hFat4) (Cadherin family member 14) (FAT tumor suppressor homolog 4) (Fat-like cadherin protein FAT-J)","FAT4 CDHF14 FATJ Nbla00548"
"604","GO:0007156","homophilic cell adhesion via plasma membrane adhesi...",196,14,4.4,0.00014,"Ahyacinthus14101-RA","Biological Processes","Protocadherin Fat 4 (FAT tumor suppressor homolog 4) (Fat-like cadherin protein FAT-J)","Fat4 Fatj"
"605","GO:0007156","homophilic cell adhesion via plasma membrane adhesi...",196,14,4.4,0.00014,"Ahyacinthus14102-RA","Biological Processes","Protocadherin Fat 4 (hFat4) (Cadherin family member 14) (FAT tumor suppressor homolog 4) (Fat-like cadherin protein FAT-J)","FAT4 CDHF14 FATJ Nbla00548"
"606","GO:0007156","homophilic cell adhesion via plasma membrane adhesi...",196,14,4.4,0.00014,"Ahyacinthus14615-RA","Biological Processes","Protocadherin Fat 3 (FAT tumor suppressor homolog 3)","Fat3"
"607","GO:0007156","homophilic cell adhesion via plasma membrane adhesi...",196,14,4.4,0.00014,"Ahyacinthus15317-RA","Biological Processes","Amphoterin-induced protein 2 (AMIGO-2) (Alivin-1)","Amigo2 Ali1"
"608","GO:0007156","homophilic cell adhesion via plasma membrane adhesi...",196,14,4.4,0.00014,"Ahyacinthus15441-RA","Biological Processes","Protocadherin Fat 4 (hFat4) (Cadherin family member 14) (FAT tumor suppressor homolog 4) (Fat-like cadherin protein FAT-J)","FAT4 CDHF14 FATJ Nbla00548"
"609","GO:0007156","homophilic cell adhesion via plasma membrane adhesi...",196,14,4.4,0.00014,"Ahyacinthus17546-RA","Biological Processes","Receptor-type tyrosine-protein phosphatase mu (Protein-tyrosine phosphatase mu) (R-PTP-mu) (EC 3.1.3.48)","PTPRM PTPRL1"
"610","GO:0007156","homophilic cell adhesion via plasma membrane adhesi...",196,14,4.4,0.00014,"Ahyacinthus17818-RA","Biological Processes","Receptor-type tyrosine-protein phosphatase F (EC 3.1.3.48) (Leukocyte common antigen related) (LAR)","Ptprf Lar"
"611","GO:0007156","homophilic cell adhesion via plasma membrane adhesi...",196,14,4.4,0.00014,"Ahyacinthus17919-RA","Biological Processes","Receptor-type tyrosine-protein phosphatase F (EC 3.1.3.48) (Leukocyte common antigen related) (LAR)","Ptprf Lar"
"612","GO:0007156","homophilic cell adhesion via plasma membrane adhesi...",196,14,4.4,0.00014,"Ahyacinthus23313-RA","Biological Processes","Protein sidekick-1","SDK1"
"613","GO:1900226","negative regulation of NLRP3 inflammasome complex a...",38,6,0.85,0.00018,"Ahyacinthus09564-RA","Biological Processes","Protein NLRC3","Nlrc3"
"614","GO:1900226","negative regulation of NLRP3 inflammasome complex a...",38,6,0.85,0.00018,"Ahyacinthus24982-RA","Biological Processes","Protein NLRC3","Nlrc3"
"615","GO:1900226","negative regulation of NLRP3 inflammasome complex a...",38,6,0.85,0.00018,"Ahyacinthus24998-RA","Biological Processes","NLR family CARD domain-containing protein 3 (CARD15-like protein) (Caterpiller protein 16.2) (CLR16.2) (NACHT, LRR and CARD domains-containing protein 3) (Nucleotide-binding oligomerization domain protein 3)","NLRC3 NOD3"
"616","GO:1900226","negative regulation of NLRP3 inflammasome complex a...",38,6,0.85,0.00018,"Ahyacinthus25872-RA","Biological Processes","Protein NLRC3","Nlrc3"
"617","GO:1900226","negative regulation of NLRP3 inflammasome complex a...",38,6,0.85,0.00018,"Ahyacinthus26194-RA","Biological Processes","Protein NLRC3","Nlrc3"
"618","GO:1900226","negative regulation of NLRP3 inflammasome complex a...",38,6,0.85,0.00018,"Ahyacinthus26731-RA","Biological Processes","NLR family CARD domain-containing protein 3 (CARD15-like protein) (Caterpiller protein 16.2) (CLR16.2) (NACHT, LRR and CARD domains-containing protein 3) (Nucleotide-binding oligomerization domain protein 3)","NLRC3 NOD3"
"619","GO:0048147","negative regulation of fibroblast proliferation",40,6,0.9,0.00025,"Ahyacinthus09564-RA","Biological Processes","Protein NLRC3","Nlrc3"
"620","GO:0048147","negative regulation of fibroblast proliferation",40,6,0.9,0.00025,"Ahyacinthus24982-RA","Biological Processes","Protein NLRC3","Nlrc3"
"621","GO:0048147","negative regulation of fibroblast proliferation",40,6,0.9,0.00025,"Ahyacinthus24998-RA","Biological Processes","NLR family CARD domain-containing protein 3 (CARD15-like protein) (Caterpiller protein 16.2) (CLR16.2) (NACHT, LRR and CARD domains-containing protein 3) (Nucleotide-binding oligomerization domain protein 3)","NLRC3 NOD3"
"622","GO:0048147","negative regulation of fibroblast proliferation",40,6,0.9,0.00025,"Ahyacinthus25872-RA","Biological Processes","Protein NLRC3","Nlrc3"
"623","GO:0048147","negative regulation of fibroblast proliferation",40,6,0.9,0.00025,"Ahyacinthus26194-RA","Biological Processes","Protein NLRC3","Nlrc3"
"624","GO:0048147","negative regulation of fibroblast proliferation",40,6,0.9,0.00025,"Ahyacinthus26731-RA","Biological Processes","NLR family CARD domain-containing protein 3 (CARD15-like protein) (Caterpiller protein 16.2) (CLR16.2) (NACHT, LRR and CARD domains-containing protein 3) (Nucleotide-binding oligomerization domain protein 3)","NLRC3 NOD3"
"625","GO:0050680","negative regulation of epithelial cell proliferatio...",84,9,1.89,0.00029,"Ahyacinthus00666-RA","Biological Processes","Low-density lipoprotein receptor-related protein 6 (LRP-6)","Lrp6"
"626","GO:0050680","negative regulation of epithelial cell proliferatio...",84,9,1.89,0.00029,"Ahyacinthus03823-RA","Biological Processes","Roundabout homolog 1 (Deleted in U twenty twenty) (H-Robo-1)","ROBO1 DUTT1"
"627","GO:0050680","negative regulation of epithelial cell proliferatio...",84,9,1.89,0.00029,"Ahyacinthus09564-RA","Biological Processes","Protein NLRC3","Nlrc3"
"628","GO:0050680","negative regulation of epithelial cell proliferatio...",84,9,1.89,0.00029,"Ahyacinthus17546-RA","Biological Processes","Receptor-type tyrosine-protein phosphatase mu (Protein-tyrosine phosphatase mu) (R-PTP-mu) (EC 3.1.3.48)","PTPRM PTPRL1"
"629","GO:0050680","negative regulation of epithelial cell proliferatio...",84,9,1.89,0.00029,"Ahyacinthus24982-RA","Biological Processes","Protein NLRC3","Nlrc3"
"630","GO:0050680","negative regulation of epithelial cell proliferatio...",84,9,1.89,0.00029,"Ahyacinthus24998-RA","Biological Processes","NLR family CARD domain-containing protein 3 (CARD15-like protein) (Caterpiller protein 16.2) (CLR16.2) (NACHT, LRR and CARD domains-containing protein 3) (Nucleotide-binding oligomerization domain protein 3)","NLRC3 NOD3"
"631","GO:0050680","negative regulation of epithelial cell proliferatio...",84,9,1.89,0.00029,"Ahyacinthus25872-RA","Biological Processes","Protein NLRC3","Nlrc3"
"632","GO:0050680","negative regulation of epithelial cell proliferatio...",84,9,1.89,0.00029,"Ahyacinthus26194-RA","Biological Processes","Protein NLRC3","Nlrc3"
"633","GO:0050680","negative regulation of epithelial cell proliferatio...",84,9,1.89,0.00029,"Ahyacinthus26731-RA","Biological Processes","NLR family CARD domain-containing protein 3 (CARD15-like protein) (Caterpiller protein 16.2) (CLR16.2) (NACHT, LRR and CARD domains-containing protein 3) (Nucleotide-binding oligomerization domain protein 3)","NLRC3 NOD3"
"634","GO:0051898","negative regulation of phosphatidylinositol 3-kinas...",58,7,1.3,3e-04,"Ahyacinthus04009-RA","Biological Processes","Ephrin type-A receptor 7 (EC 2.7.10.1) (EPH homology kinase 3) (EHK-3) (EPH-like kinase 11) (EK11) (hEK11)","EPHA7 EHK3 HEK11"
"635","GO:0051898","negative regulation of phosphatidylinositol 3-kinas...",58,7,1.3,3e-04,"Ahyacinthus09564-RA","Biological Processes","Protein NLRC3","Nlrc3"
"636","GO:0051898","negative regulation of phosphatidylinositol 3-kinas...",58,7,1.3,3e-04,"Ahyacinthus24982-RA","Biological Processes","Protein NLRC3","Nlrc3"
"637","GO:0051898","negative regulation of phosphatidylinositol 3-kinas...",58,7,1.3,3e-04,"Ahyacinthus24998-RA","Biological Processes","NLR family CARD domain-containing protein 3 (CARD15-like protein) (Caterpiller protein 16.2) (CLR16.2) (NACHT, LRR and CARD domains-containing protein 3) (Nucleotide-binding oligomerization domain protein 3)","NLRC3 NOD3"
"638","GO:0051898","negative regulation of phosphatidylinositol 3-kinas...",58,7,1.3,3e-04,"Ahyacinthus25872-RA","Biological Processes","Protein NLRC3","Nlrc3"
"639","GO:0051898","negative regulation of phosphatidylinositol 3-kinas...",58,7,1.3,3e-04,"Ahyacinthus26194-RA","Biological Processes","Protein NLRC3","Nlrc3"
"640","GO:0051898","negative regulation of phosphatidylinositol 3-kinas...",58,7,1.3,3e-04,"Ahyacinthus26731-RA","Biological Processes","NLR family CARD domain-containing protein 3 (CARD15-like protein) (Caterpiller protein 16.2) (CLR16.2) (NACHT, LRR and CARD domains-containing protein 3) (Nucleotide-binding oligomerization domain protein 3)","NLRC3 NOD3"
"641","GO:0120193","tight junction organization",59,7,1.33,0.00034,"Ahyacinthus10219-RA","Biological Processes","Sushi, von Willebrand factor type A, EGF and pentraxin domain-containing protein 1","Svep1"
"642","GO:0120193","tight junction organization",59,7,1.33,0.00034,"Ahyacinthus20036-RA","Biological Processes","Sushi, von Willebrand factor type A, EGF and pentraxin domain-containing protein 1","Svep1"
"643","GO:0120193","tight junction organization",59,7,1.33,0.00034,"Ahyacinthus22609-RA","Biological Processes","Sushi, von Willebrand factor type A, EGF and pentraxin domain-containing protein 1","Svep1"
"644","GO:0120193","tight junction organization",59,7,1.33,0.00034,"Ahyacinthus26171-RA","Biological Processes","Sushi, von Willebrand factor type A, EGF and pentraxin domain-containing protein 1","Svep1"
"645","GO:0120193","tight junction organization",59,7,1.33,0.00034,"Ahyacinthus26174-RA","Biological Processes","Sushi, von Willebrand factor type A, EGF and pentraxin domain-containing protein 1","Svep1"
"646","GO:0120193","tight junction organization",59,7,1.33,0.00034,"Ahyacinthus26179-RA","Biological Processes","Sushi, von Willebrand factor type A, EGF and pentraxin domain-containing protein 1","Svep1"
"647","GO:0120193","tight junction organization",59,7,1.33,0.00034,"Ahyacinthus26182-RA","Biological Processes","Sushi, von Willebrand factor type A, EGF and pentraxin domain-containing protein 1","Svep1"
"648","GO:1901223","negative regulation of non-canonical NF-kappaB sign...",44,6,0.99,0.00042,"Ahyacinthus09564-RA","Biological Processes","Protein NLRC3","Nlrc3"
"649","GO:1901223","negative regulation of non-canonical NF-kappaB sign...",44,6,0.99,0.00042,"Ahyacinthus24982-RA","Biological Processes","Protein NLRC3","Nlrc3"
"650","GO:1901223","negative regulation of non-canonical NF-kappaB sign...",44,6,0.99,0.00042,"Ahyacinthus24998-RA","Biological Processes","NLR family CARD domain-containing protein 3 (CARD15-like protein) (Caterpiller protein 16.2) (CLR16.2) (NACHT, LRR and CARD domains-containing protein 3) (Nucleotide-binding oligomerization domain protein 3)","NLRC3 NOD3"
"651","GO:1901223","negative regulation of non-canonical NF-kappaB sign...",44,6,0.99,0.00042,"Ahyacinthus25872-RA","Biological Processes","Protein NLRC3","Nlrc3"
"652","GO:1901223","negative regulation of non-canonical NF-kappaB sign...",44,6,0.99,0.00042,"Ahyacinthus26194-RA","Biological Processes","Protein NLRC3","Nlrc3"
"653","GO:1901223","negative regulation of non-canonical NF-kappaB sign...",44,6,0.99,0.00042,"Ahyacinthus26731-RA","Biological Processes","NLR family CARD domain-containing protein 3 (CARD15-like protein) (Caterpiller protein 16.2) (CLR16.2) (NACHT, LRR and CARD domains-containing protein 3) (Nucleotide-binding oligomerization domain protein 3)","NLRC3 NOD3"
"654","GO:0070212","protein poly-ADP-ribosylation",17,4,0.38,0.00047,"Ahyacinthus16327-RA","Biological Processes","Protein mono-ADP-ribosyltransferase PARP14 (EC 2.4.2.-) (ADP-ribosyltransferase diphtheria toxin-like 8) (ARTD8) (Collaborator of STAT6) (CoaSt6) (Poly [ADP-ribose] polymerase 14) (PARP-14)","Parp14 Kiaa1268"
"655","GO:0070212","protein poly-ADP-ribosylation",17,4,0.38,0.00047,"Ahyacinthus16328-RA","Biological Processes","Protein mono-ADP-ribosyltransferase PARP14 (EC 2.4.2.-) (ADP-ribosyltransferase diphtheria toxin-like 8) (ARTD8) (Collaborator of STAT6) (CoaSt6) (Poly [ADP-ribose] polymerase 14) (PARP-14)","Parp14 Kiaa1268"
"656","GO:0070212","protein poly-ADP-ribosylation",17,4,0.38,0.00047,"Ahyacinthus16330-RA","Biological Processes","Protein mono-ADP-ribosyltransferase PARP14 (EC 2.4.2.-) (ADP-ribosyltransferase diphtheria toxin-like 8) (ARTD8) (B aggressive lymphoma protein 2) (Poly [ADP-ribose] polymerase 14) (PARP-14)","PARP14 BAL2 KIAA1268"
"657","GO:0070212","protein poly-ADP-ribosylation",17,4,0.38,0.00047,"Ahyacinthus16331-RA","Biological Processes","Protein mono-ADP-ribosyltransferase PARP14 (EC 2.4.2.-) (ADP-ribosyltransferase diphtheria toxin-like 8) (ARTD8) (B aggressive lymphoma protein 2) (Poly [ADP-ribose] polymerase 14) (PARP-14)","PARP14 BAL2 KIAA1268"
"658","GO:0048679","regulation of axon regeneration",29,4,0.65,5e-04,"Ahyacinthus08321-RA","Biological Processes","Filamin-A (FLN-A) (Actin-binding protein 280) (ABP-280) (Alpha-filamin) (Endothelial actin-binding protein) (Filamin-1) (Non-muscle filamin)","Flna Fln Fln1"
"659","GO:0048679","regulation of axon regeneration",29,4,0.65,5e-04,"Ahyacinthus17545-RA","Biological Processes","Receptor-type tyrosine-protein phosphatase S (R-PTP-S) (EC 3.1.3.48) (Receptor-type tyrosine-protein phosphatase sigma) (R-PTP-sigma)","PTPRS"
"660","GO:0048679","regulation of axon regeneration",29,4,0.65,5e-04,"Ahyacinthus17818-RA","Biological Processes","Receptor-type tyrosine-protein phosphatase F (EC 3.1.3.48) (Leukocyte common antigen related) (LAR)","Ptprf Lar"
"661","GO:0048679","regulation of axon regeneration",29,4,0.65,5e-04,"Ahyacinthus17919-RA","Biological Processes","Receptor-type tyrosine-protein phosphatase F (EC 3.1.3.48) (Leukocyte common antigen related) (LAR)","Ptprf Lar"
"662","GO:0051387","negative regulation of neurotrophin TRK receptor si...",2,2,0.04,5e-04,"Ahyacinthus17818-RA","Biological Processes","Receptor-type tyrosine-protein phosphatase F (EC 3.1.3.48) (Leukocyte common antigen related) (LAR)","Ptprf Lar"
"663","GO:0051387","negative regulation of neurotrophin TRK receptor si...",2,2,0.04,5e-04,"Ahyacinthus17919-RA","Biological Processes","Receptor-type tyrosine-protein phosphatase F (EC 3.1.3.48) (Leukocyte common antigen related) (LAR)","Ptprf Lar"
"664","GO:0001879","detection of yeast",2,2,0.04,5e-04,"Ahyacinthus13453-RA","Biological Processes","C-type lectin domain family 4 member A (C-type lectin superfamily member 6) (Dendritic cell inhibitory receptor) (CD antigen CD367)","Clec4a Clecsf6 Dcir"
"665","GO:0001879","detection of yeast",2,2,0.04,5e-04,"Ahyacinthus13473-RA","Biological Processes","C-type lectin domain family 4 member A (C-type lectin superfamily member 6) (Dendritic cell inhibitory receptor) (CD antigen CD367)","Clec4a Clecsf6 Dcir"
"666","GO:0032715","negative regulation of interleukin-6 production",46,6,1.03,0.00054,"Ahyacinthus09564-RA","Biological Processes","Protein NLRC3","Nlrc3"
"667","GO:0032715","negative regulation of interleukin-6 production",46,6,1.03,0.00054,"Ahyacinthus24982-RA","Biological Processes","Protein NLRC3","Nlrc3"
"668","GO:0032715","negative regulation of interleukin-6 production",46,6,1.03,0.00054,"Ahyacinthus24998-RA","Biological Processes","NLR family CARD domain-containing protein 3 (CARD15-like protein) (Caterpiller protein 16.2) (CLR16.2) (NACHT, LRR and CARD domains-containing protein 3) (Nucleotide-binding oligomerization domain protein 3)","NLRC3 NOD3"
"669","GO:0032715","negative regulation of interleukin-6 production",46,6,1.03,0.00054,"Ahyacinthus25872-RA","Biological Processes","Protein NLRC3","Nlrc3"
"670","GO:0032715","negative regulation of interleukin-6 production",46,6,1.03,0.00054,"Ahyacinthus26194-RA","Biological Processes","Protein NLRC3","Nlrc3"
"671","GO:0032715","negative regulation of interleukin-6 production",46,6,1.03,0.00054,"Ahyacinthus26731-RA","Biological Processes","NLR family CARD domain-containing protein 3 (CARD15-like protein) (Caterpiller protein 16.2) (CLR16.2) (NACHT, LRR and CARD domains-containing protein 3) (Nucleotide-binding oligomerization domain protein 3)","NLRC3 NOD3"
"672","GO:0050804","modulation of chemical synaptic transmission",365,17,8.2,6e-04,"Ahyacinthus00397-RA","Biological Processes","Metabotropic glutamate receptor 3 (mGluR3)","Grm3 Gprc1c Mglur3"
"673","GO:0050804","modulation of chemical synaptic transmission",365,17,8.2,6e-04,"Ahyacinthus00398-RA","Biological Processes","Metabotropic glutamate receptor 3 (mGluR3)","Grm3 Gprc1c Mglur3"
"674","GO:0050804","modulation of chemical synaptic transmission",365,17,8.2,6e-04,"Ahyacinthus01348-RA","Biological Processes","Neural cell adhesion molecule 1 (N-CAM-1) (NCAM-1) (CD antigen CD56)","Ncam1 Ncam"
"675","GO:0050804","modulation of chemical synaptic transmission",365,17,8.2,6e-04,"Ahyacinthus02542-RA","Biological Processes","Glutamate receptor 4 (GluR-4) (GluR4) (AMPA-selective glutamate receptor 4) (GluR-D) (Glutamate receptor ionotropic, AMPA 4)","GRIA4 GluA4 GLUR4"
"676","GO:0050804","modulation of chemical synaptic transmission",365,17,8.2,6e-04,"Ahyacinthus04009-RA","Biological Processes","Ephrin type-A receptor 7 (EC 2.7.10.1) (EPH homology kinase 3) (EHK-3) (EPH-like kinase 11) (EK11) (hEK11)","EPHA7 EHK3 HEK11"
"677","GO:0050804","modulation of chemical synaptic transmission",365,17,8.2,6e-04,"Ahyacinthus04016-RA","Biological Processes","Ephrin type-B receptor 1 (EC 2.7.10.1)","Ephb1"
"678","GO:0050804","modulation of chemical synaptic transmission",365,17,8.2,6e-04,"Ahyacinthus04089-RA","Biological Processes","Glutamate receptor ionotropic, kainate glr-3","glr-3 K10D3.1"
"679","GO:0050804","modulation of chemical synaptic transmission",365,17,8.2,6e-04,"Ahyacinthus04093-RA","Biological Processes","Glutamate receptor 3 (GluR-3) (AMPA-selective glutamate receptor 3) (GluR-C) (GluR-K3) (Glutamate receptor ionotropic, AMPA 3)","Gria3 GluA3 Glur3"
"680","GO:0050804","modulation of chemical synaptic transmission",365,17,8.2,6e-04,"Ahyacinthus07664-RA","Biological Processes","PX domain-containing protein kinase-like protein (Modulator of Na,K-ATPase) (MONaKA)","Pxk"
"681","GO:0050804","modulation of chemical synaptic transmission",365,17,8.2,6e-04,"Ahyacinthus09387-RA","Biological Processes","Ras-specific guanine nucleotide-releasing factor 1 (Ras-GRF1) (Guanine nucleotide-releasing protein) (GNRP) (Ras-specific nucleotide exchange factor CDC25)","RASGRF1 CDC25 GNRP GRF1"
"682","GO:0050804","modulation of chemical synaptic transmission",365,17,8.2,6e-04,"Ahyacinthus11444-RA","Biological Processes","Histamine H2 receptor (H2R) (HH2R) (Gastric receptor I)","Hrh2"
"683","GO:0050804","modulation of chemical synaptic transmission",365,17,8.2,6e-04,"Ahyacinthus12840-RA","Biological Processes","Netrin receptor DCC (Tumor suppressor protein DCC)","Dcc"
"684","GO:0050804","modulation of chemical synaptic transmission",365,17,8.2,6e-04,"Ahyacinthus15396-RA","Biological Processes","Glutamate receptor 1","glr-1 C06E1.4"
"685","GO:0050804","modulation of chemical synaptic transmission",365,17,8.2,6e-04,"Ahyacinthus17545-RA","Biological Processes","Receptor-type tyrosine-protein phosphatase S (R-PTP-S) (EC 3.1.3.48) (Receptor-type tyrosine-protein phosphatase sigma) (R-PTP-sigma)","PTPRS"
"686","GO:0050804","modulation of chemical synaptic transmission",365,17,8.2,6e-04,"Ahyacinthus17734-RA","Biological Processes","Receptor-type tyrosine-protein phosphatase delta (Protein-tyrosine phosphatase delta) (R-PTP-delta) (EC 3.1.3.48)","Ptprd"
"687","GO:0050804","modulation of chemical synaptic transmission",365,17,8.2,6e-04,"Ahyacinthus23418-RA","Biological Processes","Neurabin-1 (Neurabin-I) (Neural tissue-specific F-actin-binding protein I) (PP1bp175) (Protein phosphatase 1 regulatory subunit 9A) (p180)","Ppp1r9a"
"688","GO:0050804","modulation of chemical synaptic transmission",365,17,8.2,6e-04,"Ahyacinthus24076-RA","Biological Processes","Adhesion G protein-coupled receptor B1 (Brain-specific angiogenesis inhibitor 1) [Cleaved into: Vasculostatin-40 (Vstat40); Vasculostatin-120 (Vstat120)]","ADGRB1 BAI1"
"689","GO:0010467","gene expression",3799,65,85.36,0.00064,"Ahyacinthus00397-RA","Biological Processes","Metabotropic glutamate receptor 3 (mGluR3)","Grm3 Gprc1c Mglur3"
"690","GO:0010467","gene expression",3799,65,85.36,0.00064,"Ahyacinthus00398-RA","Biological Processes","Metabotropic glutamate receptor 3 (mGluR3)","Grm3 Gprc1c Mglur3"
"691","GO:0010467","gene expression",3799,65,85.36,0.00064,"Ahyacinthus00666-RA","Biological Processes","Low-density lipoprotein receptor-related protein 6 (LRP-6)","Lrp6"
"692","GO:0010467","gene expression",3799,65,85.36,0.00064,"Ahyacinthus01292-RA","Biological Processes","Extracellular calcium-sensing receptor (CaSR) (Parathyroid cell calcium-sensing receptor) (PCaR1) (RaKCaR)","Casr Gprc2a Pcar1"
"693","GO:0010467","gene expression",3799,65,85.36,0.00064,"Ahyacinthus01390-RA","Biological Processes","Multiple epidermal growth factor-like domains protein 8 (Multiple EGF-like domains protein 8) (Epidermal growth factor-like protein 4) (EGF-like protein 4)","Megf8 Egfl4"
"694","GO:0010467","gene expression",3799,65,85.36,0.00064,"Ahyacinthus01889-RA","Biological Processes","Transcriptional adapter 2-alpha (Transcriptional adapter 2-like) (ADA2-like protein)","TADA2A TADA2L KL04P"
"695","GO:0010467","gene expression",3799,65,85.36,0.00064,"Ahyacinthus02173-RA","Biological Processes","Beta-1,3-glucosyltransferase (Beta3Glc-T) (EC 2.4.1.-) (Beta 3-glucosyltransferase) (Beta-3-glycosyltransferase-like)","B3glct B3galtl Gm1057"
"696","GO:0010467","gene expression",3799,65,85.36,0.00064,"Ahyacinthus03823-RA","Biological Processes","Roundabout homolog 1 (Deleted in U twenty twenty) (H-Robo-1)","ROBO1 DUTT1"
"697","GO:0010467","gene expression",3799,65,85.36,0.00064,"Ahyacinthus03950-RA","Biological Processes","Sterile alpha motif domain-containing protein 11 (SAM domain-containing protein 11) (Major retinal SAM domain-containing protein) (Mr-s)","Samd11"
"698","GO:0010467","gene expression",3799,65,85.36,0.00064,"Ahyacinthus04016-RA","Biological Processes","Ephrin type-B receptor 1 (EC 2.7.10.1)","Ephb1"
"699","GO:0010467","gene expression",3799,65,85.36,0.00064,"Ahyacinthus05097-RA","Biological Processes","PC3-like endoprotease variant A (EC 3.4.21.-) (SPC3)",""
"700","GO:0010467","gene expression",3799,65,85.36,0.00064,"Ahyacinthus05638-RA","Biological Processes","DNA-directed RNA polymerase I subunit RPA2 (RNA polymerase I subunit 2) (EC 2.7.7.6) (DNA-directed RNA polymerase I 135 kDa polypeptide) (RPA135)","POLR1B"
"701","GO:0010467","gene expression",3799,65,85.36,0.00064,"Ahyacinthus06138-RA","Biological Processes","Serine/threonine-protein kinase pim-1 (EC 2.7.11.1)","Pim1 Pim-1"
"702","GO:0010467","gene expression",3799,65,85.36,0.00064,"Ahyacinthus06799-RA","Biological Processes","Transformation/transcription domain-associated protein (350/400 kDa PCAF-associated factor) (PAF350/400) (STAF40) (Tra1 homolog)","TRRAP PAF400"
"703","GO:0010467","gene expression",3799,65,85.36,0.00064,"Ahyacinthus08321-RA","Biological Processes","Filamin-A (FLN-A) (Actin-binding protein 280) (ABP-280) (Alpha-filamin) (Endothelial actin-binding protein) (Filamin-1) (Non-muscle filamin)","Flna Fln Fln1"
"704","GO:0010467","gene expression",3799,65,85.36,0.00064,"Ahyacinthus08340-RA","Biological Processes","F-box/WD repeat-containing protein 7 (F-box and WD-40 domain-containing protein 7)","FBXW7 FBW7"
"705","GO:0010467","gene expression",3799,65,85.36,0.00064,"Ahyacinthus09564-RA","Biological Processes","Protein NLRC3","Nlrc3"
"706","GO:0010467","gene expression",3799,65,85.36,0.00064,"Ahyacinthus10219-RA","Biological Processes","Sushi, von Willebrand factor type A, EGF and pentraxin domain-containing protein 1","Svep1"
"707","GO:0010467","gene expression",3799,65,85.36,0.00064,"Ahyacinthus10546-RA","Biological Processes","Fibronectin (FN) [Cleaved into: Anastellin]","Fn1"
"708","GO:0010467","gene expression",3799,65,85.36,0.00064,"Ahyacinthus10988-RA","Biological Processes","Lysyl oxidase homolog 2 (EC 1.4.3.13) (Lysyl oxidase-like protein 2)","Loxl2"
"709","GO:0010467","gene expression",3799,65,85.36,0.00064,"Ahyacinthus11816-RA","Biological Processes","IQ domain-containing protein E","Iqce"
"710","GO:0010467","gene expression",3799,65,85.36,0.00064,"Ahyacinthus12069-RA","Biological Processes","Bromodomain-containing protein 8 (Skeletal muscle abundant protein) (Skeletal muscle abundant protein 2) (Thyroid hormone receptor coactivating protein of 120 kDa) (TrCP120) (p120)","BRD8 SMAP SMAP2"
"711","GO:0010467","gene expression",3799,65,85.36,0.00064,"Ahyacinthus12338-RA","Biological Processes","Neurotrypsin (EC 3.4.21.-) (Brain-specific serine protease 3) (BSSP-3) (Motopsin) (Serine protease 12)","Prss12 Bssp3"
"712","GO:0010467","gene expression",3799,65,85.36,0.00064,"Ahyacinthus13055-RA","Biological Processes","Histone lysine acetyltransferase CREBBP (EC 2.3.1.48) (Protein lactyltransferas CREBBP) (EC 2.3.1.-) (Protein-lysine acetyltransferase CREBBP) (EC 2.3.1.-)","Crebbp Cbp"
"713","GO:0010467","gene expression",3799,65,85.36,0.00064,"Ahyacinthus13057-RA","Biological Processes","C-Jun-amino-terminal kinase-interacting protein 3 (JIP-3) (JNK-interacting protein 3) (JNK MAP kinase scaffold protein 3)","Mapk8ip3 Jip3"
"714","GO:0010467","gene expression",3799,65,85.36,0.00064,"Ahyacinthus13453-RA","Biological Processes","C-type lectin domain family 4 member A (C-type lectin superfamily member 6) (Dendritic cell inhibitory receptor) (CD antigen CD367)","Clec4a Clecsf6 Dcir"
"715","GO:0010467","gene expression",3799,65,85.36,0.00064,"Ahyacinthus13473-RA","Biological Processes","C-type lectin domain family 4 member A (C-type lectin superfamily member 6) (Dendritic cell inhibitory receptor) (CD antigen CD367)","Clec4a Clecsf6 Dcir"
"716","GO:0010467","gene expression",3799,65,85.36,0.00064,"Ahyacinthus13519-RA","Biological Processes","Progesterone-induced-blocking factor 1 (PIBF) (Centrosomal protein of 90 kDa) (CEP90)","PIBF1 C13orf24 PIBF"
"717","GO:0010467","gene expression",3799,65,85.36,0.00064,"Ahyacinthus13626-RA","Biological Processes","E3 ubiquitin-protein ligase TRIM71 (EC 2.3.2.27) (Protein lin-41 homolog) (RING-type E3 ubiquitin transferase TRIM71) (Tripartite motif-containing protein 71)","trim71 lin41"
"718","GO:0010467","gene expression",3799,65,85.36,0.00064,"Ahyacinthus13628-RA","Biological Processes","E3 ubiquitin-protein ligase TRIM71 (EC 2.3.2.27) (Protein lin-41 homolog) (RING-type E3 ubiquitin transferase TRIM71) (Tripartite motif-containing protein 71)","trim71 lin41"
"719","GO:0010467","gene expression",3799,65,85.36,0.00064,"Ahyacinthus14681-RA","Biological Processes","Neurogenic locus Notch protein [Cleaved into: Processed neurogenic locus Notch protein]","N CG3936"
"720","GO:0010467","gene expression",3799,65,85.36,0.00064,"Ahyacinthus16327-RA","Biological Processes","Protein mono-ADP-ribosyltransferase PARP14 (EC 2.4.2.-) (ADP-ribosyltransferase diphtheria toxin-like 8) (ARTD8) (Collaborator of STAT6) (CoaSt6) (Poly [ADP-ribose] polymerase 14) (PARP-14)","Parp14 Kiaa1268"
"721","GO:0010467","gene expression",3799,65,85.36,0.00064,"Ahyacinthus16328-RA","Biological Processes","Protein mono-ADP-ribosyltransferase PARP14 (EC 2.4.2.-) (ADP-ribosyltransferase diphtheria toxin-like 8) (ARTD8) (Collaborator of STAT6) (CoaSt6) (Poly [ADP-ribose] polymerase 14) (PARP-14)","Parp14 Kiaa1268"
"722","GO:0010467","gene expression",3799,65,85.36,0.00064,"Ahyacinthus16330-RA","Biological Processes","Protein mono-ADP-ribosyltransferase PARP14 (EC 2.4.2.-) (ADP-ribosyltransferase diphtheria toxin-like 8) (ARTD8) (B aggressive lymphoma protein 2) (Poly [ADP-ribose] polymerase 14) (PARP-14)","PARP14 BAL2 KIAA1268"
"723","GO:0010467","gene expression",3799,65,85.36,0.00064,"Ahyacinthus16331-RA","Biological Processes","Protein mono-ADP-ribosyltransferase PARP14 (EC 2.4.2.-) (ADP-ribosyltransferase diphtheria toxin-like 8) (ARTD8) (B aggressive lymphoma protein 2) (Poly [ADP-ribose] polymerase 14) (PARP-14)","PARP14 BAL2 KIAA1268"
"724","GO:0010467","gene expression",3799,65,85.36,0.00064,"Ahyacinthus16634-RA","Biological Processes","E3 ubiquitin-protein ligase TRIM71 (EC 2.3.2.27) (Protein lin-41 homolog) (RING-type E3 ubiquitin transferase TRIM71) (Tripartite motif-containing protein 71)","trim71 lin41"
"725","GO:0010467","gene expression",3799,65,85.36,0.00064,"Ahyacinthus17138-RA","Biological Processes","SWI/SNF-related matrix-associated actin-dependent regulator of chromatin subfamily A member 2 (SAMRCA2) (EC 3.6.4.-) (BRG1-associated factor 190B) (BAF190B) (Probable global transcription activator SNF2L2) (Protein brahma homolog) (SNF2-alpha)","Smarca2 Baf190b Brm Snf2a Snf2l2"
"726","GO:0010467","gene expression",3799,65,85.36,0.00064,"Ahyacinthus17545-RA","Biological Processes","Receptor-type tyrosine-protein phosphatase S (R-PTP-S) (EC 3.1.3.48) (Receptor-type tyrosine-protein phosphatase sigma) (R-PTP-sigma)","PTPRS"
"727","GO:0010467","gene expression",3799,65,85.36,0.00064,"Ahyacinthus17581-RA","Biological Processes","E3 ubiquitin-protein ligase TRIM71 (EC 2.3.2.27) (Protein lin-41 homolog) (RING-type E3 ubiquitin transferase TRIM71) (Tripartite motif-containing protein 71)","trim71 lin41"
"728","GO:0010467","gene expression",3799,65,85.36,0.00064,"Ahyacinthus17840-RA","Biological Processes","Terminal uridylyltransferase 4 (TUTase 4) (EC 2.7.7.52) (Zinc finger CCHC domain-containing protein 11)","TUT4 KIAA0191 ZCCHC11"
"729","GO:0010467","gene expression",3799,65,85.36,0.00064,"Ahyacinthus18205-RA","Biological Processes","Zinc finger CCHC domain-containing protein 3","ZCCHC3 C20orf99"
"730","GO:0010467","gene expression",3799,65,85.36,0.00064,"Ahyacinthus18366-RA","Biological Processes","Eukaryotic translation initiation factor 3 subunit B (eIF3b) (Eukaryotic translation initiation factor 3 subunit 9) (Prt1 homolog) (hPrt1) (eIF-3-eta) (eIF3 p110) (eIF3 p116)","EIF3B EIF3S9"
"731","GO:0010467","gene expression",3799,65,85.36,0.00064,"Ahyacinthus19805-RA","Biological Processes","Neurogenic locus notch homolog protein 1 (Notch 1) [Cleaved into: Notch 1 extracellular truncation (NEXT); Notch 1 intracellular domain (NICD)]","notch1"
"732","GO:0010467","gene expression",3799,65,85.36,0.00064,"Ahyacinthus19833-RA","Biological Processes","Toll-like receptor 1 (Toll/interleukin-1 receptor-like protein) (TIL) (CD antigen CD281)","TLR1 KIAA0012"
"733","GO:0010467","gene expression",3799,65,85.36,0.00064,"Ahyacinthus20013-RA","Biological Processes","Mediator of RNA polymerase II transcription subunit 25 (Mediator complex subunit 25)","med25"
"734","GO:0010467","gene expression",3799,65,85.36,0.00064,"Ahyacinthus20036-RA","Biological Processes","Sushi, von Willebrand factor type A, EGF and pentraxin domain-containing protein 1","Svep1"
"735","GO:0010467","gene expression",3799,65,85.36,0.00064,"Ahyacinthus20229-RA","Biological Processes","Scaffold attachment factor B1 (SAF-B1)","SAFB SAFB1"
"736","GO:0010467","gene expression",3799,65,85.36,0.00064,"Ahyacinthus20770-RA","Biological Processes","Neuroblast differentiation-associated protein AHNAK (Desmoyokin)","AHNAK PM227"
"737","GO:0010467","gene expression",3799,65,85.36,0.00064,"Ahyacinthus21923-RA","Biological Processes","E3 ubiquitin-protein ligase UBR5 (EC 2.3.2.26) (E3 ubiquitin-protein ligase, HECT domain-containing 1) (Hyperplastic discs protein homolog)","Ubr5 Edd Edd1 Kiaa0896"
"738","GO:0010467","gene expression",3799,65,85.36,0.00064,"Ahyacinthus22079-RA","Biological Processes","DNA-directed RNA polymerase III subunit rpc1 (RNA polymerase III subunit C1) (EC 2.7.7.6) (DNA-directed RNA polymerase III largest subunit) (RPC158)","rpc1 SPBC651.08c"
"739","GO:0010467","gene expression",3799,65,85.36,0.00064,"Ahyacinthus22609-RA","Biological Processes","Sushi, von Willebrand factor type A, EGF and pentraxin domain-containing protein 1","Svep1"
"740","GO:0010467","gene expression",3799,65,85.36,0.00064,"Ahyacinthus22797-RA","Biological Processes","Structural maintenance of chromosomes flexible hinge domain-containing protein 1 (SMC hinge domain-containing protein 1) (EC 3.6.1.-)","SMCHD1 KIAA0650"
"741","GO:0010467","gene expression",3799,65,85.36,0.00064,"Ahyacinthus23864-RA","Biological Processes","Titin (EC 2.7.11.1) (Connectin) (Rhabdomyosarcoma antigen MU-RMS-40.14)","TTN"
"742","GO:0010467","gene expression",3799,65,85.36,0.00064,"Ahyacinthus23866-RA","Biological Processes","Muscle M-line assembly protein unc-89 (Inactive serine/threonine-protein kinase unc-89) (Obscurin) (Uncoordinated protein 89)","unc-89 C09D1.1"
"743","GO:0010467","gene expression",3799,65,85.36,0.00064,"Ahyacinthus23986-RA","Biological Processes","Zinc finger CCHC domain-containing protein 3","ZCCHC3 C20orf99"
"744","GO:0010467","gene expression",3799,65,85.36,0.00064,"Ahyacinthus24982-RA","Biological Processes","Protein NLRC3","Nlrc3"
"745","GO:0010467","gene expression",3799,65,85.36,0.00064,"Ahyacinthus24998-RA","Biological Processes","NLR family CARD domain-containing protein 3 (CARD15-like protein) (Caterpiller protein 16.2) (CLR16.2) (NACHT, LRR and CARD domains-containing protein 3) (Nucleotide-binding oligomerization domain protein 3)","NLRC3 NOD3"
"746","GO:0010467","gene expression",3799,65,85.36,0.00064,"Ahyacinthus25872-RA","Biological Processes","Protein NLRC3","Nlrc3"
"747","GO:0010467","gene expression",3799,65,85.36,0.00064,"Ahyacinthus26171-RA","Biological Processes","Sushi, von Willebrand factor type A, EGF and pentraxin domain-containing protein 1","Svep1"
"748","GO:0010467","gene expression",3799,65,85.36,0.00064,"Ahyacinthus26174-RA","Biological Processes","Sushi, von Willebrand factor type A, EGF and pentraxin domain-containing protein 1","Svep1"
"749","GO:0010467","gene expression",3799,65,85.36,0.00064,"Ahyacinthus26179-RA","Biological Processes","Sushi, von Willebrand factor type A, EGF and pentraxin domain-containing protein 1","Svep1"
"750","GO:0010467","gene expression",3799,65,85.36,0.00064,"Ahyacinthus26182-RA","Biological Processes","Sushi, von Willebrand factor type A, EGF and pentraxin domain-containing protein 1","Svep1"
"751","GO:0010467","gene expression",3799,65,85.36,0.00064,"Ahyacinthus26194-RA","Biological Processes","Protein NLRC3","Nlrc3"
"752","GO:0010467","gene expression",3799,65,85.36,0.00064,"Ahyacinthus26731-RA","Biological Processes","NLR family CARD domain-containing protein 3 (CARD15-like protein) (Caterpiller protein 16.2) (CLR16.2) (NACHT, LRR and CARD domains-containing protein 3) (Nucleotide-binding oligomerization domain protein 3)","NLRC3 NOD3"
"753","GO:0010467","gene expression",3799,65,85.36,0.00064,"Ahyacinthus26743-RA","Biological Processes","Paired box protein 1 homolog","pax-1 K07C11.1"
"754","GO:0008285","negative regulation of cell population proliferatio...",277,22,6.22,0.00066,"Ahyacinthus00666-RA","Biological Processes","Low-density lipoprotein receptor-related protein 6 (LRP-6)","Lrp6"
"755","GO:0008285","negative regulation of cell population proliferatio...",277,22,6.22,0.00066,"Ahyacinthus03823-RA","Biological Processes","Roundabout homolog 1 (Deleted in U twenty twenty) (H-Robo-1)","ROBO1 DUTT1"
"756","GO:0008285","negative regulation of cell population proliferatio...",277,22,6.22,0.00066,"Ahyacinthus04016-RA","Biological Processes","Ephrin type-B receptor 1 (EC 2.7.10.1)","Ephb1"
"757","GO:0008285","negative regulation of cell population proliferatio...",277,22,6.22,0.00066,"Ahyacinthus07076-RA","Biological Processes","52 kDa repressor of the inhibitor of the protein kinase (p52rIPK) (58 kDa interferon-induced protein kinase-interacting protein) (p58IPK-interacting protein) (Death-associated protein 4) (THAP domain-containing protein 0) (THAP domain-containing protein 12)","THAP12 DAP4 P52RIPK PRKRIR THAP0"
"758","GO:0008285","negative regulation of cell population proliferatio...",277,22,6.22,0.00066,"Ahyacinthus09564-RA","Biological Processes","Protein NLRC3","Nlrc3"
"759","GO:0008285","negative regulation of cell population proliferatio...",277,22,6.22,0.00066,"Ahyacinthus10485-RA","Biological Processes","Epithelial discoidin domain-containing receptor 1 (Epithelial discoidin domain receptor 1) (EC 2.7.10.1) (CD167 antigen-like family member A) (Cell adhesion kinase) (Discoidin receptor tyrosine kinase) (Protein-tyrosine kinase MPK-6) (Tyrosine kinase DDR) (Tyrosine-protein kinase CAK) (CD antigen CD167a)","Ddr1 Cak Eddr1 Mpk6"
"760","GO:0008285","negative regulation of cell population proliferatio...",277,22,6.22,0.00066,"Ahyacinthus13155-RA","Biological Processes","Somatostatin receptor type 5 (SS-5-R) (SS5-R) (SS5R) (SST5)","SSTR5"
"761","GO:0008285","negative regulation of cell population proliferatio...",277,22,6.22,0.00066,"Ahyacinthus17138-RA","Biological Processes","SWI/SNF-related matrix-associated actin-dependent regulator of chromatin subfamily A member 2 (SAMRCA2) (EC 3.6.4.-) (BRG1-associated factor 190B) (BAF190B) (Probable global transcription activator SNF2L2) (Protein brahma homolog) (SNF2-alpha)","Smarca2 Baf190b Brm Snf2a Snf2l2"
"762","GO:0008285","negative regulation of cell population proliferatio...",277,22,6.22,0.00066,"Ahyacinthus17546-RA","Biological Processes","Receptor-type tyrosine-protein phosphatase mu (Protein-tyrosine phosphatase mu) (R-PTP-mu) (EC 3.1.3.48)","PTPRM PTPRL1"
"763","GO:0008285","negative regulation of cell population proliferatio...",277,22,6.22,0.00066,"Ahyacinthus17818-RA","Biological Processes","Receptor-type tyrosine-protein phosphatase F (EC 3.1.3.48) (Leukocyte common antigen related) (LAR)","Ptprf Lar"
"764","GO:0008285","negative regulation of cell population proliferatio...",277,22,6.22,0.00066,"Ahyacinthus17919-RA","Biological Processes","Receptor-type tyrosine-protein phosphatase F (EC 3.1.3.48) (Leukocyte common antigen related) (LAR)","Ptprf Lar"
"765","GO:0008285","negative regulation of cell population proliferatio...",277,22,6.22,0.00066,"Ahyacinthus19466-RA","Biological Processes","Tumor protein p53-inducible protein 11 (p53-induced gene 11 protein)","TP53I11 PIG11"
"766","GO:0008285","negative regulation of cell population proliferatio...",277,22,6.22,0.00066,"Ahyacinthus21513-RA","Biological Processes","52 kDa repressor of the inhibitor of the protein kinase (p52rIPK) (58 kDa interferon-induced protein kinase-interacting protein) (p58IPK-interacting protein) (Death-associated protein 4) (THAP domain-containing protein 0) (THAP domain-containing protein 12)","THAP12 DAP4 P52RIPK PRKRIR THAP0"
"767","GO:0008285","negative regulation of cell population proliferatio...",277,22,6.22,0.00066,"Ahyacinthus24076-RA","Biological Processes","Adhesion G protein-coupled receptor B1 (Brain-specific angiogenesis inhibitor 1) [Cleaved into: Vasculostatin-40 (Vstat40); Vasculostatin-120 (Vstat120)]","ADGRB1 BAI1"
"768","GO:0008285","negative regulation of cell population proliferatio...",277,22,6.22,0.00066,"Ahyacinthus24108-RA","Biological Processes","52 kDa repressor of the inhibitor of the protein kinase (p52rIPK) (58 kDa interferon-induced protein kinase-interacting protein) (p58IPK-interacting protein) (Death-associated protein 4) (THAP domain-containing protein 0) (THAP domain-containing protein 12)","THAP12 DAP4 P52RIPK PRKRIR THAP0"
"769","GO:0008285","negative regulation of cell population proliferatio...",277,22,6.22,0.00066,"Ahyacinthus24982-RA","Biological Processes","Protein NLRC3","Nlrc3"
"770","GO:0008285","negative regulation of cell population proliferatio...",277,22,6.22,0.00066,"Ahyacinthus24998-RA","Biological Processes","NLR family CARD domain-containing protein 3 (CARD15-like protein) (Caterpiller protein 16.2) (CLR16.2) (NACHT, LRR and CARD domains-containing protein 3) (Nucleotide-binding oligomerization domain protein 3)","NLRC3 NOD3"
"771","GO:0008285","negative regulation of cell population proliferatio...",277,22,6.22,0.00066,"Ahyacinthus25872-RA","Biological Processes","Protein NLRC3","Nlrc3"
"772","GO:0008285","negative regulation of cell population proliferatio...",277,22,6.22,0.00066,"Ahyacinthus26014-RA","Biological Processes","52 kDa repressor of the inhibitor of the protein kinase (p52rIPK) (58 kDa interferon-induced protein kinase-interacting protein) (p58IPK-interacting protein) (Death-associated protein 4) (THAP domain-containing protein 0) (THAP domain-containing protein 12)","THAP12 DAP4 P52RIPK PRKRIR THAP0"
"773","GO:0008285","negative regulation of cell population proliferatio...",277,22,6.22,0.00066,"Ahyacinthus26194-RA","Biological Processes","Protein NLRC3","Nlrc3"
"774","GO:0008285","negative regulation of cell population proliferatio...",277,22,6.22,0.00066,"Ahyacinthus26519-RA","Biological Processes","52 kDa repressor of the inhibitor of the protein kinase (p52rIPK) (58 kDa interferon-induced protein kinase-interacting protein) (p58IPK-interacting protein) (Death-associated protein 4) (THAP domain-containing protein 0) (THAP domain-containing protein 12)","THAP12 DAP4 P52RIPK PRKRIR THAP0"
"775","GO:0008285","negative regulation of cell population proliferatio...",277,22,6.22,0.00066,"Ahyacinthus26731-RA","Biological Processes","NLR family CARD domain-containing protein 3 (CARD15-like protein) (Caterpiller protein 16.2) (CLR16.2) (NACHT, LRR and CARD domains-containing protein 3) (Nucleotide-binding oligomerization domain protein 3)","NLRC3 NOD3"
"776","GO:0002376","immune system process",1225,51,27.53,0.00069,"Ahyacinthus01292-RA","Biological Processes","Extracellular calcium-sensing receptor (CaSR) (Parathyroid cell calcium-sensing receptor) (PCaR1) (RaKCaR)","Casr Gprc2a Pcar1"
"777","GO:0002376","immune system process",1225,51,27.53,0.00069,"Ahyacinthus01738-RA","Biological Processes","Laminin subunit alpha (Laminin A chain)","LanA lamA CG10236"
"778","GO:0002376","immune system process",1225,51,27.53,0.00069,"Ahyacinthus02983-RA","Biological Processes","Peroxidasin homolog (EC 1.11.2.-) (Melanoma-associated antigen MG50) (Peroxidasin 1) (hsPxd01) (Vascular peroxidase 1) (p53-responsive gene 2 protein) [Cleaved into: PXDN active fragment]","PXDN KIAA0230 MG50 PRG2 PXD01 VPO VPO1"
"779","GO:0002376","immune system process",1225,51,27.53,0.00069,"Ahyacinthus03486-RA","Biological Processes","Cyclic GMP-AMP synthase-like receptor 2 (Sp-cGLR2) (EC 2.7.7.86)","cGLR2 MB21D2 AWC38_SpisGene17868"
"780","GO:0002376","immune system process",1225,51,27.53,0.00069,"Ahyacinthus04016-RA","Biological Processes","Ephrin type-B receptor 1 (EC 2.7.10.1)","Ephb1"
"781","GO:0002376","immune system process",1225,51,27.53,0.00069,"Ahyacinthus04018-RA","Biological Processes","Ephrin type-B receptor 3 (EC 2.7.10.1) (Developmental kinase 5) (mDK-5) (Tyrosine-protein kinase receptor SEK-4)","Ephb3 Etk2 Mdk5 Sek4"
"782","GO:0002376","immune system process",1225,51,27.53,0.00069,"Ahyacinthus06138-RA","Biological Processes","Serine/threonine-protein kinase pim-1 (EC 2.7.11.1)","Pim1 Pim-1"
"783","GO:0002376","immune system process",1225,51,27.53,0.00069,"Ahyacinthus08340-RA","Biological Processes","F-box/WD repeat-containing protein 7 (F-box and WD-40 domain-containing protein 7)","FBXW7 FBW7"
"784","GO:0002376","immune system process",1225,51,27.53,0.00069,"Ahyacinthus08952-RA","Biological Processes","E3 ubiquitin-protein ligase rnf213-beta (EC 2.3.2.27) (EC 3.6.4.-) (E3 ubiquitin-lipopolysaccharide ligase rnf213-beta) (EC 2.3.2.-) (Mysterin-B) (Mysterin-beta) (RING finger protein 213-B) (RING finger protein 213-beta)","rnf213b"
"785","GO:0002376","immune system process",1225,51,27.53,0.00069,"Ahyacinthus08953-RA","Biological Processes","E3 ubiquitin-protein ligase rnf213-alpha (EC 2.3.2.27) (EC 3.6.4.-) (E3 ubiquitin-lipopolysaccharide ligase rnf213-alpha) (EC 2.3.2.-) (Mysterin-A) (Mysterin-alpha) (RING finger protein 213-A) (RING finger protein 213-alpha)","rnf213a"
"786","GO:0002376","immune system process",1225,51,27.53,0.00069,"Ahyacinthus09564-RA","Biological Processes","Protein NLRC3","Nlrc3"
"787","GO:0002376","immune system process",1225,51,27.53,0.00069,"Ahyacinthus10022-RA","Biological Processes","E3 ubiquitin-protein ligase rnf213-alpha (EC 2.3.2.27) (EC 3.6.4.-) (E3 ubiquitin-lipopolysaccharide ligase rnf213-alpha) (EC 2.3.2.-) (Mysterin-A) (Mysterin-alpha) (RING finger protein 213-A) (RING finger protein 213-alpha)","rnf213a"
"788","GO:0002376","immune system process",1225,51,27.53,0.00069,"Ahyacinthus10025-RA","Biological Processes","E3 ubiquitin-protein ligase rnf213-alpha (EC 2.3.2.27) (EC 3.6.4.-) (E3 ubiquitin-lipopolysaccharide ligase rnf213-alpha) (EC 2.3.2.-) (Mysterin-A) (Mysterin-alpha) (RING finger protein 213-A) (RING finger protein 213-alpha)","rnf213a"
"789","GO:0002376","immune system process",1225,51,27.53,0.00069,"Ahyacinthus10028-RA","Biological Processes","E3 ubiquitin-protein ligase RNF213 (EC 2.3.2.27) (EC 3.6.4.-) (ALK lymphoma oligomerization partner on chromosome 17) (E3 ubiquitin-lipopolysaccharide ligase RNF213) (EC 2.3.2.-) (Mysterin) (RING finger protein 213)","RNF213 ALO17 C17orf27 KIAA1554 KIAA1618 MYSTR"
"790","GO:0002376","immune system process",1225,51,27.53,0.00069,"Ahyacinthus10546-RA","Biological Processes","Fibronectin (FN) [Cleaved into: Anastellin]","Fn1"
"791","GO:0002376","immune system process",1225,51,27.53,0.00069,"Ahyacinthus10823-RA","Biological Processes","E3 ubiquitin-protein ligase rnf213-alpha (EC 2.3.2.27) (EC 3.6.4.-) (E3 ubiquitin-lipopolysaccharide ligase rnf213-alpha) (EC 2.3.2.-) (Mysterin-A) (Mysterin-alpha) (RING finger protein 213-A) (RING finger protein 213-alpha)","rnf213a"
"792","GO:0002376","immune system process",1225,51,27.53,0.00069,"Ahyacinthus10825-RA","Biological Processes","E3 ubiquitin-protein ligase rnf213-alpha (EC 2.3.2.27) (EC 3.6.4.-) (E3 ubiquitin-lipopolysaccharide ligase rnf213-alpha) (EC 2.3.2.-) (Mysterin-A) (Mysterin-alpha) (RING finger protein 213-A) (RING finger protein 213-alpha)","rnf213a"
"793","GO:0002376","immune system process",1225,51,27.53,0.00069,"Ahyacinthus11429-RA","Biological Processes","Cyclic GMP-AMP synthase-like receptor 2 (Sp-cGLR2) (EC 2.7.7.86)","cGLR2 MB21D2 AWC38_SpisGene17868"
"794","GO:0002376","immune system process",1225,51,27.53,0.00069,"Ahyacinthus12841-RA","Biological Processes","Tight junction protein 2 (Tight junction protein ZO-2) (Zona occludens protein 2) (Zonula occludens protein 2)","Tjp2 Zo2"
"795","GO:0002376","immune system process",1225,51,27.53,0.00069,"Ahyacinthus13453-RA","Biological Processes","C-type lectin domain family 4 member A (C-type lectin superfamily member 6) (Dendritic cell inhibitory receptor) (CD antigen CD367)","Clec4a Clecsf6 Dcir"
"796","GO:0002376","immune system process",1225,51,27.53,0.00069,"Ahyacinthus13473-RA","Biological Processes","C-type lectin domain family 4 member A (C-type lectin superfamily member 6) (Dendritic cell inhibitory receptor) (CD antigen CD367)","Clec4a Clecsf6 Dcir"
"797","GO:0002376","immune system process",1225,51,27.53,0.00069,"Ahyacinthus13519-RA","Biological Processes","Progesterone-induced-blocking factor 1 (PIBF) (Centrosomal protein of 90 kDa) (CEP90)","PIBF1 C13orf24 PIBF"
"798","GO:0002376","immune system process",1225,51,27.53,0.00069,"Ahyacinthus14681-RA","Biological Processes","Neurogenic locus Notch protein [Cleaved into: Processed neurogenic locus Notch protein]","N CG3936"
"799","GO:0002376","immune system process",1225,51,27.53,0.00069,"Ahyacinthus16327-RA","Biological Processes","Protein mono-ADP-ribosyltransferase PARP14 (EC 2.4.2.-) (ADP-ribosyltransferase diphtheria toxin-like 8) (ARTD8) (Collaborator of STAT6) (CoaSt6) (Poly [ADP-ribose] polymerase 14) (PARP-14)","Parp14 Kiaa1268"
"800","GO:0002376","immune system process",1225,51,27.53,0.00069,"Ahyacinthus16328-RA","Biological Processes","Protein mono-ADP-ribosyltransferase PARP14 (EC 2.4.2.-) (ADP-ribosyltransferase diphtheria toxin-like 8) (ARTD8) (Collaborator of STAT6) (CoaSt6) (Poly [ADP-ribose] polymerase 14) (PARP-14)","Parp14 Kiaa1268"
"801","GO:0002376","immune system process",1225,51,27.53,0.00069,"Ahyacinthus16330-RA","Biological Processes","Protein mono-ADP-ribosyltransferase PARP14 (EC 2.4.2.-) (ADP-ribosyltransferase diphtheria toxin-like 8) (ARTD8) (B aggressive lymphoma protein 2) (Poly [ADP-ribose] polymerase 14) (PARP-14)","PARP14 BAL2 KIAA1268"
"802","GO:0002376","immune system process",1225,51,27.53,0.00069,"Ahyacinthus16331-RA","Biological Processes","Protein mono-ADP-ribosyltransferase PARP14 (EC 2.4.2.-) (ADP-ribosyltransferase diphtheria toxin-like 8) (ARTD8) (B aggressive lymphoma protein 2) (Poly [ADP-ribose] polymerase 14) (PARP-14)","PARP14 BAL2 KIAA1268"
"803","GO:0002376","immune system process",1225,51,27.53,0.00069,"Ahyacinthus17076-RA","Biological Processes","Fucolectin-1",""
"804","GO:0002376","immune system process",1225,51,27.53,0.00069,"Ahyacinthus17113-RA","Biological Processes","Fucolectin-1",""
"805","GO:0002376","immune system process",1225,51,27.53,0.00069,"Ahyacinthus17138-RA","Biological Processes","SWI/SNF-related matrix-associated actin-dependent regulator of chromatin subfamily A member 2 (SAMRCA2) (EC 3.6.4.-) (BRG1-associated factor 190B) (BAF190B) (Probable global transcription activator SNF2L2) (Protein brahma homolog) (SNF2-alpha)","Smarca2 Baf190b Brm Snf2a Snf2l2"
"806","GO:0002376","immune system process",1225,51,27.53,0.00069,"Ahyacinthus17545-RA","Biological Processes","Receptor-type tyrosine-protein phosphatase S (R-PTP-S) (EC 3.1.3.48) (Receptor-type tyrosine-protein phosphatase sigma) (R-PTP-sigma)","PTPRS"
"807","GO:0002376","immune system process",1225,51,27.53,0.00069,"Ahyacinthus17549-RA","Biological Processes","Fucolectin-1",""
"808","GO:0002376","immune system process",1225,51,27.53,0.00069,"Ahyacinthus17734-RA","Biological Processes","Receptor-type tyrosine-protein phosphatase delta (Protein-tyrosine phosphatase delta) (R-PTP-delta) (EC 3.1.3.48)","Ptprd"
"809","GO:0002376","immune system process",1225,51,27.53,0.00069,"Ahyacinthus17910-RA","Biological Processes","Fucolectin-4",""
"810","GO:0002376","immune system process",1225,51,27.53,0.00069,"Ahyacinthus18205-RA","Biological Processes","Zinc finger CCHC domain-containing protein 3","ZCCHC3 C20orf99"
"811","GO:0002376","immune system process",1225,51,27.53,0.00069,"Ahyacinthus18331-RA","Biological Processes","Cyclic GMP-AMP synthase-like receptor 2 (Sp-cGLR2) (EC 2.7.7.86)","cGLR2 MB21D2 AWC38_SpisGene17868"
"812","GO:0002376","immune system process",1225,51,27.53,0.00069,"Ahyacinthus19833-RA","Biological Processes","Toll-like receptor 1 (Toll/interleukin-1 receptor-like protein) (TIL) (CD antigen CD281)","TLR1 KIAA0012"
"813","GO:0002376","immune system process",1225,51,27.53,0.00069,"Ahyacinthus23668-RA","Biological Processes","Cyclic GMP-AMP synthase-like receptor 1 (Sp-cGLR1) (Cyclic UMP-AMP synthase cGLR1) (EC 2.7.7.-)","cGLR1 mab21l2 AWC38_SpisGene15409"
"814","GO:0002376","immune system process",1225,51,27.53,0.00069,"Ahyacinthus23986-RA","Biological Processes","Zinc finger CCHC domain-containing protein 3","ZCCHC3 C20orf99"
"815","GO:0002376","immune system process",1225,51,27.53,0.00069,"Ahyacinthus24045-RA","Biological Processes","Cyclic GMP-AMP synthase-like receptor 3 (Sp-cGLR3) (Cyclic-di-AMP synthase cGLR3) (EC 2.7.7.85)",""
"816","GO:0002376","immune system process",1225,51,27.53,0.00069,"Ahyacinthus24076-RA","Biological Processes","Adhesion G protein-coupled receptor B1 (Brain-specific angiogenesis inhibitor 1) [Cleaved into: Vasculostatin-40 (Vstat40); Vasculostatin-120 (Vstat120)]","ADGRB1 BAI1"
"817","GO:0002376","immune system process",1225,51,27.53,0.00069,"Ahyacinthus24835-RA","Biological Processes","Cyclic GMP-AMP synthase-like receptor (Pd-cGLR) (EC 2.7.7.86)","cGLR pdam_00011560"
"818","GO:0002376","immune system process",1225,51,27.53,0.00069,"Ahyacinthus24982-RA","Biological Processes","Protein NLRC3","Nlrc3"
"819","GO:0002376","immune system process",1225,51,27.53,0.00069,"Ahyacinthus24998-RA","Biological Processes","NLR family CARD domain-containing protein 3 (CARD15-like protein) (Caterpiller protein 16.2) (CLR16.2) (NACHT, LRR and CARD domains-containing protein 3) (Nucleotide-binding oligomerization domain protein 3)","NLRC3 NOD3"
"820","GO:0002376","immune system process",1225,51,27.53,0.00069,"Ahyacinthus25342-RA","Biological Processes","TNF receptor-associated factor 6 (EC 2.3.2.27) (E3 ubiquitin-protein ligase TRAF6) (RING-type E3 ubiquitin transferase TRAF6)","traf6 TNeu045k15.1"
"821","GO:0002376","immune system process",1225,51,27.53,0.00069,"Ahyacinthus25872-RA","Biological Processes","Protein NLRC3","Nlrc3"
"822","GO:0002376","immune system process",1225,51,27.53,0.00069,"Ahyacinthus26194-RA","Biological Processes","Protein NLRC3","Nlrc3"
"823","GO:0002376","immune system process",1225,51,27.53,0.00069,"Ahyacinthus26729-RA","Biological Processes","Interleukin-1 receptor-associated kinase 4 (IRAK-4) (EC 2.7.11.1) (Renal carcinoma antigen NY-REN-64)","IRAK4"
"824","GO:0002376","immune system process",1225,51,27.53,0.00069,"Ahyacinthus26731-RA","Biological Processes","NLR family CARD domain-containing protein 3 (CARD15-like protein) (Caterpiller protein 16.2) (CLR16.2) (NACHT, LRR and CARD domains-containing protein 3) (Nucleotide-binding oligomerization domain protein 3)","NLRC3 NOD3"
"825","GO:0002376","immune system process",1225,51,27.53,0.00069,"Ahyacinthus26805-RA","Biological Processes","Deubiquitinase OTUD6B (EC 3.4.19.12)","otud6b zgc:56305"
"826","GO:0002376","immune system process",1225,51,27.53,0.00069,"Ahyacinthus26877-RA","Biological Processes","Pancreatic secretory granule membrane major glycoprotein GP2 (Pancreatic zymogen granule membrane protein GP-2) (ZAP75)","GP2"
"827","GO:0050982","detection of mechanical stimulus",117,10,2.63,0.00076,"Ahyacinthus04475-RA","Biological Processes","Polycystin-1-like protein 2 (Polycystin-1L2) (PC1-like 2 protein) (Polycystic kidney disease protein 1-like 2)","Pkd1l2"
"828","GO:0050982","detection of mechanical stimulus",117,10,2.63,0.00076,"Ahyacinthus04476-RA","Biological Processes","Polycystin-1-like protein 2 (Polycystin-1L2) (PC1-like 2 protein) (Polycystic kidney disease protein 1-like 2)","Pkd1l2"
"829","GO:0050982","detection of mechanical stimulus",117,10,2.63,0.00076,"Ahyacinthus15721-RA","Biological Processes","Polycystin-1-like protein 2 (Polycystin-1L2) (PC1-like 2 protein) (Polycystic kidney disease protein 1-like 2)","Pkd1l2"
"830","GO:0050982","detection of mechanical stimulus",117,10,2.63,0.00076,"Ahyacinthus18555-RA","Biological Processes","Polycystin-2 (Curly up) (Cup) (Polycystic kidney disease 2 protein homolog) (Transient receptor potential cation channel subfamily P member 2)","pkd2"
"831","GO:0050982","detection of mechanical stimulus",117,10,2.63,0.00076,"Ahyacinthus18591-RA","Biological Processes","Polycystin-1-like protein 2 (Polycystin-1L2) (PC1-like 2 protein) (Polycystic kidney disease protein 1-like 2)","Pkd1l2"
"832","GO:0050982","detection of mechanical stimulus",117,10,2.63,0.00076,"Ahyacinthus18672-RA","Biological Processes","Polycystin family receptor for egg jelly (PKD and REJ homolog) (Polycystic kidney disease and receptor for egg jelly-related protein)","Pkdrej"
"833","GO:0050982","detection of mechanical stimulus",117,10,2.63,0.00076,"Ahyacinthus20212-RA","Biological Processes","Polycystin-1-like protein 2 (Polycystin-1L2) (PC1-like 2 protein) (Polycystic kidney disease protein 1-like 2)","Pkd1l2"
"834","GO:0050982","detection of mechanical stimulus",117,10,2.63,0.00076,"Ahyacinthus20215-RA","Biological Processes","Polycystin-1-like protein 2 (Polycystin-1L2) (PC1-like 2 protein) (Polycystic kidney disease protein 1-like 2)","Pkd1l2"
"835","GO:0050982","detection of mechanical stimulus",117,10,2.63,0.00076,"Ahyacinthus20833-RA","Biological Processes","Polycystin-1-like protein 2 (Polycystin-1L2) (PC1-like 2 protein) (Polycystic kidney disease protein 1-like 2)","Pkd1l2"
"836","GO:0050982","detection of mechanical stimulus",117,10,2.63,0.00076,"Ahyacinthus23864-RA","Biological Processes","Titin (EC 2.7.11.1) (Connectin) (Rhabdomyosarcoma antigen MU-RMS-40.14)","TTN"
"837","GO:0045824","negative regulation of innate immune response",80,11,1.8,0.00089,"Ahyacinthus06138-RA","Biological Processes","Serine/threonine-protein kinase pim-1 (EC 2.7.11.1)","Pim1 Pim-1"
"838","GO:0045824","negative regulation of innate immune response",80,11,1.8,0.00089,"Ahyacinthus09564-RA","Biological Processes","Protein NLRC3","Nlrc3"
"839","GO:0045824","negative regulation of innate immune response",80,11,1.8,0.00089,"Ahyacinthus16327-RA","Biological Processes","Protein mono-ADP-ribosyltransferase PARP14 (EC 2.4.2.-) (ADP-ribosyltransferase diphtheria toxin-like 8) (ARTD8) (Collaborator of STAT6) (CoaSt6) (Poly [ADP-ribose] polymerase 14) (PARP-14)","Parp14 Kiaa1268"
"840","GO:0045824","negative regulation of innate immune response",80,11,1.8,0.00089,"Ahyacinthus16328-RA","Biological Processes","Protein mono-ADP-ribosyltransferase PARP14 (EC 2.4.2.-) (ADP-ribosyltransferase diphtheria toxin-like 8) (ARTD8) (Collaborator of STAT6) (CoaSt6) (Poly [ADP-ribose] polymerase 14) (PARP-14)","Parp14 Kiaa1268"
"841","GO:0045824","negative regulation of innate immune response",80,11,1.8,0.00089,"Ahyacinthus16330-RA","Biological Processes","Protein mono-ADP-ribosyltransferase PARP14 (EC 2.4.2.-) (ADP-ribosyltransferase diphtheria toxin-like 8) (ARTD8) (B aggressive lymphoma protein 2) (Poly [ADP-ribose] polymerase 14) (PARP-14)","PARP14 BAL2 KIAA1268"
"842","GO:0045824","negative regulation of innate immune response",80,11,1.8,0.00089,"Ahyacinthus16331-RA","Biological Processes","Protein mono-ADP-ribosyltransferase PARP14 (EC 2.4.2.-) (ADP-ribosyltransferase diphtheria toxin-like 8) (ARTD8) (B aggressive lymphoma protein 2) (Poly [ADP-ribose] polymerase 14) (PARP-14)","PARP14 BAL2 KIAA1268"
"843","GO:0045824","negative regulation of innate immune response",80,11,1.8,0.00089,"Ahyacinthus24982-RA","Biological Processes","Protein NLRC3","Nlrc3"
"844","GO:0045824","negative regulation of innate immune response",80,11,1.8,0.00089,"Ahyacinthus24998-RA","Biological Processes","NLR family CARD domain-containing protein 3 (CARD15-like protein) (Caterpiller protein 16.2) (CLR16.2) (NACHT, LRR and CARD domains-containing protein 3) (Nucleotide-binding oligomerization domain protein 3)","NLRC3 NOD3"
"845","GO:0045824","negative regulation of innate immune response",80,11,1.8,0.00089,"Ahyacinthus25872-RA","Biological Processes","Protein NLRC3","Nlrc3"
"846","GO:0045824","negative regulation of innate immune response",80,11,1.8,0.00089,"Ahyacinthus26194-RA","Biological Processes","Protein NLRC3","Nlrc3"
"847","GO:0045824","negative regulation of innate immune response",80,11,1.8,0.00089,"Ahyacinthus26731-RA","Biological Processes","NLR family CARD domain-containing protein 3 (CARD15-like protein) (Caterpiller protein 16.2) (CLR16.2) (NACHT, LRR and CARD domains-containing protein 3) (Nucleotide-binding oligomerization domain protein 3)","NLRC3 NOD3"
"848","GO:0031396","regulation of protein ubiquitination",120,6,2.7,0.00091,"Ahyacinthus08340-RA","Biological Processes","F-box/WD repeat-containing protein 7 (F-box and WD-40 domain-containing protein 7)","FBXW7 FBW7"
"849","GO:0031396","regulation of protein ubiquitination",120,6,2.7,0.00091,"Ahyacinthus09564-RA","Biological Processes","Protein NLRC3","Nlrc3"
"850","GO:0031396","regulation of protein ubiquitination",120,6,2.7,0.00091,"Ahyacinthus24076-RA","Biological Processes","Adhesion G protein-coupled receptor B1 (Brain-specific angiogenesis inhibitor 1) [Cleaved into: Vasculostatin-40 (Vstat40); Vasculostatin-120 (Vstat120)]","ADGRB1 BAI1"
"851","GO:0031396","regulation of protein ubiquitination",120,6,2.7,0.00091,"Ahyacinthus24982-RA","Biological Processes","Protein NLRC3","Nlrc3"
"852","GO:0031396","regulation of protein ubiquitination",120,6,2.7,0.00091,"Ahyacinthus25872-RA","Biological Processes","Protein NLRC3","Nlrc3"
"853","GO:0031396","regulation of protein ubiquitination",120,6,2.7,0.00091,"Ahyacinthus26194-RA","Biological Processes","Protein NLRC3","Nlrc3"
"854","GO:1900016","negative regulation of cytokine production involved...",51,6,1.15,0.00094,"Ahyacinthus09564-RA","Biological Processes","Protein NLRC3","Nlrc3"
"855","GO:1900016","negative regulation of cytokine production involved...",51,6,1.15,0.00094,"Ahyacinthus24982-RA","Biological Processes","Protein NLRC3","Nlrc3"
"856","GO:1900016","negative regulation of cytokine production involved...",51,6,1.15,0.00094,"Ahyacinthus24998-RA","Biological Processes","NLR family CARD domain-containing protein 3 (CARD15-like protein) (Caterpiller protein 16.2) (CLR16.2) (NACHT, LRR and CARD domains-containing protein 3) (Nucleotide-binding oligomerization domain protein 3)","NLRC3 NOD3"
"857","GO:1900016","negative regulation of cytokine production involved...",51,6,1.15,0.00094,"Ahyacinthus25872-RA","Biological Processes","Protein NLRC3","Nlrc3"
"858","GO:1900016","negative regulation of cytokine production involved...",51,6,1.15,0.00094,"Ahyacinthus26194-RA","Biological Processes","Protein NLRC3","Nlrc3"
"859","GO:1900016","negative regulation of cytokine production involved...",51,6,1.15,0.00094,"Ahyacinthus26731-RA","Biological Processes","NLR family CARD domain-containing protein 3 (CARD15-like protein) (Caterpiller protein 16.2) (CLR16.2) (NACHT, LRR and CARD domains-containing protein 3) (Nucleotide-binding oligomerization domain protein 3)","NLRC3 NOD3"
"860","GO:0007157","heterophilic cell-cell adhesion via plasma membrane...",114,9,2.56,0.00106,"Ahyacinthus04823-RA","Biological Processes","Hemicentin-1 (Fibulin-6) (FIBL-6)","Hmcn1"
"861","GO:0007157","heterophilic cell-cell adhesion via plasma membrane...",114,9,2.56,0.00106,"Ahyacinthus06725-RA","Biological Processes","Hemicentin-1 (Fibulin-6) (FIBL-6)","Hmcn1"
"862","GO:0007157","heterophilic cell-cell adhesion via plasma membrane...",114,9,2.56,0.00106,"Ahyacinthus08175-RA","Biological Processes","Hemicentin-1 (Fibulin-6) (FIBL-6)","Hmcn1"
"863","GO:0007157","heterophilic cell-cell adhesion via plasma membrane...",114,9,2.56,0.00106,"Ahyacinthus09152-RA","Biological Processes","Protocadherin Fat 4 (hFat4) (Cadherin family member 14) (FAT tumor suppressor homolog 4) (Fat-like cadherin protein FAT-J)","FAT4 CDHF14 FATJ Nbla00548"
"864","GO:0007157","heterophilic cell-cell adhesion via plasma membrane...",114,9,2.56,0.00106,"Ahyacinthus14101-RA","Biological Processes","Protocadherin Fat 4 (FAT tumor suppressor homolog 4) (Fat-like cadherin protein FAT-J)","Fat4 Fatj"
"865","GO:0007157","heterophilic cell-cell adhesion via plasma membrane...",114,9,2.56,0.00106,"Ahyacinthus14102-RA","Biological Processes","Protocadherin Fat 4 (hFat4) (Cadherin family member 14) (FAT tumor suppressor homolog 4) (Fat-like cadherin protein FAT-J)","FAT4 CDHF14 FATJ Nbla00548"
"866","GO:0007157","heterophilic cell-cell adhesion via plasma membrane...",114,9,2.56,0.00106,"Ahyacinthus15317-RA","Biological Processes","Amphoterin-induced protein 2 (AMIGO-2) (Alivin-1)","Amigo2 Ali1"
"867","GO:0007157","heterophilic cell-cell adhesion via plasma membrane...",114,9,2.56,0.00106,"Ahyacinthus15441-RA","Biological Processes","Protocadherin Fat 4 (hFat4) (Cadherin family member 14) (FAT tumor suppressor homolog 4) (Fat-like cadherin protein FAT-J)","FAT4 CDHF14 FATJ Nbla00548"
"868","GO:0007157","heterophilic cell-cell adhesion via plasma membrane...",114,9,2.56,0.00106,"Ahyacinthus17734-RA","Biological Processes","Receptor-type tyrosine-protein phosphatase delta (Protein-tyrosine phosphatase delta) (R-PTP-delta) (EC 3.1.3.48)","Ptprd"
"869","GO:0007409","axonogenesis",423,26,9.5,0.00115,"Ahyacinthus01348-RA","Biological Processes","Neural cell adhesion molecule 1 (N-CAM-1) (NCAM-1) (CD antigen CD56)","Ncam1 Ncam"
"870","GO:0007409","axonogenesis",423,26,9.5,0.00115,"Ahyacinthus01390-RA","Biological Processes","Multiple epidermal growth factor-like domains protein 8 (Multiple EGF-like domains protein 8) (Epidermal growth factor-like protein 4) (EGF-like protein 4)","Megf8 Egfl4"
"871","GO:0007409","axonogenesis",423,26,9.5,0.00115,"Ahyacinthus01738-RA","Biological Processes","Laminin subunit alpha (Laminin A chain)","LanA lamA CG10236"
"872","GO:0007409","axonogenesis",423,26,9.5,0.00115,"Ahyacinthus03823-RA","Biological Processes","Roundabout homolog 1 (Deleted in U twenty twenty) (H-Robo-1)","ROBO1 DUTT1"
"873","GO:0007409","axonogenesis",423,26,9.5,0.00115,"Ahyacinthus03987-RA","Biological Processes","Ephrin type-B receptor 5 (EC 2.7.10.1) (EPH-like kinase 9) (EK9) (cEK9)","EPHB5 CEK9"
"874","GO:0007409","axonogenesis",423,26,9.5,0.00115,"Ahyacinthus04009-RA","Biological Processes","Ephrin type-A receptor 7 (EC 2.7.10.1) (EPH homology kinase 3) (EHK-3) (EPH-like kinase 11) (EK11) (hEK11)","EPHA7 EHK3 HEK11"
"875","GO:0007409","axonogenesis",423,26,9.5,0.00115,"Ahyacinthus04013-RA","Biological Processes","Ephrin type-B receptor 5 (EC 2.7.10.1) (EPH-like kinase 9) (EK9) (cEK9)","EPHB5 CEK9"
"876","GO:0007409","axonogenesis",423,26,9.5,0.00115,"Ahyacinthus04016-RA","Biological Processes","Ephrin type-B receptor 1 (EC 2.7.10.1)","Ephb1"
"877","GO:0007409","axonogenesis",423,26,9.5,0.00115,"Ahyacinthus04018-RA","Biological Processes","Ephrin type-B receptor 3 (EC 2.7.10.1) (Developmental kinase 5) (mDK-5) (Tyrosine-protein kinase receptor SEK-4)","Ephb3 Etk2 Mdk5 Sek4"
"878","GO:0007409","axonogenesis",423,26,9.5,0.00115,"Ahyacinthus09152-RA","Biological Processes","Protocadherin Fat 4 (hFat4) (Cadherin family member 14) (FAT tumor suppressor homolog 4) (Fat-like cadherin protein FAT-J)","FAT4 CDHF14 FATJ Nbla00548"
"879","GO:0007409","axonogenesis",423,26,9.5,0.00115,"Ahyacinthus09668-RA","Biological Processes","Spatacsin (Colorectal carcinoma-associated protein) (Spastic paraplegia 11 protein)","SPG11 KIAA1840"
"880","GO:0007409","axonogenesis",423,26,9.5,0.00115,"Ahyacinthus10546-RA","Biological Processes","Fibronectin (FN) [Cleaved into: Anastellin]","Fn1"
"881","GO:0007409","axonogenesis",423,26,9.5,0.00115,"Ahyacinthus10638-RA","Biological Processes","Low-density lipoprotein receptor-related protein 4 (LRP-4) (Multiple epidermal growth factor-like domains 7)","LRP4 KIAA0816 LRP10 MEGF7"
"882","GO:0007409","axonogenesis",423,26,9.5,0.00115,"Ahyacinthus12840-RA","Biological Processes","Netrin receptor DCC (Tumor suppressor protein DCC)","Dcc"
"883","GO:0007409","axonogenesis",423,26,9.5,0.00115,"Ahyacinthus13057-RA","Biological Processes","C-Jun-amino-terminal kinase-interacting protein 3 (JIP-3) (JNK-interacting protein 3) (JNK MAP kinase scaffold protein 3)","Mapk8ip3 Jip3"
"884","GO:0007409","axonogenesis",423,26,9.5,0.00115,"Ahyacinthus13989-RA","Biological Processes","Cholecystokinin receptor type A (CCK-A receptor) (CCK-AR) (Cholecystokinin-1 receptor) (CCK1-R)","Cckar"
"885","GO:0007409","axonogenesis",423,26,9.5,0.00115,"Ahyacinthus14101-RA","Biological Processes","Protocadherin Fat 4 (FAT tumor suppressor homolog 4) (Fat-like cadherin protein FAT-J)","Fat4 Fatj"
"886","GO:0007409","axonogenesis",423,26,9.5,0.00115,"Ahyacinthus14102-RA","Biological Processes","Protocadherin Fat 4 (hFat4) (Cadherin family member 14) (FAT tumor suppressor homolog 4) (Fat-like cadherin protein FAT-J)","FAT4 CDHF14 FATJ Nbla00548"
"887","GO:0007409","axonogenesis",423,26,9.5,0.00115,"Ahyacinthus14681-RA","Biological Processes","Neurogenic locus Notch protein [Cleaved into: Processed neurogenic locus Notch protein]","N CG3936"
"888","GO:0007409","axonogenesis",423,26,9.5,0.00115,"Ahyacinthus15441-RA","Biological Processes","Protocadherin Fat 4 (hFat4) (Cadherin family member 14) (FAT tumor suppressor homolog 4) (Fat-like cadherin protein FAT-J)","FAT4 CDHF14 FATJ Nbla00548"
"889","GO:0007409","axonogenesis",423,26,9.5,0.00115,"Ahyacinthus17545-RA","Biological Processes","Receptor-type tyrosine-protein phosphatase S (R-PTP-S) (EC 3.1.3.48) (Receptor-type tyrosine-protein phosphatase sigma) (R-PTP-sigma)","PTPRS"
"890","GO:0007409","axonogenesis",423,26,9.5,0.00115,"Ahyacinthus17546-RA","Biological Processes","Receptor-type tyrosine-protein phosphatase mu (Protein-tyrosine phosphatase mu) (R-PTP-mu) (EC 3.1.3.48)","PTPRM PTPRL1"
"891","GO:0007409","axonogenesis",423,26,9.5,0.00115,"Ahyacinthus19805-RA","Biological Processes","Neurogenic locus notch homolog protein 1 (Notch 1) [Cleaved into: Notch 1 extracellular truncation (NEXT); Notch 1 intracellular domain (NICD)]","notch1"
"892","GO:0007409","axonogenesis",423,26,9.5,0.00115,"Ahyacinthus22633-RA","Biological Processes","Protein Wnt-8b","wnt8b wnt-8b"
"893","GO:0007409","axonogenesis",423,26,9.5,0.00115,"Ahyacinthus24076-RA","Biological Processes","Adhesion G protein-coupled receptor B1 (Brain-specific angiogenesis inhibitor 1) [Cleaved into: Vasculostatin-40 (Vstat40); Vasculostatin-120 (Vstat120)]","ADGRB1 BAI1"
"894","GO:0007409","axonogenesis",423,26,9.5,0.00115,"Ahyacinthus24443-RA","Biological Processes","Low-density lipoprotein receptor-related protein 4 (LRP-4) (Multiple epidermal growth factor-like domains 7)","Lrp4 Megf7"
"895","GO:0042110","T cell activation",184,9,4.13,0.00115,"Ahyacinthus09564-RA","Biological Processes","Protein NLRC3","Nlrc3"
"896","GO:0042110","T cell activation",184,9,4.13,0.00115,"Ahyacinthus13453-RA","Biological Processes","C-type lectin domain family 4 member A (C-type lectin superfamily member 6) (Dendritic cell inhibitory receptor) (CD antigen CD367)","Clec4a Clecsf6 Dcir"
"897","GO:0042110","T cell activation",184,9,4.13,0.00115,"Ahyacinthus13473-RA","Biological Processes","C-type lectin domain family 4 member A (C-type lectin superfamily member 6) (Dendritic cell inhibitory receptor) (CD antigen CD367)","Clec4a Clecsf6 Dcir"
"898","GO:0042110","T cell activation",184,9,4.13,0.00115,"Ahyacinthus17138-RA","Biological Processes","SWI/SNF-related matrix-associated actin-dependent regulator of chromatin subfamily A member 2 (SAMRCA2) (EC 3.6.4.-) (BRG1-associated factor 190B) (BAF190B) (Probable global transcription activator SNF2L2) (Protein brahma homolog) (SNF2-alpha)","Smarca2 Baf190b Brm Snf2a Snf2l2"
"899","GO:0042110","T cell activation",184,9,4.13,0.00115,"Ahyacinthus24982-RA","Biological Processes","Protein NLRC3","Nlrc3"
"900","GO:0042110","T cell activation",184,9,4.13,0.00115,"Ahyacinthus24998-RA","Biological Processes","NLR family CARD domain-containing protein 3 (CARD15-like protein) (Caterpiller protein 16.2) (CLR16.2) (NACHT, LRR and CARD domains-containing protein 3) (Nucleotide-binding oligomerization domain protein 3)","NLRC3 NOD3"
"901","GO:0042110","T cell activation",184,9,4.13,0.00115,"Ahyacinthus25872-RA","Biological Processes","Protein NLRC3","Nlrc3"
"902","GO:0042110","T cell activation",184,9,4.13,0.00115,"Ahyacinthus26194-RA","Biological Processes","Protein NLRC3","Nlrc3"
"903","GO:0042110","T cell activation",184,9,4.13,0.00115,"Ahyacinthus26731-RA","Biological Processes","NLR family CARD domain-containing protein 3 (CARD15-like protein) (Caterpiller protein 16.2) (CLR16.2) (NACHT, LRR and CARD domains-containing protein 3) (Nucleotide-binding oligomerization domain protein 3)","NLRC3 NOD3"
"904","GO:0099139","cheating during chimeric sorocarp development",3,2,0.07,0.00149,"Ahyacinthus14422-RA","Biological Processes","Probable serine/threonine-protein kinase pats1 (EC 2.7.11.1) (Protein associated with the transduction of signal 1)","pats1 DDB_G0269250"
"905","GO:0099139","cheating during chimeric sorocarp development",3,2,0.07,0.00149,"Ahyacinthus17327-RA","Biological Processes","Probable serine/threonine-protein kinase pats1 (EC 2.7.11.1) (Protein associated with the transduction of signal 1)","pats1 DDB_G0269250"
"906","GO:0002470","plasmacytoid dendritic cell antigen processing and ...",3,2,0.07,0.00149,"Ahyacinthus13453-RA","Biological Processes","C-type lectin domain family 4 member A (C-type lectin superfamily member 6) (Dendritic cell inhibitory receptor) (CD antigen CD367)","Clec4a Clecsf6 Dcir"
"907","GO:0002470","plasmacytoid dendritic cell antigen processing and ...",3,2,0.07,0.00149,"Ahyacinthus13473-RA","Biological Processes","C-type lectin domain family 4 member A (C-type lectin superfamily member 6) (Dendritic cell inhibitory receptor) (CD antigen CD367)","Clec4a Clecsf6 Dcir"
"908","GO:0072089","stem cell proliferation",56,5,1.26,0.00157,"Ahyacinthus06138-RA","Biological Processes","Serine/threonine-protein kinase pim-1 (EC 2.7.11.1)","Pim1 Pim-1"
"909","GO:0072089","stem cell proliferation",56,5,1.26,0.00157,"Ahyacinthus13626-RA","Biological Processes","E3 ubiquitin-protein ligase TRIM71 (EC 2.3.2.27) (Protein lin-41 homolog) (RING-type E3 ubiquitin transferase TRIM71) (Tripartite motif-containing protein 71)","trim71 lin41"
"910","GO:0072089","stem cell proliferation",56,5,1.26,0.00157,"Ahyacinthus13628-RA","Biological Processes","E3 ubiquitin-protein ligase TRIM71 (EC 2.3.2.27) (Protein lin-41 homolog) (RING-type E3 ubiquitin transferase TRIM71) (Tripartite motif-containing protein 71)","trim71 lin41"
"911","GO:0072089","stem cell proliferation",56,5,1.26,0.00157,"Ahyacinthus16634-RA","Biological Processes","E3 ubiquitin-protein ligase TRIM71 (EC 2.3.2.27) (Protein lin-41 homolog) (RING-type E3 ubiquitin transferase TRIM71) (Tripartite motif-containing protein 71)","trim71 lin41"
"912","GO:0072089","stem cell proliferation",56,5,1.26,0.00157,"Ahyacinthus17581-RA","Biological Processes","E3 ubiquitin-protein ligase TRIM71 (EC 2.3.2.27) (Protein lin-41 homolog) (RING-type E3 ubiquitin transferase TRIM71) (Tripartite motif-containing protein 71)","trim71 lin41"
"913","GO:0035329","hippo signaling",60,5,1.35,0.00157,"Ahyacinthus05629-RA","Biological Processes","Tyrosine-protein kinase receptor torso (EC 2.7.10.1)","tor CG1389"
"914","GO:0035329","hippo signaling",60,5,1.35,0.00157,"Ahyacinthus09152-RA","Biological Processes","Protocadherin Fat 4 (hFat4) (Cadherin family member 14) (FAT tumor suppressor homolog 4) (Fat-like cadherin protein FAT-J)","FAT4 CDHF14 FATJ Nbla00548"
"915","GO:0035329","hippo signaling",60,5,1.35,0.00157,"Ahyacinthus14101-RA","Biological Processes","Protocadherin Fat 4 (FAT tumor suppressor homolog 4) (Fat-like cadherin protein FAT-J)","Fat4 Fatj"
"916","GO:0035329","hippo signaling",60,5,1.35,0.00157,"Ahyacinthus14102-RA","Biological Processes","Protocadherin Fat 4 (hFat4) (Cadherin family member 14) (FAT tumor suppressor homolog 4) (Fat-like cadherin protein FAT-J)","FAT4 CDHF14 FATJ Nbla00548"
"917","GO:0035329","hippo signaling",60,5,1.35,0.00157,"Ahyacinthus15441-RA","Biological Processes","Protocadherin Fat 4 (hFat4) (Cadherin family member 14) (FAT tumor suppressor homolog 4) (Fat-like cadherin protein FAT-J)","FAT4 CDHF14 FATJ Nbla00548"
"918","GO:0032691","negative regulation of interleukin-1 beta productio...",23,4,0.52,0.00158,"Ahyacinthus09564-RA","Biological Processes","Protein NLRC3","Nlrc3"
"919","GO:0032691","negative regulation of interleukin-1 beta productio...",23,4,0.52,0.00158,"Ahyacinthus24982-RA","Biological Processes","Protein NLRC3","Nlrc3"
"920","GO:0032691","negative regulation of interleukin-1 beta productio...",23,4,0.52,0.00158,"Ahyacinthus25872-RA","Biological Processes","Protein NLRC3","Nlrc3"
"921","GO:0032691","negative regulation of interleukin-1 beta productio...",23,4,0.52,0.00158,"Ahyacinthus26194-RA","Biological Processes","Protein NLRC3","Nlrc3"
"922","GO:0035249","synaptic transmission, glutamatergic",78,6,1.75,0.00215,"Ahyacinthus00397-RA","Biological Processes","Metabotropic glutamate receptor 3 (mGluR3)","Grm3 Gprc1c Mglur3"
"923","GO:0035249","synaptic transmission, glutamatergic",78,6,1.75,0.00215,"Ahyacinthus00398-RA","Biological Processes","Metabotropic glutamate receptor 3 (mGluR3)","Grm3 Gprc1c Mglur3"
"924","GO:0035249","synaptic transmission, glutamatergic",78,6,1.75,0.00215,"Ahyacinthus02542-RA","Biological Processes","Glutamate receptor 4 (GluR-4) (GluR4) (AMPA-selective glutamate receptor 4) (GluR-D) (Glutamate receptor ionotropic, AMPA 4)","GRIA4 GluA4 GLUR4"
"925","GO:0035249","synaptic transmission, glutamatergic",78,6,1.75,0.00215,"Ahyacinthus04089-RA","Biological Processes","Glutamate receptor ionotropic, kainate glr-3","glr-3 K10D3.1"
"926","GO:0035249","synaptic transmission, glutamatergic",78,6,1.75,0.00215,"Ahyacinthus04093-RA","Biological Processes","Glutamate receptor 3 (GluR-3) (AMPA-selective glutamate receptor 3) (GluR-C) (GluR-K3) (Glutamate receptor ionotropic, AMPA 3)","Gria3 GluA3 Glur3"
"927","GO:0035249","synaptic transmission, glutamatergic",78,6,1.75,0.00215,"Ahyacinthus15396-RA","Biological Processes","Glutamate receptor 1","glr-1 C06E1.4"
"928","GO:2000177","regulation of neural precursor cell proliferation",84,6,1.89,0.00216,"Ahyacinthus08321-RA","Biological Processes","Filamin-A (FLN-A) (Actin-binding protein 280) (ABP-280) (Alpha-filamin) (Endothelial actin-binding protein) (Filamin-1) (Non-muscle filamin)","Flna Fln Fln1"
"929","GO:2000177","regulation of neural precursor cell proliferation",84,6,1.89,0.00216,"Ahyacinthus13626-RA","Biological Processes","E3 ubiquitin-protein ligase TRIM71 (EC 2.3.2.27) (Protein lin-41 homolog) (RING-type E3 ubiquitin transferase TRIM71) (Tripartite motif-containing protein 71)","trim71 lin41"
"930","GO:2000177","regulation of neural precursor cell proliferation",84,6,1.89,0.00216,"Ahyacinthus13628-RA","Biological Processes","E3 ubiquitin-protein ligase TRIM71 (EC 2.3.2.27) (Protein lin-41 homolog) (RING-type E3 ubiquitin transferase TRIM71) (Tripartite motif-containing protein 71)","trim71 lin41"
"931","GO:2000177","regulation of neural precursor cell proliferation",84,6,1.89,0.00216,"Ahyacinthus14681-RA","Biological Processes","Neurogenic locus Notch protein [Cleaved into: Processed neurogenic locus Notch protein]","N CG3936"
"932","GO:2000177","regulation of neural precursor cell proliferation",84,6,1.89,0.00216,"Ahyacinthus16634-RA","Biological Processes","E3 ubiquitin-protein ligase TRIM71 (EC 2.3.2.27) (Protein lin-41 homolog) (RING-type E3 ubiquitin transferase TRIM71) (Tripartite motif-containing protein 71)","trim71 lin41"
"933","GO:2000177","regulation of neural precursor cell proliferation",84,6,1.89,0.00216,"Ahyacinthus17581-RA","Biological Processes","E3 ubiquitin-protein ligase TRIM71 (EC 2.3.2.27) (Protein lin-41 homolog) (RING-type E3 ubiquitin transferase TRIM71) (Tripartite motif-containing protein 71)","trim71 lin41"
"934","GO:0001525","angiogenesis",323,21,7.26,0.0027,"Ahyacinthus02983-RA","Biological Processes","Peroxidasin homolog (EC 1.11.2.-) (Melanoma-associated antigen MG50) (Peroxidasin 1) (hsPxd01) (Vascular peroxidase 1) (p53-responsive gene 2 protein) [Cleaved into: PXDN active fragment]","PXDN KIAA0230 MG50 PRG2 PXD01 VPO VPO1"
"935","GO:0001525","angiogenesis",323,21,7.26,0.0027,"Ahyacinthus03823-RA","Biological Processes","Roundabout homolog 1 (Deleted in U twenty twenty) (H-Robo-1)","ROBO1 DUTT1"
"936","GO:0001525","angiogenesis",323,21,7.26,0.0027,"Ahyacinthus04016-RA","Biological Processes","Ephrin type-B receptor 1 (EC 2.7.10.1)","Ephb1"
"937","GO:0001525","angiogenesis",323,21,7.26,0.0027,"Ahyacinthus04018-RA","Biological Processes","Ephrin type-B receptor 3 (EC 2.7.10.1) (Developmental kinase 5) (mDK-5) (Tyrosine-protein kinase receptor SEK-4)","Ephb3 Etk2 Mdk5 Sek4"
"938","GO:0001525","angiogenesis",323,21,7.26,0.0027,"Ahyacinthus08321-RA","Biological Processes","Filamin-A (FLN-A) (Actin-binding protein 280) (ABP-280) (Alpha-filamin) (Endothelial actin-binding protein) (Filamin-1) (Non-muscle filamin)","Flna Fln Fln1"
"939","GO:0001525","angiogenesis",323,21,7.26,0.0027,"Ahyacinthus08952-RA","Biological Processes","E3 ubiquitin-protein ligase rnf213-beta (EC 2.3.2.27) (EC 3.6.4.-) (E3 ubiquitin-lipopolysaccharide ligase rnf213-beta) (EC 2.3.2.-) (Mysterin-B) (Mysterin-beta) (RING finger protein 213-B) (RING finger protein 213-beta)","rnf213b"
"940","GO:0001525","angiogenesis",323,21,7.26,0.0027,"Ahyacinthus08953-RA","Biological Processes","E3 ubiquitin-protein ligase rnf213-alpha (EC 2.3.2.27) (EC 3.6.4.-) (E3 ubiquitin-lipopolysaccharide ligase rnf213-alpha) (EC 2.3.2.-) (Mysterin-A) (Mysterin-alpha) (RING finger protein 213-A) (RING finger protein 213-alpha)","rnf213a"
"941","GO:0001525","angiogenesis",323,21,7.26,0.0027,"Ahyacinthus09315-RA","Biological Processes","Ras GTPase-activating protein 1 (GAP) (GTPase-activating protein) (RasGAP) (Ras p21 protein activator) (p120GAP)","Rasa1 Rasa"
"942","GO:0001525","angiogenesis",323,21,7.26,0.0027,"Ahyacinthus10022-RA","Biological Processes","E3 ubiquitin-protein ligase rnf213-alpha (EC 2.3.2.27) (EC 3.6.4.-) (E3 ubiquitin-lipopolysaccharide ligase rnf213-alpha) (EC 2.3.2.-) (Mysterin-A) (Mysterin-alpha) (RING finger protein 213-A) (RING finger protein 213-alpha)","rnf213a"
"943","GO:0001525","angiogenesis",323,21,7.26,0.0027,"Ahyacinthus10025-RA","Biological Processes","E3 ubiquitin-protein ligase rnf213-alpha (EC 2.3.2.27) (EC 3.6.4.-) (E3 ubiquitin-lipopolysaccharide ligase rnf213-alpha) (EC 2.3.2.-) (Mysterin-A) (Mysterin-alpha) (RING finger protein 213-A) (RING finger protein 213-alpha)","rnf213a"
"944","GO:0001525","angiogenesis",323,21,7.26,0.0027,"Ahyacinthus10028-RA","Biological Processes","E3 ubiquitin-protein ligase RNF213 (EC 2.3.2.27) (EC 3.6.4.-) (ALK lymphoma oligomerization partner on chromosome 17) (E3 ubiquitin-lipopolysaccharide ligase RNF213) (EC 2.3.2.-) (Mysterin) (RING finger protein 213)","RNF213 ALO17 C17orf27 KIAA1554 KIAA1618 MYSTR"
"945","GO:0001525","angiogenesis",323,21,7.26,0.0027,"Ahyacinthus10546-RA","Biological Processes","Fibronectin (FN) [Cleaved into: Anastellin]","Fn1"
"946","GO:0001525","angiogenesis",323,21,7.26,0.0027,"Ahyacinthus10823-RA","Biological Processes","E3 ubiquitin-protein ligase rnf213-alpha (EC 2.3.2.27) (EC 3.6.4.-) (E3 ubiquitin-lipopolysaccharide ligase rnf213-alpha) (EC 2.3.2.-) (Mysterin-A) (Mysterin-alpha) (RING finger protein 213-A) (RING finger protein 213-alpha)","rnf213a"
"947","GO:0001525","angiogenesis",323,21,7.26,0.0027,"Ahyacinthus10825-RA","Biological Processes","E3 ubiquitin-protein ligase rnf213-alpha (EC 2.3.2.27) (EC 3.6.4.-) (E3 ubiquitin-lipopolysaccharide ligase rnf213-alpha) (EC 2.3.2.-) (Mysterin-A) (Mysterin-alpha) (RING finger protein 213-A) (RING finger protein 213-alpha)","rnf213a"
"948","GO:0001525","angiogenesis",323,21,7.26,0.0027,"Ahyacinthus10988-RA","Biological Processes","Lysyl oxidase homolog 2 (EC 1.4.3.13) (Lysyl oxidase-like protein 2)","Loxl2"
"949","GO:0001525","angiogenesis",323,21,7.26,0.0027,"Ahyacinthus17206-RA","Biological Processes","Lactadherin (MFGM) (Milk fat globule-EGF factor 8) (MFG-E8) (O-acetyl GD3 ganglioside synthase) (AGS) (SED1)","Mfge8 Ags"
"950","GO:0001525","angiogenesis",323,21,7.26,0.0027,"Ahyacinthus17546-RA","Biological Processes","Receptor-type tyrosine-protein phosphatase mu (Protein-tyrosine phosphatase mu) (R-PTP-mu) (EC 3.1.3.48)","PTPRM PTPRL1"
"951","GO:0001525","angiogenesis",323,21,7.26,0.0027,"Ahyacinthus18606-RA","Biological Processes","Lactadherin (MFGM) (Milk fat globule-EGF factor 8) (MFG-E8) (SED1) (Sperm surface protein SP47) (PP47)","MFGE8"
"952","GO:0001525","angiogenesis",323,21,7.26,0.0027,"Ahyacinthus19805-RA","Biological Processes","Neurogenic locus notch homolog protein 1 (Notch 1) [Cleaved into: Notch 1 extracellular truncation (NEXT); Notch 1 intracellular domain (NICD)]","notch1"
"953","GO:0001525","angiogenesis",323,21,7.26,0.0027,"Ahyacinthus22770-RA","Biological Processes","Angiopoietin-1 receptor (EC 2.7.10.1) (Endothelial tyrosine kinase) (Tyrosine kinase with Ig and EGF homology domains-2) (Tyrosine-protein kinase receptor TIE-2) (CD antigen CD202b)","TEK TIE-2 TIE2"
"954","GO:0001525","angiogenesis",323,21,7.26,0.0027,"Ahyacinthus24076-RA","Biological Processes","Adhesion G protein-coupled receptor B1 (Brain-specific angiogenesis inhibitor 1) [Cleaved into: Vasculostatin-40 (Vstat40); Vasculostatin-120 (Vstat120)]","ADGRB1 BAI1"
"955","GO:0002223","stimulatory C-type lectin receptor signaling pathwa...",4,2,0.09,0.00293,"Ahyacinthus13453-RA","Biological Processes","C-type lectin domain family 4 member A (C-type lectin superfamily member 6) (Dendritic cell inhibitory receptor) (CD antigen CD367)","Clec4a Clecsf6 Dcir"
"956","GO:0002223","stimulatory C-type lectin receptor signaling pathwa...",4,2,0.09,0.00293,"Ahyacinthus13473-RA","Biological Processes","C-type lectin domain family 4 member A (C-type lectin superfamily member 6) (Dendritic cell inhibitory receptor) (CD antigen CD367)","Clec4a Clecsf6 Dcir"
"957","GO:0008544","epidermis development",168,10,3.77,0.00323,"Ahyacinthus10219-RA","Biological Processes","Sushi, von Willebrand factor type A, EGF and pentraxin domain-containing protein 1","Svep1"
"958","GO:0008544","epidermis development",168,10,3.77,0.00323,"Ahyacinthus14815-RA","Biological Processes","Sushi, von Willebrand factor type A, EGF and pentraxin domain-containing protein 1 (CCP module-containing protein 22) (Polydom) (Selectin-like osteoblast-derived protein) (SEL-OB) (Serologically defined breast cancer antigen NY-BR-38)","SVEP1 C9orf13 CCP22 SELOB"
"959","GO:0008544","epidermis development",168,10,3.77,0.00323,"Ahyacinthus20036-RA","Biological Processes","Sushi, von Willebrand factor type A, EGF and pentraxin domain-containing protein 1","Svep1"
"960","GO:0008544","epidermis development",168,10,3.77,0.00323,"Ahyacinthus22609-RA","Biological Processes","Sushi, von Willebrand factor type A, EGF and pentraxin domain-containing protein 1","Svep1"
"961","GO:0008544","epidermis development",168,10,3.77,0.00323,"Ahyacinthus24443-RA","Biological Processes","Low-density lipoprotein receptor-related protein 4 (LRP-4) (Multiple epidermal growth factor-like domains 7)","Lrp4 Megf7"
"962","GO:0008544","epidermis development",168,10,3.77,0.00323,"Ahyacinthus26171-RA","Biological Processes","Sushi, von Willebrand factor type A, EGF and pentraxin domain-containing protein 1","Svep1"
"963","GO:0008544","epidermis development",168,10,3.77,0.00323,"Ahyacinthus26174-RA","Biological Processes","Sushi, von Willebrand factor type A, EGF and pentraxin domain-containing protein 1","Svep1"
"964","GO:0008544","epidermis development",168,10,3.77,0.00323,"Ahyacinthus26179-RA","Biological Processes","Sushi, von Willebrand factor type A, EGF and pentraxin domain-containing protein 1","Svep1"
"965","GO:0008544","epidermis development",168,10,3.77,0.00323,"Ahyacinthus26181-RA","Biological Processes","Sushi, von Willebrand factor type A, EGF and pentraxin domain-containing protein 1 (CCP module-containing protein 22) (Polydom) (Selectin-like osteoblast-derived protein) (SEL-OB) (Serologically defined breast cancer antigen NY-BR-38)","SVEP1 C9orf13 CCP22 SELOB"
"966","GO:0008544","epidermis development",168,10,3.77,0.00323,"Ahyacinthus26182-RA","Biological Processes","Sushi, von Willebrand factor type A, EGF and pentraxin domain-containing protein 1","Svep1"
"967","GO:0051480","regulation of cytosolic calcium ion concentration",45,5,1.01,0.00324,"Ahyacinthus10720-RA","Biological Processes","Short transient receptor potential channel 5 (Rtrp5) (TrpC5) (Capacitative calcium entry channel 2) (CCE2)","TRPC5 TRP5"
"968","GO:0051480","regulation of cytosolic calcium ion concentration",45,5,1.01,0.00324,"Ahyacinthus10738-RA","Biological Processes","Transient-receptor-potential-like protein (TRP homologous cation channel protein 1)","trp-1 strpc1 ZC21.2/ZC21.1"
"969","GO:0051480","regulation of cytosolic calcium ion concentration",45,5,1.01,0.00324,"Ahyacinthus10741-RA","Biological Processes","Short transient receptor potential channel 5 (Rtrp5) (TrpC5) (Capacitative calcium entry channel 2) (CCE2)","TRPC5 TRP5"
"970","GO:0051480","regulation of cytosolic calcium ion concentration",45,5,1.01,0.00324,"Ahyacinthus11993-RA","Biological Processes","Short transient receptor potential channel 4 (TrpC4) (Capacitative calcium entry channel 1) (CCE1)","TRPC4"
"971","GO:0051480","regulation of cytosolic calcium ion concentration",45,5,1.01,0.00324,"Ahyacinthus22018-RA","Biological Processes","Orexin receptor type 2 (Ox-2-R) (Ox2-R) (Ox2R) (Hypocretin receptor type 2)","HCRTR2"
"972","GO:0035278","miRNA-mediated gene silencing by inhibition of tran...",28,4,0.63,0.00334,"Ahyacinthus13626-RA","Biological Processes","E3 ubiquitin-protein ligase TRIM71 (EC 2.3.2.27) (Protein lin-41 homolog) (RING-type E3 ubiquitin transferase TRIM71) (Tripartite motif-containing protein 71)","trim71 lin41"
"973","GO:0035278","miRNA-mediated gene silencing by inhibition of tran...",28,4,0.63,0.00334,"Ahyacinthus13628-RA","Biological Processes","E3 ubiquitin-protein ligase TRIM71 (EC 2.3.2.27) (Protein lin-41 homolog) (RING-type E3 ubiquitin transferase TRIM71) (Tripartite motif-containing protein 71)","trim71 lin41"
"974","GO:0035278","miRNA-mediated gene silencing by inhibition of tran...",28,4,0.63,0.00334,"Ahyacinthus16634-RA","Biological Processes","E3 ubiquitin-protein ligase TRIM71 (EC 2.3.2.27) (Protein lin-41 homolog) (RING-type E3 ubiquitin transferase TRIM71) (Tripartite motif-containing protein 71)","trim71 lin41"
"975","GO:0035278","miRNA-mediated gene silencing by inhibition of tran...",28,4,0.63,0.00334,"Ahyacinthus17581-RA","Biological Processes","E3 ubiquitin-protein ligase TRIM71 (EC 2.3.2.27) (Protein lin-41 homolog) (RING-type E3 ubiquitin transferase TRIM71) (Tripartite motif-containing protein 71)","trim71 lin41"
"976","GO:0001952","regulation of cell-matrix adhesion",66,4,1.48,0.00479,"Ahyacinthus09315-RA","Biological Processes","Ras GTPase-activating protein 1 (GAP) (GTPase-activating protein) (RasGAP) (Ras p21 protein activator) (p120GAP)","Rasa1 Rasa"
"977","GO:0001952","regulation of cell-matrix adhesion",66,4,1.48,0.00479,"Ahyacinthus10485-RA","Biological Processes","Epithelial discoidin domain-containing receptor 1 (Epithelial discoidin domain receptor 1) (EC 2.7.10.1) (CD167 antigen-like family member A) (Cell adhesion kinase) (Discoidin receptor tyrosine kinase) (Protein-tyrosine kinase MPK-6) (Tyrosine kinase DDR) (Tyrosine-protein kinase CAK) (CD antigen CD167a)","Ddr1 Cak Eddr1 Mpk6"
"978","GO:0001952","regulation of cell-matrix adhesion",66,4,1.48,0.00479,"Ahyacinthus17838-RA","Biological Processes","Fibrocystin (Polycystic kidney and hepatic disease 1 protein) (Polyductin) (Tigmin)","PKHD1 FCYT TIGM1"
"979","GO:0001952","regulation of cell-matrix adhesion",66,4,1.48,0.00479,"Ahyacinthus22770-RA","Biological Processes","Angiopoietin-1 receptor (EC 2.7.10.1) (Endothelial tyrosine kinase) (Tyrosine kinase with Ig and EGF homology domains-2) (Tyrosine-protein kinase receptor TIE-2) (CD antigen CD202b)","TEK TIE-2 TIE2"
"980","GO:0061760","antifungal innate immune response",5,2,0.11,0.00481,"Ahyacinthus13453-RA","Biological Processes","C-type lectin domain family 4 member A (C-type lectin superfamily member 6) (Dendritic cell inhibitory receptor) (CD antigen CD367)","Clec4a Clecsf6 Dcir"
"981","GO:0061760","antifungal innate immune response",5,2,0.11,0.00481,"Ahyacinthus13473-RA","Biological Processes","C-type lectin domain family 4 member A (C-type lectin superfamily member 6) (Dendritic cell inhibitory receptor) (CD antigen CD367)","Clec4a Clecsf6 Dcir"
"982","GO:0021943","formation of radial glial scaffolds",5,2,0.11,0.00481,"Ahyacinthus00666-RA","Biological Processes","Low-density lipoprotein receptor-related protein 6 (LRP-6)","Lrp6"
"983","GO:0021943","formation of radial glial scaffolds",5,2,0.11,0.00481,"Ahyacinthus08321-RA","Biological Processes","Filamin-A (FLN-A) (Actin-binding protein 280) (ABP-280) (Alpha-filamin) (Endothelial actin-binding protein) (Filamin-1) (Non-muscle filamin)","Flna Fln Fln1"
"984","GO:0060298","positive regulation of sarcomere organization",5,2,0.11,0.00481,"Ahyacinthus01332-RA","Biological Processes","Twitchin (EC 2.7.11.1) (Uncoordinated protein 22)","unc-22 ZK617.1"
"985","GO:0060298","positive regulation of sarcomere organization",5,2,0.11,0.00481,"Ahyacinthus23866-RA","Biological Processes","Muscle M-line assembly protein unc-89 (Inactive serine/threonine-protein kinase unc-89) (Obscurin) (Uncoordinated protein 89)","unc-89 C09D1.1"
"986","GO:0099560","synaptic membrane adhesion",31,4,0.7,0.00487,"Ahyacinthus17545-RA","Biological Processes","Receptor-type tyrosine-protein phosphatase S (R-PTP-S) (EC 3.1.3.48) (Receptor-type tyrosine-protein phosphatase sigma) (R-PTP-sigma)","PTPRS"
"987","GO:0099560","synaptic membrane adhesion",31,4,0.7,0.00487,"Ahyacinthus17734-RA","Biological Processes","Receptor-type tyrosine-protein phosphatase delta (Protein-tyrosine phosphatase delta) (R-PTP-delta) (EC 3.1.3.48)","Ptprd"
"988","GO:0099560","synaptic membrane adhesion",31,4,0.7,0.00487,"Ahyacinthus17818-RA","Biological Processes","Receptor-type tyrosine-protein phosphatase F (EC 3.1.3.48) (Leukocyte common antigen related) (LAR)","Ptprf Lar"
"989","GO:0099560","synaptic membrane adhesion",31,4,0.7,0.00487,"Ahyacinthus17919-RA","Biological Processes","Receptor-type tyrosine-protein phosphatase F (EC 3.1.3.48) (Leukocyte common antigen related) (LAR)","Ptprf Lar"
"990","GO:0032496","response to lipopolysaccharide",113,7,2.54,0.00509,"Ahyacinthus09564-RA","Biological Processes","Protein NLRC3","Nlrc3"
"991","GO:0032496","response to lipopolysaccharide",113,7,2.54,0.00509,"Ahyacinthus13989-RA","Biological Processes","Cholecystokinin receptor type A (CCK-A receptor) (CCK-AR) (Cholecystokinin-1 receptor) (CCK1-R)","Cckar"
"992","GO:0032496","response to lipopolysaccharide",113,7,2.54,0.00509,"Ahyacinthus24982-RA","Biological Processes","Protein NLRC3","Nlrc3"
"993","GO:0032496","response to lipopolysaccharide",113,7,2.54,0.00509,"Ahyacinthus25342-RA","Biological Processes","TNF receptor-associated factor 6 (EC 2.3.2.27) (E3 ubiquitin-protein ligase TRAF6) (RING-type E3 ubiquitin transferase TRAF6)","traf6 TNeu045k15.1"
"994","GO:0032496","response to lipopolysaccharide",113,7,2.54,0.00509,"Ahyacinthus25872-RA","Biological Processes","Protein NLRC3","Nlrc3"
"995","GO:0032496","response to lipopolysaccharide",113,7,2.54,0.00509,"Ahyacinthus26194-RA","Biological Processes","Protein NLRC3","Nlrc3"
"996","GO:0032496","response to lipopolysaccharide",113,7,2.54,0.00509,"Ahyacinthus26729-RA","Biological Processes","Interleukin-1 receptor-associated kinase 4 (IRAK-4) (EC 2.7.11.1) (Renal carcinoma antigen NY-REN-64)","IRAK4"
"997","GO:0044331","cell-cell adhesion mediated by cadherin",66,6,1.48,0.00601,"Ahyacinthus09152-RA","Biological Processes","Protocadherin Fat 4 (hFat4) (Cadherin family member 14) (FAT tumor suppressor homolog 4) (Fat-like cadherin protein FAT-J)","FAT4 CDHF14 FATJ Nbla00548"
"998","GO:0044331","cell-cell adhesion mediated by cadherin",66,6,1.48,0.00601,"Ahyacinthus14101-RA","Biological Processes","Protocadherin Fat 4 (FAT tumor suppressor homolog 4) (Fat-like cadherin protein FAT-J)","Fat4 Fatj"
"999","GO:0044331","cell-cell adhesion mediated by cadherin",66,6,1.48,0.00601,"Ahyacinthus14102-RA","Biological Processes","Protocadherin Fat 4 (hFat4) (Cadherin family member 14) (FAT tumor suppressor homolog 4) (Fat-like cadherin protein FAT-J)","FAT4 CDHF14 FATJ Nbla00548"
"1000","GO:0044331","cell-cell adhesion mediated by cadherin",66,6,1.48,0.00601,"Ahyacinthus14615-RA","Biological Processes","Protocadherin Fat 3 (FAT tumor suppressor homolog 3)","Fat3"
"1001","GO:0044331","cell-cell adhesion mediated by cadherin",66,6,1.48,0.00601,"Ahyacinthus14681-RA","Biological Processes","Neurogenic locus Notch protein [Cleaved into: Processed neurogenic locus Notch protein]","N CG3936"
"1002","GO:0044331","cell-cell adhesion mediated by cadherin",66,6,1.48,0.00601,"Ahyacinthus15441-RA","Biological Processes","Protocadherin Fat 4 (hFat4) (Cadherin family member 14) (FAT tumor suppressor homolog 4) (Fat-like cadherin protein FAT-J)","FAT4 CDHF14 FATJ Nbla00548"
"1003","GO:1900121","negative regulation of receptor binding",6,2,0.13,0.00711,"Ahyacinthus17818-RA","Biological Processes","Receptor-type tyrosine-protein phosphatase F (EC 3.1.3.48) (Leukocyte common antigen related) (LAR)","Ptprf Lar"
"1004","GO:1900121","negative regulation of receptor binding",6,2,0.13,0.00711,"Ahyacinthus17919-RA","Biological Processes","Receptor-type tyrosine-protein phosphatase F (EC 3.1.3.48) (Leukocyte common antigen related) (LAR)","Ptprf Lar"
"1005","GO:1900246","positive regulation of RIG-I signaling pathway",6,2,0.13,0.00711,"Ahyacinthus18205-RA","Biological Processes","Zinc finger CCHC domain-containing protein 3","ZCCHC3 C20orf99"
"1006","GO:1900246","positive regulation of RIG-I signaling pathway",6,2,0.13,0.00711,"Ahyacinthus23986-RA","Biological Processes","Zinc finger CCHC domain-containing protein 3","ZCCHC3 C20orf99"
"1007","GO:0009597","detection of virus",6,2,0.13,0.00711,"Ahyacinthus18205-RA","Biological Processes","Zinc finger CCHC domain-containing protein 3","ZCCHC3 C20orf99"
"1008","GO:0009597","detection of virus",6,2,0.13,0.00711,"Ahyacinthus23986-RA","Biological Processes","Zinc finger CCHC domain-containing protein 3","ZCCHC3 C20orf99"
"1009","GO:0010811","positive regulation of cell-substrate adhesion",69,6,1.55,0.00819,"Ahyacinthus02057-RA","Biological Processes","Vitrin","VIT"
"1010","GO:0010811","positive regulation of cell-substrate adhesion",69,6,1.55,0.00819,"Ahyacinthus02058-RA","Biological Processes","Vitrin","VIT"
"1011","GO:0010811","positive regulation of cell-substrate adhesion",69,6,1.55,0.00819,"Ahyacinthus08321-RA","Biological Processes","Filamin-A (FLN-A) (Actin-binding protein 280) (ABP-280) (Alpha-filamin) (Endothelial actin-binding protein) (Filamin-1) (Non-muscle filamin)","Flna Fln Fln1"
"1012","GO:0010811","positive regulation of cell-substrate adhesion",69,6,1.55,0.00819,"Ahyacinthus10546-RA","Biological Processes","Fibronectin (FN) [Cleaved into: Anastellin]","Fn1"
"1013","GO:0010811","positive regulation of cell-substrate adhesion",69,6,1.55,0.00819,"Ahyacinthus20555-RA","Biological Processes","EGF-like repeat and discoidin I-like domain-containing protein 3 (Developmentally-regulated endothelial cell locus 1 protein) (Integrin-binding protein DEL1)","EDIL3 DEL1"
"1014","GO:0010811","positive regulation of cell-substrate adhesion",69,6,1.55,0.00819,"Ahyacinthus22770-RA","Biological Processes","Angiopoietin-1 receptor (EC 2.7.10.1) (Endothelial tyrosine kinase) (Tyrosine kinase with Ig and EGF homology domains-2) (Tyrosine-protein kinase receptor TIE-2) (CD antigen CD202b)","TEK TIE-2 TIE2"
"1015","GO:0001501","skeletal system development",302,11,6.79,0.00824,"Ahyacinthus00666-RA","Biological Processes","Low-density lipoprotein receptor-related protein 6 (LRP-6)","Lrp6"
"1016","GO:0001501","skeletal system development",302,11,6.79,0.00824,"Ahyacinthus01390-RA","Biological Processes","Multiple epidermal growth factor-like domains protein 8 (Multiple EGF-like domains protein 8) (Epidermal growth factor-like protein 4) (EGF-like protein 4)","Megf8 Egfl4"
"1017","GO:0001501","skeletal system development",302,11,6.79,0.00824,"Ahyacinthus02173-RA","Biological Processes","Beta-1,3-glucosyltransferase (Beta3Glc-T) (EC 2.4.1.-) (Beta 3-glucosyltransferase) (Beta-3-glycosyltransferase-like)","B3glct B3galtl Gm1057"
"1018","GO:0001501","skeletal system development",302,11,6.79,0.00824,"Ahyacinthus05724-RA","Biological Processes","Aggrecan core protein (Cartilage-specific proteoglycan core protein) (CSPCP)","ACAN AGC1"
"1019","GO:0001501","skeletal system development",302,11,6.79,0.00824,"Ahyacinthus06701-RA","Biological Processes","Collagen alpha-1(XXVII) chain B","col27a1b col27a1"
"1020","GO:0001501","skeletal system development",302,11,6.79,0.00824,"Ahyacinthus08340-RA","Biological Processes","F-box/WD repeat-containing protein 7 (F-box and WD-40 domain-containing protein 7)","FBXW7 FBW7"
"1021","GO:0001501","skeletal system development",302,11,6.79,0.00824,"Ahyacinthus10988-RA","Biological Processes","Lysyl oxidase homolog 2 (EC 1.4.3.13) (Lysyl oxidase-like protein 2)","Loxl2"
"1022","GO:0001501","skeletal system development",302,11,6.79,0.00824,"Ahyacinthus12463-RA","Biological Processes","Versican core protein (Chondroitin sulfate proteoglycan core protein 2) (Chondroitin sulfate proteoglycan 2) (Large fibroblast proteoglycan) (PG-M)","VCAN CSPG2"
"1023","GO:0001501","skeletal system development",302,11,6.79,0.00824,"Ahyacinthus12841-RA","Biological Processes","Tight junction protein 2 (Tight junction protein ZO-2) (Zona occludens protein 2) (Zonula occludens protein 2)","Tjp2 Zo2"
"1024","GO:0001501","skeletal system development",302,11,6.79,0.00824,"Ahyacinthus14101-RA","Biological Processes","Protocadherin Fat 4 (FAT tumor suppressor homolog 4) (Fat-like cadherin protein FAT-J)","Fat4 Fatj"
"1025","GO:0001501","skeletal system development",302,11,6.79,0.00824,"Ahyacinthus17817-RA","Biological Processes","Neurocan core protein (Chondroitin sulfate proteoglycan 3)","NCAN CSPG3"
"1026","GO:0035335","peptidyl-tyrosine dephosphorylation",19,3,0.43,0.00833,"Ahyacinthus17545-RA","Biological Processes","Receptor-type tyrosine-protein phosphatase S (R-PTP-S) (EC 3.1.3.48) (Receptor-type tyrosine-protein phosphatase sigma) (R-PTP-sigma)","PTPRS"
"1027","GO:0035335","peptidyl-tyrosine dephosphorylation",19,3,0.43,0.00833,"Ahyacinthus17818-RA","Biological Processes","Receptor-type tyrosine-protein phosphatase F (EC 3.1.3.48) (Leukocyte common antigen related) (LAR)","Ptprf Lar"
"1028","GO:0035335","peptidyl-tyrosine dephosphorylation",19,3,0.43,0.00833,"Ahyacinthus17919-RA","Biological Processes","Receptor-type tyrosine-protein phosphatase F (EC 3.1.3.48) (Leukocyte common antigen related) (LAR)","Ptprf Lar"
"1029","GO:0099170","postsynaptic modulation of chemical synaptic transm...",19,3,0.43,0.00833,"Ahyacinthus00397-RA","Biological Processes","Metabotropic glutamate receptor 3 (mGluR3)","Grm3 Gprc1c Mglur3"
"1030","GO:0099170","postsynaptic modulation of chemical synaptic transm...",19,3,0.43,0.00833,"Ahyacinthus00398-RA","Biological Processes","Metabotropic glutamate receptor 3 (mGluR3)","Grm3 Gprc1c Mglur3"
"1031","GO:0099170","postsynaptic modulation of chemical synaptic transm...",19,3,0.43,0.00833,"Ahyacinthus12840-RA","Biological Processes","Netrin receptor DCC (Tumor suppressor protein DCC)","Dcc"
"1032","GO:0022407","regulation of cell-cell adhesion",186,5,4.18,0.00847,"Ahyacinthus04009-RA","Biological Processes","Ephrin type-A receptor 7 (EC 2.7.10.1) (EPH homology kinase 3) (EHK-3) (EPH-like kinase 11) (EK11) (hEK11)","EPHA7 EHK3 HEK11"
"1033","GO:0022407","regulation of cell-cell adhesion",186,5,4.18,0.00847,"Ahyacinthus04018-RA","Biological Processes","Ephrin type-B receptor 3 (EC 2.7.10.1) (Developmental kinase 5) (mDK-5) (Tyrosine-protein kinase receptor SEK-4)","Ephb3 Etk2 Mdk5 Sek4"
"1034","GO:0022407","regulation of cell-cell adhesion",186,5,4.18,0.00847,"Ahyacinthus14681-RA","Biological Processes","Neurogenic locus Notch protein [Cleaved into: Processed neurogenic locus Notch protein]","N CG3936"
"1035","GO:0022407","regulation of cell-cell adhesion",186,5,4.18,0.00847,"Ahyacinthus17138-RA","Biological Processes","SWI/SNF-related matrix-associated actin-dependent regulator of chromatin subfamily A member 2 (SAMRCA2) (EC 3.6.4.-) (BRG1-associated factor 190B) (BAF190B) (Probable global transcription activator SNF2L2) (Protein brahma homolog) (SNF2-alpha)","Smarca2 Baf190b Brm Snf2a Snf2l2"
"1036","GO:0022407","regulation of cell-cell adhesion",186,5,4.18,0.00847,"Ahyacinthus17838-RA","Biological Processes","Fibrocystin (Polycystic kidney and hepatic disease 1 protein) (Polyductin) (Tigmin)","PKHD1 FCYT TIGM1"
"1037","GO:0006511","ubiquitin-dependent protein catabolic process",547,19,12.29,0.00873,"Ahyacinthus03211-RA","Biological Processes","Kelch-like protein 12 (CUL3-interacting protein 1)","Klhl12 C3ip1"
"1038","GO:0006511","ubiquitin-dependent protein catabolic process",547,19,12.29,0.00873,"Ahyacinthus08340-RA","Biological Processes","F-box/WD repeat-containing protein 7 (F-box and WD-40 domain-containing protein 7)","FBXW7 FBW7"
"1039","GO:0006511","ubiquitin-dependent protein catabolic process",547,19,12.29,0.00873,"Ahyacinthus08952-RA","Biological Processes","E3 ubiquitin-protein ligase rnf213-beta (EC 2.3.2.27) (EC 3.6.4.-) (E3 ubiquitin-lipopolysaccharide ligase rnf213-beta) (EC 2.3.2.-) (Mysterin-B) (Mysterin-beta) (RING finger protein 213-B) (RING finger protein 213-beta)","rnf213b"
"1040","GO:0006511","ubiquitin-dependent protein catabolic process",547,19,12.29,0.00873,"Ahyacinthus08953-RA","Biological Processes","E3 ubiquitin-protein ligase rnf213-alpha (EC 2.3.2.27) (EC 3.6.4.-) (E3 ubiquitin-lipopolysaccharide ligase rnf213-alpha) (EC 2.3.2.-) (Mysterin-A) (Mysterin-alpha) (RING finger protein 213-A) (RING finger protein 213-alpha)","rnf213a"
"1041","GO:0006511","ubiquitin-dependent protein catabolic process",547,19,12.29,0.00873,"Ahyacinthus10022-RA","Biological Processes","E3 ubiquitin-protein ligase rnf213-alpha (EC 2.3.2.27) (EC 3.6.4.-) (E3 ubiquitin-lipopolysaccharide ligase rnf213-alpha) (EC 2.3.2.-) (Mysterin-A) (Mysterin-alpha) (RING finger protein 213-A) (RING finger protein 213-alpha)","rnf213a"
"1042","GO:0006511","ubiquitin-dependent protein catabolic process",547,19,12.29,0.00873,"Ahyacinthus10025-RA","Biological Processes","E3 ubiquitin-protein ligase rnf213-alpha (EC 2.3.2.27) (EC 3.6.4.-) (E3 ubiquitin-lipopolysaccharide ligase rnf213-alpha) (EC 2.3.2.-) (Mysterin-A) (Mysterin-alpha) (RING finger protein 213-A) (RING finger protein 213-alpha)","rnf213a"
"1043","GO:0006511","ubiquitin-dependent protein catabolic process",547,19,12.29,0.00873,"Ahyacinthus10028-RA","Biological Processes","E3 ubiquitin-protein ligase RNF213 (EC 2.3.2.27) (EC 3.6.4.-) (ALK lymphoma oligomerization partner on chromosome 17) (E3 ubiquitin-lipopolysaccharide ligase RNF213) (EC 2.3.2.-) (Mysterin) (RING finger protein 213)","RNF213 ALO17 C17orf27 KIAA1554 KIAA1618 MYSTR"
"1044","GO:0006511","ubiquitin-dependent protein catabolic process",547,19,12.29,0.00873,"Ahyacinthus10729-RA","Biological Processes","Probable E3 ubiquitin-protein ligase HERC4 (EC 2.3.2.26) (HECT domain and RCC1-like domain-containing protein 4) (HECT-type E3 ubiquitin transferase HERC4)","Herc4"
"1045","GO:0006511","ubiquitin-dependent protein catabolic process",547,19,12.29,0.00873,"Ahyacinthus10823-RA","Biological Processes","E3 ubiquitin-protein ligase rnf213-alpha (EC 2.3.2.27) (EC 3.6.4.-) (E3 ubiquitin-lipopolysaccharide ligase rnf213-alpha) (EC 2.3.2.-) (Mysterin-A) (Mysterin-alpha) (RING finger protein 213-A) (RING finger protein 213-alpha)","rnf213a"
"1046","GO:0006511","ubiquitin-dependent protein catabolic process",547,19,12.29,0.00873,"Ahyacinthus10825-RA","Biological Processes","E3 ubiquitin-protein ligase rnf213-alpha (EC 2.3.2.27) (EC 3.6.4.-) (E3 ubiquitin-lipopolysaccharide ligase rnf213-alpha) (EC 2.3.2.-) (Mysterin-A) (Mysterin-alpha) (RING finger protein 213-A) (RING finger protein 213-alpha)","rnf213a"
"1047","GO:0006511","ubiquitin-dependent protein catabolic process",547,19,12.29,0.00873,"Ahyacinthus12480-RA","Biological Processes","Kelch-like protein 2 (Mayven)","Klhl2"
"1048","GO:0006511","ubiquitin-dependent protein catabolic process",547,19,12.29,0.00873,"Ahyacinthus13626-RA","Biological Processes","E3 ubiquitin-protein ligase TRIM71 (EC 2.3.2.27) (Protein lin-41 homolog) (RING-type E3 ubiquitin transferase TRIM71) (Tripartite motif-containing protein 71)","trim71 lin41"
"1049","GO:0006511","ubiquitin-dependent protein catabolic process",547,19,12.29,0.00873,"Ahyacinthus13628-RA","Biological Processes","E3 ubiquitin-protein ligase TRIM71 (EC 2.3.2.27) (Protein lin-41 homolog) (RING-type E3 ubiquitin transferase TRIM71) (Tripartite motif-containing protein 71)","trim71 lin41"
"1050","GO:0006511","ubiquitin-dependent protein catabolic process",547,19,12.29,0.00873,"Ahyacinthus16634-RA","Biological Processes","E3 ubiquitin-protein ligase TRIM71 (EC 2.3.2.27) (Protein lin-41 homolog) (RING-type E3 ubiquitin transferase TRIM71) (Tripartite motif-containing protein 71)","trim71 lin41"
"1051","GO:0006511","ubiquitin-dependent protein catabolic process",547,19,12.29,0.00873,"Ahyacinthus17581-RA","Biological Processes","E3 ubiquitin-protein ligase TRIM71 (EC 2.3.2.27) (Protein lin-41 homolog) (RING-type E3 ubiquitin transferase TRIM71) (Tripartite motif-containing protein 71)","trim71 lin41"
"1052","GO:0006511","ubiquitin-dependent protein catabolic process",547,19,12.29,0.00873,"Ahyacinthus18721-RA","Biological Processes","Kelch-like protein 20 (Kelch-like ECT2-interacting protein)","Klhl20 Kiaa4210 Kleip"
"1053","GO:0006511","ubiquitin-dependent protein catabolic process",547,19,12.29,0.00873,"Ahyacinthus18951-RA","Biological Processes","Kelch-like protein 18","KLHL18 KIAA0795 OK/SW-cl.74"
"1054","GO:0006511","ubiquitin-dependent protein catabolic process",547,19,12.29,0.00873,"Ahyacinthus21188-RA","Biological Processes","E3 ubiquitin-protein ligase HECTD1 (EC 2.3.2.26) (E3 ligase for inhibin receptor) (EULIR) (HECT domain-containing protein 1)","HECTD1 KIAA1131"
"1055","GO:0006511","ubiquitin-dependent protein catabolic process",547,19,12.29,0.00873,"Ahyacinthus21923-RA","Biological Processes","E3 ubiquitin-protein ligase UBR5 (EC 2.3.2.26) (E3 ubiquitin-protein ligase, HECT domain-containing 1) (Hyperplastic discs protein homolog)","Ubr5 Edd Edd1 Kiaa0896"
"1056","GO:0031290","retinal ganglion cell axon guidance",20,3,0.45,0.00964,"Ahyacinthus04016-RA","Biological Processes","Ephrin type-B receptor 1 (EC 2.7.10.1)","Ephb1"
"1057","GO:0031290","retinal ganglion cell axon guidance",20,3,0.45,0.00964,"Ahyacinthus04018-RA","Biological Processes","Ephrin type-B receptor 3 (EC 2.7.10.1) (Developmental kinase 5) (mDK-5) (Tyrosine-protein kinase receptor SEK-4)","Ephb3 Etk2 Mdk5 Sek4"
"1058","GO:0031290","retinal ganglion cell axon guidance",20,3,0.45,0.00964,"Ahyacinthus17546-RA","Biological Processes","Receptor-type tyrosine-protein phosphatase mu (Protein-tyrosine phosphatase mu) (R-PTP-mu) (EC 3.1.3.48)","PTPRM PTPRL1"
"1059","GO:0016479","negative regulation of transcription by RNA polymer...",7,2,0.16,0.00981,"Ahyacinthus08321-RA","Biological Processes","Filamin-A (FLN-A) (Actin-binding protein 280) (ABP-280) (Alpha-filamin) (Endothelial actin-binding protein) (Filamin-1) (Non-muscle filamin)","Flna Fln Fln1"
"1060","GO:0016479","negative regulation of transcription by RNA polymer...",7,2,0.16,0.00981,"Ahyacinthus13055-RA","Biological Processes","Histone lysine acetyltransferase CREBBP (EC 2.3.1.48) (Protein lactyltransferas CREBBP) (EC 2.3.1.-) (Protein-lysine acetyltransferase CREBBP) (EC 2.3.1.-)","Crebbp Cbp"
"1061","GO:0034446","substrate adhesion-dependent cell spreading",62,5,1.39,0.01005,"Ahyacinthus01738-RA","Biological Processes","Laminin subunit alpha (Laminin A chain)","LanA lamA CG10236"
"1062","GO:0034446","substrate adhesion-dependent cell spreading",62,5,1.39,0.01005,"Ahyacinthus04018-RA","Biological Processes","Ephrin type-B receptor 3 (EC 2.7.10.1) (Developmental kinase 5) (mDK-5) (Tyrosine-protein kinase receptor SEK-4)","Ephb3 Etk2 Mdk5 Sek4"
"1063","GO:0034446","substrate adhesion-dependent cell spreading",62,5,1.39,0.01005,"Ahyacinthus08321-RA","Biological Processes","Filamin-A (FLN-A) (Actin-binding protein 280) (ABP-280) (Alpha-filamin) (Endothelial actin-binding protein) (Filamin-1) (Non-muscle filamin)","Flna Fln Fln1"
"1064","GO:0034446","substrate adhesion-dependent cell spreading",62,5,1.39,0.01005,"Ahyacinthus10546-RA","Biological Processes","Fibronectin (FN) [Cleaved into: Anastellin]","Fn1"
"1065","GO:0034446","substrate adhesion-dependent cell spreading",62,5,1.39,0.01005,"Ahyacinthus22770-RA","Biological Processes","Angiopoietin-1 receptor (EC 2.7.10.1) (Endothelial tyrosine kinase) (Tyrosine kinase with Ig and EGF homology domains-2) (Tyrosine-protein kinase receptor TIE-2) (CD antigen CD202b)","TEK TIE-2 TIE2"
"1066","GO:0042742","defense response to bacterium",176,10,3.95,0.01191,"Ahyacinthus06138-RA","Biological Processes","Serine/threonine-protein kinase pim-1 (EC 2.7.11.1)","Pim1 Pim-1"
"1067","GO:0042742","defense response to bacterium",176,10,3.95,0.01191,"Ahyacinthus08952-RA","Biological Processes","E3 ubiquitin-protein ligase rnf213-beta (EC 2.3.2.27) (EC 3.6.4.-) (E3 ubiquitin-lipopolysaccharide ligase rnf213-beta) (EC 2.3.2.-) (Mysterin-B) (Mysterin-beta) (RING finger protein 213-B) (RING finger protein 213-beta)","rnf213b"
"1068","GO:0042742","defense response to bacterium",176,10,3.95,0.01191,"Ahyacinthus08953-RA","Biological Processes","E3 ubiquitin-protein ligase rnf213-alpha (EC 2.3.2.27) (EC 3.6.4.-) (E3 ubiquitin-lipopolysaccharide ligase rnf213-alpha) (EC 2.3.2.-) (Mysterin-A) (Mysterin-alpha) (RING finger protein 213-A) (RING finger protein 213-alpha)","rnf213a"
"1069","GO:0042742","defense response to bacterium",176,10,3.95,0.01191,"Ahyacinthus10022-RA","Biological Processes","E3 ubiquitin-protein ligase rnf213-alpha (EC 2.3.2.27) (EC 3.6.4.-) (E3 ubiquitin-lipopolysaccharide ligase rnf213-alpha) (EC 2.3.2.-) (Mysterin-A) (Mysterin-alpha) (RING finger protein 213-A) (RING finger protein 213-alpha)","rnf213a"
"1070","GO:0042742","defense response to bacterium",176,10,3.95,0.01191,"Ahyacinthus10025-RA","Biological Processes","E3 ubiquitin-protein ligase rnf213-alpha (EC 2.3.2.27) (EC 3.6.4.-) (E3 ubiquitin-lipopolysaccharide ligase rnf213-alpha) (EC 2.3.2.-) (Mysterin-A) (Mysterin-alpha) (RING finger protein 213-A) (RING finger protein 213-alpha)","rnf213a"
"1071","GO:0042742","defense response to bacterium",176,10,3.95,0.01191,"Ahyacinthus10028-RA","Biological Processes","E3 ubiquitin-protein ligase RNF213 (EC 2.3.2.27) (EC 3.6.4.-) (ALK lymphoma oligomerization partner on chromosome 17) (E3 ubiquitin-lipopolysaccharide ligase RNF213) (EC 2.3.2.-) (Mysterin) (RING finger protein 213)","RNF213 ALO17 C17orf27 KIAA1554 KIAA1618 MYSTR"
"1072","GO:0042742","defense response to bacterium",176,10,3.95,0.01191,"Ahyacinthus10823-RA","Biological Processes","E3 ubiquitin-protein ligase rnf213-alpha (EC 2.3.2.27) (EC 3.6.4.-) (E3 ubiquitin-lipopolysaccharide ligase rnf213-alpha) (EC 2.3.2.-) (Mysterin-A) (Mysterin-alpha) (RING finger protein 213-A) (RING finger protein 213-alpha)","rnf213a"
"1073","GO:0042742","defense response to bacterium",176,10,3.95,0.01191,"Ahyacinthus10825-RA","Biological Processes","E3 ubiquitin-protein ligase rnf213-alpha (EC 2.3.2.27) (EC 3.6.4.-) (E3 ubiquitin-lipopolysaccharide ligase rnf213-alpha) (EC 2.3.2.-) (Mysterin-A) (Mysterin-alpha) (RING finger protein 213-A) (RING finger protein 213-alpha)","rnf213a"
"1074","GO:0042742","defense response to bacterium",176,10,3.95,0.01191,"Ahyacinthus24076-RA","Biological Processes","Adhesion G protein-coupled receptor B1 (Brain-specific angiogenesis inhibitor 1) [Cleaved into: Vasculostatin-40 (Vstat40); Vasculostatin-120 (Vstat120)]","ADGRB1 BAI1"
"1075","GO:0042742","defense response to bacterium",176,10,3.95,0.01191,"Ahyacinthus26743-RA","Biological Processes","Paired box protein 1 homolog","pax-1 K07C11.1"
"1076","GO:1901631","positive regulation of presynaptic membrane organiz...",8,2,0.18,0.01288,"Ahyacinthus10638-RA","Biological Processes","Low-density lipoprotein receptor-related protein 4 (LRP-4) (Multiple epidermal growth factor-like domains 7)","LRP4 KIAA0816 LRP10 MEGF7"
"1077","GO:1901631","positive regulation of presynaptic membrane organiz...",8,2,0.18,0.01288,"Ahyacinthus24443-RA","Biological Processes","Low-density lipoprotein receptor-related protein 4 (LRP-4) (Multiple epidermal growth factor-like domains 7)","Lrp4 Megf7"
"1078","GO:0030241","skeletal muscle myosin thick filament assembly",8,2,0.18,0.01288,"Ahyacinthus23864-RA","Biological Processes","Titin (EC 2.7.11.1) (Connectin) (Rhabdomyosarcoma antigen MU-RMS-40.14)","TTN"
"1079","GO:0030241","skeletal muscle myosin thick filament assembly",8,2,0.18,0.01288,"Ahyacinthus23866-RA","Biological Processes","Muscle M-line assembly protein unc-89 (Inactive serine/threonine-protein kinase unc-89) (Obscurin) (Uncoordinated protein 89)","unc-89 C09D1.1"
"1080","GO:0045989","positive regulation of striated muscle contraction",8,2,0.18,0.01288,"Ahyacinthus01332-RA","Biological Processes","Twitchin (EC 2.7.11.1) (Uncoordinated protein 22)","unc-22 ZK617.1"
"1081","GO:0045989","positive regulation of striated muscle contraction",8,2,0.18,0.01288,"Ahyacinthus23866-RA","Biological Processes","Muscle M-line assembly protein unc-89 (Inactive serine/threonine-protein kinase unc-89) (Obscurin) (Uncoordinated protein 89)","unc-89 C09D1.1"
"1082","GO:0046579","positive regulation of Ras protein signal transduct...",8,2,0.18,0.01288,"Ahyacinthus05629-RA","Biological Processes","Tyrosine-protein kinase receptor torso (EC 2.7.10.1)","tor CG1389"
"1083","GO:0046579","positive regulation of Ras protein signal transduct...",8,2,0.18,0.01288,"Ahyacinthus09387-RA","Biological Processes","Ras-specific guanine nucleotide-releasing factor 1 (Ras-GRF1) (Guanine nucleotide-releasing protein) (GNRP) (Ras-specific nucleotide exchange factor CDC25)","RASGRF1 CDC25 GNRP GRF1"
"1084","GO:0007155","cell adhesion",1024,51,23.01,0.01312,"Ahyacinthus00050-RA","Biological Processes","Integrin alpha-2 (CD49 antigen-like family member B) (Collagen receptor) (Platelet membrane glycoprotein Ia) (GPIa) (VLA-2 subunit alpha) (CD antigen CD49b)","ITGA2"
"1085","GO:0007155","cell adhesion",1024,51,23.01,0.01312,"Ahyacinthus00666-RA","Biological Processes","Low-density lipoprotein receptor-related protein 6 (LRP-6)","Lrp6"
"1086","GO:0007155","cell adhesion",1024,51,23.01,0.01312,"Ahyacinthus01334-RA","Biological Processes","Neural cell adhesion molecule 2 (N-CAM-2) (NCAM-2) (Neural cell adhesion molecule RB-8) (R4B12)","Ncam2 Ocam Rncam"
"1087","GO:0007155","cell adhesion",1024,51,23.01,0.01312,"Ahyacinthus01348-RA","Biological Processes","Neural cell adhesion molecule 1 (N-CAM-1) (NCAM-1) (CD antigen CD56)","Ncam1 Ncam"
"1088","GO:0007155","cell adhesion",1024,51,23.01,0.01312,"Ahyacinthus01738-RA","Biological Processes","Laminin subunit alpha (Laminin A chain)","LanA lamA CG10236"
"1089","GO:0007155","cell adhesion",1024,51,23.01,0.01312,"Ahyacinthus01823-RA","Biological Processes","Collagen alpha-4(VI) chain","Col6a4 Dvwa"
"1090","GO:0007155","cell adhesion",1024,51,23.01,0.01312,"Ahyacinthus02056-RA","Biological Processes","Collagen alpha-1(XII) chain","COL12A1 COL12A1L"
"1091","GO:0007155","cell adhesion",1024,51,23.01,0.01312,"Ahyacinthus02057-RA","Biological Processes","Vitrin","VIT"
"1092","GO:0007155","cell adhesion",1024,51,23.01,0.01312,"Ahyacinthus02058-RA","Biological Processes","Vitrin","VIT"
"1093","GO:0007155","cell adhesion",1024,51,23.01,0.01312,"Ahyacinthus02983-RA","Biological Processes","Peroxidasin homolog (EC 1.11.2.-) (Melanoma-associated antigen MG50) (Peroxidasin 1) (hsPxd01) (Vascular peroxidase 1) (p53-responsive gene 2 protein) [Cleaved into: PXDN active fragment]","PXDN KIAA0230 MG50 PRG2 PXD01 VPO VPO1"
"1094","GO:0007155","cell adhesion",1024,51,23.01,0.01312,"Ahyacinthus03823-RA","Biological Processes","Roundabout homolog 1 (Deleted in U twenty twenty) (H-Robo-1)","ROBO1 DUTT1"
"1095","GO:0007155","cell adhesion",1024,51,23.01,0.01312,"Ahyacinthus04009-RA","Biological Processes","Ephrin type-A receptor 7 (EC 2.7.10.1) (EPH homology kinase 3) (EHK-3) (EPH-like kinase 11) (EK11) (hEK11)","EPHA7 EHK3 HEK11"
"1096","GO:0007155","cell adhesion",1024,51,23.01,0.01312,"Ahyacinthus04016-RA","Biological Processes","Ephrin type-B receptor 1 (EC 2.7.10.1)","Ephb1"
"1097","GO:0007155","cell adhesion",1024,51,23.01,0.01312,"Ahyacinthus04018-RA","Biological Processes","Ephrin type-B receptor 3 (EC 2.7.10.1) (Developmental kinase 5) (mDK-5) (Tyrosine-protein kinase receptor SEK-4)","Ephb3 Etk2 Mdk5 Sek4"
"1098","GO:0007155","cell adhesion",1024,51,23.01,0.01312,"Ahyacinthus04823-RA","Biological Processes","Hemicentin-1 (Fibulin-6) (FIBL-6)","Hmcn1"
"1099","GO:0007155","cell adhesion",1024,51,23.01,0.01312,"Ahyacinthus05724-RA","Biological Processes","Aggrecan core protein (Cartilage-specific proteoglycan core protein) (CSPCP)","ACAN AGC1"
"1100","GO:0007155","cell adhesion",1024,51,23.01,0.01312,"Ahyacinthus05780-RA","Biological Processes","Mucin-like protein",""
"1101","GO:0007155","cell adhesion",1024,51,23.01,0.01312,"Ahyacinthus06725-RA","Biological Processes","Hemicentin-1 (Fibulin-6) (FIBL-6)","Hmcn1"
"1102","GO:0007155","cell adhesion",1024,51,23.01,0.01312,"Ahyacinthus06726-RA","Biological Processes","Collagen alpha-1(XII) chain","COL12A1 COL12A1L"
"1103","GO:0007155","cell adhesion",1024,51,23.01,0.01312,"Ahyacinthus08175-RA","Biological Processes","Hemicentin-1 (Fibulin-6) (FIBL-6)","Hmcn1"
"1104","GO:0007155","cell adhesion",1024,51,23.01,0.01312,"Ahyacinthus08321-RA","Biological Processes","Filamin-A (FLN-A) (Actin-binding protein 280) (ABP-280) (Alpha-filamin) (Endothelial actin-binding protein) (Filamin-1) (Non-muscle filamin)","Flna Fln Fln1"
"1105","GO:0007155","cell adhesion",1024,51,23.01,0.01312,"Ahyacinthus09152-RA","Biological Processes","Protocadherin Fat 4 (hFat4) (Cadherin family member 14) (FAT tumor suppressor homolog 4) (Fat-like cadherin protein FAT-J)","FAT4 CDHF14 FATJ Nbla00548"
"1106","GO:0007155","cell adhesion",1024,51,23.01,0.01312,"Ahyacinthus09315-RA","Biological Processes","Ras GTPase-activating protein 1 (GAP) (GTPase-activating protein) (RasGAP) (Ras p21 protein activator) (p120GAP)","Rasa1 Rasa"
"1107","GO:0007155","cell adhesion",1024,51,23.01,0.01312,"Ahyacinthus10485-RA","Biological Processes","Epithelial discoidin domain-containing receptor 1 (Epithelial discoidin domain receptor 1) (EC 2.7.10.1) (CD167 antigen-like family member A) (Cell adhesion kinase) (Discoidin receptor tyrosine kinase) (Protein-tyrosine kinase MPK-6) (Tyrosine kinase DDR) (Tyrosine-protein kinase CAK) (CD antigen CD167a)","Ddr1 Cak Eddr1 Mpk6"
"1108","GO:0007155","cell adhesion",1024,51,23.01,0.01312,"Ahyacinthus10546-RA","Biological Processes","Fibronectin (FN) [Cleaved into: Anastellin]","Fn1"
"1109","GO:0007155","cell adhesion",1024,51,23.01,0.01312,"Ahyacinthus12463-RA","Biological Processes","Versican core protein (Chondroitin sulfate proteoglycan core protein 2) (Chondroitin sulfate proteoglycan 2) (Large fibroblast proteoglycan) (PG-M)","VCAN CSPG2"
"1110","GO:0007155","cell adhesion",1024,51,23.01,0.01312,"Ahyacinthus12840-RA","Biological Processes","Netrin receptor DCC (Tumor suppressor protein DCC)","Dcc"
"1111","GO:0007155","cell adhesion",1024,51,23.01,0.01312,"Ahyacinthus12841-RA","Biological Processes","Tight junction protein 2 (Tight junction protein ZO-2) (Zona occludens protein 2) (Zonula occludens protein 2)","Tjp2 Zo2"
"1112","GO:0007155","cell adhesion",1024,51,23.01,0.01312,"Ahyacinthus14101-RA","Biological Processes","Protocadherin Fat 4 (FAT tumor suppressor homolog 4) (Fat-like cadherin protein FAT-J)","Fat4 Fatj"
"1113","GO:0007155","cell adhesion",1024,51,23.01,0.01312,"Ahyacinthus14102-RA","Biological Processes","Protocadherin Fat 4 (hFat4) (Cadherin family member 14) (FAT tumor suppressor homolog 4) (Fat-like cadherin protein FAT-J)","FAT4 CDHF14 FATJ Nbla00548"
"1114","GO:0007155","cell adhesion",1024,51,23.01,0.01312,"Ahyacinthus14615-RA","Biological Processes","Protocadherin Fat 3 (FAT tumor suppressor homolog 3)","Fat3"
"1115","GO:0007155","cell adhesion",1024,51,23.01,0.01312,"Ahyacinthus14681-RA","Biological Processes","Neurogenic locus Notch protein [Cleaved into: Processed neurogenic locus Notch protein]","N CG3936"
"1116","GO:0007155","cell adhesion",1024,51,23.01,0.01312,"Ahyacinthus15094-RA","Biological Processes","Mucin-like protein",""
"1117","GO:0007155","cell adhesion",1024,51,23.01,0.01312,"Ahyacinthus15317-RA","Biological Processes","Amphoterin-induced protein 2 (AMIGO-2) (Alivin-1)","Amigo2 Ali1"
"1118","GO:0007155","cell adhesion",1024,51,23.01,0.01312,"Ahyacinthus15441-RA","Biological Processes","Protocadherin Fat 4 (hFat4) (Cadherin family member 14) (FAT tumor suppressor homolog 4) (Fat-like cadherin protein FAT-J)","FAT4 CDHF14 FATJ Nbla00548"
"1119","GO:0007155","cell adhesion",1024,51,23.01,0.01312,"Ahyacinthus17138-RA","Biological Processes","SWI/SNF-related matrix-associated actin-dependent regulator of chromatin subfamily A member 2 (SAMRCA2) (EC 3.6.4.-) (BRG1-associated factor 190B) (BAF190B) (Probable global transcription activator SNF2L2) (Protein brahma homolog) (SNF2-alpha)","Smarca2 Baf190b Brm Snf2a Snf2l2"
"1120","GO:0007155","cell adhesion",1024,51,23.01,0.01312,"Ahyacinthus17206-RA","Biological Processes","Lactadherin (MFGM) (Milk fat globule-EGF factor 8) (MFG-E8) (O-acetyl GD3 ganglioside synthase) (AGS) (SED1)","Mfge8 Ags"
"1121","GO:0007155","cell adhesion",1024,51,23.01,0.01312,"Ahyacinthus17545-RA","Biological Processes","Receptor-type tyrosine-protein phosphatase S (R-PTP-S) (EC 3.1.3.48) (Receptor-type tyrosine-protein phosphatase sigma) (R-PTP-sigma)","PTPRS"
"1122","GO:0007155","cell adhesion",1024,51,23.01,0.01312,"Ahyacinthus17546-RA","Biological Processes","Receptor-type tyrosine-protein phosphatase mu (Protein-tyrosine phosphatase mu) (R-PTP-mu) (EC 3.1.3.48)","PTPRM PTPRL1"
"1123","GO:0007155","cell adhesion",1024,51,23.01,0.01312,"Ahyacinthus17734-RA","Biological Processes","Receptor-type tyrosine-protein phosphatase delta (Protein-tyrosine phosphatase delta) (R-PTP-delta) (EC 3.1.3.48)","Ptprd"
"1124","GO:0007155","cell adhesion",1024,51,23.01,0.01312,"Ahyacinthus17817-RA","Biological Processes","Neurocan core protein (Chondroitin sulfate proteoglycan 3)","NCAN CSPG3"
"1125","GO:0007155","cell adhesion",1024,51,23.01,0.01312,"Ahyacinthus17818-RA","Biological Processes","Receptor-type tyrosine-protein phosphatase F (EC 3.1.3.48) (Leukocyte common antigen related) (LAR)","Ptprf Lar"
"1126","GO:0007155","cell adhesion",1024,51,23.01,0.01312,"Ahyacinthus17838-RA","Biological Processes","Fibrocystin (Polycystic kidney and hepatic disease 1 protein) (Polyductin) (Tigmin)","PKHD1 FCYT TIGM1"
"1127","GO:0007155","cell adhesion",1024,51,23.01,0.01312,"Ahyacinthus17919-RA","Biological Processes","Receptor-type tyrosine-protein phosphatase F (EC 3.1.3.48) (Leukocyte common antigen related) (LAR)","Ptprf Lar"
"1128","GO:0007155","cell adhesion",1024,51,23.01,0.01312,"Ahyacinthus18606-RA","Biological Processes","Lactadherin (MFGM) (Milk fat globule-EGF factor 8) (MFG-E8) (SED1) (Sperm surface protein SP47) (PP47)","MFGE8"
"1129","GO:0007155","cell adhesion",1024,51,23.01,0.01312,"Ahyacinthus20555-RA","Biological Processes","EGF-like repeat and discoidin I-like domain-containing protein 3 (Developmentally-regulated endothelial cell locus 1 protein) (Integrin-binding protein DEL1)","EDIL3 DEL1"
"1130","GO:0007155","cell adhesion",1024,51,23.01,0.01312,"Ahyacinthus20726-RA","Biological Processes","Mucin-like protein",""
"1131","GO:0007155","cell adhesion",1024,51,23.01,0.01312,"Ahyacinthus20728-RA","Biological Processes","Mucin-like protein",""
"1132","GO:0007155","cell adhesion",1024,51,23.01,0.01312,"Ahyacinthus22770-RA","Biological Processes","Angiopoietin-1 receptor (EC 2.7.10.1) (Endothelial tyrosine kinase) (Tyrosine kinase with Ig and EGF homology domains-2) (Tyrosine-protein kinase receptor TIE-2) (CD antigen CD202b)","TEK TIE-2 TIE2"
"1133","GO:0007155","cell adhesion",1024,51,23.01,0.01312,"Ahyacinthus23313-RA","Biological Processes","Protein sidekick-1","SDK1"
"1134","GO:0007155","cell adhesion",1024,51,23.01,0.01312,"Ahyacinthus24076-RA","Biological Processes","Adhesion G protein-coupled receptor B1 (Brain-specific angiogenesis inhibitor 1) [Cleaved into: Vasculostatin-40 (Vstat40); Vasculostatin-120 (Vstat120)]","ADGRB1 BAI1"
"1135","GO:0021915","neural tube development",106,5,2.38,0.01437,"Ahyacinthus00666-RA","Biological Processes","Low-density lipoprotein receptor-related protein 6 (LRP-6)","Lrp6"
"1136","GO:0021915","neural tube development",106,5,2.38,0.01437,"Ahyacinthus13626-RA","Biological Processes","E3 ubiquitin-protein ligase TRIM71 (EC 2.3.2.27) (Protein lin-41 homolog) (RING-type E3 ubiquitin transferase TRIM71) (Tripartite motif-containing protein 71)","trim71 lin41"
"1137","GO:0021915","neural tube development",106,5,2.38,0.01437,"Ahyacinthus13628-RA","Biological Processes","E3 ubiquitin-protein ligase TRIM71 (EC 2.3.2.27) (Protein lin-41 homolog) (RING-type E3 ubiquitin transferase TRIM71) (Tripartite motif-containing protein 71)","trim71 lin41"
"1138","GO:0021915","neural tube development",106,5,2.38,0.01437,"Ahyacinthus16634-RA","Biological Processes","E3 ubiquitin-protein ligase TRIM71 (EC 2.3.2.27) (Protein lin-41 homolog) (RING-type E3 ubiquitin transferase TRIM71) (Tripartite motif-containing protein 71)","trim71 lin41"
"1139","GO:0021915","neural tube development",106,5,2.38,0.01437,"Ahyacinthus17581-RA","Biological Processes","E3 ubiquitin-protein ligase TRIM71 (EC 2.3.2.27) (Protein lin-41 homolog) (RING-type E3 ubiquitin transferase TRIM71) (Tripartite motif-containing protein 71)","trim71 lin41"
"1140","GO:0070372","regulation of ERK1 and ERK2 cascade",172,7,3.86,0.01547,"Ahyacinthus01292-RA","Biological Processes","Extracellular calcium-sensing receptor (CaSR) (Parathyroid cell calcium-sensing receptor) (PCaR1) (RaKCaR)","Casr Gprc2a Pcar1"
"1141","GO:0070372","regulation of ERK1 and ERK2 cascade",172,7,3.86,0.01547,"Ahyacinthus04009-RA","Biological Processes","Ephrin type-A receptor 7 (EC 2.7.10.1) (EPH homology kinase 3) (EHK-3) (EPH-like kinase 11) (EK11) (hEK11)","EPHA7 EHK3 HEK11"
"1142","GO:0070372","regulation of ERK1 and ERK2 cascade",172,7,3.86,0.01547,"Ahyacinthus04016-RA","Biological Processes","Ephrin type-B receptor 1 (EC 2.7.10.1)","Ephb1"
"1143","GO:0070372","regulation of ERK1 and ERK2 cascade",172,7,3.86,0.01547,"Ahyacinthus10546-RA","Biological Processes","Fibronectin (FN) [Cleaved into: Anastellin]","Fn1"
"1144","GO:0070372","regulation of ERK1 and ERK2 cascade",172,7,3.86,0.01547,"Ahyacinthus12840-RA","Biological Processes","Netrin receptor DCC (Tumor suppressor protein DCC)","Dcc"
"1145","GO:0070372","regulation of ERK1 and ERK2 cascade",172,7,3.86,0.01547,"Ahyacinthus17838-RA","Biological Processes","Fibrocystin (Polycystic kidney and hepatic disease 1 protein) (Polyductin) (Tigmin)","PKHD1 FCYT TIGM1"
"1146","GO:0070372","regulation of ERK1 and ERK2 cascade",172,7,3.86,0.01547,"Ahyacinthus22770-RA","Biological Processes","Angiopoietin-1 receptor (EC 2.7.10.1) (Endothelial tyrosine kinase) (Tyrosine kinase with Ig and EGF homology domains-2) (Tyrosine-protein kinase receptor TIE-2) (CD antigen CD202b)","TEK TIE-2 TIE2"
"1147","GO:0097105","presynaptic membrane assembly",24,3,0.54,0.01603,"Ahyacinthus10638-RA","Biological Processes","Low-density lipoprotein receptor-related protein 4 (LRP-4) (Multiple epidermal growth factor-like domains 7)","LRP4 KIAA0816 LRP10 MEGF7"
"1148","GO:0097105","presynaptic membrane assembly",24,3,0.54,0.01603,"Ahyacinthus17734-RA","Biological Processes","Receptor-type tyrosine-protein phosphatase delta (Protein-tyrosine phosphatase delta) (R-PTP-delta) (EC 3.1.3.48)","Ptprd"
"1149","GO:0097105","presynaptic membrane assembly",24,3,0.54,0.01603,"Ahyacinthus24443-RA","Biological Processes","Low-density lipoprotein receptor-related protein 4 (LRP-4) (Multiple epidermal growth factor-like domains 7)","Lrp4 Megf7"
"1150","GO:0048671","negative regulation of collateral sprouting",9,2,0.2,0.01632,"Ahyacinthus04009-RA","Biological Processes","Ephrin type-A receptor 7 (EC 2.7.10.1) (EPH homology kinase 3) (EHK-3) (EPH-like kinase 11) (EK11) (hEK11)","EPHA7 EHK3 HEK11"
"1151","GO:0048671","negative regulation of collateral sprouting",9,2,0.2,0.01632,"Ahyacinthus17545-RA","Biological Processes","Receptor-type tyrosine-protein phosphatase S (R-PTP-S) (EC 3.1.3.48) (Receptor-type tyrosine-protein phosphatase sigma) (R-PTP-sigma)","PTPRS"
"1152","GO:0009617","response to bacterium",373,23,8.38,0.01748,"Ahyacinthus02013-RA","Biological Processes","Pathogenesis-related protein 1 (AtPRB1)","PRB1 PR1 At2g14580 T13P21.4 T6B13"
"1153","GO:0009617","response to bacterium",373,23,8.38,0.01748,"Ahyacinthus04823-RA","Biological Processes","Hemicentin-1 (Fibulin-6) (FIBL-6)","Hmcn1"
"1154","GO:0009617","response to bacterium",373,23,8.38,0.01748,"Ahyacinthus06138-RA","Biological Processes","Serine/threonine-protein kinase pim-1 (EC 2.7.11.1)","Pim1 Pim-1"
"1155","GO:0009617","response to bacterium",373,23,8.38,0.01748,"Ahyacinthus06725-RA","Biological Processes","Hemicentin-1 (Fibulin-6) (FIBL-6)","Hmcn1"
"1156","GO:0009617","response to bacterium",373,23,8.38,0.01748,"Ahyacinthus07816-RA","Biological Processes","Cytochrome P450 3A11 (EC 1.14.14.1) (CYPIIIA11) (Cytochrome P-450IIIAM1) (Cytochrome P-450UT)","Cyp3a11 Cyp3a-11"
"1157","GO:0009617","response to bacterium",373,23,8.38,0.01748,"Ahyacinthus08175-RA","Biological Processes","Hemicentin-1 (Fibulin-6) (FIBL-6)","Hmcn1"
"1158","GO:0009617","response to bacterium",373,23,8.38,0.01748,"Ahyacinthus08952-RA","Biological Processes","E3 ubiquitin-protein ligase rnf213-beta (EC 2.3.2.27) (EC 3.6.4.-) (E3 ubiquitin-lipopolysaccharide ligase rnf213-beta) (EC 2.3.2.-) (Mysterin-B) (Mysterin-beta) (RING finger protein 213-B) (RING finger protein 213-beta)","rnf213b"
"1159","GO:0009617","response to bacterium",373,23,8.38,0.01748,"Ahyacinthus08953-RA","Biological Processes","E3 ubiquitin-protein ligase rnf213-alpha (EC 2.3.2.27) (EC 3.6.4.-) (E3 ubiquitin-lipopolysaccharide ligase rnf213-alpha) (EC 2.3.2.-) (Mysterin-A) (Mysterin-alpha) (RING finger protein 213-A) (RING finger protein 213-alpha)","rnf213a"
"1160","GO:0009617","response to bacterium",373,23,8.38,0.01748,"Ahyacinthus09564-RA","Biological Processes","Protein NLRC3","Nlrc3"
"1161","GO:0009617","response to bacterium",373,23,8.38,0.01748,"Ahyacinthus10022-RA","Biological Processes","E3 ubiquitin-protein ligase rnf213-alpha (EC 2.3.2.27) (EC 3.6.4.-) (E3 ubiquitin-lipopolysaccharide ligase rnf213-alpha) (EC 2.3.2.-) (Mysterin-A) (Mysterin-alpha) (RING finger protein 213-A) (RING finger protein 213-alpha)","rnf213a"
"1162","GO:0009617","response to bacterium",373,23,8.38,0.01748,"Ahyacinthus10025-RA","Biological Processes","E3 ubiquitin-protein ligase rnf213-alpha (EC 2.3.2.27) (EC 3.6.4.-) (E3 ubiquitin-lipopolysaccharide ligase rnf213-alpha) (EC 2.3.2.-) (Mysterin-A) (Mysterin-alpha) (RING finger protein 213-A) (RING finger protein 213-alpha)","rnf213a"
"1163","GO:0009617","response to bacterium",373,23,8.38,0.01748,"Ahyacinthus10028-RA","Biological Processes","E3 ubiquitin-protein ligase RNF213 (EC 2.3.2.27) (EC 3.6.4.-) (ALK lymphoma oligomerization partner on chromosome 17) (E3 ubiquitin-lipopolysaccharide ligase RNF213) (EC 2.3.2.-) (Mysterin) (RING finger protein 213)","RNF213 ALO17 C17orf27 KIAA1554 KIAA1618 MYSTR"
"1164","GO:0009617","response to bacterium",373,23,8.38,0.01748,"Ahyacinthus10823-RA","Biological Processes","E3 ubiquitin-protein ligase rnf213-alpha (EC 2.3.2.27) (EC 3.6.4.-) (E3 ubiquitin-lipopolysaccharide ligase rnf213-alpha) (EC 2.3.2.-) (Mysterin-A) (Mysterin-alpha) (RING finger protein 213-A) (RING finger protein 213-alpha)","rnf213a"
"1165","GO:0009617","response to bacterium",373,23,8.38,0.01748,"Ahyacinthus10825-RA","Biological Processes","E3 ubiquitin-protein ligase rnf213-alpha (EC 2.3.2.27) (EC 3.6.4.-) (E3 ubiquitin-lipopolysaccharide ligase rnf213-alpha) (EC 2.3.2.-) (Mysterin-A) (Mysterin-alpha) (RING finger protein 213-A) (RING finger protein 213-alpha)","rnf213a"
"1166","GO:0009617","response to bacterium",373,23,8.38,0.01748,"Ahyacinthus13989-RA","Biological Processes","Cholecystokinin receptor type A (CCK-A receptor) (CCK-AR) (Cholecystokinin-1 receptor) (CCK1-R)","Cckar"
"1167","GO:0009617","response to bacterium",373,23,8.38,0.01748,"Ahyacinthus19833-RA","Biological Processes","Toll-like receptor 1 (Toll/interleukin-1 receptor-like protein) (TIL) (CD antigen CD281)","TLR1 KIAA0012"
"1168","GO:0009617","response to bacterium",373,23,8.38,0.01748,"Ahyacinthus24076-RA","Biological Processes","Adhesion G protein-coupled receptor B1 (Brain-specific angiogenesis inhibitor 1) [Cleaved into: Vasculostatin-40 (Vstat40); Vasculostatin-120 (Vstat120)]","ADGRB1 BAI1"
"1169","GO:0009617","response to bacterium",373,23,8.38,0.01748,"Ahyacinthus24982-RA","Biological Processes","Protein NLRC3","Nlrc3"
"1170","GO:0009617","response to bacterium",373,23,8.38,0.01748,"Ahyacinthus25342-RA","Biological Processes","TNF receptor-associated factor 6 (EC 2.3.2.27) (E3 ubiquitin-protein ligase TRAF6) (RING-type E3 ubiquitin transferase TRAF6)","traf6 TNeu045k15.1"
"1171","GO:0009617","response to bacterium",373,23,8.38,0.01748,"Ahyacinthus25872-RA","Biological Processes","Protein NLRC3","Nlrc3"
"1172","GO:0009617","response to bacterium",373,23,8.38,0.01748,"Ahyacinthus26194-RA","Biological Processes","Protein NLRC3","Nlrc3"
"1173","GO:0009617","response to bacterium",373,23,8.38,0.01748,"Ahyacinthus26729-RA","Biological Processes","Interleukin-1 receptor-associated kinase 4 (IRAK-4) (EC 2.7.11.1) (Renal carcinoma antigen NY-REN-64)","IRAK4"
"1174","GO:0009617","response to bacterium",373,23,8.38,0.01748,"Ahyacinthus26743-RA","Biological Processes","Paired box protein 1 homolog","pax-1 K07C11.1"
"1175","GO:0045087","innate immune response",599,34,13.46,0.01776,"Ahyacinthus01292-RA","Biological Processes","Extracellular calcium-sensing receptor (CaSR) (Parathyroid cell calcium-sensing receptor) (PCaR1) (RaKCaR)","Casr Gprc2a Pcar1"
"1176","GO:0045087","innate immune response",599,34,13.46,0.01776,"Ahyacinthus01738-RA","Biological Processes","Laminin subunit alpha (Laminin A chain)","LanA lamA CG10236"
"1177","GO:0045087","innate immune response",599,34,13.46,0.01776,"Ahyacinthus03486-RA","Biological Processes","Cyclic GMP-AMP synthase-like receptor 2 (Sp-cGLR2) (EC 2.7.7.86)","cGLR2 MB21D2 AWC38_SpisGene17868"
"1178","GO:0045087","innate immune response",599,34,13.46,0.01776,"Ahyacinthus06138-RA","Biological Processes","Serine/threonine-protein kinase pim-1 (EC 2.7.11.1)","Pim1 Pim-1"
"1179","GO:0045087","innate immune response",599,34,13.46,0.01776,"Ahyacinthus09564-RA","Biological Processes","Protein NLRC3","Nlrc3"
"1180","GO:0045087","innate immune response",599,34,13.46,0.01776,"Ahyacinthus11429-RA","Biological Processes","Cyclic GMP-AMP synthase-like receptor 2 (Sp-cGLR2) (EC 2.7.7.86)","cGLR2 MB21D2 AWC38_SpisGene17868"
"1181","GO:0045087","innate immune response",599,34,13.46,0.01776,"Ahyacinthus13453-RA","Biological Processes","C-type lectin domain family 4 member A (C-type lectin superfamily member 6) (Dendritic cell inhibitory receptor) (CD antigen CD367)","Clec4a Clecsf6 Dcir"
"1182","GO:0045087","innate immune response",599,34,13.46,0.01776,"Ahyacinthus13473-RA","Biological Processes","C-type lectin domain family 4 member A (C-type lectin superfamily member 6) (Dendritic cell inhibitory receptor) (CD antigen CD367)","Clec4a Clecsf6 Dcir"
"1183","GO:0045087","innate immune response",599,34,13.46,0.01776,"Ahyacinthus16327-RA","Biological Processes","Protein mono-ADP-ribosyltransferase PARP14 (EC 2.4.2.-) (ADP-ribosyltransferase diphtheria toxin-like 8) (ARTD8) (Collaborator of STAT6) (CoaSt6) (Poly [ADP-ribose] polymerase 14) (PARP-14)","Parp14 Kiaa1268"
"1184","GO:0045087","innate immune response",599,34,13.46,0.01776,"Ahyacinthus16328-RA","Biological Processes","Protein mono-ADP-ribosyltransferase PARP14 (EC 2.4.2.-) (ADP-ribosyltransferase diphtheria toxin-like 8) (ARTD8) (Collaborator of STAT6) (CoaSt6) (Poly [ADP-ribose] polymerase 14) (PARP-14)","Parp14 Kiaa1268"
"1185","GO:0045087","innate immune response",599,34,13.46,0.01776,"Ahyacinthus16330-RA","Biological Processes","Protein mono-ADP-ribosyltransferase PARP14 (EC 2.4.2.-) (ADP-ribosyltransferase diphtheria toxin-like 8) (ARTD8) (B aggressive lymphoma protein 2) (Poly [ADP-ribose] polymerase 14) (PARP-14)","PARP14 BAL2 KIAA1268"
"1186","GO:0045087","innate immune response",599,34,13.46,0.01776,"Ahyacinthus16331-RA","Biological Processes","Protein mono-ADP-ribosyltransferase PARP14 (EC 2.4.2.-) (ADP-ribosyltransferase diphtheria toxin-like 8) (ARTD8) (B aggressive lymphoma protein 2) (Poly [ADP-ribose] polymerase 14) (PARP-14)","PARP14 BAL2 KIAA1268"
"1187","GO:0045087","innate immune response",599,34,13.46,0.01776,"Ahyacinthus17076-RA","Biological Processes","Fucolectin-1",""
"1188","GO:0045087","innate immune response",599,34,13.46,0.01776,"Ahyacinthus17113-RA","Biological Processes","Fucolectin-1",""
"1189","GO:0045087","innate immune response",599,34,13.46,0.01776,"Ahyacinthus17545-RA","Biological Processes","Receptor-type tyrosine-protein phosphatase S (R-PTP-S) (EC 3.1.3.48) (Receptor-type tyrosine-protein phosphatase sigma) (R-PTP-sigma)","PTPRS"
"1190","GO:0045087","innate immune response",599,34,13.46,0.01776,"Ahyacinthus17549-RA","Biological Processes","Fucolectin-1",""
"1191","GO:0045087","innate immune response",599,34,13.46,0.01776,"Ahyacinthus17910-RA","Biological Processes","Fucolectin-4",""
"1192","GO:0045087","innate immune response",599,34,13.46,0.01776,"Ahyacinthus18205-RA","Biological Processes","Zinc finger CCHC domain-containing protein 3","ZCCHC3 C20orf99"
"1193","GO:0045087","innate immune response",599,34,13.46,0.01776,"Ahyacinthus18331-RA","Biological Processes","Cyclic GMP-AMP synthase-like receptor 2 (Sp-cGLR2) (EC 2.7.7.86)","cGLR2 MB21D2 AWC38_SpisGene17868"
"1194","GO:0045087","innate immune response",599,34,13.46,0.01776,"Ahyacinthus19833-RA","Biological Processes","Toll-like receptor 1 (Toll/interleukin-1 receptor-like protein) (TIL) (CD antigen CD281)","TLR1 KIAA0012"
"1195","GO:0045087","innate immune response",599,34,13.46,0.01776,"Ahyacinthus23668-RA","Biological Processes","Cyclic GMP-AMP synthase-like receptor 1 (Sp-cGLR1) (Cyclic UMP-AMP synthase cGLR1) (EC 2.7.7.-)","cGLR1 mab21l2 AWC38_SpisGene15409"
"1196","GO:0045087","innate immune response",599,34,13.46,0.01776,"Ahyacinthus23986-RA","Biological Processes","Zinc finger CCHC domain-containing protein 3","ZCCHC3 C20orf99"
"1197","GO:0045087","innate immune response",599,34,13.46,0.01776,"Ahyacinthus24045-RA","Biological Processes","Cyclic GMP-AMP synthase-like receptor 3 (Sp-cGLR3) (Cyclic-di-AMP synthase cGLR3) (EC 2.7.7.85)",""
"1198","GO:0045087","innate immune response",599,34,13.46,0.01776,"Ahyacinthus24076-RA","Biological Processes","Adhesion G protein-coupled receptor B1 (Brain-specific angiogenesis inhibitor 1) [Cleaved into: Vasculostatin-40 (Vstat40); Vasculostatin-120 (Vstat120)]","ADGRB1 BAI1"
"1199","GO:0045087","innate immune response",599,34,13.46,0.01776,"Ahyacinthus24835-RA","Biological Processes","Cyclic GMP-AMP synthase-like receptor (Pd-cGLR) (EC 2.7.7.86)","cGLR pdam_00011560"
"1200","GO:0045087","innate immune response",599,34,13.46,0.01776,"Ahyacinthus24982-RA","Biological Processes","Protein NLRC3","Nlrc3"
"1201","GO:0045087","innate immune response",599,34,13.46,0.01776,"Ahyacinthus24998-RA","Biological Processes","NLR family CARD domain-containing protein 3 (CARD15-like protein) (Caterpiller protein 16.2) (CLR16.2) (NACHT, LRR and CARD domains-containing protein 3) (Nucleotide-binding oligomerization domain protein 3)","NLRC3 NOD3"
"1202","GO:0045087","innate immune response",599,34,13.46,0.01776,"Ahyacinthus25342-RA","Biological Processes","TNF receptor-associated factor 6 (EC 2.3.2.27) (E3 ubiquitin-protein ligase TRAF6) (RING-type E3 ubiquitin transferase TRAF6)","traf6 TNeu045k15.1"
"1203","GO:0045087","innate immune response",599,34,13.46,0.01776,"Ahyacinthus25872-RA","Biological Processes","Protein NLRC3","Nlrc3"
"1204","GO:0045087","innate immune response",599,34,13.46,0.01776,"Ahyacinthus26194-RA","Biological Processes","Protein NLRC3","Nlrc3"
"1205","GO:0045087","innate immune response",599,34,13.46,0.01776,"Ahyacinthus26729-RA","Biological Processes","Interleukin-1 receptor-associated kinase 4 (IRAK-4) (EC 2.7.11.1) (Renal carcinoma antigen NY-REN-64)","IRAK4"
"1206","GO:0045087","innate immune response",599,34,13.46,0.01776,"Ahyacinthus26731-RA","Biological Processes","NLR family CARD domain-containing protein 3 (CARD15-like protein) (Caterpiller protein 16.2) (CLR16.2) (NACHT, LRR and CARD domains-containing protein 3) (Nucleotide-binding oligomerization domain protein 3)","NLRC3 NOD3"
"1207","GO:0045087","innate immune response",599,34,13.46,0.01776,"Ahyacinthus26805-RA","Biological Processes","Deubiquitinase OTUD6B (EC 3.4.19.12)","otud6b zgc:56305"
"1208","GO:0045087","innate immune response",599,34,13.46,0.01776,"Ahyacinthus26877-RA","Biological Processes","Pancreatic secretory granule membrane major glycoprotein GP2 (Pancreatic zymogen granule membrane protein GP-2) (ZAP75)","GP2"
"1209","GO:0000082","G1/S transition of mitotic cell cycle",135,7,3.03,0.01922,"Ahyacinthus13055-RA","Biological Processes","Histone lysine acetyltransferase CREBBP (EC 2.3.1.48) (Protein lactyltransferas CREBBP) (EC 2.3.1.-) (Protein-lysine acetyltransferase CREBBP) (EC 2.3.1.-)","Crebbp Cbp"
"1210","GO:0000082","G1/S transition of mitotic cell cycle",135,7,3.03,0.01922,"Ahyacinthus13626-RA","Biological Processes","E3 ubiquitin-protein ligase TRIM71 (EC 2.3.2.27) (Protein lin-41 homolog) (RING-type E3 ubiquitin transferase TRIM71) (Tripartite motif-containing protein 71)","trim71 lin41"
"1211","GO:0000082","G1/S transition of mitotic cell cycle",135,7,3.03,0.01922,"Ahyacinthus13628-RA","Biological Processes","E3 ubiquitin-protein ligase TRIM71 (EC 2.3.2.27) (Protein lin-41 homolog) (RING-type E3 ubiquitin transferase TRIM71) (Tripartite motif-containing protein 71)","trim71 lin41"
"1212","GO:0000082","G1/S transition of mitotic cell cycle",135,7,3.03,0.01922,"Ahyacinthus14681-RA","Biological Processes","Neurogenic locus Notch protein [Cleaved into: Processed neurogenic locus Notch protein]","N CG3936"
"1213","GO:0000082","G1/S transition of mitotic cell cycle",135,7,3.03,0.01922,"Ahyacinthus16634-RA","Biological Processes","E3 ubiquitin-protein ligase TRIM71 (EC 2.3.2.27) (Protein lin-41 homolog) (RING-type E3 ubiquitin transferase TRIM71) (Tripartite motif-containing protein 71)","trim71 lin41"
"1214","GO:0000082","G1/S transition of mitotic cell cycle",135,7,3.03,0.01922,"Ahyacinthus17138-RA","Biological Processes","SWI/SNF-related matrix-associated actin-dependent regulator of chromatin subfamily A member 2 (SAMRCA2) (EC 3.6.4.-) (BRG1-associated factor 190B) (BAF190B) (Probable global transcription activator SNF2L2) (Protein brahma homolog) (SNF2-alpha)","Smarca2 Baf190b Brm Snf2a Snf2l2"
"1215","GO:0000082","G1/S transition of mitotic cell cycle",135,7,3.03,0.01922,"Ahyacinthus17581-RA","Biological Processes","E3 ubiquitin-protein ligase TRIM71 (EC 2.3.2.27) (Protein lin-41 homolog) (RING-type E3 ubiquitin transferase TRIM71) (Tripartite motif-containing protein 71)","trim71 lin41"
"1216","GO:0060999","positive regulation of dendritic spine development",38,3,0.85,0.02005,"Ahyacinthus13055-RA","Biological Processes","Histone lysine acetyltransferase CREBBP (EC 2.3.1.48) (Protein lactyltransferas CREBBP) (EC 2.3.1.-) (Protein-lysine acetyltransferase CREBBP) (EC 2.3.1.-)","Crebbp Cbp"
"1217","GO:0060999","positive regulation of dendritic spine development",38,3,0.85,0.02005,"Ahyacinthus17734-RA","Biological Processes","Receptor-type tyrosine-protein phosphatase delta (Protein-tyrosine phosphatase delta) (R-PTP-delta) (EC 3.1.3.48)","Ptprd"
"1218","GO:0060999","positive regulation of dendritic spine development",38,3,0.85,0.02005,"Ahyacinthus23418-RA","Biological Processes","Neurabin-1 (Neurabin-I) (Neural tissue-specific F-actin-binding protein I) (PP1bp175) (Protein phosphatase 1 regulatory subunit 9A) (p180)","Ppp1r9a"
"1219","GO:0150094","amyloid-beta clearance by cellular catabolic proces...",10,2,0.22,0.0201,"Ahyacinthus10638-RA","Biological Processes","Low-density lipoprotein receptor-related protein 4 (LRP-4) (Multiple epidermal growth factor-like domains 7)","LRP4 KIAA0816 LRP10 MEGF7"
"1220","GO:0150094","amyloid-beta clearance by cellular catabolic proces...",10,2,0.22,0.0201,"Ahyacinthus24443-RA","Biological Processes","Low-density lipoprotein receptor-related protein 4 (LRP-4) (Multiple epidermal growth factor-like domains 7)","Lrp4 Megf7"
"1221","GO:0060444","branching involved in mammary gland duct morphogene...",10,2,0.22,0.0201,"Ahyacinthus00666-RA","Biological Processes","Low-density lipoprotein receptor-related protein 6 (LRP-6)","Lrp6"
"1222","GO:0060444","branching involved in mammary gland duct morphogene...",10,2,0.22,0.0201,"Ahyacinthus10485-RA","Biological Processes","Epithelial discoidin domain-containing receptor 1 (Epithelial discoidin domain receptor 1) (EC 2.7.10.1) (CD167 antigen-like family member A) (Cell adhesion kinase) (Discoidin receptor tyrosine kinase) (Protein-tyrosine kinase MPK-6) (Tyrosine kinase DDR) (Tyrosine-protein kinase CAK) (CD antigen CD167a)","Ddr1 Cak Eddr1 Mpk6"
"1223","GO:0071360","cellular response to exogenous dsRNA",10,2,0.22,0.0201,"Ahyacinthus18205-RA","Biological Processes","Zinc finger CCHC domain-containing protein 3","ZCCHC3 C20orf99"
"1224","GO:0071360","cellular response to exogenous dsRNA",10,2,0.22,0.0201,"Ahyacinthus23986-RA","Biological Processes","Zinc finger CCHC domain-containing protein 3","ZCCHC3 C20orf99"
"1225","GO:2001205","negative regulation of osteoclast development",10,2,0.22,0.0201,"Ahyacinthus08340-RA","Biological Processes","F-box/WD repeat-containing protein 7 (F-box and WD-40 domain-containing protein 7)","FBXW7 FBW7"
"1226","GO:2001205","negative regulation of osteoclast development",10,2,0.22,0.0201,"Ahyacinthus12841-RA","Biological Processes","Tight junction protein 2 (Tight junction protein ZO-2) (Zona occludens protein 2) (Zonula occludens protein 2)","Tjp2 Zo2"
"1227","GO:0008543","fibroblast growth factor receptor signaling pathway",96,6,2.16,0.02103,"Ahyacinthus13626-RA","Biological Processes","E3 ubiquitin-protein ligase TRIM71 (EC 2.3.2.27) (Protein lin-41 homolog) (RING-type E3 ubiquitin transferase TRIM71) (Tripartite motif-containing protein 71)","trim71 lin41"
"1228","GO:0008543","fibroblast growth factor receptor signaling pathway",96,6,2.16,0.02103,"Ahyacinthus13628-RA","Biological Processes","E3 ubiquitin-protein ligase TRIM71 (EC 2.3.2.27) (Protein lin-41 homolog) (RING-type E3 ubiquitin transferase TRIM71) (Tripartite motif-containing protein 71)","trim71 lin41"
"1229","GO:0008543","fibroblast growth factor receptor signaling pathway",96,6,2.16,0.02103,"Ahyacinthus14101-RA","Biological Processes","Protocadherin Fat 4 (FAT tumor suppressor homolog 4) (Fat-like cadherin protein FAT-J)","Fat4 Fatj"
"1230","GO:0008543","fibroblast growth factor receptor signaling pathway",96,6,2.16,0.02103,"Ahyacinthus16634-RA","Biological Processes","E3 ubiquitin-protein ligase TRIM71 (EC 2.3.2.27) (Protein lin-41 homolog) (RING-type E3 ubiquitin transferase TRIM71) (Tripartite motif-containing protein 71)","trim71 lin41"
"1231","GO:0008543","fibroblast growth factor receptor signaling pathway",96,6,2.16,0.02103,"Ahyacinthus17581-RA","Biological Processes","E3 ubiquitin-protein ligase TRIM71 (EC 2.3.2.27) (Protein lin-41 homolog) (RING-type E3 ubiquitin transferase TRIM71) (Tripartite motif-containing protein 71)","trim71 lin41"
"1232","GO:0008543","fibroblast growth factor receptor signaling pathway",96,6,2.16,0.02103,"Ahyacinthus22002-RA","Biological Processes","Fibroblast growth factor receptor (SpFGFR) (EC 2.7.10.1)","FGFR"
