"","miRNA","three_UTR","score","energy","query_start_end","subject_start_end","total_bp_shared","query_similar","subject_similar","gene_name"
"1","Cluster_10318","3prime_UTR::chr10:10784188-10785188(-)",149,-20.86,"2 20","930 950",18,"72.22%","72.22%","Ahyacinthus17418"
"2","Cluster_10318","3prime_UTR::chr10:2235919-2236609(-)",159,-20.79,"2 21","631 653",20,"75.00%","75.00%","Ahyacinthus16906"
"3","Cluster_10318","3prime_UTR::chr10:24300003-24301003(+)",164,-21.02,"2 17","678 699",15,"86.67%","86.67%","Ahyacinthus18148"
"4","Cluster_10318","3prime_UTR::chr10:8704884-8705884(-)",150,-21.34,"2 11","138 159",9,"100.00%","100.00%","Ahyacinthus17257"
"5","Cluster_10318","3prime_UTR::chr10:950515-951515(-)",163,-26.41,"2 21","960 982",20,"70.00%","85.00%","Ahyacinthus16815"
"6","Cluster_10318","3prime_UTR::chr11:10256878-10257878(+)",169,-22.53,"2 18","636 657",16,"87.50%","87.50%","Ahyacinthus19042"
"7","Cluster_10318","3prime_UTR::chr11:10327730-10328730(+)",167,-20.82,"2 21","691 714",21,"76.19%","80.95%","Ahyacinthus19048"
"8","Cluster_10318","3prime_UTR::chr11:11237460-11238460(+)",155,-20.94,"2 21","107 129",20,"70.00%","75.00%","Ahyacinthus19121"
"9","Cluster_10318","3prime_UTR::chr11:13992687-13993687(+)",161,-20.32,"2 20","536 556",18,"77.78%","83.33%","Ahyacinthus19314"
"10","Cluster_10318","3prime_UTR::chr11:19584901-19585901(-)",141,-22.35,"2 10","337 358",8,"87.50%","100.00%","Ahyacinthus19668"
"11","Cluster_10318","3prime_UTR::chr11:2065071-2066071(-)",169,-28.36,"2 20","345 365",18,"77.78%","94.44%","Ahyacinthus18438"
"12","Cluster_10318","3prime_UTR::chr11:21341366-21342366(+)",142,-20.73,"2 16","868 890",15,"73.33%","73.33%","Ahyacinthus19793"
"13","Cluster_10318","3prime_UTR::chr11:4369228-4370228(-)",153,-20.14,"2 18","770 791",16,"75.00%","75.00%","Ahyacinthus18618"
"14","Cluster_10318","3prime_UTR::chr11:6905168-6906168(+)",161,-21.68,"2 21","808 833",23,"78.26%","78.26%","Ahyacinthus18798"
"15","Cluster_10318","3prime_UTR::chr11:7194133-7195133(+)",149,-21.97,"2 20","137 157",18,"66.67%","77.78%","Ahyacinthus18816"
"16","Cluster_10318","3prime_UTR::chr11:735333-736333(+)",172,-23.94,"2 21","152 173",19,"78.95%","84.21%","Ahyacinthus18306"
"17","Cluster_10318","3prime_UTR::chr11:7449302-7450302(-)",163,-22.27,"2 21","438 460",20,"75.00%","80.00%","Ahyacinthus18838"
"18","Cluster_10318","3prime_UTR::chr12:14982989-14983989(+)",154,-24.44,"2 20","477 499",19,"68.42%","78.95%","Ahyacinthus21272"
"19","Cluster_10318","3prime_UTR::chr12:16927314-16928314(+)",155,-20.53,"2 21","329 352",21,"71.43%","71.43%","Ahyacinthus21382"
"20","Cluster_10318","3prime_UTR::chr12:3894774-3895774(-)",153,-22.06,"2 20","441 461",18,"72.22%","77.78%","Ahyacinthus20311"
"21","Cluster_10318","3prime_UTR::chr12:4560057-4561057(-)",149,-22.24,"2 19","425 447",18,"66.67%","77.78%","Ahyacinthus20361"
"22","Cluster_10318","3prime_UTR::chr12:4815809-4816425(-)",153,-20.42,"2 21","208 227",19,"73.68%","73.68%","Ahyacinthus20384"
"23","Cluster_10318","3prime_UTR::chr12:5167370-5168370(-)",146,-21.01,"2 11","74 95",9,"88.89%","100.00%","Ahyacinthus20410"
"24","Cluster_10318","3prime_UTR::chr12:6109710-6110710(-)",157,-25.06,"2 18","760 781",16,"75.00%","81.25%","Ahyacinthus20483"
"25","Cluster_10318","3prime_UTR::chr12:8510681-8511524(-)",157,-21.9,"2 20","57 80",20,"75.00%","80.00%","Ahyacinthus20675"
"26","Cluster_10318","3prime_UTR::chr12:9281416-9282416(+)",156,-20.07,"2 15","792 812",13,"92.31%","92.31%","Ahyacinthus20749"
"27","Cluster_10318","3prime_UTR::chr13:11886406-11887406(-)",146,-20.23,"2 20","965 987",19,"68.42%","68.42%","Ahyacinthus22511"
"28","Cluster_10318","3prime_UTR::chr13:13257880-13258880(+)",161,-21.61,"2 21","753 774",20,"80.00%","80.00%","Ahyacinthus22621"
"29","Cluster_10318","3prime_UTR::chr13:23163295-23164295(-)",150,-21.71,"2 21","428 448",19,"63.16%","78.95%","Ahyacinthus23132"
"30","Cluster_10318","3prime_UTR::chr13:291564-292564(-)",167,-23.03,"2 21","934 957",21,"71.43%","85.71%","Ahyacinthus21790"
"31","Cluster_10318","3prime_UTR::chr13:3625542-3626542(-)",146,-20.74,"2 20","166 189",20,"65.00%","70.00%","Ahyacinthus22018"
"32","Cluster_10318","3prime_UTR::chr13:3625542-3626542(-)",147,-20.97,"2 21","283 306",21,"66.67%","66.67%","Ahyacinthus22018"
"33","Cluster_10318","3prime_UTR::chr13:4474097-4475097(+)",155,-21.9,"2 12","1 15",10,"100.00%","100.00%","Ahyacinthus22045"
"34","Cluster_10318","3prime_UTR::chr13:464938-465938(+)",157,-20.58,"2 19","834 856",18,"77.78%","77.78%","Ahyacinthus21798"
"35","Cluster_10318","3prime_UTR::chr13:5671475-5672398(-)",156,-20.79,"2 19","319 339",17,"76.47%","82.35%","Ahyacinthus22098"
"36","Cluster_10318","3prime_UTR::chr13:5671475-5672398(-)",156,-20.79,"2 19","74 94",17,"76.47%","82.35%","Ahyacinthus22098"
"37","Cluster_10318","3prime_UTR::chr13:5671475-5672398(-)",163,-21,"2 17","562 584",16,"81.25%","93.75%","Ahyacinthus22098"
"38","Cluster_10318","3prime_UTR::chr14:12196184-12197184(+)",165,-22.16,"2 14","197 218",12,"100.00%","100.00%","Ahyacinthus23911"
"39","Cluster_10318","3prime_UTR::chr14:1247588-1248588(-)",154,-24.72,"2 21","739 759",19,"73.68%","73.68%","Ahyacinthus23271"
"40","Cluster_10318","3prime_UTR::chr14:14461166-14461612(-)",171,-25.05,"2 21","203 226",21,"76.19%","85.71%","Ahyacinthus24000"
"41","Cluster_10318","3prime_UTR::chr14:21237827-21238827(+)",155,-21.1,"2 20","67 88",18,"61.11%","83.33%","Ahyacinthus24344"
"42","Cluster_10318","3prime_UTR::chr14:6685570-6686570(-)",159,-20.48,"2 21","206 228",20,"70.00%","80.00%","Ahyacinthus23587"
"43","Cluster_10318","3prime_UTR::chr14:7852333-7853333(+)",163,-24.31,"2 20","722 743",18,"72.22%","83.33%","Ahyacinthus23633"
"44","Cluster_10318","3prime_UTR::chr14:9884866-9885866(+)",159,-20.79,"2 21","837 859",20,"75.00%","75.00%","Ahyacinthus23752"
"45","Cluster_10318","3prime_UTR::chr1:15863253-15864253(-)",159,-21.38,"2 21","348 370",20,"75.00%","75.00%","Ahyacinthus00780"
"46","Cluster_10318","3prime_UTR::chr1:19729115-19729393(+)",158,-23.19,"2 21","257 277",19,"73.68%","78.95%","Ahyacinthus00878"
"47","Cluster_10318","3prime_UTR::chr1:21039187-21040187(-)",159,-20.48,"2 21","37 59",20,"70.00%","80.00%","Ahyacinthus00947"
"48","Cluster_10318","3prime_UTR::chr1:27451265-27452265(-)",150,-24.38,"2 15","76 97",13,"76.92%","84.62%","Ahyacinthus01137"
"49","Cluster_10318","3prime_UTR::chr1:28798099-28799099(+)",163,-26.42,"2 21","761 783",20,"70.00%","85.00%","Ahyacinthus01208"
"50","Cluster_10318","3prime_UTR::chr1:33436566-33437566(-)",159,-20.69,"2 18","379 402",18,"77.78%","88.89%","Ahyacinthus01623"
"51","Cluster_10318","3prime_UTR::chr1:4982413-4983413(-)",159,-21.49,"2 20","792 813",18,"72.22%","77.78%","Ahyacinthus00325"
"52","Cluster_10318","3prime_UTR::chr1:5007052-5008052(-)",159,-21.49,"2 20","755 776",18,"72.22%","77.78%","Ahyacinthus00327"
"53","Cluster_10318","3prime_UTR::chr1:9228348-9229348(+)",150,-24.89,"2 20","810 832",19,"68.42%","73.68%","Ahyacinthus00527"
"54","Cluster_10318","3prime_UTR::chr2:11946197-11947197(-)",147,-20.09,"2 20","302 320",18,"66.67%","77.78%","Ahyacinthus02713"
"55","Cluster_10318","3prime_UTR::chr2:13666606-13667325(+)",141,-21.92,"2 20","377 397",18,"66.67%","66.67%","Ahyacinthus02859"
"56","Cluster_10318","3prime_UTR::chr2:18811893-18812893(+)",163,-20.8,"2 20","118 139",18,"77.78%","77.78%","Ahyacinthus03171"
"57","Cluster_10318","3prime_UTR::chr2:7002890-7003890(+)",147,-22.24,"2 17","525 547",16,"68.75%","81.25%","Ahyacinthus02351"
"58","Cluster_10318","3prime_UTR::chr2:8718954-8719822(-)",165,-26.33,"2 19","544 568",20,"75.00%","85.00%","Ahyacinthus02471"
"59","Cluster_10318","3prime_UTR::chr3:10736381-10736656(+)",155,-22.76,"2 20","254 275",18,"66.67%","77.78%","Ahyacinthus04087"
"60","Cluster_10318","3prime_UTR::chr3:17765360-17766360(-)",157,-25.25,"2 21","235 254",19,"73.68%","78.95%","Ahyacinthus04523"
"61","Cluster_10318","3prime_UTR::chr3:18262351-18263351(+)",171,-20.05,"2 21","408 430",20,"80.00%","85.00%","Ahyacinthus04568"
"62","Cluster_10318","3prime_UTR::chr3:18265846-18266846(+)",171,-20.05,"2 21","408 430",20,"80.00%","85.00%","Ahyacinthus04569"
"63","Cluster_10318","3prime_UTR::chr3:18527353-18528353(-)",144,-20.78,"2 19","653 673",17,"70.59%","70.59%","Ahyacinthus04600"
"64","Cluster_10318","3prime_UTR::chr3:20043750-20044750(-)",155,-25.12,"2 18","874 894",16,"81.25%","81.25%","Ahyacinthus04693"
"65","Cluster_10318","3prime_UTR::chr3:21177912-21178633(-)",158,-20.93,"2 20","648 671",20,"75.00%","75.00%","Ahyacinthus04776"
"66","Cluster_10318","3prime_UTR::chr3:22839914-22840914(-)",153,-21.87,"2 21","12 39",25,"68.00%","76.00%","Ahyacinthus04899"
"67","Cluster_10318","3prime_UTR::chr3:23649781-23650603(-)",145,-21.35,"2 10","604 625",8,"100.00%","100.00%","Ahyacinthus04975"
"68","Cluster_10318","3prime_UTR::chr3:23649781-23650603(-)",145,-21.35,"2 10","661 682",8,"100.00%","100.00%","Ahyacinthus04975"
"69","Cluster_10318","3prime_UTR::chr3:23886460-23887001(+)",151,-20.22,"2 17","278 301",17,"76.47%","76.47%","Ahyacinthus04993"
"70","Cluster_10318","3prime_UTR::chr3:24407931-24408931(+)",154,-26.16,"2 21","719 739",19,"73.68%","73.68%","Ahyacinthus05029"
"71","Cluster_10318","3prime_UTR::chr3:25000743-25001387(-)",160,-26.27,"2 21","404 423",19,"78.95%","84.21%","Ahyacinthus05071"
"72","Cluster_10318","3prime_UTR::chr3:25421505-25422208(+)",158,-21.31,"2 20","434 459",22,"68.18%","77.27%","Ahyacinthus05103"
"73","Cluster_10318","3prime_UTR::chr3:5970708-5971708(+)",163,-23.29,"2 21","673 696",21,"76.19%","76.19%","Ahyacinthus03777"
"74","Cluster_10318","3prime_UTR::chr3:6328043-6328744(-)",169,-21.49,"2 19","337 360",19,"84.21%","84.21%","Ahyacinthus03815"
"75","Cluster_10318","3prime_UTR::chr4:12534214-12535214(+)",156,-20.27,"2 18","885 907",17,"76.47%","82.35%","Ahyacinthus06034"
"76","Cluster_10318","3prime_UTR::chr4:12709806-12710806(-)",147,-20.37,"2 21","704 726",20,"60.00%","75.00%","Ahyacinthus06047"
"77","Cluster_10318","3prime_UTR::chr4:14111045-14112045(-)",176,-24.79,"2 21","54 75",19,"84.21%","84.21%","Ahyacinthus06141"
"78","Cluster_10318","3prime_UTR::chr4:1898492-1899492(-)",154,-22.65,"2 20","206 229",20,"70.00%","75.00%","Ahyacinthus05328"
"79","Cluster_10318","3prime_UTR::chr4:2206037-2207027(-)",145,-22.3,"2 10","311 332",8,"100.00%","100.00%","Ahyacinthus05346"
"80","Cluster_10318","3prime_UTR::chr4:22285774-22286774(+)",145,-22.86,"2 10","215 236",8,"100.00%","100.00%","Ahyacinthus06636"
"81","Cluster_10318","3prime_UTR::chr4:22765394-22766394(+)",168,-23.62,"2 21","32 53",19,"78.95%","78.95%","Ahyacinthus06667"
"82","Cluster_10318","3prime_UTR::chr4:22765394-22766394(+)",176,-23.45,"2 21","206 227",19,"84.21%","84.21%","Ahyacinthus06667"
"83","Cluster_10318","3prime_UTR::chr4:22765394-22766394(+)",176,-24.79,"2 21","119 140",19,"84.21%","84.21%","Ahyacinthus06667"
"84","Cluster_10318","3prime_UTR::chr4:22765394-22766394(+)",176,-24.79,"2 21","293 314",19,"84.21%","84.21%","Ahyacinthus06667"
"85","Cluster_10318","3prime_UTR::chr4:22765394-22766394(+)",176,-24.79,"2 21","380 401",19,"84.21%","84.21%","Ahyacinthus06667"
"86","Cluster_10318","3prime_UTR::chr4:22765394-22766394(+)",176,-24.79,"2 21","467 488",19,"84.21%","84.21%","Ahyacinthus06667"
"87","Cluster_10318","3prime_UTR::chr4:22815534-22816534(+)",168,-22.18,"2 21","56 77",19,"78.95%","78.95%","Ahyacinthus06669"
"88","Cluster_10318","3prime_UTR::chr4:24382579-24383579(-)",176,-24.79,"2 21","26 47",19,"84.21%","84.21%","Ahyacinthus06759"
"89","Cluster_10318","3prime_UTR::chr4:25170629-25171629(-)",154,-23.49,"2 21","821 841",19,"68.42%","78.95%","Ahyacinthus06819"
"90","Cluster_10318","3prime_UTR::chr4:25271195-25272195(+)",176,-24.79,"2 21","112 133",19,"84.21%","84.21%","Ahyacinthus06826"
"91","Cluster_10318","3prime_UTR::chr4:25271195-25272195(+)",176,-24.79,"2 21","26 47",19,"84.21%","84.21%","Ahyacinthus06826"
"92","Cluster_10318","3prime_UTR::chr4:26166875-26167875(-)",168,-21,"2 17","173 194",15,"86.67%","93.33%","Ahyacinthus06918"
"93","Cluster_10318","3prime_UTR::chr4:3214501-3215501(-)",162,-23.5,"2 19","135 156",17,"70.59%","88.24%","Ahyacinthus05427"
"94","Cluster_10318","3prime_UTR::chr5:13735260-13736260(+)",152,-20.93,"2 17","332 353",15,"73.33%","80.00%","Ahyacinthus07513"
"95","Cluster_10318","3prime_UTR::chr5:17219785-17220305(-)",151,-25.09,"2 20","495 513",18,"72.22%","77.78%","Ahyacinthus07654"
"96","Cluster_10318","3prime_UTR::chr5:19132460-19133000(-)",161,-21.36,"2 20","499 522",20,"80.00%","80.00%","Ahyacinthus07738"
"97","Cluster_10318","3prime_UTR::chr5:19979098-19980098(+)",155,-20.48,"2 21","933 956",21,"71.43%","71.43%","Ahyacinthus07789"
"98","Cluster_10318","3prime_UTR::chr5:28226296-28227296(-)",151,-21.51,"2 20","362 380",18,"72.22%","77.78%","Ahyacinthus08215"
"99","Cluster_10318","3prime_UTR::chr5:28600041-28601041(-)",143,-22.25,"2 21","589 614",23,"60.87%","65.22%","Ahyacinthus08249"
"100","Cluster_10318","3prime_UTR::chr5:30876371-30877371(-)",152,-20.56,"2 21","187 208",19,"63.16%","73.68%","Ahyacinthus08439"
"101","Cluster_10318","3prime_UTR::chr5:4514837-4515837(+)",141,-20.25,"2 10","864 885",8,"87.50%","100.00%","Ahyacinthus07102"
"102","Cluster_10318","3prime_UTR::chr5:6088344-6089344(+)",162,-20.9,"2 21","86 106",19,"78.95%","78.95%","Ahyacinthus07172"
"103","Cluster_10318","3prime_UTR::chr5:6251979-6252979(-)",158,-21.89,"2 21","887 907",19,"73.68%","78.95%","Ahyacinthus07188"
"104","Cluster_10318","3prime_UTR::chr6:12081256-12082256(+)",151,-21.43,"2 16","232 253",14,"78.57%","78.57%","Ahyacinthus09450"
"105","Cluster_10318","3prime_UTR::chr6:16829923-16830923(-)",159,-21.14,"2 21","709 732",21,"71.43%","76.19%","Ahyacinthus09693"
"106","Cluster_10318","3prime_UTR::chr6:26454794-26455794(+)",160,-25.2,"2 20","446 465",18,"72.22%","88.89%","Ahyacinthus10461"
"107","Cluster_10318","3prime_UTR::chr6:2770770-2771770(+)",148,-22.19,"2 21","391 409",19,"68.42%","73.68%","Ahyacinthus08857"
"108","Cluster_10318","3prime_UTR::chr6:27888673-27889673(+)",160,-24.98,"2 17","20 41",15,"80.00%","86.67%","Ahyacinthus10569"
"109","Cluster_10318","3prime_UTR::chr6:30494056-30495056(-)",155,-20.74,"2 21","91 113",20,"70.00%","75.00%","Ahyacinthus10745"
"110","Cluster_10318","3prime_UTR::chr6:6855432-6856432(+)",141,-21.31,"2 10","855 876",8,"87.50%","100.00%","Ahyacinthus09125"
"111","Cluster_10318","3prime_UTR::chr6:716733-717733(+)",153,-20.52,"2 21","343 364",20,"75.00%","75.00%","Ahyacinthus08672"
"112","Cluster_10318","3prime_UTR::chr7:13616581-13617146(+)",151,-24.21,"2 21","79 97",19,"73.68%","78.95%","Ahyacinthus11800"
"113","Cluster_10318","3prime_UTR::chr7:13616581-13617581(+)",151,-24.21,"2 21","79 97",19,"73.68%","78.95%","Ahyacinthus11801"
"114","Cluster_10318","3prime_UTR::chr7:1396686-1397686(+)",159,-21.73,"2 21","713 736",21,"71.43%","76.19%","Ahyacinthus11011"
"115","Cluster_10318","3prime_UTR::chr7:14375084-14376084(+)",145,-20.63,"2 10","938 959",8,"100.00%","100.00%","Ahyacinthus11839"
"116","Cluster_10318","3prime_UTR::chr7:16164195-16165195(+)",156,-21.93,"2 21","600 621",19,"68.42%","73.68%","Ahyacinthus11956"
"117","Cluster_10318","3prime_UTR::chr7:24134687-24135687(-)",151,-21.36,"2 19","161 182",18,"77.78%","77.78%","Ahyacinthus12535"
"118","Cluster_10318","3prime_UTR::chr7:24259856-24260856(-)",152,-20.76,"2 17","125 146",15,"73.33%","80.00%","Ahyacinthus12544"
"119","Cluster_10318","3prime_UTR::chr7:2448416-2449416(-)",157,-21,"2 20","747 767",18,"72.22%","83.33%","Ahyacinthus11095"
"120","Cluster_10318","3prime_UTR::chr7:25319694-25320694(-)",152,-20.03,"2 18","338 360",17,"70.59%","82.35%","Ahyacinthus12614"
"121","Cluster_10318","3prime_UTR::chr7:27145821-27146821(+)",158,-22.77,"2 19","51 72",17,"76.47%","76.47%","Ahyacinthus12746"
"122","Cluster_10318","3prime_UTR::chr7:2850689-2851689(+)",153,-22.79,"2 21","835 859",23,"69.57%","73.91%","Ahyacinthus11135"
"123","Cluster_10318","3prime_UTR::chr7:29024407-29025407(+)",145,-22.2,"2 20","852 868",18,"72.22%","72.22%","Ahyacinthus12880"
"124","Cluster_10318","3prime_UTR::chr7:3987359-3988359(+)",153,-20.33,"2 21","880 903",22,"72.73%","72.73%","Ahyacinthus11203"
"125","Cluster_10318","3prime_UTR::chr7:7276757-7277757(-)",141,-20.22,"2 10","573 594",8,"87.50%","100.00%","Ahyacinthus11476"
"126","Cluster_10318","3prime_UTR::chr8:20615932-20616831(+)",160,-21.27,"2 19","246 266",17,"76.47%","88.24%","Ahyacinthus14248"
"127","Cluster_10318","3prime_UTR::chr8:2098147-2099147(+)",154,-24.7,"2 20","437 455",18,"77.78%","83.33%","Ahyacinthus13176"
"128","Cluster_10318","3prime_UTR::chr8:22620737-22621737(-)",165,-20.97,"2 19","352 374",18,"83.33%","83.33%","Ahyacinthus14401"
"129","Cluster_10318","3prime_UTR::chr8:24765268-24766268(+)",156,-22.61,"2 21","38 59",19,"63.16%","78.95%","Ahyacinthus14542"
"130","Cluster_10318","3prime_UTR::chr8:991649-992649(-)",151,-22.11,"2 17","448 473",19,"73.68%","73.68%","Ahyacinthus13096"
"131","Cluster_10318","3prime_UTR::chr9:12612111-12613053(+)",156,-22.8,"2 20","168 190",20,"75.00%","80.00%","Ahyacinthus15632"
"132","Cluster_10318","3prime_UTR::chr9:12612111-12613053(-)",148,-21.92,"2 20","628 650",20,"70.00%","75.00%","Ahyacinthus15633"
"133","Cluster_10318","3prime_UTR::chr9:14771132-14772132(-)",155,-20.09,"2 21","737 760",21,"71.43%","71.43%","Ahyacinthus15762"
"134","Cluster_10318","3prime_UTR::chr9:15451575-15452575(+)",165,-21.84,"2 20","219 239",18,"83.33%","83.33%","Ahyacinthus15817"
"135","Cluster_10318","3prime_UTR::chr9:15826743-15827743(-)",160,-20.29,"2 21","262 283",19,"68.42%","78.95%","Ahyacinthus15851"
"136","Cluster_10318","3prime_UTR::chr9:17053984-17054984(-)",141,-24.11,"2 10","801 822",8,"87.50%","100.00%","Ahyacinthus15932"
"137","Cluster_10318","3prime_UTR::chr9:20808282-20809282(+)",151,-21.41,"2 17","754 780",20,"70.00%","75.00%","Ahyacinthus16219"
"138","Cluster_10318","3prime_UTR::chr9:21555727-21556727(+)",156,-27.56,"2 21","225 246",19,"63.16%","78.95%","Ahyacinthus16258"
"139","Cluster_10318","3prime_UTR::chr9:25065051-25066051(+)",161,-20.92,"2 19","266 289",19,"78.95%","78.95%","Ahyacinthus16492"
"140","Cluster_10318","3prime_UTR::chr9:3472780-3473780(-)",143,-20.31,"2 18","398 418",16,"68.75%","75.00%","Ahyacinthus15065"
"141","Cluster_10318","3prime_UTR::chr9:5128290-5129290(+)",163,-22.96,"2 20","747 768",18,"72.22%","83.33%","Ahyacinthus15165"
"142","Cluster_10318","3prime_UTR::chr9:6449222-6450222(-)",148,-22.67,"2 21","904 925",19,"63.16%","68.42%","Ahyacinthus15252"
"143","Cluster_10318","3prime_UTR::chr9:8523550-8524550(+)",152,-21.34,"2 18","693 715",17,"76.47%","76.47%","Ahyacinthus15404"
"144","Cluster_10318","3prime_UTR::chr9:9113576-9114576(-)",155,-20.58,"2 20","931 952",18,"72.22%","72.22%","Ahyacinthus15438"
"145","Cluster_10318","3prime_UTR::sc001:192702-193702(+)",154,-27.01,"2 21","99 126",25,"68.00%","72.00%","Ahyacinthus24518"
"146","Cluster_10318","3prime_UTR::sc004:467497-468497(+)",175,-22.64,"2 20","566 587",18,"83.33%","88.89%","Ahyacinthus24611"
"147","Cluster_10318","3prime_UTR::sc008:193218-194218(-)",151,-26.32,"2 21","523 545",20,"65.00%","75.00%","Ahyacinthus24678"
"148","Cluster_10318","3prime_UTR::sc011:173296-173910(+)",153,-21.93,"2 20","471 497",23,"69.57%","73.91%","Ahyacinthus24784"
"149","Cluster_10318","3prime_UTR::sc011:173296-174296(+)",153,-21.93,"2 20","471 497",23,"69.57%","73.91%","Ahyacinthus24785"
"150","Cluster_10318","3prime_UTR::sc011:193050-194050(+)",158,-23.54,"2 21","471 497",24,"70.83%","75.00%","Ahyacinthus24791"
"151","Cluster_10318","3prime_UTR::sc025:138508-139508(-)",160,-20.94,"2 17","890 911",15,"80.00%","86.67%","Ahyacinthus24987"
"152","Cluster_10318","3prime_UTR::sc033:70152-71152(-)",142,-20.82,"2 21","584 601",19,"68.42%","73.68%","Ahyacinthus25151"
"153","Cluster_10318","3prime_UTR::sc057:66896-67896(+)",147,-22.84,"2 17","243 265",16,"68.75%","81.25%","Ahyacinthus25443"
"154","Cluster_10318","3prime_UTR::sc078:38167-39167(+)",155,-20.68,"2 16","124 145",14,"78.57%","85.71%","Ahyacinthus25719"
"155","Cluster_10318","3prime_UTR::sc098:80026-81026(-)",141,-20.87,"2 10","152 173",8,"87.50%","100.00%","Ahyacinthus25866"
"156","Cluster_10318","3prime_UTR::sc100:144835-145835(-)",151,-25.9,"2 21","466 490",23,"73.91%","78.26%","Ahyacinthus25887"
"157","Cluster_10318","3prime_UTR::sc107:80666-81666(+)",147,-20.83,"2 20","872 893",18,"66.67%","66.67%","Ahyacinthus25937"
"158","Cluster_10318","3prime_UTR::sc113:67686-68686(+)",146,-22.25,"2 21","957 983",24,"62.50%","70.83%","Ahyacinthus25966"
"159","Cluster_10318","3prime_UTR::sc175:17388-18388(-)",158,-23.73,"2 19","286 307",17,"70.59%","82.35%","Ahyacinthus26297"
"160","Cluster_10318","3prime_UTR::sc190:36805-37805(+)",145,-20.92,"2 10","776 797",8,"100.00%","100.00%","Ahyacinthus26360"
"161","Cluster_10318","3prime_UTR::sc206:62509-63509(+)",160,-21.2,"2 19","835 855",17,"82.35%","82.35%","Ahyacinthus26425"
"162","Cluster_10318","3prime_UTR::sc210:4563-5563(+)",165,-24.62,"2 19","266 289",19,"78.95%","84.21%","Ahyacinthus26435"
"163","Cluster_10318","3prime_UTR::sc469:12189-13189(-)",153,-21.34,"2 20","434 460",23,"69.57%","73.91%","Ahyacinthus26955"
"164","Cluster_10318","3prime_UTR::sc513:577-847(-)",147,-21.18,"2 18","119 139",16,"75.00%","75.00%","Ahyacinthus26987"
"165","Cluster_10318","3prime_UTR::sc611:9768-10285(+)",149,-22.7,"2 21","79 102",22,"68.18%","72.73%","Ahyacinthus27038"
"166","Cluster_10319","3prime_UTR::chr10:2925020-2926020(-)",173,-21.28,"2 19","380 402",18,"83.33%","94.44%","Ahyacinthus16959"
"167","Cluster_10319","3prime_UTR::chr10:7357247-7358247(+)",180,-22.59,"2 21","709 730",19,"78.95%","94.74%","Ahyacinthus17171"
"168","Cluster_10319","3prime_UTR::chr11:11643207-11644207(-)",169,-20.67,"2 18","883 904",16,"75.00%","100.00%","Ahyacinthus19155"
"169","Cluster_10319","3prime_UTR::chr11:1663247-1664247(-)",163,-20.38,"2 21","505 527",20,"65.00%","90.00%","Ahyacinthus18385"
"170","Cluster_10319","3prime_UTR::chr11:19392845-19393845(+)",176,-21,"2 21","464 485",19,"78.95%","89.47%","Ahyacinthus19653"
"171","Cluster_10319","3prime_UTR::chr11:19476864-19477864(+)",170,-20.2,"2 21","567 587",19,"84.21%","84.21%","Ahyacinthus19661"
"172","Cluster_10319","3prime_UTR::chr11:4888196-4889196(+)",167,-21.66,"2 21","797 820",21,"71.43%","85.71%","Ahyacinthus18665"
"173","Cluster_10319","3prime_UTR::chr12:5636874-5637874(+)",170,-20.15,"2 15","42 63",13,"100.00%","100.00%","Ahyacinthus20445"
"174","Cluster_10319","3prime_UTR::chr14:23380828-23381828(+)",173,-20.66,"2 18","590 611",16,"81.25%","100.00%","Ahyacinthus24492"
"175","Cluster_10319","3prime_UTR::chr1:15314133-15315133(-)",183,-27.91,"2 20","719 740",18,"88.89%","94.44%","Ahyacinthus00764"
"176","Cluster_10319","3prime_UTR::chr1:23538133-23539133(+)",172,-25.12,"2 21","366 385",19,"89.47%","89.47%","Ahyacinthus01036"
"177","Cluster_10319","3prime_UTR::chr1:29028201-29029201(-)",164,-20.35,"2 17","644 665",15,"80.00%","93.33%","Ahyacinthus01222"
"178","Cluster_10319","3prime_UTR::chr1:6071904-6072904(+)",167,-21.02,"2 21","308 331",21,"76.19%","80.95%","Ahyacinthus00391"
"179","Cluster_10319","3prime_UTR::chr2:20527242-20528242(-)",170,-21.86,"2 21","685 705",19,"84.21%","84.21%","Ahyacinthus03234"
"180","Cluster_10319","3prime_UTR::chr3:18205233-18206233(+)",175,-20.27,"2 21","283 305",20,"80.00%","90.00%","Ahyacinthus04561"
"181","Cluster_10319","3prime_UTR::chr3:211981-212981(+)",172,-20.9,"2 21","871 892",19,"78.95%","84.21%","Ahyacinthus03396"
"182","Cluster_10319","3prime_UTR::chr4:13584931-13585931(+)",173,-21.4,"2 21","177 198",20,"85.00%","90.00%","Ahyacinthus06106"
"183","Cluster_10319","3prime_UTR::chr4:16011288-16012288(+)",171,-20.74,"2 21","594 616",20,"80.00%","85.00%","Ahyacinthus06265"
"184","Cluster_10319","3prime_UTR::chr4:24780536-24781536(-)",169,-20.49,"2 18","254 275",16,"81.25%","93.75%","Ahyacinthus06790"
"185","Cluster_10319","3prime_UTR::chr5:32678752-32679752(+)",164,-20.06,"2 21","407 425",19,"78.95%","84.21%","Ahyacinthus08578"
"186","Cluster_10319","3prime_UTR::chr6:22434255-22435255(-)",188,-28.86,"2 21","403 424",19,"89.47%","94.74%","Ahyacinthus10114"
"187","Cluster_10319","3prime_UTR::chr6:29538335-29539335(-)",170,-21.47,"2 21","606 626",19,"84.21%","84.21%","Ahyacinthus10675"
"188","Cluster_10319","3prime_UTR::chr6:29591805-29592805(-)",170,-21.47,"2 21","155 175",19,"84.21%","84.21%","Ahyacinthus10678"
"189","Cluster_10319","3prime_UTR::chr6:3667678-3668678(+)",164,-20.09,"2 18","244 266",17,"76.47%","94.12%","Ahyacinthus08938"
"190","Cluster_10319","3prime_UTR::chr6:4156481-4157481(-)",172,-21.17,"2 21","156 177",19,"78.95%","84.21%","Ahyacinthus08980"
"191","Cluster_10319","3prime_UTR::chr6:5814168-5815168(-)",158,-20.88,"2 21","790 815",23,"65.22%","82.61%","Ahyacinthus09079"
"192","Cluster_10319","3prime_UTR::chr8:10898863-10899863(+)",166,-22.47,"2 20","782 808",23,"73.91%","78.26%","Ahyacinthus13770"
"193","Cluster_10319","3prime_UTR::chr8:6688135-6688769(+)",162,-20.5,"2 21","527 551",22,"77.27%","77.27%","Ahyacinthus13491"
"194","Cluster_10319","3prime_UTR::chr9:9412245-9413245(-)",173,-20.27,"2 18","6 27",16,"87.50%","93.75%","Ahyacinthus15458"
"195","Cluster_10319","3prime_UTR::chr9:9412679-9413245(-)",173,-20.27,"2 18","6 27",16,"87.50%","93.75%","Ahyacinthus15459"
"196","Cluster_10319","3prime_UTR::sc221:5889-6889(-)",169,-22.03,"2 18","204 225",16,"75.00%","100.00%","Ahyacinthus26484"
"197","Cluster_10493","3prime_UTR::chr10:11982703-11983703(-)",165,-20.25,"2 18","1 21",16,"81.25%","87.50%","Ahyacinthus17510"
"198","Cluster_10493","3prime_UTR::chr10:14587829-14588829(-)",159,-20.15,"2 20","250 270",18,"72.22%","77.78%","Ahyacinthus17727"
"199","Cluster_10493","3prime_UTR::chr10:18188213-18189213(+)",152,-21.18,"2 20","896 919",22,"72.73%","72.73%","Ahyacinthus17945"
"200","Cluster_10493","3prime_UTR::chr10:222724-223724(-)",160,-21.22,"2 19","239 262",20,"75.00%","85.00%","Ahyacinthus16786"
"201","Cluster_10493","3prime_UTR::chr10:3050344-3051268(+)",173,-22.11,"2 19","418 439",18,"88.89%","88.89%","Ahyacinthus16969"
"202","Cluster_10493","3prime_UTR::chr10:4879823-4880823(-)",165,-20.27,"2 20","81 104",21,"76.19%","85.71%","Ahyacinthus17070"
"203","Cluster_10493","3prime_UTR::chr11:11615557-11616557(-)",158,-20.01,"2 20","178 195",18,"83.33%","83.33%","Ahyacinthus19151"
"204","Cluster_10493","3prime_UTR::chr11:18561141-18562141(-)",151,-20.92,"2 20","609 629",18,"66.67%","72.22%","Ahyacinthus19591"
"205","Cluster_10493","3prime_UTR::chr11:9070914-9071914(+)",164,-23.02,"2 20","553 573",19,"78.95%","89.47%","Ahyacinthus18960"
"206","Cluster_10493","3prime_UTR::chr11:9187-10187(-)",157,-20.05,"2 19","900 921",18,"77.78%","77.78%","Ahyacinthus18231"
"207","Cluster_10493","3prime_UTR::chr12:13020816-13021816(+)",157,-21.49,"2 20","322 345",21,"76.19%","76.19%","Ahyacinthus21110"
"208","Cluster_10493","3prime_UTR::chr12:20452566-20453566(-)",172,-20.51,"2 17","873 893",15,"86.67%","100.00%","Ahyacinthus21569"
"209","Cluster_10493","3prime_UTR::chr13:12776294-12777294(-)",156,-21.11,"2 20","81 101",19,"73.68%","84.21%","Ahyacinthus22579"
"210","Cluster_10493","3prime_UTR::chr13:2619772-2620772(+)",161,-21.33,"2 19","661 683",19,"73.68%","84.21%","Ahyacinthus21969"
"211","Cluster_10493","3prime_UTR::chr13:8079827-8080827(-)",169,-28.31,"2 20","728 747",18,"77.78%","94.44%","Ahyacinthus22237"
"212","Cluster_10493","3prime_UTR::chr14:2569764-2570764(+)",178,-22.72,"2 19","116 136",17,"82.35%","100.00%","Ahyacinthus23364"
"213","Cluster_10493","3prime_UTR::chr14:2598291-2599291(+)",178,-22.72,"2 19","113 133",17,"82.35%","100.00%","Ahyacinthus23365"
"214","Cluster_10493","3prime_UTR::chr14:2624807-2625807(+)",178,-22.72,"2 19","113 133",17,"82.35%","100.00%","Ahyacinthus23366"
"215","Cluster_10493","3prime_UTR::chr14:2645002-2646002(+)",178,-22.72,"2 19","877 897",17,"82.35%","100.00%","Ahyacinthus23368"
"216","Cluster_10493","3prime_UTR::chr14:3999469-3999890(-)",166,-26.21,"2 20","144 168",22,"72.73%","81.82%","Ahyacinthus23465"
"217","Cluster_10493","3prime_UTR::chr14:6685570-6686570(-)",158,-24.15,"2 20","676 697",19,"73.68%","78.95%","Ahyacinthus23587"
"218","Cluster_10493","3prime_UTR::chr14:9216195-9217195(+)",165,-20.27,"2 20","81 104",21,"76.19%","85.71%","Ahyacinthus23686"
"219","Cluster_10493","3prime_UTR::chr14:9983462-9984462(+)",157,-23.28,"2 20","591 614",21,"71.43%","80.95%","Ahyacinthus23760"
"220","Cluster_10493","3prime_UTR::chr1:13760066-13761066(+)",176,-21.11,"2 19","685 704",17,"94.12%","94.12%","Ahyacinthus00725"
"221","Cluster_10493","3prime_UTR::chr1:19964052-19964308(+)",165,-20.27,"2 20","81 104",21,"76.19%","85.71%","Ahyacinthus00889"
"222","Cluster_10493","3prime_UTR::chr1:21039187-21040187(-)",158,-22.45,"2 20","507 528",19,"68.42%","84.21%","Ahyacinthus00947"
"223","Cluster_10493","3prime_UTR::chr1:23964312-23965312(+)",165,-20.27,"2 20","81 104",21,"76.19%","85.71%","Ahyacinthus01045"
"224","Cluster_10493","3prime_UTR::chr1:30179970-30180544(-)",166,-20.45,"2 20","126 147",19,"78.95%","84.21%","Ahyacinthus01303"
"225","Cluster_10493","3prime_UTR::chr2:15210188-15211188(-)",153,-24.57,"2 15","825 846",14,"78.57%","92.86%","Ahyacinthus02973"
"226","Cluster_10493","3prime_UTR::chr2:15552513-15553513(+)",157,-21.97,"2 20","209 228",18,"72.22%","83.33%","Ahyacinthus02997"
"227","Cluster_10493","3prime_UTR::chr2:16957695-16958141(+)",159,-21.24,"2 20","70 90",18,"66.67%","83.33%","Ahyacinthus03067"
"228","Cluster_10493","3prime_UTR::chr2:16964574-16965000(-)",159,-21.24,"2 20","74 94",18,"66.67%","83.33%","Ahyacinthus03070"
"229","Cluster_10493","3prime_UTR::chr2:18745754-18746754(+)",166,-22.54,"2 20","172 193",19,"78.95%","84.21%","Ahyacinthus03168"
"230","Cluster_10493","3prime_UTR::chr2:21036012-21037012(+)",165,-20.27,"2 20","84 107",21,"76.19%","85.71%","Ahyacinthus03276"
"231","Cluster_10493","3prime_UTR::chr2:3211985-3212985(-)",152,-22.58,"2 20","377 402",23,"69.57%","78.26%","Ahyacinthus02032"
"232","Cluster_10493","3prime_UTR::chr2:4679383-4680383(+)",170,-20.82,"2 20","792 813",19,"78.95%","89.47%","Ahyacinthus02161"
"233","Cluster_10493","3prime_UTR::chr2:5760061-5761061(-)",157,-20.42,"2 19","232 254",19,"68.42%","84.21%","Ahyacinthus02252"
"234","Cluster_10493","3prime_UTR::chr3:11322943-11323943(-)",152,-20.16,"2 18","498 519",17,"64.71%","88.24%","Ahyacinthus04116"
"235","Cluster_10493","3prime_UTR::chr3:15374156-15375156(-)",157,-21.61,"2 20","681 704",21,"71.43%","80.95%","Ahyacinthus04348"
"236","Cluster_10493","3prime_UTR::chr3:17177638-17178638(+)",156,-26.56,"2 18","885 906",17,"70.59%","88.24%","Ahyacinthus04474"
"237","Cluster_10493","3prime_UTR::chr3:18258937-18259937(+)",148,-22.09,"2 20","450 474",23,"65.22%","73.91%","Ahyacinthus04567"
"238","Cluster_10493","3prime_UTR::chr3:18527353-18528353(-)",161,-20.53,"2 19","240 261",18,"77.78%","83.33%","Ahyacinthus04600"
"239","Cluster_10493","3prime_UTR::chr3:18527353-18528353(-)",161,-20.53,"2 19","300 321",18,"77.78%","83.33%","Ahyacinthus04600"
"240","Cluster_10493","3prime_UTR::chr3:3745883-3746883(-)",157,-20.47,"2 15","417 438",14,"85.71%","92.86%","Ahyacinthus03623"
"241","Cluster_10493","3prime_UTR::chr4:13514987-13515987(-)",158,-22.26,"2 20","500 522",20,"70.00%","80.00%","Ahyacinthus06103"
"242","Cluster_10493","3prime_UTR::chr4:18935110-18936110(-)",159,-21.65,"2 20","545 563",18,"77.78%","88.89%","Ahyacinthus06430"
"243","Cluster_10493","3prime_UTR::chr4:22285774-22286774(+)",153,-21.79,"2 20","336 355",18,"66.67%","83.33%","Ahyacinthus06636"
"244","Cluster_10493","3prime_UTR::chr4:6350642-6350717(+)",165,-22.1,"2 20","18 41",21,"80.95%","80.95%","Ahyacinthus05668"
"245","Cluster_10493","3prime_UTR::chr4:6721900-6722900(-)",173,-21.69,"2 18","557 577",16,"81.25%","100.00%","Ahyacinthus05701"
"246","Cluster_10493","3prime_UTR::chr5:11581112-11582112(-)",161,-21.33,"2 19","661 683",19,"73.68%","84.21%","Ahyacinthus07434"
"247","Cluster_10493","3prime_UTR::chr5:6704672-6705672(+)",155,-21.09,"2 20","321 341",18,"61.11%","83.33%","Ahyacinthus07206"
"248","Cluster_10493","3prime_UTR::chr5:9611842-9612842(-)",165,-20.27,"2 20","81 104",21,"76.19%","85.71%","Ahyacinthus07334"
"249","Cluster_10493","3prime_UTR::chr6:2073978-2074978(-)",168,-24.48,"2 20","89 109",19,"84.21%","89.47%","Ahyacinthus08806"
"250","Cluster_10493","3prime_UTR::chr6:29314729-29315729(+)",147,-20.09,"2 20","675 693",18,"66.67%","83.33%","Ahyacinthus10658"
"251","Cluster_10493","3prime_UTR::chr6:4751568-4752568(-)",170,-21.3,"2 19","211 231",17,"82.35%","88.24%","Ahyacinthus09021"
"252","Cluster_10493","3prime_UTR::chr7:13054326-13055326(+)",157,-21.61,"2 20","677 700",21,"71.43%","80.95%","Ahyacinthus11762"
"253","Cluster_10493","3prime_UTR::chr7:14016965-14017965(-)",153,-21.02,"2 20","356 375",18,"66.67%","83.33%","Ahyacinthus11816"
"254","Cluster_10493","3prime_UTR::chr7:5327004-5328004(+)",154,-20.36,"2 15","573 593",13,"76.92%","92.31%","Ahyacinthus11308"
"255","Cluster_10493","3prime_UTR::chr7:7843468-7844468(-)",166,-21.16,"2 19","540 560",17,"76.47%","88.24%","Ahyacinthus11506"
"256","Cluster_10493","3prime_UTR::chr7:9067519-9068519(+)",163,-21.91,"2 20","928 948",18,"72.22%","83.33%","Ahyacinthus11577"
"257","Cluster_10493","3prime_UTR::chr8:10091561-10092561(+)",170,-21.51,"2 19","544 564",17,"82.35%","88.24%","Ahyacinthus13725"
"258","Cluster_10493","3prime_UTR::chr8:15766699-15767699(-)",174,-23.95,"2 20","257 278",19,"84.21%","89.47%","Ahyacinthus14016"
"259","Cluster_10493","3prime_UTR::chr8:27093578-27094578(+)",165,-22.96,"2 20","977 996",18,"77.78%","88.89%","Ahyacinthus14680"
"260","Cluster_10493","3prime_UTR::chr8:28831830-28832830(+)",173,-22.2,"2 18","387 407",16,"87.50%","93.75%","Ahyacinthus14759"
"261","Cluster_10493","3prime_UTR::chr8:3388261-3389261(-)",159,-20.14,"2 17","681 702",16,"81.25%","87.50%","Ahyacinthus13276"
"262","Cluster_10493","3prime_UTR::chr9:15406478-15407478(+)",154,-22.67,"2 20","898 920",20,"70.00%","75.00%","Ahyacinthus15813"
"263","Cluster_10493","3prime_UTR::chr9:21082073-21083073(+)",156,-23.48,"2 19","359 384",22,"72.73%","77.27%","Ahyacinthus16236"
"264","Cluster_10493","3prime_UTR::chr9:24832365-24833365(+)",155,-22.93,"2 20","72 91",19,"78.95%","78.95%","Ahyacinthus16482"
"265","Cluster_10493","3prime_UTR::chr9:25850035-25851035(-)",158,-21.4,"2 20","621 646",23,"69.57%","73.91%","Ahyacinthus16540"
"266","Cluster_10493","3prime_UTR::chr9:26504006-26504742(+)",168,-24.48,"2 20","627 647",19,"84.21%","89.47%","Ahyacinthus16599"
"267","Cluster_10493","3prime_UTR::chr9:3393991-3394991(-)",158,-21.58,"2 20","637 659",20,"75.00%","75.00%","Ahyacinthus15055"
"268","Cluster_10493","3prime_UTR::chr9:566638-567638(-)",166,-20.74,"2 20","381 402",19,"73.68%","89.47%","Ahyacinthus14822"
"269","Cluster_10493","3prime_UTR::chr9:6312209-6313209(-)",166,-21.54,"2 20","851 873",20,"70.00%","90.00%","Ahyacinthus15242"
"270","Cluster_10493","3prime_UTR::sc035:95204-96204(-)",169,-20.45,"2 18","780 800",16,"81.25%","93.75%","Ahyacinthus25179"
"271","Cluster_10493","3prime_UTR::sc047:191371-192371(+)",173,-22.11,"2 19","418 439",18,"88.89%","88.89%","Ahyacinthus25314"
"272","Cluster_10493","3prime_UTR::sc047:214554-215554(+)",173,-22.11,"2 19","418 439",18,"88.89%","88.89%","Ahyacinthus25316"
"273","Cluster_10493","3prime_UTR::sc048:63694-64694(+)",163,-20.78,"2 20","901 921",18,"72.22%","83.33%","Ahyacinthus25326"
"274","Cluster_10493","3prime_UTR::sc054:215199-216199(+)",156,-22.55,"2 20","462 480",18,"72.22%","83.33%","Ahyacinthus25410"
"275","Cluster_10493","3prime_UTR::sc055:229567-230567(+)",166,-24.67,"2 20","594 617",21,"76.19%","80.95%","Ahyacinthus25431"
"276","Cluster_10493","3prime_UTR::sc069:140022-141022(+)",168,-21.16,"2 18","512 533",17,"82.35%","94.12%","Ahyacinthus25619"
"277","Cluster_10493","3prime_UTR::sc093:72265-73265(-)",156,-22.55,"2 20","415 433",18,"72.22%","83.33%","Ahyacinthus25845"
"278","Cluster_10493","3prime_UTR::sc143:78323-79323(-)",166,-22.54,"2 20","169 190",19,"78.95%","84.21%","Ahyacinthus26144"
"279","Cluster_10493","3prime_UTR::sc175:29349-30349(-)",173,-20.4,"2 20","40 59",18,"83.33%","94.44%","Ahyacinthus26301"
"280","Cluster_10493","3prime_UTR::sc280:39924-40924(-)",157,-23.28,"2 20","573 596",21,"71.43%","80.95%","Ahyacinthus26679"
"281","Cluster_10493","3prime_UTR::sc303:34975-35975(-)",168,-24.48,"2 20","89 109",19,"84.21%","89.47%","Ahyacinthus26722"
"282","Cluster_11616","3prime_UTR::chr10:1025942-1026942(-)",156,-20.56,"2 21","44 67",19,"68.42%","73.68%","Ahyacinthus16824"
"283","Cluster_11616","3prime_UTR::chr10:16603258-16603590(-)",147,-20.82,"2 22","215 237",20,"65.00%","70.00%","Ahyacinthus17868"
"284","Cluster_11616","3prime_UTR::chr10:17364983-17365983(-)",163,-22.13,"2 23","152 173",21,"71.43%","80.95%","Ahyacinthus17904"
"285","Cluster_11616","3prime_UTR::chr10:23195397-23196397(+)",170,-20.15,"2 21","456 478",19,"84.21%","84.21%","Ahyacinthus18113"
"286","Cluster_11616","3prime_UTR::chr10:9787545-9788545(+)",155,-20.45,"2 23","917 946",27,"70.37%","70.37%","Ahyacinthus17336"
"287","Cluster_11616","3prime_UTR::chr11:11643207-11644207(-)",147,-21.62,"2 23","240 261",21,"66.67%","66.67%","Ahyacinthus19155"
"288","Cluster_11616","3prime_UTR::chr11:21537942-21538542(-)",151,-21.06,"2 23","338 367",27,"62.96%","74.07%","Ahyacinthus19809"
"289","Cluster_11616","3prime_UTR::chr11:2916196-2917196(-)",165,-24.33,"2 23","935 960",23,"73.91%","73.91%","Ahyacinthus18507"
"290","Cluster_11616","3prime_UTR::chr11:2974650-2975650(-)",149,-20.59,"2 23","877 903",24,"62.50%","66.67%","Ahyacinthus18511"
"291","Cluster_11616","3prime_UTR::chr11:3683580-3684580(+)",152,-21.61,"2 23","153 182",27,"66.67%","66.67%","Ahyacinthus18567"
"292","Cluster_11616","3prime_UTR::chr11:3698900-3699900(+)",163,-20.69,"2 21","250 274",20,"75.00%","80.00%","Ahyacinthus18569"
"293","Cluster_11616","3prime_UTR::chr11:5620306-5621306(+)",156,-25.2,"2 23","354 381",25,"68.00%","72.00%","Ahyacinthus18711"
"294","Cluster_11616","3prime_UTR::chr11:9878447-9879447(-)",158,-20.97,"2 23","482 505",21,"66.67%","71.43%","Ahyacinthus19018"
"295","Cluster_11616","3prime_UTR::chr12:1311637-1312131(-)",153,-20.67,"2 23","224 248",22,"63.64%","72.73%","Ahyacinthus20102"
"296","Cluster_11616","3prime_UTR::chr12:14957476-14958476(+)",145,-21.17,"2 23","790 820",28,"60.71%","60.71%","Ahyacinthus21268"
"297","Cluster_11616","3prime_UTR::chr12:15486034-15487034(-)",164,-20.82,"2 23","31 53",21,"76.19%","76.19%","Ahyacinthus21304"
"298","Cluster_11616","3prime_UTR::chr12:19440402-19441402(+)",149,-21.32,"2 18","492 515",16,"68.75%","75.00%","Ahyacinthus21518"
"299","Cluster_11616","3prime_UTR::chr12:9891905-9892905(+)",150,-21.18,"2 22","802 832",27,"66.67%","70.37%","Ahyacinthus20805"
"300","Cluster_11616","3prime_UTR::chr13:13191911-13192855(+)",159,-20.82,"2 21","170 194",20,"75.00%","75.00%","Ahyacinthus22619"
"301","Cluster_11616","3prime_UTR::chr13:14939399-14940399(-)",158,-21.68,"2 23","71 91",21,"71.43%","76.19%","Ahyacinthus22785"
"302","Cluster_11616","3prime_UTR::chr13:1834253-1835253(-)",177,-28.25,"2 23","459 484",23,"73.91%","86.96%","Ahyacinthus21907"
"303","Cluster_11616","3prime_UTR::chr13:1859233-1860233(+)",152,-22.23,"2 23","804 826",21,"61.90%","76.19%","Ahyacinthus21911"
"304","Cluster_11616","3prime_UTR::chr13:18669595-18670595(+)",148,-21.78,"2 23","347 369",21,"61.90%","71.43%","Ahyacinthus22959"
"305","Cluster_11616","3prime_UTR::chr13:19735805-19736805(-)",173,-21.34,"2 19","476 500",18,"88.89%","88.89%","Ahyacinthus22991"
"306","Cluster_11616","3prime_UTR::chr13:2102883-2103883(+)",172,-21.25,"2 22","245 269",21,"76.19%","85.71%","Ahyacinthus21929"
"307","Cluster_11616","3prime_UTR::chr13:4051024-4052024(+)",166,-22.17,"2 21","60 82",19,"78.95%","84.21%","Ahyacinthus22031"
"308","Cluster_11616","3prime_UTR::chr14:20233897-20234897(+)",152,-22.4,"2 23","607 633",24,"66.67%","70.83%","Ahyacinthus24279"
"309","Cluster_11616","3prime_UTR::chr14:20345811-20346811(+)",175,-21.15,"2 20","107 130",18,"83.33%","88.89%","Ahyacinthus24289"
"310","Cluster_11616","3prime_UTR::chr14:2084527-2085527(+)",168,-25.3,"2 23","761 786",23,"73.91%","82.61%","Ahyacinthus23333"
"311","Cluster_11616","3prime_UTR::chr14:2122223-2123223(-)",153,-21.54,"2 20","606 634",23,"69.57%","73.91%","Ahyacinthus23335"
"312","Cluster_11616","3prime_UTR::chr14:21377395-21378395(-)",161,-23.12,"2 23","6 31",23,"69.57%","73.91%","Ahyacinthus24356"
"313","Cluster_11616","3prime_UTR::chr14:23121539-23122539(-)",159,-20.11,"2 21","670 694",20,"75.00%","75.00%","Ahyacinthus24479"
"314","Cluster_11616","3prime_UTR::chr14:9327981-9328981(-)",158,-21.15,"2 23","892 914",22,"72.73%","77.27%","Ahyacinthus23694"
"315","Cluster_11616","3prime_UTR::chr1:1068467-1069467(+)",162,-22.69,"2 19","229 252",17,"76.47%","82.35%","Ahyacinthus00061"
"316","Cluster_11616","3prime_UTR::chr1:32518547-32519547(+)",186,-26.5,"2 23","626 649",21,"80.95%","90.48%","Ahyacinthus01528"
"317","Cluster_11616","3prime_UTR::chr2:11967986-11968717(-)",158,-26.72,"2 23","356 376",21,"71.43%","76.19%","Ahyacinthus02717"
"318","Cluster_11616","3prime_UTR::chr2:13384736-13385736(-)",149,-21.06,"2 23","843 872",27,"55.56%","70.37%","Ahyacinthus02836"
"319","Cluster_11616","3prime_UTR::chr2:14914033-14915033(+)",160,-23.64,"2 23","519 544",23,"65.22%","82.61%","Ahyacinthus02956"
"320","Cluster_11616","3prime_UTR::chr2:1781742-1782297(-)",145,-20.9,"2 10","260 283",8,"100.00%","100.00%","Ahyacinthus01886"
"321","Cluster_11616","3prime_UTR::chr2:2603806-2604258(-)",174,-24.53,"2 23","382 404",22,"81.82%","86.36%","Ahyacinthus01972"
"322","Cluster_11616","3prime_UTR::chr2:5191000-5192000(+)",148,-20.27,"2 23","62 80",21,"66.67%","71.43%","Ahyacinthus02205"
"323","Cluster_11616","3prime_UTR::chr2:5649426-5650426(+)",174,-23.13,"2 23","931 954",21,"76.19%","80.95%","Ahyacinthus02239"
"324","Cluster_11616","3prime_UTR::chr2:5739599-5740599(-)",148,-21.07,"2 23","579 609",28,"64.29%","64.29%","Ahyacinthus02247"
"325","Cluster_11616","3prime_UTR::chr2:6050696-6051696(+)",172,-25.29,"2 23","543 568",23,"78.26%","82.61%","Ahyacinthus02280"
"326","Cluster_11616","3prime_UTR::chr2:7111790-7112790(+)",147,-20.56,"2 12","490 513",10,"90.00%","90.00%","Ahyacinthus02358"
"327","Cluster_11616","3prime_UTR::chr3:10456835-10457835(-)",144,-20.27,"2 23","485 507",21,"61.90%","66.67%","Ahyacinthus04070"
"328","Cluster_11616","3prime_UTR::chr3:1363241-1364241(+)",160,-23.64,"2 23","280 305",23,"65.22%","82.61%","Ahyacinthus03467"
"329","Cluster_11616","3prime_UTR::chr3:14183185-14184185(+)",172,-21.25,"2 22","146 170",21,"76.19%","85.71%","Ahyacinthus04267"
"330","Cluster_11616","3prime_UTR::chr3:14350868-14351868(+)",167,-20.52,"2 20","384 407",18,"77.78%","83.33%","Ahyacinthus04278"
"331","Cluster_11616","3prime_UTR::chr3:2419936-2420936(-)",171,-20.12,"2 20","1 21",18,"77.78%","88.89%","Ahyacinthus03526"
"332","Cluster_11616","3prime_UTR::chr3:24337004-24338004(-)",157,-20.35,"2 23","779 805",25,"76.00%","76.00%","Ahyacinthus05028"
"333","Cluster_11616","3prime_UTR::chr3:2592942-2593942(+)",173,-21.74,"2 20","628 653",20,"85.00%","90.00%","Ahyacinthus03533"
"334","Cluster_11616","3prime_UTR::chr3:5300238-5301238(+)",149,-20.57,"2 20","939 967",23,"65.22%","73.91%","Ahyacinthus03732"
"335","Cluster_11616","3prime_UTR::chr3:6084968-6085968(+)",156,-22.71,"2 23","732 758",24,"66.67%","75.00%","Ahyacinthus03784"
"336","Cluster_11616","3prime_UTR::chr4:11112523-11113523(+)",172,-20.34,"2 22","195 219",21,"76.19%","85.71%","Ahyacinthus05996"
"337","Cluster_11616","3prime_UTR::chr4:12798450-12799450(-)",149,-20.34,"2 23","263 289",26,"69.23%","69.23%","Ahyacinthus06052"
"338","Cluster_11616","3prime_UTR::chr4:25853926-25854926(-)",162,-20.54,"2 23","847 870",21,"61.90%","80.95%","Ahyacinthus06881"
"339","Cluster_11616","3prime_UTR::chr4:3126506-3127506(+)",176,-26.91,"2 23","222 244",21,"80.95%","85.71%","Ahyacinthus05415"
"340","Cluster_11616","3prime_UTR::chr4:5249670-5250670(-)",160,-20.93,"2 18","368 392",17,"76.47%","88.24%","Ahyacinthus05571"
"341","Cluster_11616","3prime_UTR::chr5:1432921-1433921(-)",168,-21.46,"2 23","58 83",23,"73.91%","82.61%","Ahyacinthus07004"
"342","Cluster_11616","3prime_UTR::chr5:2530695-2531695(-)",148,-23.21,"2 23","478 510",30,"60.00%","66.67%","Ahyacinthus07037"
"343","Cluster_11616","3prime_UTR::chr5:29810028-29811028(-)",143,-22.62,"2 23","470 500",28,"64.29%","64.29%","Ahyacinthus08358"
"344","Cluster_11616","3prime_UTR::chr5:30514150-30515150(-)",156,-21.89,"2 23","741 771",28,"64.29%","71.43%","Ahyacinthus08412"
"345","Cluster_11616","3prime_UTR::chr5:5195218-5196218(+)",162,-25.4,"2 21","824 846",19,"78.95%","78.95%","Ahyacinthus07125"
"346","Cluster_11616","3prime_UTR::chr5:8687291-8688137(+)",162,-20.15,"2 21","234 256",19,"78.95%","78.95%","Ahyacinthus07285"
"347","Cluster_11616","3prime_UTR::chr6:10741897-10742897(-)",155,-20.05,"2 22","437 462",22,"68.18%","77.27%","Ahyacinthus09347"
"348","Cluster_11616","3prime_UTR::chr6:10742209-10742897(-)",155,-20.05,"2 22","437 462",22,"68.18%","77.27%","Ahyacinthus09348"
"349","Cluster_11616","3prime_UTR::chr6:11734037-11735037(+)",159,-20.24,"2 16","978 1000",14,"85.71%","85.71%","Ahyacinthus09429"
"350","Cluster_11616","3prime_UTR::chr6:13096894-13097894(-)",172,-21.25,"2 22","378 402",21,"76.19%","85.71%","Ahyacinthus09530"
"351","Cluster_11616","3prime_UTR::chr6:2168474-2169474(-)",154,-21.09,"2 23","78 102",24,"66.67%","75.00%","Ahyacinthus08814"
"352","Cluster_11616","3prime_UTR::chr6:23021752-23022752(-)",169,-21.56,"2 23","20 46",24,"70.83%","79.17%","Ahyacinthus10166"
"353","Cluster_11616","3prime_UTR::chr6:29010296-29011296(-)",160,-23.64,"2 23","530 555",23,"65.22%","82.61%","Ahyacinthus10641"
"354","Cluster_11616","3prime_UTR::chr6:4717616-4718616(-)",169,-24.07,"2 23","159 183",22,"72.73%","81.82%","Ahyacinthus09019"
"355","Cluster_11616","3prime_UTR::chr6:7439789-7440789(+)",165,-23.93,"2 23","295 319",22,"72.73%","77.27%","Ahyacinthus09145"
"356","Cluster_11616","3prime_UTR::chr6:7811445-7812445(+)",177,-26.47,"2 23","705 729",22,"72.73%","90.91%","Ahyacinthus09170"
"357","Cluster_11616","3prime_UTR::chr6:8026581-8027581(-)",150,-23.09,"2 11","855 878",9,"100.00%","100.00%","Ahyacinthus09183"
"358","Cluster_11616","3prime_UTR::chr7:13783853-13784853(-)",171,-26.1,"2 23","596 619",22,"81.82%","81.82%","Ahyacinthus11808"
"359","Cluster_11616","3prime_UTR::chr7:19155635-19156635(-)",169,-20.42,"2 18","887 910",16,"87.50%","87.50%","Ahyacinthus12160"
"360","Cluster_11616","3prime_UTR::chr7:28376912-28377912(-)",158,-24.51,"2 20","410 435",20,"75.00%","75.00%","Ahyacinthus12831"
"361","Cluster_11616","3prime_UTR::chr7:29679267-29680267(-)",168,-20.08,"2 23","70 92",21,"71.43%","85.71%","Ahyacinthus12933"
"362","Cluster_11616","3prime_UTR::chr7:30596781-30597781(+)",172,-21.19,"2 23","400 425",23,"78.26%","82.61%","Ahyacinthus13020"
"363","Cluster_11616","3prime_UTR::chr7:6368447-6369447(-)",150,-21.74,"2 11","827 850",9,"100.00%","100.00%","Ahyacinthus11406"
"364","Cluster_11616","3prime_UTR::chr8:11529183-11530183(-)",166,-23.79,"2 23","244 267",21,"66.67%","80.95%","Ahyacinthus13804"
"365","Cluster_11616","3prime_UTR::chr8:1242891-1243891(+)",145,-20.87,"2 10","9 32",8,"100.00%","100.00%","Ahyacinthus13115"
"366","Cluster_11616","3prime_UTR::chr8:22332246-22333246(-)",167,-24.06,"2 22","27 53",23,"73.91%","82.61%","Ahyacinthus14375"
"367","Cluster_11616","3prime_UTR::chr8:3317848-3318848(+)",168,-20.69,"2 22","72 97",22,"72.73%","81.82%","Ahyacinthus13268"
"368","Cluster_11616","3prime_UTR::chr8:800646-801646(+)",154,-22.1,"2 23","287 307",21,"71.43%","71.43%","Ahyacinthus13083"
"369","Cluster_11616","3prime_UTR::chr9:25697057-25698057(+)",161,-22.77,"2 23","542 566",22,"63.64%","81.82%","Ahyacinthus16528"
"370","Cluster_11616","3prime_UTR::chr9:25770480-25771480(+)",177,-23.21,"2 22","46 69",20,"80.00%","85.00%","Ahyacinthus16533"
"371","Cluster_11616","3prime_UTR::chr9:26676502-26677502(-)",162,-20.35,"2 23","86 109",21,"61.90%","80.95%","Ahyacinthus16613"
"372","Cluster_11616","3prime_UTR::chr9:28376276-28377276(-)",164,-22.22,"2 23","833 858",23,"69.57%","82.61%","Ahyacinthus16747"
"373","Cluster_11616","3prime_UTR::chr9:5470848-5471848(-)",159,-21.68,"2 23","274 301",25,"72.00%","76.00%","Ahyacinthus15187"
"374","Cluster_11616","3prime_UTR::chr9:8179733-8180733(+)",152,-21.33,"2 23","390 416",24,"66.67%","70.83%","Ahyacinthus15381"
"375","Cluster_11616","3prime_UTR::sc001:818436-819436(+)",166,-21.14,"2 23","56 79",21,"66.67%","80.95%","Ahyacinthus24535"
"376","Cluster_11616","3prime_UTR::sc002:429605-430605(-)",150,-23.86,"2 11","521 544",9,"100.00%","100.00%","Ahyacinthus24554"
"377","Cluster_11616","3prime_UTR::sc007:442904-443904(-)",153,-21.37,"2 23","538 562",22,"63.64%","72.73%","Ahyacinthus24661"
"378","Cluster_11616","3prime_UTR::sc009:241668-242668(+)",157,-20.59,"2 23","18 46",26,"61.54%","73.08%","Ahyacinthus24719"
"379","Cluster_11616","3prime_UTR::sc012:144461-145461(-)",161,-30.07,"2 22","94 117",20,"70.00%","75.00%","Ahyacinthus24805"
"380","Cluster_11616","3prime_UTR::sc016:116631-117631(-)",181,-26.36,"2 23","814 838",22,"81.82%","86.36%","Ahyacinthus24873"
"381","Cluster_11616","3prime_UTR::sc028:276066-277066(-)",144,-20.81,"2 23","194 219",23,"60.87%","69.57%","Ahyacinthus25070"
"382","Cluster_11616","3prime_UTR::sc028:276066-277066(-)",152,-20.81,"2 23","462 487",23,"65.22%","73.91%","Ahyacinthus25070"
"383","Cluster_11616","3prime_UTR::sc047:28626-29626(-)",161,-21.24,"2 23","311 335",22,"72.73%","72.73%","Ahyacinthus25299"
"384","Cluster_11616","3prime_UTR::sc052:152902-153902(-)",146,-20.79,"2 23","962 983",21,"66.67%","71.43%","Ahyacinthus25378"
"385","Cluster_11616","3prime_UTR::sc058:69491-70491(-)",155,-20.87,"2 12","496 519",10,"100.00%","100.00%","Ahyacinthus25470"
"386","Cluster_11616","3prime_UTR::sc073:121043-122043(-)",150,-22.76,"2 11","4 27",9,"100.00%","100.00%","Ahyacinthus25668"
"387","Cluster_11616","3prime_UTR::sc074:175680-176680(+)",162,-25.67,"2 23","696 717",21,"76.19%","80.95%","Ahyacinthus25685"
"388","Cluster_11616","3prime_UTR::sc081:81816-82816(-)",150,-22.11,"2 11","458 481",9,"100.00%","100.00%","Ahyacinthus25745"
"389","Cluster_11616","3prime_UTR::sc086:123098-124098(+)",165,-21.83,"2 23","63 87",22,"72.73%","77.27%","Ahyacinthus25800"
"390","Cluster_11616","3prime_UTR::sc094:153478-153780(+)",162,-20.15,"2 21","218 240",19,"78.95%","78.95%","Ahyacinthus25853"
"391","Cluster_11616","3prime_UTR::sc116:68643-69379(-)",155,-25.3,"2 23","185 206",21,"71.43%","71.43%","Ahyacinthus26007"
"392","Cluster_11616","3prime_UTR::sc143:15369-16369(+)",163,-20.47,"2 21","972 998",22,"72.73%","77.27%","Ahyacinthus26139"
"393","Cluster_11616","3prime_UTR::sc195:75766-76766(+)",169,-20.69,"2 23","863 887",22,"77.27%","77.27%","Ahyacinthus26382"
"394","Cluster_11616","3prime_UTR::sc271:23-1023(-)",147,-20.11,"2 23","222 243",21,"66.67%","66.67%","Ahyacinthus26646"
"395","Cluster_11616","3prime_UTR::sc277:50212-51212(+)",150,-20.66,"2 11","199 222",9,"100.00%","100.00%","Ahyacinthus26664"
"396","Cluster_11958","3prime_UTR::chr10:15792051-15793051(+)",165,-21.7,"2 19","791 814",18,"77.78%","88.89%","Ahyacinthus17816"
"397","Cluster_11958","3prime_UTR::chr10:1850327-1851327(+)",167,-20.13,"2 20","302 324",18,"77.78%","83.33%","Ahyacinthus16876"
"398","Cluster_11958","3prime_UTR::chr11:11697909-11698909(+)",159,-20.14,"2 17","621 645",17,"82.35%","82.35%","Ahyacinthus19160"
"399","Cluster_11958","3prime_UTR::chr11:14464322-14465322(+)",162,-21.92,"2 21","328 353",22,"77.27%","77.27%","Ahyacinthus19351"
"400","Cluster_11958","3prime_UTR::chr11:1777280-1777616(+)",170,-22.04,"2 20","252 276",20,"80.00%","85.00%","Ahyacinthus18398"
"401","Cluster_11958","3prime_UTR::chr11:1777280-1778280(+)",170,-22.04,"2 20","252 276",20,"80.00%","85.00%","Ahyacinthus18399"
"402","Cluster_11958","3prime_UTR::chr11:21653051-21654051(+)",172,-21.87,"2 22","743 768",23,"73.91%","82.61%","Ahyacinthus19812"
"403","Cluster_11958","3prime_UTR::chr11:7940129-7941129(-)",158,-20.44,"2 21","387 411",21,"76.19%","76.19%","Ahyacinthus18872"
"404","Cluster_11958","3prime_UTR::chr12:12770618-12771618(-)",147,-22.24,"2 22","682 713",29,"62.07%","65.52%","Ahyacinthus21085"
"405","Cluster_11958","3prime_UTR::chr12:17993386-17994386(-)",164,-21.72,"2 19","841 862",17,"82.35%","88.24%","Ahyacinthus21444"
"406","Cluster_11958","3prime_UTR::chr12:23128374-23129374(-)",151,-20.25,"2 12","295 317",10,"90.00%","100.00%","Ahyacinthus21746"
"407","Cluster_11958","3prime_UTR::chr13:23163295-23164295(-)",177,-23.96,"2 21","877 899",20,"90.00%","90.00%","Ahyacinthus23132"
"408","Cluster_11958","3prime_UTR::chr13:7569603-7570603(+)",171,-22.71,"2 22","522 546",22,"81.82%","81.82%","Ahyacinthus22205"
"409","Cluster_11958","3prime_UTR::chr14:1504518-1505518(-)",171,-21.16,"2 21","946 969",20,"75.00%","90.00%","Ahyacinthus23289"
"410","Cluster_11958","3prime_UTR::chr14:23549433-23550433(+)",161,-20.41,"2 22","772 794",20,"70.00%","75.00%","Ahyacinthus24502"
"411","Cluster_11958","3prime_UTR::chr14:2667262-2668262(+)",170,-22.56,"2 19","146 168",17,"76.47%","94.12%","Ahyacinthus23369"
"412","Cluster_11958","3prime_UTR::chr1:12530576-12531576(+)",160,-20.29,"2 22","436 463",25,"68.00%","72.00%","Ahyacinthus00650"
"413","Cluster_11958","3prime_UTR::chr1:19942765-19943765(+)",169,-21.6,"2 22","504 526",20,"75.00%","80.00%","Ahyacinthus00888"
"414","Cluster_11958","3prime_UTR::chr1:20514340-20515340(+)",156,-22.07,"2 13","371 393",11,"90.91%","100.00%","Ahyacinthus00911"
"415","Cluster_11958","3prime_UTR::chr1:29334104-29335104(-)",176,-22.62,"2 22","457 482",23,"73.91%","86.96%","Ahyacinthus01248"
"416","Cluster_11958","3prime_UTR::chr1:6212896-6213896(-)",167,-21.07,"2 22","367 392",23,"78.26%","78.26%","Ahyacinthus00402"
"417","Cluster_11958","3prime_UTR::chr2:1791941-1792941(+)",174,-23.14,"2 21","766 790",21,"85.71%","85.71%","Ahyacinthus01887"
"418","Cluster_11958","3prime_UTR::chr2:3001884-3002884(-)",173,-22.9,"2 19","442 465",18,"83.33%","94.44%","Ahyacinthus02009"
"419","Cluster_11958","3prime_UTR::chr2:9532835-9533835(-)",156,-22.18,"2 19","910 938",23,"73.91%","73.91%","Ahyacinthus02534"
"420","Cluster_11958","3prime_UTR::chr3:11558835-11559835(+)",174,-24.52,"2 22","59 79",20,"85.00%","85.00%","Ahyacinthus04133"
"421","Cluster_11958","3prime_UTR::chr3:19291162-19292162(-)",155,-20.22,"2 12","534 556",10,"100.00%","100.00%","Ahyacinthus04650"
"422","Cluster_11958","3prime_UTR::chr3:22401968-22402968(-)",153,-21.47,"2 21","725 751",23,"69.57%","78.26%","Ahyacinthus04863"
"423","Cluster_11958","3prime_UTR::chr3:4022365-4023365(+)",162,-21.65,"2 17","674 695",15,"86.67%","93.33%","Ahyacinthus03644"
"424","Cluster_11958","3prime_UTR::chr4:1307932-1308932(+)",152,-23.4,"2 22","30 53",21,"66.67%","71.43%","Ahyacinthus05287"
"425","Cluster_11958","3prime_UTR::chr4:24430280-24431280(+)",176,-22.06,"2 19","625 646",17,"94.12%","94.12%","Ahyacinthus06760"
"426","Cluster_11958","3prime_UTR::chr4:2719721-2720721(-)",172,-22.72,"2 22","236 261",23,"73.91%","82.61%","Ahyacinthus05385"
"427","Cluster_11958","3prime_UTR::chr4:2777222-2778222(-)",151,-20.31,"2 12","949 971",10,"90.00%","100.00%","Ahyacinthus05387"
"428","Cluster_11958","3prime_UTR::chr6:1623006-1624006(+)",170,-21.39,"2 22","12 32",20,"80.00%","85.00%","Ahyacinthus08760"
"429","Cluster_11958","3prime_UTR::chr6:19416965-19417965(-)",175,-22.76,"2 22","693 714",20,"80.00%","90.00%","Ahyacinthus09877"
"430","Cluster_11958","3prime_UTR::chr6:30398965-30399965(-)",182,-27.4,"2 19","660 682",17,"88.24%","100.00%","Ahyacinthus10738"
"431","Cluster_11958","3prime_UTR::chr6:6802719-6803719(+)",161,-20.3,"2 14","397 419",12,"91.67%","100.00%","Ahyacinthus09121"
"432","Cluster_11958","3prime_UTR::chr7:10568289-10569289(-)",166,-22.24,"2 17","709 730",15,"93.33%","93.33%","Ahyacinthus11661"
"433","Cluster_11958","3prime_UTR::chr7:1377354-1378354(-)",166,-21.41,"2 21","152 178",23,"78.26%","78.26%","Ahyacinthus11010"
"434","Cluster_11958","3prime_UTR::chr7:17845644-17846644(+)",173,-22.45,"2 20","395 416",18,"88.89%","88.89%","Ahyacinthus12066"
"435","Cluster_11958","3prime_UTR::chr8:2252752-2253752(+)",172,-23.26,"2 22","158 184",24,"75.00%","79.17%","Ahyacinthus13188"
"436","Cluster_11958","3prime_UTR::chr8:30220091-30221091(-)",168,-20.01,"2 19","132 153",17,"88.24%","88.24%","Ahyacinthus14780"
"437","Cluster_11958","3prime_UTR::chr9:23440731-23441731(+)",168,-21.21,"2 22","890 914",22,"77.27%","77.27%","Ahyacinthus16374"
"438","Cluster_11958","3prime_UTR::chr9:26983449-26984449(-)",168,-21.55,"2 17","660 682",15,"86.67%","93.33%","Ahyacinthus16646"
"439","Cluster_11958","3prime_UTR::sc071:32537-33537(+)",163,-20.22,"2 17","800 823",16,"87.50%","87.50%","Ahyacinthus25640"
"440","Cluster_11958","3prime_UTR::sc099:131847-132847(-)",180,-21.83,"2 22","935 958",21,"80.95%","90.48%","Ahyacinthus25881"
"441","Cluster_11958","3prime_UTR::sc197:73650-74650(+)",157,-20.3,"2 21","976 996",19,"73.68%","78.95%","Ahyacinthus26391"
"442","Cluster_11958","3prime_UTR::sc391:19407-20407(-)",169,-21.6,"2 22","856 878",20,"75.00%","80.00%","Ahyacinthus26868"
"443","Cluster_12579","3prime_UTR::chr10:10912760-10913760(+)",152,-21.58,"2 20","294 316",20,"70.00%","80.00%","Ahyacinthus17426"
"444","Cluster_12579","3prime_UTR::chr10:17068825-17069825(-)",154,-22.67,"2 16","950 974",17,"76.47%","82.35%","Ahyacinthus17895"
"445","Cluster_12579","3prime_UTR::chr10:19038344-19039344(+)",157,-22.52,"2 19","1 24",20,"75.00%","75.00%","Ahyacinthus18007"
"446","Cluster_12579","3prime_UTR::chr10:220821-221821(-)",179,-27.89,"2 21","482 504",20,"85.00%","90.00%","Ahyacinthus16785"
"447","Cluster_12579","3prime_UTR::chr10:2335496-2336496(+)",158,-22.07,"2 20","622 645",20,"70.00%","80.00%","Ahyacinthus16918"
"448","Cluster_12579","3prime_UTR::chr10:26217194-26218194(+)",165,-23.16,"2 19","872 894",18,"77.78%","88.89%","Ahyacinthus18227"
"449","Cluster_12579","3prime_UTR::chr10:5577762-5578762(+)",154,-20.6,"2 20","333 355",19,"68.42%","78.95%","Ahyacinthus17095"
"450","Cluster_12579","3prime_UTR::chr10:7905875-7906875(+)",165,-22.97,"2 18","905 926",16,"81.25%","87.50%","Ahyacinthus17204"
"451","Cluster_12579","3prime_UTR::chr10:8217186-8218186(-)",165,-20.67,"2 20","475 499",21,"80.95%","80.95%","Ahyacinthus17218"
"452","Cluster_12579","3prime_UTR::chr10:8980882-8981882(+)",152,-20.64,"2 21","290 311",19,"63.16%","73.68%","Ahyacinthus17288"
"453","Cluster_12579","3prime_UTR::chr11:10486236-10487236(+)",164,-26.41,"2 19","641 664",19,"84.21%","84.21%","Ahyacinthus19069"
"454","Cluster_12579","3prime_UTR::chr11:11464158-11464961(+)",158,-22.31,"2 20","517 539",19,"73.68%","78.95%","Ahyacinthus19142"
"455","Cluster_12579","3prime_UTR::chr11:12957269-12958269(+)",162,-20.38,"2 21","96 116",19,"73.68%","84.21%","Ahyacinthus19272"
"456","Cluster_12579","3prime_UTR::chr11:14226563-14227563(-)",156,-22.12,"2 14","905 927",13,"92.31%","92.31%","Ahyacinthus19336"
"457","Cluster_12579","3prime_UTR::chr11:16899847-16900847(-)",158,-22.33,"2 20","583 606",20,"70.00%","80.00%","Ahyacinthus19492"
"458","Cluster_12579","3prime_UTR::chr11:1694691-1695691(-)",149,-20.32,"2 14","377 398",12,"75.00%","91.67%","Ahyacinthus18390"
"459","Cluster_12579","3prime_UTR::chr11:19451551-19452551(-)",159,-21.4,"2 20","358 379",18,"72.22%","77.78%","Ahyacinthus19657"
"460","Cluster_12579","3prime_UTR::chr11:2065071-2066071(-)",164,-22.88,"2 21","427 448",19,"73.68%","78.95%","Ahyacinthus18438"
"461","Cluster_12579","3prime_UTR::chr11:22645992-22646992(+)",158,-21.09,"2 20","568 592",21,"71.43%","76.19%","Ahyacinthus19912"
"462","Cluster_12579","3prime_UTR::chr11:23113023-23114023(-)",157,-21.57,"2 20","206 226",18,"77.78%","77.78%","Ahyacinthus19951"
"463","Cluster_12579","3prime_UTR::chr11:292847-293847(-)",162,-20.64,"2 21","744 767",21,"71.43%","85.71%","Ahyacinthus18260"
"464","Cluster_12579","3prime_UTR::chr11:461026-462026(+)",166,-22.1,"2 21","764 784",19,"78.95%","84.21%","Ahyacinthus18275"
"465","Cluster_12579","3prime_UTR::chr11:5076224-5077224(-)",154,-20.07,"2 21","834 857",21,"71.43%","76.19%","Ahyacinthus18680"
"466","Cluster_12579","3prime_UTR::chr11:5518455-5519455(-)",153,-22.75,"2 18","890 912",18,"83.33%","83.33%","Ahyacinthus18704"
"467","Cluster_12579","3prime_UTR::chr11:5932115-5933115(-)",141,-20.13,"2 10","261 282",8,"87.50%","100.00%","Ahyacinthus18734"
"468","Cluster_12579","3prime_UTR::chr11:8419487-8420487(+)",150,-21.66,"2 19","897 918",17,"64.71%","76.47%","Ahyacinthus18903"
"469","Cluster_12579","3prime_UTR::chr11:8828085-8829085(+)",154,-24.57,"2 21","239 265",24,"70.83%","70.83%","Ahyacinthus18934"
"470","Cluster_12579","3prime_UTR::chr11:9038485-9039485(-)",165,-21.91,"2 18","468 489",16,"81.25%","87.50%","Ahyacinthus18953"
"471","Cluster_12579","3prime_UTR::chr12:11545915-11546915(+)",163,-23.48,"2 18","322 342",16,"81.25%","93.75%","Ahyacinthus20967"
"472","Cluster_12579","3prime_UTR::chr12:13607087-13608087(+)",163,-25.57,"2 17","72 94",16,"81.25%","93.75%","Ahyacinthus21148"
"473","Cluster_12579","3prime_UTR::chr12:14540723-14541723(+)",160,-22.27,"2 21","125 146",19,"68.42%","78.95%","Ahyacinthus21233"
"474","Cluster_12579","3prime_UTR::chr12:14982989-14983989(+)",160,-23.16,"2 19","63 83",17,"76.47%","88.24%","Ahyacinthus21272"
"475","Cluster_12579","3prime_UTR::chr12:19019941-19020941(-)",149,-20.93,"2 14","63 84",12,"75.00%","91.67%","Ahyacinthus21497"
"476","Cluster_12579","3prime_UTR::chr12:1923234-1924234(+)",157,-20.18,"2 19","779 802",19,"73.68%","78.95%","Ahyacinthus20160"
"477","Cluster_12579","3prime_UTR::chr12:21278301-21279301(-)",153,-22.21,"2 19","882 904",18,"72.22%","77.78%","Ahyacinthus21607"
"478","Cluster_12579","3prime_UTR::chr12:22841272-22842272(-)",166,-23.86,"2 17","898 918",15,"93.33%","93.33%","Ahyacinthus21734"
"479","Cluster_12579","3prime_UTR::chr12:2412988-2413988(-)",154,-20.43,"2 18","935 954",16,"81.25%","81.25%","Ahyacinthus20208"
"480","Cluster_12579","3prime_UTR::chr12:4657698-4658698(-)",169,-24.36,"2 20","1 21",18,"83.33%","88.89%","Ahyacinthus20368"
"481","Cluster_12579","3prime_UTR::chr12:6456938-6457938(-)",165,-21.11,"2 19","608 631",19,"78.95%","84.21%","Ahyacinthus20513"
"482","Cluster_12579","3prime_UTR::chr12:6921972-6922972(+)",149,-20.43,"2 15","1 18",14,"78.57%","85.71%","Ahyacinthus20548"
"483","Cluster_12579","3prime_UTR::chr12:9676646-9677646(-)",157,-23.65,"2 14","582 603",12,"83.33%","100.00%","Ahyacinthus20787"
"484","Cluster_12579","3prime_UTR::chr13:11042732-11043732(+)",163,-22.74,"2 17","607 630",17,"82.35%","88.24%","Ahyacinthus22438"
"485","Cluster_12579","3prime_UTR::chr13:14841100-14842100(+)",174,-30.49,"2 21","903 923",19,"84.21%","89.47%","Ahyacinthus22777"
"486","Cluster_12579","3prime_UTR::chr13:15213487-15214487(-)",152,-20.3,"2 18","657 680",18,"72.22%","77.78%","Ahyacinthus22810"
"487","Cluster_12579","3prime_UTR::chr13:1823693-1824693(-)",176,-28.13,"2 21","899 920",19,"84.21%","84.21%","Ahyacinthus21906"
"488","Cluster_12579","3prime_UTR::chr13:22012400-22013400(+)",160,-20.72,"2 19","833 853",17,"82.35%","82.35%","Ahyacinthus23098"
"489","Cluster_12579","3prime_UTR::chr13:23253806-23254614(+)",156,-21.29,"2 21","162 183",19,"68.42%","73.68%","Ahyacinthus23136"
"490","Cluster_12579","3prime_UTR::chr13:466598-467598(-)",167,-24.73,"2 18","245 265",16,"87.50%","93.75%","Ahyacinthus21800"
"491","Cluster_12579","3prime_UTR::chr13:5181705-5182705(-)",154,-21.43,"2 21","958 982",22,"72.73%","72.73%","Ahyacinthus22074"
"492","Cluster_12579","3prime_UTR::chr13:9019378-9020378(+)",148,-20.34,"2 14","607 631",15,"80.00%","80.00%","Ahyacinthus22285"
"493","Cluster_12579","3prime_UTR::chr13:9432722-9433593(-)",156,-21.33,"2 13","642 663",11,"90.91%","100.00%","Ahyacinthus22315"
"494","Cluster_12579","3prime_UTR::chr13:9432722-9433593(-)",158,-21.8,"2 20","378 400",19,"73.68%","78.95%","Ahyacinthus22315"
"495","Cluster_12579","3prime_UTR::chr14:11077679-11078679(-)",167,-24.73,"2 18","245 265",16,"87.50%","93.75%","Ahyacinthus23854"
"496","Cluster_12579","3prime_UTR::chr14:11904673-11905673(-)",157,-24.15,"2 21","46 71",23,"73.91%","78.26%","Ahyacinthus23895"
"497","Cluster_12579","3prime_UTR::chr14:1419884-1420474(+)",164,-21.57,"2 17","287 308",15,"80.00%","93.33%","Ahyacinthus23282"
"498","Cluster_12579","3prime_UTR::chr14:2375394-2376394(+)",154,-21.95,"2 17","498 518",15,"80.00%","86.67%","Ahyacinthus23355"
"499","Cluster_12579","3prime_UTR::chr14:733135-734135(+)",165,-22.84,"2 20","921 944",20,"80.00%","85.00%","Ahyacinthus23229"
"500","Cluster_12579","3prime_UTR::chr14:9957382-9958382(+)",163,-20.43,"2 20","25 44",18,"83.33%","88.89%","Ahyacinthus23759"
"501","Cluster_12579","3prime_UTR::chr1:13604-14604(-)",155,-20.42,"2 19","275 294",17,"76.47%","82.35%","Ahyacinthus00001"
"502","Cluster_12579","3prime_UTR::chr1:1790662-1791662(+)",163,-22.79,"2 16","206 227",14,"85.71%","92.86%","Ahyacinthus00110"
"503","Cluster_12579","3prime_UTR::chr1:1790662-1791662(+)",163,-22.79,"2 16","303 324",14,"85.71%","92.86%","Ahyacinthus00110"
"504","Cluster_12579","3prime_UTR::chr1:1790662-1791662(+)",163,-22.79,"2 16","400 421",14,"85.71%","92.86%","Ahyacinthus00110"
"505","Cluster_12579","3prime_UTR::chr1:1790662-1791662(+)",168,-22.79,"2 17","497 518",15,"86.67%","93.33%","Ahyacinthus00110"
"506","Cluster_12579","3prime_UTR::chr1:1790662-1791662(+)",168,-22.79,"2 17","692 713",15,"86.67%","93.33%","Ahyacinthus00110"
"507","Cluster_12579","3prime_UTR::chr1:1790662-1791662(+)",168,-22.79,"2 17","789 810",15,"86.67%","93.33%","Ahyacinthus00110"
"508","Cluster_12579","3prime_UTR::chr1:1790662-1791662(+)",168,-22.79,"2 17","886 907",15,"86.67%","93.33%","Ahyacinthus00110"
"509","Cluster_12579","3prime_UTR::chr1:19265838-19266838(+)",162,-21.49,"2 15","167 188",13,"92.31%","92.31%","Ahyacinthus00859"
"510","Cluster_12579","3prime_UTR::chr1:20123382-20124382(+)",174,-27.48,"2 20","599 621",19,"84.21%","89.47%","Ahyacinthus00898"
"511","Cluster_12579","3prime_UTR::chr1:21121017-21122017(+)",164,-23,"2 19","675 695",17,"82.35%","88.24%","Ahyacinthus00951"
"512","Cluster_12579","3prime_UTR::chr1:29893267-29894267(-)",176,-27.57,"2 21","874 895",19,"84.21%","84.21%","Ahyacinthus01281"
"513","Cluster_12579","3prime_UTR::chr1:3495008-3496008(-)",164,-21.59,"2 17","514 535",15,"80.00%","93.33%","Ahyacinthus00207"
"514","Cluster_12579","3prime_UTR::chr1:6528600-6529600(-)",158,-21.93,"2 21","905 929",22,"72.73%","77.27%","Ahyacinthus00420"
"515","Cluster_12579","3prime_UTR::chr1:7209267-7210267(+)",149,-21.01,"2 20","176 196",18,"66.67%","77.78%","Ahyacinthus00460"
"516","Cluster_12579","3prime_UTR::chr1:775841-776841(-)",170,-26.74,"2 21","277 300",21,"80.95%","85.71%","Ahyacinthus00040"
"517","Cluster_12579","3prime_UTR::chr2:15011966-15012966(+)",150,-21.86,"2 21","708 737",27,"62.96%","70.37%","Ahyacinthus02962"
"518","Cluster_12579","3prime_UTR::chr2:17631506-17632506(-)",170,-23.45,"2 21","875 895",19,"78.95%","89.47%","Ahyacinthus03108"
"519","Cluster_12579","3prime_UTR::chr2:18323584-18324584(+)",161,-20.47,"2 19","135 157",18,"77.78%","83.33%","Ahyacinthus03149"
"520","Cluster_12579","3prime_UTR::chr2:20540327-20541327(-)",153,-22.55,"2 20","714 738",21,"71.43%","76.19%","Ahyacinthus03238"
"521","Cluster_12579","3prime_UTR::chr2:2346766-2347766(-)",161,-22.9,"2 21","691 716",23,"78.26%","78.26%","Ahyacinthus01943"
"522","Cluster_12579","3prime_UTR::chr2:5666988-5667716(-)",168,-28.67,"2 18","647 670",18,"83.33%","88.89%","Ahyacinthus02241"
"523","Cluster_12579","3prime_UTR::chr2:8680563-8681563(-)",160,-20.7,"2 20","821 842",19,"78.95%","84.21%","Ahyacinthus02467"
"524","Cluster_12579","3prime_UTR::chr2:9100095-9101095(-)",172,-24.87,"2 21","529 550",19,"78.95%","84.21%","Ahyacinthus02499"
"525","Cluster_12579","3prime_UTR::chr2:9499796-9500796(-)",154,-21.07,"2 18","415 436",17,"82.35%","82.35%","Ahyacinthus02532"
"526","Cluster_12579","3prime_UTR::chr3:11697804-11698804(-)",153,-20.22,"2 15","3 25",14,"78.57%","92.86%","Ahyacinthus04143"
"527","Cluster_12579","3prime_UTR::chr3:1433840-1434840(+)",168,-20.04,"2 21","233 254",19,"78.95%","78.95%","Ahyacinthus03473"
"528","Cluster_12579","3prime_UTR::chr3:17249836-17250836(-)",153,-23.58,"2 20","588 611",20,"70.00%","80.00%","Ahyacinthus04478"
"529","Cluster_12579","3prime_UTR::chr3:19878230-19879230(+)",160,-24.47,"2 19","458 478",17,"76.47%","88.24%","Ahyacinthus04680"
"530","Cluster_12579","3prime_UTR::chr3:20003482-20004482(-)",149,-20.78,"2 15","562 584",14,"78.57%","85.71%","Ahyacinthus04688"
"531","Cluster_12579","3prime_UTR::chr3:20807631-20808631(-)",156,-20.17,"2 19","289 309",17,"76.47%","82.35%","Ahyacinthus04758"
"532","Cluster_12579","3prime_UTR::chr3:21945446-21946446(+)",152,-23.1,"2 15","970 990",13,"84.62%","92.31%","Ahyacinthus04830"
"533","Cluster_12579","3prime_UTR::chr3:24525407-24526407(+)",148,-23.71,"2 19","630 658",24,"66.67%","70.83%","Ahyacinthus05040"
"534","Cluster_12579","3prime_UTR::chr3:25500931-25501931(-)",167,-21.13,"2 21","562 584",20,"80.00%","80.00%","Ahyacinthus05112"
"535","Cluster_12579","3prime_UTR::chr4:13616455-13617455(+)",163,-21.43,"2 21","196 218",20,"75.00%","80.00%","Ahyacinthus06109"
"536","Cluster_12579","3prime_UTR::chr4:19970039-19971039(+)",153,-20.01,"2 18","392 413",16,"68.75%","81.25%","Ahyacinthus06493"
"537","Cluster_12579","3prime_UTR::chr4:23738038-23739038(-)",167,-24.73,"2 18","245 265",16,"87.50%","93.75%","Ahyacinthus06729"
"538","Cluster_12579","3prime_UTR::chr4:4289674-4290674(+)",160,-22.29,"2 17","670 691",15,"80.00%","86.67%","Ahyacinthus05512"
"539","Cluster_12579","3prime_UTR::chr4:7428787-7429376(+)",153,-20.32,"2 19","158 176",17,"82.35%","82.35%","Ahyacinthus05755"
"540","Cluster_12579","3prime_UTR::chr4:8719826-8720826(+)",158,-20.6,"2 21","127 151",22,"68.18%","81.82%","Ahyacinthus05851"
"541","Cluster_12579","3prime_UTR::chr5:17335430-17336430(-)",162,-22.64,"2 20","46 68",19,"73.68%","84.21%","Ahyacinthus07660"
"542","Cluster_12579","3prime_UTR::chr5:22348122-22349122(+)",153,-20.1,"2 14","375 396",12,"83.33%","91.67%","Ahyacinthus07840"
"543","Cluster_12579","3prime_UTR::chr5:27068358-27069358(-)",159,-22.38,"2 21","78 96",19,"78.95%","84.21%","Ahyacinthus08107"
"544","Cluster_12579","3prime_UTR::chr5:2875220-2876220(+)",154,-20.38,"2 16","619 641",15,"80.00%","86.67%","Ahyacinthus07049"
"545","Cluster_12579","3prime_UTR::chr5:28895674-28896674(-)",158,-20.79,"2 20","488 511",20,"70.00%","80.00%","Ahyacinthus08279"
"546","Cluster_12579","3prime_UTR::chr5:29501205-29502205(-)",163,-20.46,"2 20","625 646",18,"72.22%","83.33%","Ahyacinthus08330"
"547","Cluster_12579","3prime_UTR::chr5:30158864-30159864(+)",145,-22.14,"2 20","297 325",25,"64.00%","68.00%","Ahyacinthus08381"
"548","Cluster_12579","3prime_UTR::chr5:31731123-31732123(-)",165,-22.1,"2 20","855 875",18,"83.33%","83.33%","Ahyacinthus08502"
"549","Cluster_12579","3prime_UTR::chr5:31746081-31747081(-)",149,-20.41,"2 16","242 262",14,"78.57%","85.71%","Ahyacinthus08505"
"550","Cluster_12579","3prime_UTR::chr5:4662609-4663609(-)",164,-26.41,"2 19","869 892",19,"84.21%","84.21%","Ahyacinthus07106"
"551","Cluster_12579","3prime_UTR::chr6:11997688-11998688(+)",160,-20.31,"2 18","603 625",17,"82.35%","82.35%","Ahyacinthus09443"
"552","Cluster_12579","3prime_UTR::chr6:13234490-13235490(+)",160,-20.21,"2 17","875 896",15,"80.00%","86.67%","Ahyacinthus09540"
"553","Cluster_12579","3prime_UTR::chr6:14122516-14123516(-)",154,-21.14,"2 16","762 784",15,"80.00%","86.67%","Ahyacinthus09572"
"554","Cluster_12579","3prime_UTR::chr6:14149997-14150997(-)",154,-21.14,"2 16","759 781",15,"80.00%","86.67%","Ahyacinthus09574"
"555","Cluster_12579","3prime_UTR::chr6:22147736-22148736(+)",170,-22.52,"2 21","359 383",22,"81.82%","81.82%","Ahyacinthus10094"
"556","Cluster_12579","3prime_UTR::chr6:23393979-23394979(+)",158,-21.53,"2 21","946 969",21,"76.19%","76.19%","Ahyacinthus10192"
"557","Cluster_12579","3prime_UTR::chr6:23631445-23632445(+)",160,-21.24,"2 19","116 136",17,"82.35%","82.35%","Ahyacinthus10211"
"558","Cluster_12579","3prime_UTR::chr6:25710884-25711884(+)",154,-21.43,"2 21","711 736",23,"69.57%","73.91%","Ahyacinthus10404"
"559","Cluster_12579","3prime_UTR::chr6:25712677-25713677(-)",170,-21.05,"2 20","234 256",19,"84.21%","84.21%","Ahyacinthus10405"
"560","Cluster_12579","3prime_UTR::chr6:30548459-30549459(+)",145,-22.14,"2 20","788 816",25,"64.00%","68.00%","Ahyacinthus10749"
"561","Cluster_12579","3prime_UTR::chr6:31567008-31568008(-)",159,-22.61,"2 16","758 779",14,"78.57%","92.86%","Ahyacinthus10824"
"562","Cluster_12579","3prime_UTR::chr6:31981467-31981867(+)",155,-20.37,"2 21","329 347",19,"78.95%","78.95%","Ahyacinthus10857"
"563","Cluster_12579","3prime_UTR::chr6:3307414-3308414(+)",157,-21.34,"2 21","566 587",20,"75.00%","80.00%","Ahyacinthus08908"
"564","Cluster_12579","3prime_UTR::chr6:3975013-3976013(+)",158,-22,"2 18","16 37",17,"82.35%","88.24%","Ahyacinthus08962"
"565","Cluster_12579","3prime_UTR::chr6:3998382-3999382(+)",160,-21.37,"2 21","21 39",19,"73.68%","84.21%","Ahyacinthus08964"
"566","Cluster_12579","3prime_UTR::chr6:4156481-4157481(-)",166,-21.79,"2 20","77 99",19,"78.95%","84.21%","Ahyacinthus08980"
"567","Cluster_12579","3prime_UTR::chr6:4849934-4850934(+)",152,-21.21,"2 20","268 289",19,"73.68%","78.95%","Ahyacinthus09028"
"568","Cluster_12579","3prime_UTR::chr7:12280598-12281023(-)",151,-21.2,"2 19","205 231",22,"72.73%","77.27%","Ahyacinthus11727"
"569","Cluster_12579","3prime_UTR::chr7:13635012-13636012(-)",156,-20.51,"2 19","956 976",17,"76.47%","82.35%","Ahyacinthus11802"
"570","Cluster_12579","3prime_UTR::chr7:14921312-14922312(-)",159,-22.83,"2 16","269 290",14,"78.57%","92.86%","Ahyacinthus11871"
"571","Cluster_12579","3prime_UTR::chr7:16340047-16341047(-)",154,-23.27,"2 18","962 983",17,"82.35%","82.35%","Ahyacinthus11972"
"572","Cluster_12579","3prime_UTR::chr7:17409593-17410593(+)",150,-21.47,"2 20","385 411",23,"65.22%","69.57%","Ahyacinthus12032"
"573","Cluster_12579","3prime_UTR::chr7:19231425-19232425(+)",167,-23.54,"2 16","689 710",14,"92.86%","92.86%","Ahyacinthus12168"
"574","Cluster_12579","3prime_UTR::chr7:22062412-22063412(+)",153,-20.59,"2 16","419 439",14,"78.57%","92.86%","Ahyacinthus12393"
"575","Cluster_12579","3prime_UTR::chr7:22146744-22147744(-)",161,-23.3,"2 18","950 971",16,"81.25%","81.25%","Ahyacinthus12400"
"576","Cluster_12579","3prime_UTR::chr7:25704869-25705869(+)",166,-21.7,"2 17","156 176",15,"93.33%","93.33%","Ahyacinthus12640"
"577","Cluster_12579","3prime_UTR::chr7:26441750-26442750(-)",168,-21.32,"2 21","830 851",19,"78.95%","78.95%","Ahyacinthus12704"
"578","Cluster_12579","3prime_UTR::chr7:2942341-2943168(+)",167,-25.33,"2 17","376 398",16,"87.50%","93.75%","Ahyacinthus11143"
"579","Cluster_12579","3prime_UTR::chr7:7647299-7648299(+)",153,-20.2,"2 14","54 75",12,"83.33%","91.67%","Ahyacinthus11497"
"580","Cluster_12579","3prime_UTR::chr8:12760793-12761793(+)",172,-26.05,"2 21","298 319",19,"78.95%","84.21%","Ahyacinthus13883"
"581","Cluster_12579","3prime_UTR::chr8:13880880-13881880(+)",160,-20.98,"2 19","376 396",17,"76.47%","88.24%","Ahyacinthus13926"
"582","Cluster_12579","3prime_UTR::chr8:18587288-18588288(+)",166,-24.03,"2 21","900 920",19,"78.95%","84.21%","Ahyacinthus14165"
"583","Cluster_12579","3prime_UTR::chr8:22460218-22461218(+)",155,-20.96,"2 19","48 69",18,"77.78%","83.33%","Ahyacinthus14387"
"584","Cluster_12579","3prime_UTR::chr8:25167824-25168824(+)",158,-22.5,"2 19","314 333",17,"82.35%","88.24%","Ahyacinthus14570"
"585","Cluster_12579","3prime_UTR::chr8:26267301-26268301(-)",165,-22.6,"2 20","300 320",18,"83.33%","83.33%","Ahyacinthus14651"
"586","Cluster_12579","3prime_UTR::chr8:30220091-30221091(-)",166,-26.45,"2 20","882 905",20,"75.00%","85.00%","Ahyacinthus14780"
"587","Cluster_12579","3prime_UTR::chr8:3981225-3982225(-)",154,-21.22,"2 19","299 320",17,"70.59%","76.47%","Ahyacinthus13314"
"588","Cluster_12579","3prime_UTR::chr8:7691463-7692463(-)",176,-25.45,"2 21","838 859",19,"78.95%","89.47%","Ahyacinthus13558"
"589","Cluster_12579","3prime_UTR::chr9:1842533-1842957(+)",152,-20.37,"2 20","18 39",19,"73.68%","78.95%","Ahyacinthus14927"
"590","Cluster_12579","3prime_UTR::chr9:18666879-18667879(-)",156,-20.48,"2 19","185 209",20,"75.00%","80.00%","Ahyacinthus16080"
"591","Cluster_12579","3prime_UTR::chr9:19205551-19206551(-)",143,-21.4,"2 21","647 676",27,"59.26%","62.96%","Ahyacinthus16115"
"592","Cluster_12579","3prime_UTR::chr9:19723871-19724871(+)",153,-22.14,"2 14","313 334",12,"75.00%","100.00%","Ahyacinthus16160"
"593","Cluster_12579","3prime_UTR::chr9:23660596-23661596(-)",163,-21.56,"2 16","537 558",14,"85.71%","92.86%","Ahyacinthus16397"
"594","Cluster_12579","3prime_UTR::chr9:24605802-24606802(-)",159,-20.01,"2 21","914 936",20,"75.00%","75.00%","Ahyacinthus16468"
"595","Cluster_12579","3prime_UTR::chr9:24618614-24619614(-)",159,-20.97,"2 21","864 886",20,"75.00%","75.00%","Ahyacinthus16469"
"596","Cluster_12579","3prime_UTR::chr9:26496340-26497340(-)",156,-20.79,"2 13","876 897",11,"90.91%","100.00%","Ahyacinthus16598"
"597","Cluster_12579","3prime_UTR::chr9:26539451-26540451(-)",156,-20.79,"2 13","876 897",11,"90.91%","100.00%","Ahyacinthus16604"
"598","Cluster_12579","3prime_UTR::chr9:4011357-4012357(+)",158,-21.43,"2 20","220 243",20,"70.00%","80.00%","Ahyacinthus15097"
"599","Cluster_12579","3prime_UTR::chr9:5014140-5014604(+)",145,-21.02,"2 18","293 311",16,"75.00%","75.00%","Ahyacinthus15159"
"600","Cluster_12579","3prime_UTR::chr9:711967-712967(-)",164,-21,"2 21","170 191",19,"73.68%","78.95%","Ahyacinthus14833"
"601","Cluster_12579","3prime_UTR::sc007:114238-115238(+)",176,-28.03,"2 21","831 852",19,"84.21%","84.21%","Ahyacinthus24649"
"602","Cluster_12579","3prime_UTR::sc007:167929-168929(+)",176,-28.03,"2 21","843 864",19,"84.21%","84.21%","Ahyacinthus24651"
"603","Cluster_12579","3prime_UTR::sc007:93497-94497(+)",176,-28.03,"2 21","865 886",19,"84.21%","84.21%","Ahyacinthus24648"
"604","Cluster_12579","3prime_UTR::sc022:214317-215317(-)",167,-27.26,"2 20","968 989",18,"77.78%","83.33%","Ahyacinthus24922"
"605","Cluster_12579","3prime_UTR::sc078:141699-142699(-)",160,-22.13,"2 19","20 40",17,"76.47%","88.24%","Ahyacinthus25727"
"606","Cluster_12579","3prime_UTR::sc078:158501-159501(-)",144,-20.53,"2 14","371 393",13,"76.92%","84.62%","Ahyacinthus25728"
"607","Cluster_12579","3prime_UTR::sc130:15127-16127(+)",170,-20.69,"2 19","328 349",17,"82.35%","88.24%","Ahyacinthus26079"
"608","Cluster_12579","3prime_UTR::sc161:36036-37036(-)",154,-20.38,"2 16","624 646",15,"80.00%","86.67%","Ahyacinthus26226"
"609","Cluster_12579","3prime_UTR::sc164:17846-18846(+)",176,-28.03,"2 21","865 886",19,"84.21%","84.21%","Ahyacinthus26238"
"610","Cluster_12579","3prime_UTR::sc190:7193-8193(-)",156,-21.29,"2 21","98 119",19,"68.42%","73.68%","Ahyacinthus26357"
"611","Cluster_12579","3prime_UTR::sc195:29590-30590(-)",166,-23.41,"2 21","889 914",23,"73.91%","82.61%","Ahyacinthus26379"
"612","Cluster_12579","3prime_UTR::sc217:40274-41274(-)",146,-22,"2 21","811 838",25,"64.00%","68.00%","Ahyacinthus26463"
"613","Cluster_12579","3prime_UTR::sc224:67212-68212(+)",156,-22.12,"2 14","907 929",13,"92.31%","92.31%","Ahyacinthus26501"
"614","Cluster_12579","3prime_UTR::sc235:64705-65645(+)",151,-23.9,"2 18","498 518",16,"75.00%","81.25%","Ahyacinthus26531"
"615","Cluster_12579","3prime_UTR::sc531:13580-14580(+)",154,-20.38,"2 16","462 484",15,"80.00%","86.67%","Ahyacinthus26993"
"616","Cluster_12617","3prime_UTR::chr10:14568686-14569686(-)",169,-20.52,"2 19","367 388",18,"77.78%","94.44%","Ahyacinthus17723"
"617","Cluster_12617","3prime_UTR::chr10:18796540-18797540(+)",165,-21.61,"2 18","590 610",16,"75.00%","93.75%","Ahyacinthus17983"
"618","Cluster_12617","3prime_UTR::chr11:23371032-23372032(+)",165,-21.38,"2 20","105 124",18,"77.78%","88.89%","Ahyacinthus19975"
"619","Cluster_12617","3prime_UTR::chr11:6318788-6319788(-)",158,-20.09,"2 20","427 448",19,"68.42%","84.21%","Ahyacinthus18755"
"620","Cluster_12617","3prime_UTR::chr11:6644864-6645864(+)",166,-20.12,"2 19","399 419",17,"76.47%","88.24%","Ahyacinthus18783"
"621","Cluster_12617","3prime_UTR::chr11:7268925-7269925(-)",174,-20.24,"2 19","681 701",17,"82.35%","94.12%","Ahyacinthus18822"
"622","Cluster_12617","3prime_UTR::chr12:17016521-17017521(-)",165,-21.39,"2 20","102 124",20,"75.00%","90.00%","Ahyacinthus21388"
"623","Cluster_12617","3prime_UTR::chr12:17893850-17894850(+)",168,-20.22,"2 18","67 89",18,"83.33%","88.89%","Ahyacinthus21432"
"624","Cluster_12617","3prime_UTR::chr12:22007127-22008127(-)",163,-20.67,"2 18","106 125",16,"81.25%","93.75%","Ahyacinthus21667"
"625","Cluster_12617","3prime_UTR::chr12:5131331-5132331(-)",174,-26.82,"2 20","17 38",19,"78.95%","94.74%","Ahyacinthus20408"
"626","Cluster_12617","3prime_UTR::chr14:18259061-18260061(+)",168,-21.25,"2 20","201 219",18,"83.33%","88.89%","Ahyacinthus24167"
"627","Cluster_12617","3prime_UTR::chr2:15491257-15492257(-)",174,-24.53,"2 19","1 19",17,"82.35%","94.12%","Ahyacinthus02993"
"628","Cluster_12617","3prime_UTR::chr2:15546431-15547431(+)",174,-22.32,"2 19","123 143",17,"82.35%","94.12%","Ahyacinthus02996"
"629","Cluster_12617","3prime_UTR::chr3:15396311-15397311(-)",165,-21.38,"2 20","220 239",18,"77.78%","88.89%","Ahyacinthus04349"
"630","Cluster_12617","3prime_UTR::chr3:20784822-20785822(-)",169,-20.36,"2 19","842 863",18,"83.33%","88.89%","Ahyacinthus04754"
"631","Cluster_12617","3prime_UTR::chr3:23902470-23903470(-)",165,-20.4,"2 18","473 493",16,"81.25%","87.50%","Ahyacinthus04995"
"632","Cluster_12617","3prime_UTR::chr4:14610058-14611058(-)",167,-20.22,"2 16","637 657",14,"85.71%","100.00%","Ahyacinthus06167"
"633","Cluster_12617","3prime_UTR::chr4:25692610-25692935(+)",169,-20.35,"2 18","5 25",16,"87.50%","87.50%","Ahyacinthus06866"
"634","Cluster_12617","3prime_UTR::chr4:9320254-9321254(-)",169,-22.48,"2 18","282 302",16,"81.25%","93.75%","Ahyacinthus05886"
"635","Cluster_12617","3prime_UTR::chr5:22469883-22470883(-)",164,-21.02,"2 17","908 928",15,"73.33%","100.00%","Ahyacinthus07849"
"636","Cluster_12617","3prime_UTR::chr7:2574631-2574841(+)",174,-22.94,"2 20","82 103",19,"84.21%","89.47%","Ahyacinthus11111"
"637","Cluster_12617","3prime_UTR::chr8:12859944-12860944(+)",165,-21.38,"2 20","105 124",18,"77.78%","88.89%","Ahyacinthus13891"
"638","Cluster_12617","3prime_UTR::chr8:20745389-20746389(+)",172,-20.03,"2 17","5 25",15,"86.67%","100.00%","Ahyacinthus14258"
"639","Cluster_12617","3prime_UTR::chr8:27946271-27947271(+)",160,-20.16,"2 19","688 710",19,"73.68%","89.47%","Ahyacinthus14710"
"640","Cluster_12617","3prime_UTR::chr8:8946211-8947211(-)",160,-20.76,"2 18","567 589",18,"77.78%","83.33%","Ahyacinthus13619"
"641","Cluster_12617","3prime_UTR::chr9:16299093-16300093(+)",162,-20.31,"2 20","962 987",23,"73.91%","73.91%","Ahyacinthus15886"
"642","Cluster_12617","3prime_UTR::chr9:1951133-1952133(+)",160,-20.16,"2 19","587 609",19,"73.68%","89.47%","Ahyacinthus14938"
"643","Cluster_12617","3prime_UTR::chr9:19974480-19975480(-)",165,-24.65,"2 20","386 410",22,"77.27%","81.82%","Ahyacinthus16172"
"644","Cluster_12617","3prime_UTR::chr9:20002491-20003491(-)",165,-24.65,"2 20","386 410",22,"77.27%","81.82%","Ahyacinthus16176"
"645","Cluster_12617","3prime_UTR::chr9:28284955-28285955(-)",164,-20.15,"2 19","106 128",19,"78.95%","89.47%","Ahyacinthus16737"
"646","Cluster_12617","3prime_UTR::chr9:28376276-28377276(-)",164,-20.74,"2 20","313 333",19,"78.95%","89.47%","Ahyacinthus16747"
"647","Cluster_12617","3prime_UTR::sc036:85170-86170(-)",165,-21.38,"2 20","114 133",18,"77.78%","88.89%","Ahyacinthus25188"
"648","Cluster_12617","3prime_UTR::sc048:133985-134985(-)",165,-21.61,"2 18","296 316",16,"75.00%","93.75%","Ahyacinthus25333"
"649","Cluster_12617","3prime_UTR::sc083:63951-64951(+)",165,-21.38,"2 20","105 124",18,"77.78%","88.89%","Ahyacinthus25756"
"650","Cluster_12617","3prime_UTR::sc224:16487-17487(+)",169,-22.48,"2 18","581 601",16,"81.25%","93.75%","Ahyacinthus26497"
"651","Cluster_1332","3prime_UTR::chr10:10485510-10486510(+)",170,-20.31,"2 15","936 954",13,"100.00%","100.00%","Ahyacinthus17392"
"652","Cluster_1332","3prime_UTR::chr11:17745601-17746601(-)",169,-22.84,"2 18","666 684",16,"87.50%","87.50%","Ahyacinthus19544"
"653","Cluster_1332","3prime_UTR::chr11:2339484-2340484(-)",159,-20.4,"2 18","894 914",18,"77.78%","88.89%","Ahyacinthus18454"
"654","Cluster_1332","3prime_UTR::chr6:9528880-9529880(-)",157,-21.67,"2 18","467 483",16,"87.50%","87.50%","Ahyacinthus09271"
"655","Cluster_1332","3prime_UTR::chr6:9529240-9529880(-)",157,-21.67,"2 18","467 483",16,"87.50%","87.50%","Ahyacinthus09272"
"656","Cluster_1332","3prime_UTR::chr9:23576322-23577322(+)",160,-22.77,"2 18","954 973",17,"76.47%","88.24%","Ahyacinthus16388"
"657","Cluster_1356","3prime_UTR::chr10:10028343-10029343(+)",154,-23.22,"2 21","419 443",22,"68.18%","77.27%","Ahyacinthus17350"
"658","Cluster_1356","3prime_UTR::chr10:13719840-13720840(+)",145,-23.88,"2 10","399 420",8,"100.00%","100.00%","Ahyacinthus17658"
"659","Cluster_1356","3prime_UTR::chr10:2441265-2442265(+)",152,-24.89,"2 14","62 84",13,"84.62%","92.31%","Ahyacinthus16929"
"660","Cluster_1356","3prime_UTR::chr10:3257434-3258434(+)",147,-20.52,"2 21","598 616",19,"73.68%","73.68%","Ahyacinthus16988"
"661","Cluster_1356","3prime_UTR::chr10:6086316-6087316(-)",167,-21.99,"2 21","595 617",20,"80.00%","80.00%","Ahyacinthus17130"
"662","Cluster_1356","3prime_UTR::chr10:8303003-8304003(-)",155,-21.63,"2 21","12 30",19,"78.95%","78.95%","Ahyacinthus17224"
"663","Cluster_1356","3prime_UTR::chr11:18444946-18445946(+)",143,-23.62,"2 12","944 965",10,"80.00%","90.00%","Ahyacinthus19583"
"664","Cluster_1356","3prime_UTR::chr11:1893491-1894491(+)",166,-24.87,"2 20","692 715",20,"80.00%","80.00%","Ahyacinthus18412"
"665","Cluster_1356","3prime_UTR::chr11:19408627-19409627(+)",157,-26.06,"2 16","543 563",14,"85.71%","92.86%","Ahyacinthus19654"
"666","Cluster_1356","3prime_UTR::chr11:2450393-2451393(+)",140,-20.35,"2 9","890 911",7,"100.00%","100.00%","Ahyacinthus18469"
"667","Cluster_1356","3prime_UTR::chr11:3228431-3229431(-)",147,-24.66,"2 13","294 317",13,"84.62%","84.62%","Ahyacinthus18529"
"668","Cluster_1356","3prime_UTR::chr11:5291806-5292806(+)",145,-20.35,"2 10","460 481",8,"100.00%","100.00%","Ahyacinthus18693"
"669","Cluster_1356","3prime_UTR::chr11:8070708-8071708(+)",150,-22.13,"2 16","174 198",17,"76.47%","76.47%","Ahyacinthus18882"
"670","Cluster_1356","3prime_UTR::chr11:8554961-8555780(-)",151,-21.31,"2 12","222 243",10,"90.00%","100.00%","Ahyacinthus18916"
"671","Cluster_1356","3prime_UTR::chr12:11341913-11342913(-)",155,-22.5,"2 17","266 290",18,"77.78%","77.78%","Ahyacinthus20951"
"672","Cluster_1356","3prime_UTR::chr12:13013341-13014341(+)",157,-25.9,"2 21","642 667",23,"73.91%","78.26%","Ahyacinthus21109"
"673","Cluster_1356","3prime_UTR::chr12:19699481-19700481(-)",148,-23.52,"2 21","853 872",19,"73.68%","73.68%","Ahyacinthus21535"
"674","Cluster_1356","3prime_UTR::chr12:2025962-2026962(-)",141,-24.01,"2 20","545 574",26,"61.54%","65.38%","Ahyacinthus20172"
"675","Cluster_1356","3prime_UTR::chr12:4255008-4256008(+)",143,-21.4,"2 12","456 477",10,"80.00%","90.00%","Ahyacinthus20339"
"676","Cluster_1356","3prime_UTR::chr12:5638009-5639009(-)",160,-22.08,"2 19","863 883",17,"82.35%","82.35%","Ahyacinthus20446"
"677","Cluster_1356","3prime_UTR::chr12:6456405-6457405(+)",150,-20.89,"2 11","740 761",9,"100.00%","100.00%","Ahyacinthus20512"
"678","Cluster_1356","3prime_UTR::chr12:6993194-6994194(+)",149,-21.59,"2 16","573 593",14,"78.57%","85.71%","Ahyacinthus20557"
"679","Cluster_1356","3prime_UTR::chr12:7894779-7895779(-)",151,-21.9,"2 21","589 612",21,"66.67%","71.43%","Ahyacinthus20618"
"680","Cluster_1356","3prime_UTR::chr12:8207158-8208158(+)",165,-27.02,"2 20","91 115",21,"76.19%","85.71%","Ahyacinthus20641"
"681","Cluster_1356","3prime_UTR::chr12:8902313-8903313(-)",140,-21.12,"2 9","767 788",7,"100.00%","100.00%","Ahyacinthus20721"
"682","Cluster_1356","3prime_UTR::chr13:21499939-21500939(+)",145,-20.12,"2 10","542 563",8,"100.00%","100.00%","Ahyacinthus23063"
"683","Cluster_1356","3prime_UTR::chr13:23525219-23526219(-)",142,-20.02,"2 16","484 506",15,"73.33%","73.33%","Ahyacinthus23149"
"684","Cluster_1356","3prime_UTR::chr13:7203978-7204978(+)",151,-20.56,"2 17","528 550",16,"75.00%","81.25%","Ahyacinthus22192"
"685","Cluster_1356","3prime_UTR::chr13:8589217-8590217(+)",151,-22.24,"2 17","20 42",16,"75.00%","81.25%","Ahyacinthus22261"
"686","Cluster_1356","3prime_UTR::chr13:8993215-8994215(+)",147,-20.71,"2 21","162 185",21,"61.90%","71.43%","Ahyacinthus22284"
"687","Cluster_1356","3prime_UTR::chr13:9549744-9550744(+)",142,-21.04,"2 20","935 953",18,"72.22%","72.22%","Ahyacinthus22322"
"688","Cluster_1356","3prime_UTR::chr14:10457943-10458709(-)",141,-24.01,"2 20","647 676",26,"61.54%","65.38%","Ahyacinthus23796"
"689","Cluster_1356","3prime_UTR::chr14:11178669-11179669(+)",164,-29.33,"2 18","208 231",18,"83.33%","83.33%","Ahyacinthus23862"
"690","Cluster_1356","3prime_UTR::chr14:154024-155024(+)",150,-21.95,"2 20","759 781",19,"68.42%","73.68%","Ahyacinthus23173"
"691","Cluster_1356","3prime_UTR::chr14:1571964-1572964(+)",155,-22.59,"2 20","1 20",18,"72.22%","72.22%","Ahyacinthus23292"
"692","Cluster_1356","3prime_UTR::chr14:1640551-1641551(-)",140,-20.51,"2 9","617 638",7,"100.00%","100.00%","Ahyacinthus23301"
"693","Cluster_1356","3prime_UTR::chr14:17633534-17634534(-)",150,-20.64,"2 11","938 959",9,"100.00%","100.00%","Ahyacinthus24141"
"694","Cluster_1356","3prime_UTR::chr14:18905891-18906891(-)",160,-24.4,"2 19","584 604",17,"82.35%","82.35%","Ahyacinthus24195"
"695","Cluster_1356","3prime_UTR::chr14:2742314-2743314(+)",157,-23.62,"2 16","803 823",14,"85.71%","92.86%","Ahyacinthus23377"
"696","Cluster_1356","3prime_UTR::chr14:2742314-2743314(+)",157,-26.06,"2 16","864 884",14,"85.71%","92.86%","Ahyacinthus23377"
"697","Cluster_1356","3prime_UTR::chr14:8213142-8214142(-)",161,-23.65,"2 20","1 22",21,"76.19%","80.95%","Ahyacinthus23645"
"698","Cluster_1356","3prime_UTR::chr14:9440176-9441176(+)",150,-20.06,"2 11","354 375",9,"100.00%","100.00%","Ahyacinthus23703"
"699","Cluster_1356","3prime_UTR::chr1:11081727-11082727(-)",154,-20.1,"2 18","141 160",16,"81.25%","81.25%","Ahyacinthus00570"
"700","Cluster_1356","3prime_UTR::chr1:1427056-1428056(-)",148,-23.67,"2 17","775 796",15,"73.33%","73.33%","Ahyacinthus00091"
"701","Cluster_1356","3prime_UTR::chr1:1839166-1840166(+)",142,-24.76,"2 21","363 380",19,"68.42%","73.68%","Ahyacinthus00113"
"702","Cluster_1356","3prime_UTR::chr1:32366183-32367183(+)",143,-22.64,"2 12","979 1000",10,"80.00%","90.00%","Ahyacinthus01508"
"703","Cluster_1356","3prime_UTR::chr1:32879151-32880151(-)",144,-20.4,"2 13","341 362",11,"81.82%","81.82%","Ahyacinthus01563"
"704","Cluster_1356","3prime_UTR::chr2:11519827-11520827(+)",151,-21.94,"2 20","976 994",18,"66.67%","83.33%","Ahyacinthus02679"
"705","Cluster_1356","3prime_UTR::chr2:12134292-12135292(+)",152,-20.09,"2 21","802 823",19,"63.16%","73.68%","Ahyacinthus02728"
"706","Cluster_1356","3prime_UTR::chr2:13879504-13880466(+)",157,-27.23,"2 16","246 266",14,"85.71%","92.86%","Ahyacinthus02882"
"707","Cluster_1356","3prime_UTR::chr2:17988939-17989939(-)",146,-23.46,"2 20","736 758",19,"63.16%","73.68%","Ahyacinthus03127"
"708","Cluster_1356","3prime_UTR::chr2:17999514-18000514(-)",157,-26.06,"2 16","589 609",14,"85.71%","92.86%","Ahyacinthus03128"
"709","Cluster_1356","3prime_UTR::chr2:18042397-18043397(-)",157,-26.06,"2 16","168 188",14,"85.71%","92.86%","Ahyacinthus03129"
"710","Cluster_1356","3prime_UTR::chr2:18042397-18043397(-)",157,-26.06,"2 16","229 249",14,"85.71%","92.86%","Ahyacinthus03129"
"711","Cluster_1356","3prime_UTR::chr2:18226730-18227730(+)",151,-20.6,"2 21","585 608",21,"66.67%","71.43%","Ahyacinthus03143"
"712","Cluster_1356","3prime_UTR::chr2:18362890-18363890(+)",155,-29.13,"2 21","585 607",20,"70.00%","75.00%","Ahyacinthus03152"
"713","Cluster_1356","3prime_UTR::chr2:19698242-19699242(+)",143,-22.64,"2 12","160 181",10,"80.00%","90.00%","Ahyacinthus03203"
"714","Cluster_1356","3prime_UTR::chr2:23705759-23706759(-)",152,-20.1,"2 21","595 616",19,"63.16%","73.68%","Ahyacinthus03380"
"715","Cluster_1356","3prime_UTR::chr2:23773738-23774738(-)",142,-20.97,"2 11","538 559",9,"88.89%","88.89%","Ahyacinthus03382"
"716","Cluster_1356","3prime_UTR::chr2:6132994-6133994(-)",146,-20.1,"2 11","568 589",9,"88.89%","100.00%","Ahyacinthus02288"
"717","Cluster_1356","3prime_UTR::chr2:6881999-6882999(+)",159,-23.59,"2 16","573 594",14,"78.57%","92.86%","Ahyacinthus02341"
"718","Cluster_1356","3prime_UTR::chr2:7301860-7302860(+)",146,-23.46,"2 20","23 49",23,"65.22%","65.22%","Ahyacinthus02366"
"719","Cluster_1356","3prime_UTR::chr2:7482238-7483238(+)",157,-23.22,"2 16","300 320",14,"85.71%","92.86%","Ahyacinthus02386"
"720","Cluster_1356","3prime_UTR::chr2:9489185-9490185(+)",166,-20.57,"2 19","425 446",17,"82.35%","82.35%","Ahyacinthus02530"
"721","Cluster_1356","3prime_UTR::chr3:10197162-10198162(-)",147,-21.1,"2 16","625 646",14,"71.43%","78.57%","Ahyacinthus04055"
"722","Cluster_1356","3prime_UTR::chr3:17087326-17088326(+)",153,-22.32,"2 21","285 306",20,"70.00%","80.00%","Ahyacinthus04468"
"723","Cluster_1356","3prime_UTR::chr3:18036240-18037240(+)",148,-25.21,"2 21","778 799",19,"63.16%","68.42%","Ahyacinthus04546"
"724","Cluster_1356","3prime_UTR::chr3:21279702-21280702(-)",155,-23.06,"2 18","972 996",19,"78.95%","78.95%","Ahyacinthus04785"
"725","Cluster_1356","3prime_UTR::chr3:25000743-25001387(-)",156,-25.56,"2 15","337 357",13,"92.31%","92.31%","Ahyacinthus05071"
"726","Cluster_1356","3prime_UTR::chr3:25924671-25925671(+)",157,-26.06,"2 16","522 542",14,"85.71%","92.86%","Ahyacinthus05139"
"727","Cluster_1356","3prime_UTR::chr3:4378298-4379298(+)",144,-21.38,"2 14","146 169",14,"78.57%","78.57%","Ahyacinthus03674"
"728","Cluster_1356","3prime_UTR::chr3:4426905-4427905(+)",149,-22.74,"2 15","161 184",15,"80.00%","80.00%","Ahyacinthus03680"
"729","Cluster_1356","3prime_UTR::chr3:6175877-6176877(-)",145,-20.77,"2 20","120 140",18,"66.67%","72.22%","Ahyacinthus03796"
"730","Cluster_1356","3prime_UTR::chr4:18614679-18615679(-)",149,-21.05,"2 21","940 959",19,"68.42%","73.68%","Ahyacinthus06407"
"731","Cluster_1356","3prime_UTR::chr4:24082350-24083350(-)",157,-26.06,"2 16","831 851",14,"85.71%","92.86%","Ahyacinthus06742"
"732","Cluster_1356","3prime_UTR::chr4:26702137-26703137(+)",141,-24.01,"2 20","692 721",26,"61.54%","65.38%","Ahyacinthus06958"
"733","Cluster_1356","3prime_UTR::chr4:482006-483006(-)",150,-21.51,"2 21","228 248",19,"68.42%","73.68%","Ahyacinthus05231"
"734","Cluster_1356","3prime_UTR::chr4:5612699-5613675(+)",149,-22.05,"2 20","680 697",18,"77.78%","77.78%","Ahyacinthus05609"
"735","Cluster_1356","3prime_UTR::chr4:7338312-7339312(-)",142,-20.48,"2 16","920 942",15,"73.33%","73.33%","Ahyacinthus05747"
"736","Cluster_1356","3prime_UTR::chr4:906351-907351(-)",153,-21.06,"2 15","717 739",14,"85.71%","85.71%","Ahyacinthus05263"
"737","Cluster_1356","3prime_UTR::chr5:11522070-11523070(-)",150,-21.27,"2 11","367 388",9,"100.00%","100.00%","Ahyacinthus07424"
"738","Cluster_1356","3prime_UTR::chr5:16580192-16581192(+)",158,-22,"2 21","61 86",23,"73.91%","73.91%","Ahyacinthus07631"
"739","Cluster_1356","3prime_UTR::chr5:26085687-26086687(-)",157,-20.14,"2 20","723 743",18,"77.78%","77.78%","Ahyacinthus08025"
"740","Cluster_1356","3prime_UTR::chr5:28918609-28919609(-)",143,-23.62,"2 12","786 807",10,"80.00%","90.00%","Ahyacinthus08284"
"741","Cluster_1356","3prime_UTR::chr5:29493325-29494325(+)",140,-21.38,"2 9","76 97",7,"100.00%","100.00%","Ahyacinthus08328"
"742","Cluster_1356","3prime_UTR::chr6:1260771-1261771(-)",157,-23.62,"2 16","462 482",14,"85.71%","92.86%","Ahyacinthus08715"
"743","Cluster_1356","3prime_UTR::chr6:1279740-1280740(-)",148,-23.07,"2 19","92 112",17,"70.59%","76.47%","Ahyacinthus08716"
"744","Cluster_1356","3prime_UTR::chr6:15636077-15637077(+)",143,-22.64,"2 12","968 989",10,"80.00%","90.00%","Ahyacinthus09642"
"745","Cluster_1356","3prime_UTR::chr6:16254084-16255084(-)",143,-27.53,"2 12","112 133",10,"80.00%","90.00%","Ahyacinthus09667"
"746","Cluster_1356","3prime_UTR::chr6:19196020-19197020(+)",148,-20.61,"2 18","152 175",18,"72.22%","72.22%","Ahyacinthus09861"
"747","Cluster_1356","3prime_UTR::chr6:26267069-26268069(-)",152,-24.42,"2 21","151 172",19,"63.16%","73.68%","Ahyacinthus10444"
"748","Cluster_1356","3prime_UTR::chr6:29997744-29998744(+)",145,-22.59,"2 21","707 732",23,"65.22%","73.91%","Ahyacinthus10709"
"749","Cluster_1356","3prime_UTR::chr6:30808311-30809311(-)",150,-20.97,"2 11","334 355",9,"100.00%","100.00%","Ahyacinthus10774"
"750","Cluster_1356","3prime_UTR::chr6:31988134-31989134(+)",144,-22.1,"2 18","681 705",19,"63.16%","73.68%","Ahyacinthus10859"
"751","Cluster_1356","3prime_UTR::chr6:9266684-9267684(-)",145,-20.5,"2 19","109 132",19,"68.42%","68.42%","Ahyacinthus09261"
"752","Cluster_1356","3prime_UTR::chr6:9548425-9549425(+)",149,-21.36,"2 21","236 258",21,"71.43%","71.43%","Ahyacinthus09275"
"753","Cluster_1356","3prime_UTR::chr6:955953-956953(-)",158,-25.16,"2 20","342 365",20,"75.00%","75.00%","Ahyacinthus08689"
"754","Cluster_1356","3prime_UTR::chr7:17566338-17567338(+)",148,-24.67,"2 17","586 607",15,"73.33%","73.33%","Ahyacinthus12047"
"755","Cluster_1356","3prime_UTR::chr7:20544228-20545228(+)",153,-22.34,"2 16","368 388",14,"78.57%","92.86%","Ahyacinthus12258"
"756","Cluster_1356","3prime_UTR::chr7:23261791-23262791(+)",155,-21.92,"2 21","322 344",20,"70.00%","75.00%","Ahyacinthus12471"
"757","Cluster_1356","3prime_UTR::chr7:23647521-23648521(-)",156,-23.88,"2 21","511 532",19,"57.89%","84.21%","Ahyacinthus12501"
"758","Cluster_1356","3prime_UTR::chr7:25007093-25008093(-)",146,-20.05,"2 18","563 582",16,"75.00%","75.00%","Ahyacinthus12596"
"759","Cluster_1356","3prime_UTR::chr7:28510841-28511841(+)",143,-22.67,"2 12","715 736",10,"80.00%","90.00%","Ahyacinthus12840"
"760","Cluster_1356","3prime_UTR::chr7:28637238-28638238(-)",148,-21.39,"2 20","608 629",19,"73.68%","73.68%","Ahyacinthus12857"
"761","Cluster_1356","3prime_UTR::chr8:10157070-10158070(-)",154,-20.78,"2 20","732 755",20,"65.00%","80.00%","Ahyacinthus13730"
"762","Cluster_1356","3prime_UTR::chr8:1034377-1035377(-)",159,-27.78,"2 21","376 398",20,"75.00%","75.00%","Ahyacinthus13100"
"763","Cluster_1356","3prime_UTR::chr8:1034377-1035377(-)",159,-27.78,"2 21","571 593",20,"75.00%","75.00%","Ahyacinthus13100"
"764","Cluster_1356","3prime_UTR::chr8:11592461-11593461(-)",156,-21.82,"2 21","474 495",19,"68.42%","73.68%","Ahyacinthus13810"
"765","Cluster_1356","3prime_UTR::chr8:12120790-12121790(+)",152,-21.72,"2 21","961 979",19,"73.68%","73.68%","Ahyacinthus13843"
"766","Cluster_1356","3prime_UTR::chr8:16250675-16251675(+)",146,-27.59,"2 20","553 571",18,"72.22%","77.78%","Ahyacinthus14044"
"767","Cluster_1356","3prime_UTR::chr8:17010778-17011778(+)",148,-22.07,"2 21","804 822",19,"63.16%","78.95%","Ahyacinthus14087"
"768","Cluster_1356","3prime_UTR::chr8:18482968-18483968(+)",154,-22.14,"2 21","892 912",19,"68.42%","78.95%","Ahyacinthus14159"
"769","Cluster_1356","3prime_UTR::chr8:18483847-18484847(-)",140,-20.41,"2 9","972 993",7,"100.00%","100.00%","Ahyacinthus14160"
"770","Cluster_1356","3prime_UTR::chr8:21687853-21688853(+)",143,-23.81,"2 12","799 820",10,"80.00%","90.00%","Ahyacinthus14329"
"771","Cluster_1356","3prime_UTR::chr8:4257977-4258977(+)",141,-21.43,"2 19","937 963",22,"59.09%","68.18%","Ahyacinthus13335"
"772","Cluster_1356","3prime_UTR::chr8:8488788-8489788(+)",146,-24.5,"2 20","900 924",21,"66.67%","66.67%","Ahyacinthus13591"
"773","Cluster_1356","3prime_UTR::chr9:13010236-13011236(-)",157,-27.23,"2 16","89 109",14,"85.71%","92.86%","Ahyacinthus15651"
"774","Cluster_1356","3prime_UTR::chr9:14760766-14761766(+)",150,-22.33,"2 11","184 205",9,"100.00%","100.00%","Ahyacinthus15760"
"775","Cluster_1356","3prime_UTR::chr9:15945945-15946945(-)",149,-20.88,"2 14","209 230",12,"83.33%","83.33%","Ahyacinthus15860"
"776","Cluster_1356","3prime_UTR::chr9:1696890-1697890(+)",155,-27.26,"2 21","90 108",19,"73.68%","84.21%","Ahyacinthus14915"
"777","Cluster_1356","3prime_UTR::chr9:18180635-18181635(+)",147,-23.44,"2 21","119 141",20,"65.00%","70.00%","Ahyacinthus16030"
"778","Cluster_1356","3prime_UTR::chr9:20542006-20543006(+)",149,-21.65,"2 16","631 651",14,"78.57%","85.71%","Ahyacinthus16209"
"779","Cluster_1356","3prime_UTR::chr9:21832277-21833277(+)",148,-20.27,"2 21","85 104",19,"68.42%","78.95%","Ahyacinthus16277"
"780","Cluster_1356","3prime_UTR::chr9:2375367-2376367(+)",159,-28.4,"2 21","749 772",21,"71.43%","76.19%","Ahyacinthus14982"
"781","Cluster_1356","3prime_UTR::chr9:23755681-23756681(+)",157,-26.06,"2 16","254 274",14,"85.71%","92.86%","Ahyacinthus16405"
"782","Cluster_1356","3prime_UTR::chr9:25948853-25949853(-)",153,-22.82,"2 16","453 477",17,"82.35%","82.35%","Ahyacinthus16548"
"783","Cluster_1356","3prime_UTR::chr9:27682361-27683361(+)",147,-20.7,"2 12","978 999",10,"90.00%","90.00%","Ahyacinthus16693"
"784","Cluster_1356","3prime_UTR::chr9:28196116-28197116(-)",153,-20.63,"2 18","884 905",16,"75.00%","75.00%","Ahyacinthus16728"
"785","Cluster_1356","3prime_UTR::chr9:4679800-4680800(+)",155,-20.09,"2 19","707 726",17,"76.47%","82.35%","Ahyacinthus15130"
"786","Cluster_1356","3prime_UTR::chr9:4734846-4735846(-)",149,-20.69,"2 16","866 886",14,"78.57%","85.71%","Ahyacinthus15135"
"787","Cluster_1356","3prime_UTR::sc010:455750-456750(-)",141,-24.01,"2 20","488 517",26,"61.54%","65.38%","Ahyacinthus24763"
"788","Cluster_1356","3prime_UTR::sc011:205829-206518(+)",149,-21.58,"2 18","501 522",16,"68.75%","75.00%","Ahyacinthus24793"
"789","Cluster_1356","3prime_UTR::sc011:205829-206829(+)",149,-21.58,"2 18","501 522",16,"68.75%","75.00%","Ahyacinthus24794"
"790","Cluster_1356","3prime_UTR::sc011:427057-428057(+)",149,-21.58,"2 18","187 208",16,"68.75%","75.00%","Ahyacinthus24801"
"791","Cluster_1356","3prime_UTR::sc018:243175-244175(-)",149,-21.58,"2 18","187 208",16,"68.75%","75.00%","Ahyacinthus24891"
"792","Cluster_1356","3prime_UTR::sc030:151847-152847(-)",147,-20.76,"2 17","387 411",18,"72.22%","72.22%","Ahyacinthus25100"
"793","Cluster_1356","3prime_UTR::sc037:90367-91367(-)",161,-23.39,"2 18","581 602",16,"81.25%","81.25%","Ahyacinthus25207"
"794","Cluster_1356","3prime_UTR::sc051:51686-52295(+)",161,-23.33,"2 21","160 179",19,"73.68%","84.21%","Ahyacinthus25349"
"795","Cluster_1356","3prime_UTR::sc100:109337-110337(-)",155,-24.92,"2 21","678 701",21,"66.67%","76.19%","Ahyacinthus25886"
"796","Cluster_1356","3prime_UTR::sc148:49875-50875(-)",144,-20.1,"2 20","941 965",21,"71.43%","71.43%","Ahyacinthus26177"
"797","Cluster_1356","3prime_UTR::sc154:61373-62373(-)",141,-24.01,"2 20","556 585",26,"61.54%","65.38%","Ahyacinthus26195"
"798","Cluster_1356","3prime_UTR::sc174:72161-73161(-)",143,-23.81,"2 12","117 138",10,"80.00%","90.00%","Ahyacinthus26294"
"799","Cluster_1356","3prime_UTR::sc709:1853-2853(+)",152,-21.75,"2 21","668 689",19,"63.16%","73.68%","Ahyacinthus27084"
"800","Cluster_13735","3prime_UTR::chr10:10102573-10103573(-)",174,-22.29,"2 19","303 324",17,"82.35%","94.12%","Ahyacinthus17358"
"801","Cluster_13735","3prime_UTR::chr10:12818211-12819211(-)",162,-20.46,"2 16","791 813",15,"86.67%","93.33%","Ahyacinthus17566"
"802","Cluster_13735","3prime_UTR::chr10:15234439-15235439(-)",151,-20.54,"2 18","544 564",16,"75.00%","81.25%","Ahyacinthus17774"
"803","Cluster_13735","3prime_UTR::chr10:19845981-19846981(+)",150,-20.23,"2 21","645 665",19,"68.42%","73.68%","Ahyacinthus18030"
"804","Cluster_13735","3prime_UTR::chr10:6744795-6745795(-)",153,-20.66,"2 16","292 312",14,"85.71%","85.71%","Ahyacinthus17150"
"805","Cluster_13735","3prime_UTR::chr10:7142073-7143073(+)",144,-20.07,"2 21","912 930",19,"68.42%","68.42%","Ahyacinthus17165"
"806","Cluster_13735","3prime_UTR::chr10:8210343-8211343(+)",170,-20.01,"2 21","944 964",19,"84.21%","84.21%","Ahyacinthus17217"
"807","Cluster_13735","3prime_UTR::chr11:11004287-11005287(-)",167,-25.28,"2 21","583 606",21,"71.43%","85.71%","Ahyacinthus19107"
"808","Cluster_13735","3prime_UTR::chr11:11013886-11014886(+)",143,-21.29,"2 21","689 706",19,"68.42%","68.42%","Ahyacinthus19108"
"809","Cluster_13735","3prime_UTR::chr11:15965848-15966848(+)",162,-23.5,"2 21","284 304",19,"73.68%","84.21%","Ahyacinthus19432"
"810","Cluster_13735","3prime_UTR::chr11:16971206-16972206(-)",150,-22.41,"2 21","288 315",25,"64.00%","72.00%","Ahyacinthus19494"
"811","Cluster_13735","3prime_UTR::chr11:18812386-18813156(-)",151,-20.75,"2 18","225 245",16,"75.00%","81.25%","Ahyacinthus19610"
"812","Cluster_13735","3prime_UTR::chr11:18881159-18882159(-)",168,-21.74,"2 21","233 254",19,"73.68%","84.21%","Ahyacinthus19611"
"813","Cluster_13735","3prime_UTR::chr11:20875720-20876720(+)",161,-20.99,"2 21","255 274",19,"73.68%","84.21%","Ahyacinthus19758"
"814","Cluster_13735","3prime_UTR::chr11:3137746-3138746(-)",152,-21.01,"2 20","678 699",19,"73.68%","78.95%","Ahyacinthus18519"
"815","Cluster_13735","3prime_UTR::chr11:3551474-3552474(-)",159,-22.4,"2 21","638 663",23,"69.57%","73.91%","Ahyacinthus18558"
"816","Cluster_13735","3prime_UTR::chr11:5838121-5839121(-)",146,-20.79,"2 21","834 851",19,"73.68%","73.68%","Ahyacinthus18728"
"817","Cluster_13735","3prime_UTR::chr11:8081376-8082376(+)",148,-20.35,"2 19","433 453",17,"70.59%","76.47%","Ahyacinthus18883"
"818","Cluster_13735","3prime_UTR::chr11:9201908-9202908(-)",150,-21.31,"2 11","13 34",9,"100.00%","100.00%","Ahyacinthus18966"
"819","Cluster_13735","3prime_UTR::chr12:10476113-10477113(-)",147,-24.42,"2 21","831 853",20,"65.00%","70.00%","Ahyacinthus20856"
"820","Cluster_13735","3prime_UTR::chr12:11423388-11424388(+)",150,-23.82,"2 21","167 190",21,"66.67%","76.19%","Ahyacinthus20959"
"821","Cluster_13735","3prime_UTR::chr12:13626014-13626607(-)",156,-20.65,"2 19","552 572",17,"70.59%","88.24%","Ahyacinthus21151"
"822","Cluster_13735","3prime_UTR::chr12:2412988-2413988(-)",155,-21.53,"2 18","767 787",16,"75.00%","87.50%","Ahyacinthus20208"
"823","Cluster_13735","3prime_UTR::chr12:4794678-4795678(-)",161,-20.63,"2 21","943 965",21,"76.19%","80.95%","Ahyacinthus20382"
"824","Cluster_13735","3prime_UTR::chr12:7901767-7902767(+)",152,-22.35,"2 18","780 802",17,"70.59%","82.35%","Ahyacinthus20619"
"825","Cluster_13735","3prime_UTR::chr13:13745184-13745972(+)",148,-20.76,"2 14","391 413",13,"84.62%","84.62%","Ahyacinthus22671"
"826","Cluster_13735","3prime_UTR::chr13:14894601-14895601(-)",159,-23.25,"2 21","289 313",22,"68.18%","77.27%","Ahyacinthus22783"
"827","Cluster_13735","3prime_UTR::chr13:1595608-1595776(+)",161,-20.68,"2 20","119 143",21,"76.19%","80.95%","Ahyacinthus21888"
"828","Cluster_13735","3prime_UTR::chr13:1595608-1595776(+)",161,-20.68,"2 20","119 143",21,"76.19%","80.95%","Ahyacinthus21889"
"831","Cluster_13735","3prime_UTR::chr13:1698435-1699435(+)",154,-20.34,"2 21","679 699",19,"68.42%","78.95%","Ahyacinthus21903"
"832","Cluster_13735","3prime_UTR::chr13:17817896-17818896(+)",159,-20.8,"2 19","25 46",18,"77.78%","88.89%","Ahyacinthus22935"
"833","Cluster_13735","3prime_UTR::chr13:2764109-2765109(-)",150,-20.84,"2 21","462 482",19,"68.42%","73.68%","Ahyacinthus21986"
"834","Cluster_13735","3prime_UTR::chr13:466477-467477(+)",163,-21.89,"2 21","612 634",20,"75.00%","80.00%","Ahyacinthus21799"
"835","Cluster_13735","3prime_UTR::chr13:4747888-4748888(-)",162,-25.86,"2 21","393 413",19,"78.95%","78.95%","Ahyacinthus22055"
"836","Cluster_13735","3prime_UTR::chr13:6377560-6378560(-)",169,-21.2,"2 19","496 519",19,"78.95%","89.47%","Ahyacinthus22146"
"837","Cluster_13735","3prime_UTR::chr14:10944037-10945037(+)",140,-20.26,"2 9","812 833",7,"100.00%","100.00%","Ahyacinthus23835"
"838","Cluster_13735","3prime_UTR::chr14:11077567-11078567(+)",163,-21.89,"2 21","603 625",20,"75.00%","80.00%","Ahyacinthus23853"
"839","Cluster_13735","3prime_UTR::chr14:1259458-1260458(-)",157,-22.6,"2 21","540 561",20,"75.00%","80.00%","Ahyacinthus23273"
"840","Cluster_13735","3prime_UTR::chr14:17979816-17980816(+)",157,-22.04,"2 20","408 428",18,"77.78%","77.78%","Ahyacinthus24157"
"841","Cluster_13735","3prime_UTR::chr14:20555989-20556989(+)",151,-20.18,"2 12","823 844",10,"90.00%","100.00%","Ahyacinthus24299"
"842","Cluster_13735","3prime_UTR::chr14:251482-252482(-)",147,-21.04,"2 16","649 670",14,"71.43%","78.57%","Ahyacinthus23182"
"843","Cluster_13735","3prime_UTR::chr14:3177547-3178318(+)",156,-22.13,"2 13","63 84",11,"90.91%","100.00%","Ahyacinthus23404"
"844","Cluster_13735","3prime_UTR::chr14:4626239-4626423(-)",167,-28.38,"2 21","131 154",21,"76.19%","80.95%","Ahyacinthus23496"
"845","Cluster_13735","3prime_UTR::chr14:5098734-5099734(-)",157,-20.53,"2 15","109 131",14,"85.71%","92.86%","Ahyacinthus23532"
"846","Cluster_13735","3prime_UTR::chr14:5186612-5187612(+)",145,-20.26,"2 15","783 809",18,"72.22%","72.22%","Ahyacinthus23538"
"847","Cluster_13735","3prime_UTR::chr14:5640223-5641223(-)",170,-26.8,"2 21","370 396",24,"79.17%","79.17%","Ahyacinthus23560"
"848","Cluster_13735","3prime_UTR::chr14:630922-631922(-)",148,-20.19,"2 21","104 123",19,"73.68%","73.68%","Ahyacinthus23218"
"849","Cluster_13735","3prime_UTR::chr14:9884866-9885866(+)",159,-20.11,"2 18","919 939",16,"81.25%","87.50%","Ahyacinthus23752"
"850","Cluster_13735","3prime_UTR::chr1:1259316-1260316(-)",154,-21.21,"2 16","957 979",15,"80.00%","86.67%","Ahyacinthus00077"
"851","Cluster_13735","3prime_UTR::chr1:14510221-14511221(+)",166,-26.56,"2 21","231 256",23,"78.26%","78.26%","Ahyacinthus00755"
"852","Cluster_13735","3prime_UTR::chr1:17953324-17954324(+)",158,-20.29,"2 19","592 613",17,"70.59%","82.35%","Ahyacinthus00830"
"853","Cluster_13735","3prime_UTR::chr1:18073724-18074724(+)",152,-22.08,"2 21","196 214",19,"73.68%","73.68%","Ahyacinthus00837"
"854","Cluster_13735","3prime_UTR::chr1:19085618-19086618(-)",168,-20.94,"2 21","11 32",19,"73.68%","84.21%","Ahyacinthus00853"
"855","Cluster_13735","3prime_UTR::chr1:20472460-20473460(+)",159,-23.82,"2 20","503 526",21,"80.95%","80.95%","Ahyacinthus00908"
"856","Cluster_13735","3prime_UTR::chr1:23895992-23896992(+)",149,-20.22,"2 21","585 609",23,"69.57%","69.57%","Ahyacinthus01042"
"857","Cluster_13735","3prime_UTR::chr1:28322365-28323365(+)",170,-21.41,"2 19","99 120",17,"76.47%","94.12%","Ahyacinthus01178"
"858","Cluster_13735","3prime_UTR::chr1:31112645-31113645(+)",151,-21.37,"2 18","570 590",16,"75.00%","81.25%","Ahyacinthus01394"
"859","Cluster_13735","3prime_UTR::chr1:32803858-32804858(-)",161,-20.75,"2 18","633 654",16,"75.00%","87.50%","Ahyacinthus01560"
"860","Cluster_13735","3prime_UTR::chr1:33243504-33243996(-)",166,-20.76,"2 20","224 246",19,"73.68%","89.47%","Ahyacinthus01597"
"861","Cluster_13735","3prime_UTR::chr1:4617205-4618205(+)",146,-20.82,"2 21","200 220",19,"63.16%","73.68%","Ahyacinthus00296"
"862","Cluster_13735","3prime_UTR::chr1:4903987-4904987(-)",172,-23.3,"2 21","161 182",19,"73.68%","89.47%","Ahyacinthus00320"
"863","Cluster_13735","3prime_UTR::chr1:5315499-5316499(-)",159,-20.85,"2 18","740 760",16,"81.25%","87.50%","Ahyacinthus00351"
"864","Cluster_13735","3prime_UTR::chr1:6743149-6744149(-)",154,-21.32,"2 21","365 385",19,"73.68%","73.68%","Ahyacinthus00433"
"865","Cluster_13735","3prime_UTR::chr2:13885511-13886511(+)",156,-21.54,"2 18","947 970",18,"77.78%","77.78%","Ahyacinthus02884"
"866","Cluster_13735","3prime_UTR::chr2:14038864-14039864(+)",159,-26.68,"2 21","85 109",22,"68.18%","77.27%","Ahyacinthus02898"
"867","Cluster_13735","3prime_UTR::chr2:15520118-15521118(-)",162,-21.94,"2 18","682 701",16,"87.50%","87.50%","Ahyacinthus02995"
"868","Cluster_13735","3prime_UTR::chr2:15610306-15611306(+)",149,-21.17,"2 21","738 759",20,"70.00%","75.00%","Ahyacinthus03001"
"869","Cluster_13735","3prime_UTR::chr2:1991110-1992110(+)",157,-20.25,"2 18","534 555",16,"75.00%","81.25%","Ahyacinthus01910"
"870","Cluster_13735","3prime_UTR::chr2:1991110-1992110(+)",159,-20.31,"2 20","594 615",18,"72.22%","77.78%","Ahyacinthus01910"
"871","Cluster_13735","3prime_UTR::chr2:1991110-1992110(+)",159,-20.31,"2 20","654 675",18,"72.22%","77.78%","Ahyacinthus01910"
"872","Cluster_13735","3prime_UTR::chr2:2532772-2533772(+)",151,-21.93,"2 19","417 442",21,"76.19%","76.19%","Ahyacinthus01962"
"873","Cluster_13735","3prime_UTR::chr2:6588198-6589198(+)",169,-21.72,"2 20","827 847",18,"83.33%","88.89%","Ahyacinthus02316"
"874","Cluster_13735","3prime_UTR::chr2:7064534-7065534(-)",154,-23.15,"2 20","899 920",20,"80.00%","80.00%","Ahyacinthus02353"
"875","Cluster_13735","3prime_UTR::chr2:8249516-8250516(-)",164,-21.3,"2 21","435 456",19,"73.68%","78.95%","Ahyacinthus02444"
"876","Cluster_13735","3prime_UTR::chr2:8483782-8484782(+)",170,-21.28,"2 19","7 28",17,"82.35%","88.24%","Ahyacinthus02458"
"877","Cluster_13735","3prime_UTR::chr3:10918950-10919950(-)",156,-20.4,"2 21","851 875",23,"73.91%","78.26%","Ahyacinthus04099"
"878","Cluster_13735","3prime_UTR::chr3:1160237-1160924(-)",152,-20.42,"2 21","208 229",19,"68.42%","68.42%","Ahyacinthus03440"
"879","Cluster_13735","3prime_UTR::chr3:13882708-13883708(-)",140,-20.26,"2 9","811 832",7,"100.00%","100.00%","Ahyacinthus04242"
"880","Cluster_13735","3prime_UTR::chr3:17984221-17985221(-)",161,-22.46,"2 21","73 99",24,"75.00%","79.17%","Ahyacinthus04542"
"881","Cluster_13735","3prime_UTR::chr3:18036856-18037856(-)",149,-21.39,"2 21","835 862",25,"68.00%","72.00%","Ahyacinthus04547"
"882","Cluster_13735","3prime_UTR::chr3:19185341-19186341(+)",158,-21.07,"2 16","703 725",15,"86.67%","86.67%","Ahyacinthus04642"
"883","Cluster_13735","3prime_UTR::chr3:20805801-20806801(+)",162,-23.66,"2 21","484 504",19,"73.68%","84.21%","Ahyacinthus04757"
"884","Cluster_13735","3prime_UTR::chr3:25855003-25856003(-)",170,-22.67,"2 21","188 208",19,"78.95%","89.47%","Ahyacinthus05138"
"885","Cluster_13735","3prime_UTR::chr3:3731384-3732384(-)",162,-22.15,"2 21","661 684",21,"71.43%","85.71%","Ahyacinthus03620"
"886","Cluster_13735","3prime_UTR::chr3:8824464-8825464(-)",148,-22.65,"2 21","599 619",20,"70.00%","75.00%","Ahyacinthus03952"
"887","Cluster_13735","3prime_UTR::chr4:11205127-11206127(-)",152,-23.38,"2 21","859 878",19,"73.68%","78.95%","Ahyacinthus06000"
"888","Cluster_13735","3prime_UTR::chr4:11265953-11266953(+)",162,-22.21,"2 19","327 348",17,"70.59%","88.24%","Ahyacinthus06003"
"889","Cluster_13735","3prime_UTR::chr4:14693943-14694943(-)",140,-20.26,"2 9","811 832",7,"100.00%","100.00%","Ahyacinthus06176"
"890","Cluster_13735","3prime_UTR::chr4:15626125-15626648(-)",170,-23.71,"2 19","1 22",17,"82.35%","88.24%","Ahyacinthus06235"
"891","Cluster_13735","3prime_UTR::chr4:18016188-18017188(+)",161,-21.69,"2 20","567 587",18,"72.22%","88.89%","Ahyacinthus06361"
"892","Cluster_13735","3prime_UTR::chr4:18042280-18043280(+)",156,-21.54,"2 15","471 491",13,"92.31%","92.31%","Ahyacinthus06364"
"893","Cluster_13735","3prime_UTR::chr4:19970039-19971039(+)",153,-22.25,"2 21","741 760",19,"68.42%","78.95%","Ahyacinthus06493"
"894","Cluster_13735","3prime_UTR::chr4:2271602-2272602(-)",142,-23.52,"2 21","633 660",25,"60.00%","68.00%","Ahyacinthus05355"
"895","Cluster_13735","3prime_UTR::chr4:23737923-23738923(+)",163,-21.89,"2 21","606 628",20,"75.00%","80.00%","Ahyacinthus06728"
"896","Cluster_13735","3prime_UTR::chr4:24775447-24776447(+)",158,-20.17,"2 19","196 217",17,"76.47%","76.47%","Ahyacinthus06788"
"897","Cluster_13735","3prime_UTR::chr4:26332586-26333586(-)",156,-22.51,"2 19","663 683",17,"76.47%","82.35%","Ahyacinthus06934"
"898","Cluster_13735","3prime_UTR::chr4:3234910-3235896(-)",169,-21.37,"2 18","178 199",16,"81.25%","93.75%","Ahyacinthus05430"
"899","Cluster_13735","3prime_UTR::chr4:6352931-6353931(-)",148,-21.37,"2 14","452 476",15,"80.00%","80.00%","Ahyacinthus05670"
"900","Cluster_13735","3prime_UTR::chr4:9683077-9684077(-)",180,-25.95,"2 21","247 268",19,"84.21%","89.47%","Ahyacinthus05905"
"901","Cluster_13735","3prime_UTR::chr5:12158122-12159122(-)",166,-22.82,"2 19","820 841",17,"76.47%","88.24%","Ahyacinthus07465"
"902","Cluster_13735","3prime_UTR::chr5:1430301-1431301(-)",159,-21.15,"2 16","606 627",14,"85.71%","85.71%","Ahyacinthus07003"
"903","Cluster_13735","3prime_UTR::chr5:14476065-14477065(+)",160,-26.26,"2 21","581 600",19,"73.68%","89.47%","Ahyacinthus07554"
"904","Cluster_13735","3prime_UTR::chr5:1452565-1453565(-)",169,-21.2,"2 19","296 319",19,"78.95%","89.47%","Ahyacinthus07006"
"905","Cluster_13735","3prime_UTR::chr5:16580192-16581192(+)",151,-21.01,"2 20","89 111",20,"75.00%","80.00%","Ahyacinthus07631"
"906","Cluster_13735","3prime_UTR::chr5:17442035-17443035(-)",143,-20.32,"2 21","101 119",19,"68.42%","73.68%","Ahyacinthus07666"
"907","Cluster_13735","3prime_UTR::chr5:19841538-19842538(-)",151,-26.56,"2 21","551 571",20,"75.00%","80.00%","Ahyacinthus07777"
"908","Cluster_13735","3prime_UTR::chr5:20512025-20513025(-)",153,-22,"2 20","818 838",18,"66.67%","83.33%","Ahyacinthus07817"
"909","Cluster_13735","3prime_UTR::chr5:27399315-27400315(+)",146,-21.19,"2 21","78 98",19,"63.16%","73.68%","Ahyacinthus08135"
"910","Cluster_13735","3prime_UTR::chr5:27467007-27468007(+)",155,-21.23,"2 18","762 788",21,"76.19%","76.19%","Ahyacinthus08142"
"911","Cluster_13735","3prime_UTR::chr5:29324840-29325840(-)",159,-23.18,"2 21","123 147",22,"68.18%","77.27%","Ahyacinthus08319"
"912","Cluster_13735","3prime_UTR::chr5:30074501-30075501(-)",144,-20.53,"2 21","754 777",22,"68.18%","72.73%","Ahyacinthus08375"
"913","Cluster_13735","3prime_UTR::chr5:31755229-31756229(-)",163,-23.1,"2 21","352 374",20,"75.00%","80.00%","Ahyacinthus08506"
"914","Cluster_13735","3prime_UTR::chr5:3586629-3587629(-)",162,-20.5,"2 21","470 490",19,"78.95%","78.95%","Ahyacinthus07075"
"915","Cluster_13735","3prime_UTR::chr5:521309-522309(-)",142,-21.15,"2 21","317 341",22,"63.64%","68.18%","Ahyacinthus06981"
"916","Cluster_13735","3prime_UTR::chr5:5611103-5612103(+)",146,-21.3,"2 21","348 368",19,"68.42%","68.42%","Ahyacinthus07146"
"917","Cluster_13735","3prime_UTR::chr5:8779743-8780743(-)",161,-20.68,"2 20","969 993",21,"76.19%","80.95%","Ahyacinthus07289"
"918","Cluster_13735","3prime_UTR::chr6:11090346-11091346(+)",142,-21.25,"2 21","839 864",23,"65.22%","65.22%","Ahyacinthus09374"
"919","Cluster_13735","3prime_UTR::chr6:12274545-12275545(+)",147,-20.97,"2 16","487 508",14,"71.43%","78.57%","Ahyacinthus09465"
"920","Cluster_13735","3prime_UTR::chr6:14795834-14796834(-)",155,-20.41,"2 16","556 577",14,"78.57%","85.71%","Ahyacinthus09607"
"921","Cluster_13735","3prime_UTR::chr6:1662746-1663746(-)",151,-21.95,"2 18","645 665",16,"75.00%","81.25%","Ahyacinthus08764"
"922","Cluster_13735","3prime_UTR::chr6:1852907-1853907(+)",147,-20.11,"2 18","1 19",16,"68.75%","81.25%","Ahyacinthus08781"
"923","Cluster_13735","3prime_UTR::chr6:22246345-22247345(+)",149,-20.1,"2 18","153 173",17,"76.47%","82.35%","Ahyacinthus10101"
"924","Cluster_13735","3prime_UTR::chr6:23005390-23006390(-)",176,-24.83,"2 21","744 765",19,"78.95%","89.47%","Ahyacinthus10164"
"925","Cluster_13735","3prime_UTR::chr6:2313284-2314284(-)",170,-23.42,"2 21","299 319",19,"78.95%","89.47%","Ahyacinthus08826"
"926","Cluster_13735","3prime_UTR::chr6:27581828-27582772(-)",154,-21.6,"2 21","788 811",21,"71.43%","76.19%","Ahyacinthus10547"
"927","Cluster_13735","3prime_UTR::chr6:9076593-9077270(-)",170,-20.77,"2 21","24 44",19,"84.21%","84.21%","Ahyacinthus09248"
"928","Cluster_13735","3prime_UTR::chr7:10947985-10948985(-)",155,-20.41,"2 16","555 576",14,"78.57%","85.71%","Ahyacinthus11681"
"929","Cluster_13735","3prime_UTR::chr7:11002704-11003704(-)",151,-20.23,"2 18","396 420",19,"73.68%","78.95%","Ahyacinthus11684"
"930","Cluster_13735","3prime_UTR::chr7:11087530-11088530(+)",162,-24.82,"2 21","801 821",19,"73.68%","84.21%","Ahyacinthus11689"
"931","Cluster_13735","3prime_UTR::chr7:13321838-13322749(-)",150,-21.46,"2 16","511 533",15,"80.00%","80.00%","Ahyacinthus11779"
"932","Cluster_13735","3prime_UTR::chr7:13989316-13990316(-)",154,-21.61,"2 19","898 919",17,"70.59%","76.47%","Ahyacinthus11815"
"933","Cluster_13735","3prime_UTR::chr7:14921312-14922312(-)",153,-21.1,"2 19","579 601",18,"72.22%","77.78%","Ahyacinthus11871"
"934","Cluster_13735","3prime_UTR::chr7:14921312-14922312(-)",153,-21.1,"2 19","922 944",18,"72.22%","77.78%","Ahyacinthus11871"
"935","Cluster_13735","3prime_UTR::chr7:15560536-15561536(+)",163,-20.04,"2 17","671 695",18,"83.33%","83.33%","Ahyacinthus11911"
"936","Cluster_13735","3prime_UTR::chr7:21009853-21010853(+)",151,-22.04,"2 19","79 101",19,"68.42%","84.21%","Ahyacinthus12310"
"937","Cluster_13735","3prime_UTR::chr7:21308488-21309488(+)",160,-21.09,"2 18","851 873",17,"82.35%","82.35%","Ahyacinthus12335"
"938","Cluster_13735","3prime_UTR::chr7:21345690-21346690(+)",160,-21.09,"2 18","187 209",17,"82.35%","82.35%","Ahyacinthus12338"
"939","Cluster_13735","3prime_UTR::chr7:24915809-24916809(+)",155,-20.28,"2 21","150 173",21,"66.67%","76.19%","Ahyacinthus12591"
"940","Cluster_13735","3prime_UTR::chr7:27115983-27116983(+)",154,-20.32,"2 21","786 809",21,"71.43%","76.19%","Ahyacinthus12745"
"941","Cluster_13735","3prime_UTR::chr7:28154410-28155410(+)",154,-21.83,"2 20","105 127",19,"73.68%","73.68%","Ahyacinthus12820"
"942","Cluster_13735","3prime_UTR::chr7:299558-300558(-)",155,-21.07,"2 21","323 349",24,"62.50%","75.00%","Ahyacinthus10920"
"943","Cluster_13735","3prime_UTR::chr7:30596781-30597781(+)",164,-20.19,"2 21","319 340",19,"73.68%","78.95%","Ahyacinthus13020"
"944","Cluster_13735","3prime_UTR::chr7:7214537-7215537(-)",167,-23.22,"2 21","513 535",20,"80.00%","80.00%","Ahyacinthus11469"
"945","Cluster_13735","3prime_UTR::chr7:7788581-7789581(+)",166,-24.94,"2 16","835 857",15,"93.33%","93.33%","Ahyacinthus11503"
"946","Cluster_13735","3prime_UTR::chr8:13221659-13222659(-)",161,-23.78,"2 18","762 783",16,"81.25%","81.25%","Ahyacinthus13901"
"947","Cluster_13735","3prime_UTR::chr8:15714138-15714936(+)",147,-20.99,"2 21","35 57",20,"60.00%","75.00%","Ahyacinthus14013"
"948","Cluster_13735","3prime_UTR::chr8:19457387-19458387(-)",152,-20.39,"2 19","573 593",17,"76.47%","76.47%","Ahyacinthus14205"
"949","Cluster_13735","3prime_UTR::chr8:21124259-21125259(+)",154,-27.71,"2 20","88 113",22,"68.18%","72.73%","Ahyacinthus14293"
"950","Cluster_13735","3prime_UTR::chr8:22361307-22362307(+)",164,-23.3,"2 18","961 983",17,"82.35%","88.24%","Ahyacinthus14377"
"951","Cluster_13735","3prime_UTR::chr8:23745369-23746369(+)",155,-21.92,"2 21","979 997",19,"78.95%","78.95%","Ahyacinthus14480"
"952","Cluster_13735","3prime_UTR::chr8:24184903-24185903(-)",165,-24.68,"2 14","882 903",12,"100.00%","100.00%","Ahyacinthus14512"
"953","Cluster_13735","3prime_UTR::chr8:27902364-27903364(+)",145,-21.34,"2 16","925 945",14,"78.57%","78.57%","Ahyacinthus14704"
"954","Cluster_13735","3prime_UTR::chr8:9734792-9735792(+)",167,-21.67,"2 21","903 926",21,"76.19%","80.95%","Ahyacinthus13699"
"955","Cluster_13735","3prime_UTR::chr8:9922906-9923906(-)",155,-23.48,"2 12","507 528",10,"100.00%","100.00%","Ahyacinthus13711"
"956","Cluster_13735","3prime_UTR::chr9:1061882-1062882(+)",152,-22.19,"2 19","695 721",22,"72.73%","72.73%","Ahyacinthus14867"
"957","Cluster_13735","3prime_UTR::chr9:10939430-10940430(-)",153,-23.54,"2 21","282 307",23,"69.57%","78.26%","Ahyacinthus15538"
"958","Cluster_13735","3prime_UTR::chr9:13668282-13669282(+)",162,-21.26,"2 19","151 172",17,"76.47%","82.35%","Ahyacinthus15690"
"959","Cluster_13735","3prime_UTR::chr9:1657486-1658486(+)",157,-20.63,"2 21","268 292",22,"77.27%","77.27%","Ahyacinthus14913"
"960","Cluster_13735","3prime_UTR::chr9:16612400-16613400(+)",142,-21.22,"2 18","755 774",16,"68.75%","75.00%","Ahyacinthus15889"
"961","Cluster_13735","3prime_UTR::chr9:16759838-16760838(-)",167,-21.17,"2 20","668 689",18,"77.78%","83.33%","Ahyacinthus15901"
"962","Cluster_13735","3prime_UTR::chr9:18480676-18481676(-)",157,-24.71,"2 19","411 433",18,"72.22%","83.33%","Ahyacinthus16061"
"963","Cluster_13735","3prime_UTR::chr9:23709922-23710922(-)",152,-20.78,"2 19","952 976",20,"70.00%","80.00%","Ahyacinthus16400"
"964","Cluster_13735","3prime_UTR::chr9:24076028-24077028(+)",144,-20.26,"2 15","25 45",13,"76.92%","84.62%","Ahyacinthus16429"
"965","Cluster_13735","3prime_UTR::chr9:25610412-25611412(-)",174,-22.78,"2 19","821 842",17,"82.35%","94.12%","Ahyacinthus16521"
"966","Cluster_13735","3prime_UTR::chr9:27385729-27386729(-)",157,-24.46,"2 20","39 62",20,"75.00%","80.00%","Ahyacinthus16669"
"967","Cluster_13735","3prime_UTR::chr9:28496815-28497815(-)",169,-26,"2 19","977 999",18,"77.78%","94.44%","Ahyacinthus16764"
"968","Cluster_13735","3prime_UTR::chr9:9151811-9152811(-)",151,-20.79,"2 17","350 372",16,"68.75%","87.50%","Ahyacinthus15442"
"969","Cluster_13735","3prime_UTR::chr9:9975268-9976268(+)",173,-21.12,"2 19","567 589",18,"88.89%","88.89%","Ahyacinthus15493"
"970","Cluster_13735","3prime_UTR::sc003:518553-519553(+)",150,-21.39,"2 15","58 79",13,"76.92%","84.62%","Ahyacinthus24586"
"971","Cluster_13735","3prime_UTR::sc026:12948-13790(-)",164,-27.8,"2 21","800 819",19,"84.21%","84.21%","Ahyacinthus25005"
"972","Cluster_13735","3prime_UTR::sc028:186139-187139(+)",147,-20.08,"2 16","367 388",14,"71.43%","78.57%","Ahyacinthus25061"
"973","Cluster_13735","3prime_UTR::sc123:53988-54824(+)",148,-23.98,"2 18","223 248",20,"70.00%","70.00%","Ahyacinthus26047"
"974","Cluster_13735","3prime_UTR::sc214:70188-71188(-)",140,-20.26,"2 9","811 832",7,"100.00%","100.00%","Ahyacinthus26450"
"975","Cluster_13735","3prime_UTR::sc264:30742-31742(+)",161,-20.21,"2 19","529 551",18,"77.78%","83.33%","Ahyacinthus26627"
"976","Cluster_13735","3prime_UTR::sc336:38386-39386(+)",152,-23.38,"2 21","860 879",19,"73.68%","78.95%","Ahyacinthus26784"
"977","Cluster_13735","3prime_UTR::sc338:21161-21296(-)",148,-23.98,"2 18","61 86",20,"70.00%","70.00%","Ahyacinthus26788"
"978","Cluster_13735","3prime_UTR::sc338:21161-21296(-)",148,-23.98,"2 18","61 86",20,"70.00%","70.00%","Ahyacinthus26789"
"981","Cluster_13735","3prime_UTR::sc344:19181-19820(-)",148,-23.98,"2 18","27 52",20,"70.00%","70.00%","Ahyacinthus26796"
"982","Cluster_13735","3prime_UTR::sc420:2810-3810(-)",150,-23.36,"2 20","87 112",22,"68.18%","68.18%","Ahyacinthus26895"
"983","Cluster_13735","3prime_UTR::sc433:15852-16498(-)",148,-23.98,"2 18","30 55",20,"70.00%","70.00%","Ahyacinthus26923"
"984","Cluster_1518","3prime_UTR::chr10:12595752-12596752(-)",167,-23.46,"2 18","975 995",16,"87.50%","93.75%","Ahyacinthus17551"
"985","Cluster_1518","3prime_UTR::chr10:1812477-1813477(+)",150,-21.2,"2 16","611 633",15,"73.33%","86.67%","Ahyacinthus16874"
"986","Cluster_1518","3prime_UTR::chr10:18284060-18285060(-)",158,-21.29,"2 20","77 99",19,"73.68%","78.95%","Ahyacinthus17958"
"987","Cluster_1518","3prime_UTR::chr10:39494-40494(-)",167,-26.34,"2 21","406 428",20,"70.00%","90.00%","Ahyacinthus16778"
"988","Cluster_1518","3prime_UTR::chr10:4583410-4584410(-)",154,-23,"2 21","89 114",23,"69.57%","73.91%","Ahyacinthus17059"
"989","Cluster_1518","3prime_UTR::chr10:8072804-8073804(+)",159,-21.23,"2 16","847 868",14,"78.57%","92.86%","Ahyacinthus17209"
"990","Cluster_1518","3prime_UTR::chr10:8088711-8089711(+)",168,-21.69,"2 21","456 477",19,"68.42%","89.47%","Ahyacinthus17210"
"991","Cluster_1518","3prime_UTR::chr11:12183198-12184198(-)",167,-23.25,"2 21","760 782",20,"80.00%","80.00%","Ahyacinthus19208"
"992","Cluster_1518","3prime_UTR::chr11:13453732-13454732(+)",154,-20.37,"2 17","496 516",15,"80.00%","86.67%","Ahyacinthus19288"
"993","Cluster_1518","3prime_UTR::chr11:16176918-16177918(-)",162,-21.59,"2 20","459 481",19,"73.68%","84.21%","Ahyacinthus19446"
"994","Cluster_1518","3prime_UTR::chr11:1694691-1695691(-)",171,-21.85,"2 20","270 291",18,"77.78%","88.89%","Ahyacinthus18390"
"995","Cluster_1518","3prime_UTR::chr11:17984721-17985721(-)",159,-21.69,"2 21","788 811",21,"66.67%","80.95%","Ahyacinthus19555"
"996","Cluster_1518","3prime_UTR::chr11:18100350-18101350(+)",167,-26.93,"2 21","539 561",20,"75.00%","85.00%","Ahyacinthus19560"
"997","Cluster_1518","3prime_UTR::chr11:19359533-19360533(-)",152,-20.3,"2 13","753 774",11,"90.91%","90.91%","Ahyacinthus19650"
"998","Cluster_1518","3prime_UTR::chr11:4149386-4150386(-)",158,-20.24,"2 20","963 985",19,"63.16%","89.47%","Ahyacinthus18602"
"999","Cluster_1518","3prime_UTR::chr12:11495409-11496409(+)",162,-22.79,"2 19","453 474",17,"76.47%","82.35%","Ahyacinthus20963"
"1000","Cluster_1518","3prime_UTR::chr12:23427676-23428676(+)",154,-21.97,"2 16","332 354",15,"80.00%","86.67%","Ahyacinthus21768"
"1001","Cluster_1518","3prime_UTR::chr12:2393567-2394567(+)",157,-20.51,"2 20","768 791",20,"75.00%","80.00%","Ahyacinthus20205"
"1002","Cluster_1518","3prime_UTR::chr12:4514563-4515563(-)",158,-20.18,"2 20","43 67",21,"71.43%","76.19%","Ahyacinthus20358"
"1003","Cluster_1518","3prime_UTR::chr12:5924491-5925491(-)",162,-21.72,"2 21","1 24",21,"76.19%","80.95%","Ahyacinthus20469"
"1004","Cluster_1518","3prime_UTR::chr12:798025-799025(-)",152,-20.66,"2 15","525 545",13,"84.62%","92.31%","Ahyacinthus20070"
"1005","Cluster_1518","3prime_UTR::chr12:8626900-8627900(-)",167,-20.06,"2 21","733 755",20,"80.00%","80.00%","Ahyacinthus20690"
"1006","Cluster_1518","3prime_UTR::chr13:11886406-11887406(-)",168,-21.03,"2 21","952 973",19,"68.42%","89.47%","Ahyacinthus22511"
"1007","Cluster_1518","3prime_UTR::chr13:1477521-1478521(+)",160,-22.05,"2 18","544 566",17,"82.35%","82.35%","Ahyacinthus21881"
"1008","Cluster_1518","3prime_UTR::chr13:6473094-6474094(+)",168,-21.95,"2 20","464 483",18,"83.33%","88.89%","Ahyacinthus22154"
"1009","Cluster_1518","3prime_UTR::chr13:7787933-7788933(-)",167,-25.41,"2 21","851 873",20,"75.00%","85.00%","Ahyacinthus22214"
"1010","Cluster_1518","3prime_UTR::chr13:7897333-7898333(-)",151,-20.32,"2 16","453 474",14,"78.57%","78.57%","Ahyacinthus22221"
"1011","Cluster_1518","3prime_UTR::chr14:1733046-1734046(-)",148,-22.43,"2 18","169 192",18,"72.22%","72.22%","Ahyacinthus23308"
"1012","Cluster_1518","3prime_UTR::chr14:3688307-3689307(+)",150,-20.82,"2 15","341 362",13,"76.92%","84.62%","Ahyacinthus23430"
"1013","Cluster_1518","3prime_UTR::chr14:3692505-3693505(-)",153,-20.37,"2 15","173 196",15,"80.00%","86.67%","Ahyacinthus23431"
"1014","Cluster_1518","3prime_UTR::chr14:3860571-3861571(-)",158,-22.64,"2 20","274 299",22,"68.18%","77.27%","Ahyacinthus23446"
"1015","Cluster_1518","3prime_UTR::chr14:3884513-3884757(+)",149,-22.34,"2 21","90 117",25,"68.00%","72.00%","Ahyacinthus23449"
"1016","Cluster_1518","3prime_UTR::chr14:8213142-8214142(-)",158,-20.25,"2 21","609 634",23,"73.91%","73.91%","Ahyacinthus23645"
"1017","Cluster_1518","3prime_UTR::chr1:23290167-23291167(-)",159,-21.69,"2 21","946 969",21,"66.67%","80.95%","Ahyacinthus01032"
"1018","Cluster_1518","3prime_UTR::chr1:2712860-2713860(-)",142,-20.72,"2 21","232 248",19,"63.16%","73.68%","Ahyacinthus00152"
"1019","Cluster_1518","3prime_UTR::chr1:28980744-28981744(+)",166,-22.75,"2 21","79 102",21,"76.19%","85.71%","Ahyacinthus01214"
"1020","Cluster_1518","3prime_UTR::chr1:3495008-3496008(-)",146,-20.14,"2 20","441 467",23,"60.87%","69.57%","Ahyacinthus00207"
"1021","Cluster_1518","3prime_UTR::chr2:16762285-16763285(+)",155,-20.67,"2 21","319 337",19,"78.95%","78.95%","Ahyacinthus03063"
"1022","Cluster_1518","3prime_UTR::chr2:213319-214319(-)",159,-23.46,"2 17","30 52",16,"81.25%","87.50%","Ahyacinthus01715"
"1023","Cluster_1518","3prime_UTR::chr2:22804169-22805169(+)",152,-21.58,"2 15","569 589",13,"84.62%","92.31%","Ahyacinthus03333"
"1024","Cluster_1518","3prime_UTR::chr2:23839968-23840968(+)",160,-20.62,"2 18","261 283",17,"82.35%","82.35%","Ahyacinthus03387"
"1025","Cluster_1518","3prime_UTR::chr2:7366989-7367989(+)",176,-23.06,"2 21","911 932",19,"78.95%","89.47%","Ahyacinthus02372"
"1026","Cluster_1518","3prime_UTR::chr3:1084463-1085463(-)",157,-20.58,"2 19","545 567",18,"77.78%","77.78%","Ahyacinthus03429"
"1027","Cluster_1518","3prime_UTR::chr3:14058231-14058955(-)",160,-20.05,"2 21","437 458",19,"63.16%","84.21%","Ahyacinthus04255"
"1028","Cluster_1518","3prime_UTR::chr3:16230355-16231355(-)",151,-21.85,"2 21","569 594",23,"65.22%","69.57%","Ahyacinthus04406"
"1029","Cluster_1518","3prime_UTR::chr3:16257435-16258435(-)",163,-21.47,"2 20","589 610",18,"77.78%","77.78%","Ahyacinthus04409"
"1030","Cluster_1518","3prime_UTR::chr3:17404625-17405625(-)",149,-22.24,"2 20","886 914",25,"68.00%","68.00%","Ahyacinthus04489"
"1031","Cluster_1518","3prime_UTR::chr3:5604818-5605818(-)",154,-20.57,"2 21","646 670",22,"68.18%","77.27%","Ahyacinthus03755"
"1032","Cluster_1518","3prime_UTR::chr3:9453461-9454461(-)",170,-21.86,"2 21","112 132",19,"84.21%","84.21%","Ahyacinthus04005"
"1033","Cluster_1518","3prime_UTR::chr4:1048457-1049457(-)",147,-20.28,"2 17","762 784",16,"75.00%","75.00%","Ahyacinthus05272"
"1034","Cluster_1518","3prime_UTR::chr4:11130150-11131150(-)",163,-24.06,"2 20","256 277",18,"77.78%","77.78%","Ahyacinthus05998"
"1035","Cluster_1518","3prime_UTR::chr4:14111045-14112045(-)",180,-26.45,"2 21","36 57",19,"84.21%","89.47%","Ahyacinthus06141"
"1036","Cluster_1518","3prime_UTR::chr4:14933904-14934904(-)",149,-22.29,"2 20","363 383",18,"66.67%","77.78%","Ahyacinthus06197"
"1037","Cluster_1518","3prime_UTR::chr4:19229447-19230447(+)",163,-23.71,"2 16","282 303",14,"85.71%","92.86%","Ahyacinthus06444"
"1038","Cluster_1518","3prime_UTR::chr4:20551745-20552745(+)",166,-24.78,"2 21","333 353",19,"73.68%","89.47%","Ahyacinthus06522"
"1039","Cluster_1518","3prime_UTR::chr4:22039200-22040200(+)",156,-23.52,"2 17","737 758",15,"73.33%","86.67%","Ahyacinthus06618"
"1040","Cluster_1518","3prime_UTR::chr4:22554611-22555611(+)",164,-22.24,"2 21","361 382",19,"68.42%","84.21%","Ahyacinthus06654"
"1041","Cluster_1518","3prime_UTR::chr4:22765394-22766394(+)",168,-23.05,"2 21","275 296",19,"78.95%","78.95%","Ahyacinthus06667"
"1042","Cluster_1518","3prime_UTR::chr4:22765394-22766394(+)",176,-24.13,"2 21","362 383",19,"84.21%","84.21%","Ahyacinthus06667"
"1043","Cluster_1518","3prime_UTR::chr4:22765394-22766394(+)",176,-24.42,"2 21","101 122",19,"84.21%","84.21%","Ahyacinthus06667"
"1044","Cluster_1518","3prime_UTR::chr4:22765394-22766394(+)",184,-29.25,"2 21","14 35",19,"89.47%","89.47%","Ahyacinthus06667"
"1045","Cluster_1518","3prime_UTR::chr4:22765394-22766394(+)",184,-29.25,"2 21","449 470",19,"89.47%","89.47%","Ahyacinthus06667"
"1046","Cluster_1518","3prime_UTR::chr4:22815534-22816534(+)",176,-24.96,"2 21","38 59",19,"84.21%","84.21%","Ahyacinthus06669"
"1047","Cluster_1518","3prime_UTR::chr4:23616481-23616960(-)",151,-20.89,"2 16","190 211",14,"78.57%","78.57%","Ahyacinthus06723"
"1048","Cluster_1518","3prime_UTR::chr4:24382579-24383579(-)",184,-29.25,"2 21","8 29",19,"89.47%","89.47%","Ahyacinthus06759"
"1049","Cluster_1518","3prime_UTR::chr4:25271195-25272195(+)",180,-26.45,"2 21","8 29",19,"84.21%","89.47%","Ahyacinthus06826"
"1050","Cluster_1518","3prime_UTR::chr4:25271195-25272195(+)",184,-29.25,"2 21","94 115",19,"89.47%","89.47%","Ahyacinthus06826"
"1051","Cluster_1518","3prime_UTR::chr4:9494877-9495877(+)",163,-24.56,"2 20","686 707",18,"77.78%","77.78%","Ahyacinthus05894"
"1052","Cluster_1518","3prime_UTR::chr5:23638400-23639400(-)",154,-24.7,"2 20","818 840",19,"73.68%","73.68%","Ahyacinthus07913"
"1053","Cluster_1518","3prime_UTR::chr5:27443606-27444606(-)",149,-22.29,"2 20","371 391",18,"66.67%","77.78%","Ahyacinthus08141"
"1054","Cluster_1518","3prime_UTR::chr5:411211-412211(+)",154,-20.06,"2 15","476 497",13,"76.92%","92.31%","Ahyacinthus06975"
"1055","Cluster_1518","3prime_UTR::chr6:10831963-10832963(+)",142,-23,"2 21","287 317",28,"57.14%","67.86%","Ahyacinthus09357"
"1056","Cluster_1518","3prime_UTR::chr6:1394821-1395821(+)",159,-21.29,"2 16","582 603",14,"85.71%","85.71%","Ahyacinthus08748"
"1057","Cluster_1518","3prime_UTR::chr6:15658678-15659678(+)",155,-25.3,"2 21","747 775",26,"61.54%","73.08%","Ahyacinthus09643"
"1058","Cluster_1518","3prime_UTR::chr6:15895819-15896819(-)",159,-20.04,"2 21","284 301",19,"78.95%","78.95%","Ahyacinthus09657"
"1059","Cluster_1518","3prime_UTR::chr6:1726913-1727913(+)",159,-20.38,"2 21","873 895",20,"65.00%","85.00%","Ahyacinthus08766"
"1060","Cluster_1518","3prime_UTR::chr6:1992046-1992896(+)",142,-20.72,"2 21","328 344",19,"63.16%","73.68%","Ahyacinthus08794"
"1061","Cluster_1518","3prime_UTR::chr6:20696736-20697736(-)",143,-20.64,"2 16","978 996",14,"78.57%","78.57%","Ahyacinthus09978"
"1062","Cluster_1518","3prime_UTR::chr6:23977532-23978532(+)",158,-20.41,"2 21","797 820",21,"71.43%","80.95%","Ahyacinthus10249"
"1063","Cluster_1518","3prime_UTR::chr6:27176102-27176255(-)",150,-26.18,"2 21","28 53",23,"69.57%","69.57%","Ahyacinthus10516"
"1064","Cluster_1518","3prime_UTR::chr6:4389604-4390604(-)",155,-21.07,"2 21","894 918",22,"68.18%","72.73%","Ahyacinthus08998"
"1065","Cluster_1518","3prime_UTR::chr7:12267459-12268459(-)",156,-21.84,"2 19","4 29",21,"76.19%","76.19%","Ahyacinthus11726"
"1066","Cluster_1518","3prime_UTR::chr7:1295439-1296439(-)",152,-21.73,"2 17","442 463",15,"66.67%","86.67%","Ahyacinthus11003"
"1067","Cluster_1518","3prime_UTR::chr7:14954689-14955689(-)",172,-20.46,"2 21","436 457",19,"78.95%","84.21%","Ahyacinthus11872"
"1068","Cluster_1518","3prime_UTR::chr7:17819075-17820075(+)",161,-20.05,"2 19","657 679",18,"77.78%","83.33%","Ahyacinthus12064"
"1069","Cluster_1518","3prime_UTR::chr7:23267904-23268904(-)",159,-21.69,"2 21","767 790",21,"66.67%","80.95%","Ahyacinthus12474"
"1070","Cluster_1518","3prime_UTR::chr7:25519533-25520533(+)",157,-20.15,"2 14","187 208",12,"83.33%","100.00%","Ahyacinthus12625"
"1071","Cluster_1518","3prime_UTR::chr7:26636226-26637226(-)",171,-23.13,"2 21","447 470",21,"76.19%","85.71%","Ahyacinthus12712"
"1072","Cluster_1518","3prime_UTR::chr7:27374483-27375483(+)",161,-23.39,"2 19","441 464",19,"73.68%","84.21%","Ahyacinthus12763"
"1073","Cluster_1518","3prime_UTR::chr7:29425103-29426103(-)",159,-21.69,"2 21","811 834",21,"66.67%","80.95%","Ahyacinthus12908"
"1074","Cluster_1518","3prime_UTR::chr7:30198846-30199846(-)",163,-24.41,"2 20","546 567",18,"72.22%","83.33%","Ahyacinthus12974"
"1075","Cluster_1518","3prime_UTR::chr7:3618015-3618814(+)",164,-21.03,"2 19","747 767",17,"82.35%","88.24%","Ahyacinthus11181"
"1076","Cluster_1518","3prime_UTR::chr8:10204138-10205138(+)",160,-21.4,"2 21","706 727",19,"63.16%","84.21%","Ahyacinthus13732"
"1077","Cluster_1518","3prime_UTR::chr8:16663209-16664209(-)",148,-22.69,"2 17","189 207",15,"80.00%","80.00%","Ahyacinthus14069"
"1078","Cluster_1518","3prime_UTR::chr8:18216088-18217088(+)",148,-22.45,"2 16","755 777",16,"81.25%","81.25%","Ahyacinthus14144"
"1079","Cluster_1518","3prime_UTR::chr8:20371528-20372528(-)",154,-21.56,"2 21","114 140",24,"66.67%","75.00%","Ahyacinthus14241"
"1080","Cluster_1518","3prime_UTR::chr8:22507756-22508756(+)",149,-20.14,"2 15","254 276",14,"78.57%","85.71%","Ahyacinthus14392"
"1081","Cluster_1518","3prime_UTR::chr8:28172423-28173423(+)",158,-20.69,"2 16","124 146",15,"86.67%","86.67%","Ahyacinthus14724"
"1082","Cluster_1518","3prime_UTR::chr8:4242913-4243450(+)",164,-22.73,"2 21","426 447",19,"68.42%","84.21%","Ahyacinthus13334"
"1083","Cluster_1518","3prime_UTR::chr8:519316-519499(+)",152,-20.8,"2 16","77 98",15,"86.67%","86.67%","Ahyacinthus13060"
"1084","Cluster_1518","3prime_UTR::chr8:6955763-6956763(-)",165,-24.38,"2 19","918 941",19,"78.95%","84.21%","Ahyacinthus13505"
"1085","Cluster_1518","3prime_UTR::chr8:9552363-9553363(-)",162,-20.34,"2 20","797 821",21,"76.19%","76.19%","Ahyacinthus13681"
"1086","Cluster_1518","3prime_UTR::chr9:20575999-20576999(-)",164,-20.4,"2 21","745 766",19,"68.42%","84.21%","Ahyacinthus16212"
"1087","Cluster_1518","3prime_UTR::chr9:21416675-21417675(+)",159,-21.74,"2 16","86 107",14,"78.57%","92.86%","Ahyacinthus16253"
"1088","Cluster_1518","3prime_UTR::chr9:2284017-2284633(+)",168,-25.91,"2 17","332 353",15,"86.67%","93.33%","Ahyacinthus14973"
"1089","Cluster_1518","3prime_UTR::chr9:22869651-22870651(+)",163,-23.71,"2 16","597 618",14,"85.71%","92.86%","Ahyacinthus16344"
"1090","Cluster_1518","3prime_UTR::chr9:23620940-23621940(-)",160,-22.05,"2 18","528 550",17,"82.35%","82.35%","Ahyacinthus16393"
"1091","Cluster_1518","3prime_UTR::chr9:24778974-24779974(+)",164,-21.76,"2 17","5 26",15,"86.67%","86.67%","Ahyacinthus16478"
"1092","Cluster_1518","3prime_UTR::chr9:24778974-24779974(+)",176,-24.96,"2 21","92 113",19,"84.21%","84.21%","Ahyacinthus16478"
"1093","Cluster_1518","3prime_UTR::chr9:402778-403045(+)",141,-20.77,"2 11","9 31",10,"90.00%","90.00%","Ahyacinthus14811"
"1094","Cluster_1518","3prime_UTR::chr9:6843125-6844125(-)",159,-21.69,"2 21","870 893",21,"66.67%","80.95%","Ahyacinthus15282"
"1095","Cluster_1518","3prime_UTR::chr9:7046612-7047612(+)",168,-24.58,"2 21","113 134",19,"73.68%","84.21%","Ahyacinthus15299"
"1096","Cluster_1518","3prime_UTR::sc011:205829-206829(+)",152,-20.22,"2 13","831 852",11,"90.91%","90.91%","Ahyacinthus24794"
"1097","Cluster_1518","3prime_UTR::sc011:427057-428057(+)",152,-20.22,"2 13","496 517",11,"90.91%","90.91%","Ahyacinthus24801"
"1098","Cluster_1518","3prime_UTR::sc018:243175-244175(-)",152,-20.22,"2 13","496 517",11,"90.91%","90.91%","Ahyacinthus24891"
"1099","Cluster_1518","3prime_UTR::sc052:160517-161517(+)",166,-20.26,"2 20","109 131",19,"78.95%","84.21%","Ahyacinthus25379"
"1100","Cluster_1518","3prime_UTR::sc064:65609-65982(+)",150,-22.83,"2 16","260 282",15,"73.33%","86.67%","Ahyacinthus25544"
"1101","Cluster_1518","3prime_UTR::sc083:75029-76029(+)",170,-23.07,"2 20","494 517",20,"80.00%","85.00%","Ahyacinthus25757"
"1102","Cluster_1518","3prime_UTR::sc124:14600-15600(-)",165,-23.01,"2 20","371 391",18,"77.78%","88.89%","Ahyacinthus26053"
"1103","Cluster_1518","3prime_UTR::sc211:15453-16453(+)",154,-21.97,"2 16","334 356",15,"80.00%","86.67%","Ahyacinthus26440"
"1104","Cluster_1641","3prime_UTR::chr10:10614740-10615740(+)",160,-22.71,"2 22","743 767",22,"72.73%","72.73%","Ahyacinthus17404"
"1105","Cluster_1641","3prime_UTR::chr10:11480633-11481633(+)",167,-21.48,"2 22","911 937",24,"70.83%","83.33%","Ahyacinthus17470"
"1106","Cluster_1641","3prime_UTR::chr10:1474858-1475858(-)",152,-23.97,"2 22","321 344",21,"66.67%","71.43%","Ahyacinthus16860"
"1107","Cluster_1641","3prime_UTR::chr10:15220571-15221556(-)",176,-26.24,"2 22","813 836",21,"76.19%","90.48%","Ahyacinthus17772"
"1108","Cluster_1641","3prime_UTR::chr10:15442140-15443140(+)",164,-21.54,"2 22","848 872",22,"68.18%","81.82%","Ahyacinthus17789"
"1109","Cluster_1641","3prime_UTR::chr10:16052917-16053917(-)",152,-23.11,"2 22","927 952",23,"65.22%","69.57%","Ahyacinthus17834"
"1110","Cluster_1641","3prime_UTR::chr10:16588532-16589532(+)",163,-23.39,"2 17","612 635",16,"87.50%","87.50%","Ahyacinthus17862"
"1111","Cluster_1641","3prime_UTR::chr10:19038344-19039344(+)",142,-24.96,"2 11","582 604",9,"88.89%","88.89%","Ahyacinthus18007"
"1112","Cluster_1641","3prime_UTR::chr10:19038344-19039344(+)",163,-25.57,"2 21","751 775",21,"76.19%","76.19%","Ahyacinthus18007"
"1113","Cluster_1641","3prime_UTR::chr10:20316869-20317869(+)",158,-21.07,"2 21","417 438",19,"73.68%","78.95%","Ahyacinthus18043"
"1114","Cluster_1641","3prime_UTR::chr10:2308524-2309524(-)",158,-20.25,"2 16","368 391",15,"86.67%","86.67%","Ahyacinthus16914"
"1115","Cluster_1641","3prime_UTR::chr10:25158832-25159832(-)",164,-22.14,"2 21","102 124",19,"68.42%","84.21%","Ahyacinthus18197"
"1116","Cluster_1641","3prime_UTR::chr10:3430230-3431230(+)",142,-22.1,"2 21","958 984",23,"60.87%","69.57%","Ahyacinthus17008"
"1117","Cluster_1641","3prime_UTR::chr10:4906843-4907843(-)",163,-22.03,"2 22","933 957",22,"72.73%","81.82%","Ahyacinthus17071"
"1118","Cluster_1641","3prime_UTR::chr10:7585545-7586545(+)",167,-20.68,"2 20","76 98",18,"77.78%","83.33%","Ahyacinthus17187"
"1119","Cluster_1641","3prime_UTR::chr10:8450602-8451602(-)",150,-20.66,"2 11","192 214",9,"100.00%","100.00%","Ahyacinthus17235"
"1120","Cluster_1641","3prime_UTR::chr10:9669814-9670814(+)",162,-22.44,"2 19","572 594",17,"76.47%","82.35%","Ahyacinthus17326"
"1121","Cluster_1641","3prime_UTR::chr11:10629092-10630092(-)",162,-24.91,"2 19","221 243",17,"76.47%","82.35%","Ahyacinthus19082"
"1122","Cluster_1641","3prime_UTR::chr11:11401211-11402211(-)",157,-21.84,"2 22","642 664",20,"65.00%","75.00%","Ahyacinthus19138"
"1123","Cluster_1641","3prime_UTR::chr11:18676067-18677067(+)",152,-20.45,"2 13","1 17",11,"90.91%","90.91%","Ahyacinthus19600"
"1124","Cluster_1641","3prime_UTR::chr11:2044444-2045444(+)",159,-27.5,"2 21","122 150",25,"64.00%","76.00%","Ahyacinthus18432"
"1125","Cluster_1641","3prime_UTR::chr11:2055618-2056618(+)",145,-21.45,"2 10","178 200",8,"100.00%","100.00%","Ahyacinthus18435"
"1126","Cluster_1641","3prime_UTR::chr11:21000199-21001199(-)",151,-20.83,"2 22","959 980",20,"65.00%","75.00%","Ahyacinthus19770"
"1127","Cluster_1641","3prime_UTR::chr11:21022880-21023880(-)",152,-20.51,"2 22","943 972",27,"55.56%","74.07%","Ahyacinthus19771"
"1128","Cluster_1641","3prime_UTR::chr11:21096224-21097224(+)",152,-21.23,"2 20","675 695",18,"72.22%","77.78%","Ahyacinthus19775"
"1129","Cluster_1641","3prime_UTR::chr11:22203455-22204455(+)",164,-23.71,"2 22","21 44",21,"66.67%","85.71%","Ahyacinthus19865"
"1130","Cluster_1641","3prime_UTR::chr11:358204-359204(+)",145,-24.55,"2 22","841 860",20,"60.00%","75.00%","Ahyacinthus18263"
"1131","Cluster_1641","3prime_UTR::chr11:6278719-6279719(-)",164,-23.69,"2 22","762 786",22,"68.18%","81.82%","Ahyacinthus18753"
"1132","Cluster_1641","3prime_UTR::chr11:6341244-6342244(+)",151,-23.11,"2 22","120 145",23,"65.22%","73.91%","Ahyacinthus18756"
"1133","Cluster_1641","3prime_UTR::chr11:6905589-6906589(-)",169,-21.26,"2 22","412 434",20,"65.00%","90.00%","Ahyacinthus18799"
"1134","Cluster_1641","3prime_UTR::chr11:6947000-6948000(-)",151,-28.69,"2 21","384 407",20,"65.00%","75.00%","Ahyacinthus18803"
"1135","Cluster_1641","3prime_UTR::chr11:8266727-8267727(+)",159,-22.34,"2 22","262 287",23,"65.22%","82.61%","Ahyacinthus18894"
"1136","Cluster_1641","3prime_UTR::chr11:8589084-8590084(+)",152,-23.12,"2 21","785 805",19,"73.68%","78.95%","Ahyacinthus18918"
"1137","Cluster_1641","3prime_UTR::chr11:9729838-9730838(-)",148,-22.65,"2 22","150 176",24,"62.50%","66.67%","Ahyacinthus19002"
"1138","Cluster_1641","3prime_UTR::chr12:11156851-11157851(-)",147,-20.81,"2 21","270 297",24,"58.33%","70.83%","Ahyacinthus20928"
"1139","Cluster_1641","3prime_UTR::chr12:11267610-11268591(+)",151,-21.71,"2 22","76 102",24,"66.67%","70.83%","Ahyacinthus20942"
"1140","Cluster_1641","3prime_UTR::chr12:12474854-12475854(-)",147,-24.96,"2 21","686 709",20,"65.00%","70.00%","Ahyacinthus21057"
"1141","Cluster_1641","3prime_UTR::chr12:13108526-13109526(-)",142,-26.29,"2 21","254 275",19,"63.16%","68.42%","Ahyacinthus21117"
"1142","Cluster_1641","3prime_UTR::chr12:13417225-13417754(+)",159,-21.06,"2 16","45 67",14,"85.71%","85.71%","Ahyacinthus21135"
"1143","Cluster_1641","3prime_UTR::chr12:14304570-14305570(+)",157,-23.52,"2 15","427 450",14,"85.71%","92.86%","Ahyacinthus21215"
"1144","Cluster_1641","3prime_UTR::chr12:14364886-14365886(+)",156,-20.06,"2 22","358 382",22,"63.64%","77.27%","Ahyacinthus21219"
"1145","Cluster_1641","3prime_UTR::chr12:14967386-14968386(-)",154,-21.64,"2 22","834 857",22,"68.18%","77.27%","Ahyacinthus21271"
"1146","Cluster_1641","3prime_UTR::chr12:15003349-15004238(+)",163,-23.65,"2 22","609 630",20,"65.00%","90.00%","Ahyacinthus21274"
"1147","Cluster_1641","3prime_UTR::chr12:15646435-15647435(-)",153,-20.51,"2 22","924 946",20,"60.00%","75.00%","Ahyacinthus21313"
"1148","Cluster_1641","3prime_UTR::chr12:16042955-16043955(-)",148,-21.17,"2 22","621 640",20,"70.00%","75.00%","Ahyacinthus21334"
"1149","Cluster_1641","3prime_UTR::chr12:16129452-16130452(-)",169,-22.64,"2 22","32 54",20,"70.00%","85.00%","Ahyacinthus21337"
"1150","Cluster_1641","3prime_UTR::chr12:18623227-18624227(-)",154,-20.22,"2 21","79 104",22,"68.18%","77.27%","Ahyacinthus21485"
"1151","Cluster_1641","3prime_UTR::chr12:19223931-19224931(-)",165,-21.21,"2 22","674 696",20,"65.00%","85.00%","Ahyacinthus21510"
"1152","Cluster_1641","3prime_UTR::chr12:20436406-20437406(+)",164,-20.27,"2 21","616 638",19,"63.16%","89.47%","Ahyacinthus21568"
"1153","Cluster_1641","3prime_UTR::chr12:21735070-21736070(-)",156,-22.2,"2 21","196 217",20,"75.00%","80.00%","Ahyacinthus21639"
"1154","Cluster_1641","3prime_UTR::chr12:21908417-21909417(+)",171,-21.05,"2 22","703 724",20,"80.00%","85.00%","Ahyacinthus21655"
"1155","Cluster_1641","3prime_UTR::chr12:23487701-23488701(-)",166,-26.67,"2 22","698 718",20,"75.00%","85.00%","Ahyacinthus21769"
"1156","Cluster_1641","3prime_UTR::chr12:7246471-7247471(-)",173,-22.92,"2 18","851 873",16,"87.50%","93.75%","Ahyacinthus20575"
"1157","Cluster_1641","3prime_UTR::chr12:7360846-7361846(-)",170,-31.23,"2 21","161 182",19,"78.95%","89.47%","Ahyacinthus20584"
"1158","Cluster_1641","3prime_UTR::chr12:916623-917623(+)",154,-20.44,"2 21","679 700",19,"68.42%","78.95%","Ahyacinthus20077"
"1159","Cluster_1641","3prime_UTR::chr12:9425663-9426663(-)",164,-28.1,"2 21","815 837",19,"73.68%","78.95%","Ahyacinthus20765"
"1160","Cluster_1641","3prime_UTR::chr13:11553550-11554550(+)",161,-20.02,"2 14","271 293",12,"91.67%","100.00%","Ahyacinthus22488"
"1161","Cluster_1641","3prime_UTR::chr13:12174430-12175430(+)",153,-20.75,"2 21","746 768",20,"75.00%","75.00%","Ahyacinthus22527"
"1162","Cluster_1641","3prime_UTR::chr13:1250522-1251522(+)",158,-20.94,"2 22","512 537",23,"69.57%","82.61%","Ahyacinthus21857"
"1163","Cluster_1641","3prime_UTR::chr13:14357546-14358546(+)",165,-21.78,"2 21","744 764",19,"78.95%","84.21%","Ahyacinthus22725"
"1164","Cluster_1641","3prime_UTR::chr13:14400778-14401778(+)",149,-22.69,"2 20","645 666",18,"72.22%","72.22%","Ahyacinthus22732"
"1165","Cluster_1641","3prime_UTR::chr13:14653915-14654915(-)",160,-23.43,"2 22","575 598",21,"66.67%","80.95%","Ahyacinthus22757"
"1166","Cluster_1641","3prime_UTR::chr13:23163295-23164295(-)",163,-23,"2 22","210 231",20,"70.00%","85.00%","Ahyacinthus23132"
"1167","Cluster_1641","3prime_UTR::chr13:23525219-23526219(-)",160,-22.3,"2 22","683 706",21,"61.90%","85.71%","Ahyacinthus23149"
"1168","Cluster_1641","3prime_UTR::chr13:5281796-5282796(+)",164,-22.9,"2 18","241 265",18,"83.33%","83.33%","Ahyacinthus22080"
"1169","Cluster_1641","3prime_UTR::chr13:6222632-6223632(+)",154,-21.14,"2 22","772 792",20,"70.00%","75.00%","Ahyacinthus22136"
"1170","Cluster_1641","3prime_UTR::chr13:7203978-7204978(+)",168,-25.3,"2 22","800 823",21,"71.43%","85.71%","Ahyacinthus22192"
"1171","Cluster_1641","3prime_UTR::chr13:8365324-8366324(-)",172,-28.75,"2 22","877 900",21,"71.43%","90.48%","Ahyacinthus22251"
"1172","Cluster_1641","3prime_UTR::chr13:9951721-9951951(+)",167,-21.86,"2 22","30 51",20,"75.00%","85.00%","Ahyacinthus22368"
"1173","Cluster_1641","3prime_UTR::chr14:10569741-10570741(-)",166,-22.48,"2 22","867 892",23,"78.26%","82.61%","Ahyacinthus23806"
"1174","Cluster_1641","3prime_UTR::chr14:12339284-12340284(+)",166,-20.71,"2 22","777 797",20,"75.00%","85.00%","Ahyacinthus23919"
"1175","Cluster_1641","3prime_UTR::chr14:1237786-1238786(+)",156,-20.1,"2 22","808 831",21,"61.90%","80.95%","Ahyacinthus23270"
"1176","Cluster_1641","3prime_UTR::chr14:12521423-12522423(-)",161,-22.87,"2 21","152 174",20,"75.00%","85.00%","Ahyacinthus23928"
"1177","Cluster_1641","3prime_UTR::chr14:13004833-13005833(-)",169,-20.72,"2 22","198 220",20,"70.00%","85.00%","Ahyacinthus23953"
"1178","Cluster_1641","3prime_UTR::chr14:13082286-13083286(-)",156,-22.2,"2 21","196 217",20,"75.00%","80.00%","Ahyacinthus23956"
"1179","Cluster_1641","3prime_UTR::chr14:14888560-14889560(+)",154,-20.53,"2 20","1 21",19,"68.42%","78.95%","Ahyacinthus24021"
"1180","Cluster_1641","3prime_UTR::chr14:17570564-17571564(-)",160,-22.26,"2 21","610 632",19,"73.68%","73.68%","Ahyacinthus24139"
"1181","Cluster_1641","3prime_UTR::chr14:17649340-17650026(+)",160,-22.26,"2 21","617 639",19,"73.68%","73.68%","Ahyacinthus24142"
"1182","Cluster_1641","3prime_UTR::chr14:19779330-19780330(+)",162,-20.19,"2 22","654 676",21,"71.43%","85.71%","Ahyacinthus24250"
"1183","Cluster_1641","3prime_UTR::chr14:20572662-20573662(+)",160,-22.56,"2 22","578 601",21,"66.67%","80.95%","Ahyacinthus24300"
"1184","Cluster_1641","3prime_UTR::chr14:20875025-20876025(+)",153,-21.78,"2 22","6 27",21,"66.67%","80.95%","Ahyacinthus24323"
"1185","Cluster_1641","3prime_UTR::chr14:20980410-20981410(-)",161,-20.02,"2 22","157 180",22,"77.27%","81.82%","Ahyacinthus24329"
"1186","Cluster_1641","3prime_UTR::chr14:2316746-2317746(+)",158,-20.66,"2 22","922 942",20,"70.00%","80.00%","Ahyacinthus23352"
"1187","Cluster_1641","3prime_UTR::chr14:23658175-23659175(-)",149,-25.99,"2 22","631 650",20,"65.00%","75.00%","Ahyacinthus24511"
"1188","Cluster_1641","3prime_UTR::chr14:3659639-3660333(-)",159,-20.4,"2 22","340 365",23,"65.22%","82.61%","Ahyacinthus23428"
"1189","Cluster_1641","3prime_UTR::chr14:7774294-7774820(+)",147,-21.84,"2 22","281 302",20,"60.00%","75.00%","Ahyacinthus23628"
"1190","Cluster_1641","3prime_UTR::chr14:9510912-9511912(+)",156,-20.06,"2 22","358 382",22,"63.64%","77.27%","Ahyacinthus23713"
"1191","Cluster_1641","3prime_UTR::chr14:9694820-9695820(+)",160,-21.64,"2 22","335 359",22,"68.18%","77.27%","Ahyacinthus23730"
"1192","Cluster_1641","3prime_UTR::chr1:11090653-11091653(+)",149,-21.06,"2 22","831 854",22,"59.09%","86.36%","Ahyacinthus00571"
"1193","Cluster_1641","3prime_UTR::chr1:14756193-14757193(-)",164,-20.14,"2 22","525 548",21,"71.43%","80.95%","Ahyacinthus00759"
"1194","Cluster_1641","3prime_UTR::chr1:15648155-15649155(-)",162,-20.49,"2 19","420 442",17,"76.47%","82.35%","Ahyacinthus00777"
"1195","Cluster_1641","3prime_UTR::chr1:17598965-17599965(+)",156,-21.06,"2 18","274 298",18,"77.78%","77.78%","Ahyacinthus00820"
"1196","Cluster_1641","3prime_UTR::chr1:19328996-19329996(-)",161,-22.67,"2 21","493 513",19,"73.68%","84.21%","Ahyacinthus00861"
"1197","Cluster_1641","3prime_UTR::chr1:22487420-22488420(+)",162,-22.85,"2 21","551 577",23,"69.57%","82.61%","Ahyacinthus01003"
"1198","Cluster_1641","3prime_UTR::chr1:24592438-24593438(-)",147,-26.58,"2 21","151 174",20,"65.00%","70.00%","Ahyacinthus01060"
"1199","Cluster_1641","3prime_UTR::chr1:24592932-24593438(-)",147,-26.58,"2 21","151 174",20,"65.00%","70.00%","Ahyacinthus01061"
"1200","Cluster_1641","3prime_UTR::chr1:29098126-29099126(-)",176,-25.15,"2 21","354 376",19,"78.95%","89.47%","Ahyacinthus01230"
"1201","Cluster_1641","3prime_UTR::chr1:30449001-30450001(-)",168,-28.84,"2 22","89 113",22,"72.73%","81.82%","Ahyacinthus01329"
"1202","Cluster_1641","3prime_UTR::chr1:32961628-32962575(-)",167,-21.93,"2 22","576 597",20,"75.00%","85.00%","Ahyacinthus01578"
"1203","Cluster_1641","3prime_UTR::chr1:33132988-33133988(+)",179,-25.19,"2 20","697 719",18,"83.33%","94.44%","Ahyacinthus01584"
"1204","Cluster_1641","3prime_UTR::chr1:34153628-34154628(-)",149,-22.47,"2 21","315 342",24,"62.50%","79.17%","Ahyacinthus01681"
"1205","Cluster_1641","3prime_UTR::chr1:4169472-4170472(+)",167,-22.6,"2 22","726 747",20,"75.00%","85.00%","Ahyacinthus00261"
"1206","Cluster_1641","3prime_UTR::chr1:5195778-5196778(-)",167,-21.45,"2 22","426 447",20,"75.00%","85.00%","Ahyacinthus00343"
"1207","Cluster_1641","3prime_UTR::chr1:6695026-6696026(+)",162,-22.64,"2 15","814 836",13,"84.62%","100.00%","Ahyacinthus00429"
"1208","Cluster_1641","3prime_UTR::chr1:8240403-8241403(-)",160,-21.73,"2 17","809 831",15,"80.00%","86.67%","Ahyacinthus00489"
"1209","Cluster_1641","3prime_UTR::chr1:8240403-8241403(-)",166,-25.2,"2 19","786 808",17,"76.47%","88.24%","Ahyacinthus00489"
"1210","Cluster_1641","3prime_UTR::chr2:10407133-10407764(+)",151,-20.83,"2 22","312 333",20,"65.00%","75.00%","Ahyacinthus02598"
"1211","Cluster_1641","3prime_UTR::chr2:10407133-10408133(+)",151,-20.83,"2 22","312 333",20,"65.00%","75.00%","Ahyacinthus02599"
"1212","Cluster_1641","3prime_UTR::chr2:10929367-10930367(+)",154,-23.65,"2 21","539 560",19,"73.68%","73.68%","Ahyacinthus02630"
"1213","Cluster_1641","3prime_UTR::chr2:1198408-1199408(-)",168,-21.62,"2 22","779 802",21,"71.43%","85.71%","Ahyacinthus01828"
"1214","Cluster_1641","3prime_UTR::chr2:13107784-13108784(-)",165,-23.06,"2 22","884 906",20,"75.00%","75.00%","Ahyacinthus02816"
"1215","Cluster_1641","3prime_UTR::chr2:1326395-1327395(+)",140,-22.95,"2 9","672 694",7,"100.00%","100.00%","Ahyacinthus01842"
"1216","Cluster_1641","3prime_UTR::chr2:16351163-16352163(+)",166,-22.02,"2 22","594 617",22,"72.73%","86.36%","Ahyacinthus03033"
"1217","Cluster_1641","3prime_UTR::chr2:1951343-1952343(-)",161,-21.36,"2 22","715 737",20,"70.00%","75.00%","Ahyacinthus01907"
"1218","Cluster_1641","3prime_UTR::chr2:21979069-21980069(+)",160,-20.6,"2 22","371 394",21,"61.90%","85.71%","Ahyacinthus03314"
"1219","Cluster_1641","3prime_UTR::chr2:22861548-22862548(+)",166,-21.65,"2 21","147 168",19,"78.95%","84.21%","Ahyacinthus03334"
"1220","Cluster_1641","3prime_UTR::chr2:2448036-2449036(-)",148,-20.57,"2 13","581 603",11,"81.82%","90.91%","Ahyacinthus01955"
"1221","Cluster_1641","3prime_UTR::chr2:2642477-2643477(+)",152,-21.24,"2 22","824 848",22,"59.09%","77.27%","Ahyacinthus01974"
"1222","Cluster_1641","3prime_UTR::chr2:3626666-3627666(-)",166,-20.88,"2 20","371 394",19,"73.68%","89.47%","Ahyacinthus02064"
"1223","Cluster_1641","3prime_UTR::chr2:3912882-3913882(+)",161,-21.92,"2 22","328 350",20,"60.00%","85.00%","Ahyacinthus02094"
"1224","Cluster_1641","3prime_UTR::chr2:551586-552586(-)",164,-20.38,"2 19","230 251",17,"82.35%","88.24%","Ahyacinthus01747"
"1225","Cluster_1641","3prime_UTR::chr2:9780488-9781488(-)",151,-20.22,"2 20","353 375",18,"61.11%","77.78%","Ahyacinthus02551"
"1226","Cluster_1641","3prime_UTR::chr3:1171649-1172649(-)",165,-20.99,"2 21","729 752",21,"76.19%","85.71%","Ahyacinthus03443"
"1227","Cluster_1641","3prime_UTR::chr3:12355970-12356970(-)",156,-22.2,"2 21","205 226",20,"75.00%","80.00%","Ahyacinthus04181"
"1228","Cluster_1641","3prime_UTR::chr3:14456615-14457615(+)",167,-22.26,"2 22","707 728",20,"70.00%","90.00%","Ahyacinthus04284"
"1229","Cluster_1641","3prime_UTR::chr3:15099023-15100023(+)",144,-24.54,"2 21","148 167",19,"63.16%","73.68%","Ahyacinthus04331"
"1230","Cluster_1641","3prime_UTR::chr3:16661073-16662073(-)",145,-20.24,"2 10","396 418",8,"100.00%","100.00%","Ahyacinthus04434"
"1231","Cluster_1641","3prime_UTR::chr3:18168931-18169931(-)",156,-20.74,"2 22","617 641",22,"63.64%","77.27%","Ahyacinthus04559"
"1232","Cluster_1641","3prime_UTR::chr3:1855217-1856217(-)",169,-26.31,"2 22","607 629",20,"75.00%","80.00%","Ahyacinthus03504"
"1233","Cluster_1641","3prime_UTR::chr3:18783763-18784763(-)",147,-21.94,"2 22","256 281",23,"65.22%","69.57%","Ahyacinthus04613"
"1234","Cluster_1641","3prime_UTR::chr3:19519632-19520632(+)",162,-23.52,"2 22","444 464",20,"75.00%","80.00%","Ahyacinthus04663"
"1235","Cluster_1641","3prime_UTR::chr3:19982323-19983323(-)",153,-21.16,"2 22","67 86",20,"70.00%","75.00%","Ahyacinthus04687"
"1236","Cluster_1641","3prime_UTR::chr3:21462145-21463145(-)",172,-28.46,"2 22","801 824",21,"76.19%","85.71%","Ahyacinthus04799"
"1237","Cluster_1641","3prime_UTR::chr3:22483522-22484522(-)",165,-22.43,"2 19","400 423",18,"72.22%","94.44%","Ahyacinthus04871"
"1238","Cluster_1641","3prime_UTR::chr3:22830816-22831816(+)",156,-20.49,"2 22","889 908",20,"70.00%","85.00%","Ahyacinthus04897"
"1239","Cluster_1641","3prime_UTR::chr3:23086456-23087456(+)",157,-20.81,"2 22","326 348",20,"60.00%","80.00%","Ahyacinthus04927"
"1240","Cluster_1641","3prime_UTR::chr3:25041220-25042220(+)",159,-22.32,"2 21","747 770",20,"75.00%","75.00%","Ahyacinthus05073"
"1241","Cluster_1641","3prime_UTR::chr3:25819530-25820530(+)",162,-20.81,"2 16","195 218",15,"86.67%","93.33%","Ahyacinthus05135"
"1242","Cluster_1641","3prime_UTR::chr3:4071996-4072996(-)",161,-21.45,"2 20","59 83",20,"75.00%","85.00%","Ahyacinthus03648"
"1243","Cluster_1641","3prime_UTR::chr3:6543379-6544379(+)",145,-21.04,"2 10","22 44",8,"100.00%","100.00%","Ahyacinthus03833"
"1244","Cluster_1641","3prime_UTR::chr3:9234952-9235952(-)",147,-23.25,"2 21","124 147",20,"65.00%","70.00%","Ahyacinthus03993"
"1245","Cluster_1641","3prime_UTR::chr4:10609533-10610533(+)",151,-20.53,"2 21","577 600",20,"70.00%","70.00%","Ahyacinthus05959"
"1246","Cluster_1641","3prime_UTR::chr4:13606457-13607457(+)",162,-23.02,"2 22","963 986",22,"77.27%","77.27%","Ahyacinthus06108"
"1247","Cluster_1641","3prime_UTR::chr4:14614511-14615511(-)",153,-26.81,"2 19","745 769",19,"68.42%","78.95%","Ahyacinthus06168"
"1248","Cluster_1641","3prime_UTR::chr4:15102192-15103192(-)",149,-22.55,"2 22","973 992",20,"60.00%","80.00%","Ahyacinthus06204"
"1249","Cluster_1641","3prime_UTR::chr4:1721901-1722901(+)",157,-21.08,"2 21","205 225",19,"68.42%","84.21%","Ahyacinthus05315"
"1250","Cluster_1641","3prime_UTR::chr4:18892784-18893784(+)",150,-20.66,"2 22","885 910",23,"69.57%","73.91%","Ahyacinthus06427"
"1251","Cluster_1641","3prime_UTR::chr4:20224120-20225120(-)",164,-23.58,"2 22","367 391",22,"68.18%","81.82%","Ahyacinthus06504"
"1252","Cluster_1641","3prime_UTR::chr4:21516029-21517029(+)",148,-21.75,"2 22","395 422",25,"56.00%","72.00%","Ahyacinthus06583"
"1253","Cluster_1641","3prime_UTR::chr4:2248115-2249040(+)",171,-25.67,"2 22","585 606",20,"80.00%","85.00%","Ahyacinthus05352"
"1254","Cluster_1641","3prime_UTR::chr4:26280305-26281305(-)",157,-23.65,"2 22","63 85",20,"65.00%","75.00%","Ahyacinthus06929"
"1255","Cluster_1641","3prime_UTR::chr4:26371484-26372483(-)",169,-20.69,"2 22","220 242",20,"70.00%","85.00%","Ahyacinthus06938"
"1256","Cluster_1641","3prime_UTR::chr4:3776317-3777317(-)",168,-24.99,"2 21","193 215",19,"68.42%","89.47%","Ahyacinthus05472"
"1257","Cluster_1641","3prime_UTR::chr4:5038048-5039048(-)",158,-26.14,"2 21","66 87",19,"73.68%","78.95%","Ahyacinthus05552"
"1258","Cluster_1641","3prime_UTR::chr4:528414-529414(-)",154,-20.41,"2 21","491 512",19,"68.42%","78.95%","Ahyacinthus05240"
"1259","Cluster_1641","3prime_UTR::chr4:5324315-5325315(+)",152,-21.02,"2 21","722 744",19,"63.16%","73.68%","Ahyacinthus05577"
"1260","Cluster_1641","3prime_UTR::chr4:6570726-6571576(-)",168,-20.93,"2 20","632 654",19,"84.21%","89.47%","Ahyacinthus05686"
"1261","Cluster_1641","3prime_UTR::chr4:8572044-8573044(-)",152,-22.04,"2 21","894 915",20,"75.00%","75.00%","Ahyacinthus05838"
"1262","Cluster_1641","3prime_UTR::chr5:10424811-10425811(-)",145,-22.73,"2 10","499 521",8,"100.00%","100.00%","Ahyacinthus07397"
"1263","Cluster_1641","3prime_UTR::chr5:13827204-13828204(-)",158,-21.56,"2 15","550 572",13,"84.62%","92.31%","Ahyacinthus07517"
"1264","Cluster_1641","3prime_UTR::chr5:20038848-20039848(+)",168,-22.14,"2 21","164 184",19,"84.21%","89.47%","Ahyacinthus07792"
"1265","Cluster_1641","3prime_UTR::chr5:214132-215132(+)",164,-22.97,"2 21","569 591",19,"68.42%","84.21%","Ahyacinthus06968"
"1266","Cluster_1641","3prime_UTR::chr5:22921545-22922471(+)",157,-20.81,"2 22","592 614",20,"60.00%","80.00%","Ahyacinthus07880"
"1267","Cluster_1641","3prime_UTR::chr5:22921545-22922471(-)",157,-20.81,"2 22","707 729",20,"60.00%","80.00%","Ahyacinthus07881"
"1268","Cluster_1641","3prime_UTR::chr5:2390070-2391070(+)",158,-22.9,"2 21","655 681",23,"69.57%","78.26%","Ahyacinthus07030"
"1269","Cluster_1641","3prime_UTR::chr5:25028336-25029336(+)",152,-20.1,"2 22","60 83",21,"66.67%","71.43%","Ahyacinthus07966"
"1270","Cluster_1641","3prime_UTR::chr5:28939342-28940342(-)",146,-20.71,"2 21","563 588",22,"68.18%","68.18%","Ahyacinthus08288"
"1271","Cluster_1641","3prime_UTR::chr5:29519618-29520618(-)",157,-20.81,"2 22","391 413",20,"60.00%","80.00%","Ahyacinthus08331"
"1272","Cluster_1641","3prime_UTR::chr5:29794979-29795979(+)",142,-20.22,"2 22","189 209",20,"60.00%","70.00%","Ahyacinthus08355"
"1273","Cluster_1641","3prime_UTR::chr5:29849280-29850280(+)",159,-20.47,"2 21","114 139",22,"72.73%","72.73%","Ahyacinthus08360"
"1274","Cluster_1641","3prime_UTR::chr5:31781423-31782423(-)",157,-21.9,"2 21","7 34",24,"75.00%","75.00%","Ahyacinthus08511"
"1275","Cluster_1641","3prime_UTR::chr5:32786675-32787675(-)",169,-23.06,"2 21","779 799",19,"78.95%","89.47%","Ahyacinthus08584"
"1276","Cluster_1641","3prime_UTR::chr5:32804988-32805988(-)",158,-23.92,"2 22","51 77",24,"70.83%","79.17%","Ahyacinthus08585"
"1277","Cluster_1641","3prime_UTR::chr5:3510048-3511048(-)",158,-22.9,"2 21","652 678",23,"69.57%","78.26%","Ahyacinthus07071"
"1278","Cluster_1641","3prime_UTR::chr5:3780486-3781486(+)",158,-21.22,"2 20","775 799",20,"70.00%","80.00%","Ahyacinthus07078"
"1279","Cluster_1641","3prime_UTR::chr5:5534822-5535822(+)",159,-20.97,"2 21","492 516",21,"66.67%","80.95%","Ahyacinthus07136"
"1280","Cluster_1641","3prime_UTR::chr6:12189468-12190468(-)",151,-20.32,"2 22","602 623",20,"65.00%","75.00%","Ahyacinthus09456"
"1281","Cluster_1641","3prime_UTR::chr6:16273085-16274085(-)",152,-20.61,"2 22","733 751",20,"70.00%","75.00%","Ahyacinthus09668"
"1282","Cluster_1641","3prime_UTR::chr6:18041894-18042894(-)",158,-20.7,"2 19","162 184",17,"70.59%","82.35%","Ahyacinthus09777"
"1283","Cluster_1641","3prime_UTR::chr6:19237610-19238610(-)",155,-23.4,"2 21","350 374",21,"71.43%","71.43%","Ahyacinthus09865"
"1284","Cluster_1641","3prime_UTR::chr6:20139159-20140159(+)",152,-20.45,"2 21","545 567",19,"63.16%","73.68%","Ahyacinthus09936"
"1285","Cluster_1641","3prime_UTR::chr6:23051162-23052162(+)",144,-21.41,"2 22","693 716",21,"61.90%","66.67%","Ahyacinthus10167"
"1286","Cluster_1641","3prime_UTR::chr6:27106447-27107447(-)",161,-21.44,"2 22","925 947",20,"70.00%","75.00%","Ahyacinthus10511"
"1287","Cluster_1641","3prime_UTR::chr6:27403222-27403455(+)",167,-20.79,"2 22","154 179",23,"73.91%","82.61%","Ahyacinthus10529"
"1288","Cluster_1641","3prime_UTR::chr6:27403222-27404222(+)",167,-20.79,"2 22","154 179",23,"73.91%","82.61%","Ahyacinthus10530"
"1289","Cluster_1641","3prime_UTR::chr6:27581828-27582772(-)",176,-26.78,"2 21","367 389",19,"73.68%","94.74%","Ahyacinthus10547"
"1290","Cluster_1641","3prime_UTR::chr6:28522649-28523574(+)",160,-20.71,"2 21","143 165",19,"68.42%","78.95%","Ahyacinthus10613"
"1291","Cluster_1641","3prime_UTR::chr6:29496059-29497059(-)",148,-20.83,"2 19","891 912",17,"70.59%","76.47%","Ahyacinthus10673"
"1292","Cluster_1641","3prime_UTR::chr6:30084626-30085626(-)",153,-20.57,"2 22","744 766",20,"60.00%","75.00%","Ahyacinthus10716"
"1293","Cluster_1641","3prime_UTR::chr6:3031838-3032838(+)",154,-20.79,"2 16","433 456",15,"80.00%","86.67%","Ahyacinthus08883"
"1294","Cluster_1641","3prime_UTR::chr6:31304904-31305904(-)",140,-21.46,"2 9","566 588",7,"100.00%","100.00%","Ahyacinthus10809"
"1295","Cluster_1641","3prime_UTR::chr6:32322222-32323222(+)",161,-21.92,"2 22","819 841",20,"60.00%","85.00%","Ahyacinthus10885"
"1296","Cluster_1641","3prime_UTR::chr6:3998382-3999382(+)",168,-20.41,"2 21","709 731",19,"73.68%","84.21%","Ahyacinthus08964"
"1297","Cluster_1641","3prime_UTR::chr6:480935-481935(+)",172,-20.96,"2 22","838 861",21,"76.19%","85.71%","Ahyacinthus08655"
"1298","Cluster_1641","3prime_UTR::chr7:10920781-10921498(-)",171,-22.33,"2 21","642 665",20,"75.00%","90.00%","Ahyacinthus11680"
"1299","Cluster_1641","3prime_UTR::chr7:1220730-1221730(-)",156,-20.34,"2 22","303 327",22,"63.64%","77.27%","Ahyacinthus10995"
"1300","Cluster_1641","3prime_UTR::chr7:13548354-13549354(+)",157,-24.42,"2 21","620 645",22,"77.27%","77.27%","Ahyacinthus11797"
"1301","Cluster_1641","3prime_UTR::chr7:14325742-14326742(-)",145,-22.48,"2 22","900 925",24,"66.67%","70.83%","Ahyacinthus11834"
"1302","Cluster_1641","3prime_UTR::chr7:15662000-15663000(+)",159,-21.03,"2 22","176 197",20,"70.00%","80.00%","Ahyacinthus11919"
"1303","Cluster_1641","3prime_UTR::chr7:15695277-15696277(+)",150,-24.41,"2 11","291 313",9,"100.00%","100.00%","Ahyacinthus11922"
"1304","Cluster_1641","3prime_UTR::chr7:15773699-15774699(+)",150,-24.41,"2 11","517 539",9,"100.00%","100.00%","Ahyacinthus11928"
"1305","Cluster_1641","3prime_UTR::chr7:17492413-17493413(+)",151,-20.36,"2 22","533 560",25,"64.00%","72.00%","Ahyacinthus12039"
"1306","Cluster_1641","3prime_UTR::chr7:18039571-18040571(-)",158,-23.42,"2 19","199 221",17,"76.47%","76.47%","Ahyacinthus12085"
"1307","Cluster_1641","3prime_UTR::chr7:18368650-18369650(-)",165,-21.75,"2 22","231 253",20,"70.00%","80.00%","Ahyacinthus12104"
"1308","Cluster_1641","3prime_UTR::chr7:19785318-19786318(+)",162,-21.4,"2 21","23 48",22,"77.27%","77.27%","Ahyacinthus12205"
"1309","Cluster_1641","3prime_UTR::chr7:22553512-22554512(-)",153,-21.27,"2 22","555 577",20,"65.00%","70.00%","Ahyacinthus12431"
"1310","Cluster_1641","3prime_UTR::chr7:2521689-2522689(+)",163,-21.14,"2 22","60 84",22,"72.73%","81.82%","Ahyacinthus11103"
"1311","Cluster_1641","3prime_UTR::chr7:27506061-27507061(-)",158,-21.46,"2 17","197 218",15,"86.67%","86.67%","Ahyacinthus12771"
"1312","Cluster_1641","3prime_UTR::chr7:27774754-27775754(-)",159,-24.53,"2 21","620 644",21,"66.67%","80.95%","Ahyacinthus12788"
"1313","Cluster_1641","3prime_UTR::chr7:27967060-27968060(+)",160,-20.65,"2 22","326 349",21,"66.67%","80.95%","Ahyacinthus12804"
"1314","Cluster_1641","3prime_UTR::chr7:2883082-2884082(-)",157,-20.81,"2 22","935 957",20,"60.00%","80.00%","Ahyacinthus11138"
"1315","Cluster_1641","3prime_UTR::chr7:29186403-29187403(+)",159,-22.32,"2 22","441 465",22,"68.18%","81.82%","Ahyacinthus12888"
"1316","Cluster_1641","3prime_UTR::chr7:29251632-29252632(+)",156,-24.62,"2 21","616 638",19,"63.16%","78.95%","Ahyacinthus12892"
"1317","Cluster_1641","3prime_UTR::chr7:2937863-2938863(-)",157,-20.82,"2 22","329 351",20,"65.00%","75.00%","Ahyacinthus11142"
"1318","Cluster_1641","3prime_UTR::chr7:29771713-29772713(+)",155,-20.21,"2 21","52 75",20,"70.00%","75.00%","Ahyacinthus12941"
"1319","Cluster_1641","3prime_UTR::chr7:29936689-29937689(-)",154,-20.96,"2 22","403 421",20,"80.00%","80.00%","Ahyacinthus12952"
"1320","Cluster_1641","3prime_UTR::chr7:4492167-4493167(-)",162,-20.41,"2 21","467 492",22,"77.27%","77.27%","Ahyacinthus11243"
"1321","Cluster_1641","3prime_UTR::chr7:5206986-5207986(+)",164,-26.52,"2 22","21 44",21,"66.67%","85.71%","Ahyacinthus11299"
"1322","Cluster_1641","3prime_UTR::chr7:6181793-6182793(+)",174,-21.86,"2 20","487 510",19,"84.21%","89.47%","Ahyacinthus11387"
"1323","Cluster_1641","3prime_UTR::chr7:7019455-7020455(-)",157,-23.23,"2 20","106 130",20,"75.00%","80.00%","Ahyacinthus11463"
"1324","Cluster_1641","3prime_UTR::chr7:7892595-7893595(+)",151,-20.83,"2 22","137 158",20,"65.00%","75.00%","Ahyacinthus11510"
"1325","Cluster_1641","3prime_UTR::chr7:9500825-9501825(+)",157,-20.81,"2 22","902 924",20,"60.00%","80.00%","Ahyacinthus11606"
"1326","Cluster_1641","3prime_UTR::chr8:10805500-10806500(+)",147,-24.77,"2 21","671 694",20,"65.00%","70.00%","Ahyacinthus13766"
"1327","Cluster_1641","3prime_UTR::chr8:11361479-11362479(-)",147,-26.31,"2 16","766 788",14,"71.43%","78.57%","Ahyacinthus13796"
"1328","Cluster_1641","3prime_UTR::chr8:12510644-12511644(-)",158,-22.58,"2 21","607 628",19,"73.68%","78.95%","Ahyacinthus13864"
"1329","Cluster_1641","3prime_UTR::chr8:12744564-12745564(-)",158,-21.07,"2 21","411 432",19,"73.68%","78.95%","Ahyacinthus13881"
"1330","Cluster_1641","3prime_UTR::chr8:14803522-14804522(-)",177,-30.23,"2 22","377 399",20,"80.00%","85.00%","Ahyacinthus13964"
"1331","Cluster_1641","3prime_UTR::chr8:15694832-15695832(+)",158,-23.25,"2 20","789 813",20,"60.00%","90.00%","Ahyacinthus14012"
"1332","Cluster_1641","3prime_UTR::chr8:17419390-17420209(+)",168,-21.08,"2 22","391 415",22,"72.73%","81.82%","Ahyacinthus14110"
"1333","Cluster_1641","3prime_UTR::chr8:18022261-18023261(+)",164,-20.28,"2 22","393 417",22,"68.18%","81.82%","Ahyacinthus14135"
"1334","Cluster_1641","3prime_UTR::chr8:19050294-19051294(-)",163,-23.18,"2 22","159 184",23,"69.57%","82.61%","Ahyacinthus14194"
"1335","Cluster_1641","3prime_UTR::chr8:19921742-19922742(-)",161,-21.92,"2 22","801 823",20,"60.00%","85.00%","Ahyacinthus14230"
"1336","Cluster_1641","3prime_UTR::chr8:19988668-19989668(-)",161,-21.92,"2 22","792 814",20,"60.00%","85.00%","Ahyacinthus14236"
"1337","Cluster_1641","3prime_UTR::chr8:20858119-20859119(-)",152,-21.18,"2 22","213 238",23,"56.52%","78.26%","Ahyacinthus14271"
"1338","Cluster_1641","3prime_UTR::chr8:21033819-21034495(-)",171,-21.47,"2 22","356 377",20,"80.00%","85.00%","Ahyacinthus14288"
"1339","Cluster_1641","3prime_UTR::chr8:2152165-2153165(+)",159,-20.08,"2 20","577 599",18,"66.67%","83.33%","Ahyacinthus13178"
"1340","Cluster_1641","3prime_UTR::chr8:21783590-21784590(-)",155,-20.3,"2 22","291 315",22,"68.18%","77.27%","Ahyacinthus14337"
"1341","Cluster_1641","3prime_UTR::chr8:2469910-2470910(-)",152,-23.12,"2 22","901 924",21,"66.67%","71.43%","Ahyacinthus13207"
"1342","Cluster_1641","3prime_UTR::chr8:26209281-26210281(+)",160,-21.42,"2 22","780 804",22,"63.64%","81.82%","Ahyacinthus14645"
"1343","Cluster_1641","3prime_UTR::chr8:27865475-27866475(-)",164,-20.99,"2 21","739 761",19,"73.68%","78.95%","Ahyacinthus14703"
"1344","Cluster_1641","3prime_UTR::chr8:28252308-28253308(-)",146,-24.88,"2 22","192 212",20,"65.00%","70.00%","Ahyacinthus14731"
"1345","Cluster_1641","3prime_UTR::chr8:28252308-28253308(-)",168,-23.34,"2 21","137 159",19,"78.95%","78.95%","Ahyacinthus14731"
"1346","Cluster_1641","3prime_UTR::chr8:4500733-4501733(+)",152,-23.07,"2 17","140 162",15,"73.33%","80.00%","Ahyacinthus13362"
"1347","Cluster_1641","3prime_UTR::chr8:611574-612128(-)",165,-20.98,"2 22","515 537",20,"65.00%","85.00%","Ahyacinthus13071"
"1348","Cluster_1641","3prime_UTR::chr8:7465445-7466445(-)",157,-20.49,"2 18","339 361",16,"75.00%","81.25%","Ahyacinthus13539"
"1349","Cluster_1641","3prime_UTR::chr8:7583214-7584214(+)",163,-20.73,"2 22","578 603",23,"69.57%","82.61%","Ahyacinthus13546"
"1350","Cluster_1641","3prime_UTR::chr8:8960116-8961116(-)",160,-23.48,"2 21","240 262",19,"68.42%","78.95%","Ahyacinthus13620"
"1351","Cluster_1641","3prime_UTR::chr8:998996-999996(+)",143,-20.52,"2 22","864 885",20,"60.00%","70.00%","Ahyacinthus13097"
"1352","Cluster_1641","3prime_UTR::chr8:998996-999996(+)",152,-24.25,"2 22","839 862",21,"66.67%","71.43%","Ahyacinthus13097"
"1353","Cluster_1641","3prime_UTR::chr9:12612111-12613053(+)",164,-21.06,"2 22","380 403",21,"71.43%","80.95%","Ahyacinthus15632"
"1354","Cluster_1641","3prime_UTR::chr9:15295978-15296978(+)",147,-27.75,"2 21","920 943",20,"65.00%","70.00%","Ahyacinthus15806"
"1355","Cluster_1641","3prime_UTR::chr9:15639020-15640020(+)",160,-21.83,"2 22","561 585",22,"63.64%","81.82%","Ahyacinthus15835"
"1356","Cluster_1641","3prime_UTR::chr9:15732151-15733151(+)",144,-24.94,"2 22","836 864",26,"57.69%","65.38%","Ahyacinthus15842"
"1357","Cluster_1641","3prime_UTR::chr9:15757652-15758652(-)",160,-21.79,"2 21","279 301",19,"73.68%","73.68%","Ahyacinthus15845"
"1358","Cluster_1641","3prime_UTR::chr9:15816775-15817224(-)",163,-23.43,"2 21","41 65",21,"66.67%","85.71%","Ahyacinthus15850"
"1359","Cluster_1641","3prime_UTR::chr9:20009842-20010842(-)",150,-25.26,"2 21","503 527",21,"61.90%","80.95%","Ahyacinthus16177"
"1360","Cluster_1641","3prime_UTR::chr9:21314473-21315473(-)",147,-21.12,"2 21","847 870",20,"65.00%","70.00%","Ahyacinthus16249"
"1361","Cluster_1641","3prime_UTR::chr9:22945819-22946819(+)",157,-20.81,"2 22","694 716",20,"60.00%","80.00%","Ahyacinthus16346"
"1362","Cluster_1641","3prime_UTR::chr9:24135521-24136521(+)",158,-23.98,"2 21","245 266",19,"73.68%","78.95%","Ahyacinthus16432"
"1363","Cluster_1641","3prime_UTR::chr9:24778974-24779974(+)",151,-20.02,"2 22","355 376",20,"70.00%","70.00%","Ahyacinthus16478"
"1364","Cluster_1641","3prime_UTR::chr9:27339203-27340203(-)",164,-20.79,"2 17","204 226",15,"80.00%","93.33%","Ahyacinthus16666"
"1365","Cluster_1641","3prime_UTR::chr9:2747242-2748242(-)",164,-20.67,"2 21","245 267",19,"73.68%","78.95%","Ahyacinthus15010"
"1366","Cluster_1641","3prime_UTR::chr9:2803331-2804331(+)",153,-21.2,"2 19","633 656",18,"72.22%","77.78%","Ahyacinthus15016"
"1367","Cluster_1641","3prime_UTR::chr9:28394060-28395060(-)",158,-23.7,"2 22","571 591",20,"65.00%","85.00%","Ahyacinthus16751"
"1368","Cluster_1641","3prime_UTR::chr9:28501179-28502179(-)",157,-20.26,"2 20","646 667",18,"72.22%","83.33%","Ahyacinthus16765"
"1369","Cluster_1641","3prime_UTR::chr9:4600777-4601777(-)",156,-21.89,"2 21","946 968",19,"68.42%","73.68%","Ahyacinthus15126"
"1370","Cluster_1641","3prime_UTR::chr9:52606-53606(+)",145,-22.01,"2 21","970 993",21,"66.67%","71.43%","Ahyacinthus14789"
"1371","Cluster_1641","3prime_UTR::chr9:5470848-5471848(-)",148,-20.57,"2 13","284 306",11,"81.82%","90.91%","Ahyacinthus15187"
"1372","Cluster_1641","3prime_UTR::chr9:7462756-7463756(+)",163,-24.03,"2 21","416 439",20,"70.00%","85.00%","Ahyacinthus15321"
"1373","Cluster_1641","3prime_UTR::sc008:217383-218176(-)",146,-20.49,"2 21","520 547",24,"62.50%","70.83%","Ahyacinthus24682"
"1374","Cluster_1641","3prime_UTR::sc008:462290-463290(-)",154,-25.04,"2 22","673 699",24,"70.83%","75.00%","Ahyacinthus24703"
"1375","Cluster_1641","3prime_UTR::sc011:13927-14927(+)",161,-22.67,"2 21","536 556",19,"73.68%","84.21%","Ahyacinthus24766"
"1376","Cluster_1641","3prime_UTR::sc011:305099-306099(-)",156,-22.2,"2 21","196 217",20,"75.00%","80.00%","Ahyacinthus24798"
"1377","Cluster_1641","3prime_UTR::sc022:214317-215317(-)",151,-23.03,"2 21","345 368",20,"60.00%","80.00%","Ahyacinthus24922"
"1378","Cluster_1641","3prime_UTR::sc023:311154-312154(-)",146,-20.36,"2 22","714 734",20,"65.00%","70.00%","Ahyacinthus24935"
"1379","Cluster_1641","3prime_UTR::sc026:12948-13790(+)",158,-20.25,"2 16","395 418",15,"86.67%","86.67%","Ahyacinthus25004"
"1380","Cluster_1641","3prime_UTR::sc030:97838-98838(+)",158,-20.84,"2 22","412 434",21,"71.43%","80.95%","Ahyacinthus25097"
"1381","Cluster_1641","3prime_UTR::sc036:271115-272115(+)",170,-21.99,"2 19","243 265",17,"82.35%","88.24%","Ahyacinthus25197"
"1382","Cluster_1641","3prime_UTR::sc054:68061-69061(-)",168,-21.33,"2 22","711 734",21,"71.43%","85.71%","Ahyacinthus25406"
"1383","Cluster_1641","3prime_UTR::sc061:237204-238204(+)",142,-21.82,"2 22","960 987",26,"61.54%","65.38%","Ahyacinthus25504"
"1384","Cluster_1641","3prime_UTR::sc062:31471-32471(+)",168,-21.37,"2 21","54 76",19,"68.42%","89.47%","Ahyacinthus25506"
"1385","Cluster_1641","3prime_UTR::sc065:19314-20071(-)",162,-20.51,"2 22","57 80",22,"77.27%","77.27%","Ahyacinthus25552"
"1386","Cluster_1641","3prime_UTR::sc101:42543-43543(+)",163,-21.85,"2 22","207 233",24,"70.83%","79.17%","Ahyacinthus25891"
"1387","Cluster_1641","3prime_UTR::sc105:130258-131258(-)",164,-20.52,"2 22","387 411",22,"68.18%","81.82%","Ahyacinthus25919"
"1388","Cluster_1641","3prime_UTR::sc107:24643-25643(+)",148,-24.9,"2 20","204 224",18,"66.67%","77.78%","Ahyacinthus25935"
"1389","Cluster_1641","3prime_UTR::sc122:93902-94902(+)",158,-20.25,"2 16","255 278",15,"86.67%","86.67%","Ahyacinthus26046"
"1390","Cluster_1641","3prime_UTR::sc136:27926-28926(+)",168,-21.33,"2 22","679 702",21,"71.43%","85.71%","Ahyacinthus26099"
"1391","Cluster_1641","3prime_UTR::sc264:42741-43741(-)",153,-21.45,"2 19","464 487",18,"72.22%","77.78%","Ahyacinthus26629"
"1392","Cluster_1641","3prime_UTR::sc271:25515-26515(-)",153,-20.33,"2 20","666 690",20,"70.00%","80.00%","Ahyacinthus26647"
"1393","Cluster_1641","3prime_UTR::sc322:8516-9516(-)",166,-20.71,"2 22","722 742",20,"75.00%","85.00%","Ahyacinthus26759"
"1394","Cluster_1641","3prime_UTR::sc342:12346-13346(+)",158,-21.65,"2 21","79 104",22,"72.73%","77.27%","Ahyacinthus26792"
"1395","Cluster_1641","3prime_UTR::sc362:33095-34095(+)",167,-22.6,"2 22","153 174",20,"75.00%","85.00%","Ahyacinthus26823"
"1396","Cluster_1641","3prime_UTR::sc375:24351-25351(-)",165,-21.23,"2 22","670 690",20,"80.00%","85.00%","Ahyacinthus26847"
"1397","Cluster_1641","3prime_UTR::sc455:819-1819(-)",145,-21.18,"2 10","352 374",8,"100.00%","100.00%","Ahyacinthus26938"
"1398","Cluster_1641","3prime_UTR::sc488:9498-10498(+)",158,-21.07,"2 21","420 441",19,"73.68%","78.95%","Ahyacinthus26973"
"1399","Cluster_1641","3prime_UTR::sc562:1902-2902(-)",166,-20.59,"2 21","944 965",19,"73.68%","89.47%","Ahyacinthus27012"
"1400","Cluster_1641","3prime_UTR::sc569:1928-2928(-)",160,-20.07,"2 18","858 881",17,"76.47%","88.24%","Ahyacinthus27015"
"1401","Cluster_1641","3prime_UTR::sc701:4254-5254(-)",166,-21.11,"2 22","653 673",20,"75.00%","85.00%","Ahyacinthus27079"
"1402","Cluster_16517","3prime_UTR::chr10:2234502-2235502(-)",177,-22.16,"2 23","553 577",22,"77.27%","86.36%","Ahyacinthus16905"
"1403","Cluster_16517","3prime_UTR::chr10:25615383-25615946(+)",155,-21.13,"2 22","11 33",20,"70.00%","75.00%","Ahyacinthus18208"
"1404","Cluster_16517","3prime_UTR::chr10:3038399-3039399(-)",161,-20.94,"2 23","624 648",22,"68.18%","77.27%","Ahyacinthus16967"
"1405","Cluster_16517","3prime_UTR::chr10:8297450-8298450(+)",180,-20.64,"2 21","107 130",19,"84.21%","89.47%","Ahyacinthus17223"
"1406","Cluster_16517","3prime_UTR::chr11:17604068-17605068(-)",158,-21.44,"2 23","862 883",21,"71.43%","80.95%","Ahyacinthus19533"
"1407","Cluster_16517","3prime_UTR::chr11:23164440-23165440(-)",163,-22.54,"2 21","788 817",25,"72.00%","72.00%","Ahyacinthus19955"
"1408","Cluster_16517","3prime_UTR::chr11:9990314-9991314(+)",161,-20.18,"2 23","724 748",22,"68.18%","77.27%","Ahyacinthus19026"
"1409","Cluster_16517","3prime_UTR::chr12:10224865-10225865(+)",152,-21.08,"2 23","337 365",26,"65.38%","69.23%","Ahyacinthus20835"
"1410","Cluster_16517","3prime_UTR::chr12:12193078-12194078(-)",170,-21.64,"2 19","395 418",17,"82.35%","88.24%","Ahyacinthus21034"
"1411","Cluster_16517","3prime_UTR::chr12:14900645-14901645(+)",170,-23.59,"2 22","372 393",20,"80.00%","85.00%","Ahyacinthus21262"
"1412","Cluster_16517","3prime_UTR::chr12:2738191-2739191(-)",170,-23.59,"2 22","240 261",20,"80.00%","85.00%","Ahyacinthus20226"
"1413","Cluster_16517","3prime_UTR::chr13:14539515-14540515(+)",149,-21.57,"2 23","848 873",23,"60.87%","69.57%","Ahyacinthus22745"
"1414","Cluster_16517","3prime_UTR::chr14:20829260-20830260(+)",177,-21.06,"2 22","49 72",20,"80.00%","85.00%","Ahyacinthus24321"
"1415","Cluster_16517","3prime_UTR::chr14:2329027-2330027(-)",153,-20.82,"2 23","849 876",25,"60.00%","72.00%","Ahyacinthus23354"
"1416","Cluster_16517","3prime_UTR::chr1:11780622-11781622(-)",178,-25.16,"2 23","500 523",21,"76.19%","85.71%","Ahyacinthus00605"
"1417","Cluster_16517","3prime_UTR::chr1:29278817-29279817(+)",163,-21.28,"2 23","667 694",25,"76.00%","76.00%","Ahyacinthus01242"
"1418","Cluster_16517","3prime_UTR::chr1:30153342-30154342(-)",189,-26.22,"2 23","948 972",22,"86.36%","90.91%","Ahyacinthus01300"
"1419","Cluster_16517","3prime_UTR::chr1:32776803-32777776(-)",191,-28.99,"2 20","699 722",18,"94.44%","100.00%","Ahyacinthus01556"
"1420","Cluster_16517","3prime_UTR::chr2:2252285-2253285(-)",174,-20.04,"2 23","444 467",21,"76.19%","80.95%","Ahyacinthus01932"
"1421","Cluster_16517","3prime_UTR::chr3:1089312-1090312(-)",166,-24.95,"2 23","488 511",21,"71.43%","76.19%","Ahyacinthus03430"
"1422","Cluster_16517","3prime_UTR::chr3:20711416-20712416(-)",160,-20.87,"2 23","560 582",21,"66.67%","80.95%","Ahyacinthus04744"
"1423","Cluster_16517","3prime_UTR::chr3:4970100-4971100(+)",175,-23.28,"2 21","331 355",20,"80.00%","90.00%","Ahyacinthus03714"
"1424","Cluster_16517","3prime_UTR::chr3:5002868-5003868(+)",175,-23.14,"2 21","322 346",20,"80.00%","90.00%","Ahyacinthus03715"
"1425","Cluster_16517","3prime_UTR::chr4:15629204-15630204(-)",181,-22.38,"2 20","106 128",18,"94.44%","94.44%","Ahyacinthus06236"
"1426","Cluster_16517","3prime_UTR::chr4:2636482-2637482(+)",169,-23.07,"2 22","122 145",20,"75.00%","80.00%","Ahyacinthus05381"
"1427","Cluster_16517","3prime_UTR::chr4:4938865-4939865(+)",174,-21.37,"2 23","361 384",21,"76.19%","80.95%","Ahyacinthus05546"
"1428","Cluster_16517","3prime_UTR::chr5:19132460-19133000(-)",182,-23.61,"2 23","49 72",21,"80.95%","85.71%","Ahyacinthus07738"
"1429","Cluster_16517","3prime_UTR::chr5:19277573-19278573(+)",160,-23.51,"2 23","531 556",23,"69.57%","78.26%","Ahyacinthus07745"
"1430","Cluster_16517","3prime_UTR::chr5:33160548-33161548(-)",172,-21.11,"2 23","133 158",23,"73.91%","86.96%","Ahyacinthus08601"
"1431","Cluster_16517","3prime_UTR::chr5:3901032-3902032(+)",177,-22.96,"2 23","854 879",23,"73.91%","86.96%","Ahyacinthus07081"
"1432","Cluster_16517","3prime_UTR::chr6:10985231-10986231(+)",166,-24.44,"2 22","171 196",23,"78.26%","78.26%","Ahyacinthus09369"
"1433","Cluster_16517","3prime_UTR::chr6:17775861-17776861(+)",168,-20.43,"2 23","902 924",21,"76.19%","80.95%","Ahyacinthus09755"
"1434","Cluster_16517","3prime_UTR::chr6:22800289-22801289(-)",181,-21.53,"2 23","411 435",22,"81.82%","86.36%","Ahyacinthus10142"
"1435","Cluster_16517","3prime_UTR::chr6:24702761-24703761(-)",158,-21.07,"2 23","961 984",21,"66.67%","71.43%","Ahyacinthus10317"
"1436","Cluster_16517","3prime_UTR::chr6:26786534-26787534(-)",160,-21.5,"2 22","352 376",21,"71.43%","76.19%","Ahyacinthus10487"
"1437","Cluster_16517","3prime_UTR::chr6:5433436-5434436(+)",156,-21.77,"2 23","258 284",24,"70.83%","70.83%","Ahyacinthus09049"
"1438","Cluster_16517","3prime_UTR::chr7:21404966-21405966(-)",152,-20.03,"2 23","734 756",21,"66.67%","71.43%","Ahyacinthus12341"
"1439","Cluster_16517","3prime_UTR::chr7:23699222-23700222(-)",156,-20.62,"2 19","579 601",17,"76.47%","82.35%","Ahyacinthus12503"
"1440","Cluster_16517","3prime_UTR::chr7:4508358-4509358(-)",167,-20.73,"2 22","519 544",22,"77.27%","81.82%","Ahyacinthus11245"
"1441","Cluster_16517","3prime_UTR::chr7:4546899-4547899(+)",147,-20.96,"2 20","782 805",18,"61.11%","72.22%","Ahyacinthus11247"
"1442","Cluster_16517","3prime_UTR::chr7:9467371-9468371(-)",173,-23.92,"2 23","418 443",23,"73.91%","82.61%","Ahyacinthus11603"
"1443","Cluster_16517","3prime_UTR::chr9:11071371-11072371(-)",152,-21.9,"2 23","738 765",25,"64.00%","72.00%","Ahyacinthus15543"
"1444","Cluster_16517","3prime_UTR::chr9:13834743-13835743(-)",170,-23.59,"2 22","251 272",20,"80.00%","85.00%","Ahyacinthus15700"
"1445","Cluster_16517","3prime_UTR::chr9:7649204-7650204(-)",171,-20.02,"2 22","606 632",23,"78.26%","82.61%","Ahyacinthus15335"
"1446","Cluster_16517","3prime_UTR::sc005:162878-163878(+)",160,-20.47,"2 23","844 869",23,"69.57%","78.26%","Ahyacinthus24625"
"1447","Cluster_16517","3prime_UTR::sc174:28251-29251(+)",152,-20.47,"2 23","770 796",24,"66.67%","70.83%","Ahyacinthus26290"
"1448","Cluster_16517","3prime_UTR::sc206:62528-63528(-)",163,-23.15,"2 23","198 224",24,"75.00%","79.17%","Ahyacinthus26426"
"1449","Cluster_16517","3prime_UTR::sc254:58359-58989(+)",175,-21.43,"2 21","94 118",20,"85.00%","85.00%","Ahyacinthus26604"
"1450","Cluster_16517","3prime_UTR::sc615:9418-10418(+)",174,-22.46,"2 20","428 453",20,"85.00%","85.00%","Ahyacinthus27044"
"1451","Cluster_16534","3prime_UTR::chr10:10912760-10913760(+)",155,-21.19,"2 21","385 407",20,"65.00%","80.00%","Ahyacinthus17426"
"1452","Cluster_16534","3prime_UTR::chr10:17490542-17491144(+)",158,-21.42,"2 17","495 515",15,"80.00%","93.33%","Ahyacinthus17914"
"1453","Cluster_16534","3prime_UTR::chr10:5454156-5455156(-)",162,-20.53,"2 16","745 767",15,"86.67%","93.33%","Ahyacinthus17088"
"1454","Cluster_16534","3prime_UTR::chr10:7803742-7804742(+)",166,-22.3,"2 15","251 272",13,"92.31%","100.00%","Ahyacinthus17200"
"1455","Cluster_16534","3prime_UTR::chr11:10368358-10369358(-)",157,-21.04,"2 18","235 256",16,"68.75%","87.50%","Ahyacinthus19052"
"1456","Cluster_16534","3prime_UTR::chr11:14390099-14391099(+)",158,-20.46,"2 20","535 560",22,"72.73%","72.73%","Ahyacinthus19345"
"1457","Cluster_16534","3prime_UTR::chr11:18447113-18448113(+)",162,-20.2,"2 20","661 683",19,"78.95%","78.95%","Ahyacinthus19584"
"1458","Cluster_16534","3prime_UTR::chr11:19169595-19170595(-)",146,-22.15,"2 20","900 927",24,"62.50%","66.67%","Ahyacinthus19636"
"1459","Cluster_16534","3prime_UTR::chr11:24155315-24156315(-)",155,-21.64,"2 12","602 623",10,"100.00%","100.00%","Ahyacinthus20047"
"1460","Cluster_16534","3prime_UTR::chr11:3207049-3208049(-)",156,-20.6,"2 14","113 135",13,"92.31%","92.31%","Ahyacinthus18526"
"1461","Cluster_16534","3prime_UTR::chr11:3352077-3353077(-)",148,-20.42,"2 18","442 469",22,"68.18%","68.18%","Ahyacinthus18542"
"1462","Cluster_16534","3prime_UTR::chr11:8465915-8466915(-)",168,-24.62,"2 18","342 364",17,"82.35%","94.12%","Ahyacinthus18908"
"1463","Cluster_16534","3prime_UTR::chr11:8881474-8882474(-)",158,-20.66,"2 21","349 372",21,"71.43%","80.95%","Ahyacinthus18943"
"1464","Cluster_16534","3prime_UTR::chr11:9068898-9069509(-)",159,-20.07,"2 17","186 208",16,"81.25%","87.50%","Ahyacinthus18959"
"1465","Cluster_16534","3prime_UTR::chr12:12474854-12475854(-)",180,-21,"2 21","54 75",19,"84.21%","89.47%","Ahyacinthus21057"
"1466","Cluster_16534","3prime_UTR::chr12:14707615-14708615(-)",179,-25.92,"2 20","707 728",18,"83.33%","94.44%","Ahyacinthus21245"
"1467","Cluster_16534","3prime_UTR::chr12:16962462-16963462(-)",154,-23.15,"2 21","3 32",27,"66.67%","70.37%","Ahyacinthus21384"
"1468","Cluster_16534","3prime_UTR::chr12:22050571-22051571(+)",157,-22.49,"2 21","601 620",19,"73.68%","78.95%","Ahyacinthus21671"
"1469","Cluster_16534","3prime_UTR::chr12:22761422-22762422(-)",163,-20.54,"2 20","950 971",18,"77.78%","77.78%","Ahyacinthus21723"
"1470","Cluster_16534","3prime_UTR::chr12:3353599-3354599(+)",155,-21.47,"2 21","195 214",20,"75.00%","80.00%","Ahyacinthus20264"
"1471","Cluster_16534","3prime_UTR::chr12:6248386-6249386(+)",159,-24.59,"2 21","325 348",21,"66.67%","80.95%","Ahyacinthus20495"
"1472","Cluster_16534","3prime_UTR::chr12:9879323-9880323(+)",155,-23.59,"2 21","191 215",22,"63.64%","77.27%","Ahyacinthus20804"
"1473","Cluster_16534","3prime_UTR::chr13:1252617-1253617(-)",167,-21.36,"2 21","131 155",22,"72.73%","81.82%","Ahyacinthus21858"
"1474","Cluster_16534","3prime_UTR::chr13:21766021-21767021(+)",156,-20.18,"2 15","602 622",13,"92.31%","92.31%","Ahyacinthus23080"
"1475","Cluster_16534","3prime_UTR::chr13:6337413-6338413(-)",151,-21.07,"2 21","566 589",21,"66.67%","71.43%","Ahyacinthus22144"
"1476","Cluster_16534","3prime_UTR::chr13:8001526-8002526(-)",151,-21.65,"2 16","623 644",14,"71.43%","85.71%","Ahyacinthus22229"
"1477","Cluster_16534","3prime_UTR::chr13:9306773-9307235(-)",157,-20.78,"2 14","40 61",12,"91.67%","91.67%","Ahyacinthus22305"
"1478","Cluster_16534","3prime_UTR::chr14:10915716-10916716(+)",167,-22.68,"2 21","264 286",20,"70.00%","90.00%","Ahyacinthus23833"
"1479","Cluster_16534","3prime_UTR::chr14:11051121-11052121(+)",166,-21.15,"2 21","367 387",19,"78.95%","84.21%","Ahyacinthus23850"
"1480","Cluster_16534","3prime_UTR::chr14:12332291-12333291(+)",160,-20.64,"2 21","407 428",19,"63.16%","84.21%","Ahyacinthus23917"
"1481","Cluster_16534","3prime_UTR::chr14:14961342-14962342(+)",167,-23.09,"2 21","353 377",22,"72.73%","81.82%","Ahyacinthus24025"
"1482","Cluster_16534","3prime_UTR::chr14:18051359-18052359(+)",170,-22.42,"2 21","843 863",19,"78.95%","89.47%","Ahyacinthus24160"
"1483","Cluster_16534","3prime_UTR::chr14:20711133-20712133(-)",160,-20.15,"2 21","411 429",19,"78.95%","78.95%","Ahyacinthus24312"
"1484","Cluster_16534","3prime_UTR::chr14:21714074-21715074(+)",163,-20.79,"2 21","967 989",20,"70.00%","85.00%","Ahyacinthus24382"
"1485","Cluster_16534","3prime_UTR::chr14:3193753-3194753(-)",150,-20.72,"2 21","503 528",23,"65.22%","73.91%","Ahyacinthus23406"
"1486","Cluster_16534","3prime_UTR::chr1:16310603-16311603(+)",169,-25.56,"2 20","798 818",18,"77.78%","94.44%","Ahyacinthus00799"
"1487","Cluster_16534","3prime_UTR::chr1:18200366-18201366(-)",161,-22.56,"2 20","862 882",18,"72.22%","88.89%","Ahyacinthus00839"
"1488","Cluster_16534","3prime_UTR::chr1:19439004-19440004(-)",167,-20.77,"2 16","887 908",14,"85.71%","100.00%","Ahyacinthus00866"
"1489","Cluster_16534","3prime_UTR::chr1:22414010-22415010(-)",161,-22.09,"2 19","709 733",20,"75.00%","80.00%","Ahyacinthus01001"
"1490","Cluster_16534","3prime_UTR::chr1:28288729-28289729(-)",158,-20.76,"2 21","717 737",19,"73.68%","78.95%","Ahyacinthus01177"
"1491","Cluster_16534","3prime_UTR::chr1:29201666-29202666(+)",155,-20.64,"2 21","857 880",21,"66.67%","76.19%","Ahyacinthus01235"
"1492","Cluster_16534","3prime_UTR::chr1:30936912-30937376(-)",166,-21.06,"2 21","299 319",19,"73.68%","89.47%","Ahyacinthus01381"
"1493","Cluster_16534","3prime_UTR::chr2:12489960-12490960(+)",155,-21.3,"2 19","823 847",20,"75.00%","85.00%","Ahyacinthus02754"
"1494","Cluster_16534","3prime_UTR::chr2:1663502-1664502(-)",165,-20.24,"2 20","914 934",18,"77.78%","88.89%","Ahyacinthus01873"
"1495","Cluster_16534","3prime_UTR::chr2:17483906-17484906(-)",161,-21.24,"2 16","317 337",14,"92.86%","92.86%","Ahyacinthus03099"
"1496","Cluster_16534","3prime_UTR::chr2:17616252-17617252(-)",168,-22.03,"2 18","856 878",17,"82.35%","94.12%","Ahyacinthus03106"
"1497","Cluster_16534","3prime_UTR::chr2:18323584-18324584(+)",156,-20.18,"2 15","446 466",13,"92.31%","92.31%","Ahyacinthus03149"
"1498","Cluster_16534","3prime_UTR::chr2:3649441-3650441(-)",171,-21.66,"2 16","158 179",14,"92.86%","100.00%","Ahyacinthus02066"
"1499","Cluster_16534","3prime_UTR::chr3:20872436-20873436(-)",153,-22.36,"2 21","502 528",24,"70.83%","75.00%","Ahyacinthus04763"
"1500","Cluster_16534","3prime_UTR::chr3:22340283-22341283(-)",155,-21.9,"2 12","693 714",10,"100.00%","100.00%","Ahyacinthus04859"
"1501","Cluster_16534","3prime_UTR::chr4:26132410-26133410(-)",160,-20.43,"2 19","229 249",17,"76.47%","88.24%","Ahyacinthus06917"
"1502","Cluster_16534","3prime_UTR::chr4:3267471-3268471(-)",163,-20.88,"2 20","258 279",18,"77.78%","77.78%","Ahyacinthus05433"
"1503","Cluster_16534","3prime_UTR::chr4:5481495-5482495(+)",155,-20.65,"2 12","625 646",10,"100.00%","100.00%","Ahyacinthus05594"
"1504","Cluster_16534","3prime_UTR::chr4:7596121-7597121(-)",148,-20.14,"2 19","900 927",23,"65.22%","73.91%","Ahyacinthus05775"
"1505","Cluster_16534","3prime_UTR::chr5:26179866-26180866(+)",167,-20.12,"2 20","181 202",18,"77.78%","83.33%","Ahyacinthus08032"
"1506","Cluster_16534","3prime_UTR::chr5:26322939-26323939(+)",158,-22.55,"2 21","72 92",19,"73.68%","78.95%","Ahyacinthus08046"
"1507","Cluster_16534","3prime_UTR::chr5:28817863-28818863(-)",167,-21.67,"2 21","872 894",20,"80.00%","80.00%","Ahyacinthus08273"
"1508","Cluster_16534","3prime_UTR::chr5:30392267-30393267(-)",158,-22.35,"2 21","398 418",19,"73.68%","78.95%","Ahyacinthus08404"
"1509","Cluster_16534","3prime_UTR::chr5:30673265-30674265(-)",167,-21.58,"2 20","376 397",18,"77.78%","83.33%","Ahyacinthus08424"
"1510","Cluster_16534","3prime_UTR::chr5:30828625-30829625(-)",176,-21.17,"2 21","435 456",19,"78.95%","89.47%","Ahyacinthus08436"
"1511","Cluster_16534","3prime_UTR::chr5:30848964-30849964(-)",176,-21.17,"2 21","403 424",19,"78.95%","89.47%","Ahyacinthus08437"
"1512","Cluster_16534","3prime_UTR::chr5:3974350-3975350(+)",158,-20.87,"2 21","104 129",23,"65.22%","82.61%","Ahyacinthus07084"
"1513","Cluster_16534","3prime_UTR::chr5:4134392-4135392(-)",162,-20.12,"2 21","240 263",21,"76.19%","80.95%","Ahyacinthus07092"
"1514","Cluster_16534","3prime_UTR::chr5:7661184-7662184(+)",164,-23.31,"2 20","134 157",21,"80.95%","80.95%","Ahyacinthus07256"
"1515","Cluster_16534","3prime_UTR::chr6:10222593-10223593(+)",156,-20.18,"2 15","485 505",13,"92.31%","92.31%","Ahyacinthus09311"
"1516","Cluster_16534","3prime_UTR::chr6:10528224-10529224(+)",167,-22.68,"2 21","308 330",20,"70.00%","90.00%","Ahyacinthus09323"
"1517","Cluster_16534","3prime_UTR::chr6:20860753-20861753(+)",160,-21.29,"2 21","834 855",19,"68.42%","78.95%","Ahyacinthus09990"
"1518","Cluster_16534","3prime_UTR::chr6:24609348-24610348(+)",169,-22.95,"2 21","382 401",19,"78.95%","89.47%","Ahyacinthus10306"
"1519","Cluster_16534","3prime_UTR::chr6:25507588-25508269(+)",169,-23.35,"2 19","12 34",18,"83.33%","88.89%","Ahyacinthus10390"
"1520","Cluster_16534","3prime_UTR::chr7:1363482-1364482(-)",160,-20.31,"2 17","492 513",15,"80.00%","86.67%","Ahyacinthus11008"
"1521","Cluster_16534","3prime_UTR::chr7:1669488-1670488(+)",157,-20.07,"2 21","628 647",19,"68.42%","84.21%","Ahyacinthus11033"
"1522","Cluster_16534","3prime_UTR::chr7:20207600-20208600(-)",154,-20.28,"2 21","562 582",19,"63.16%","84.21%","Ahyacinthus12239"
"1523","Cluster_16534","3prime_UTR::chr7:22812040-22813040(-)",162,-20.36,"2 20","63 85",19,"73.68%","84.21%","Ahyacinthus12448"
"1524","Cluster_16534","3prime_UTR::chr7:25122153-25123153(+)",152,-20.31,"2 21","878 899",19,"63.16%","73.68%","Ahyacinthus12602"
"1525","Cluster_16534","3prime_UTR::chr7:28731465-28732465(+)",155,-22.79,"2 21","591 609",19,"73.68%","84.21%","Ahyacinthus12864"
"1526","Cluster_16534","3prime_UTR::chr7:5327004-5328004(+)",167,-21.01,"2 21","966 988",20,"70.00%","90.00%","Ahyacinthus11308"
"1527","Cluster_16534","3prime_UTR::chr7:6003337-6004337(-)",183,-25.4,"2 20","648 669",18,"88.89%","94.44%","Ahyacinthus11367"
"1528","Cluster_16534","3prime_UTR::chr8:13137142-13138142(-)",164,-20.21,"2 21","55 76",19,"68.42%","84.21%","Ahyacinthus13897"
"1529","Cluster_16534","3prime_UTR::chr8:18091975-18092975(-)",147,-20.4,"2 21","866 890",22,"59.09%","72.73%","Ahyacinthus14138"
"1530","Cluster_16534","3prime_UTR::chr8:19881849-19882849(-)",166,-20.69,"2 21","402 422",19,"73.68%","89.47%","Ahyacinthus14226"
"1531","Cluster_16534","3prime_UTR::chr8:19984396-19985396(-)",153,-21.31,"2 20","245 272",24,"66.67%","75.00%","Ahyacinthus14235"
"1532","Cluster_16534","3prime_UTR::chr8:20745389-20746389(+)",165,-20.53,"2 18","324 345",16,"81.25%","87.50%","Ahyacinthus14258"
"1533","Cluster_16534","3prime_UTR::chr8:22595987-22596987(+)",161,-21.99,"2 19","738 760",18,"77.78%","83.33%","Ahyacinthus14399"
"1534","Cluster_16534","3prime_UTR::chr8:27736180-27737180(-)",168,-22.82,"2 21","488 507",19,"84.21%","89.47%","Ahyacinthus14694"
"1535","Cluster_16534","3prime_UTR::chr8:6643767-6644767(+)",162,-21.3,"2 21","629 654",23,"73.91%","78.26%","Ahyacinthus13488"
"1536","Cluster_16534","3prime_UTR::chr9:28462645-28463645(-)",167,-21.7,"2 21","632 656",22,"72.73%","81.82%","Ahyacinthus16760"
"1537","Cluster_16534","3prime_UTR::chr9:4318299-4319299(-)",167,-25.09,"2 21","718 741",21,"76.19%","80.95%","Ahyacinthus15119"
"1538","Cluster_16534","3prime_UTR::chr9:515510-516510(+)",158,-21.3,"2 16","841 863",15,"86.67%","86.67%","Ahyacinthus14817"
"1539","Cluster_16534","3prime_UTR::chr9:5315258-5316258(-)",170,-23.54,"2 21","961 981",19,"84.21%","84.21%","Ahyacinthus15177"
"1540","Cluster_16534","3prime_UTR::sc001:429041-430041(-)",167,-20.77,"2 16","886 907",14,"85.71%","100.00%","Ahyacinthus24524"
"1541","Cluster_16534","3prime_UTR::sc001:946479-947479(-)",175,-26.26,"2 21","887 909",20,"80.00%","90.00%","Ahyacinthus24543"
"1542","Cluster_16534","3prime_UTR::sc054:225769-226769(+)",167,-20.77,"2 16","899 920",14,"85.71%","100.00%","Ahyacinthus25411"
"1543","Cluster_16534","3prime_UTR::sc057:91471-92471(-)",165,-22.62,"2 18","692 713",16,"81.25%","87.50%","Ahyacinthus25446"
"1544","Cluster_16534","3prime_UTR::sc086:87343-88343(-)",158,-21.58,"2 21","937 961",22,"72.73%","77.27%","Ahyacinthus25795"
"1545","Cluster_16534","3prime_UTR::sc093:62928-63928(-)",167,-20.77,"2 16","893 914",14,"85.71%","100.00%","Ahyacinthus25844"
"1546","Cluster_16534","3prime_UTR::sc178:37786-38786(+)",180,-30.22,"2 21","584 605",19,"78.95%","94.74%","Ahyacinthus26316"
"1547","Cluster_16886","3prime_UTR::chr10:16588532-16589532(+)",160,-21.63,"2 22","9 33",22,"63.64%","81.82%","Ahyacinthus17862"
"1548","Cluster_16886","3prime_UTR::chr10:16602740-16602823(-)",165,-21.64,"2 14","1 23",12,"100.00%","100.00%","Ahyacinthus17867"
"1549","Cluster_16886","3prime_UTR::chr10:16602740-16602823(-)",165,-21.64,"2 14","1 23",12,"100.00%","100.00%","Ahyacinthus17868"
"1552","Cluster_16886","3prime_UTR::chr10:24359382-24360382(+)",167,-21.3,"2 22","947 971",22,"77.27%","81.82%","Ahyacinthus18150"
"1553","Cluster_16886","3prime_UTR::chr10:3342510-3343510(-)",176,-21.5,"2 22","471 494",21,"80.95%","85.71%","Ahyacinthus16997"
"1554","Cluster_16886","3prime_UTR::chr10:4175664-4176664(-)",171,-21.18,"2 22","929 954",23,"78.26%","82.61%","Ahyacinthus17046"
"1555","Cluster_16886","3prime_UTR::chr11:16035087-16036087(-)",170,-24.3,"2 21","794 815",19,"78.95%","89.47%","Ahyacinthus19439"
"1556","Cluster_16886","3prime_UTR::chr11:16867074-16868074(+)",169,-21.85,"2 22","271 293",20,"70.00%","85.00%","Ahyacinthus19490"
"1557","Cluster_16886","3prime_UTR::chr11:18128467-18129467(+)",167,-20.78,"2 16","288 310",14,"85.71%","100.00%","Ahyacinthus19561"
"1558","Cluster_16886","3prime_UTR::chr11:24070891-24071891(+)",161,-20.18,"2 19","16 40",19,"73.68%","84.21%","Ahyacinthus20040"
"1559","Cluster_16886","3prime_UTR::chr12:13417225-13417754(+)",177,-22.39,"2 18","466 488",16,"93.75%","93.75%","Ahyacinthus21135"
"1560","Cluster_16886","3prime_UTR::chr12:9003864-9004864(+)",164,-21.81,"2 22","945 969",22,"72.73%","77.27%","Ahyacinthus20726"
"1561","Cluster_16886","3prime_UTR::chr13:11481517-11482517(+)",161,-20.16,"2 22","152 174",20,"65.00%","80.00%","Ahyacinthus22482"
"1562","Cluster_16886","3prime_UTR::chr13:21626731-21627731(-)",167,-23.01,"2 21","713 736",20,"70.00%","90.00%","Ahyacinthus23070"
"1563","Cluster_16886","3prime_UTR::chr13:6440810-6441810(+)",156,-20.03,"2 19","338 362",19,"73.68%","84.21%","Ahyacinthus22151"
"1564","Cluster_16886","3prime_UTR::chr1:11066881-11067881(+)",156,-23.15,"2 22","257 280",21,"61.90%","80.95%","Ahyacinthus00569"
"1565","Cluster_16886","3prime_UTR::chr1:21768671-21769671(+)",162,-25.51,"2 19","439 461",17,"70.59%","88.24%","Ahyacinthus00979"
"1566","Cluster_16886","3prime_UTR::chr1:22566599-22567599(-)",177,-21.02,"2 19","700 723",18,"88.89%","94.44%","Ahyacinthus01012"
"1567","Cluster_16886","3prime_UTR::chr1:26737095-26738095(+)",175,-22.77,"2 21","174 197",20,"80.00%","90.00%","Ahyacinthus01114"
"1568","Cluster_16886","3prime_UTR::chr1:29882563-29883563(-)",164,-20.01,"2 22","663 686",21,"71.43%","80.95%","Ahyacinthus01280"
"1569","Cluster_16886","3prime_UTR::chr2:11332570-11333570(+)",145,-20.14,"2 19","678 703",20,"60.00%","75.00%","Ahyacinthus02664"
"1570","Cluster_16886","3prime_UTR::chr2:12023242-12024242(+)",160,-20.79,"2 22","797 820",21,"66.67%","80.95%","Ahyacinthus02721"
"1571","Cluster_16886","3prime_UTR::chr2:13908672-13909672(-)",154,-21.5,"2 21","388 409",19,"68.42%","78.95%","Ahyacinthus02887"
"1572","Cluster_16886","3prime_UTR::chr2:15865042-15866042(-)",164,-21.45,"2 22","759 782",21,"71.43%","80.95%","Ahyacinthus03018"
"1573","Cluster_16886","3prime_UTR::chr2:16351163-16352163(+)",163,-22.66,"2 18","499 523",18,"83.33%","88.89%","Ahyacinthus03033"
"1574","Cluster_16886","3prime_UTR::chr2:16410401-16411401(+)",163,-22.66,"2 18","499 523",18,"83.33%","88.89%","Ahyacinthus03035"
"1575","Cluster_16886","3prime_UTR::chr2:23573548-23574548(-)",169,-26.64,"2 18","363 385",16,"75.00%","100.00%","Ahyacinthus03375"
"1576","Cluster_16886","3prime_UTR::chr2:2796103-2797103(+)",161,-20.84,"2 22","608 628",20,"75.00%","85.00%","Ahyacinthus01987"
"1577","Cluster_16886","3prime_UTR::chr2:5609405-5610405(-)",163,-20.77,"2 18","657 678",16,"81.25%","93.75%","Ahyacinthus02235"
"1578","Cluster_16886","3prime_UTR::chr2:9628549-9629549(+)",162,-21.1,"2 19","150 172",17,"70.59%","88.24%","Ahyacinthus02543"
"1579","Cluster_16886","3prime_UTR::chr3:1096742-1097742(-)",166,-22.41,"2 19","197 219",17,"76.47%","88.24%","Ahyacinthus03432"
"1580","Cluster_16886","3prime_UTR::chr3:1251234-1252234(-)",164,-20.6,"2 22","513 536",21,"71.43%","80.95%","Ahyacinthus03453"
"1581","Cluster_16886","3prime_UTR::chr3:16388009-16389009(-)",161,-22.1,"2 22","468 490",20,"60.00%","85.00%","Ahyacinthus04420"
"1582","Cluster_16886","3prime_UTR::chr3:18991592-18992592(-)",165,-20.22,"2 22","145 167",20,"70.00%","80.00%","Ahyacinthus04628"
"1583","Cluster_16886","3prime_UTR::chr3:20535224-20536224(-)",166,-26.52,"2 19","879 901",17,"70.59%","94.12%","Ahyacinthus04730"
"1584","Cluster_16886","3prime_UTR::chr3:21177912-21178633(-)",161,-21.22,"2 15","404 427",14,"92.86%","92.86%","Ahyacinthus04776"
"1585","Cluster_16886","3prime_UTR::chr3:25139147-25140147(+)",150,-20.64,"2 17","312 333",15,"73.33%","86.67%","Ahyacinthus05079"
"1586","Cluster_16886","3prime_UTR::chr3:3052416-3053416(-)",162,-20.76,"2 21","37 58",19,"73.68%","84.21%","Ahyacinthus03573"
"1587","Cluster_16886","3prime_UTR::chr4:13905588-13906588(-)",156,-21.94,"2 22","175 200",23,"65.22%","73.91%","Ahyacinthus06126"
"1588","Cluster_16886","3prime_UTR::chr4:16102649-16103649(+)",150,-20.53,"2 11","568 590",9,"100.00%","100.00%","Ahyacinthus06270"
"1589","Cluster_16886","3prime_UTR::chr4:18251339-18252339(-)",179,-23.79,"2 22","385 406",20,"85.00%","90.00%","Ahyacinthus06380"
"1590","Cluster_16886","3prime_UTR::chr4:19346208-19347208(+)",169,-20.08,"2 22","956 978",20,"75.00%","80.00%","Ahyacinthus06448"
"1591","Cluster_16886","3prime_UTR::chr4:6158557-6159557(+)",156,-20.67,"2 22","567 593",24,"62.50%","75.00%","Ahyacinthus05645"
"1592","Cluster_16886","3prime_UTR::chr4:7444507-7445507(-)",170,-20.37,"2 22","782 802",20,"80.00%","85.00%","Ahyacinthus05758"
"1593","Cluster_16886","3prime_UTR::chr5:25108119-25108310(+)",185,-25.8,"2 22","105 127",20,"85.00%","90.00%","Ahyacinthus07972"
"1594","Cluster_16886","3prime_UTR::chr5:26060672-26061672(-)",166,-21.38,"2 15","413 435",13,"92.31%","100.00%","Ahyacinthus08023"
"1595","Cluster_16886","3prime_UTR::chr5:32249891-32250891(-)",153,-20.12,"2 20","274 300",22,"68.18%","77.27%","Ahyacinthus08547"
"1596","Cluster_16886","3prime_UTR::chr5:33454936-33455936(+)",177,-27.12,"2 22","193 215",20,"75.00%","90.00%","Ahyacinthus08612"
"1597","Cluster_16886","3prime_UTR::chr5:932804-933804(-)",167,-23.01,"2 21","712 735",20,"70.00%","90.00%","Ahyacinthus06993"
"1598","Cluster_16886","3prime_UTR::chr6:11458194-11459194(-)",157,-21.26,"2 19","2 25",18,"66.67%","88.89%","Ahyacinthus09402"
"1599","Cluster_16886","3prime_UTR::chr6:11568663-11569627(+)",154,-20.54,"2 22","144 172",26,"65.38%","76.92%","Ahyacinthus09411"
"1600","Cluster_16886","3prime_UTR::chr6:1337183-1338032(-)",161,-20.32,"2 18","778 800",16,"75.00%","87.50%","Ahyacinthus08729"
"1601","Cluster_16886","3prime_UTR::chr6:1350901-1351461(-)",173,-21.47,"2 20","294 315",18,"88.89%","88.89%","Ahyacinthus08745"
"1602","Cluster_16886","3prime_UTR::chr6:1351086-1351461(-)",173,-21.47,"2 20","294 315",18,"88.89%","88.89%","Ahyacinthus08746"
"1603","Cluster_16886","3prime_UTR::chr6:1571798-1572798(+)",156,-20.27,"2 19","356 377",17,"70.59%","88.24%","Ahyacinthus08754"
"1604","Cluster_16886","3prime_UTR::chr6:2194151-2195151(-)",154,-20.58,"2 20","909 932",19,"68.42%","78.95%","Ahyacinthus08817"
"1605","Cluster_16886","3prime_UTR::chr6:22310960-22311960(+)",163,-20.04,"2 22","187 208",20,"70.00%","85.00%","Ahyacinthus10107"
"1606","Cluster_16886","3prime_UTR::chr6:27301731-27302731(-)",162,-22.24,"2 17","814 835",15,"86.67%","93.33%","Ahyacinthus10521"
"1607","Cluster_16886","3prime_UTR::chr6:29089061-29090061(-)",161,-20.7,"2 22","784 806",20,"70.00%","75.00%","Ahyacinthus10644"
"1608","Cluster_16886","3prime_UTR::chr6:31911450-31912450(+)",154,-21.12,"2 19","276 298",17,"64.71%","82.35%","Ahyacinthus10851"
"1609","Cluster_16886","3prime_UTR::chr6:7371303-7372303(+)",146,-22.14,"2 11","763 785",9,"88.89%","100.00%","Ahyacinthus09142"
"1610","Cluster_16886","3prime_UTR::chr7:1149273-1150273(+)",156,-20.98,"2 17","296 318",15,"73.33%","86.67%","Ahyacinthus10988"
"1611","Cluster_16886","3prime_UTR::chr7:14081427-14082390(-)",175,-24.16,"2 21","358 381",20,"80.00%","90.00%","Ahyacinthus11819"
"1612","Cluster_16886","3prime_UTR::chr7:21166965-21167965(-)",165,-20.71,"2 21","786 808",20,"80.00%","85.00%","Ahyacinthus12322"
"1613","Cluster_16886","3prime_UTR::chr7:27388187-27389187(+)",156,-20.61,"2 22","184 207",21,"66.67%","76.19%","Ahyacinthus12764"
"1614","Cluster_16886","3prime_UTR::chr7:29434576-29435576(-)",151,-20.35,"2 22","950 979",27,"62.96%","70.37%","Ahyacinthus12909"
"1615","Cluster_16886","3prime_UTR::chr7:30135955-30136532(+)",158,-20.77,"2 15","183 205",13,"84.62%","92.31%","Ahyacinthus12967"
"1616","Cluster_16886","3prime_UTR::chr7:4835814-4836814(-)",165,-23.39,"2 21","746 768",20,"75.00%","90.00%","Ahyacinthus11269"
"1617","Cluster_16886","3prime_UTR::chr8:12460369-12461369(-)",155,-20.85,"2 22","600 625",23,"65.22%","78.26%","Ahyacinthus13857"
"1618","Cluster_16886","3prime_UTR::chr8:12758000-12759000(-)",151,-20.12,"2 20","797 819",18,"61.11%","77.78%","Ahyacinthus13882"
"1619","Cluster_16886","3prime_UTR::chr8:14132957-14133957(+)",171,-22.81,"2 21","242 265",20,"80.00%","85.00%","Ahyacinthus13936"
"1620","Cluster_16886","3prime_UTR::chr8:21498488-21499488(-)",154,-23.57,"2 22","153 173",20,"65.00%","80.00%","Ahyacinthus14313"
"1621","Cluster_16886","3prime_UTR::chr8:22620020-22621020(+)",145,-23.58,"2 20","718 739",18,"61.11%","77.78%","Ahyacinthus14400"
"1622","Cluster_16886","3prime_UTR::chr8:846521-847521(-)",168,-22.09,"2 20","7 29",19,"84.21%","89.47%","Ahyacinthus13085"
"1623","Cluster_16886","3prime_UTR::chr9:11216315-11217315(-)",165,-20.86,"2 21","545 565",19,"78.95%","84.21%","Ahyacinthus15554"
"1624","Cluster_16886","3prime_UTR::chr9:14096569-14097569(+)",164,-23,"2 22","415 440",23,"69.57%","78.26%","Ahyacinthus15709"
"1625","Cluster_16886","3prime_UTR::chr9:2190538-2191538(-)",173,-25.71,"2 22","851 873",20,"75.00%","85.00%","Ahyacinthus14963"
"1626","Cluster_16886","3prime_UTR::chr9:22171384-22172384(-)",153,-20.74,"2 22","67 89",20,"65.00%","70.00%","Ahyacinthus16297"
"1627","Cluster_16886","3prime_UTR::chr9:23951655-23952655(-)",166,-21.47,"2 21","550 575",22,"77.27%","81.82%","Ahyacinthus16423"
"1628","Cluster_16886","3prime_UTR::chr9:24686667-24687667(-)",161,-21.52,"2 15","576 599",14,"92.86%","92.86%","Ahyacinthus16474"
"1629","Cluster_16886","3prime_UTR::chr9:2488437-2489437(-)",169,-20.69,"2 19","192 215",18,"77.78%","94.44%","Ahyacinthus14986"
"1630","Cluster_16886","3prime_UTR::chr9:27467265-27467994(-)",173,-24.1,"2 19","522 545",18,"83.33%","94.44%","Ahyacinthus16677"
"1631","Cluster_16886","3prime_UTR::chr9:2966101-2967101(-)",169,-20.17,"2 20","233 254",18,"83.33%","88.89%","Ahyacinthus15033"
"1632","Cluster_16886","3prime_UTR::chr9:894103-895103(-)",181,-24.08,"2 19","120 143",18,"94.44%","94.44%","Ahyacinthus14848"
"1633","Cluster_16886","3prime_UTR::chr9:9834610-9835610(+)",174,-21.6,"2 21","923 944",19,"84.21%","89.47%","Ahyacinthus15482"
"1634","Cluster_16886","3prime_UTR::sc047:107084-108084(+)",167,-21.97,"2 21","20 44",21,"76.19%","80.95%","Ahyacinthus25310"
"1635","Cluster_16886","3prime_UTR::sc065:49624-50624(-)",171,-24.58,"2 22","126 150",22,"72.73%","90.91%","Ahyacinthus25557"
"1636","Cluster_16886","3prime_UTR::sc075:132241-133241(-)",164,-21.62,"2 21","416 435",19,"78.95%","84.21%","Ahyacinthus25699"
"1637","Cluster_16886","3prime_UTR::sc078:100920-101920(-)",155,-21.29,"2 22","57 87",28,"64.29%","71.43%","Ahyacinthus25723"
"1638","Cluster_16886","3prime_UTR::sc081:13433-14433(-)",171,-22.81,"2 21","861 884",20,"80.00%","85.00%","Ahyacinthus25738"
"1639","Cluster_16886","3prime_UTR::sc083:41417-42417(+)",168,-23.56,"2 22","169 193",22,"72.73%","81.82%","Ahyacinthus25754"
"1640","Cluster_16886","3prime_UTR::sc456:20840-21160(-)",156,-20.72,"2 18","150 173",17,"76.47%","82.35%","Ahyacinthus26944"
"1641","Cluster_16886","3prime_UTR::sc835:1100-1813(+)",156,-20.72,"2 18","304 327",17,"76.47%","82.35%","Ahyacinthus27107"
"1642","Cluster_16886","3prime_UTR::sc835:1100-2100(+)",156,-20.72,"2 18","304 327",17,"76.47%","82.35%","Ahyacinthus27108"
"1643","Cluster_18389","3prime_UTR::chr10:10501807-10502807(+)",160,-23.34,"2 22","510 533",21,"61.90%","85.71%","Ahyacinthus17393"
"1644","Cluster_18389","3prime_UTR::chr10:13134231-13135231(+)",156,-24.04,"2 18","875 900",19,"73.68%","78.95%","Ahyacinthus17595"
"1645","Cluster_18389","3prime_UTR::chr10:15915800-15916800(-)",164,-20.06,"2 22","615 638",21,"66.67%","85.71%","Ahyacinthus17826"
"1646","Cluster_18389","3prime_UTR::chr10:16245815-16246815(-)",165,-21.53,"2 18","81 103",16,"81.25%","87.50%","Ahyacinthus17850"
"1647","Cluster_18389","3prime_UTR::chr10:16700879-16701879(-)",149,-20.32,"2 15","146 169",14,"78.57%","85.71%","Ahyacinthus17878"
"1648","Cluster_18389","3prime_UTR::chr10:21020175-21020992(-)",164,-20.28,"2 21","733 755",19,"68.42%","84.21%","Ahyacinthus18063"
"1649","Cluster_18389","3prime_UTR::chr10:24680465-24681465(-)",167,-21.24,"2 20","901 923",18,"72.22%","88.89%","Ahyacinthus18160"
"1650","Cluster_18389","3prime_UTR::chr11:15949598-15950598(+)",170,-20.37,"2 19","247 269",17,"82.35%","88.24%","Ahyacinthus19430"
"1651","Cluster_18389","3prime_UTR::chr11:16772682-16773682(-)",150,-22.34,"2 20","399 422",19,"63.16%","78.95%","Ahyacinthus19483"
"1652","Cluster_18389","3prime_UTR::chr11:17723448-17724448(+)",169,-20.64,"2 22","870 892",20,"75.00%","80.00%","Ahyacinthus19542"
"1653","Cluster_18389","3prime_UTR::chr11:20758308-20759308(-)",158,-20.27,"2 16","695 718",15,"80.00%","93.33%","Ahyacinthus19749"
"1654","Cluster_18389","3prime_UTR::chr11:4287248-4288248(+)",162,-20.76,"2 22","538 558",20,"70.00%","85.00%","Ahyacinthus18609"
"1655","Cluster_18389","3prime_UTR::chr12:11182874-11183874(-)",164,-21.75,"2 22","676 699",21,"76.19%","76.19%","Ahyacinthus20933"
"1656","Cluster_18389","3prime_UTR::chr12:14579921-14580921(+)",160,-20.49,"2 21","107 129",19,"63.16%","84.21%","Ahyacinthus21234"
"1657","Cluster_18389","3prime_UTR::chr12:14848374-14849374(-)",156,-23.05,"2 19","54 80",21,"71.43%","80.95%","Ahyacinthus21257"
"1658","Cluster_18389","3prime_UTR::chr12:2550009-2551009(-)",154,-20.2,"2 18","808 828",16,"81.25%","81.25%","Ahyacinthus20219"
"1659","Cluster_18389","3prime_UTR::chr12:4545160-4546160(+)",170,-23.93,"2 21","718 739",19,"84.21%","84.21%","Ahyacinthus20360"
"1660","Cluster_18389","3prime_UTR::chr12:9699477-9700477(+)",154,-20.75,"2 22","254 274",20,"65.00%","80.00%","Ahyacinthus20788"
"1661","Cluster_18389","3prime_UTR::chr13:11350916-11351916(+)",160,-22.34,"2 22","1 24",23,"69.57%","73.91%","Ahyacinthus22462"
"1662","Cluster_18389","3prime_UTR::chr13:15282754-15283754(-)",166,-20.07,"2 21","23 44",19,"78.95%","84.21%","Ahyacinthus22817"
"1663","Cluster_18389","3prime_UTR::chr13:17093601-17094601(+)",152,-20.09,"2 22","150 174",22,"63.64%","72.73%","Ahyacinthus22916"
"1664","Cluster_18389","3prime_UTR::chr13:17175019-17176019(+)",152,-20.09,"2 22","151 175",22,"63.64%","72.73%","Ahyacinthus22918"
"1665","Cluster_18389","3prime_UTR::chr13:17202636-17203636(+)",155,-21.84,"2 22","201 225",22,"68.18%","77.27%","Ahyacinthus22919"
"1666","Cluster_18389","3prime_UTR::chr13:17359174-17360174(+)",152,-20.09,"2 22","154 178",22,"63.64%","72.73%","Ahyacinthus22925"
"1667","Cluster_18389","3prime_UTR::chr13:17391815-17392815(+)",160,-22.5,"2 22","151 175",22,"68.18%","77.27%","Ahyacinthus22926"
"1668","Cluster_18389","3prime_UTR::chr13:20692461-20693461(+)",166,-21.49,"2 22","686 708",21,"80.95%","80.95%","Ahyacinthus23024"
"1669","Cluster_18389","3prime_UTR::chr13:22059322-22060322(-)",161,-20.19,"2 21","358 383",23,"73.91%","78.26%","Ahyacinthus23101"
"1670","Cluster_18389","3prime_UTR::chr13:6708579-6709579(+)",154,-20.05,"2 16","642 665",15,"80.00%","86.67%","Ahyacinthus22169"
"1671","Cluster_18389","3prime_UTR::chr13:8416062-8417062(+)",162,-20.76,"2 22","638 658",20,"70.00%","85.00%","Ahyacinthus22253"
"1672","Cluster_18389","3prime_UTR::chr14:10921865-10922865(-)",173,-24.51,"2 22","115 137",20,"75.00%","85.00%","Ahyacinthus23834"
"1673","Cluster_18389","3prime_UTR::chr14:12333656-12334656(-)",159,-21.1,"2 22","696 717",20,"70.00%","80.00%","Ahyacinthus23918"
"1674","Cluster_18389","3prime_UTR::chr14:18685912-18686912(+)",167,-21.01,"2 21","627 650",20,"80.00%","80.00%","Ahyacinthus24182"
"1675","Cluster_18389","3prime_UTR::chr14:19518566-19519566(-)",154,-20.49,"2 21","453 482",26,"65.38%","73.08%","Ahyacinthus24237"
"1676","Cluster_18389","3prime_UTR::chr14:20711133-20712133(-)",170,-25.92,"2 21","354 378",21,"80.95%","85.71%","Ahyacinthus24312"
"1677","Cluster_18389","3prime_UTR::chr14:3844206-3845206(-)",162,-24.01,"2 21","534 555",19,"68.42%","89.47%","Ahyacinthus23445"
"1678","Cluster_18389","3prime_UTR::chr14:5752939-5753939(+)",169,-22.08,"2 22","882 904",20,"75.00%","80.00%","Ahyacinthus23564"
"1679","Cluster_18389","3prime_UTR::chr1:1655319-1656319(-)",156,-22.11,"2 22","653 680",25,"64.00%","72.00%","Ahyacinthus00101"
"1680","Cluster_18389","3prime_UTR::chr1:20819875-20820875(-)",165,-20.27,"2 19","504 527",18,"77.78%","88.89%","Ahyacinthus00932"
"1681","Cluster_18389","3prime_UTR::chr1:21039187-21040187(-)",166,-23.67,"2 21","7 32",22,"77.27%","81.82%","Ahyacinthus00947"
"1682","Cluster_18389","3prime_UTR::chr1:3896073-3897073(-)",161,-20.06,"2 14","419 441",12,"91.67%","100.00%","Ahyacinthus00236"
"1683","Cluster_18389","3prime_UTR::chr2:10799566-10800566(-)",154,-20.43,"2 19","54 76",17,"70.59%","76.47%","Ahyacinthus02617"
"1684","Cluster_18389","3prime_UTR::chr2:10838497-10839497(-)",160,-20.72,"2 19","240 264",19,"78.95%","84.21%","Ahyacinthus02621"
"1685","Cluster_18389","3prime_UTR::chr2:15610306-15611306(+)",168,-20.18,"2 17","828 850",15,"86.67%","93.33%","Ahyacinthus03001"
"1686","Cluster_18389","3prime_UTR::chr2:20212196-20213196(-)",169,-20.79,"2 22","884 906",20,"70.00%","85.00%","Ahyacinthus03222"
"1687","Cluster_18389","3prime_UTR::chr2:5285303-5286303(+)",161,-20.19,"2 22","929 951",20,"70.00%","75.00%","Ahyacinthus02212"
"1688","Cluster_18389","3prime_UTR::chr2:5825711-5826711(+)",166,-23.15,"2 21","244 265",19,"73.68%","89.47%","Ahyacinthus02261"
"1689","Cluster_18389","3prime_UTR::chr2:6891716-6892716(+)",174,-26.48,"2 22","596 618",21,"80.95%","90.48%","Ahyacinthus02342"
"1690","Cluster_18389","3prime_UTR::chr2:7915064-7916064(+)",171,-23.33,"2 22","136 157",20,"75.00%","90.00%","Ahyacinthus02420"
"1691","Cluster_18389","3prime_UTR::chr2:8368957-8369957(-)",169,-22.08,"2 22","559 581",20,"75.00%","80.00%","Ahyacinthus02451"
"1692","Cluster_18389","3prime_UTR::chr2:9808360-9809360(-)",167,-20.95,"2 22","60 81",20,"80.00%","80.00%","Ahyacinthus02552"
"1693","Cluster_18389","3prime_UTR::chr3:12859400-12860400(-)",170,-25.05,"2 22","871 893",21,"80.95%","85.71%","Ahyacinthus04199"
"1694","Cluster_18389","3prime_UTR::chr3:19274632-19275632(-)",160,-21.69,"2 22","177 200",21,"66.67%","80.95%","Ahyacinthus04649"
"1695","Cluster_18389","3prime_UTR::chr3:20381122-20382122(-)",172,-23.53,"2 17","32 54",15,"86.67%","100.00%","Ahyacinthus04716"
"1696","Cluster_18389","3prime_UTR::chr3:20532566-20533566(-)",163,-20.19,"2 21","314 337",20,"75.00%","80.00%","Ahyacinthus04729"
"1697","Cluster_18389","3prime_UTR::chr3:21816990-21817990(-)",162,-25.44,"2 17","560 581",15,"86.67%","93.33%","Ahyacinthus04820"
"1698","Cluster_18389","3prime_UTR::chr3:22481718-22482718(+)",166,-21.47,"2 21","667 688",19,"78.95%","84.21%","Ahyacinthus04870"
"1699","Cluster_18389","3prime_UTR::chr4:10031294-10032294(-)",159,-21.54,"2 22","433 458",23,"69.57%","78.26%","Ahyacinthus05924"
"1700","Cluster_18389","3prime_UTR::chr4:10654886-10655886(+)",172,-20.67,"2 21","701 723",19,"73.68%","89.47%","Ahyacinthus05964"
"1701","Cluster_18389","3prime_UTR::chr4:11377158-11378158(-)",165,-22.25,"2 22","848 867",20,"80.00%","80.00%","Ahyacinthus06006"
"1702","Cluster_18389","3prime_UTR::chr4:153936-154936(+)",166,-20.56,"2 21","883 907",21,"80.95%","80.95%","Ahyacinthus05193"
"1703","Cluster_18389","3prime_UTR::chr4:15875994-15876994(+)",179,-27.44,"2 22","176 197",20,"85.00%","90.00%","Ahyacinthus06256"
"1704","Cluster_18389","3prime_UTR::chr4:19064819-19065819(-)",162,-20.76,"2 22","440 460",20,"70.00%","85.00%","Ahyacinthus06437"
"1705","Cluster_18389","3prime_UTR::chr5:11549461-11550461(-)",169,-21.99,"2 18","793 815",16,"87.50%","87.50%","Ahyacinthus07427"
"1706","Cluster_18389","3prime_UTR::chr5:11842373-11843373(-)",152,-21.7,"2 18","872 897",19,"68.42%","78.95%","Ahyacinthus07456"
"1707","Cluster_18389","3prime_UTR::chr5:21643502-21644502(+)",172,-23.3,"2 21","739 761",19,"78.95%","84.21%","Ahyacinthus07827"
"1708","Cluster_18389","3prime_UTR::chr5:28475943-28476943(+)",164,-22.8,"2 22","204 228",22,"68.18%","81.82%","Ahyacinthus08234"
"1709","Cluster_18389","3prime_UTR::chr5:29590625-29591625(+)",166,-20.88,"2 22","732 755",22,"77.27%","81.82%","Ahyacinthus08338"
"1710","Cluster_18389","3prime_UTR::chr5:31245736-31246468(+)",150,-22.05,"2 21","668 694",23,"65.22%","73.91%","Ahyacinthus08468"
"1711","Cluster_18389","3prime_UTR::chr5:32702140-32703140(+)",164,-21.44,"2 22","143 167",22,"72.73%","77.27%","Ahyacinthus08580"
"1712","Cluster_18389","3prime_UTR::chr6:20881461-20882461(-)",165,-21.29,"2 19","622 645",18,"77.78%","88.89%","Ahyacinthus09991"
"1713","Cluster_18389","3prime_UTR::chr6:22310960-22311960(+)",168,-20.65,"2 22","556 580",22,"77.27%","77.27%","Ahyacinthus10107"
"1714","Cluster_18389","3prime_UTR::chr6:23178188-23179188(-)",166,-21.55,"2 21","254 275",19,"78.95%","84.21%","Ahyacinthus10172"
"1715","Cluster_18389","3prime_UTR::chr6:3065920-3066920(+)",163,-23.41,"2 19","439 464",20,"85.00%","85.00%","Ahyacinthus08888"
"1716","Cluster_18389","3prime_UTR::chr6:4511885-4512885(+)",161,-23.54,"2 22","765 787",20,"65.00%","80.00%","Ahyacinthus09004"
"1717","Cluster_18389","3prime_UTR::chr7:14437639-14438639(-)",154,-20.06,"2 22","430 455",24,"66.67%","75.00%","Ahyacinthus11842"
"1718","Cluster_18389","3prime_UTR::chr7:14502309-14503309(-)",159,-22.64,"2 22","794 821",25,"68.00%","76.00%","Ahyacinthus11846"
"1719","Cluster_18389","3prime_UTR::chr7:15070776-15071776(+)",156,-22.01,"2 18","43 66",17,"76.47%","82.35%","Ahyacinthus11880"
"1720","Cluster_18389","3prime_UTR::chr7:17215386-17216040(-)",163,-20.74,"2 16","276 298",14,"78.57%","100.00%","Ahyacinthus12020"
"1721","Cluster_18389","3prime_UTR::chr7:17549153-17550153(-)",165,-22.41,"2 22","533 552",20,"75.00%","85.00%","Ahyacinthus12046"
"1722","Cluster_18389","3prime_UTR::chr7:17688635-17689635(-)",169,-20.3,"2 22","450 472",20,"70.00%","85.00%","Ahyacinthus12058"
"1723","Cluster_18389","3prime_UTR::chr7:17858425-17859425(+)",152,-20.48,"2 18","537 560",17,"70.59%","82.35%","Ahyacinthus12068"
"1724","Cluster_18389","3prime_UTR::chr7:23239062-23239254(+)",157,-20.52,"2 20","2 30",24,"70.83%","75.00%","Ahyacinthus12468"
"1725","Cluster_18389","3prime_UTR::chr7:23756833-23757833(+)",162,-20.76,"2 22","318 338",20,"70.00%","85.00%","Ahyacinthus12508"
"1726","Cluster_18389","3prime_UTR::chr7:29963594-29964594(-)",152,-21.27,"2 21","365 387",19,"63.16%","73.68%","Ahyacinthus12954"
"1727","Cluster_18389","3prime_UTR::chr7:30154557-30154666(-)",168,-20.38,"2 22","36 59",21,"76.19%","80.95%","Ahyacinthus12970"
"1728","Cluster_18389","3prime_UTR::chr7:8332623-8333623(+)",156,-20.32,"2 22","904 925",21,"71.43%","85.71%","Ahyacinthus11536"
"1729","Cluster_18389","3prime_UTR::chr8:14132957-14133957(+)",164,-21.95,"2 22","674 697",21,"71.43%","80.95%","Ahyacinthus13936"
"1730","Cluster_18389","3prime_UTR::chr8:14896462-14897462(-)",160,-20.38,"2 22","412 439",25,"64.00%","76.00%","Ahyacinthus13969"
"1731","Cluster_18389","3prime_UTR::chr8:16819950-16820563(-)",163,-24.79,"2 21","424 449",22,"68.18%","81.82%","Ahyacinthus14077"
"1732","Cluster_18389","3prime_UTR::chr8:17182759-17183759(+)",164,-20.35,"2 21","245 267",19,"73.68%","78.95%","Ahyacinthus14097"
"1733","Cluster_18389","3prime_UTR::chr8:19937969-19938969(-)",159,-21.15,"2 21","849 870",20,"80.00%","85.00%","Ahyacinthus14232"
"1734","Cluster_18389","3prime_UTR::chr8:19988668-19989668(-)",160,-21.76,"2 22","850 869",20,"80.00%","80.00%","Ahyacinthus14236"
"1735","Cluster_18389","3prime_UTR::chr8:21373337-21374337(+)",152,-21.76,"2 22","202 231",27,"62.96%","66.67%","Ahyacinthus14299"
"1736","Cluster_18389","3prime_UTR::chr8:23161907-23162907(+)",160,-22.19,"2 18","430 454",18,"77.78%","83.33%","Ahyacinthus14444"
"1737","Cluster_18389","3prime_UTR::chr8:5429083-5430083(-)",159,-20.67,"2 22","37 63",24,"66.67%","79.17%","Ahyacinthus13426"
"1738","Cluster_18389","3prime_UTR::chr9:13366316-13367316(+)",158,-20.31,"2 21","713 739",23,"69.57%","78.26%","Ahyacinthus15671"
"1739","Cluster_18389","3prime_UTR::chr9:28271760-28272428(+)",162,-20.76,"2 22","291 311",20,"70.00%","85.00%","Ahyacinthus16734"
"1740","Cluster_18389","3prime_UTR::chr9:28271760-28272760(+)",162,-20.76,"2 22","291 311",20,"70.00%","85.00%","Ahyacinthus16735"
"1741","Cluster_18389","3prime_UTR::chr9:28582597-28583597(+)",163,-22.75,"2 22","193 214",20,"65.00%","90.00%","Ahyacinthus16772"
"1742","Cluster_18389","3prime_UTR::chr9:8968076-8969076(-)",152,-23.13,"2 22","860 883",21,"66.67%","71.43%","Ahyacinthus15432"
"1743","Cluster_18389","3prime_UTR::chr9:926463-927463(+)",161,-21.66,"2 20","636 662",22,"72.73%","81.82%","Ahyacinthus14852"
"1744","Cluster_18389","3prime_UTR::sc016:213111-214111(-)",169,-22.08,"2 22","610 632",20,"75.00%","80.00%","Ahyacinthus24876"
"1745","Cluster_18389","3prime_UTR::sc026:58366-59366(-)",163,-21.03,"2 19","495 517",18,"83.33%","88.89%","Ahyacinthus25011"
"1746","Cluster_18389","3prime_UTR::sc071:182686-183686(+)",165,-23.68,"2 20","720 741",18,"77.78%","88.89%","Ahyacinthus25651"
"1747","Cluster_18389","3prime_UTR::sc118:68784-69784(+)",177,-27.15,"2 22","390 412",20,"80.00%","85.00%","Ahyacinthus26014"
"1748","Cluster_18389","3prime_UTR::sc148:52912-53912(-)",169,-22.13,"2 22","290 312",20,"75.00%","80.00%","Ahyacinthus26178"
"1749","Cluster_18389","3prime_UTR::sc217:19216-20216(-)",159,-20.45,"2 19","897 920",19,"78.95%","84.21%","Ahyacinthus26461"
"1750","Cluster_18389","3prime_UTR::sc254:30811-31811(-)",166,-21.81,"2 21","130 155",22,"77.27%","81.82%","Ahyacinthus26603"
"1751","Cluster_18389","3prime_UTR::sc368:837-1837(-)",162,-20.76,"2 22","667 687",20,"70.00%","85.00%","Ahyacinthus26842"
"1752","Cluster_18389","3prime_UTR::sc428:13820-14820(-)",160,-22.29,"2 18","375 398",17,"76.47%","88.24%","Ahyacinthus26912"
"1753","Cluster_18389","3prime_UTR::sc509:13493-14493(+)",165,-21,"2 19","394 417",18,"77.78%","88.89%","Ahyacinthus26983"
"1754","Cluster_18872","3prime_UTR::chr10:1085185-1086185(-)",166,-20.73,"2 21","228 248",19,"73.68%","89.47%","Ahyacinthus16829"
"1755","Cluster_18872","3prime_UTR::chr10:1085885-1086185(-)",166,-20.73,"2 21","228 248",19,"73.68%","89.47%","Ahyacinthus16830"
"1756","Cluster_18872","3prime_UTR::chr10:4778292-4779292(-)",156,-22.04,"2 21","256 277",19,"57.89%","84.21%","Ahyacinthus17065"
"1757","Cluster_18872","3prime_UTR::chr10:5849999-5850999(+)",151,-21.66,"2 21","436 462",24,"58.33%","75.00%","Ahyacinthus17113"
"1758","Cluster_18872","3prime_UTR::chr11:10350082-10351082(+)",158,-20.01,"2 20","727 749",19,"73.68%","78.95%","Ahyacinthus19049"
"1759","Cluster_18872","3prime_UTR::chr11:13529518-13530518(-)",156,-22.2,"2 21","504 525",19,"63.16%","78.95%","Ahyacinthus19294"
"1760","Cluster_18872","3prime_UTR::chr11:14555154-14556154(+)",166,-24.45,"2 21","10 30",19,"73.68%","89.47%","Ahyacinthus19360"
"1761","Cluster_18872","3prime_UTR::chr11:15217751-15218751(-)",154,-20.81,"2 20","126 150",21,"66.67%","76.19%","Ahyacinthus19398"
"1762","Cluster_18872","3prime_UTR::chr11:17703361-17704361(+)",161,-20.42,"2 20","5 25",18,"72.22%","88.89%","Ahyacinthus19541"
"1763","Cluster_18872","3prime_UTR::chr11:22914101-22915101(+)",165,-23.64,"2 21","937 962",23,"78.26%","82.61%","Ahyacinthus19938"
"1764","Cluster_18872","3prime_UTR::chr11:3026975-3027975(-)",165,-22.56,"2 21","557 578",20,"80.00%","85.00%","Ahyacinthus18515"
"1765","Cluster_18872","3prime_UTR::chr11:4304724-4305724(-)",170,-21.07,"2 21","16 36",19,"78.95%","89.47%","Ahyacinthus18613"
"1766","Cluster_18872","3prime_UTR::chr11:5555103-5556103(+)",164,-20.32,"2 21","74 95",19,"73.68%","78.95%","Ahyacinthus18705"
"1767","Cluster_18872","3prime_UTR::chr11:5723608-5724608(-)",158,-20.29,"2 20","317 341",21,"71.43%","76.19%","Ahyacinthus18719"
"1768","Cluster_18872","3prime_UTR::chr11:6923332-6924332(-)",167,-21.46,"2 21","609 631",20,"75.00%","85.00%","Ahyacinthus18801"
"1769","Cluster_18872","3prime_UTR::chr11:7131098-7132098(-)",166,-23.09,"2 21","506 526",19,"73.68%","89.47%","Ahyacinthus18810"
"1770","Cluster_18872","3prime_UTR::chr12:11323416-11324351(-)",161,-20.48,"2 20","870 890",18,"77.78%","83.33%","Ahyacinthus20948"
"1771","Cluster_18872","3prime_UTR::chr12:14540723-14541723(+)",150,-24.8,"2 21","509 532",21,"61.90%","80.95%","Ahyacinthus21233"
"1772","Cluster_18872","3prime_UTR::chr12:6579831-6580831(+)",166,-22.84,"2 21","839 859",19,"78.95%","84.21%","Ahyacinthus20518"
"1773","Cluster_18872","3prime_UTR::chr12:7851598-7852598(-)",160,-22.19,"2 21","794 816",21,"76.19%","85.71%","Ahyacinthus20614"
"1774","Cluster_18872","3prime_UTR::chr12:8245040-8245467(-)",159,-22.64,"2 18","157 181",19,"78.95%","84.21%","Ahyacinthus20647"
"1775","Cluster_18872","3prime_UTR::chr12:8624338-8625338(+)",151,-21.43,"2 21","935 957",20,"65.00%","75.00%","Ahyacinthus20689"
"1776","Cluster_18872","3prime_UTR::chr12:9003864-9004864(+)",158,-20.16,"2 17","594 617",17,"82.35%","88.24%","Ahyacinthus20726"
"1777","Cluster_18872","3prime_UTR::chr12:9673925-9674513(+)",172,-21.87,"2 21","290 311",19,"73.68%","89.47%","Ahyacinthus20785"
"1778","Cluster_18872","3prime_UTR::chr13:1012850-1013850(+)",157,-20.48,"2 21","584 603",19,"68.42%","84.21%","Ahyacinthus21838"
"1779","Cluster_18872","3prime_UTR::chr13:12992758-12993758(-)",176,-24.37,"2 21","586 607",19,"84.21%","84.21%","Ahyacinthus22602"
"1780","Cluster_18872","3prime_UTR::chr13:15057168-15057515(-)",166,-25.88,"2 20","113 137",21,"71.43%","85.71%","Ahyacinthus22797"
"1781","Cluster_18872","3prime_UTR::chr13:15391349-15392349(+)",157,-20.53,"2 21","396 418",21,"71.43%","80.95%","Ahyacinthus22826"
"1782","Cluster_18872","3prime_UTR::chr13:16991442-16992442(+)",163,-24.38,"2 21","630 652",20,"75.00%","80.00%","Ahyacinthus22910"
"1783","Cluster_18872","3prime_UTR::chr13:3878836-3879836(-)",164,-23.13,"2 21","748 767",19,"78.95%","89.47%","Ahyacinthus22027"
"1784","Cluster_18872","3prime_UTR::chr14:16232800-16233800(-)",163,-23.18,"2 21","122 144",20,"65.00%","90.00%","Ahyacinthus24084"
"1785","Cluster_18872","3prime_UTR::chr14:20519310-20520310(+)",172,-23.63,"2 21","498 519",19,"78.95%","84.21%","Ahyacinthus24295"
"1786","Cluster_18872","3prime_UTR::chr14:21772052-21773052(-)",165,-20.19,"2 21","226 247",20,"75.00%","90.00%","Ahyacinthus24388"
"1787","Cluster_18872","3prime_UTR::chr14:21992450-21993450(-)",165,-22.12,"2 20","429 449",18,"77.78%","88.89%","Ahyacinthus24407"
"1788","Cluster_18872","3prime_UTR::chr1:10801533-10801751(+)",167,-22.76,"2 20","13 34",18,"77.78%","83.33%","Ahyacinthus00562"
"1789","Cluster_18872","3prime_UTR::chr1:17953324-17954324(+)",177,-28.09,"2 20","156 176",18,"88.89%","94.44%","Ahyacinthus00830"
"1790","Cluster_18872","3prime_UTR::chr1:20472460-20473460(+)",166,-20.44,"2 17","63 83",15,"93.33%","93.33%","Ahyacinthus00908"
"1791","Cluster_18872","3prime_UTR::chr1:30098813-30099813(-)",170,-21.87,"2 19","578 599",17,"82.35%","88.24%","Ahyacinthus01295"
"1792","Cluster_18872","3prime_UTR::chr1:30428944-30429944(-)",164,-20.22,"2 21","468 489",19,"73.68%","78.95%","Ahyacinthus01327"
"1793","Cluster_18872","3prime_UTR::chr2:10731663-10732663(+)",162,-21,"2 19","902 923",17,"76.47%","82.35%","Ahyacinthus02613"
"1794","Cluster_18872","3prime_UTR::chr2:1192561-1193561(+)",163,-20.63,"2 18","1 21",16,"87.50%","87.50%","Ahyacinthus01826"
"1795","Cluster_18872","3prime_UTR::chr2:12369657-12370657(-)",159,-23.66,"2 20","222 241",18,"77.78%","88.89%","Ahyacinthus02746"
"1796","Cluster_18872","3prime_UTR::chr2:12493881-12494881(-)",158,-20.19,"2 21","188 208",19,"68.42%","84.21%","Ahyacinthus02755"
"1797","Cluster_18872","3prime_UTR::chr2:21350580-21351580(+)",175,-25.65,"2 21","460 483",21,"80.95%","85.71%","Ahyacinthus03297"
"1798","Cluster_18872","3prime_UTR::chr2:7092947-7093947(-)",157,-20.42,"2 21","281 306",23,"73.91%","78.26%","Ahyacinthus02357"
"1799","Cluster_18872","3prime_UTR::chr3:10091924-10092924(+)",173,-27.11,"2 20","700 720",18,"83.33%","94.44%","Ahyacinthus04044"
"1800","Cluster_18872","3prime_UTR::chr3:10591753-10592753(+)",163,-20.42,"2 18","915 935",16,"87.50%","87.50%","Ahyacinthus04083"
"1801","Cluster_18872","3prime_UTR::chr3:12519426-12520426(-)",161,-22.72,"2 21","443 466",22,"72.73%","81.82%","Ahyacinthus04188"
"1802","Cluster_18872","3prime_UTR::chr3:12539359-12540359(+)",148,-23.07,"2 21","381 401",20,"65.00%","80.00%","Ahyacinthus04190"
"1803","Cluster_18872","3prime_UTR::chr3:14263668-14264668(+)",168,-21.89,"2 17","301 322",15,"86.67%","93.33%","Ahyacinthus04272"
"1804","Cluster_18872","3prime_UTR::chr3:15933647-15934647(+)",155,-20.13,"2 21","812 834",20,"60.00%","85.00%","Ahyacinthus04384"
"1805","Cluster_18872","3prime_UTR::chr3:21990127-21991127(+)",162,-23.06,"2 21","514 538",22,"72.73%","81.82%","Ahyacinthus04833"
"1806","Cluster_18872","3prime_UTR::chr3:23038978-23039978(+)",161,-20.76,"2 19","355 377",18,"77.78%","83.33%","Ahyacinthus04922"
"1807","Cluster_18872","3prime_UTR::chr3:23330523-23331523(-)",166,-21.82,"2 21","64 84",19,"73.68%","89.47%","Ahyacinthus04947"
"1808","Cluster_18872","3prime_UTR::chr3:2594019-2595019(-)",169,-21.92,"2 21","864 885",20,"80.00%","90.00%","Ahyacinthus03534"
"1809","Cluster_18872","3prime_UTR::chr3:8668236-8669236(+)",164,-20.25,"2 19","200 220",17,"82.35%","88.24%","Ahyacinthus03942"
"1810","Cluster_18872","3prime_UTR::chr3:8917469-8918469(-)",145,-20.56,"2 19","20 42",18,"55.56%","83.33%","Ahyacinthus03961"
"1811","Cluster_18872","3prime_UTR::chr4:21193831-21194831(+)",160,-20.77,"2 21","207 228",19,"63.16%","84.21%","Ahyacinthus06557"
"1812","Cluster_18872","3prime_UTR::chr4:21198296-21199296(+)",163,-20.87,"2 20","122 143",18,"66.67%","88.89%","Ahyacinthus06559"
"1813","Cluster_18872","3prime_UTR::chr4:21201344-21202344(+)",160,-20.77,"2 21","489 510",19,"63.16%","84.21%","Ahyacinthus06560"
"1814","Cluster_18872","3prime_UTR::chr4:21206726-21207726(+)",160,-20.77,"2 21","215 236",19,"63.16%","84.21%","Ahyacinthus06561"
"1815","Cluster_18872","3prime_UTR::chr4:22952562-22953562(+)",164,-20.34,"2 20","545 566",19,"78.95%","89.47%","Ahyacinthus06675"
"1816","Cluster_18872","3prime_UTR::chr4:23177307-23178307(-)",159,-21.71,"2 21","798 820",20,"70.00%","80.00%","Ahyacinthus06696"
"1817","Cluster_18872","3prime_UTR::chr4:25271195-25272195(+)",158,-22.19,"2 20","190 213",20,"70.00%","80.00%","Ahyacinthus06826"
"1818","Cluster_18872","3prime_UTR::chr4:3267471-3268471(-)",155,-23.74,"2 21","752 778",24,"66.67%","70.83%","Ahyacinthus05433"
"1819","Cluster_18872","3prime_UTR::chr4:5403091-5404091(-)",164,-21.28,"2 20","122 141",18,"77.78%","88.89%","Ahyacinthus05585"
"1820","Cluster_18872","3prime_UTR::chr4:813823-814823(+)",167,-21.37,"2 21","668 690",20,"75.00%","85.00%","Ahyacinthus05255"
"1821","Cluster_18872","3prime_UTR::chr5:19586435-19587405(+)",175,-21.01,"2 21","796 818",20,"85.00%","85.00%","Ahyacinthus07766"
"1822","Cluster_18872","3prime_UTR::chr5:30796276-30797276(-)",158,-21.26,"2 20","341 363",19,"63.16%","89.47%","Ahyacinthus08433"
"1823","Cluster_18872","3prime_UTR::chr5:32645895-32646895(+)",163,-23.42,"2 21","224 247",21,"71.43%","80.95%","Ahyacinthus08576"
"1824","Cluster_18872","3prime_UTR::chr5:32702140-32703140(+)",145,-22.38,"2 21","40 62",21,"61.90%","76.19%","Ahyacinthus08580"
"1825","Cluster_18872","3prime_UTR::chr5:734727-735727(-)",156,-20.48,"2 21","213 232",19,"73.68%","84.21%","Ahyacinthus06987"
"1826","Cluster_18872","3prime_UTR::chr5:9663949-9664949(-)",161,-22.43,"2 21","755 781",24,"75.00%","79.17%","Ahyacinthus07337"
"1827","Cluster_18872","3prime_UTR::chr6:12382120-12383120(-)",163,-25.73,"2 21","762 787",23,"69.57%","78.26%","Ahyacinthus09476"
"1828","Cluster_18872","3prime_UTR::chr6:13995779-13996779(+)",162,-22.16,"2 21","647 670",21,"71.43%","85.71%","Ahyacinthus09569"
"1829","Cluster_18872","3prime_UTR::chr6:1590976-1591976(+)",159,-21.84,"2 21","357 379",20,"65.00%","85.00%","Ahyacinthus08758"
"1830","Cluster_18872","3prime_UTR::chr6:20668809-20669809(+)",159,-20.68,"2 20","444 465",18,"66.67%","83.33%","Ahyacinthus09976"
"1831","Cluster_18872","3prime_UTR::chr6:21662907-21663741(+)",163,-20.82,"2 16","143 164",14,"85.71%","92.86%","Ahyacinthus10059"
"1832","Cluster_18872","3prime_UTR::chr6:23021606-23022606(+)",166,-24.09,"2 21","260 283",21,"76.19%","85.71%","Ahyacinthus10165"
"1833","Cluster_18872","3prime_UTR::chr6:23178188-23179188(-)",173,-22,"2 18","19 40",16,"87.50%","93.75%","Ahyacinthus10172"
"1834","Cluster_18872","3prime_UTR::chr6:28941591-28942408(+)",168,-21.83,"2 21","586 607",19,"73.68%","84.21%","Ahyacinthus10635"
"1835","Cluster_18872","3prime_UTR::chr6:30783044-30784044(+)",157,-21.24,"2 19","315 337",18,"72.22%","83.33%","Ahyacinthus10772"
"1836","Cluster_18872","3prime_UTR::chr7:12267459-12268459(-)",160,-21.78,"2 21","115 136",19,"63.16%","84.21%","Ahyacinthus11726"
"1837","Cluster_18872","3prime_UTR::chr7:1738620-1739620(-)",160,-20.17,"2 19","6 29",19,"78.95%","84.21%","Ahyacinthus11039"
"1838","Cluster_18872","3prime_UTR::chr7:2033791-2034791(-)",173,-21.3,"2 20","42 62",18,"88.89%","88.89%","Ahyacinthus11063"
"1839","Cluster_18872","3prime_UTR::chr7:20551761-20552761(+)",164,-20.69,"2 21","106 127",19,"68.42%","84.21%","Ahyacinthus12259"
"1840","Cluster_18872","3prime_UTR::chr7:20993079-20994079(+)",167,-21.73,"2 21","560 583",21,"71.43%","85.71%","Ahyacinthus12308"
"1841","Cluster_18872","3prime_UTR::chr7:22019391-22020391(+)",159,-20.64,"2 20","90 112",20,"80.00%","85.00%","Ahyacinthus12389"
"1842","Cluster_18872","3prime_UTR::chr7:23261791-23262791(+)",154,-21.57,"2 21","505 528",21,"66.67%","80.95%","Ahyacinthus12471"
"1843","Cluster_18872","3prime_UTR::chr7:29696290-29697290(-)",172,-23.04,"2 19","762 782",17,"88.24%","94.12%","Ahyacinthus12935"
"1844","Cluster_18872","3prime_UTR::chr7:30548282-30549282(-)",168,-23.8,"2 21","334 355",19,"73.68%","84.21%","Ahyacinthus13018"
"1845","Cluster_18872","3prime_UTR::chr7:5071058-5072058(-)",171,-20.25,"2 20","315 336",18,"83.33%","83.33%","Ahyacinthus11287"
"1846","Cluster_18872","3prime_UTR::chr7:5173184-5174184(-)",157,-20.62,"2 21","845 864",19,"68.42%","84.21%","Ahyacinthus11297"
"1847","Cluster_18872","3prime_UTR::chr7:6406666-6407666(-)",158,-22.04,"2 20","411 435",21,"71.43%","76.19%","Ahyacinthus11411"
"1848","Cluster_18872","3prime_UTR::chr8:10540141-10541141(+)",166,-24.83,"2 21","628 653",23,"73.91%","82.61%","Ahyacinthus13756"
"1849","Cluster_18872","3prime_UTR::chr8:18061506-18062506(+)",173,-27.11,"2 20","681 701",18,"83.33%","94.44%","Ahyacinthus14137"
"1850","Cluster_18872","3prime_UTR::chr8:22007138-22008138(-)",145,-21.17,"2 21","644 663",19,"63.16%","73.68%","Ahyacinthus14354"
"1851","Cluster_18872","3prime_UTR::chr8:22674424-22675424(+)",158,-21.26,"2 21","587 610",21,"71.43%","80.95%","Ahyacinthus14405"
"1852","Cluster_18872","3prime_UTR::chr8:23067437-23068437(+)",161,-21.91,"2 20","864 884",18,"72.22%","88.89%","Ahyacinthus14436"
"1853","Cluster_18872","3prime_UTR::chr8:6494877-6495877(-)",164,-21.87,"2 21","871 892",19,"68.42%","84.21%","Ahyacinthus13477"
"1854","Cluster_18872","3prime_UTR::chr8:9281654-9282654(+)",169,-22.04,"2 19","387 410",19,"78.95%","89.47%","Ahyacinthus13651"
"1855","Cluster_18872","3prime_UTR::chr8:9347785-9348785(+)",154,-20.61,"2 20","837 860",20,"70.00%","75.00%","Ahyacinthus13658"
"1856","Cluster_18872","3prime_UTR::chr8:9520974-9521974(-)",167,-21.07,"2 21","680 703",21,"76.19%","80.95%","Ahyacinthus13676"
"1857","Cluster_18872","3prime_UTR::chr9:10429510-10430510(-)",159,-26.42,"2 21","670 692",20,"65.00%","85.00%","Ahyacinthus15518"
"1858","Cluster_18872","3prime_UTR::chr9:19993105-19993960(-)",159,-23.22,"2 21","377 400",21,"71.43%","76.19%","Ahyacinthus16175"
"1859","Cluster_18872","3prime_UTR::chr9:2279248-2280248(+)",157,-24.03,"2 21","807 828",20,"75.00%","80.00%","Ahyacinthus14971"
"1860","Cluster_18872","3prime_UTR::chr9:23443692-23444692(-)",155,-22.88,"2 21","594 617",21,"66.67%","76.19%","Ahyacinthus16375"
"1861","Cluster_18872","3prime_UTR::chr9:23924017-23925017(+)",160,-20.06,"2 17","159 180",15,"80.00%","86.67%","Ahyacinthus16420"
"1862","Cluster_18872","3prime_UTR::chr9:2555854-2556854(+)",160,-20.36,"2 20","679 700",19,"78.95%","84.21%","Ahyacinthus14992"
"1863","Cluster_18872","3prime_UTR::chr9:28602356-28603356(-)",161,-22.02,"2 14","322 343",12,"91.67%","100.00%","Ahyacinthus16774"
"1864","Cluster_18872","3prime_UTR::chr9:5828319-5829319(-)",153,-21.77,"2 20","690 713",20,"65.00%","85.00%","Ahyacinthus15211"
"1865","Cluster_18872","3prime_UTR::chr9:6969806-6970806(+)",158,-21.9,"2 20","894 918",21,"66.67%","80.95%","Ahyacinthus15292"
"1866","Cluster_18872","3prime_UTR::sc004:405444-406444(+)",160,-22.04,"2 18","186 208",17,"76.47%","88.24%","Ahyacinthus24606"
"1867","Cluster_18872","3prime_UTR::sc008:256332-257332(-)",151,-20.58,"2 18","200 223",18,"72.22%","83.33%","Ahyacinthus24686"
"1868","Cluster_18872","3prime_UTR::sc013:304620-305620(-)",160,-21.59,"2 18","777 799",17,"70.59%","94.12%","Ahyacinthus24822"
"1869","Cluster_18872","3prime_UTR::sc040:155449-156449(-)",169,-20.23,"2 18","112 133",16,"81.25%","93.75%","Ahyacinthus25234"
"1870","Cluster_18872","3prime_UTR::sc040:165727-166727(-)",169,-20.23,"2 18","112 133",16,"81.25%","93.75%","Ahyacinthus25235"
"1871","Cluster_18872","3prime_UTR::sc040:179867-180867(-)",169,-20.23,"2 18","112 133",16,"81.25%","93.75%","Ahyacinthus25236"
"1872","Cluster_18872","3prime_UTR::sc054:0-310(-)",170,-22.99,"2 20","231 253",19,"78.95%","89.47%","Ahyacinthus25401"
"1873","Cluster_18872","3prime_UTR::sc064:65609-65982(+)",170,-25.03,"2 21","68 94",24,"79.17%","79.17%","Ahyacinthus25544"
"1874","Cluster_18872","3prime_UTR::sc085:90201-91072(+)",150,-20.18,"2 17","438 458",15,"66.67%","93.33%","Ahyacinthus25776"
"1875","Cluster_18872","3prime_UTR::sc135:72823-73823(-)",167,-22.27,"2 20","839 860",18,"72.22%","88.89%","Ahyacinthus26095"
"1876","Cluster_18872","3prime_UTR::sc232:47832-48832(+)",151,-21.81,"2 21","537 563",24,"62.50%","70.83%","Ahyacinthus26518"
"1877","Cluster_18872","3prime_UTR::sc280:14570-15570(+)",167,-24.73,"2 21","278 301",21,"71.43%","85.71%","Ahyacinthus26677"
"1878","Cluster_1975","3prime_UTR::chr10:10046313-10047313(+)",142,-20.31,"2 21","520 549",27,"62.96%","62.96%","Ahyacinthus17352"
"1879","Cluster_1975","3prime_UTR::chr10:12295692-12296692(+)",147,-22.34,"2 20","518 545",24,"70.83%","75.00%","Ahyacinthus17534"
"1880","Cluster_1975","3prime_UTR::chr10:18218837-18219837(+)",158,-22.93,"2 21","641 665",22,"72.73%","77.27%","Ahyacinthus17949"
"1881","Cluster_1975","3prime_UTR::chr10:18516164-18517164(+)",146,-21.54,"2 21","682 705",21,"66.67%","71.43%","Ahyacinthus17974"
"1882","Cluster_1975","3prime_UTR::chr10:2151611-2152611(+)",157,-21.33,"2 15","176 199",15,"86.67%","86.67%","Ahyacinthus16903"
"1883","Cluster_1975","3prime_UTR::chr10:23076369-23077369(+)",146,-23.81,"2 20","450 467",18,"72.22%","72.22%","Ahyacinthus18112"
"1884","Cluster_1975","3prime_UTR::chr10:5653077-5653686(+)",156,-23.64,"2 21","110 131",19,"68.42%","73.68%","Ahyacinthus17100"
"1885","Cluster_1975","3prime_UTR::chr10:8146308-8147308(-)",153,-21.97,"2 21","145 169",22,"68.18%","81.82%","Ahyacinthus17215"
"1886","Cluster_1975","3prime_UTR::chr11:10872250-10873250(-)",154,-20.78,"2 20","976 999",20,"70.00%","75.00%","Ahyacinthus19101"
"1887","Cluster_1975","3prime_UTR::chr11:13730115-13731115(-)",168,-23.87,"2 21","942 963",19,"73.68%","84.21%","Ahyacinthus19300"
"1888","Cluster_1975","3prime_UTR::chr11:14426579-14427579(-)",151,-22.5,"2 21","39 63",22,"59.09%","77.27%","Ahyacinthus19348"
"1889","Cluster_1975","3prime_UTR::chr11:16391181-16392181(-)",156,-22.49,"2 21","531 550",19,"68.42%","89.47%","Ahyacinthus19456"
"1890","Cluster_1975","3prime_UTR::chr11:18919618-18920007(-)",159,-20.76,"2 20","361 382",18,"72.22%","77.78%","Ahyacinthus19616"
"1891","Cluster_1975","3prime_UTR::chr11:20753849-20754849(-)",161,-22.4,"2 18","468 489",16,"75.00%","87.50%","Ahyacinthus19748"
"1892","Cluster_1975","3prime_UTR::chr11:23272967-23273967(-)",153,-24.5,"2 21","247 274",25,"68.00%","76.00%","Ahyacinthus19967"
"1893","Cluster_1975","3prime_UTR::chr11:23448224-23449224(-)",149,-22.85,"2 21","346 370",23,"65.22%","73.91%","Ahyacinthus19981"
"1894","Cluster_1975","3prime_UTR::chr11:2435476-2436476(+)",167,-26.25,"2 20","902 923",18,"72.22%","88.89%","Ahyacinthus18465"
"1895","Cluster_1975","3prime_UTR::chr11:2557556-2558556(-)",153,-20.66,"2 20","865 890",22,"68.18%","77.27%","Ahyacinthus18480"
"1896","Cluster_1975","3prime_UTR::chr11:4368386-4369386(+)",159,-20.63,"2 16","688 709",14,"78.57%","92.86%","Ahyacinthus18617"
"1897","Cluster_1975","3prime_UTR::chr11:5181586-5182586(+)",158,-21.89,"2 17","874 894",15,"80.00%","93.33%","Ahyacinthus18686"
"1898","Cluster_1975","3prime_UTR::chr11:8416085-8417085(+)",150,-21.45,"2 21","966 993",25,"68.00%","68.00%","Ahyacinthus18902"
"1899","Cluster_1975","3prime_UTR::chr12:11036391-11036939(-)",156,-21.48,"2 17","200 221",15,"80.00%","80.00%","Ahyacinthus20912"
"1900","Cluster_1975","3prime_UTR::chr12:11148552-11149552(-)",168,-27.19,"2 21","15 36",19,"73.68%","84.21%","Ahyacinthus20926"
"1901","Cluster_1975","3prime_UTR::chr12:11222331-11223331(-)",153,-25.42,"2 21","685 706",20,"75.00%","75.00%","Ahyacinthus20937"
"1902","Cluster_1975","3prime_UTR::chr12:14930823-14931823(-)",146,-24.47,"2 21","487 513",24,"62.50%","70.83%","Ahyacinthus21267"
"1903","Cluster_1975","3prime_UTR::chr12:1505437-1506437(-)",154,-25.3,"2 21","509 534",23,"69.57%","73.91%","Ahyacinthus20128"
"1904","Cluster_1975","3prime_UTR::chr12:16459617-16460617(+)",153,-21.69,"2 20","518 543",22,"68.18%","77.27%","Ahyacinthus21361"
"1905","Cluster_1975","3prime_UTR::chr12:16638484-16639484(-)",166,-23.27,"2 19","88 109",17,"76.47%","88.24%","Ahyacinthus21366"
"1906","Cluster_1975","3prime_UTR::chr12:16739229-16740229(+)",156,-22.3,"2 19","397 422",21,"76.19%","76.19%","Ahyacinthus21370"
"1907","Cluster_1975","3prime_UTR::chr12:20153966-20154966(+)",158,-22.12,"2 15","245 266",13,"84.62%","92.31%","Ahyacinthus21553"
"1908","Cluster_1975","3prime_UTR::chr12:22763538-22764538(-)",145,-21.14,"2 10","458 479",8,"100.00%","100.00%","Ahyacinthus21724"
"1909","Cluster_1975","3prime_UTR::chr12:22763846-22764538(-)",145,-21.14,"2 10","458 479",8,"100.00%","100.00%","Ahyacinthus21725"
"1910","Cluster_1975","3prime_UTR::chr12:23274689-23275689(+)",157,-21.23,"2 19","959 981",18,"72.22%","83.33%","Ahyacinthus21758"
"1911","Cluster_1975","3prime_UTR::chr12:9381809-9382809(+)",155,-24.15,"2 21","300 324",22,"68.18%","72.73%","Ahyacinthus20757"
"1912","Cluster_1975","3prime_UTR::chr13:10615926-10616926(+)",150,-20.47,"2 18","789 810",17,"76.47%","82.35%","Ahyacinthus22407"
"1913","Cluster_1975","3prime_UTR::chr13:12655507-12656507(-)",145,-20.1,"2 10","950 971",8,"100.00%","100.00%","Ahyacinthus22568"
"1914","Cluster_1975","3prime_UTR::chr13:1286230-1287230(-)",160,-22.16,"2 21","123 144",19,"68.42%","78.95%","Ahyacinthus21863"
"1915","Cluster_1975","3prime_UTR::chr13:12991826-12992826(+)",157,-20.63,"2 20","935 958",20,"75.00%","80.00%","Ahyacinthus22601"
"1916","Cluster_1975","3prime_UTR::chr13:13621380-13622183(-)",150,-20.16,"2 19","759 778",17,"76.47%","82.35%","Ahyacinthus22657"
"1917","Cluster_1975","3prime_UTR::chr13:19720555-19721555(-)",160,-20.92,"2 21","960 981",19,"68.42%","78.95%","Ahyacinthus22990"
"1918","Cluster_1975","3prime_UTR::chr13:20628741-20629741(-)",157,-20.27,"2 20","968 988",18,"72.22%","83.33%","Ahyacinthus23019"
"1919","Cluster_1975","3prime_UTR::chr14:10784256-10785122(+)",154,-20.2,"2 21","652 672",19,"68.42%","78.95%","Ahyacinthus23822"
"1920","Cluster_1975","3prime_UTR::chr14:10876198-10877198(-)",154,-20.45,"2 20","581 603",19,"63.16%","84.21%","Ahyacinthus23829"
"1921","Cluster_1975","3prime_UTR::chr14:11020397-11021397(+)",167,-23.97,"2 20","406 427",18,"77.78%","83.33%","Ahyacinthus23845"
"1922","Cluster_1975","3prime_UTR::chr14:12000858-12001858(+)",159,-22.13,"2 18","248 268",16,"81.25%","87.50%","Ahyacinthus23898"
"1923","Cluster_1975","3prime_UTR::chr14:21714074-21715074(+)",147,-21.86,"2 21","333 355",20,"60.00%","75.00%","Ahyacinthus24382"
"1924","Cluster_1975","3prime_UTR::chr14:23558210-23559210(+)",149,-21.16,"2 21","758 777",19,"63.16%","78.95%","Ahyacinthus24503"
"1925","Cluster_1975","3prime_UTR::chr14:2491682-2492682(+)",163,-22.05,"2 20","902 923",18,"72.22%","83.33%","Ahyacinthus23361"
"1926","Cluster_1975","3prime_UTR::chr1:16617079-16618079(-)",149,-23.92,"2 20","588 608",18,"72.22%","72.22%","Ahyacinthus00804"
"1927","Cluster_1975","3prime_UTR::chr1:18429940-18430940(+)",154,-20.25,"2 16","218 241",16,"75.00%","87.50%","Ahyacinthus00844"
"1928","Cluster_1975","3prime_UTR::chr1:2834615-2835615(-)",155,-21.25,"2 12","924 945",10,"100.00%","100.00%","Ahyacinthus00162"
"1929","Cluster_1975","3prime_UTR::chr1:28471132-28472132(-)",160,-20.95,"2 21","192 213",19,"68.42%","78.95%","Ahyacinthus01181"
"1930","Cluster_1975","3prime_UTR::chr1:29525655-29526655(-)",158,-21.62,"2 17","358 381",17,"82.35%","88.24%","Ahyacinthus01253"
"1931","Cluster_1975","3prime_UTR::chr1:30622318-30623318(-)",164,-21.12,"2 21","239 260",19,"68.42%","84.21%","Ahyacinthus01347"
"1932","Cluster_1975","3prime_UTR::chr1:31952814-31953814(+)",152,-20.43,"2 20","790 811",19,"73.68%","78.95%","Ahyacinthus01461"
"1933","Cluster_1975","3prime_UTR::chr1:32541395-32541895(+)",147,-21.11,"2 15","80 99",13,"84.62%","84.62%","Ahyacinthus01530"
"1934","Cluster_1975","3prime_UTR::chr1:33135320-33136320(-)",161,-21.1,"2 16","859 879",14,"92.86%","92.86%","Ahyacinthus01586"
"1935","Cluster_1975","3prime_UTR::chr1:33280614-33281614(-)",165,-25.21,"2 21","365 386",20,"80.00%","85.00%","Ahyacinthus01603"
"1936","Cluster_1975","3prime_UTR::chr1:4092136-4093136(+)",151,-22.23,"2 21","692 714",20,"70.00%","70.00%","Ahyacinthus00254"
"1937","Cluster_1975","3prime_UTR::chr1:4352254-4353254(+)",143,-22.21,"2 21","656 681",23,"56.52%","69.57%","Ahyacinthus00274"
"1938","Cluster_1975","3prime_UTR::chr2:10237182-10238182(+)",160,-24.03,"2 18","954 977",18,"77.78%","83.33%","Ahyacinthus02582"
"1939","Cluster_1975","3prime_UTR::chr2:12541182-12542182(-)",164,-25.12,"2 19","486 509",19,"78.95%","89.47%","Ahyacinthus02757"
"1940","Cluster_1975","3prime_UTR::chr2:13174246-13175246(-)",170,-26.11,"2 20","699 722",20,"80.00%","85.00%","Ahyacinthus02821"
"1941","Cluster_1975","3prime_UTR::chr2:14600899-14601899(-)",163,-23.31,"2 21","506 528",20,"75.00%","80.00%","Ahyacinthus02929"
"1942","Cluster_1975","3prime_UTR::chr2:1631425-1632425(-)",163,-24.15,"2 21","864 886",20,"75.00%","80.00%","Ahyacinthus01869"
"1943","Cluster_1975","3prime_UTR::chr2:16486577-16487577(-)",150,-20.38,"2 21","878 898",19,"68.42%","73.68%","Ahyacinthus03039"
"1944","Cluster_1975","3prime_UTR::chr2:18549001-18550001(-)",152,-23.52,"2 21","980 999",19,"73.68%","78.95%","Ahyacinthus03164"
"1945","Cluster_1975","3prime_UTR::chr2:4701253-4702253(+)",167,-26.25,"2 20","899 920",18,"72.22%","88.89%","Ahyacinthus02165"
"1946","Cluster_1975","3prime_UTR::chr2:5008070-5009070(-)",155,-21.42,"2 18","45 69",19,"73.68%","84.21%","Ahyacinthus02190"
"1947","Cluster_1975","3prime_UTR::chr2:5314604-5315604(-)",149,-20.69,"2 21","381 400",19,"68.42%","73.68%","Ahyacinthus02217"
"1948","Cluster_1975","3prime_UTR::chr2:8000403-8001403(+)",169,-26.67,"2 20","622 642",18,"83.33%","88.89%","Ahyacinthus02424"
"1949","Cluster_1975","3prime_UTR::chr2:8730970-8731970(-)",160,-21.05,"2 17","179 200",15,"80.00%","86.67%","Ahyacinthus02472"
"1950","Cluster_1975","3prime_UTR::chr3:14952837-14953837(-)",156,-21.45,"2 15","798 818",13,"92.31%","92.31%","Ahyacinthus04323"
"1951","Cluster_1975","3prime_UTR::chr3:15173609-15174609(+)",152,-22.86,"2 17","683 702",15,"86.67%","86.67%","Ahyacinthus04335"
"1952","Cluster_1975","3prime_UTR::chr3:17882971-17883971(+)",149,-21.66,"2 16","267 287",14,"78.57%","85.71%","Ahyacinthus04532"
"1953","Cluster_1975","3prime_UTR::chr3:19363486-19364486(+)",156,-22.67,"2 21","594 615",19,"63.16%","78.95%","Ahyacinthus04652"
"1954","Cluster_1975","3prime_UTR::chr3:23371122-23372122(+)",150,-24.56,"2 20","612 637",22,"63.64%","72.73%","Ahyacinthus04949"
"1955","Cluster_1975","3prime_UTR::chr3:26059833-26060833(-)",148,-21.13,"2 18","80 102",17,"70.59%","76.47%","Ahyacinthus05147"
"1956","Cluster_1975","3prime_UTR::chr4:14586759-14587759(-)",158,-20.12,"2 19","842 863",17,"70.59%","82.35%","Ahyacinthus06165"
"1957","Cluster_1975","3prime_UTR::chr4:22199801-22200801(-)",154,-22.37,"2 17","182 202",15,"80.00%","86.67%","Ahyacinthus06630"
"1958","Cluster_1975","3prime_UTR::chr4:3671042-3672042(+)",160,-25.4,"2 21","742 764",21,"80.95%","80.95%","Ahyacinthus05461"
"1959","Cluster_1975","3prime_UTR::chr4:4076066-4077066(+)",155,-20.52,"2 21","305 323",19,"78.95%","78.95%","Ahyacinthus05496"
"1960","Cluster_1975","3prime_UTR::chr4:5814326-5815326(-)",154,-21.12,"2 21","980 1000",19,"68.42%","78.95%","Ahyacinthus05626"
"1961","Cluster_1975","3prime_UTR::chr4:9447455-9448455(+)",155,-21.8,"2 17","917 939",16,"75.00%","87.50%","Ahyacinthus05892"
"1962","Cluster_1975","3prime_UTR::chr5:13081497-13081972(-)",145,-21.14,"2 10","284 305",8,"100.00%","100.00%","Ahyacinthus07499"
"1963","Cluster_1975","3prime_UTR::chr5:14183353-14184353(+)",168,-22.43,"2 19","408 428",17,"88.24%","88.24%","Ahyacinthus07538"
"1964","Cluster_1975","3prime_UTR::chr5:15793962-15794962(+)",166,-20.23,"2 19","974 995",17,"82.35%","82.35%","Ahyacinthus07610"
"1965","Cluster_1975","3prime_UTR::chr5:23021394-23022106(-)",151,-22.58,"2 18","468 491",18,"72.22%","83.33%","Ahyacinthus07888"
"1966","Cluster_1975","3prime_UTR::chr5:23075375-23076375(-)",151,-21.8,"2 18","465 488",18,"72.22%","83.33%","Ahyacinthus07892"
"1967","Cluster_1975","3prime_UTR::chr5:24142690-24143690(+)",157,-21.21,"2 21","332 351",19,"68.42%","84.21%","Ahyacinthus07934"
"1968","Cluster_1975","3prime_UTR::chr5:26245918-26246539(+)",153,-20.58,"2 19","311 334",19,"68.42%","78.95%","Ahyacinthus08041"
"1969","Cluster_1975","3prime_UTR::chr5:26465782-26466782(-)",151,-20.79,"2 17","878 900",16,"75.00%","81.25%","Ahyacinthus08054"
"1970","Cluster_1975","3prime_UTR::chr5:28817863-28818863(-)",152,-20.35,"2 21","161 180",19,"73.68%","78.95%","Ahyacinthus08273"
"1971","Cluster_1975","3prime_UTR::chr5:29519618-29520618(-)",149,-20.51,"2 21","977 999",21,"66.67%","76.19%","Ahyacinthus08331"
"1972","Cluster_1975","3prime_UTR::chr5:31245736-31246468(+)",156,-20.24,"2 19","398 418",17,"76.47%","82.35%","Ahyacinthus08468"
"1973","Cluster_1975","3prime_UTR::chr5:9708297-9709297(+)",157,-24.15,"2 20","297 320",20,"75.00%","80.00%","Ahyacinthus07339"
"1974","Cluster_1975","3prime_UTR::chr6:12579397-12580397(+)",157,-21.23,"2 19","954 976",18,"72.22%","83.33%","Ahyacinthus09497"
"1975","Cluster_1975","3prime_UTR::chr6:15950587-15951587(+)",163,-22.05,"2 20","898 919",18,"72.22%","83.33%","Ahyacinthus09661"
"1976","Cluster_1975","3prime_UTR::chr6:1635093-1636093(+)",163,-20.89,"2 21","65 88",21,"71.43%","80.95%","Ahyacinthus08763"
"1977","Cluster_1975","3prime_UTR::chr6:23178188-23179188(-)",156,-22.13,"2 18","348 370",17,"76.47%","82.35%","Ahyacinthus10172"
"1978","Cluster_1975","3prime_UTR::chr6:23332309-23333309(-)",158,-22.49,"2 21","800 820",19,"73.68%","78.95%","Ahyacinthus10185"
"1979","Cluster_1975","3prime_UTR::chr6:23621120-23622120(-)",150,-23.01,"2 21","760 783",21,"66.67%","76.19%","Ahyacinthus10210"
"1980","Cluster_1975","3prime_UTR::chr6:24285415-24286415(-)",149,-21.21,"2 21","293 312",19,"63.16%","78.95%","Ahyacinthus10273"
"1981","Cluster_1975","3prime_UTR::chr6:24545505-24546123(+)",153,-20.93,"2 14","329 350",12,"83.33%","91.67%","Ahyacinthus10300"
"1982","Cluster_1975","3prime_UTR::chr6:24900742-24901742(-)",170,-27.72,"2 21","369 389",19,"78.95%","89.47%","Ahyacinthus10338"
"1983","Cluster_1975","3prime_UTR::chr6:25242159-25243159(+)",146,-23.81,"2 20","619 636",18,"72.22%","72.22%","Ahyacinthus10367"
"1984","Cluster_1975","3prime_UTR::chr6:27416621-27417296(-)",153,-22.64,"2 20","58 83",22,"68.18%","77.27%","Ahyacinthus10532"
"1985","Cluster_1975","3prime_UTR::chr6:30357369-30358294(+)",149,-21.89,"2 16","249 269",14,"78.57%","85.71%","Ahyacinthus10733"
"1986","Cluster_1975","3prime_UTR::chr6:30539042-30540042(+)",146,-21.96,"2 17","513 538",19,"68.42%","78.95%","Ahyacinthus10748"
"1987","Cluster_1975","3prime_UTR::chr6:30728036-30728758(+)",166,-22.4,"2 21","71 91",19,"78.95%","84.21%","Ahyacinthus10766"
"1988","Cluster_1975","3prime_UTR::chr6:4643028-4644028(-)",145,-22.58,"2 20","179 199",18,"66.67%","72.22%","Ahyacinthus09017"
"1989","Cluster_1975","3prime_UTR::chr6:789965-790965(+)",146,-21.54,"2 21","707 730",21,"66.67%","71.43%","Ahyacinthus08676"
"1990","Cluster_1975","3prime_UTR::chr6:8887562-8888562(-)",148,-20.8,"2 20","332 356",22,"68.18%","72.73%","Ahyacinthus09239"
"1991","Cluster_1975","3prime_UTR::chr6:9415773-9416773(-)",166,-23.91,"2 21","755 775",19,"78.95%","84.21%","Ahyacinthus09267"
"1992","Cluster_1975","3prime_UTR::chr6:9659621-9659896(+)",140,-21.79,"2 9","162 183",7,"100.00%","100.00%","Ahyacinthus09283"
"1993","Cluster_1975","3prime_UTR::chr6:9659621-9660621(+)",140,-21.79,"2 9","162 183",7,"100.00%","100.00%","Ahyacinthus09284"
"1994","Cluster_1975","3prime_UTR::chr7:1206886-1207886(+)",151,-20.08,"2 21","973 994",21,"76.19%","76.19%","Ahyacinthus10993"
"1995","Cluster_1975","3prime_UTR::chr7:16123815-16124815(+)",154,-25.42,"2 21","138 162",22,"63.64%","81.82%","Ahyacinthus11953"
"1996","Cluster_1975","3prime_UTR::chr7:17422570-17423570(-)",147,-22.34,"2 20","911 938",24,"70.83%","75.00%","Ahyacinthus12033"
"1997","Cluster_1975","3prime_UTR::chr7:2131809-2132809(-)",165,-23.07,"2 21","26 47",20,"80.00%","85.00%","Ahyacinthus11074"
"1998","Cluster_1975","3prime_UTR::chr7:23227183-23228183(+)",144,-21.47,"2 17","369 388",15,"80.00%","80.00%","Ahyacinthus12466"
"1999","Cluster_1975","3prime_UTR::chr7:25135605-25136605(-)",158,-22,"2 21","33 53",19,"73.68%","78.95%","Ahyacinthus12604"
"2000","Cluster_1975","3prime_UTR::chr7:26607188-26608188(+)",167,-21.74,"2 21","239 261",20,"75.00%","85.00%","Ahyacinthus12710"
"2001","Cluster_1975","3prime_UTR::chr7:27042217-27042734(-)",147,-20.65,"2 18","154 174",16,"68.75%","81.25%","Ahyacinthus12739"
"2002","Cluster_1975","3prime_UTR::chr7:27863502-27864502(-)",149,-20.33,"2 21","719 740",20,"65.00%","80.00%","Ahyacinthus12796"
"2003","Cluster_1975","3prime_UTR::chr7:3701968-3702460(-)",159,-22.27,"2 18","429 449",16,"81.25%","87.50%","Ahyacinthus11186"
"2004","Cluster_1975","3prime_UTR::chr7:5111396-5112396(-)",163,-24.23,"2 21","717 740",21,"71.43%","80.95%","Ahyacinthus11290"
"2005","Cluster_1975","3prime_UTR::chr7:6359491-6360402(+)",163,-23.66,"2 21","789 812",21,"71.43%","80.95%","Ahyacinthus11404"
"2006","Cluster_1975","3prime_UTR::chr7:8310559-8311559(-)",161,-20.76,"2 18","690 711",16,"75.00%","87.50%","Ahyacinthus11534"
"2007","Cluster_1975","3prime_UTR::chr8:10330899-10331899(+)",155,-22.72,"2 12","570 591",10,"100.00%","100.00%","Ahyacinthus13743"
"2008","Cluster_1975","3prime_UTR::chr8:12855617-12856617(-)",150,-20.51,"2 20","219 244",22,"59.09%","77.27%","Ahyacinthus13890"
"2009","Cluster_1975","3prime_UTR::chr8:1494590-1495590(-)",141,-21.43,"2 20","858 883",22,"63.64%","68.18%","Ahyacinthus13137"
"2010","Cluster_1975","3prime_UTR::chr8:15647637-15648637(+)",154,-25.85,"2 20","175 197",19,"68.42%","78.95%","Ahyacinthus14008"
"2011","Cluster_1975","3prime_UTR::chr8:17152728-17153728(+)",166,-24.46,"2 21","565 585",19,"73.68%","89.47%","Ahyacinthus14092"
"2012","Cluster_1975","3prime_UTR::chr8:1756742-1756775(+)",145,-20.21,"2 10","10 31",8,"100.00%","100.00%","Ahyacinthus13161"
"2013","Cluster_1975","3prime_UTR::chr8:19377742-19378742(+)",168,-23.55,"2 21","832 853",19,"73.68%","84.21%","Ahyacinthus14203"
"2014","Cluster_1975","3prime_UTR::chr8:2060732-2061732(+)",145,-20.21,"2 10","10 31",8,"100.00%","100.00%","Ahyacinthus13173"
"2015","Cluster_1975","3prime_UTR::chr8:2098147-2099147(+)",145,-20.21,"2 10","10 31",8,"100.00%","100.00%","Ahyacinthus13176"
"2016","Cluster_1975","3prime_UTR::chr8:20993700-20994700(+)",154,-22.56,"2 21","867 887",19,"68.42%","78.95%","Ahyacinthus14282"
"2017","Cluster_1975","3prime_UTR::chr8:21723987-21724987(-)",158,-21.02,"2 20","385 407",19,"73.68%","78.95%","Ahyacinthus14331"
"2018","Cluster_1975","3prime_UTR::chr8:23215584-23216355(+)",149,-20.77,"2 21","171 188",19,"78.95%","78.95%","Ahyacinthus14449"
"2019","Cluster_1975","3prime_UTR::chr8:23689309-23690309(-)",155,-25.03,"2 21","866 888",20,"70.00%","75.00%","Ahyacinthus14478"
"2020","Cluster_1975","3prime_UTR::chr8:24493809-24494809(-)",158,-21.28,"2 16","41 63",15,"86.67%","86.67%","Ahyacinthus14525"
"2021","Cluster_1975","3prime_UTR::chr8:25129994-25130994(+)",166,-26.51,"2 21","126 146",19,"73.68%","89.47%","Ahyacinthus14568"
"2022","Cluster_1975","3prime_UTR::chr8:2571997-2572997(+)",151,-21.39,"2 17","913 936",17,"70.59%","82.35%","Ahyacinthus13215"
"2023","Cluster_1975","3prime_UTR::chr8:28436883-28437883(-)",148,-20.18,"2 15","577 597",13,"84.62%","84.62%","Ahyacinthus14750"
"2024","Cluster_1975","3prime_UTR::chr8:774924-775924(-)",168,-22.08,"2 21","964 985",19,"78.95%","78.95%","Ahyacinthus13082"
"2025","Cluster_1975","3prime_UTR::chr9:13915043-13916043(-)",149,-21.89,"2 16","260 280",14,"78.57%","85.71%","Ahyacinthus15702"
"2026","Cluster_1975","3prime_UTR::chr9:142975-143975(+)",163,-22.82,"2 16","947 968",14,"85.71%","92.86%","Ahyacinthus14795"
"2027","Cluster_1975","3prime_UTR::chr9:1493732-1494732(+)",156,-21.81,"2 13","924 945",11,"90.91%","100.00%","Ahyacinthus14899"
"2028","Cluster_1975","3prime_UTR::chr9:159177-160177(-)",163,-22.82,"2 16","569 590",14,"85.71%","92.86%","Ahyacinthus14796"
"2029","Cluster_1975","3prime_UTR::chr9:20118689-20119689(-)",164,-20.66,"2 18","297 319",17,"82.35%","88.24%","Ahyacinthus16185"
"2030","Cluster_1975","3prime_UTR::chr9:21109802-21110802(-)",150,-20.22,"2 20","670 692",19,"68.42%","73.68%","Ahyacinthus16239"
"2031","Cluster_1975","3prime_UTR::chr9:2636038-2637038(+)",167,-26.25,"2 20","899 920",18,"72.22%","88.89%","Ahyacinthus14997"
"2032","Cluster_1975","3prime_UTR::chr9:26512478-26513478(+)",154,-20.96,"2 20","25 47",19,"73.68%","73.68%","Ahyacinthus16601"
"2033","Cluster_1975","3prime_UTR::chr9:2711356-2712356(+)",162,-25.93,"2 21","818 842",22,"72.73%","81.82%","Ahyacinthus15002"
"2034","Cluster_1975","3prime_UTR::chr9:28602356-28603356(-)",158,-21.47,"2 20","759 781",19,"68.42%","84.21%","Ahyacinthus16774"
"2035","Cluster_1975","3prime_UTR::chr9:2936439-2937439(-)",151,-23.8,"2 21","431 454",21,"66.67%","71.43%","Ahyacinthus15030"
"2036","Cluster_1975","3prime_UTR::chr9:6121418-6122418(-)",162,-21.62,"2 15","526 547",13,"92.31%","92.31%","Ahyacinthus15231"
"2037","Cluster_1975","3prime_UTR::sc024:147008-148008(-)",147,-22.16,"2 18","180 204",19,"73.68%","73.68%","Ahyacinthus24953"
"2038","Cluster_1975","3prime_UTR::sc034:217508-218508(-)",148,-21.55,"2 21","91 110",19,"68.42%","78.95%","Ahyacinthus25169"
"2039","Cluster_1975","3prime_UTR::sc051:215103-216103(-)",155,-21.99,"2 21","267 289",20,"65.00%","80.00%","Ahyacinthus25359"
"2040","Cluster_1975","3prime_UTR::sc051:94992-95992(-)",155,-21.99,"2 21","252 274",20,"65.00%","80.00%","Ahyacinthus25353"
"2041","Cluster_1975","3prime_UTR::sc062:151253-151946(-)",155,-20.94,"2 21","509 531",20,"70.00%","75.00%","Ahyacinthus25518"
"2042","Cluster_1975","3prime_UTR::sc081:81816-82816(-)",154,-23.29,"2 20","61 84",20,"70.00%","75.00%","Ahyacinthus25745"
"2043","Cluster_1975","3prime_UTR::sc141:55478-56478(+)",150,-20.51,"2 20","219 244",22,"59.09%","77.27%","Ahyacinthus26133"
"2044","Cluster_1975","3prime_UTR::sc160:62713-63713(-)",163,-23.91,"2 20","935 956",18,"66.67%","88.89%","Ahyacinthus26221"
"2045","Cluster_1975","3prime_UTR::sc186:0-708(-)",158,-23.95,"2 21","9 35",24,"70.83%","75.00%","Ahyacinthus26346"
"2046","Cluster_1975","3prime_UTR::sc229:25086-26086(+)",162,-22.13,"2 21","104 124",19,"68.42%","89.47%","Ahyacinthus26510"
"2047","Cluster_1975","3prime_UTR::sc395:13331-14331(+)",166,-23.91,"2 21","756 776",19,"78.95%","84.21%","Ahyacinthus26871"
"2048","Cluster_1975","3prime_UTR::sc411:25628-26628(-)",162,-22.13,"2 21","105 125",19,"68.42%","89.47%","Ahyacinthus26889"
"2049","Cluster_1975","3prime_UTR::sc514:2875-3875(-)",158,-20.13,"2 19","244 263",17,"82.35%","88.24%","Ahyacinthus26988"
"2050","Cluster_21323","3prime_UTR::chr10:119598-120598(+)",174,-20.49,"2 19","524 544",17,"82.35%","94.12%","Ahyacinthus16780"
"2051","Cluster_21323","3prime_UTR::chr10:12007-13007(+)",174,-21.94,"2 19","526 546",17,"82.35%","94.12%","Ahyacinthus16775"
"2052","Cluster_21323","3prime_UTR::chr11:16634572-16635572(-)",186,-26.56,"2 20","770 791",19,"94.74%","94.74%","Ahyacinthus19474"
"2053","Cluster_21323","3prime_UTR::chr11:7190100-7191100(+)",170,-21.85,"2 19","172 192",17,"70.59%","100.00%","Ahyacinthus18815"
"2054","Cluster_21323","3prime_UTR::chr11:7840019-7841019(-)",186,-26.56,"2 20","616 637",19,"94.74%","94.74%","Ahyacinthus18865"
"2055","Cluster_21323","3prime_UTR::chr12:9057593-9058593(+)",160,-24.11,"2 20","683 701",18,"77.78%","83.33%","Ahyacinthus20728"
"2056","Cluster_21323","3prime_UTR::chr13:11497610-11498610(+)",174,-20.86,"2 19","235 255",17,"76.47%","100.00%","Ahyacinthus22484"
"2057","Cluster_21323","3prime_UTR::chr13:15808568-15809568(+)",178,-20.29,"2 20","397 418",19,"84.21%","94.74%","Ahyacinthus22854"
"2058","Cluster_21323","3prime_UTR::chr13:1915021-1916021(+)",168,-20.96,"2 19","857 879",19,"84.21%","89.47%","Ahyacinthus21916"
"2059","Cluster_21323","3prime_UTR::chr14:21714074-21715074(+)",160,-22.2,"2 20","558 576",18,"77.78%","83.33%","Ahyacinthus24382"
"2060","Cluster_21323","3prime_UTR::chr1:12981850-12982850(-)",186,-25.31,"2 20","827 848",19,"94.74%","94.74%","Ahyacinthus00671"
"2061","Cluster_21323","3prime_UTR::chr1:18628755-18629755(+)",186,-26.56,"2 20","667 688",19,"94.74%","94.74%","Ahyacinthus00847"
"2062","Cluster_21323","3prime_UTR::chr1:30936912-30937376(-)",160,-20.15,"2 17","164 184",15,"80.00%","86.67%","Ahyacinthus01381"
"2063","Cluster_21323","3prime_UTR::chr1:31983507-31984507(+)",182,-23.62,"2 20","843 864",19,"89.47%","94.74%","Ahyacinthus01470"
"2064","Cluster_21323","3prime_UTR::chr1:5366352-5367352(-)",186,-25.31,"2 20","910 931",19,"94.74%","94.74%","Ahyacinthus00355"
"2065","Cluster_21323","3prime_UTR::chr2:1523627-1524627(-)",170,-20.2,"2 20","342 363",19,"78.95%","89.47%","Ahyacinthus01860"
"2066","Cluster_21323","3prime_UTR::chr2:5541348-5542348(-)",158,-20.95,"2 20","890 911",19,"68.42%","84.21%","Ahyacinthus02230"
"2067","Cluster_21323","3prime_UTR::chr3:12001469-12002469(-)",178,-23.35,"2 20","364 385",19,"84.21%","94.74%","Ahyacinthus04163"
"2068","Cluster_21323","3prime_UTR::chr3:14215989-14216989(+)",178,-21.9,"2 20","680 701",19,"84.21%","94.74%","Ahyacinthus04270"
"2069","Cluster_21323","3prime_UTR::chr3:14570868-14571868(+)",161,-20.23,"2 19","96 118",19,"73.68%","84.21%","Ahyacinthus04295"
"2070","Cluster_21323","3prime_UTR::chr3:15296303-15297303(+)",174,-23.26,"2 20","868 890",20,"80.00%","90.00%","Ahyacinthus04344"
"2071","Cluster_21323","3prime_UTR::chr3:17198678-17199678(+)",182,-22.24,"2 20","187 208",19,"89.47%","94.74%","Ahyacinthus04475"
"2072","Cluster_21323","3prime_UTR::chr3:3789190-3790190(-)",186,-25.31,"2 20","589 610",19,"94.74%","94.74%","Ahyacinthus03628"
"2073","Cluster_21323","3prime_UTR::chr3:5619539-5620539(+)",178,-22.84,"2 20","165 186",19,"89.47%","89.47%","Ahyacinthus03756"
"2074","Cluster_21323","3prime_UTR::chr4:10888441-10889441(-)",186,-26.56,"2 20","583 604",19,"94.74%","94.74%","Ahyacinthus05985"
"2075","Cluster_21323","3prime_UTR::chr4:1429631-1430631(-)",186,-25.31,"2 20","973 994",19,"94.74%","94.74%","Ahyacinthus05296"
"2076","Cluster_21323","3prime_UTR::chr4:25348113-25349113(+)",166,-22.25,"2 20","677 698",19,"73.68%","89.47%","Ahyacinthus06838"
"2077","Cluster_21323","3prime_UTR::chr4:25952201-25952843(-)",182,-21.51,"2 19","17 37",17,"88.24%","100.00%","Ahyacinthus06895"
"2078","Cluster_21323","3prime_UTR::chr4:6318449-6319449(-)",170,-20.96,"2 20","500 522",20,"80.00%","85.00%","Ahyacinthus05665"
"2079","Cluster_21323","3prime_UTR::chr4:8553927-8554927(+)",186,-26.56,"2 20","879 900",19,"94.74%","94.74%","Ahyacinthus05835"
"2080","Cluster_21323","3prime_UTR::chr5:13469583-13470583(+)",186,-25.31,"2 20","883 904",19,"94.74%","94.74%","Ahyacinthus07509"
"2081","Cluster_21323","3prime_UTR::chr5:16781633-16782633(+)",174,-21.45,"2 19","430 450",17,"82.35%","94.12%","Ahyacinthus07638"
"2082","Cluster_21323","3prime_UTR::chr5:29059007-29060007(+)",167,-22.43,"2 20","968 988",18,"72.22%","88.89%","Ahyacinthus08303"
"2083","Cluster_21323","3prime_UTR::chr5:30368343-30369343(-)",186,-25.31,"2 20","151 172",19,"94.74%","94.74%","Ahyacinthus08401"
"2084","Cluster_21323","3prime_UTR::chr5:3136436-3137436(+)",178,-23.14,"2 20","458 479",19,"84.21%","94.74%","Ahyacinthus07061"
"2085","Cluster_21323","3prime_UTR::chr5:9749372-9750372(-)",186,-25.31,"2 20","767 788",19,"94.74%","94.74%","Ahyacinthus07342"
"2086","Cluster_21323","3prime_UTR::chr6:23294109-23294653(-)",178,-22.28,"2 20","59 80",19,"84.21%","94.74%","Ahyacinthus10181"
"2087","Cluster_21323","3prime_UTR::chr6:25418565-25419565(+)",178,-22.84,"2 20","870 891",19,"89.47%","89.47%","Ahyacinthus10380"
"2088","Cluster_21323","3prime_UTR::chr6:2581470-2582470(-)",174,-21.94,"2 19","530 550",17,"82.35%","94.12%","Ahyacinthus08843"
"2089","Cluster_21323","3prime_UTR::chr6:31900952-31901952(+)",174,-21.43,"2 20","182 203",19,"78.95%","94.74%","Ahyacinthus10850"
"2090","Cluster_21323","3prime_UTR::chr6:4907689-4908689(+)",175,-21.19,"2 20","487 507",18,"83.33%","88.89%","Ahyacinthus09033"
"2091","Cluster_21323","3prime_UTR::chr7:13538122-13539122(+)",178,-23.35,"2 20","292 313",19,"84.21%","94.74%","Ahyacinthus11794"
"2092","Cluster_21323","3prime_UTR::chr7:17859612-17860612(-)",178,-23.35,"2 20","947 968",19,"84.21%","94.74%","Ahyacinthus12069"
"2093","Cluster_21323","3prime_UTR::chr7:2472709-2473470(+)",183,-23.45,"2 20","80 100",18,"83.33%","100.00%","Ahyacinthus11098"
"2094","Cluster_21323","3prime_UTR::chr7:5968383-5969383(-)",174,-21.62,"2 20","504 525",19,"78.95%","94.74%","Ahyacinthus11362"
"2095","Cluster_21323","3prime_UTR::chr7:6508920-6509920(+)",186,-26.56,"2 20","626 647",19,"94.74%","94.74%","Ahyacinthus11420"
"2096","Cluster_21323","3prime_UTR::chr8:27736180-27737180(-)",178,-23.35,"2 20","176 197",19,"84.21%","94.74%","Ahyacinthus14694"
"2097","Cluster_21323","3prime_UTR::chr8:27946271-27947271(+)",178,-22.84,"2 20","559 580",19,"89.47%","89.47%","Ahyacinthus14710"
"2098","Cluster_21323","3prime_UTR::chr9:1749916-1750916(+)",167,-20.5,"2 20","627 647",18,"72.22%","88.89%","Ahyacinthus14919"
"2099","Cluster_21323","3prime_UTR::chr9:18683278-18684278(-)",182,-23.62,"2 20","821 842",19,"89.47%","94.74%","Ahyacinthus16082"
"2100","Cluster_21323","3prime_UTR::chr9:1951133-1952133(+)",178,-22.84,"2 20","458 479",19,"89.47%","89.47%","Ahyacinthus14938"
"2101","Cluster_21323","3prime_UTR::chr9:9834610-9835610(+)",182,-23.49,"2 20","491 512",19,"89.47%","94.74%","Ahyacinthus15482"
"2102","Cluster_21323","3prime_UTR::sc062:222687-223687(-)",175,-20.41,"2 20","524 544",18,"77.78%","94.44%","Ahyacinthus25528"
"2103","Cluster_21323","3prime_UTR::sc210:4563-5563(+)",154,-23.07,"2 20","424 451",25,"64.00%","72.00%","Ahyacinthus26435"
"2104","Cluster_3756","3prime_UTR::chr10:15431108-15432108(+)",164,-21.77,"2 18","370 391",18,"77.78%","88.89%","Ahyacinthus17788"
"2105","Cluster_3756","3prime_UTR::chr11:12781899-12782899(-)",153,-20.28,"2 19","599 619",18,"66.67%","83.33%","Ahyacinthus19260"
"2106","Cluster_3756","3prime_UTR::chr11:17689820-17690820(+)",157,-21.49,"2 19","971 992",19,"63.16%","89.47%","Ahyacinthus19539"
"2107","Cluster_3756","3prime_UTR::chr11:4304724-4305724(-)",145,-21.67,"2 15","966 988",16,"75.00%","75.00%","Ahyacinthus18613"
"2108","Cluster_3756","3prime_UTR::chr12:21829819-21830819(+)",161,-21.55,"2 19","365 385",18,"77.78%","83.33%","Ahyacinthus21649"
"2109","Cluster_3756","3prime_UTR::chr12:5708429-5709429(+)",152,-20.32,"2 18","577 597",17,"70.59%","82.35%","Ahyacinthus20454"
"2110","Cluster_3756","3prime_UTR::chr12:7629659-7630659(-)",165,-22.36,"2 18","848 867",16,"81.25%","87.50%","Ahyacinthus20598"
"2111","Cluster_3756","3prime_UTR::chr13:14448369-14449369(-)",150,-20.28,"2 16","32 53",16,"75.00%","81.25%","Ahyacinthus22737"
"2112","Cluster_3756","3prime_UTR::chr13:23446499-23447499(+)",161,-20.63,"2 19","394 414",18,"77.78%","83.33%","Ahyacinthus23148"
"2113","Cluster_3756","3prime_UTR::chr13:8654274-8655274(-)",164,-25.48,"2 18","727 748",18,"77.78%","88.89%","Ahyacinthus22265"
"2114","Cluster_3756","3prime_UTR::chr13:9242719-9243719(+)",157,-20.32,"2 14","70 89",12,"83.33%","100.00%","Ahyacinthus22302"
"2115","Cluster_3756","3prime_UTR::chr14:173513-174513(-)",156,-20.47,"2 18","690 710",17,"76.47%","82.35%","Ahyacinthus23175"
"2116","Cluster_3756","3prime_UTR::chr14:7835976-7836976(+)",152,-20.4,"2 19","567 591",22,"72.73%","72.73%","Ahyacinthus23631"
"2117","Cluster_3756","3prime_UTR::chr1:10039464-10040464(+)",153,-23.93,"2 19","24 47",21,"66.67%","76.19%","Ahyacinthus00546"
"2118","Cluster_3756","3prime_UTR::chr1:1348346-1349346(-)",149,-20.91,"2 19","395 416",19,"63.16%","78.95%","Ahyacinthus00087"
"2119","Cluster_3756","3prime_UTR::chr1:13557156-13558156(+)",154,-21.24,"2 19","69 88",17,"58.82%","88.24%","Ahyacinthus00709"
"2120","Cluster_3756","3prime_UTR::chr1:20806753-20807753(+)",152,-21.85,"2 18","45 70",22,"68.18%","72.73%","Ahyacinthus00930"
"2121","Cluster_3756","3prime_UTR::chr1:4761194-4762194(+)",170,-21.47,"2 19","475 494",17,"82.35%","88.24%","Ahyacinthus00305"
"2122","Cluster_3756","3prime_UTR::chr2:11519827-11520827(+)",157,-20.19,"2 16","104 122",14,"85.71%","92.86%","Ahyacinthus02679"
"2123","Cluster_3756","3prime_UTR::chr2:12295555-12296555(-)",164,-25.48,"2 18","737 758",18,"77.78%","88.89%","Ahyacinthus02742"
"2124","Cluster_3756","3prime_UTR::chr2:2180007-2180907(-)",164,-24.3,"2 18","599 619",17,"82.35%","88.24%","Ahyacinthus01925"
"2125","Cluster_3756","3prime_UTR::chr2:2796103-2797103(+)",166,-21.2,"2 15","459 478",13,"92.31%","100.00%","Ahyacinthus01987"
"2126","Cluster_3756","3prime_UTR::chr2:2865573-2866573(+)",148,-20.24,"2 14","766 786",13,"76.92%","92.31%","Ahyacinthus01996"
"2127","Cluster_3756","3prime_UTR::chr2:6193263-6194263(-)",158,-22.44,"2 15","538 557",13,"76.92%","100.00%","Ahyacinthus02291"
"2128","Cluster_3756","3prime_UTR::chr2:9422412-9423412(-)",163,-21.59,"2 18","175 193",16,"87.50%","87.50%","Ahyacinthus02526"
"2129","Cluster_3756","3prime_UTR::chr2:9438790-9439790(-)",163,-21.59,"2 18","185 203",16,"87.50%","87.50%","Ahyacinthus02527"
"2130","Cluster_3756","3prime_UTR::chr3:1486875-1487875(+)",149,-23.26,"2 15","182 203",15,"80.00%","80.00%","Ahyacinthus03478"
"2131","Cluster_3756","3prime_UTR::chr3:1668203-1669203(+)",163,-24.3,"2 17","426 447",17,"82.35%","88.24%","Ahyacinthus03489"
"2132","Cluster_3756","3prime_UTR::chr3:16822857-16823857(-)",155,-21.71,"2 19","118 135",17,"70.59%","88.24%","Ahyacinthus04448"
"2133","Cluster_3756","3prime_UTR::chr3:24636744-24637744(-)",174,-25.34,"2 19","150 169",17,"76.47%","100.00%","Ahyacinthus05047"
"2134","Cluster_3756","3prime_UTR::chr4:22198133-22199133(+)",140,-20.48,"2 9","980 999",7,"100.00%","100.00%","Ahyacinthus06629"
"2135","Cluster_3756","3prime_UTR::chr4:3182323-3183323(-)",152,-20.76,"2 19","395 417",20,"70.00%","80.00%","Ahyacinthus05423"
"2136","Cluster_3756","3prime_UTR::chr5:20137234-20138234(-)",162,-20.92,"2 19","769 788",17,"76.47%","82.35%","Ahyacinthus07794"
"2137","Cluster_3756","3prime_UTR::chr5:26010310-26011310(+)",159,-22.93,"2 17","402 424",18,"77.78%","83.33%","Ahyacinthus08018"
"2138","Cluster_3756","3prime_UTR::chr5:2886526-2887526(-)",151,-21.3,"2 17","274 296",18,"72.22%","77.78%","Ahyacinthus07050"
"2139","Cluster_3756","3prime_UTR::chr6:10506011-10507011(+)",154,-20.55,"2 19","664 680",17,"76.47%","82.35%","Ahyacinthus09321"
"2140","Cluster_3756","3prime_UTR::chr6:20708463-20709463(+)",156,-23.75,"2 18","120 141",18,"72.22%","83.33%","Ahyacinthus09980"
"2141","Cluster_3756","3prime_UTR::chr6:21558898-21559346(-)",162,-22.05,"2 19","376 395",17,"70.59%","88.24%","Ahyacinthus10048"
"2142","Cluster_3756","3prime_UTR::chr6:2969248-2970223(-)",153,-20.41,"2 18","841 860",16,"68.75%","81.25%","Ahyacinthus08878"
"2143","Cluster_3756","3prime_UTR::chr6:3031838-3032838(+)",159,-21.6,"2 17","471 491",16,"81.25%","87.50%","Ahyacinthus08883"
"2144","Cluster_3756","3prime_UTR::chr6:3160172-3161172(+)",160,-24.74,"2 19","424 442",17,"76.47%","88.24%","Ahyacinthus08897"
"2145","Cluster_3756","3prime_UTR::chr6:8244305-8245305(+)",152,-20.54,"2 18","57 78",18,"66.67%","83.33%","Ahyacinthus09195"
"2146","Cluster_3756","3prime_UTR::chr6:8728330-8729330(-)",160,-23.35,"2 19","789 812",21,"76.19%","80.95%","Ahyacinthus09233"
"2147","Cluster_3756","3prime_UTR::chr6:930059-931059(+)",158,-20.3,"2 19","492 511",17,"70.59%","82.35%","Ahyacinthus08685"
"2148","Cluster_3756","3prime_UTR::chr7:16072002-16073002(-)",153,-22.23,"2 17","851 868",15,"80.00%","86.67%","Ahyacinthus11949"
"2149","Cluster_3756","3prime_UTR::chr8:12632153-12633153(+)",164,-20.95,"2 18","334 354",17,"82.35%","88.24%","Ahyacinthus13872"
"2150","Cluster_3756","3prime_UTR::chr8:12675271-12676271(-)",152,-21.35,"2 19","349 373",22,"72.73%","72.73%","Ahyacinthus13877"
"2151","Cluster_3756","3prime_UTR::chr8:15151961-15152961(-)",165,-20.84,"2 14","970 989",12,"100.00%","100.00%","Ahyacinthus13988"
"2152","Cluster_3756","3prime_UTR::chr8:20745389-20746389(+)",153,-20.67,"2 19","761 783",20,"65.00%","80.00%","Ahyacinthus14258"
"2153","Cluster_3756","3prime_UTR::chr8:24857191-24858191(+)",149,-20.63,"2 15","285 306",15,"73.33%","86.67%","Ahyacinthus14547"
"2154","Cluster_3756","3prime_UTR::chr8:25256841-25257841(-)",157,-22.04,"2 19","440 460",18,"72.22%","83.33%","Ahyacinthus14577"
"2155","Cluster_3756","3prime_UTR::chr8:7818129-7819129(+)",153,-24.32,"2 19","628 649",19,"68.42%","78.95%","Ahyacinthus13565"
"2156","Cluster_3756","3prime_UTR::chr9:13506914-13507914(-)",162,-20.48,"2 16","855 875",15,"86.67%","93.33%","Ahyacinthus15678"
"2157","Cluster_3756","3prime_UTR::chr9:15079317-15079562(+)",161,-20.22,"2 15","69 89",14,"92.86%","92.86%","Ahyacinthus15784"
"2158","Cluster_3756","3prime_UTR::chr9:18365053-18366053(-)",152,-20.97,"2 18","423 445",19,"68.42%","78.95%","Ahyacinthus16050"
"2159","Cluster_3756","3prime_UTR::chr9:19641335-19642335(-)",166,-22.27,"2 15","489 508",13,"92.31%","100.00%","Ahyacinthus16154"
"2160","Cluster_3756","3prime_UTR::chr9:23443692-23444692(-)",161,-20.48,"2 14","818 837",12,"91.67%","100.00%","Ahyacinthus16375"
"2161","Cluster_3756","3prime_UTR::chr9:23702467-23703467(-)",148,-21.41,"2 19","819 837",17,"64.71%","82.35%","Ahyacinthus16399"
"2162","Cluster_3756","3prime_UTR::chr9:26481056-26482056(-)",162,-20.96,"2 19","909 928",17,"76.47%","82.35%","Ahyacinthus16597"
"2163","Cluster_3756","3prime_UTR::chr9:5185537-5186537(-)",162,-20.13,"2 19","526 545",17,"70.59%","88.24%","Ahyacinthus15168"
"2164","Cluster_3756","3prime_UTR::chr9:6925028-6926028(+)",149,-20.91,"2 19","308 329",19,"63.16%","78.95%","Ahyacinthus15288"
"2165","Cluster_3756","3prime_UTR::sc021:118946-119946(+)",152,-21.38,"2 18","826 849",20,"70.00%","75.00%","Ahyacinthus24911"
"2166","Cluster_3756","3prime_UTR::sc023:344686-345686(-)",150,-20.82,"2 18","763 780",16,"75.00%","81.25%","Ahyacinthus24936"
"2167","Cluster_3756","3prime_UTR::sc055:136834-137193(+)",166,-22.24,"2 19","149 168",17,"76.47%","88.24%","Ahyacinthus25425"
"2168","Cluster_3756","3prime_UTR::sc065:19314-20071(-)",151,-20.11,"2 19","628 645",17,"76.47%","76.47%","Ahyacinthus25552"
"2169","Cluster_3756","3prime_UTR::sc078:68906-69906(-)",157,-20.16,"2 19","805 825",18,"66.67%","88.89%","Ahyacinthus25721"
"2170","Cluster_3756","3prime_UTR::sc144:96854-97854(-)",164,-24.4,"2 18","820 841",18,"77.78%","88.89%","Ahyacinthus26149"
"2171","Cluster_3756","3prime_UTR::sc422:22890-23890(-)",160,-22.67,"2 18","338 361",20,"75.00%","80.00%","Ahyacinthus26901"
"2172","Cluster_3818","3prime_UTR::chr10:12295692-12296692(+)",156,-22.5,"2 17","109 129",15,"73.33%","86.67%","Ahyacinthus17534"
"2173","Cluster_3818","3prime_UTR::chr11:12634625-12635625(+)",164,-20.2,"2 19","345 364",17,"82.35%","88.24%","Ahyacinthus19254"
"2174","Cluster_3818","3prime_UTR::chr11:5600082-5600242(+)",164,-21.77,"2 17","59 79",15,"80.00%","93.33%","Ahyacinthus18709"
"2175","Cluster_3818","3prime_UTR::chr11:5600082-5601082(+)",164,-21.77,"2 17","59 79",15,"80.00%","93.33%","Ahyacinthus18710"
"2176","Cluster_3818","3prime_UTR::chr12:21452551-21453551(+)",150,-20.75,"2 20","803 824",19,"68.42%","73.68%","Ahyacinthus21615"
"2177","Cluster_3818","3prime_UTR::chr13:13087407-13088407(-)",160,-23.31,"2 20","925 945",19,"78.95%","84.21%","Ahyacinthus22611"
"2178","Cluster_3818","3prime_UTR::chr13:15218990-15219990(+)",173,-22.12,"2 18","663 683",16,"87.50%","93.75%","Ahyacinthus22811"
"2179","Cluster_3818","3prime_UTR::chr13:16603671-16604671(-)",163,-20.3,"2 16","363 383",14,"85.71%","92.86%","Ahyacinthus22888"
"2180","Cluster_3818","3prime_UTR::chr14:21323502-21324502(-)",150,-20.18,"2 20","709 734",23,"60.87%","73.91%","Ahyacinthus24352"
"2181","Cluster_3818","3prime_UTR::chr1:13772742-13773113(+)",161,-20.07,"2 19","150 172",19,"78.95%","78.95%","Ahyacinthus00727"
"2182","Cluster_3818","3prime_UTR::chr1:15352945-15353945(+)",155,-22.27,"2 20","408 428",18,"66.67%","77.78%","Ahyacinthus00766"
"2183","Cluster_3818","3prime_UTR::chr2:11269819-11270819(-)",164,-21.49,"2 19","391 410",17,"82.35%","88.24%","Ahyacinthus02660"
"2184","Cluster_3818","3prime_UTR::chr2:11727027-11728027(+)",151,-21.22,"2 17","313 334",16,"75.00%","81.25%","Ahyacinthus02693"
"2185","Cluster_3818","3prime_UTR::chr2:14892494-14893494(+)",162,-24.79,"2 20","471 496",23,"73.91%","73.91%","Ahyacinthus02954"
"2186","Cluster_3818","3prime_UTR::chr3:10918950-10919950(-)",169,-22.44,"2 18","557 577",16,"81.25%","93.75%","Ahyacinthus04099"
"2187","Cluster_3818","3prime_UTR::chr3:2144636-2145636(+)",162,-20.49,"2 20","963 985",20,"75.00%","80.00%","Ahyacinthus03516"
"2188","Cluster_3818","3prime_UTR::chr3:23063695-23064695(-)",167,-22.59,"2 20","78 98",18,"77.78%","83.33%","Ahyacinthus04925"
"2189","Cluster_3818","3prime_UTR::chr4:13905588-13906588(-)",151,-21.83,"2 20","411 431",18,"61.11%","77.78%","Ahyacinthus06126"
"2190","Cluster_3818","3prime_UTR::chr4:9703386-9704386(+)",163,-21.01,"2 17","821 843",17,"82.35%","88.24%","Ahyacinthus05906"
"2191","Cluster_3818","3prime_UTR::chr5:3314529-3315529(-)",160,-21.12,"2 17","979 999",15,"80.00%","86.67%","Ahyacinthus07065"
"2192","Cluster_3818","3prime_UTR::chr7:16049509-16050509(-)",170,-23.83,"2 20","573 595",20,"80.00%","85.00%","Ahyacinthus11947"
"2193","Cluster_3818","3prime_UTR::chr7:29296998-29297998(-)",169,-20.98,"2 20","728 750",20,"85.00%","85.00%","Ahyacinthus12896"
"2194","Cluster_3818","3prime_UTR::chr8:18944527-18945527(-)",159,-20.05,"2 20","149 169",18,"66.67%","83.33%","Ahyacinthus14191"
"2195","Cluster_3818","3prime_UTR::chr9:12877370-12878370(+)",163,-21.41,"2 17","885 907",17,"82.35%","88.24%","Ahyacinthus15641"
"2196","Cluster_3818","3prime_UTR::chr9:13797158-13798158(+)",171,-23.01,"2 16","607 627",14,"92.86%","100.00%","Ahyacinthus15695"
"2197","Cluster_3818","3prime_UTR::chr9:19317447-19318447(+)",163,-22.53,"2 18","940 963",19,"84.21%","84.21%","Ahyacinthus16128"
"2198","Cluster_3818","3prime_UTR::chr9:25863182-25864182(-)",155,-20.35,"2 16","647 667",14,"78.57%","85.71%","Ahyacinthus16541"
"2199","Cluster_3818","3prime_UTR::chr9:52606-53606(+)",157,-20.07,"2 20","647 666",18,"77.78%","77.78%","Ahyacinthus14789"
"2200","Cluster_3818","3prime_UTR::chr9:73590-74590(+)",157,-20.07,"2 20","379 398",18,"77.78%","77.78%","Ahyacinthus14791"
"2201","Cluster_3818","3prime_UTR::chr9:9564775-9565775(-)",161,-22.28,"2 20","40 62",20,"80.00%","80.00%","Ahyacinthus15468"
"2202","Cluster_3818","3prime_UTR::chr9:9565443-9565775(-)",161,-22.28,"2 20","40 62",20,"80.00%","80.00%","Ahyacinthus15469"
"2203","Cluster_3818","3prime_UTR::sc064:44584-45584(+)",164,-23.37,"2 20","544 564",19,"84.21%","84.21%","Ahyacinthus25542"
"2204","Cluster_3818","3prime_UTR::sc098:138037-139037(+)",153,-20.46,"2 20","878 897",18,"72.22%","77.78%","Ahyacinthus25873"
"2205","Cluster_3818","3prime_UTR::sc190:36805-37805(+)",162,-22.82,"2 20","718 741",21,"71.43%","80.95%","Ahyacinthus26360"
"2206","Cluster_7759","3prime_UTR::chr10:1077982-1078982(+)",148,-22.04,"2 18","332 354",17,"70.59%","76.47%","Ahyacinthus16828"
"2207","Cluster_7759","3prime_UTR::chr10:12818211-12819211(-)",162,-23.56,"2 21","633 658",23,"69.57%","82.61%","Ahyacinthus17566"
"2208","Cluster_7759","3prime_UTR::chr10:15972348-15973348(+)",160,-21.58,"2 19","371 396",21,"76.19%","80.95%","Ahyacinthus17829"
"2209","Cluster_7759","3prime_UTR::chr10:19075158-19076158(+)",153,-22.04,"2 20","926 946",18,"72.22%","77.78%","Ahyacinthus18010"
"2210","Cluster_7759","3prime_UTR::chr10:6738751-6739751(-)",161,-21.28,"2 14","111 132",12,"91.67%","100.00%","Ahyacinthus17149"
"2211","Cluster_7759","3prime_UTR::chr10:6850850-6851850(+)",161,-21.29,"2 14","157 178",12,"91.67%","100.00%","Ahyacinthus17154"
"2212","Cluster_7759","3prime_UTR::chr11:1117390-1118390(-)",166,-23.84,"2 19","4 25",17,"76.47%","88.24%","Ahyacinthus18346"
"2213","Cluster_7759","3prime_UTR::chr11:1467167-1468167(-)",169,-23,"2 20","580 600",18,"83.33%","88.89%","Ahyacinthus18370"
"2214","Cluster_7759","3prime_UTR::chr11:15745360-15746360(+)",158,-20.63,"2 20","716 740",21,"71.43%","76.19%","Ahyacinthus19426"
"2215","Cluster_7759","3prime_UTR::chr11:18208370-18209370(+)",159,-21.32,"2 21","865 883",19,"78.95%","84.21%","Ahyacinthus19566"
"2216","Cluster_7759","3prime_UTR::chr11:1896675-1897675(-)",161,-20.82,"2 20","694 714",18,"77.78%","83.33%","Ahyacinthus18413"
"2217","Cluster_7759","3prime_UTR::chr11:19918357-19919357(+)",166,-24.26,"2 19","521 542",17,"82.35%","82.35%","Ahyacinthus19699"
"2218","Cluster_7759","3prime_UTR::chr11:4009198-4009437(+)",167,-20.92,"2 21","186 208",20,"80.00%","80.00%","Ahyacinthus18590"
"2219","Cluster_7759","3prime_UTR::chr11:5181586-5182586(+)",154,-24.03,"2 20","915 941",23,"60.87%","78.26%","Ahyacinthus18686"
"2220","Cluster_7759","3prime_UTR::chr11:7190100-7191100(+)",168,-22.1,"2 21","64 85",19,"78.95%","78.95%","Ahyacinthus18815"
"2221","Cluster_7759","3prime_UTR::chr12:11788713-11789713(-)",159,-24.34,"2 16","335 356",14,"85.71%","85.71%","Ahyacinthus20989"
"2222","Cluster_7759","3prime_UTR::chr12:14922696-14923696(-)",159,-21.45,"2 21","753 778",23,"69.57%","73.91%","Ahyacinthus21265"
"2223","Cluster_7759","3prime_UTR::chr12:1641402-1642402(-)",169,-22.4,"2 20","2 22",18,"83.33%","88.89%","Ahyacinthus20139"
"2224","Cluster_7759","3prime_UTR::chr12:18429806-18430806(+)",152,-20.14,"2 17","491 512",15,"66.67%","86.67%","Ahyacinthus21468"
"2225","Cluster_7759","3prime_UTR::chr12:5031439-5032439(+)",162,-20.69,"2 21","810 833",21,"76.19%","80.95%","Ahyacinthus20401"
"2226","Cluster_7759","3prime_UTR::chr13:9837811-9838811(-)",158,-20.63,"2 20","251 275",21,"71.43%","76.19%","Ahyacinthus22352"
"2227","Cluster_7759","3prime_UTR::chr14:22145756-22146756(-)",157,-20.52,"2 14","826 847",12,"83.33%","100.00%","Ahyacinthus24418"
"2228","Cluster_7759","3prime_UTR::chr14:3860571-3861571(-)",172,-29.43,"2 17","238 259",15,"86.67%","100.00%","Ahyacinthus23446"
"2229","Cluster_7759","3prime_UTR::chr14:3877735-3878735(+)",168,-26.55,"2 17","122 143",15,"80.00%","100.00%","Ahyacinthus23448"
"2230","Cluster_7759","3prime_UTR::chr14:7474401-7475401(-)",149,-20.93,"2 19","437 463",22,"63.64%","72.73%","Ahyacinthus23609"
"2231","Cluster_7759","3prime_UTR::chr1:11066881-11067881(+)",165,-23.2,"2 20","562 582",18,"77.78%","88.89%","Ahyacinthus00569"
"2232","Cluster_7759","3prime_UTR::chr1:1149320-1150320(+)",171,-24.97,"2 21","685 707",20,"80.00%","85.00%","Ahyacinthus00068"
"2233","Cluster_7759","3prime_UTR::chr1:13872563-13873563(+)",163,-22.71,"2 21","266 286",20,"85.00%","85.00%","Ahyacinthus00734"
"2234","Cluster_7759","3prime_UTR::chr1:1606865-1607865(-)",161,-20.82,"2 20","694 714",18,"77.78%","83.33%","Ahyacinthus00098"
"2235","Cluster_7759","3prime_UTR::chr1:5496526-5497526(+)",164,-21.95,"2 19","423 443",17,"82.35%","88.24%","Ahyacinthus00365"
"2236","Cluster_7759","3prime_UTR::chr2:11954026-11955026(+)",163,-21.14,"2 21","124 146",20,"75.00%","80.00%","Ahyacinthus02714"
"2237","Cluster_7759","3prime_UTR::chr2:14518404-14519404(+)",159,-21.27,"2 21","872 894",20,"70.00%","80.00%","Ahyacinthus02921"
"2238","Cluster_7759","3prime_UTR::chr2:18125281-18126281(-)",162,-20.84,"2 21","288 308",19,"73.68%","84.21%","Ahyacinthus03135"
"2239","Cluster_7759","3prime_UTR::chr2:20617032-20618032(-)",162,-20.32,"2 21","903 923",19,"73.68%","84.21%","Ahyacinthus03242"
"2240","Cluster_7759","3prime_UTR::chr3:14084772-14085509(-)",156,-21.58,"2 14","145 167",13,"92.31%","92.31%","Ahyacinthus04260"
"2241","Cluster_7759","3prime_UTR::chr3:22934871-22935871(+)",146,-22.7,"2 11","330 351",9,"88.89%","100.00%","Ahyacinthus04907"
"2242","Cluster_7759","3prime_UTR::chr3:24487327-24488327(-)",164,-20.82,"2 21","64 85",19,"68.42%","84.21%","Ahyacinthus05034"
"2243","Cluster_7759","3prime_UTR::chr3:6320779-6321779(-)",171,-22.28,"2 21","437 460",21,"76.19%","85.71%","Ahyacinthus03814"
"2244","Cluster_7759","3prime_UTR::chr4:17226824-17227824(-)",158,-20.49,"2 20","333 355",19,"68.42%","84.21%","Ahyacinthus06318"
"2245","Cluster_7759","3prime_UTR::chr4:1883470-1884470(+)",158,-20.63,"2 20","821 845",21,"71.43%","76.19%","Ahyacinthus05326"
"2246","Cluster_7759","3prime_UTR::chr4:19366087-19367087(-)",158,-20.63,"2 20","851 875",21,"71.43%","76.19%","Ahyacinthus06450"
"2247","Cluster_7759","3prime_UTR::chr4:1968169-1969169(-)",153,-21.34,"2 21","732 755",22,"72.73%","72.73%","Ahyacinthus05335"
"2248","Cluster_7759","3prime_UTR::chr4:21754360-21755360(+)",166,-22.13,"2 20","385 408",20,"80.00%","80.00%","Ahyacinthus06601"
"2249","Cluster_7759","3prime_UTR::chr4:22409817-22410817(-)",158,-21.67,"2 21","456 476",19,"73.68%","78.95%","Ahyacinthus06648"
"2250","Cluster_7759","3prime_UTR::chr4:7762067-7763067(+)",159,-20.79,"2 17","559 581",16,"81.25%","87.50%","Ahyacinthus05791"
"2251","Cluster_7759","3prime_UTR::chr4:7786100-7787100(+)",159,-22.2,"2 17","659 681",16,"81.25%","87.50%","Ahyacinthus05792"
"2252","Cluster_7759","3prime_UTR::chr4:7872919-7873919(+)",159,-22.2,"2 17","505 527",16,"81.25%","87.50%","Ahyacinthus05796"
"2253","Cluster_7759","3prime_UTR::chr4:7917237-7918237(+)",159,-20.79,"2 17","567 589",16,"81.25%","87.50%","Ahyacinthus05797"
"2254","Cluster_7759","3prime_UTR::chr4:8193318-8194318(+)",151,-21.27,"2 18","252 272",16,"68.75%","87.50%","Ahyacinthus05810"
"2255","Cluster_7759","3prime_UTR::chr4:9563909-9564909(-)",164,-24.35,"2 18","464 488",19,"78.95%","84.21%","Ahyacinthus05899"
"2256","Cluster_7759","3prime_UTR::chr5:12773138-12774138(-)",154,-20.71,"2 15","861 882",13,"69.23%","100.00%","Ahyacinthus07482"
"2257","Cluster_7759","3prime_UTR::chr5:28713148-28714148(+)",160,-21.81,"2 21","606 627",19,"68.42%","78.95%","Ahyacinthus08260"
"2258","Cluster_7759","3prime_UTR::chr5:4514837-4515837(+)",163,-20.12,"2 16","281 302",14,"85.71%","92.86%","Ahyacinthus07102"
"2259","Cluster_7759","3prime_UTR::chr5:6852659-6852930(+)",166,-22.82,"2 20","196 219",20,"80.00%","80.00%","Ahyacinthus07225"
"2260","Cluster_7759","3prime_UTR::chr6:13206372-13207372(-)",165,-21.57,"2 18","779 800",16,"75.00%","93.75%","Ahyacinthus09536"
"2261","Cluster_7759","3prime_UTR::chr6:27684324-27685324(-)",158,-20.11,"2 21","838 858",19,"73.68%","78.95%","Ahyacinthus10555"
"2262","Cluster_7759","3prime_UTR::chr6:31085395-31086395(+)",160,-21.41,"2 19","282 307",21,"76.19%","80.95%","Ahyacinthus10798"
"2263","Cluster_7759","3prime_UTR::chr6:356593-357593(-)",169,-25.78,"2 18","813 834",16,"81.25%","93.75%","Ahyacinthus08646"
"2264","Cluster_7759","3prime_UTR::chr6:437090-438090(+)",150,-20.33,"2 21","863 880",19,"73.68%","78.95%","Ahyacinthus08652"
"2265","Cluster_7759","3prime_UTR::chr6:5333470-5334470(+)",148,-21.82,"2 21","222 249",26,"69.23%","69.23%","Ahyacinthus09041"
"2266","Cluster_7759","3prime_UTR::chr6:9231342-9232342(-)",162,-23.92,"2 17","963 983",15,"86.67%","93.33%","Ahyacinthus09259"
"2267","Cluster_7759","3prime_UTR::chr7:10463076-10464076(+)",159,-21.57,"2 21","66 88",20,"65.00%","85.00%","Ahyacinthus11658"
"2268","Cluster_7759","3prime_UTR::chr7:19485899-19486899(+)",151,-20.69,"2 12","676 697",10,"90.00%","100.00%","Ahyacinthus12190"
"2269","Cluster_7759","3prime_UTR::chr7:19819152-19820152(-)",166,-22.13,"2 20","263 286",20,"80.00%","80.00%","Ahyacinthus12208"
"2270","Cluster_7759","3prime_UTR::chr7:23552790-23553790(+)",155,-20.3,"2 16","821 842",14,"78.57%","85.71%","Ahyacinthus12492"
"2271","Cluster_7759","3prime_UTR::chr7:26985801-26986801(-)",164,-21.55,"2 21","598 619",19,"73.68%","78.95%","Ahyacinthus12733"
"2272","Cluster_7759","3prime_UTR::chr7:27398918-27399918(+)",172,-21.16,"2 21","922 943",19,"78.95%","84.21%","Ahyacinthus12766"
"2273","Cluster_7759","3prime_UTR::chr7:29936689-29937689(-)",156,-20.07,"2 17","572 593",15,"73.33%","86.67%","Ahyacinthus12952"
"2274","Cluster_7759","3prime_UTR::chr8:19893534-19894534(+)",162,-21.1,"2 21","196 216",19,"73.68%","84.21%","Ahyacinthus14227"
"2275","Cluster_7759","3prime_UTR::chr8:19930513-19931513(-)",152,-20.87,"2 20","110 129",18,"72.22%","77.78%","Ahyacinthus14231"
"2276","Cluster_7759","3prime_UTR::chr8:23339431-23340431(-)",155,-22.79,"2 17","272 294",16,"81.25%","81.25%","Ahyacinthus14461"
"2277","Cluster_7759","3prime_UTR::chr8:30087153-30088153(+)",162,-21.53,"2 15","753 774",13,"84.62%","100.00%","Ahyacinthus14779"
"2278","Cluster_7759","3prime_UTR::chr9:14591641-14592641(-)",169,-21.35,"2 18","730 751",16,"81.25%","93.75%","Ahyacinthus15745"
"2279","Cluster_7759","3prime_UTR::chr9:1544991-1545991(-)",159,-24.78,"2 17","35 60",19,"78.95%","78.95%","Ahyacinthus14903"
"2280","Cluster_7759","3prime_UTR::chr9:15639020-15640020(+)",154,-24.31,"2 21","500 525",23,"65.22%","78.26%","Ahyacinthus15835"
"2281","Cluster_7759","3prime_UTR::chr9:17267521-17268521(-)",160,-21.58,"2 19","740 765",21,"76.19%","80.95%","Ahyacinthus15951"
"2282","Cluster_7759","3prime_UTR::chr9:23476700-23477700(+)",158,-20.53,"2 20","330 354",21,"71.43%","76.19%","Ahyacinthus16376"
"2283","Cluster_7759","3prime_UTR::chr9:27838008-27839008(-)",169,-25.41,"2 19","872 895",19,"78.95%","89.47%","Ahyacinthus16704"
"2284","Cluster_7759","3prime_UTR::chr9:28357190-28358190(+)",172,-24.63,"2 21","585 606",19,"73.68%","89.47%","Ahyacinthus16743"
"2285","Cluster_7759","3prime_UTR::chr9:64711-65711(+)",170,-23.66,"2 20","967 990",20,"80.00%","85.00%","Ahyacinthus14790"
"2286","Cluster_7759","3prime_UTR::chr9:996680-997680(-)",164,-21.07,"2 20","920 943",21,"80.95%","80.95%","Ahyacinthus14861"
"2287","Cluster_7759","3prime_UTR::sc007:330831-331831(-)",168,-26.06,"2 21","326 347",19,"73.68%","84.21%","Ahyacinthus24658"
"2288","Cluster_7759","3prime_UTR::sc008:462290-463290(-)",182,-27.5,"2 21","837 857",19,"89.47%","94.74%","Ahyacinthus24703"
"2289","Cluster_7759","3prime_UTR::sc010:315409-316409(-)",170,-23.26,"2 20","781 803",19,"78.95%","89.47%","Ahyacinthus24752"
"2290","Cluster_7759","3prime_UTR::sc025:86128-87128(+)",166,-20.27,"2 21","480 500",19,"78.95%","84.21%","Ahyacinthus24983"
"2291","Cluster_7759","3prime_UTR::sc091:139774-140774(+)",158,-20.91,"2 20","810 834",21,"71.43%","76.19%","Ahyacinthus25827"
"2292","Cluster_7759","3prime_UTR::sc091:140499-141499(-)",163,-24.11,"2 21","920 944",22,"72.73%","77.27%","Ahyacinthus25828"
"2293","Cluster_7759","3prime_UTR::sc091:31793-32793(-)",161,-20.82,"2 20","697 717",18,"77.78%","83.33%","Ahyacinthus25820"
"2294","Cluster_7759","3prime_UTR::sc129:59784-60784(-)",166,-23.68,"2 20","204 226",19,"78.95%","84.21%","Ahyacinthus26072"
"2295","Cluster_7759","3prime_UTR::sc233:51093-52093(+)",156,-21.2,"2 18","442 464",17,"70.59%","88.24%","Ahyacinthus26525"
"2296","Cluster_7774","3prime_UTR::chr10:12296603-12297603(-)",162,-22.91,"2 21","925 948",21,"76.19%","80.95%","Ahyacinthus17535"
"2297","Cluster_7774","3prime_UTR::chr10:14542043-14543043(-)",175,-21.64,"2 20","387 408",18,"83.33%","88.89%","Ahyacinthus17722"
"2298","Cluster_7774","3prime_UTR::chr10:20817115-20818115(-)",161,-24.08,"2 18","711 732",16,"68.75%","93.75%","Ahyacinthus18054"
"2299","Cluster_7774","3prime_UTR::chr10:4691348-4692348(+)",159,-20.07,"2 21","629 651",20,"65.00%","85.00%","Ahyacinthus17061"
"2300","Cluster_7774","3prime_UTR::chr10:8430806-8431806(-)",168,-20.73,"2 21","14 35",19,"73.68%","84.21%","Ahyacinthus17234"
"2301","Cluster_7774","3prime_UTR::chr11:12572709-12573709(+)",176,-20.28,"2 21","547 568",19,"78.95%","89.47%","Ahyacinthus19250"
"2302","Cluster_7774","3prime_UTR::chr11:14966633-14967633(-)",166,-25.79,"2 21","495 518",21,"76.19%","85.71%","Ahyacinthus19385"
"2303","Cluster_7774","3prime_UTR::chr11:16546484-16547484(+)",152,-20.47,"2 17","579 600",15,"73.33%","80.00%","Ahyacinthus19465"
"2304","Cluster_7774","3prime_UTR::chr11:18504066-18505066(-)",166,-22.29,"2 17","408 428",15,"93.33%","93.33%","Ahyacinthus19587"
"2305","Cluster_7774","3prime_UTR::chr11:23782694-23783476(+)",184,-24.98,"2 21","358 379",19,"89.47%","89.47%","Ahyacinthus20010"
"2306","Cluster_7774","3prime_UTR::chr11:5063737-5064737(-)",150,-20.01,"2 21","595 619",22,"63.64%","77.27%","Ahyacinthus18679"
"2307","Cluster_7774","3prime_UTR::chr11:8739726-8740726(-)",176,-26.64,"2 21","484 505",19,"78.95%","89.47%","Ahyacinthus18928"
"2308","Cluster_7774","3prime_UTR::chr12:10609908-10610908(-)",169,-22.2,"2 21","949 968",19,"84.21%","84.21%","Ahyacinthus20868"
"2309","Cluster_7774","3prime_UTR::chr12:11181363-11182363(+)",163,-20.38,"2 16","530 551",14,"78.57%","100.00%","Ahyacinthus20932"
"2310","Cluster_7774","3prime_UTR::chr12:11696978-11697978(-)",173,-21.22,"2 21","859 881",21,"85.71%","85.71%","Ahyacinthus20982"
"2311","Cluster_7774","3prime_UTR::chr12:19478052-19479052(+)",146,-20.2,"2 15","614 635",13,"69.23%","84.62%","Ahyacinthus21523"
"2312","Cluster_7774","3prime_UTR::chr12:21476624-21477624(-)",164,-20.26,"2 21","969 990",19,"68.42%","84.21%","Ahyacinthus21618"
"2313","Cluster_7774","3prime_UTR::chr12:4687022-4688022(+)",169,-20.47,"2 18","495 516",16,"87.50%","87.50%","Ahyacinthus20373"
"2314","Cluster_7774","3prime_UTR::chr12:6188495-6189495(+)",150,-23.48,"2 21","47 67",19,"52.63%","89.47%","Ahyacinthus20492"
"2315","Cluster_7774","3prime_UTR::chr12:6893785-6894785(-)",175,-21.33,"2 21","240 262",20,"80.00%","90.00%","Ahyacinthus20545"
"2316","Cluster_7774","3prime_UTR::chr12:8452676-8453676(-)",174,-23.49,"2 21","121 144",21,"80.95%","90.48%","Ahyacinthus20670"
"2317","Cluster_7774","3prime_UTR::chr13:11508256-11509256(+)",151,-20.19,"2 18","743 763",16,"62.50%","93.75%","Ahyacinthus22485"
"2318","Cluster_7774","3prime_UTR::chr13:13087407-13088407(-)",170,-21.86,"2 20","900 923",20,"80.00%","85.00%","Ahyacinthus22611"
"2319","Cluster_7774","3prime_UTR::chr13:16974844-16975844(-)",164,-22.09,"2 19","427 450",19,"78.95%","89.47%","Ahyacinthus22909"
"2320","Cluster_7774","3prime_UTR::chr13:2205459-2206459(-)",170,-27.75,"2 19","203 224",17,"76.47%","94.12%","Ahyacinthus21935"
"2321","Cluster_7774","3prime_UTR::chr13:5743261-5744261(-)",162,-20.01,"2 19","617 638",17,"70.59%","88.24%","Ahyacinthus22103"
"2322","Cluster_7774","3prime_UTR::chr13:6473094-6474094(+)",161,-20.9,"2 19","971 993",18,"77.78%","83.33%","Ahyacinthus22154"
"2323","Cluster_7774","3prime_UTR::chr13:8509600-8510600(+)",167,-21.1,"2 20","960 981",18,"77.78%","83.33%","Ahyacinthus22257"
"2324","Cluster_7774","3prime_UTR::chr14:17950351-17951351(-)",151,-20.31,"2 18","775 795",16,"68.75%","87.50%","Ahyacinthus24156"
"2325","Cluster_7774","3prime_UTR::chr14:19287780-19288780(+)",157,-20.33,"2 15","426 448",14,"85.71%","92.86%","Ahyacinthus24219"
"2326","Cluster_7774","3prime_UTR::chr14:20221466-20222466(+)",172,-21.04,"2 21","703 724",19,"73.68%","89.47%","Ahyacinthus24277"
"2327","Cluster_7774","3prime_UTR::chr14:5378489-5379489(+)",171,-22.86,"2 21","854 877",21,"76.19%","85.71%","Ahyacinthus23546"
"2328","Cluster_7774","3prime_UTR::chr14:9060634-9061634(-)",156,-20.77,"2 21","42 63",19,"63.16%","78.95%","Ahyacinthus23674"
"2329","Cluster_7774","3prime_UTR::chr1:1090765-1091112(-)",151,-23.95,"2 21","216 238",20,"60.00%","80.00%","Ahyacinthus00064"
"2330","Cluster_7774","3prime_UTR::chr1:16828636-16829636(-)",149,-20.17,"2 14","905 926",12,"75.00%","91.67%","Ahyacinthus00809"
"2331","Cluster_7774","3prime_UTR::chr1:20425086-20426086(+)",151,-20.06,"2 21","400 422",20,"70.00%","70.00%","Ahyacinthus00906"
"2332","Cluster_7774","3prime_UTR::chr1:20834962-20835962(+)",148,-20.9,"2 15","64 84",13,"84.62%","84.62%","Ahyacinthus00933"
"2333","Cluster_7774","3prime_UTR::chr1:6304677-6305677(-)",146,-21.42,"2 21","755 784",27,"62.96%","66.67%","Ahyacinthus00410"
"2334","Cluster_7774","3prime_UTR::chr2:10321007-10322007(-)",158,-22.1,"2 20","591 613",19,"68.42%","84.21%","Ahyacinthus02591"
"2335","Cluster_7774","3prime_UTR::chr2:12027341-12028341(-)",146,-20.2,"2 15","194 215",13,"69.23%","84.62%","Ahyacinthus02722"
"2336","Cluster_7774","3prime_UTR::chr2:1489526-1490526(+)",170,-22.17,"2 21","400 420",19,"78.95%","89.47%","Ahyacinthus01855"
"2337","Cluster_7774","3prime_UTR::chr2:16486577-16487577(-)",150,-23.55,"2 15","321 342",13,"76.92%","84.62%","Ahyacinthus03039"
"2338","Cluster_7774","3prime_UTR::chr2:16487147-16487577(-)",150,-23.55,"2 15","321 342",13,"76.92%","84.62%","Ahyacinthus03040"
"2339","Cluster_7774","3prime_UTR::chr2:20843235-20844235(+)",146,-20.49,"2 15","857 878",13,"69.23%","84.62%","Ahyacinthus03263"
"2340","Cluster_7774","3prime_UTR::chr2:6598132-6599132(-)",162,-22.09,"2 21","2 25",21,"71.43%","85.71%","Ahyacinthus02319"
"2341","Cluster_7774","3prime_UTR::chr2:9304153-9305153(-)",166,-20.82,"2 21","623 643",19,"73.68%","89.47%","Ahyacinthus02516"
"2342","Cluster_7774","3prime_UTR::chr3:11663654-11664654(+)",159,-26.31,"2 21","672 694",20,"65.00%","85.00%","Ahyacinthus04140"
"2343","Cluster_7774","3prime_UTR::chr3:2445387-2446387(+)",151,-20.65,"2 17","248 270",16,"68.75%","87.50%","Ahyacinthus03528"
"2344","Cluster_7774","3prime_UTR::chr3:3779259-3779957(-)",148,-21.7,"2 21","218 237",19,"63.16%","84.21%","Ahyacinthus03627"
"2345","Cluster_7774","3prime_UTR::chr3:5484221-5485221(+)",159,-23.18,"2 21","110 135",23,"65.22%","78.26%","Ahyacinthus03743"
"2346","Cluster_7774","3prime_UTR::chr3:6703919-6704919(-)",166,-20.44,"2 20","514 536",19,"73.68%","89.47%","Ahyacinthus03845"
"2347","Cluster_7774","3prime_UTR::chr4:14504052-14505052(-)",150,-21.48,"2 15","232 253",13,"69.23%","92.31%","Ahyacinthus06158"
"2348","Cluster_7774","3prime_UTR::chr4:14848441-14849441(-)",157,-21.33,"2 20","804 824",18,"66.67%","88.89%","Ahyacinthus06188"
"2349","Cluster_7774","3prime_UTR::chr4:24801855-24802833(+)",146,-20.2,"2 15","513 534",13,"69.23%","84.62%","Ahyacinthus06792"
"2350","Cluster_7774","3prime_UTR::chr4:24801855-24802833(-)",146,-20.2,"2 15","141 162",13,"69.23%","84.62%","Ahyacinthus06793"
"2351","Cluster_7774","3prime_UTR::chr5:1059989-1060989(-)",157,-21.55,"2 14","520 541",12,"83.33%","100.00%","Ahyacinthus06996"
"2352","Cluster_7774","3prime_UTR::chr5:18529986-18530986(-)",157,-21.33,"2 20","806 826",18,"66.67%","88.89%","Ahyacinthus07699"
"2353","Cluster_7774","3prime_UTR::chr5:32061649-32062649(+)",179,-30.44,"2 21","462 484",20,"80.00%","95.00%","Ahyacinthus08530"
"2354","Cluster_7774","3prime_UTR::chr5:360297-361297(-)",162,-21.6,"2 21","603 623",19,"73.68%","84.21%","Ahyacinthus06970"
"2355","Cluster_7774","3prime_UTR::chr5:5836302-5837284(-)",158,-20.52,"2 21","357 377",19,"68.42%","84.21%","Ahyacinthus07155"
"2356","Cluster_7774","3prime_UTR::chr5:6989551-6990551(-)",172,-23.29,"2 21","824 845",19,"73.68%","89.47%","Ahyacinthus07236"
"2357","Cluster_7774","3prime_UTR::chr6:12341810-12342810(-)",157,-21.47,"2 15","288 310",14,"85.71%","92.86%","Ahyacinthus09472"
"2358","Cluster_7774","3prime_UTR::chr6:14809375-14810375(+)",155,-21.28,"2 18","781 805",19,"73.68%","84.21%","Ahyacinthus09608"
"2359","Cluster_7774","3prime_UTR::chr6:161393-162393(+)",164,-20.39,"2 18","802 825",18,"77.78%","88.89%","Ahyacinthus08628"
"2360","Cluster_7774","3prime_UTR::chr6:17142309-17143309(-)",158,-25.74,"2 21","283 308",23,"65.22%","82.61%","Ahyacinthus09713"
"2361","Cluster_7774","3prime_UTR::chr6:22765143-22766143(+)",159,-23.57,"2 21","158 181",21,"61.90%","85.71%","Ahyacinthus10138"
"2362","Cluster_7774","3prime_UTR::chr6:23599-24599(+)",159,-23.81,"2 18","400 420",16,"75.00%","93.75%","Ahyacinthus08619"
"2363","Cluster_7774","3prime_UTR::chr6:30357369-30358294(+)",146,-20.2,"2 15","409 430",13,"69.23%","84.62%","Ahyacinthus10733"
"2364","Cluster_7774","3prime_UTR::chr6:30357369-30358294(-)",146,-20.2,"2 15","194 215",13,"69.23%","84.62%","Ahyacinthus10734"
"2365","Cluster_7774","3prime_UTR::chr6:30783044-30784044(+)",163,-20.75,"2 21","364 386",20,"70.00%","85.00%","Ahyacinthus10772"
"2366","Cluster_7774","3prime_UTR::chr6:32017996-32018996(-)",184,-24.7,"2 21","462 483",19,"84.21%","94.74%","Ahyacinthus10864"
"2367","Cluster_7774","3prime_UTR::chr6:6516132-6517132(-)",158,-21.13,"2 21","877 897",19,"68.42%","84.21%","Ahyacinthus09092"
"2368","Cluster_7774","3prime_UTR::chr6:6677395-6678395(-)",167,-21.87,"2 21","944 967",21,"71.43%","85.71%","Ahyacinthus09109"
"2369","Cluster_7774","3prime_UTR::chr6:7355782-7356782(-)",173,-22.79,"2 19","574 596",18,"83.33%","94.44%","Ahyacinthus09141"
"2370","Cluster_7774","3prime_UTR::chr7:11390801-11391801(-)",176,-23.06,"2 21","590 611",19,"78.95%","89.47%","Ahyacinthus11695"
"2371","Cluster_7774","3prime_UTR::chr7:16264156-16265156(+)",158,-23.75,"2 15","853 874",13,"76.92%","100.00%","Ahyacinthus11965"
"2372","Cluster_7774","3prime_UTR::chr7:17010102-17011102(+)",174,-20.49,"2 19","19 40",17,"82.35%","94.12%","Ahyacinthus12008"
"2373","Cluster_7774","3prime_UTR::chr7:18916083-18916556(-)",176,-23.06,"2 21","240 261",19,"78.95%","89.47%","Ahyacinthus12142"
"2374","Cluster_7774","3prime_UTR::chr7:22963062-22964062(+)",154,-20.58,"2 17","556 576",15,"73.33%","93.33%","Ahyacinthus12453"
"2375","Cluster_7774","3prime_UTR::chr7:24289183-24290183(+)",171,-20.27,"2 21","648 670",20,"80.00%","85.00%","Ahyacinthus12546"
"2376","Cluster_7774","3prime_UTR::chr7:24522039-24523039(-)",154,-20.86,"2 21","248 268",19,"68.42%","78.95%","Ahyacinthus12566"
"2377","Cluster_7774","3prime_UTR::chr7:27042217-27042734(-)",158,-22.83,"2 19","93 114",17,"64.71%","88.24%","Ahyacinthus12739"
"2378","Cluster_7774","3prime_UTR::chr7:27145821-27146821(+)",150,-20.04,"2 21","433 453",19,"57.89%","84.21%","Ahyacinthus12746"
"2379","Cluster_7774","3prime_UTR::chr7:30430219-30431219(-)",161,-20.04,"2 21","928 950",21,"71.43%","85.71%","Ahyacinthus13004"
"2380","Cluster_7774","3prime_UTR::chr8:12156695-12157695(+)",158,-22.1,"2 20","374 396",19,"68.42%","84.21%","Ahyacinthus13845"
"2381","Cluster_7774","3prime_UTR::chr8:12420507-12421507(-)",157,-21.22,"2 21","502 521",19,"68.42%","84.21%","Ahyacinthus13855"
"2382","Cluster_7774","3prime_UTR::chr8:14955228-14956228(-)",171,-21.67,"2 21","370 393",21,"76.19%","85.71%","Ahyacinthus13974"
"2383","Cluster_7774","3prime_UTR::chr8:1557645-1558645(+)",157,-21.33,"2 20","918 938",18,"66.67%","88.89%","Ahyacinthus13144"
"2384","Cluster_7774","3prime_UTR::chr8:1645884-1646884(+)",159,-21.12,"2 21","707 730",21,"66.67%","80.95%","Ahyacinthus13151"
"2385","Cluster_7774","3prime_UTR::chr8:19163805-19164805(+)",158,-22.32,"2 21","737 762",23,"65.22%","82.61%","Ahyacinthus14199"
"2386","Cluster_7774","3prime_UTR::chr8:19671585-19672081(-)",167,-22.67,"2 21","445 467",20,"70.00%","90.00%","Ahyacinthus14214"
"2387","Cluster_7774","3prime_UTR::chr8:23194886-23195886(+)",160,-22.16,"2 21","13 34",19,"63.16%","84.21%","Ahyacinthus14447"
"2388","Cluster_7774","3prime_UTR::chr8:23389734-23390734(-)",155,-22.39,"2 21","63 85",20,"60.00%","85.00%","Ahyacinthus14467"
"2389","Cluster_7774","3prime_UTR::chr8:29913239-29914239(+)",176,-23.06,"2 21","590 611",19,"78.95%","89.47%","Ahyacinthus14777"
"2390","Cluster_7774","3prime_UTR::chr8:9347785-9348785(+)",168,-22.3,"2 21","257 278",19,"68.42%","89.47%","Ahyacinthus13658"
"2391","Cluster_7774","3prime_UTR::chr9:18407646-18408267(-)",156,-20.24,"2 18","122 145",18,"72.22%","83.33%","Ahyacinthus16053"
"2392","Cluster_7774","3prime_UTR::chr9:19004583-19005583(+)",176,-20.33,"2 21","938 959",19,"78.95%","89.47%","Ahyacinthus16101"
"2393","Cluster_7774","3prime_UTR::chr9:26050082-26051082(+)",150,-20.97,"2 20","812 834",19,"57.89%","84.21%","Ahyacinthus16560"
"2394","Cluster_7774","3prime_UTR::chr9:26504006-26504742(+)",159,-22.95,"2 21","309 331",20,"70.00%","80.00%","Ahyacinthus16599"
"2395","Cluster_7774","3prime_UTR::chr9:6449222-6450222(-)",156,-21.77,"2 21","534 555",19,"57.89%","84.21%","Ahyacinthus15252"
"2396","Cluster_7774","3prime_UTR::sc002:625486-626486(-)",162,-21.93,"2 21","508 528",19,"68.42%","89.47%","Ahyacinthus24559"
"2397","Cluster_7774","3prime_UTR::sc019:98859-99859(-)",150,-21.26,"2 21","336 356",19,"63.16%","78.95%","Ahyacinthus24897"
"2398","Cluster_7774","3prime_UTR::sc022:300822-301822(+)",162,-22.91,"2 16","684 706",15,"86.67%","93.33%","Ahyacinthus24929"
"2399","Cluster_7774","3prime_UTR::sc024:27202-28202(+)",152,-21.3,"2 18","574 599",20,"65.00%","80.00%","Ahyacinthus24942"
"2400","Cluster_7774","3prime_UTR::sc031:217854-218854(+)",168,-23.65,"2 21","520 541",19,"68.42%","89.47%","Ahyacinthus25132"
"2401","Cluster_7774","3prime_UTR::sc044:45651-46651(+)",158,-22.67,"2 21","720 747",25,"68.00%","76.00%","Ahyacinthus25275"
"2402","Cluster_7774","3prime_UTR::sc051:145837-146837(-)",152,-21.32,"2 21","320 339",19,"63.16%","89.47%","Ahyacinthus25356"
"2403","Cluster_7774","3prime_UTR::sc062:201850-202850(-)",166,-21.73,"2 21","911 931",19,"73.68%","89.47%","Ahyacinthus25521"
"2404","Cluster_7774","3prime_UTR::sc069:207070-208070(+)",151,-20.12,"2 12","340 361",10,"90.00%","100.00%","Ahyacinthus25621"
"2405","Cluster_7774","3prime_UTR::sc069:3960-4960(+)",147,-20.5,"2 21","956 978",20,"50.00%","85.00%","Ahyacinthus25607"
"2406","Cluster_7774","3prime_UTR::sc070:168484-169484(+)",164,-21.55,"2 21","570 589",19,"78.95%","89.47%","Ahyacinthus25636"
"2407","Cluster_7774","3prime_UTR::sc075:187719-188719(+)",151,-20.12,"2 12","340 361",10,"90.00%","100.00%","Ahyacinthus25701"
"2408","Cluster_7774","3prime_UTR::sc083:51114-52114(+)",150,-20.44,"2 21","492 517",23,"65.22%","73.91%","Ahyacinthus25755"
"2409","Cluster_7774","3prime_UTR::sc102:55597-56597(-)",170,-27.75,"2 19","203 224",17,"76.47%","94.12%","Ahyacinthus25898"
"2410","Cluster_7774","3prime_UTR::sc190:21112-22112(+)",168,-25.22,"2 21","492 513",19,"68.42%","89.47%","Ahyacinthus26358"
"2411","Cluster_8901","3prime_UTR::chr11:3144797-3145797(-)",175,-21.56,"2 22","186 208",20,"85.00%","85.00%","Ahyacinthus18520"
"2412","Cluster_8901","3prime_UTR::chr11:4909532-4910532(-)",170,-21.87,"2 23","62 85",21,"71.43%","80.95%","Ahyacinthus18670"
"2413","Cluster_8901","3prime_UTR::chr12:11223775-11224483(-)",166,-20.23,"2 22","486 510",22,"77.27%","81.82%","Ahyacinthus20938"
"2414","Cluster_8901","3prime_UTR::chr12:655814-656814(-)",166,-20.09,"2 19","431 454",17,"82.35%","82.35%","Ahyacinthus20063"
"2415","Cluster_8901","3prime_UTR::chr12:8591711-8592711(-)",172,-21.98,"2 23","752 774",21,"76.19%","85.71%","Ahyacinthus20686"
"2416","Cluster_8901","3prime_UTR::chr12:9107720-9108720(+)",162,-23.12,"2 15","645 668",13,"84.62%","100.00%","Ahyacinthus20733"
"2417","Cluster_8901","3prime_UTR::chr13:14145838-14146838(+)",168,-21.16,"2 21","373 396",19,"73.68%","84.21%","Ahyacinthus22704"
"2418","Cluster_8901","3prime_UTR::chr13:16935217-16936217(+)",177,-23.56,"2 23","487 515",26,"73.08%","80.77%","Ahyacinthus22905"
"2419","Cluster_8901","3prime_UTR::chr13:3101435-3102435(+)",170,-21.47,"2 23","505 528",21,"71.43%","80.95%","Ahyacinthus22009"
"2420","Cluster_8901","3prime_UTR::chr13:3580061-3581061(-)",169,-20.22,"2 21","198 219",19,"78.95%","89.47%","Ahyacinthus22016"
"2421","Cluster_8901","3prime_UTR::chr13:445170-446170(-)",168,-20.91,"2 23","810 836",24,"75.00%","79.17%","Ahyacinthus21796"
"2422","Cluster_8901","3prime_UTR::chr14:17351644-17352644(+)",159,-21.68,"2 23","780 804",23,"73.91%","73.91%","Ahyacinthus24131"
"2423","Cluster_8901","3prime_UTR::chr14:22414954-22415954(+)",168,-21.64,"2 23","2 24",21,"76.19%","80.95%","Ahyacinthus24433"
"2424","Cluster_8901","3prime_UTR::chr1:10713492-10714242(+)",161,-20.6,"2 14","226 249",12,"91.67%","100.00%","Ahyacinthus00559"
"2425","Cluster_8901","3prime_UTR::chr1:10713492-10714492(+)",161,-20.6,"2 14","226 249",12,"91.67%","100.00%","Ahyacinthus00560"
"2426","Cluster_8901","3prime_UTR::chr1:33280614-33281614(-)",175,-23.37,"2 23","262 286",23,"78.26%","86.96%","Ahyacinthus01603"
"2427","Cluster_8901","3prime_UTR::chr2:14059991-14060991(+)",170,-20.1,"2 20","833 858",20,"80.00%","85.00%","Ahyacinthus02900"
"2428","Cluster_8901","3prime_UTR::chr2:18511735-18512735(+)",186,-25.87,"2 23","819 842",21,"85.71%","85.71%","Ahyacinthus03163"
"2429","Cluster_8901","3prime_UTR::chr3:16330702-16331702(-)",151,-20.46,"2 12","943 966",10,"90.00%","100.00%","Ahyacinthus04416"
"2430","Cluster_8901","3prime_UTR::chr3:17911488-17912488(-)",170,-21.79,"2 22","972 995",21,"80.95%","85.71%","Ahyacinthus04536"
"2431","Cluster_8901","3prime_UTR::chr4:3714781-3715781(-)",180,-21.96,"2 23","267 289",21,"80.95%","90.48%","Ahyacinthus05465"
"2432","Cluster_8901","3prime_UTR::chr5:11726044-11727044(-)",168,-21.16,"2 21","685 708",19,"73.68%","84.21%","Ahyacinthus07445"
"2433","Cluster_8901","3prime_UTR::chr5:19180580-19181580(-)",169,-22.55,"2 23","97 121",22,"77.27%","77.27%","Ahyacinthus07740"
"2434","Cluster_8901","3prime_UTR::chr5:24252266-24253266(-)",152,-20.7,"2 18","910 934",17,"76.47%","76.47%","Ahyacinthus07939"
"2435","Cluster_8901","3prime_UTR::chr5:27498958-27499958(+)",168,-21.16,"2 21","376 399",19,"73.68%","84.21%","Ahyacinthus08145"
"2436","Cluster_8901","3prime_UTR::chr5:31231148-31232148(+)",164,-21.48,"2 23","32 58",24,"75.00%","75.00%","Ahyacinthus08467"
"2437","Cluster_8901","3prime_UTR::chr6:23425958-23426958(-)",165,-21.43,"2 23","981 1000",21,"76.19%","85.71%","Ahyacinthus10196"
"2438","Cluster_8901","3prime_UTR::chr6:76649-77649(+)",157,-21.58,"2 22","714 735",20,"75.00%","80.00%","Ahyacinthus08622"
"2439","Cluster_8901","3prime_UTR::chr7:14463996-14464506(-)",159,-20.27,"2 22","441 469",25,"68.00%","76.00%","Ahyacinthus11844"
"2440","Cluster_8901","3prime_UTR::chr7:17142891-17143891(+)",166,-22.26,"2 19","556 579",17,"82.35%","82.35%","Ahyacinthus12012"
"2441","Cluster_8901","3prime_UTR::chr7:18077252-18078252(+)",172,-22.72,"2 23","154 179",23,"78.26%","82.61%","Ahyacinthus12086"
"2442","Cluster_8901","3prime_UTR::chr7:25050159-25051159(-)",177,-21.59,"2 23","127 151",22,"77.27%","86.36%","Ahyacinthus12598"
"2443","Cluster_8901","3prime_UTR::chr7:4892273-4893273(-)",180,-22.07,"2 21","777 800",19,"78.95%","94.74%","Ahyacinthus11276"
"2444","Cluster_8901","3prime_UTR::chr8:18832788-18833788(+)",164,-22.68,"2 23","730 752",21,"66.67%","85.71%","Ahyacinthus14182"
"2445","Cluster_8901","3prime_UTR::chr9:11188664-11189664(-)",168,-21.16,"2 21","373 396",19,"73.68%","84.21%","Ahyacinthus15549"
"2446","Cluster_8901","3prime_UTR::sc111:120377-121377(+)",168,-22.16,"2 21","373 396",19,"73.68%","84.21%","Ahyacinthus25962"
"2447","Cluster_9540","3prime_UTR::chr10:13399247-13400247(-)",153,-20.37,"2 19","700 722",18,"66.67%","83.33%","Ahyacinthus17615"
"2448","Cluster_9540","3prime_UTR::chr10:15553925-15554925(+)",148,-20.19,"2 20","394 421",24,"70.83%","70.83%","Ahyacinthus17799"
"2449","Cluster_9540","3prime_UTR::chr10:3514700-3515700(-)",141,-20.49,"2 21","461 480",19,"57.89%","73.68%","Ahyacinthus17016"
"2450","Cluster_9540","3prime_UTR::chr11:11571289-11572289(-)",168,-21.18,"2 21","576 597",19,"78.95%","78.95%","Ahyacinthus19148"
"2451","Cluster_9540","3prime_UTR::chr11:14211084-14212084(-)",158,-23.79,"2 21","512 532",19,"68.42%","84.21%","Ahyacinthus19332"
"2452","Cluster_9540","3prime_UTR::chr11:1893491-1894491(+)",155,-22.71,"2 20","880 901",18,"55.56%","88.89%","Ahyacinthus18412"
"2453","Cluster_9540","3prime_UTR::chr11:22645992-22646992(+)",176,-31.77,"2 21","139 160",19,"78.95%","89.47%","Ahyacinthus19912"
"2454","Cluster_9540","3prime_UTR::chr11:3341459-3341520(-)",147,-20.65,"2 20","36 54",18,"66.67%","77.78%","Ahyacinthus18540"
"2455","Cluster_9540","3prime_UTR::chr11:5932115-5933115(-)",161,-23.13,"2 20","924 948",21,"76.19%","80.95%","Ahyacinthus18734"
"2456","Cluster_9540","3prime_UTR::chr11:6805636-6806118(-)",162,-23.54,"2 15","222 243",13,"92.31%","92.31%","Ahyacinthus18789"
"2457","Cluster_9540","3prime_UTR::chr11:7161817-7162817(-)",166,-20.69,"2 20","756 779",20,"80.00%","80.00%","Ahyacinthus18812"
"2458","Cluster_9540","3prime_UTR::chr12:12396460-12397460(+)",154,-23.61,"2 21","359 383",22,"68.18%","77.27%","Ahyacinthus21049"
"2459","Cluster_9540","3prime_UTR::chr12:12799878-12800878(+)",145,-20.66,"2 20","106 130",21,"57.14%","80.95%","Ahyacinthus21089"
"2460","Cluster_9540","3prime_UTR::chr12:12838474-12839474(+)",148,-20.99,"2 19","182 202",17,"64.71%","82.35%","Ahyacinthus21092"
"2461","Cluster_9540","3prime_UTR::chr12:12986945-12987945(+)",156,-20.09,"2 20","295 314",18,"72.22%","83.33%","Ahyacinthus21107"
"2462","Cluster_9540","3prime_UTR::chr12:3673307-3674307(+)",164,-21.24,"2 18","582 604",17,"82.35%","88.24%","Ahyacinthus20296"
"2463","Cluster_9540","3prime_UTR::chr12:7549219-7550219(-)",166,-24.34,"2 21","261 284",21,"76.19%","85.71%","Ahyacinthus20595"
"2464","Cluster_9540","3prime_UTR::chr13:2801120-2802120(-)",156,-20.65,"2 21","427 448",19,"68.42%","73.68%","Ahyacinthus21988"
"2465","Cluster_9540","3prime_UTR::chr13:6222632-6223632(+)",167,-20.79,"2 21","856 879",21,"76.19%","80.95%","Ahyacinthus22136"
"2466","Cluster_9540","3prime_UTR::chr14:13683046-13684046(-)",145,-20.44,"2 19","178 202",20,"65.00%","70.00%","Ahyacinthus23982"
"2467","Cluster_9540","3prime_UTR::chr1:34122973-34123973(-)",156,-20.51,"2 21","56 74",19,"73.68%","78.95%","Ahyacinthus01679"
"2468","Cluster_9540","3prime_UTR::chr1:597518-598518(+)",163,-22.85,"2 21","594 616",20,"75.00%","80.00%","Ahyacinthus00028"
"2469","Cluster_9540","3prime_UTR::chr2:4793561-4794561(+)",148,-20.99,"2 19","243 263",17,"64.71%","82.35%","Ahyacinthus02173"
"2470","Cluster_9540","3prime_UTR::chr2:6900897-6901897(+)",142,-22.58,"2 21","816 836",19,"63.16%","68.42%","Ahyacinthus02345"
"2471","Cluster_9540","3prime_UTR::chr2:955040-956040(+)",162,-21.4,"2 21","605 631",24,"75.00%","75.00%","Ahyacinthus01790"
"2472","Cluster_9540","3prime_UTR::chr3:13035039-13036039(+)",164,-21.81,"2 20","574 593",18,"77.78%","88.89%","Ahyacinthus04203"
"2473","Cluster_9540","3prime_UTR::chr3:15258533-15259533(-)",153,-21.32,"2 21","612 633",20,"70.00%","80.00%","Ahyacinthus04340"
"2474","Cluster_9540","3prime_UTR::chr3:1837113-1838113(-)",150,-21.71,"2 21","340 360",19,"63.16%","78.95%","Ahyacinthus03501"
"2475","Cluster_9540","3prime_UTR::chr3:21385551-21386551(-)",157,-20.06,"2 19","63 85",18,"72.22%","83.33%","Ahyacinthus04792"
"2476","Cluster_9540","3prime_UTR::chr3:26003354-26004354(+)",148,-20.99,"2 19","274 294",17,"64.71%","82.35%","Ahyacinthus05146"
"2477","Cluster_9540","3prime_UTR::chr3:9094835-9095835(-)",165,-20.93,"2 19","546 568",18,"77.78%","88.89%","Ahyacinthus03982"
"2478","Cluster_9540","3prime_UTR::chr4:17049512-17050512(-)",156,-21.23,"2 21","239 260",19,"68.42%","73.68%","Ahyacinthus06313"
"2479","Cluster_9540","3prime_UTR::chr4:17189373-17190373(+)",152,-24.01,"2 21","850 868",19,"68.42%","78.95%","Ahyacinthus06315"
"2480","Cluster_9540","3prime_UTR::chr4:20533090-20534090(+)",168,-25.18,"2 19","828 848",17,"88.24%","88.24%","Ahyacinthus06520"
"2481","Cluster_9540","3prime_UTR::chr5:29732470-29733470(-)",159,-20.62,"2 21","292 314",20,"70.00%","80.00%","Ahyacinthus08348"
"2482","Cluster_9540","3prime_UTR::chr5:5505023-5505777(-)",155,-24.2,"2 21","66 88",20,"65.00%","80.00%","Ahyacinthus07132"
"2483","Cluster_9540","3prime_UTR::chr5:5505376-5505777(-)",155,-24.2,"2 21","66 88",20,"65.00%","80.00%","Ahyacinthus07133"
"2484","Cluster_9540","3prime_UTR::chr6:18018550-18019550(-)",151,-21.82,"2 18","941 961",16,"75.00%","81.25%","Ahyacinthus09773"
"2485","Cluster_9540","3prime_UTR::chr6:18324351-18325351(-)",147,-21.17,"2 21","67 85",19,"73.68%","73.68%","Ahyacinthus09793"
"2486","Cluster_9540","3prime_UTR::chr6:18360783-18361783(-)",155,-23.17,"2 21","70 88",19,"78.95%","78.95%","Ahyacinthus09794"
"2487","Cluster_9540","3prime_UTR::chr6:22582428-22583428(-)",164,-27.11,"2 21","482 503",19,"63.16%","89.47%","Ahyacinthus10127"
"2488","Cluster_9540","3prime_UTR::chr6:25850983-25851983(+)",145,-20.05,"2 19","826 850",20,"60.00%","75.00%","Ahyacinthus10413"
"2489","Cluster_9540","3prime_UTR::chr6:29711172-29712172(-)",157,-21.61,"2 19","381 405",20,"70.00%","80.00%","Ahyacinthus10691"
"2490","Cluster_9540","3prime_UTR::chr6:29718459-29719459(-)",151,-20.8,"2 12","411 432",10,"90.00%","100.00%","Ahyacinthus10692"
"2491","Cluster_9540","3prime_UTR::chr6:6819298-6820298(-)",170,-23.43,"2 20","405 427",19,"78.95%","89.47%","Ahyacinthus09123"
"2492","Cluster_9540","3prime_UTR::chr6:8096913-8097913(+)",161,-20.22,"2 20","51 71",18,"77.78%","83.33%","Ahyacinthus09186"
"2493","Cluster_9540","3prime_UTR::chr7:12305865-12306348(-)",162,-21.73,"2 21","429 449",19,"78.95%","78.95%","Ahyacinthus11729"
"2494","Cluster_9540","3prime_UTR::chr7:13889035-13890035(-)",156,-21.06,"2 21","822 843",19,"63.16%","78.95%","Ahyacinthus11813"
"2495","Cluster_9540","3prime_UTR::chr7:15560536-15561536(+)",155,-21.53,"2 21","180 204",22,"63.64%","77.27%","Ahyacinthus11911"
"2496","Cluster_9540","3prime_UTR::chr7:15742055-15743055(+)",147,-20.75,"2 17","144 167",17,"70.59%","76.47%","Ahyacinthus11926"
"2497","Cluster_9540","3prime_UTR::chr7:19819152-19820152(-)",149,-23.85,"2 21","554 573",19,"68.42%","73.68%","Ahyacinthus12208"
"2498","Cluster_9540","3prime_UTR::chr7:19974791-19975791(+)",179,-28.46,"2 20","600 621",18,"77.78%","100.00%","Ahyacinthus12216"
"2499","Cluster_9540","3prime_UTR::chr7:24970965-24971965(+)",150,-21.76,"2 21","717 741",22,"68.18%","72.73%","Ahyacinthus12593"
"2500","Cluster_9540","3prime_UTR::chr7:3036593-3037593(+)",171,-20.41,"2 20","186 207",18,"83.33%","83.33%","Ahyacinthus11152"
"2501","Cluster_9540","3prime_UTR::chr7:4721932-4722932(-)",156,-21.31,"2 19","903 927",20,"75.00%","80.00%","Ahyacinthus11263"
"2502","Cluster_9540","3prime_UTR::chr7:6655793-6656793(+)",158,-24.08,"2 21","233 253",19,"73.68%","78.95%","Ahyacinthus11430"
"2503","Cluster_9540","3prime_UTR::chr8:1313772-1314772(+)",154,-21.38,"2 21","381 401",19,"73.68%","73.68%","Ahyacinthus13121"
"2504","Cluster_9540","3prime_UTR::chr8:18091975-18092975(-)",148,-20.39,"2 21","284 305",19,"57.89%","73.68%","Ahyacinthus14138"
"2505","Cluster_9540","3prime_UTR::chr8:21862244-21863244(-)",153,-23.64,"2 18","113 134",16,"68.75%","81.25%","Ahyacinthus14343"
"2506","Cluster_9540","3prime_UTR::chr8:3644017-3645017(+)",153,-23.76,"2 21","98 123",24,"66.67%","75.00%","Ahyacinthus13290"
"2507","Cluster_9540","3prime_UTR::chr8:5219897-5220897(+)",152,-20.81,"2 21","295 313",19,"68.42%","78.95%","Ahyacinthus13419"
"2508","Cluster_9540","3prime_UTR::chr9:11946890-11947890(+)",166,-24.34,"2 21","64 87",21,"76.19%","85.71%","Ahyacinthus15610"
"2509","Cluster_9540","3prime_UTR::chr9:1573658-1574658(+)",156,-22.79,"2 13","884 905",11,"90.91%","100.00%","Ahyacinthus14907"
"2510","Cluster_9540","3prime_UTR::chr9:25786619-25787619(+)",148,-22.38,"2 18","18 41",18,"72.22%","72.22%","Ahyacinthus16535"
"2511","Cluster_9540","3prime_UTR::chr9:4935209-4936209(-)",165,-21.74,"2 14","538 559",12,"100.00%","100.00%","Ahyacinthus15152"
"2512","Cluster_9540","3prime_UTR::sc003:760513-761513(+)",150,-20.31,"2 20","628 653",22,"63.64%","72.73%","Ahyacinthus24594"
"2513","Cluster_9540","3prime_UTR::sc033:60821-61821(+)",156,-20.45,"2 20","372 391",18,"77.78%","77.78%","Ahyacinthus25150"
"2514","Cluster_9540","3prime_UTR::sc062:60554-61554(-)",141,-23.1,"2 21","612 637",23,"60.87%","73.91%","Ahyacinthus25511"
"2515","Cluster_9540","3prime_UTR::sc257:7840-8840(-)",141,-20.49,"2 21","461 480",19,"57.89%","73.68%","Ahyacinthus26610"
