"","miRNA","three_UTR","score","energy","query_start_end","subject_start_end","total_bp_shared","query_similar","subject_similar","gene_name"
"1","Cluster_1200","3prime_UTR::Ap10:1820753-1821225(+)",149,-23.18,"2 19","67 91",20,"65.00%","75.00%","evm.model.Ap10.175"
"5","Cluster_1200","3prime_UTR::Ap10:18311150-18312150(+)",142,-22.43,"2 16","849 871",15,"73.33%","73.33%","evm.model.Ap10.1803"
"6","Cluster_1200","3prime_UTR::Ap10:18496752-18497752(+)",150,-24.93,"2 21","8 28",19,"63.16%","78.95%","evm.model.Ap10.1825"
"11","Cluster_1200","3prime_UTR::Ap10:3465092-3466092(+)",157,-24.44,"2 21","28 47",19,"68.42%","84.21%","evm.model.Ap10.331"
"12","Cluster_1200","3prime_UTR::Ap10:3618292-3619292(+)",147,-20.49,"2 12","457 478",10,"90.00%","90.00%","evm.model.Ap10.351"
"13","Cluster_1200","3prime_UTR::Ap10:6923253-6924253(+)",152,-22.41,"2 20","219 238",18,"72.22%","77.78%","evm.model.Ap10.657"
"14","Cluster_1200","3prime_UTR::Ap10:7356893-7357893(+)",153,-22.24,"2 19","483 505",18,"72.22%","77.78%","evm.model.Ap10.687"
"15","Cluster_1200","3prime_UTR::Ap11:1140600-1141600(+)",140,-24.33,"2 9","362 383",7,"100.00%","100.00%","evm.model.Ap11.85"
"16","Cluster_1200","3prime_UTR::Ap11:11520931-11521931(+)",164,-20.43,"2 21","206 227",19,"73.68%","78.95%","evm.model.Ap11.1035"
"17","Cluster_1200","3prime_UTR::Ap11:14165547-14166547(-)",162,-24.58,"2 21","443 467",22,"77.27%","77.27%","evm.model.Ap11.1262"
"19","Cluster_1200","3prime_UTR::Ap11:20893237-20894237(-)",151,-23.65,"2 12","134 155",10,"90.00%","100.00%","evm.model.Ap11.1889"
"20","Cluster_1200","3prime_UTR::Ap11:20893237-20894237(-)",158,-26.8,"2 21","23 46",21,"71.43%","80.95%","evm.model.Ap11.1889"
"21","Cluster_1200","3prime_UTR::Ap11:21083046-21084046(-)",151,-20.09,"2 17","886 910",18,"72.22%","77.78%","evm.model.Ap11.1907"
"22","Cluster_1200","3prime_UTR::Ap11:7093341-7094341(-)",143,-21.56,"2 21","923 945",20,"65.00%","65.00%","evm.model.Ap11.636"
"23","Cluster_1200","3prime_UTR::Ap12:11265696-11266696(-)",155,-22.53,"2 18","904 924",16,"75.00%","87.50%","evm.model.Ap12.1041"
"24","Cluster_1200","3prime_UTR::Ap12:11482555-11483555(-)",144,-20.77,"2 21","965 983",19,"68.42%","68.42%","evm.model.Ap12.1061"
"25","Cluster_1200","3prime_UTR::Ap12:11855018-11856018(-)",155,-22.49,"2 12","67 88",10,"100.00%","100.00%","evm.model.Ap12.1091"
"26","Cluster_1200","3prime_UTR::Ap12:13401215-13402215(+)",160,-25.79,"2 21","937 958",19,"63.16%","84.21%","evm.model.Ap12.1255"
"27","Cluster_1200","3prime_UTR::Ap12:13864674-13865594(+)",147,-20.59,"2 12","23 44",10,"90.00%","90.00%","evm.model.Ap12.1305"
"28","Cluster_1200","3prime_UTR::Ap12:13864674-13865594(-)",148,-20.01,"2 21","617 638",19,"63.16%","68.42%","evm.model.Ap12.1306"
"29","Cluster_1200","3prime_UTR::Ap12:15507067-15508067(+)",162,-21.67,"2 21","890 910",19,"73.68%","84.21%","evm.model.Ap12.1475"
"30","Cluster_1200","3prime_UTR::Ap12:21966544-21967544(-)",149,-20.25,"2 14","880 901",12,"83.33%","83.33%","evm.model.Ap12.2094"
"31","Cluster_1200","3prime_UTR::Ap12:22020232-22021232(-)",163,-20.83,"2 21","131 153",20,"75.00%","80.00%","evm.model.Ap12.2099"
"32","Cluster_1200","3prime_UTR::Ap12:221082-222082(+)",150,-24.52,"2 20","605 624",19,"73.68%","78.95%","evm.model.Ap12.36"
"33","Cluster_1200","3prime_UTR::Ap12:28909541-28910541(+)",154,-20.17,"2 20","448 471",20,"65.00%","80.00%","evm.model.Ap12.2755"
"34","Cluster_1200","3prime_UTR::Ap12:8659462-8660462(-)",157,-20.59,"2 21","823 842",19,"73.68%","78.95%","evm.model.Ap12.786"
"35","Cluster_1200","3prime_UTR::Ap13:10996087-10997087(+)",151,-25.49,"2 14","477 497",12,"91.67%","91.67%","evm.model.Ap13.1056"
"36","Cluster_1200","3prime_UTR::Ap13:12995721-12996721(+)",156,-26.89,"2 20","609 628",18,"72.22%","83.33%","evm.model.Ap13.1244"
"41","Cluster_1200","3prime_UTR::Ap13:16686603-16687603(-)",150,-22,"2 21","716 741",23,"69.57%","69.57%","evm.model.Ap13.1574"
"43","Cluster_1200","3prime_UTR::Ap13:27012272-27013272(+)",144,-20.49,"2 21","650 669",19,"68.42%","73.68%","evm.model.Ap13.2534"
"44","Cluster_1200","3prime_UTR::Ap13:28886378-28887378(+)",155,-22.26,"2 21","876 898",20,"65.00%","80.00%","evm.model.Ap13.2734"
"45","Cluster_1200","3prime_UTR::Ap13:29861106-29862106(-)",145,-20.93,"2 10","248 269",8,"100.00%","100.00%","evm.model.Ap13.2809"
"46","Cluster_1200","3prime_UTR::Ap13:32302693-32303601(-)",154,-20.71,"2 16","842 864",15,"80.00%","86.67%","evm.model.Ap13.3057"
"47","Cluster_1200","3prime_UTR::Ap14:10289919-10290919(+)",152,-20.96,"2 21","915 934",19,"73.68%","78.95%","evm.model.Ap14.957"
"48","Cluster_1200","3prime_UTR::Ap14:103499-104499(+)",142,-22.43,"2 16","426 448",15,"73.33%","73.33%","evm.model.Ap14.10"
"49","Cluster_1200","3prime_UTR::Ap14:1512816-1513816(+)",159,-25.41,"2 21","198 222",22,"68.18%","77.27%","evm.model.Ap14.156"
"50","Cluster_1200","3prime_UTR::Ap14:17120036-17121036(+)",152,-20.75,"2 21","70 91",19,"63.16%","73.68%","evm.model.Ap14.1585"
"51","Cluster_1200","3prime_UTR::Ap14:18097373-18098373(+)",168,-26.42,"2 19","61 85",20,"85.00%","85.00%","evm.model.Ap14.1660"
"52","Cluster_1200","3prime_UTR::Ap14:2317089-2318089(-)",140,-22.36,"2 9","55 76",7,"100.00%","100.00%","evm.model.Ap14.222"
"53","Cluster_1200","3prime_UTR::Ap14:526976-527976(+)",161,-30.35,"2 19","251 275",20,"75.00%","80.00%","evm.model.Ap14.59"
"54","Cluster_1200","3prime_UTR::Ap1:15850206-15851206(+)",144,-20.77,"2 21","393 411",19,"68.42%","68.42%","evm.model.Ap1.1563_evm.TU.Ap1.1548"
"79","Cluster_1200","3prime_UTR::Ap1:19550763-19551763(+)",151,-22.39,"2 21","274 296",20,"65.00%","75.00%","evm.model.Ap1.1876"
"80","Cluster_1200","3prime_UTR::Ap1:20722111-20723111(+)",157,-23.73,"2 21","607 629",21,"76.19%","76.19%","evm.model.Ap1.1993"
"81","Cluster_1200","3prime_UTR::Ap1:24015372-24016372(+)",146,-21.29,"2 21","962 987",23,"65.22%","69.57%","evm.model.Ap1.2300"
"82","Cluster_1200","3prime_UTR::Ap1:261612-262612(+)",150,-21.93,"2 21","304 324",19,"68.42%","73.68%","evm.model.Ap1.31"
"83","Cluster_1200","3prime_UTR::Ap1:33654398-33655398(-)",142,-22.43,"2 16","346 368",15,"73.33%","73.33%","evm.model.Ap1.3293"
"84","Cluster_1200","3prime_UTR::Ap1:6512361-6513361(+)",159,-21.23,"2 21","905 928",21,"71.43%","76.19%","evm.model.Ap1.671"
"85","Cluster_1200","3prime_UTR::Ap2:1199180-1200180(-)",147,-20.11,"2 16","547 568",14,"71.43%","78.57%","evm.model.Ap2.149"
"86","Cluster_1200","3prime_UTR::Ap2:1309266-1310266(+)",153,-23.17,"2 21","201 226",24,"70.83%","70.83%","evm.model.Ap2.161"
"87","Cluster_1200","3prime_UTR::Ap2:1651152-1652152(+)",144,-20.61,"2 21","749 767",19,"63.16%","73.68%","evm.model.Ap2.202"
"88","Cluster_1200","3prime_UTR::Ap2:18921331-18922331(+)",144,-20.77,"2 21","628 646",19,"68.42%","68.42%","evm.model.Ap2.1769"
"89","Cluster_1200","3prime_UTR::Ap2:23994016-23995016(+)",160,-23.53,"2 18","595 618",18,"77.78%","83.33%","evm.model.Ap2.2244"
"90","Cluster_1200","3prime_UTR::Ap2:24329480-24330480(+)",163,-20.55,"2 21","120 142",20,"75.00%","80.00%","evm.model.Ap2.2299"
"91","Cluster_1200","3prime_UTR::Ap2:26066396-26067116(+)",169,-23.95,"2 19","159 182",19,"84.21%","84.21%","evm.model.Ap2.2472"
"92","Cluster_1200","3prime_UTR::Ap2:2976085-2977085(-)",154,-22.41,"2 18","848 869",17,"82.35%","82.35%","evm.model.Ap2.322"
"93","Cluster_1200","3prime_UTR::Ap2:32937239-32938239(-)",148,-20.88,"2 21","930 951",19,"57.89%","73.68%","evm.model.Ap2.3250"
"94","Cluster_1200","3prime_UTR::Ap2:33886487-33887487(+)",151,-23.08,"2 16","421 442",14,"78.57%","78.57%","evm.model.Ap2.3334"
"95","Cluster_1200","3prime_UTR::Ap2:35594159-35595159(-)",161,-27.66,"2 21","22 44",21,"76.19%","80.95%","evm.model.Ap2.3476"
"96","Cluster_1200","3prime_UTR::Ap2:36785139-36786139(-)",144,-20.77,"2 21","482 500",19,"68.42%","68.42%","evm.model.Ap2.3593"
"97","Cluster_1200","3prime_UTR::Ap2:39640910-39641910(-)",152,-20.43,"2 19","841 861",17,"76.47%","76.47%","evm.model.Ap2.3863"
"98","Cluster_1200","3prime_UTR::Ap2:40359525-40360525(+)",148,-21.92,"2 21","183 204",19,"63.16%","68.42%","evm.model.Ap2.3911"
"99","Cluster_1200","3prime_UTR::Ap2:40606793-40607793(+)",144,-20.45,"2 16","436 455",14,"78.57%","78.57%","evm.model.Ap2.3932"
"100","Cluster_1200","3prime_UTR::Ap2:40939683-40939836(-)",161,-21.06,"2 19","79 101",18,"77.78%","83.33%","evm.model.Ap2.3953"
"101","Cluster_1200","3prime_UTR::Ap2:42111343-42112343(+)",150,-23.11,"2 11","543 564",9,"100.00%","100.00%","evm.model.Ap2.4086"
"102","Cluster_1200","3prime_UTR::Ap2:42540696-42541696(+)",156,-20.66,"2 19","481 501",17,"76.47%","82.35%","evm.model.Ap2.4138"
"103","Cluster_1200","3prime_UTR::Ap3:11534856-11535856(+)",167,-23.02,"2 21","799 821",20,"80.00%","80.00%","evm.model.Ap3.1046"
"104","Cluster_1200","3prime_UTR::Ap3:11609053-11610053(-)",151,-23.35,"2 19","328 347",17,"76.47%","76.47%","evm.model.Ap3.1056"
"105","Cluster_1200","3prime_UTR::Ap3:14515071-14516071(+)",141,-22.43,"2 16","671 691",14,"71.43%","78.57%","evm.model.Ap3.1284"
"121","Cluster_1200","3prime_UTR::Ap3:1516464-1517464(-)",142,-20.05,"2 11","937 958",9,"88.89%","88.89%","evm.model.Ap3.155"
"122","Cluster_1200","3prime_UTR::Ap3:15603752-15604593(+)",154,-21.63,"2 15","675 696",13,"84.62%","84.62%","evm.model.Ap3.1367"
"125","Cluster_1200","3prime_UTR::Ap3:23056091-23057091(-)",155,-21.11,"2 21","399 421",20,"70.00%","75.00%","evm.model.Ap3.2122"
"126","Cluster_1200","3prime_UTR::Ap3:23959021-23960021(+)",157,-25.05,"2 16","605 625",14,"85.71%","92.86%","evm.model.Ap3.2192"
"127","Cluster_1200","3prime_UTR::Ap3:2599841-2600841(+)",144,-22.1,"2 16","251 275",17,"76.47%","82.35%","evm.model.Ap3.266"
"128","Cluster_1200","3prime_UTR::Ap3:9370980-9371980(-)",154,-24.19,"2 21","805 829",22,"68.18%","77.27%","evm.model.Ap3.869"
"129","Cluster_1200","3prime_UTR::Ap4:10597415-10598415(-)",149,-22.25,"2 20","807 834",24,"66.67%","70.83%","evm.model.Ap4.1008"
"130","Cluster_1200","3prime_UTR::Ap4:10990504-10991504(+)",147,-22.88,"2 16","120 141",14,"71.43%","78.57%","evm.model.Ap4.1039"
"131","Cluster_1200","3prime_UTR::Ap4:13199030-13200030(-)",142,-21,"2 16","877 899",15,"73.33%","73.33%","evm.model.Ap4.1282"
"132","Cluster_1200","3prime_UTR::Ap4:14220080-14221080(-)",142,-22.43,"2 16","561 583",15,"73.33%","73.33%","evm.model.Ap4.1358"
"133","Cluster_1200","3prime_UTR::Ap4:20916715-20917715(-)",157,-29.59,"2 19","570 594",20,"70.00%","80.00%","evm.model.Ap4.2322"
"134","Cluster_1200","3prime_UTR::Ap4:27581247-27581841(-)",147,-22.17,"2 12","95 116",10,"90.00%","90.00%","evm.model.Ap4.3639"
"138","Cluster_1200","3prime_UTR::Ap4:28141186-28141554(-)",148,-20.73,"2 18","167 189",17,"70.59%","76.47%","evm.model.Ap4.3754"
"142","Cluster_1200","3prime_UTR::Ap4:37145917-37146917(+)",151,-20.17,"2 21","784 807",21,"66.67%","71.43%","evm.model.Ap4.5253"
"143","Cluster_1200","3prime_UTR::Ap4:38662289-38663289(-)",144,-20.77,"2 21","212 230",19,"68.42%","68.42%","evm.model.Ap4.5388"
"144","Cluster_1200","3prime_UTR::Ap4:40900942-40901942(+)",160,-25.79,"2 21","595 616",19,"63.16%","84.21%","evm.model.Ap4.5616"
"145","Cluster_1200","3prime_UTR::Ap4:46126111-46127111(-)",152,-20.35,"2 21","312 330",19,"63.16%","84.21%","evm.model.Ap4.6195"
"146","Cluster_1200","3prime_UTR::Ap4:47285662-47286662(-)",146,-20.46,"2 21","514 531",19,"73.68%","73.68%","evm.model.Ap4.6296"
"148","Cluster_1200","3prime_UTR::Ap4:51150514-51151514(-)",158,-23.35,"2 21","38 58",19,"73.68%","78.95%","evm.model.Ap4.6651"
"149","Cluster_1200","3prime_UTR::Ap4:5866408-5867408(+)",146,-21.3,"2 21","42 71",27,"62.96%","66.67%","evm.model.Ap4.564"
"150","Cluster_1200","3prime_UTR::Ap4:7094695-7095695(-)",151,-20.08,"2 20","906 927",18,"66.67%","72.22%","evm.model.Ap4.667"
"152","Cluster_1200","3prime_UTR::Ap5:21130758-21131758(+)",148,-25.89,"2 13","819 840",11,"81.82%","90.91%","evm.model.Ap5.1990"
"153","Cluster_1200","3prime_UTR::Ap5:21130758-21131758(+)",159,-29.91,"2 21","833 856",21,"66.67%","80.95%","evm.model.Ap5.1990"
"154","Cluster_1200","3prime_UTR::Ap5:21683199-21684199(+)",146,-21.45,"2 21","868 888",19,"63.16%","73.68%","evm.model.Ap5.2056"
"155","Cluster_1200","3prime_UTR::Ap5:22295899-22296899(+)",147,-24.91,"2 20","879 900",18,"61.11%","72.22%","evm.model.Ap5.2122"
"164","Cluster_1200","3prime_UTR::Ap5:22429431-22429923(+)",154,-20.51,"2 20","349 367",18,"77.78%","83.33%","evm.model.Ap5.2135"
"168","Cluster_1200","3prime_UTR::Ap5:23880310-23881310(+)",147,-21.42,"2 21","323 345",20,"65.00%","70.00%","evm.model.Ap5.2283"
"169","Cluster_1200","3prime_UTR::Ap5:28465376-28466376(+)",140,-20.27,"2 9","108 129",7,"100.00%","100.00%","evm.model.Ap5.2801"
"170","Cluster_1200","3prime_UTR::Ap5:28835830-28836830(-)",142,-22.43,"2 16","388 410",15,"73.33%","73.33%","evm.model.Ap5.2828"
"171","Cluster_1200","3prime_UTR::Ap5:3892353-3892561(+)",141,-22.88,"2 21","58 77",19,"57.89%","73.68%","evm.model.Ap5.355"
"172","Cluster_1200","3prime_UTR::Ap5:6497302-6498302(+)",147,-20.93,"2 20","633 654",18,"61.11%","72.22%","evm.model.Ap5.611"
"173","Cluster_1200","3prime_UTR::Ap5:7806494-7807494(-)",151,-21.08,"2 20","151 172",18,"61.11%","77.78%","evm.model.Ap5.759"
"174","Cluster_1200","3prime_UTR::Ap6:12884074-12885074(-)",156,-23.86,"2 14","125 147",13,"92.31%","92.31%","evm.model.Ap6.1308"
"175","Cluster_1200","3prime_UTR::Ap6:18191435-18192435(+)",158,-20.67,"2 19","131 152",17,"76.47%","76.47%","evm.model.Ap6.1807"
"177","Cluster_1200","3prime_UTR::Ap6:20851596-20852596(+)",143,-20.18,"2 18","149 172",18,"72.22%","72.22%","evm.model.Ap6.2113"
"178","Cluster_1200","3prime_UTR::Ap6:21093431-21094431(+)",155,-21.64,"2 12","465 486",10,"100.00%","100.00%","evm.model.Ap6.2143"
"179","Cluster_1200","3prime_UTR::Ap6:21880799-21881799(+)",143,-20.68,"2 21","747 769",20,"65.00%","65.00%","evm.model.Ap6.2227"
"180","Cluster_1200","3prime_UTR::Ap6:23118318-23119318(+)",156,-22.32,"2 21","624 645",19,"68.42%","73.68%","evm.model.Ap6.2353"
"181","Cluster_1200","3prime_UTR::Ap6:23138000-23139000(-)",147,-20.56,"2 21","353 378",23,"60.87%","69.57%","evm.model.Ap6.2355"
"182","Cluster_1200","3prime_UTR::Ap6:27519643-27520643(-)",146,-21.43,"2 20","166 188",19,"63.16%","73.68%","evm.model.Ap6.2736"
"183","Cluster_1200","3prime_UTR::Ap6:32201946-32202946(-)",150,-23.77,"2 11","491 512",9,"100.00%","100.00%","evm.model.Ap6.3133"
"184","Cluster_1200","3prime_UTR::Ap6:33772153-33773153(-)",145,-22.57,"2 21","390 414",22,"68.18%","72.73%","evm.model.Ap6.3266"
"185","Cluster_1200","3prime_UTR::Ap6:6749366-6750366(+)",166,-25.13,"2 20","535 557",19,"78.95%","84.21%","evm.model.Ap6.675"
"186","Cluster_1200","3prime_UTR::Ap6:8929188-8929878(-)",160,-25.79,"2 21","272 293",19,"63.16%","84.21%","evm.model.Ap6.934"
"187","Cluster_1200","3prime_UTR::Ap6:9867659-9868659(+)",151,-20.45,"2 21","378 395",19,"73.68%","73.68%","evm.model.Ap6.1032"
"188","Cluster_1200","3prime_UTR::Ap7:11963678-11964678(-)",153,-21.66,"2 17","63 87",18,"83.33%","83.33%","evm.model.Ap7.1084"
"189","Cluster_1200","3prime_UTR::Ap7:1214921-1215921(-)",151,-23.74,"2 20","513 534",18,"66.67%","72.22%","evm.model.Ap7.116"
"190","Cluster_1200","3prime_UTR::Ap7:12442391-12443391(+)",154,-21.24,"2 21","112 132",19,"73.68%","73.68%","evm.model.Ap7.1127"
"191","Cluster_1200","3prime_UTR::Ap7:12722636-12723636(-)",141,-21.5,"2 21","939 958",19,"63.16%","68.42%","evm.model.Ap7.1152"
"192","Cluster_1200","3prime_UTR::Ap7:15141506-15142506(+)",147,-20.5,"2 12","600 621",10,"90.00%","90.00%","evm.model.Ap7.1399"
"193","Cluster_1200","3prime_UTR::Ap7:22535160-22536160(+)",147,-20.32,"2 20","444 465",18,"66.67%","66.67%","evm.model.Ap7.2126"
"194","Cluster_1200","3prime_UTR::Ap7:25079131-25080131(-)",156,-21.2,"2 17","622 643",15,"80.00%","80.00%","evm.model.Ap7.2374"
"195","Cluster_1200","3prime_UTR::Ap7:25715142-25716142(+)",159,-20.97,"2 21","423 445",20,"70.00%","80.00%","evm.model.Ap7.2435"
"196","Cluster_1200","3prime_UTR::Ap7:28999930-29000930(-)",144,-20.77,"2 21","376 394",19,"68.42%","68.42%","evm.model.Ap7.2746"
"197","Cluster_1200","3prime_UTR::Ap7:29647344-29648344(-)",145,-20.42,"2 10","472 493",8,"100.00%","100.00%","evm.model.Ap7.2812"
"198","Cluster_1200","3prime_UTR::Ap7:30412226-30413226(+)",156,-21.91,"2 19","659 684",21,"76.19%","76.19%","evm.model.Ap7.2877"
"199","Cluster_1200","3prime_UTR::Ap7:4817745-4818745(-)",144,-20.77,"2 21","282 300",19,"68.42%","68.42%","evm.model.Ap7.409"
"200","Cluster_1200","3prime_UTR::Ap8:11483090-11484090(+)",153,-21.81,"2 18","600 618",16,"81.25%","81.25%","evm.model.Ap8.1034"
"201","Cluster_1200","3prime_UTR::Ap8:12036170-12037170(-)",164,-25.24,"2 21","813 834",19,"68.42%","84.21%","evm.model.Ap8.1085"
"202","Cluster_1200","3prime_UTR::Ap8:16807039-16808039(-)",160,-25.79,"2 21","939 960",19,"63.16%","84.21%","evm.model.Ap8.1489"
"203","Cluster_1200","3prime_UTR::Ap8:17456243-17457243(+)",154,-20.36,"2 15","770 791",13,"76.92%","92.31%","evm.model.Ap8.1573"
"204","Cluster_1200","3prime_UTR::Ap8:29289942-29290942(+)",144,-20.77,"2 21","920 938",19,"68.42%","68.42%","evm.model.Ap8.2682"
"205","Cluster_1200","3prime_UTR::Ap8:6496172-6497172(+)",141,-22.43,"2 16","266 286",14,"71.43%","78.57%","evm.model.Ap8.601"
"206","Cluster_1200","3prime_UTR::Ap8:7035606-7036606(-)",141,-20.6,"2 20","2 22",18,"61.11%","72.22%","evm.model.Ap8.655"
"207","Cluster_1200","3prime_UTR::Ap9:20680815-20681815(+)",146,-21.2,"2 21","213 233",19,"68.42%","68.42%","evm.model.Ap9.1893"
"208","Cluster_1200","3prime_UTR::Ap9:21829373-21830373(-)",140,-21.63,"2 9","439 460",7,"100.00%","100.00%","evm.model.Ap9.1995"
"209","Cluster_1200","3prime_UTR::Ap9:26369926-26370926(-)",146,-21.27,"2 16","672 694",15,"73.33%","80.00%","evm.model.Ap9.2437"
"210","Cluster_1200","3prime_UTR::Ap9:28953282-28954282(+)",143,-20.97,"2 21","691 714",21,"57.14%","71.43%","evm.model.Ap9.2676"
"211","Cluster_1200","3prime_UTR::Ap9:4993879-4994879(+)",142,-20.8,"2 17","607 633",20,"70.00%","70.00%","evm.model.Ap9.452"
"212","Cluster_1200","3prime_UTR::Ap9:707271-708271(-)",140,-26.86,"2 9","664 685",7,"100.00%","100.00%","evm.model.Ap9.83"
"213","Cluster_1200","3prime_UTR::Ap9:846986-847986(+)",142,-22.43,"2 16","356 378",15,"73.33%","73.33%","evm.model.Ap9.98"
"214","Cluster_2306","3prime_UTR::Ap10:11836158-11837158(-)",149,-21.67,"2 19","453 468",17,"76.47%","76.47%","evm.model.Ap10.1140"
"215","Cluster_2306","3prime_UTR::Ap10:17490898-17491898(-)",145,-20.24,"2 19","235 255",18,"66.67%","72.22%","evm.model.Ap10.1732"
"216","Cluster_2306","3prime_UTR::Ap11:17327420-17328219(+)",165,-20.01,"2 19","115 135",18,"77.78%","88.89%","evm.model.Ap11.1579"
"217","Cluster_2306","3prime_UTR::Ap11:318249-319249(-)",159,-20.53,"2 18","290 308",16,"81.25%","87.50%","evm.model.Ap11.22"
"218","Cluster_2306","3prime_UTR::Ap11:4459465-4460465(+)",165,-24.4,"2 19","104 124",18,"77.78%","88.89%","evm.model.Ap11.370"
"219","Cluster_2306","3prime_UTR::Ap11:4954648-4955648(+)",162,-20.33,"2 19","649 668",17,"76.47%","82.35%","evm.model.Ap11.415"
"220","Cluster_2306","3prime_UTR::Ap12:22815428-22816428(-)",170,-25.09,"2 19","925 944",17,"82.35%","88.24%","evm.model.Ap12.2174"
"221","Cluster_2306","3prime_UTR::Ap12:24586657-24587657(-)",151,-20.03,"2 19","140 161",20,"75.00%","75.00%","evm.model.Ap12.2314"
"222","Cluster_2306","3prime_UTR::Ap12:2517794-2518794(+)",149,-21.67,"2 19","470 485",17,"76.47%","76.47%","evm.model.Ap12.261"
"223","Cluster_2306","3prime_UTR::Ap12:746286-747286(-)",153,-21.23,"2 16","214 232",14,"85.71%","85.71%","evm.model.Ap12.88_evm.TU.Ap12.89"
"224","Cluster_2306","3prime_UTR::Ap13:14524671-14525671(-)",175,-26.85,"2 16","178 197",14,"100.00%","100.00%","evm.model.Ap13.1366"
"225","Cluster_2306","3prime_UTR::Ap13:16624280-16625280(-)",154,-20.53,"2 19","849 866",17,"82.35%","82.35%","evm.model.Ap13.1571"
"226","Cluster_2306","3prime_UTR::Ap13:29437284-29438284(-)",163,-22.76,"2 18","618 636",16,"81.25%","93.75%","evm.model.Ap13.2778"
"227","Cluster_2306","3prime_UTR::Ap13:30486605-30487605(-)",151,-20.03,"2 19","770 791",20,"75.00%","75.00%","evm.model.Ap13.2872"
"228","Cluster_2306","3prime_UTR::Ap13:8076169-8077169(-)",160,-20.13,"2 19","456 477",19,"78.95%","84.21%","evm.model.Ap13.792"
"229","Cluster_2306","3prime_UTR::Ap14:15089007-15090007(+)",147,-20.05,"2 19","471 492",20,"70.00%","75.00%","evm.model.Ap14.1405"
"230","Cluster_2306","3prime_UTR::Ap14:21585256-21586256(-)",169,-22,"2 18","397 416",16,"87.50%","87.50%","evm.model.Ap14.1984"
"232","Cluster_2306","3prime_UTR::Ap14:4788699-4789699(-)",172,-23.24,"2 17","192 211",15,"86.67%","100.00%","evm.model.Ap14.447"
"233","Cluster_2306","3prime_UTR::Ap1:12782626-12783626(-)",164,-22.29,"2 19","164 182",17,"82.35%","88.24%","evm.model.Ap1.1297"
"234","Cluster_2306","3prime_UTR::Ap1:1654970-1655970(-)",168,-24.04,"2 18","761 783",19,"84.21%","84.21%","evm.model.Ap1.185"
"235","Cluster_2306","3prime_UTR::Ap1:20800453-20801453(-)",156,-20.25,"2 19","628 646",17,"76.47%","82.35%","evm.model.Ap1.2002"
"236","Cluster_2306","3prime_UTR::Ap1:27398611-27399611(+)",155,-20.51,"2 17","683 703",16,"75.00%","87.50%","evm.model.Ap1.2681"
"237","Cluster_2306","3prime_UTR::Ap1:29367061-29368061(+)",153,-20.7,"2 19","183 205",20,"70.00%","75.00%","evm.model.Ap1.2864"
"238","Cluster_2306","3prime_UTR::Ap1:34778553-34779553(-)",166,-22.02,"2 19","125 144",17,"82.35%","82.35%","evm.model.Ap1.3392"
"239","Cluster_2306","3prime_UTR::Ap1:41400815-41401815(+)",150,-21.61,"2 19","794 810",17,"70.59%","82.35%","evm.model.Ap1.4030"
"240","Cluster_2306","3prime_UTR::Ap1:42112696-42113597(-)",153,-20.44,"2 16","364 386",17,"82.35%","82.35%","evm.model.Ap1.4113"
"241","Cluster_2306","3prime_UTR::Ap1:42806465-42807465(+)",161,-20.41,"2 19","576 597",19,"73.68%","84.21%","evm.model.Ap1.4190"
"242","Cluster_2306","3prime_UTR::Ap2:14191321-14192321(-)",163,-20.47,"2 16","793 812",14,"85.71%","92.86%","evm.model.Ap2.1373"
"244","Cluster_2306","3prime_UTR::Ap2:31813847-31814847(+)",149,-20.09,"2 19","469 489",18,"66.67%","77.78%","evm.model.Ap2.3133"
"245","Cluster_2306","3prime_UTR::Ap2:36578680-36579680(+)",151,-20.38,"2 19","976 996",19,"73.68%","78.95%","evm.model.Ap2.3577"
"246","Cluster_2306","3prime_UTR::Ap3:6252476-6253476(-)",151,-20.03,"2 19","762 783",20,"75.00%","75.00%","evm.model.Ap3.598"
"248","Cluster_2306","3prime_UTR::Ap4:17575449-17576449(+)",153,-20.72,"2 19","363 383",18,"72.22%","77.78%","evm.model.Ap4.1737"
"249","Cluster_2306","3prime_UTR::Ap4:24456828-24457828(-)",151,-22.32,"2 19","844 867",21,"76.19%","76.19%","evm.model.Ap4.3028"
"250","Cluster_2306","3prime_UTR::Ap4:26813536-26813987(-)",162,-21.82,"2 19","378 397",17,"76.47%","82.35%","evm.model.Ap4.3486"
"251","Cluster_2306","3prime_UTR::Ap4:3526259-3527259(-)",149,-21.67,"2 19","612 627",17,"76.47%","76.47%","evm.model.Ap4.362"
"252","Cluster_2306","3prime_UTR::Ap4:44638052-44639052(+)",156,-20.75,"2 18","336 358",19,"73.68%","78.95%","evm.model.Ap4.6000"
"253","Cluster_2306","3prime_UTR::Ap4:5866408-5867408(+)",162,-21.84,"2 19","690 709",17,"76.47%","82.35%","evm.model.Ap4.564"
"254","Cluster_2306","3prime_UTR::Ap5:17950031-17951031(-)",145,-20.21,"2 19","936 961",23,"65.22%","65.22%","evm.model.Ap5.1696"
"255","Cluster_2306","3prime_UTR::Ap5:19341521-19342521(-)",164,-20.12,"2 18","334 354",17,"82.35%","88.24%","evm.model.Ap5.1797"
"256","Cluster_2306","3prime_UTR::Ap5:21761649-21762649(-)",161,-20.68,"2 19","744 765",19,"78.95%","78.95%","evm.model.Ap5.2065"
"257","Cluster_2306","3prime_UTR::Ap5:27299081-27300081(+)",160,-20.98,"2 19","214 232",17,"76.47%","88.24%","evm.model.Ap5.2679"
"258","Cluster_2306","3prime_UTR::Ap6:1165978-1166978(-)",151,-20.03,"2 19","513 534",20,"75.00%","75.00%","evm.model.Ap6.133"
"259","Cluster_2306","3prime_UTR::Ap6:14328691-14329152(+)",170,-21.76,"2 19","46 65",17,"76.47%","94.12%","evm.model.Ap6.1474"
"260","Cluster_2306","3prime_UTR::Ap6:21013712-21014712(-)",149,-21.67,"2 19","470 485",17,"76.47%","76.47%","evm.model.Ap6.2132"
"261","Cluster_2306","3prime_UTR::Ap6:30456429-30457429(+)",163,-20.85,"2 16","584 603",14,"78.57%","100.00%","evm.model.Ap6.2994"
"262","Cluster_2306","3prime_UTR::Ap6:31413909-31414909(-)",151,-20.03,"2 19","546 567",20,"75.00%","75.00%","evm.model.Ap6.3077"
"263","Cluster_2306","3prime_UTR::Ap6:4170038-4171038(+)",170,-21.23,"2 19","383 402",17,"76.47%","94.12%","evm.model.Ap6.466"
"264","Cluster_2306","3prime_UTR::Ap6:5950586-5951586(-)",149,-21.67,"2 19","468 483",17,"76.47%","76.47%","evm.model.Ap6.620"
"265","Cluster_2306","3prime_UTR::Ap8:14009899-14010899(-)",152,-21.78,"2 19","55 77",20,"70.00%","80.00%","evm.model.Ap8.1257"
"266","Cluster_2306","3prime_UTR::Ap8:15857645-15858645(+)",174,-20.98,"2 19","672 691",17,"88.24%","88.24%","evm.model.Ap8.1405"
"267","Cluster_2306","3prime_UTR::Ap8:18475752-18476752(-)",151,-20.03,"2 19","440 461",20,"75.00%","75.00%","evm.model.Ap8.1695"
"268","Cluster_2306","3prime_UTR::Ap8:18959742-18960742(+)",151,-20.03,"2 19","507 528",20,"75.00%","75.00%","evm.model.Ap8.1722"
"269","Cluster_2306","3prime_UTR::Ap8:19203717-19204717(-)",157,-20.82,"2 19","720 741",19,"73.68%","78.95%","evm.model.Ap8.1739"
"270","Cluster_2306","3prime_UTR::Ap8:22155890-22156890(-)",153,-21.27,"2 14","362 381",12,"83.33%","91.67%","evm.model.Ap8.2001"
"271","Cluster_2306","3prime_UTR::Ap8:2422639-2423639(-)",153,-20.15,"2 16","95 116",16,"81.25%","87.50%","evm.model.Ap8.241"
"272","Cluster_2306","3prime_UTR::Ap8:26462353-26463353(+)",151,-20.03,"2 19","251 272",20,"75.00%","75.00%","evm.model.Ap8.2423"
"273","Cluster_2306","3prime_UTR::Ap8:28842079-28843079(-)",151,-20.03,"2 19","328 349",20,"75.00%","75.00%","evm.model.Ap8.2631"
"274","Cluster_2306","3prime_UTR::Ap8:7851804-7852804(-)",166,-23.14,"2 16","711 731",15,"93.33%","93.33%","evm.model.Ap8.716"
"275","Cluster_2306","3prime_UTR::Ap9:15292135-15293135(+)",166,-20.03,"2 19","147 166",17,"82.35%","82.35%","evm.model.Ap9.1423"
"276","Cluster_2306","3prime_UTR::Ap9:15769877-15770877(-)",168,-22.13,"2 19","852 873",19,"84.21%","89.47%","evm.model.Ap9.1465"
"277","Cluster_2306","3prime_UTR::Ap9:21333310-21334310(+)",151,-20.03,"2 19","844 865",20,"75.00%","75.00%","evm.model.Ap9.1953"
"278","Cluster_2306","3prime_UTR::Ap9:2342466-2343466(-)",151,-20.03,"2 19","601 622",20,"75.00%","75.00%","evm.model.Ap9.229"
"279","Cluster_2637","3prime_UTR::Ap10:14767616-14768616(+)",158,-20.96,"2 21","127 148",19,"73.68%","78.95%","evm.model.Ap10.1480"
"280","Cluster_2637","3prime_UTR::Ap10:15010563-15011563(+)",177,-23.2,"2 18","115 137",16,"87.50%","100.00%","evm.model.Ap10.1505"
"281","Cluster_2637","3prime_UTR::Ap10:15246004-15247004(-)",171,-25.52,"2 22","389 410",20,"80.00%","85.00%","evm.model.Ap10.1540"
"282","Cluster_2637","3prime_UTR::Ap10:1932612-1933612(-)",151,-22,"2 12","104 126",10,"90.00%","100.00%","evm.model.Ap10.198"
"283","Cluster_2637","3prime_UTR::Ap10:19596468-19597468(+)",153,-20.27,"2 21","558 586",25,"72.00%","72.00%","evm.model.Ap10.1930"
"284","Cluster_2637","3prime_UTR::Ap10:4206669-4207669(-)",159,-21.09,"2 21","710 733",20,"70.00%","80.00%","evm.model.Ap10.398"
"285","Cluster_2637","3prime_UTR::Ap10:5518367-5519367(+)",157,-22.59,"2 22","307 329",20,"65.00%","75.00%","evm.model.Ap10.533"
"286","Cluster_2637","3prime_UTR::Ap10:5596859-5597859(+)",164,-20.72,"2 22","946 965",20,"80.00%","85.00%","evm.model.Ap10.547"
"287","Cluster_2637","3prime_UTR::Ap10:5635836-5636836(+)",164,-20.72,"2 22","931 950",20,"80.00%","85.00%","evm.model.Ap10.559"
"288","Cluster_2637","3prime_UTR::Ap11:16963090-16964090(-)",148,-20.55,"2 22","195 217",22,"72.73%","72.73%","evm.model.Ap11.1531"
"289","Cluster_2637","3prime_UTR::Ap11:7711810-7712810(+)",166,-21.62,"2 21","780 801",19,"78.95%","84.21%","evm.model.Ap11.686"
"290","Cluster_2637","3prime_UTR::Ap11:8024677-8025677(-)",165,-22.8,"2 22","259 281",20,"75.00%","75.00%","evm.model.Ap11.726"
"291","Cluster_2637","3prime_UTR::Ap11:9708508-9709508(-)",156,-20.54,"2 14","749 772",13,"92.31%","92.31%","evm.model.Ap11.883"
"292","Cluster_2637","3prime_UTR::Ap12:15468948-15469948(+)",155,-20.87,"2 22","563 587",22,"72.73%","72.73%","evm.model.Ap12.1471"
"294","Cluster_2637","3prime_UTR::Ap12:24608017-24609017(-)",163,-21.96,"2 18","369 394",19,"84.21%","84.21%","evm.model.Ap12.2324"
"295","Cluster_2637","3prime_UTR::Ap12:25918583-25919583(-)",166,-20.82,"2 15","912 934",13,"92.31%","100.00%","evm.model.Ap12.2455"
"296","Cluster_2637","3prime_UTR::Ap12:27658701-27659701(+)",167,-20.16,"2 22","461 486",23,"78.26%","78.26%","evm.model.Ap12.2620"
"297","Cluster_2637","3prime_UTR::Ap12:4360699-4361699(+)",175,-21.22,"2 20","595 617",18,"83.33%","88.89%","evm.model.Ap12.439"
"298","Cluster_2637","3prime_UTR::Ap12:5760914-5761914(-)",150,-23,"2 22","156 188",30,"66.67%","66.67%","evm.model.Ap12.533"
"299","Cluster_2637","3prime_UTR::Ap12:7839827-7840503(-)",163,-21.13,"2 22","550 575",23,"73.91%","78.26%","evm.model.Ap12.702"
"300","Cluster_2637","3prime_UTR::Ap12:99263-100263(-)",160,-23.61,"2 19","533 554",17,"76.47%","88.24%","evm.model.Ap12.12"
"305","Cluster_2637","3prime_UTR::Ap13:11361179-11361646(+)",141,-20.09,"2 22","199 219",20,"65.00%","70.00%","evm.model.Ap13.1092"
"306","Cluster_2637","3prime_UTR::Ap13:12038662-12039662(+)",163,-23.3,"2 22","614 638",22,"77.27%","77.27%","evm.model.Ap13.1168"
"307","Cluster_2637","3prime_UTR::Ap13:13827360-13827539(-)",156,-21.4,"2 22","69 92",21,"71.43%","71.43%","evm.model.Ap13.1305"
"311","Cluster_2637","3prime_UTR::Ap13:19212849-19213849(-)",155,-21.53,"2 21","476 495",19,"78.95%","78.95%","evm.model.Ap13.1800"
"312","Cluster_2637","3prime_UTR::Ap13:21728349-21729349(+)",169,-22.06,"2 22","974 996",20,"75.00%","80.00%","evm.model.Ap13.2018"
"313","Cluster_2637","3prime_UTR::Ap13:2605685-2606685(+)",159,-24.48,"2 22","802 830",26,"69.23%","73.08%","evm.model.Ap13.233"
"314","Cluster_2637","3prime_UTR::Ap13:30149710-30150710(+)",162,-20.65,"2 19","368 390",17,"70.59%","88.24%","evm.model.Ap13.2842"
"315","Cluster_2637","3prime_UTR::Ap13:33502349-33503349(-)",156,-21.41,"2 22","655 680",23,"69.57%","69.57%","evm.model.Ap13.3180"
"316","Cluster_2637","3prime_UTR::Ap13:3665956-3666956(-)",151,-20.25,"2 22","126 145",20,"75.00%","80.00%","evm.model.Ap13.352"
"317","Cluster_2637","3prime_UTR::Ap13:3890119-3891119(+)",175,-22.11,"2 20","554 576",18,"83.33%","88.89%","evm.model.Ap13.369"
"318","Cluster_2637","3prime_UTR::Ap13:5723444-5724444(-)",158,-20.27,"2 22","450 472",21,"76.19%","76.19%","evm.model.Ap13.558"
"319","Cluster_2637","3prime_UTR::Ap13:8511227-8512227(-)",162,-23.91,"2 22","383 405",21,"76.19%","80.95%","evm.model.Ap13.830"
"320","Cluster_2637","3prime_UTR::Ap13:8850668-8851668(-)",166,-20.55,"2 21","780 801",19,"78.95%","84.21%","evm.model.Ap13.868"
"321","Cluster_2637","3prime_UTR::Ap14:18604405-18604975(-)",171,-21.7,"2 22","48 69",20,"80.00%","85.00%","evm.model.Ap14.1703"
"325","Cluster_2637","3prime_UTR::Ap14:19377895-19378895(-)",166,-24.61,"2 22","385 409",23,"78.26%","78.26%","evm.model.Ap14.1760"
"326","Cluster_2637","3prime_UTR::Ap14:2139522-2140238(-)",145,-20.12,"2 20","647 675",24,"66.67%","66.67%","evm.model.Ap14.208"
"330","Cluster_2637","3prime_UTR::Ap14:22395159-22396159(-)",155,-21.05,"2 22","540 570",28,"67.86%","67.86%","evm.model.Ap14.2044"
"331","Cluster_2637","3prime_UTR::Ap14:4788699-4789699(-)",164,-21.07,"2 21","208 230",19,"73.68%","78.95%","evm.model.Ap14.447"
"332","Cluster_2637","3prime_UTR::Ap1:10424855-10425855(-)",164,-21.95,"2 17","231 253",15,"80.00%","93.33%","evm.model.Ap1.1061"
"333","Cluster_2637","3prime_UTR::Ap1:11731658-11732658(-)",168,-21.6,"2 22","422 446",22,"77.27%","77.27%","evm.model.Ap1.1174"
"334","Cluster_2637","3prime_UTR::Ap1:12066183-12067008(-)",159,-23.38,"2 22","100 128",26,"69.23%","73.08%","evm.model.Ap1.1239"
"338","Cluster_2637","3prime_UTR::Ap1:12376722-12377722(-)",159,-20.52,"2 20","968 990",18,"72.22%","77.78%","evm.model.Ap1.1268"
"340","Cluster_2637","3prime_UTR::Ap1:16551574-16552574(-)",167,-22.48,"2 22","384 405",20,"80.00%","80.00%","evm.model.Ap1.1620"
"341","Cluster_2637","3prime_UTR::Ap1:18132926-18133893(-)",165,-22.42,"2 22","116 138",20,"70.00%","80.00%","evm.model.Ap1.1736"
"342","Cluster_2637","3prime_UTR::Ap1:23561636-23562636(-)",151,-20.75,"2 22","498 523",23,"69.57%","69.57%","evm.model.Ap1.2246"
"343","Cluster_2637","3prime_UTR::Ap1:23860696-23861696(-)",157,-21.06,"2 14","13 35",12,"91.67%","91.67%","evm.model.Ap1.2280"
"344","Cluster_2637","3prime_UTR::Ap1:24855104-24856104(+)",166,-23.72,"2 22","644 666",21,"80.95%","80.95%","evm.model.Ap1.2383"
"345","Cluster_2637","3prime_UTR::Ap1:27101828-27102828(-)",161,-21.9,"2 22","853 873",20,"80.00%","80.00%","evm.model.Ap1.2652"
"346","Cluster_2637","3prime_UTR::Ap1:28799423-28800423(-)",155,-22.83,"2 21","515 538",20,"70.00%","75.00%","evm.model.Ap1.2814"
"347","Cluster_2637","3prime_UTR::Ap1:28896165-28897165(-)",169,-20.95,"2 22","42 64",20,"75.00%","80.00%","evm.model.Ap1.2823"
"348","Cluster_2637","3prime_UTR::Ap1:2924923-2925923(+)",166,-21.62,"2 21","780 801",19,"78.95%","84.21%","evm.model.Ap1.321"
"349","Cluster_2637","3prime_UTR::Ap1:3101166-3102166(-)",169,-22.4,"2 22","779 801",20,"75.00%","80.00%","evm.model.Ap1.344"
"353","Cluster_2637","3prime_UTR::Ap1:34800184-34801184(-)",159,-22.08,"2 22","335 360",23,"73.91%","73.91%","evm.model.Ap1.3396"
"354","Cluster_2637","3prime_UTR::Ap1:40533000-40534000(+)",167,-20.47,"2 20","438 460",18,"77.78%","83.33%","evm.model.Ap1.3972"
"358","Cluster_2637","3prime_UTR::Ap1:42176400-42177400(+)",160,-21.88,"2 21","959 979",19,"78.95%","84.21%","evm.model.Ap1.4118"
"359","Cluster_2637","3prime_UTR::Ap1:42669443-42670443(-)",158,-21.7,"2 20","417 440",19,"73.68%","78.95%","evm.model.Ap1.4176"
"360","Cluster_2637","3prime_UTR::Ap1:4986684-4987338(-)",159,-22.41,"2 22","134 155",20,"75.00%","75.00%","evm.model.Ap1.540"
"361","Cluster_2637","3prime_UTR::Ap1:7307659-7308659(-)",174,-24.95,"2 22","641 661",20,"85.00%","85.00%","evm.model.Ap1.764"
"362","Cluster_2637","3prime_UTR::Ap1:7664868-7665868(-)",174,-24.95,"2 22","649 669",20,"85.00%","85.00%","evm.model.Ap1.806"
"363","Cluster_2637","3prime_UTR::Ap1:8144859-8145859(-)",174,-26.31,"2 20","160 183",19,"84.21%","89.47%","evm.model.Ap1.852"
"364","Cluster_2637","3prime_UTR::Ap2:15298739-15299739(-)",154,-21.47,"2 19","766 788",17,"64.71%","82.35%","evm.model.Ap2.1459"
"365","Cluster_2637","3prime_UTR::Ap2:16786285-16787285(-)",171,-25.45,"2 21","418 441",20,"80.00%","85.00%","evm.model.Ap2.1573"
"366","Cluster_2637","3prime_UTR::Ap2:2370568-2371568(+)",170,-22.4,"2 21","318 339",19,"84.21%","84.21%","evm.model.Ap2.259"
"367","Cluster_2637","3prime_UTR::Ap2:23819254-23820254(-)",167,-20.28,"2 22","498 519",20,"80.00%","80.00%","evm.model.Ap2.2230"
"368","Cluster_2637","3prime_UTR::Ap2:2616979-2617979(+)",141,-21.13,"2 19","744 767",18,"66.67%","66.67%","evm.model.Ap2.281"
"369","Cluster_2637","3prime_UTR::Ap2:27545374-27546374(-)",164,-22.03,"2 22","479 503",22,"72.73%","77.27%","evm.model.Ap2.2634"
"370","Cluster_2637","3prime_UTR::Ap2:29567588-29568588(+)",170,-20.29,"2 19","947 969",17,"82.35%","88.24%","evm.model.Ap2.2903"
"371","Cluster_2637","3prime_UTR::Ap2:31404329-31405329(+)",161,-21.75,"2 19","615 640",20,"75.00%","80.00%","evm.model.Ap2.3086"
"372","Cluster_2637","3prime_UTR::Ap2:37092101-37093101(+)",178,-21.92,"2 19","367 389",17,"88.24%","94.12%","evm.model.Ap2.3627"
"373","Cluster_2637","3prime_UTR::Ap2:3953308-3954308(-)",163,-20.21,"2 18","249 270",16,"87.50%","87.50%","evm.model.Ap2.409"
"374","Cluster_2637","3prime_UTR::Ap2:42542611-42543611(-)",150,-22.5,"2 22","969 998",27,"66.67%","70.37%","evm.model.Ap2.4139"
"375","Cluster_2637","3prime_UTR::Ap2:434297-435297(-)",142,-21.07,"2 22","458 487",27,"62.96%","66.67%","evm.model.Ap2.43"
"376","Cluster_2637","3prime_UTR::Ap2:8930885-8931885(-)",152,-21.43,"2 17","623 645",15,"73.33%","80.00%","evm.model.Ap2.877"
"377","Cluster_2637","3prime_UTR::Ap2:9411645-9412645(-)",181,-22.21,"2 22","155 177",20,"85.00%","85.00%","evm.model.Ap2.917"
"378","Cluster_2637","3prime_UTR::Ap2:9891071-9892071(+)",171,-24.03,"2 22","273 299",24,"75.00%","83.33%","evm.model.Ap2.975"
"379","Cluster_2637","3prime_UTR::Ap3:12008630-12009630(-)",156,-23.43,"2 22","950 975",23,"69.57%","69.57%","evm.model.Ap3.1088"
"380","Cluster_2637","3prime_UTR::Ap3:13791865-13792865(-)",157,-20.86,"2 22","338 361",23,"69.57%","78.26%","evm.model.Ap3.1245"
"381","Cluster_2637","3prime_UTR::Ap3:13955673-13956673(-)",160,-25.15,"2 22","180 204",22,"72.73%","72.73%","evm.model.Ap3.1254"
"385","Cluster_2637","3prime_UTR::Ap3:20787391-20788391(+)",154,-20.95,"2 22","406 437",29,"68.97%","68.97%","evm.model.Ap3.1917"
"386","Cluster_2637","3prime_UTR::Ap3:21464563-21465563(-)",167,-25.87,"2 22","414 439",23,"78.26%","78.26%","evm.model.Ap3.1991"
"387","Cluster_2637","3prime_UTR::Ap3:25572180-25573180(-)",176,-28.73,"2 22","668 692",22,"77.27%","86.36%","evm.model.Ap3.2354"
"388","Cluster_2637","3prime_UTR::Ap3:2717354-2718354(-)",166,-22.27,"2 19","228 250",17,"82.35%","82.35%","evm.model.Ap3.280"
"389","Cluster_2637","3prime_UTR::Ap3:373871-374871(-)",167,-23.99,"2 22","441 462",20,"80.00%","80.00%","evm.model.Ap3.31"
"390","Cluster_2637","3prime_UTR::Ap3:5416966-5417966(+)",162,-25.36,"2 22","549 577",26,"73.08%","76.92%","evm.model.Ap3.521"
"391","Cluster_2637","3prime_UTR::Ap4:11257208-11258208(+)",173,-20.46,"2 22","182 204",20,"80.00%","80.00%","evm.model.Ap4.1080"
"392","Cluster_2637","3prime_UTR::Ap4:13419467-13420467(-)",158,-20.5,"2 21","30 51",19,"73.68%","78.95%","evm.model.Ap4.1297"
"393","Cluster_2637","3prime_UTR::Ap4:13750539-13751349(-)",158,-23.28,"2 22","326 348",21,"76.19%","76.19%","evm.model.Ap4.1333"
"394","Cluster_2637","3prime_UTR::Ap4:14050461-14051461(-)",173,-21.13,"2 19","30 53",18,"83.33%","94.44%","evm.model.Ap4.1350"
"395","Cluster_2637","3prime_UTR::Ap4:14322139-14323139(+)",169,-20.24,"2 22","509 531",20,"70.00%","85.00%","evm.model.Ap4.1366"
"396","Cluster_2637","3prime_UTR::Ap4:14324822-14325822(-)",146,-21.69,"2 22","783 811",26,"65.38%","69.23%","evm.model.Ap4.1367"
"397","Cluster_2637","3prime_UTR::Ap4:15019050-15019357(-)",163,-21.13,"2 22","181 206",23,"73.91%","78.26%","evm.model.Ap4.1437"
"398","Cluster_2637","3prime_UTR::Ap4:17101240-17102240(+)",162,-20.62,"2 21","852 873",19,"78.95%","78.95%","evm.model.Ap4.1692"
"400","Cluster_2637","3prime_UTR::Ap4:20081304-20082304(-)",167,-23.47,"2 22","334 361",25,"72.00%","80.00%","evm.model.Ap4.2165"
"401","Cluster_2637","3prime_UTR::Ap4:20200399-20201399(-)",166,-21.62,"2 21","780 801",19,"78.95%","84.21%","evm.model.Ap4.2185"
"402","Cluster_2637","3prime_UTR::Ap4:20366718-20367391(-)",165,-22.92,"2 14","351 373",12,"100.00%","100.00%","evm.model.Ap4.2209"
"403","Cluster_2637","3prime_UTR::Ap4:21956124-21956957(+)",168,-21.87,"2 21","514 536",19,"78.95%","78.95%","evm.model.Ap4.2535"
"407","Cluster_2637","3prime_UTR::Ap4:23974236-23975236(-)",169,-21.22,"2 22","769 791",20,"70.00%","85.00%","evm.model.Ap4.2916"
"408","Cluster_2637","3prime_UTR::Ap4:24959120-24959427(-)",163,-21.13,"2 22","181 206",23,"73.91%","78.26%","evm.model.Ap4.3109"
"409","Cluster_2637","3prime_UTR::Ap4:25865944-25866944(+)",164,-25.02,"2 22","799 822",21,"71.43%","80.95%","evm.model.Ap4.3308"
"410","Cluster_2637","3prime_UTR::Ap4:26130372-26131372(+)",163,-21.13,"2 22","183 208",23,"73.91%","78.26%","evm.model.Ap4.3364"
"411","Cluster_2637","3prime_UTR::Ap4:27764321-27765321(-)",164,-21.02,"2 22","40 66",24,"70.83%","75.00%","evm.model.Ap4.3672"
"412","Cluster_2637","3prime_UTR::Ap4:29455489-29456489(+)",146,-22.07,"2 19","549 571",17,"64.71%","70.59%","evm.model.Ap4.4034"
"413","Cluster_2637","3prime_UTR::Ap4:32075280-32076262(-)",166,-21.3,"2 20","606 629",19,"78.95%","84.21%","evm.model.Ap4.4558"
"417","Cluster_2637","3prime_UTR::Ap4:34057285-34058285(-)",142,-21.1,"2 20","776 805",25,"60.00%","64.00%","evm.model.Ap4.4888"
"418","Cluster_2637","3prime_UTR::Ap4:37385940-37386940(+)",166,-21.62,"2 21","780 801",19,"78.95%","84.21%","evm.model.Ap4.5273"
"419","Cluster_2637","3prime_UTR::Ap4:39250049-39251049(-)",157,-20.55,"2 22","510 532",20,"65.00%","75.00%","evm.model.Ap4.5456"
"420","Cluster_2637","3prime_UTR::Ap4:51525340-51526340(-)",172,-21.15,"2 22","180 203",21,"80.95%","80.95%","evm.model.Ap4.6700"
"421","Cluster_2637","3prime_UTR::Ap4:51954828-51955420(-)",166,-23.53,"2 15","570 592",13,"92.31%","100.00%","evm.model.Ap4.6758"
"422","Cluster_2637","3prime_UTR::Ap4:55299600-55300600(-)",157,-21.37,"2 19","20 44",19,"73.68%","78.95%","evm.model.Ap4.7045"
"423","Cluster_2637","3prime_UTR::Ap4:6412162-6413162(-)",182,-24.95,"2 19","660 682",17,"94.12%","94.12%","evm.model.Ap4.612"
"424","Cluster_2637","3prime_UTR::Ap5:10180815-10181815(-)",163,-23.6,"2 22","492 513",20,"75.00%","80.00%","evm.model.Ap5.971"
"425","Cluster_2637","3prime_UTR::Ap5:11263561-11264561(+)",166,-20.55,"2 21","780 801",19,"78.95%","84.21%","evm.model.Ap5.1068"
"426","Cluster_2637","3prime_UTR::Ap5:13961244-13962244(+)",164,-21.64,"2 22","624 648",22,"72.73%","77.27%","evm.model.Ap5.1275"
"427","Cluster_2637","3prime_UTR::Ap5:15220754-15221518(-)",167,-22.48,"2 22","281 302",20,"80.00%","80.00%","evm.model.Ap5.1393"
"428","Cluster_2637","3prime_UTR::Ap5:24053239-24054239(+)",168,-21.77,"2 22","884 907",21,"76.19%","80.95%","evm.model.Ap5.2307"
"429","Cluster_2637","3prime_UTR::Ap5:24645467-24646467(-)",162,-20.68,"2 22","775 795",20,"75.00%","80.00%","evm.model.Ap5.2357"
"430","Cluster_2637","3prime_UTR::Ap5:2475460-2476460(+)",166,-20.55,"2 21","780 801",19,"78.95%","84.21%","evm.model.Ap5.221"
"431","Cluster_2637","3prime_UTR::Ap5:26949727-26950727(-)",166,-20.55,"2 21","780 801",19,"78.95%","84.21%","evm.model.Ap5.2638"
"432","Cluster_2637","3prime_UTR::Ap5:28373226-28374226(-)",163,-26.82,"2 22","640 668",26,"73.08%","73.08%","evm.model.Ap5.2789"
"433","Cluster_2637","3prime_UTR::Ap5:28890553-28891553(+)",147,-20.77,"2 22","931 949",20,"70.00%","75.00%","evm.model.Ap5.2832"
"434","Cluster_2637","3prime_UTR::Ap5:29974408-29975408(+)",176,-22.97,"2 18","102 125",17,"94.12%","94.12%","evm.model.Ap5.2940"
"435","Cluster_2637","3prime_UTR::Ap5:943487-944487(+)",176,-20.22,"2 17","315 337",15,"93.33%","100.00%","evm.model.Ap5.79"
"436","Cluster_2637","3prime_UTR::Ap6:15825012-15826012(+)",171,-21.47,"2 21","425 449",21,"76.19%","85.71%","evm.model.Ap6.1589"
"437","Cluster_2637","3prime_UTR::Ap6:18695463-18696463(+)",157,-21.04,"2 22","162 182",20,"75.00%","80.00%","evm.model.Ap6.1871"
"462","Cluster_2637","3prime_UTR::Ap6:18776441-18777441(+)",160,-20.76,"2 18","389 412",17,"82.35%","82.35%","evm.model.Ap6.1881"
"463","Cluster_2637","3prime_UTR::Ap6:2530130-2531130(+)",169,-25.19,"2 22","64 86",20,"75.00%","80.00%","evm.model.Ap6.283"
"464","Cluster_2637","3prime_UTR::Ap6:27047704-27048704(-)",160,-23.88,"2 21","418 438",19,"78.95%","84.21%","evm.model.Ap6.2695"
"465","Cluster_2637","3prime_UTR::Ap6:33120573-33121573(-)",161,-21.42,"2 22","621 643",20,"70.00%","75.00%","evm.model.Ap6.3196"
"466","Cluster_2637","3prime_UTR::Ap6:33474676-33475676(+)",166,-20.22,"2 19","309 331",17,"82.35%","82.35%","evm.model.Ap6.3237"
"467","Cluster_2637","3prime_UTR::Ap6:5660176-5661176(-)",156,-23.43,"2 22","809 834",23,"69.57%","69.57%","evm.model.Ap6.594"
"468","Cluster_2637","3prime_UTR::Ap6:5729367-5730367(-)",164,-20.42,"2 22","3 27",22,"72.73%","77.27%","evm.model.Ap6.601_evm.TU.Ap6.602"
"469","Cluster_2637","3prime_UTR::Ap6:8265617-8266617(-)",167,-22.74,"2 21","643 666",20,"80.00%","80.00%","evm.model.Ap6.857"
"470","Cluster_2637","3prime_UTR::Ap7:18853628-18854137(-)",158,-21.93,"2 22","411 433",21,"76.19%","76.19%","evm.model.Ap7.1750"
"474","Cluster_2637","3prime_UTR::Ap7:24615231-24616231(-)",156,-23.43,"2 22","923 948",23,"69.57%","69.57%","evm.model.Ap7.2347"
"475","Cluster_2637","3prime_UTR::Ap7:25715142-25716142(+)",167,-21.91,"2 22","127 148",20,"75.00%","85.00%","evm.model.Ap7.2435"
"477","Cluster_2637","3prime_UTR::Ap8:11568848-11569848(-)",148,-20.29,"2 21","196 220",22,"72.73%","72.73%","evm.model.Ap8.1046"
"478","Cluster_2637","3prime_UTR::Ap8:11754432-11755432(+)",166,-22.17,"2 19","253 275",17,"82.35%","82.35%","evm.model.Ap8.1064"
"479","Cluster_2637","3prime_UTR::Ap8:15010635-15011635(-)",159,-20.03,"2 22","973 994",20,"75.00%","75.00%","evm.model.Ap8.1342"
"480","Cluster_2637","3prime_UTR::Ap8:17602774-17603774(+)",157,-26.64,"2 22","741 760",20,"75.00%","75.00%","evm.model.Ap8.1590"
"481","Cluster_2637","3prime_UTR::Ap8:272965-273965(+)",158,-21.84,"2 22","492 516",23,"73.91%","73.91%","evm.model.Ap8.14"
"483","Cluster_2637","3prime_UTR::Ap8:42191-43191(+)",162,-20.1,"2 15","568 590",13,"84.62%","100.00%","evm.model.Ap8.4"
"484","Cluster_2637","3prime_UTR::Ap8:9182660-9183660(-)",152,-26.1,"2 22","785 809",22,"68.18%","68.18%","evm.model.Ap8.851"
"485","Cluster_2637","3prime_UTR::Ap9:10573494-10574494(+)",166,-21.62,"2 21","780 801",19,"78.95%","84.21%","evm.model.Ap9.984"
"486","Cluster_2637","3prime_UTR::Ap9:11012274-11013274(+)",177,-23.3,"2 22","375 397",20,"80.00%","85.00%","evm.model.Ap9.1030"
"487","Cluster_2637","3prime_UTR::Ap9:14389188-14390188(+)",163,-22.52,"2 20","192 214",18,"72.22%","83.33%","evm.model.Ap9.1339"
"503","Cluster_2637","3prime_UTR::Ap9:20094929-20095929(-)",154,-20.89,"2 21","265 289",21,"71.43%","76.19%","evm.model.Ap9.1834"
"504","Cluster_2637","3prime_UTR::Ap9:21031727-21032727(+)",151,-23.65,"2 22","228 256",26,"65.38%","69.23%","evm.model.Ap9.1921"
"505","Cluster_2637","3prime_UTR::Ap9:21604444-21605444(+)",158,-21.4,"2 19","268 290",17,"76.47%","76.47%","evm.model.Ap9.1974"
"506","Cluster_2637","3prime_UTR::Ap9:23849172-23850172(-)",169,-22.08,"2 20","683 704",18,"83.33%","88.89%","evm.model.Ap9.2194"
"507","Cluster_2637","3prime_UTR::Ap9:29504819-29505819(-)",167,-23.99,"2 22","952 973",20,"80.00%","80.00%","evm.model.Ap9.2735"
"508","Cluster_2637","3prime_UTR::Ap9:4037898-4038898(-)",166,-21.62,"2 21","780 801",19,"78.95%","84.21%","evm.model.Ap9.378"
"509","Cluster_2651","3prime_UTR::Ap10:11512900-11513783(-)",162,-23.75,"2 15","235 253",13,"92.31%","92.31%","evm.model.Ap10.1101"
"513","Cluster_2651","3prime_UTR::Ap10:12614202-12615202(+)",149,-27.54,"2 18","225 243",16,"68.75%","75.00%","evm.model.Ap10.1214"
"514","Cluster_2651","3prime_UTR::Ap10:14769659-14770659(-)",152,-21.39,"2 13","416 434",11,"90.91%","90.91%","evm.model.Ap10.1481"
"515","Cluster_2651","3prime_UTR::Ap10:16839710-16840710(-)",151,-24.8,"2 12","423 441",10,"90.00%","100.00%","evm.model.Ap10.1689"
"516","Cluster_2651","3prime_UTR::Ap10:16873331-16874331(+)",151,-24.8,"2 12","415 433",10,"90.00%","100.00%","evm.model.Ap10.1690"
"517","Cluster_2651","3prime_UTR::Ap10:18196236-18197236(-)",144,-22.26,"2 13","190 208",11,"72.73%","90.91%","evm.model.Ap10.1789"
"518","Cluster_2651","3prime_UTR::Ap10:6754367-6755367(+)",164,-22.38,"2 17","369 387",15,"86.67%","86.67%","evm.model.Ap10.642"
"519","Cluster_2651","3prime_UTR::Ap11:11063845-11064845(-)",149,-27.13,"2 15","672 691",14,"78.57%","85.71%","evm.model.Ap11.1003_evm.TU.Ap11.1005"
"523","Cluster_2651","3prime_UTR::Ap11:12936020-12937020(-)",145,-26.03,"2 15","671 690",14,"78.57%","78.57%","evm.model.Ap11.1158"
"524","Cluster_2651","3prime_UTR::Ap11:14806652-14807446(-)",150,-20.72,"2 11","130 148",9,"100.00%","100.00%","evm.model.Ap11.1338"
"528","Cluster_2651","3prime_UTR::Ap11:17272092-17273092(+)",164,-27.06,"2 17","466 484",15,"86.67%","86.67%","evm.model.Ap11.1570"
"537","Cluster_2651","3prime_UTR::Ap11:1856033-1857033(+)",145,-20.07,"2 10","435 453",8,"100.00%","100.00%","evm.model.Ap11.137"
"538","Cluster_2651","3prime_UTR::Ap12:13460934-13461934(+)",146,-22.78,"2 11","874 892",9,"88.89%","100.00%","evm.model.Ap12.1264"
"539","Cluster_2651","3prime_UTR::Ap12:13794389-13795389(+)",157,-22.17,"2 18","183 201",16,"75.00%","81.25%","evm.model.Ap12.1294"
"540","Cluster_2651","3prime_UTR::Ap12:2093287-2094287(+)",144,-20.54,"2 13","54 72",11,"81.82%","81.82%","evm.model.Ap12.216_evm.TU.Ap12.217_evm.TU.Ap12.219"
"541","Cluster_2651","3prime_UTR::Ap12:2444706-2445706(+)",155,-20.5,"2 16","845 863",14,"78.57%","85.71%","evm.model.Ap12.253"
"542","Cluster_2651","3prime_UTR::Ap12:27586796-27587796(+)",150,-22.61,"2 15","251 269",13,"76.92%","84.62%","evm.model.Ap12.2612"
"543","Cluster_2651","3prime_UTR::Ap12:29369637-29370637(+)",152,-22.91,"2 13","782 800",11,"90.91%","90.91%","evm.model.Ap12.2804"
"544","Cluster_2651","3prime_UTR::Ap12:3326461-3327461(-)",146,-24.76,"2 13","240 257",11,"90.91%","90.91%","evm.model.Ap12.355"
"545","Cluster_2651","3prime_UTR::Ap12:3524624-3525624(-)",146,-24.76,"2 13","199 216",11,"90.91%","90.91%","evm.model.Ap12.371"
"546","Cluster_2651","3prime_UTR::Ap12:5573370-5574370(+)",150,-21.15,"2 11","892 910",9,"100.00%","100.00%","evm.model.Ap12.516"
"547","Cluster_2651","3prime_UTR::Ap12:7736164-7737164(-)",144,-20.6,"2 13","229 247",11,"81.82%","81.82%","evm.model.Ap12.688"
"548","Cluster_2651","3prime_UTR::Ap12:959285-959747(-)",156,-21.6,"2 13","181 199",11,"90.91%","100.00%","evm.model.Ap12.103"
"552","Cluster_2651","3prime_UTR::Ap12:9739485-9740485(-)",165,-26.67,"2 18","466 484",16,"81.25%","87.50%","evm.model.Ap12.902"
"553","Cluster_2651","3prime_UTR::Ap13:10316122-10317122(-)",151,-20.2,"2 14","444 461",12,"91.67%","91.67%","evm.model.Ap13.990"
"554","Cluster_2651","3prime_UTR::Ap13:11383879-11384879(+)",154,-23.76,"2 15","44 62",13,"76.92%","92.31%","evm.model.Ap13.1096"
"555","Cluster_2651","3prime_UTR::Ap13:14155562-14156562(+)",143,-22.02,"2 17","171 191",17,"70.59%","70.59%","evm.model.Ap13.1332"
"556","Cluster_2651","3prime_UTR::Ap13:24722863-24723863(+)",162,-26.75,"2 15","556 574",13,"92.31%","92.31%","evm.model.Ap13.2315"
"557","Cluster_2651","3prime_UTR::Ap13:28263375-28264375(-)",149,-22.21,"2 14","550 568",12,"83.33%","83.33%","evm.model.Ap13.2669"
"558","Cluster_2651","3prime_UTR::Ap13:29017828-29018828(+)",146,-21.05,"2 11","716 734",9,"88.89%","100.00%","evm.model.Ap13.2748"
"559","Cluster_2651","3prime_UTR::Ap13:29077086-29078086(+)",161,-25.93,"2 18","340 358",16,"81.25%","81.25%","evm.model.Ap13.2753"
"560","Cluster_2651","3prime_UTR::Ap13:3040331-3041331(+)",150,-24.3,"2 11","975 993",9,"100.00%","100.00%","evm.model.Ap13.272"
"561","Cluster_2651","3prime_UTR::Ap13:32852376-32853376(+)",152,-21.54,"2 15","61 78",13,"84.62%","92.31%","evm.model.Ap13.3105"
"562","Cluster_2651","3prime_UTR::Ap13:32990982-32991982(+)",148,-22.16,"2 13","522 540",11,"81.82%","90.91%","evm.model.Ap13.3121"
"563","Cluster_2651","3prime_UTR::Ap13:5221090-5222090(+)",152,-26.27,"2 13","798 816",11,"90.91%","90.91%","evm.model.Ap13.504"
"564","Cluster_2651","3prime_UTR::Ap13:7382997-7383997(-)",153,-20.97,"2 16","824 841",14,"85.71%","85.71%","evm.model.Ap13.707"
"565","Cluster_2651","3prime_UTR::Ap14:11237597-11238597(-)",152,-30.18,"2 18","659 678",17,"76.47%","76.47%","evm.model.Ap14.1040"
"566","Cluster_2651","3prime_UTR::Ap14:16632518-16633518(-)",151,-24.68,"2 13","565 584",12,"91.67%","91.67%","evm.model.Ap14.1544"
"567","Cluster_2651","3prime_UTR::Ap14:17999660-18000660(-)",152,-22.12,"2 13","29 47",11,"90.91%","90.91%","evm.model.Ap14.1654"
"568","Cluster_2651","3prime_UTR::Ap14:19693948-19694948(+)",152,-22.13,"2 17","79 95",15,"86.67%","86.67%","evm.model.Ap14.1788"
"569","Cluster_2651","3prime_UTR::Ap14:20318819-20319819(+)",164,-28.57,"2 17","856 874",15,"86.67%","86.67%","evm.model.Ap14.1859"
"570","Cluster_2651","3prime_UTR::Ap14:20855127-20856127(+)",147,-20.91,"2 12","493 511",10,"90.00%","90.00%","evm.model.Ap14.1908"
"571","Cluster_2651","3prime_UTR::Ap14:2749456-2750456(+)",150,-21.15,"2 11","251 269",9,"100.00%","100.00%","evm.model.Ap14.251"
"572","Cluster_2651","3prime_UTR::Ap1:15157840-15158840(+)",148,-22.16,"2 13","876 894",11,"81.82%","90.91%","evm.model.Ap1.1500"
"573","Cluster_2651","3prime_UTR::Ap1:18607867-18608867(+)",149,-21.75,"2 14","489 507",12,"75.00%","91.67%","evm.model.Ap1.1791"
"574","Cluster_2651","3prime_UTR::Ap1:218497-219497(+)",156,-26.69,"2 17","661 679",15,"80.00%","80.00%","evm.model.Ap1.25"
"575","Cluster_2651","3prime_UTR::Ap1:28240992-28241992(-)",143,-20.48,"2 13","409 428",12,"83.33%","83.33%","evm.model.Ap1.2755"
"576","Cluster_2651","3prime_UTR::Ap1:3695270-3696270(-)",146,-21.76,"2 13","467 484",11,"90.91%","90.91%","evm.model.Ap1.406"
"577","Cluster_2651","3prime_UTR::Ap1:37472310-37473310(-)",149,-23.65,"2 18","614 632",16,"68.75%","75.00%","evm.model.Ap1.3619"
"578","Cluster_2651","3prime_UTR::Ap1:38529271-38530271(-)",145,-22.12,"2 10","39 57",8,"100.00%","100.00%","evm.model.Ap1.3731"
"579","Cluster_2651","3prime_UTR::Ap1:40332326-40333187(-)",153,-22.09,"2 14","627 645",12,"83.33%","91.67%","evm.model.Ap1.3926"
"583","Cluster_2651","3prime_UTR::Ap1:42176400-42177400(+)",149,-21.07,"2 15","503 522",14,"78.57%","85.71%","evm.model.Ap1.4118"
"584","Cluster_2651","3prime_UTR::Ap1:7156263-7157263(-)",150,-20.72,"2 11","435 453",9,"100.00%","100.00%","evm.model.Ap1.745"
"585","Cluster_2651","3prime_UTR::Ap1:7694047-7695047(-)",148,-21.78,"2 13","827 845",11,"81.82%","90.91%","evm.model.Ap1.808"
"586","Cluster_2651","3prime_UTR::Ap2:10352140-10353140(-)",152,-23.49,"2 13","625 643",11,"90.91%","90.91%","evm.model.Ap2.1028"
"587","Cluster_2651","3prime_UTR::Ap2:13517951-13518951(+)",157,-22.17,"2 18","425 443",16,"75.00%","81.25%","evm.model.Ap2.1300"
"588","Cluster_2651","3prime_UTR::Ap2:18955633-18956633(+)",160,-28.39,"2 13","710 728",11,"100.00%","100.00%","evm.model.Ap2.1774"
"589","Cluster_2651","3prime_UTR::Ap2:20666252-20667252(-)",157,-24.02,"2 14","909 927",12,"91.67%","91.67%","evm.model.Ap2.1925"
"590","Cluster_2651","3prime_UTR::Ap2:25041019-25042019(-)",153,-28.9,"2 18","356 374",16,"75.00%","75.00%","evm.model.Ap2.2364"
"591","Cluster_2651","3prime_UTR::Ap2:25259096-25260096(+)",152,-21.39,"2 13","660 678",11,"90.91%","90.91%","evm.model.Ap2.2382"
"593","Cluster_2651","3prime_UTR::Ap2:30662682-30663682(+)",152,-25.81,"2 15","1 19",15,"86.67%","86.67%","evm.model.Ap2.3018"
"594","Cluster_2651","3prime_UTR::Ap2:30905249-30906249(+)",146,-22.7,"2 11","146 164",9,"88.89%","100.00%","evm.model.Ap2.3039"
"595","Cluster_2651","3prime_UTR::Ap2:31872681-31873681(-)",145,-21.11,"2 15","332 351",14,"78.57%","78.57%","evm.model.Ap2.3139"
"596","Cluster_2651","3prime_UTR::Ap2:34869275-34870275(+)",145,-22.78,"2 10","466 484",8,"100.00%","100.00%","evm.model.Ap2.3426"
"597","Cluster_2651","3prime_UTR::Ap2:38077999-38078999(-)",147,-22.68,"2 14","692 712",14,"85.71%","85.71%","evm.model.Ap2.3721"
"598","Cluster_2651","3prime_UTR::Ap2:4123388-4124388(-)",150,-20.72,"2 11","299 317",9,"100.00%","100.00%","evm.model.Ap2.432"
"600","Cluster_2651","3prime_UTR::Ap2:41309412-41310412(+)",150,-20.72,"2 11","569 587",9,"100.00%","100.00%","evm.model.Ap2.3999"
"601","Cluster_2651","3prime_UTR::Ap2:41577537-41578537(+)",146,-21.05,"2 11","676 694",9,"88.89%","100.00%","evm.model.Ap2.4026"
"602","Cluster_2651","3prime_UTR::Ap2:41659549-41660549(+)",145,-22.14,"2 10","790 808",8,"100.00%","100.00%","evm.model.Ap2.4037"
"603","Cluster_2651","3prime_UTR::Ap2:41780297-41781297(-)",149,-25.52,"2 18","954 970",16,"81.25%","81.25%","evm.model.Ap2.4053"
"604","Cluster_2651","3prime_UTR::Ap2:42064910-42065910(+)",145,-21.6,"2 18","132 150",16,"68.75%","68.75%","evm.model.Ap2.4080"
"605","Cluster_2651","3prime_UTR::Ap2:571607-572607(-)",157,-22.17,"2 18","183 201",16,"75.00%","81.25%","evm.model.Ap2.63"
"606","Cluster_2651","3prime_UTR::Ap3:10500474-10501474(+)",147,-23.61,"2 18","178 195",16,"75.00%","75.00%","evm.model.Ap3.948"
"607","Cluster_2651","3prime_UTR::Ap3:15005447-15006447(-)",150,-24.09,"2 16","597 616",15,"80.00%","80.00%","evm.model.Ap3.1319"
"608","Cluster_2651","3prime_UTR::Ap3:18957742-18958742(-)",146,-20.82,"2 11","910 928",9,"88.89%","100.00%","evm.model.Ap3.1730"
"609","Cluster_2651","3prime_UTR::Ap3:23486468-23487468(+)",147,-20.67,"2 16","349 367",14,"71.43%","78.57%","evm.model.Ap3.2153"
"610","Cluster_2651","3prime_UTR::Ap3:3382912-3383912(+)",172,-34.71,"2 17","637 655",15,"93.33%","93.33%","evm.model.Ap3.335"
"611","Cluster_2651","3prime_UTR::Ap4:15996444-15997444(+)",152,-21.39,"2 13","430 448",11,"90.91%","90.91%","evm.model.Ap4.1549"
"612","Cluster_2651","3prime_UTR::Ap4:16657827-16658827(-)",146,-20.18,"2 11","858 876",9,"88.89%","100.00%","evm.model.Ap4.1645"
"613","Cluster_2651","3prime_UTR::Ap4:16898041-16899041(-)",142,-27.11,"2 17","140 161",18,"72.22%","72.22%","evm.model.Ap4.1675"
"614","Cluster_2651","3prime_UTR::Ap4:18184398-18185398(-)",160,-21.87,"2 17","625 643",15,"80.00%","86.67%","evm.model.Ap4.1798"
"615","Cluster_2651","3prime_UTR::Ap4:21605838-21606838(+)",164,-27.31,"2 17","355 373",15,"86.67%","86.67%","evm.model.Ap4.2466"
"616","Cluster_2651","3prime_UTR::Ap4:2409034-2410034(-)",153,-20.41,"2 18","173 191",16,"68.75%","81.25%","evm.model.Ap4.248"
"617","Cluster_2651","3prime_UTR::Ap4:24112372-24113372(-)",145,-22.03,"2 10","346 364",8,"100.00%","100.00%","evm.model.Ap4.2955"
"618","Cluster_2651","3prime_UTR::Ap4:25369953-25370953(+)",154,-23.46,"2 16","759 778",15,"80.00%","86.67%","evm.model.Ap4.3197"
"619","Cluster_2651","3prime_UTR::Ap4:29095021-29096021(+)",149,-20.77,"2 14","715 733",12,"75.00%","91.67%","evm.model.Ap4.3958"
"620","Cluster_2651","3prime_UTR::Ap4:3418671-3419671(-)",147,-21.56,"2 13","492 511",12,"83.33%","91.67%","evm.model.Ap4.340"
"621","Cluster_2651","3prime_UTR::Ap4:40852890-40853890(-)",145,-21.28,"2 10","761 779",8,"100.00%","100.00%","evm.model.Ap4.5613"
"622","Cluster_2651","3prime_UTR::Ap4:40955405-40956405(+)",148,-21.39,"2 14","720 739",13,"84.62%","84.62%","evm.model.Ap4.5623"
"623","Cluster_2651","3prime_UTR::Ap4:49223126-49223964(-)",152,-25.42,"2 14","757 776",13,"84.62%","92.31%","evm.model.Ap4.6463"
"628","Cluster_2651","3prime_UTR::Ap4:56916465-56917465(-)",150,-23.64,"2 11","748 766",9,"100.00%","100.00%","evm.model.Ap4.7211"
"629","Cluster_2651","3prime_UTR::Ap4:7796029-7796362(+)",148,-21.32,"2 17","105 123",15,"73.33%","73.33%","evm.model.Ap4.741"
"630","Cluster_2651","3prime_UTR::Ap4:8375906-8376906(+)",156,-20.55,"2 14","322 341",13,"92.31%","92.31%","evm.model.Ap4.798"
"631","Cluster_2651","3prime_UTR::Ap5:18556744-18557744(-)",150,-20.02,"2 15","776 794",13,"76.92%","84.62%","evm.model.Ap5.1737"
"632","Cluster_2651","3prime_UTR::Ap5:20037423-20038423(+)",156,-21.9,"2 14","676 695",13,"92.31%","92.31%","evm.model.Ap5.1877"
"633","Cluster_2651","3prime_UTR::Ap5:27850119-27851119(+)",146,-20.83,"2 11","653 671",9,"88.89%","100.00%","evm.model.Ap5.2739"
"634","Cluster_2651","3prime_UTR::Ap5:6559050-6560050(+)",143,-20.85,"2 16","939 957",14,"64.29%","78.57%","evm.model.Ap5.628"
"635","Cluster_2651","3prime_UTR::Ap5:6782413-6783413(-)",147,-21.86,"2 18","905 922",16,"75.00%","75.00%","evm.model.Ap5.650"
"636","Cluster_2651","3prime_UTR::Ap5:9677073-9678037(-)",150,-20.72,"2 11","854 872",9,"100.00%","100.00%","evm.model.Ap5.923"
"637","Cluster_2651","3prime_UTR::Ap6:11492891-11493596(-)",150,-20.72,"2 11","456 474",9,"100.00%","100.00%","evm.model.Ap6.1187"
"641","Cluster_2651","3prime_UTR::Ap6:13749009-13750009(+)",151,-23.66,"2 14","566 583",12,"91.67%","91.67%","evm.model.Ap6.1411"
"642","Cluster_2651","3prime_UTR::Ap6:20862053-20863053(-)",153,-25.89,"2 15","896 915",14,"85.71%","85.71%","evm.model.Ap6.2115"
"643","Cluster_2651","3prime_UTR::Ap6:21515145-21516145(-)",146,-21.05,"2 11","680 698",9,"88.89%","100.00%","evm.model.Ap6.2183"
"644","Cluster_2651","3prime_UTR::Ap6:22358745-22359525(+)",152,-21.39,"2 13","26 44",11,"90.91%","90.91%","evm.model.Ap6.2282"
"645","Cluster_2651","3prime_UTR::Ap6:23693768-23694768(-)",153,-23.59,"2 18","732 750",16,"75.00%","75.00%","evm.model.Ap6.2401"
"647","Cluster_2651","3prime_UTR::Ap6:25162343-25163343(-)",169,-26.91,"2 18","282 300",16,"87.50%","87.50%","evm.model.Ap6.2525"
"648","Cluster_2651","3prime_UTR::Ap6:28439317-28440317(-)",164,-23.23,"2 17","392 410",15,"86.67%","86.67%","evm.model.Ap6.2805"
"649","Cluster_2651","3prime_UTR::Ap6:30342331-30342847(+)",153,-21.66,"2 18","369 387",16,"68.75%","81.25%","evm.model.Ap6.2979"
"653","Cluster_2651","3prime_UTR::Ap6:33318163-33318816(+)",141,-20.59,"2 11","433 452",10,"90.00%","90.00%","evm.model.Ap6.3217"
"657","Cluster_2651","3prime_UTR::Ap6:4849875-4850875(-)",153,-22,"2 14","735 753",12,"83.33%","91.67%","evm.model.Ap6.518"
"658","Cluster_2651","3prime_UTR::Ap6:9366795-9367795(+)",148,-21.45,"2 15","685 702",13,"84.62%","84.62%","evm.model.Ap6.978"
"659","Cluster_2651","3prime_UTR::Ap7:10866690-10867690(+)",160,-22.24,"2 13","866 884",11,"100.00%","100.00%","evm.model.Ap7.974"
"660","Cluster_2651","3prime_UTR::Ap7:1214921-1215921(-)",148,-21.05,"2 18","622 642",18,"72.22%","72.22%","evm.model.Ap7.116"
"661","Cluster_2651","3prime_UTR::Ap7:15179716-15180482(-)",151,-21.1,"2 13","240 259",12,"91.67%","91.67%","evm.model.Ap7.1404"
"662","Cluster_2651","3prime_UTR::Ap7:17041112-17042112(+)",153,-22.95,"2 15","259 280",16,"81.25%","81.25%","evm.model.Ap7.1562"
"663","Cluster_2651","3prime_UTR::Ap7:26159558-26160558(-)",153,-21.6,"2 18","641 659",16,"75.00%","75.00%","evm.model.Ap7.2483"
"664","Cluster_2651","3prime_UTR::Ap7:26524393-26525393(-)",153,-24.12,"2 18","950 968",16,"75.00%","75.00%","evm.model.Ap7.2519"
"665","Cluster_2651","3prime_UTR::Ap7:6354633-6355633(-)",152,-21.2,"2 16","410 426",14,"85.71%","85.71%","evm.model.Ap7.529"
"666","Cluster_2651","3prime_UTR::Ap7:8246257-8247257(-)",160,-22.06,"2 13","463 481",11,"100.00%","100.00%","evm.model.Ap7.745"
"667","Cluster_2651","3prime_UTR::Ap8:11237297-11238297(-)",152,-20.31,"2 14","615 634",13,"84.62%","92.31%","evm.model.Ap8.1018"
"668","Cluster_2651","3prime_UTR::Ap8:11532374-11533374(+)",145,-22.15,"2 10","654 672",8,"100.00%","100.00%","evm.model.Ap8.1042"
"669","Cluster_2651","3prime_UTR::Ap8:19012991-19013991(-)",152,-20.31,"2 14","462 481",13,"84.62%","92.31%","evm.model.Ap8.1725"
"670","Cluster_2651","3prime_UTR::Ap8:20010992-20011992(+)",152,-21.39,"2 13","781 799",11,"90.91%","90.91%","evm.model.Ap8.1808"
"671","Cluster_2651","3prime_UTR::Ap8:25639281-25640281(-)",172,-34.71,"2 17","271 289",15,"93.33%","93.33%","evm.model.Ap8.2346"
"672","Cluster_2651","3prime_UTR::Ap8:27529763-27530763(-)",161,-24.56,"2 18","970 988",16,"75.00%","87.50%","evm.model.Ap8.2520"
"673","Cluster_2651","3prime_UTR::Ap8:29472307-29473307(+)",147,-20.08,"2 12","630 648",10,"90.00%","90.00%","evm.model.Ap8.2711"
"674","Cluster_2651","3prime_UTR::Ap8:4479098-4480098(+)",147,-22.76,"2 17","85 105",17,"70.59%","76.47%","evm.model.Ap8.429"
"675","Cluster_2651","3prime_UTR::Ap8:5755174-5756174(-)",164,-28.57,"2 17","523 541",15,"86.67%","86.67%","evm.model.Ap8.529"
"676","Cluster_2651","3prime_UTR::Ap8:7271386-7272386(-)",152,-21.39,"2 13","758 776",11,"90.91%","90.91%","evm.model.Ap8.677"
"677","Cluster_2651","3prime_UTR::Ap8:7628513-7629513(-)",152,-21.86,"2 16","235 251",14,"85.71%","85.71%","evm.model.Ap8.699"
"678","Cluster_2651","3prime_UTR::Ap8:8283399-8284399(+)",164,-28.57,"2 17","911 929",15,"86.67%","86.67%","evm.model.Ap8.765"
"679","Cluster_2651","3prime_UTR::Ap8:9964991-9965991(-)",149,-21.54,"2 14","41 59",12,"83.33%","83.33%","evm.model.Ap8.916"
"680","Cluster_2651","3prime_UTR::Ap9:14487151-14488151(-)",148,-20.84,"2 18","868 888",18,"72.22%","72.22%","evm.model.Ap9.1354"
"681","Cluster_2651","3prime_UTR::Ap9:1470920-1471920(-)",145,-20.14,"2 18","665 683",16,"68.75%","68.75%","evm.model.Ap9.159"
"682","Cluster_2651","3prime_UTR::Ap9:18880227-18881227(+)",152,-21.39,"2 13","477 495",11,"90.91%","90.91%","evm.model.Ap9.1728"
"683","Cluster_2651","3prime_UTR::Ap9:24702347-24703347(-)",164,-28.57,"2 17","64 82",15,"86.67%","86.67%","evm.model.Ap9.2282"
"684","Cluster_2651","3prime_UTR::Ap9:2475174-2476174(+)",156,-23.81,"2 17","327 345",15,"73.33%","86.67%","evm.model.Ap9.237"
"685","Cluster_2651","3prime_UTR::Ap9:25342060-25343060(-)",145,-22.14,"2 10","748 766",8,"100.00%","100.00%","evm.model.Ap9.2343"
"686","Cluster_2651","3prime_UTR::Ap9:27838328-27839328(+)",149,-23.08,"2 14","538 556",12,"83.33%","83.33%","evm.model.Ap9.2584"
"687","Cluster_2651","3prime_UTR::Ap9:4819463-4820463(-)",153,-25.1,"2 14","593 611",12,"83.33%","91.67%","evm.model.Ap9.435"
"688","Cluster_2651","3prime_UTR::Ap9:5462583-5463583(+)",145,-20.42,"2 15","202 221",14,"78.57%","78.57%","evm.model.Ap9.496"
"689","Cluster_595","3prime_UTR::Ap10:10770971-10771971(-)",158,-22.87,"2 22","403 423",20,"75.00%","75.00%","evm.model.Ap10.1018"
"690","Cluster_595","3prime_UTR::Ap10:11010788-11011788(-)",167,-28.17,"2 22","784 808",22,"77.27%","81.82%","evm.model.Ap10.1033"
"691","Cluster_595","3prime_UTR::Ap10:11064639-11065639(+)",158,-21.46,"2 21","342 368",23,"69.57%","78.26%","evm.model.Ap10.1041"
"692","Cluster_595","3prime_UTR::Ap10:11988404-11989404(-)",150,-23.11,"2 15","789 811",13,"76.92%","84.62%","evm.model.Ap10.1154"
"693","Cluster_595","3prime_UTR::Ap10:12523055-12524055(+)",149,-20.6,"2 20","310 331",18,"66.67%","77.78%","evm.model.Ap10.1203"
"694","Cluster_595","3prime_UTR::Ap10:13262255-13263255(-)",140,-20.1,"2 9","510 532",7,"100.00%","100.00%","evm.model.Ap10.1296"
"695","Cluster_595","3prime_UTR::Ap10:14114564-14115564(+)",152,-21.54,"2 17","1 16",15,"66.67%","86.67%","evm.model.Ap10.1409"
"697","Cluster_595","3prime_UTR::Ap10:19625775-19626775(+)",143,-20.91,"2 22","573 594",20,"60.00%","70.00%","evm.model.Ap10.1933"
"698","Cluster_595","3prime_UTR::Ap10:20422179-20423179(-)",158,-24.46,"2 22","491 515",23,"69.57%","78.26%","evm.model.Ap10.1995"
"699","Cluster_595","3prime_UTR::Ap10:21384296-21385296(+)",153,-21.4,"2 20","918 943",21,"66.67%","80.95%","evm.model.Ap10.2091"
"700","Cluster_595","3prime_UTR::Ap10:2326756-2327756(+)",149,-22.71,"2 22","710 729",20,"65.00%","75.00%","evm.model.Ap10.235"
"701","Cluster_595","3prime_UTR::Ap10:369250-370250(+)",157,-20.5,"2 22","145 166",21,"71.43%","80.95%","evm.model.Ap10.35"
"702","Cluster_595","3prime_UTR::Ap10:4503115-4504115(+)",163,-22.26,"2 22","92 116",22,"72.73%","81.82%","evm.model.Ap10.434"
"703","Cluster_595","3prime_UTR::Ap10:5630236-5631236(+)",148,-22.63,"2 22","256 280",22,"59.09%","72.73%","evm.model.Ap10.557"
"704","Cluster_595","3prime_UTR::Ap10:732851-733851(-)",163,-20.86,"2 21","276 299",20,"70.00%","85.00%","evm.model.Ap10.67"
"705","Cluster_595","3prime_UTR::Ap10:9144282-9145282(+)",158,-20.6,"2 20","640 664",20,"70.00%","80.00%","evm.model.Ap10.851"
"706","Cluster_595","3prime_UTR::Ap10:9239353-9240353(+)",155,-23.37,"2 22","529 550",20,"70.00%","75.00%","evm.model.Ap10.858"
"707","Cluster_595","3prime_UTR::Ap10:9928949-9929949(+)",141,-23.38,"2 22","877 906",28,"64.29%","64.29%","evm.model.Ap10.925"
"708","Cluster_595","3prime_UTR::Ap11:12311309-12312309(+)",155,-22.06,"2 22","483 504",20,"70.00%","75.00%","evm.model.Ap11.1099"
"709","Cluster_595","3prime_UTR::Ap11:1576561-1577561(-)",147,-20.02,"2 13","699 723",13,"84.62%","84.62%","evm.model.Ap11.124_evm.TU.Ap11.120"
"713","Cluster_595","3prime_UTR::Ap11:18026635-18027635(-)",164,-24.62,"2 22","56 79",21,"66.67%","85.71%","evm.model.Ap11.1641"
"714","Cluster_595","3prime_UTR::Ap11:19328173-19329173(+)",159,-20.56,"2 21","380 404",21,"66.67%","80.95%","evm.model.Ap11.1757"
"715","Cluster_595","3prime_UTR::Ap11:2905237-2906237(-)",156,-20.48,"2 19","385 406",17,"76.47%","82.35%","evm.model.Ap11.232"
"716","Cluster_595","3prime_UTR::Ap11:4051695-4052695(+)",158,-20.71,"2 22","133 157",23,"69.57%","78.26%","evm.model.Ap11.335"
"717","Cluster_595","3prime_UTR::Ap11:4562234-4563234(-)",150,-22.23,"2 22","963 990",26,"65.38%","69.23%","evm.model.Ap11.378"
"718","Cluster_595","3prime_UTR::Ap11:6307851-6308851(+)",162,-21.36,"2 22","648 670",21,"76.19%","80.95%","evm.model.Ap11.563"
"719","Cluster_595","3prime_UTR::Ap11:7636947-7637947(-)",149,-21.46,"2 22","944 966",20,"55.00%","75.00%","evm.model.Ap11.680"
"720","Cluster_595","3prime_UTR::Ap11:8788440-8789440(+)",151,-23.71,"2 22","189 213",22,"63.64%","77.27%","evm.model.Ap11.809"
"721","Cluster_595","3prime_UTR::Ap11:9349282-9350282(+)",164,-20.1,"2 22","191 214",21,"71.43%","80.95%","evm.model.Ap11.854"
"722","Cluster_595","3prime_UTR::Ap12:10393943-10394943(-)",161,-22.51,"2 22","245 267",20,"65.00%","80.00%","evm.model.Ap12.973"
"723","Cluster_595","3prime_UTR::Ap12:12823912-12824912(+)",155,-26.45,"2 22","345 369",22,"59.09%","86.36%","evm.model.Ap12.1188"
"724","Cluster_595","3prime_UTR::Ap12:14982679-14983679(-)",158,-20.94,"2 22","126 146",20,"70.00%","80.00%","evm.model.Ap12.1432"
"725","Cluster_595","3prime_UTR::Ap12:15394824-15395824(-)",154,-20.02,"2 22","248 270",21,"71.43%","76.19%","evm.model.Ap12.1466"
"726","Cluster_595","3prime_UTR::Ap12:17336590-17337590(+)",150,-20.27,"2 21","669 693",21,"66.67%","76.19%","evm.model.Ap12.1653"
"727","Cluster_595","3prime_UTR::Ap12:17533504-17534504(+)",167,-24.31,"2 20","936 958",18,"77.78%","83.33%","evm.model.Ap12.1672"
"728","Cluster_595","3prime_UTR::Ap12:18953654-18954654(-)",152,-22.48,"2 22","694 718",22,"54.55%","81.82%","evm.model.Ap12.1796_evm.TU.Ap12.1805"
"744","Cluster_595","3prime_UTR::Ap12:20022657-20023657(+)",163,-21.4,"2 20","62 84",18,"66.67%","88.89%","evm.model.Ap12.1901"
"745","Cluster_595","3prime_UTR::Ap12:20603878-20604878(+)",158,-21.2,"2 22","909 929",20,"70.00%","80.00%","evm.model.Ap12.1968"
"746","Cluster_595","3prime_UTR::Ap12:2096018-2097018(-)",150,-23.35,"2 19","104 126",17,"58.82%","82.35%","evm.model.Ap12.220"
"750","Cluster_595","3prime_UTR::Ap12:2245217-2246217(+)",146,-21.87,"2 19","694 716",17,"58.82%","76.47%","evm.model.Ap12.231"
"751","Cluster_595","3prime_UTR::Ap12:22697826-22698826(+)",153,-23.04,"2 14","200 222",12,"83.33%","91.67%","evm.model.Ap12.2161"
"752","Cluster_595","3prime_UTR::Ap12:22875073-22876073(+)",160,-23.74,"2 18","89 113",18,"77.78%","83.33%","evm.model.Ap12.2178"
"753","Cluster_595","3prime_UTR::Ap12:26484069-26485069(+)",168,-24.22,"2 21","832 854",19,"73.68%","84.21%","evm.model.Ap12.2502"
"754","Cluster_595","3prime_UTR::Ap12:27432427-27433427(+)",156,-22.9,"2 22","207 230",21,"66.67%","76.19%","evm.model.Ap12.2602"
"755","Cluster_595","3prime_UTR::Ap12:28177967-28178967(+)",159,-22.55,"2 22","832 853",20,"70.00%","80.00%","evm.model.Ap12.2670"
"756","Cluster_595","3prime_UTR::Ap12:28835925-28836925(-)",153,-24.04,"2 22","688 707",20,"70.00%","75.00%","evm.model.Ap12.2751"
"757","Cluster_595","3prime_UTR::Ap12:28948580-28949580(+)",158,-24,"2 21","405 430",22,"68.18%","81.82%","evm.model.Ap12.2757"
"758","Cluster_595","3prime_UTR::Ap12:3393070-3394070(+)",148,-21.95,"2 22","725 749",22,"63.64%","68.18%","evm.model.Ap12.362"
"759","Cluster_595","3prime_UTR::Ap12:5679401-5680401(+)",160,-21.32,"2 20","10 30",18,"77.78%","83.33%","evm.model.Ap12.526"
"760","Cluster_595","3prime_UTR::Ap12:6134772-6135772(-)",164,-26.56,"2 22","47 73",24,"66.67%","79.17%","evm.model.Ap12.553"
"761","Cluster_595","3prime_UTR::Ap12:7060605-7061605(+)",164,-22.45,"2 19","658 679",17,"82.35%","88.24%","evm.model.Ap12.623"
"762","Cluster_595","3prime_UTR::Ap12:7352028-7353028(+)",156,-20.35,"2 18","327 350",17,"76.47%","82.35%","evm.model.Ap12.658"
"763","Cluster_595","3prime_UTR::Ap12:7687637-7688637(+)",154,-21.86,"2 16","98 121",15,"80.00%","86.67%","evm.model.Ap12.681_evm.TU.Ap12.682"
"764","Cluster_595","3prime_UTR::Ap12:7850739-7851556(+)",173,-23.85,"2 22","98 120",20,"80.00%","80.00%","evm.model.Ap12.703"
"765","Cluster_595","3prime_UTR::Ap13:1143817-1144817(+)",156,-22.5,"2 19","758 783",20,"75.00%","80.00%","evm.model.Ap13.104"
"766","Cluster_595","3prime_UTR::Ap13:11708646-11709646(-)",148,-21.62,"2 22","434 459",23,"60.87%","69.57%","evm.model.Ap13.1137"
"767","Cluster_595","3prime_UTR::Ap13:12248184-12249184(-)",154,-21.78,"2 17","669 690",15,"80.00%","86.67%","evm.model.Ap13.1186"
"768","Cluster_595","3prime_UTR::Ap13:14253912-14254871(-)",152,-20.04,"2 21","35 58",21,"76.19%","76.19%","evm.model.Ap13.1344"
"769","Cluster_595","3prime_UTR::Ap13:15645106-15645590(-)",158,-21.83,"2 22","310 332",21,"76.19%","76.19%","evm.model.Ap13.1462"
"773","Cluster_595","3prime_UTR::Ap13:15706756-15707756(-)",155,-22.76,"2 22","334 361",25,"64.00%","76.00%","evm.model.Ap13.1469"
"774","Cluster_595","3prime_UTR::Ap13:15846935-15847935(-)",155,-22.76,"2 22","332 359",25,"64.00%","76.00%","evm.model.Ap13.1490"
"775","Cluster_595","3prime_UTR::Ap13:19189102-19190102(-)",151,-21.04,"2 17","766 791",18,"72.22%","77.78%","evm.model.Ap13.1798"
"776","Cluster_595","3prime_UTR::Ap13:19397258-19398258(+)",156,-23,"2 22","130 154",22,"63.64%","77.27%","evm.model.Ap13.1810"
"777","Cluster_595","3prime_UTR::Ap13:21677043-21678043(-)",156,-20.01,"2 22","23 48",23,"65.22%","73.91%","evm.model.Ap13.2013"
"778","Cluster_595","3prime_UTR::Ap13:22227405-22228405(+)",147,-22.76,"2 18","212 233",16,"68.75%","81.25%","evm.model.Ap13.2066"
"779","Cluster_595","3prime_UTR::Ap13:22985257-22986257(+)",155,-23.76,"2 22","628 655",25,"68.00%","72.00%","evm.model.Ap13.2131"
"780","Cluster_595","3prime_UTR::Ap13:24350783-24351783(-)",148,-20.65,"2 18","263 287",18,"66.67%","77.78%","evm.model.Ap13.2282"
"781","Cluster_595","3prime_UTR::Ap13:2469470-2470470(+)",147,-20.91,"2 22","411 437",24,"66.67%","66.67%","evm.model.Ap13.220"
"782","Cluster_595","3prime_UTR::Ap13:25090053-25091053(+)",156,-22.42,"2 22","678 701",21,"66.67%","76.19%","evm.model.Ap13.2349"
"783","Cluster_595","3prime_UTR::Ap13:2618079-2619079(+)",165,-27.71,"2 22","599 621",20,"75.00%","75.00%","evm.model.Ap13.235"
"784","Cluster_595","3prime_UTR::Ap13:2628544-2629544(-)",168,-23.93,"2 19","94 115",17,"88.24%","88.24%","evm.model.Ap13.236"
"785","Cluster_595","3prime_UTR::Ap13:26433943-26434943(-)",165,-23.09,"2 20","447 468",18,"83.33%","83.33%","evm.model.Ap13.2474"
"786","Cluster_595","3prime_UTR::Ap13:26593378-26594378(+)",147,-21.89,"2 19","682 702",17,"70.59%","76.47%","evm.model.Ap13.2491"
"787","Cluster_595","3prime_UTR::Ap13:27281186-27282186(+)",155,-23.07,"2 19","463 486",19,"78.95%","78.95%","evm.model.Ap13.2562"
"788","Cluster_595","3prime_UTR::Ap13:28436040-28437040(+)",152,-20.4,"2 22","693 717",22,"63.64%","72.73%","evm.model.Ap13.2676_evm.TU.Ap13.2695"
"888","Cluster_595","3prime_UTR::Ap13:29912142-29913142(+)",160,-20.6,"2 18","539 562",17,"76.47%","88.24%","evm.model.Ap13.2817"
"889","Cluster_595","3prime_UTR::Ap13:30211436-30212436(-)",147,-20.26,"2 22","886 910",22,"63.64%","72.73%","evm.model.Ap13.2849_evm.TU.Ap13.2850"
"890","Cluster_595","3prime_UTR::Ap13:30312401-30313401(+)",158,-21.86,"2 22","715 735",20,"70.00%","80.00%","evm.model.Ap13.2856"
"891","Cluster_595","3prime_UTR::Ap13:31009737-31010713(+)",163,-21.23,"2 21","857 880",20,"75.00%","80.00%","evm.model.Ap13.2935"
"892","Cluster_595","3prime_UTR::Ap13:33025385-33026385(-)",151,-22.78,"2 12","215 237",10,"90.00%","100.00%","evm.model.Ap13.3127"
"893","Cluster_595","3prime_UTR::Ap13:6302849-6303849(+)",152,-20.11,"2 22","65 88",21,"66.67%","71.43%","evm.model.Ap13.619"
"894","Cluster_595","3prime_UTR::Ap13:7689169-7690169(-)",155,-20.43,"2 18","856 877",16,"81.25%","81.25%","evm.model.Ap13.743"
"895","Cluster_595","3prime_UTR::Ap13:7722702-7723702(+)",151,-20.16,"2 22","148 169",20,"65.00%","75.00%","evm.model.Ap13.746"
"896","Cluster_595","3prime_UTR::Ap13:8074100-8075100(-)",154,-21.41,"2 21","841 866",22,"68.18%","77.27%","evm.model.Ap13.791"
"897","Cluster_595","3prime_UTR::Ap13:8076169-8077169(-)",144,-20.2,"2 22","549 573",22,"59.09%","68.18%","evm.model.Ap13.792"
"898","Cluster_595","3prime_UTR::Ap13:8302340-8303340(-)",153,-24.42,"2 22","635 657",20,"60.00%","75.00%","evm.model.Ap13.814"
"899","Cluster_595","3prime_UTR::Ap13:9774705-9775705(-)",149,-22.01,"2 19","914 940",21,"61.90%","76.19%","evm.model.Ap13.937"
"901","Cluster_595","3prime_UTR::Ap14:10907495-10908495(-)",153,-21.85,"2 20","529 553",20,"70.00%","80.00%","evm.model.Ap14.1019"
"902","Cluster_595","3prime_UTR::Ap14:11398892-11399892(+)",151,-20.36,"2 22","376 397",20,"60.00%","80.00%","evm.model.Ap14.1059"
"903","Cluster_595","3prime_UTR::Ap14:13193360-13194360(+)",153,-20.06,"2 22","496 520",23,"69.57%","78.26%","evm.model.Ap14.1235"
"904","Cluster_595","3prime_UTR::Ap14:13524912-13525912(-)",151,-23.65,"2 22","932 958",24,"62.50%","75.00%","evm.model.Ap14.1271"
"905","Cluster_595","3prime_UTR::Ap14:13810697-13811697(+)",152,-21.17,"2 22","719 745",24,"62.50%","70.83%","evm.model.Ap14.1290"
"906","Cluster_595","3prime_UTR::Ap14:1469003-1470003(-)",160,-21.39,"2 22","234 258",22,"68.18%","77.27%","evm.model.Ap14.154"
"907","Cluster_595","3prime_UTR::Ap14:14720559-14721559(-)",152,-21.02,"2 22","145 169",22,"63.64%","72.73%","evm.model.Ap14.1367"
"908","Cluster_595","3prime_UTR::Ap14:18719922-18720922(+)",148,-25.37,"2 22","20 45",23,"60.87%","69.57%","evm.model.Ap14.1709"
"909","Cluster_595","3prime_UTR::Ap14:20021336-20022336(-)",146,-20.38,"2 20","954 977",19,"63.16%","73.68%","evm.model.Ap14.1823"
"910","Cluster_595","3prime_UTR::Ap14:21956454-21957454(+)",167,-21.76,"2 21","429 452",20,"80.00%","80.00%","evm.model.Ap14.2008"
"911","Cluster_595","3prime_UTR::Ap14:4102627-4103627(-)",161,-24.83,"2 19","590 613",18,"77.78%","83.33%","evm.model.Ap14.387"
"912","Cluster_595","3prime_UTR::Ap14:4619540-4620540(+)",149,-21.3,"2 15","729 753",15,"73.33%","86.67%","evm.model.Ap14.434"
"913","Cluster_595","3prime_UTR::Ap14:5923411-5924411(+)",171,-24.9,"2 22","95 119",22,"77.27%","86.36%","evm.model.Ap14.563"
"914","Cluster_595","3prime_UTR::Ap14:8469311-8470311(+)",151,-20.15,"2 22","585 610",23,"69.57%","69.57%","evm.model.Ap14.794"
"915","Cluster_595","3prime_UTR::Ap14:9216072-9217072(+)",160,-22.85,"2 22","669 692",21,"66.67%","80.95%","evm.model.Ap14.864"
"916","Cluster_595","3prime_UTR::Ap1:10094788-10095788(+)",150,-20.98,"2 19","187 208",18,"72.22%","83.33%","evm.model.Ap1.1034"
"917","Cluster_595","3prime_UTR::Ap1:11731658-11732658(-)",146,-20.08,"2 21","185 214",26,"65.38%","65.38%","evm.model.Ap1.1174"
"918","Cluster_595","3prime_UTR::Ap1:11942034-11942979(+)",168,-25.75,"2 22","704 729",23,"69.57%","82.61%","evm.model.Ap1.1204"
"919","Cluster_595","3prime_UTR::Ap1:12037199-12038199(+)",162,-21.13,"2 21","300 321",19,"73.68%","84.21%","evm.model.Ap1.1233"
"920","Cluster_595","3prime_UTR::Ap1:14835237-14836237(-)",167,-23.71,"2 21","754 777",20,"80.00%","80.00%","evm.model.Ap1.1469"
"921","Cluster_595","3prime_UTR::Ap1:15663484-15664465(-)",159,-20.76,"2 21","395 418",20,"70.00%","80.00%","evm.model.Ap1.1537"
"923","Cluster_595","3prime_UTR::Ap1:18521451-18522451(+)",153,-24.42,"2 22","676 698",20,"60.00%","75.00%","evm.model.Ap1.1777"
"924","Cluster_595","3prime_UTR::Ap1:19658458-19659458(+)",149,-23.41,"2 21","447 473",23,"65.22%","78.26%","evm.model.Ap1.1894"
"925","Cluster_595","3prime_UTR::Ap1:19924810-19925810(+)",158,-22.04,"2 21","90 111",19,"68.42%","84.21%","evm.model.Ap1.1925"
"926","Cluster_595","3prime_UTR::Ap1:209028-210028(-)",158,-20.61,"2 21","311 339",25,"72.00%","72.00%","evm.model.Ap1.23"
"927","Cluster_595","3prime_UTR::Ap1:21232875-21233875(+)",170,-27.31,"2 19","811 833",17,"82.35%","88.24%","evm.model.Ap1.2033"
"928","Cluster_595","3prime_UTR::Ap1:21336124-21336704(+)",146,-22.56,"2 22","484 510",25,"60.00%","72.00%","evm.model.Ap1.2059"
"932","Cluster_595","3prime_UTR::Ap1:21786971-21787971(+)",161,-20.58,"2 22","812 834",20,"70.00%","75.00%","evm.model.Ap1.2091"
"933","Cluster_595","3prime_UTR::Ap1:22623150-22624150(+)",162,-23.01,"2 19","166 188",17,"76.47%","82.35%","evm.model.Ap1.2173"
"934","Cluster_595","3prime_UTR::Ap1:27229786-27230570(+)",161,-22.22,"2 22","743 765",20,"70.00%","75.00%","evm.model.Ap1.2659"
"935","Cluster_595","3prime_UTR::Ap1:27701855-27702855(+)",171,-27.04,"2 20","426 448",18,"83.33%","83.33%","evm.model.Ap1.2706"
"936","Cluster_595","3prime_UTR::Ap1:28944687-28945687(+)",154,-20.74,"2 21","447 476",26,"69.23%","69.23%","evm.model.Ap1.2827"
"937","Cluster_595","3prime_UTR::Ap1:29111925-29112569(-)",166,-26.57,"2 20","473 499",22,"77.27%","77.27%","evm.model.Ap1.2840"
"938","Cluster_595","3prime_UTR::Ap1:2939445-2940445(-)",153,-20.86,"2 18","343 365",16,"75.00%","75.00%","evm.model.Ap1.329"
"939","Cluster_595","3prime_UTR::Ap1:30140896-30141896(-)",155,-20.49,"2 22","456 482",24,"62.50%","79.17%","evm.model.Ap1.2939"
"940","Cluster_595","3prime_UTR::Ap1:30475417-30476417(-)",159,-20.13,"2 22","475 496",20,"70.00%","80.00%","evm.model.Ap1.2965"
"941","Cluster_595","3prime_UTR::Ap1:33329238-33330238(-)",166,-27.69,"2 21","328 353",22,"77.27%","81.82%","evm.model.Ap1.3259"
"942","Cluster_595","3prime_UTR::Ap1:35937188-35938188(-)",155,-21.33,"2 18","122 143",16,"75.00%","87.50%","evm.model.Ap1.3482"
"943","Cluster_595","3prime_UTR::Ap1:36259684-36260684(+)",155,-21.04,"2 21","835 858",20,"65.00%","80.00%","evm.model.Ap1.3510"
"944","Cluster_595","3prime_UTR::Ap1:36604816-36605816(-)",157,-24.87,"2 22","669 689",20,"75.00%","80.00%","evm.model.Ap1.3545"
"945","Cluster_595","3prime_UTR::Ap1:3695270-3696270(-)",162,-25.33,"2 21","317 338",19,"73.68%","84.21%","evm.model.Ap1.406"
"946","Cluster_595","3prime_UTR::Ap1:37342809-37343809(+)",161,-20.79,"2 22","270 292",20,"65.00%","80.00%","evm.model.Ap1.3604"
"947","Cluster_595","3prime_UTR::Ap1:38141688-38142688(+)",154,-23.37,"2 22","534 556",21,"71.43%","76.19%","evm.model.Ap1.3698"
"948","Cluster_595","3prime_UTR::Ap1:40306586-40307375(-)",155,-21.25,"2 22","159 184",23,"65.22%","78.26%","evm.model.Ap1.3912"
"949","Cluster_595","3prime_UTR::Ap1:40457695-40458695(-)",165,-24.12,"2 21","261 283",20,"75.00%","90.00%","evm.model.Ap1.3964"
"950","Cluster_595","3prime_UTR::Ap1:40956873-40957873(+)",169,-25.46,"2 20","863 888",21,"80.95%","85.71%","evm.model.Ap1.3993"
"951","Cluster_595","3prime_UTR::Ap1:41573736-41574736(+)",156,-21.92,"2 21","373 395",19,"68.42%","73.68%","evm.model.Ap1.4048"
"952","Cluster_595","3prime_UTR::Ap1:487574-488574(-)",162,-25.02,"2 22","314 339",24,"70.83%","79.17%","evm.model.Ap1.61"
"954","Cluster_595","3prime_UTR::Ap1:62518-63518(+)",157,-20.57,"2 22","944 966",20,"70.00%","70.00%","evm.model.Ap1.6"
"955","Cluster_595","3prime_UTR::Ap1:8391-9391(+)",148,-22.19,"2 22","837 860",21,"61.90%","71.43%","evm.model.Ap1.1"
"956","Cluster_595","3prime_UTR::Ap2:10022267-10023267(-)",155,-21.66,"2 22","766 793",25,"64.00%","76.00%","evm.model.Ap2.991"
"957","Cluster_595","3prime_UTR::Ap2:11570192-11570924(-)",146,-21.87,"2 19","103 125",17,"58.82%","76.47%","evm.model.Ap2.1131"
"961","Cluster_595","3prime_UTR::Ap2:13413830-13414830(+)",163,-20.49,"2 22","689 710",20,"75.00%","80.00%","evm.model.Ap2.1289"
"962","Cluster_595","3prime_UTR::Ap2:13600191-13601191(+)",153,-21.07,"2 19","295 321",21,"66.67%","76.19%","evm.model.Ap2.1311"
"963","Cluster_595","3prime_UTR::Ap2:15107110-15108110(+)",166,-23.19,"2 21","553 574",19,"78.95%","84.21%","evm.model.Ap2.1445"
"964","Cluster_595","3prime_UTR::Ap2:15209243-15210243(+)",160,-22.71,"2 19","685 706",17,"82.35%","82.35%","evm.model.Ap2.1453"
"968","Cluster_595","3prime_UTR::Ap2:16002668-16003668(-)",162,-21.35,"2 20","634 657",19,"78.95%","78.95%","evm.model.Ap2.1506"
"969","Cluster_595","3prime_UTR::Ap2:16784654-16785654(+)",173,-28.89,"2 22","312 334",20,"75.00%","85.00%","evm.model.Ap2.1572"
"970","Cluster_595","3prime_UTR::Ap2:16786285-16787285(-)",151,-20.48,"2 22","523 548",23,"60.87%","78.26%","evm.model.Ap2.1573"
"971","Cluster_595","3prime_UTR::Ap2:18002411-18003411(+)",154,-21.18,"2 22","332 354",21,"71.43%","76.19%","evm.model.Ap2.1670"
"972","Cluster_595","3prime_UTR::Ap2:20662875-20663875(-)",151,-21.66,"2 19","591 614",19,"73.68%","78.95%","evm.model.Ap2.1924"
"973","Cluster_595","3prime_UTR::Ap2:22021413-22022413(-)",169,-20.57,"2 22","979 1000",20,"70.00%","85.00%","evm.model.Ap2.2041"
"974","Cluster_595","3prime_UTR::Ap2:22244515-22245515(-)",168,-25.43,"2 22","125 148",21,"76.19%","80.95%","evm.model.Ap2.2061"
"975","Cluster_595","3prime_UTR::Ap2:22328695-22329303(+)",156,-20.35,"2 18","424 447",17,"76.47%","82.35%","evm.model.Ap2.2072"
"979","Cluster_595","3prime_UTR::Ap2:25345401-25346401(+)",162,-22.82,"2 21","864 888",21,"76.19%","80.95%","evm.model.Ap2.2396"
"980","Cluster_595","3prime_UTR::Ap2:28331404-28332404(+)",171,-24.72,"2 20","346 368",18,"77.78%","88.89%","evm.model.Ap2.2720"
"981","Cluster_595","3prime_UTR::Ap2:29066747-29067747(-)",174,-26.73,"2 22","595 615",20,"80.00%","90.00%","evm.model.Ap2.2836"
"982","Cluster_595","3prime_UTR::Ap2:291363-292363(+)",157,-21.3,"2 22","225 247",20,"65.00%","75.00%","evm.model.Ap2.25"
"983","Cluster_595","3prime_UTR::Ap2:29569348-29570348(-)",156,-20.35,"2 18","165 188",17,"76.47%","82.35%","evm.model.Ap2.2904"
"984","Cluster_595","3prime_UTR::Ap2:31413980-31414980(+)",155,-26.32,"2 22","12 33",20,"65.00%","80.00%","evm.model.Ap2.3088"
"985","Cluster_595","3prime_UTR::Ap2:31751108-31752108(-)",157,-21.2,"2 22","689 711",20,"70.00%","70.00%","evm.model.Ap2.3122"
"986","Cluster_595","3prime_UTR::Ap2:32157082-32158082(-)",162,-21.96,"2 22","755 778",22,"72.73%","81.82%","evm.model.Ap2.3167"
"987","Cluster_595","3prime_UTR::Ap2:34335628-34336628(-)",151,-21.56,"2 21","317 341",21,"61.90%","76.19%","evm.model.Ap2.3379"
"988","Cluster_595","3prime_UTR::Ap2:35196496-35197496(+)",156,-25.57,"2 22","21 46",23,"65.22%","73.91%","evm.model.Ap2.3449"
"989","Cluster_595","3prime_UTR::Ap2:39249743-39250743(-)",158,-21.87,"2 21","613 634",19,"68.42%","84.21%","evm.model.Ap2.3821"
"990","Cluster_595","3prime_UTR::Ap2:393034-394034(-)",153,-20.51,"2 21","47 67",19,"63.16%","84.21%","evm.model.Ap2.38"
"991","Cluster_595","3prime_UTR::Ap2:40325973-40326973(+)",153,-21.23,"2 22","312 334",20,"60.00%","75.00%","evm.model.Ap2.3909"
"992","Cluster_595","3prime_UTR::Ap2:4033630-4034461(-)",166,-24.81,"2 22","777 800",22,"77.27%","81.82%","evm.model.Ap2.415_evm.TU.Ap2.424"
"996","Cluster_595","3prime_UTR::Ap2:40790593-40791593(-)",143,-20.37,"2 22","263 289",24,"58.33%","70.83%","evm.model.Ap2.3948"
"997","Cluster_595","3prime_UTR::Ap2:42064910-42065910(+)",150,-23.78,"2 22","232 260",26,"61.54%","76.92%","evm.model.Ap2.4080"
"998","Cluster_595","3prime_UTR::Ap2:4293137-4294137(-)",158,-24.56,"2 22","848 868",20,"70.00%","80.00%","evm.model.Ap2.444"
"999","Cluster_595","3prime_UTR::Ap2:8300385-8301385(+)",149,-20.05,"2 22","651 671",20,"70.00%","75.00%","evm.model.Ap2.806"
"1000","Cluster_595","3prime_UTR::Ap2:8729591-8730591(+)",154,-21.49,"2 17","867 888",15,"80.00%","86.67%","evm.model.Ap2.849"
"1001","Cluster_595","3prime_UTR::Ap3:1083195-1084195(+)",154,-21.49,"2 17","923 944",15,"80.00%","86.67%","evm.model.Ap3.113"
"1002","Cluster_595","3prime_UTR::Ap3:11280752-11281752(+)",158,-20.23,"2 22","945 968",22,"72.73%","77.27%","evm.model.Ap3.1024"
"1003","Cluster_595","3prime_UTR::Ap3:15381525-15382525(+)",152,-20.23,"2 21","33 53",19,"73.68%","78.95%","evm.model.Ap3.1345"
"1004","Cluster_595","3prime_UTR::Ap3:15486181-15487181(+)",158,-20.94,"2 22","24 44",20,"70.00%","80.00%","evm.model.Ap3.1353"
"1005","Cluster_595","3prime_UTR::Ap3:17592277-17593277(+)",168,-23.27,"2 21","264 286",19,"73.68%","84.21%","evm.model.Ap3.1561"
"1006","Cluster_595","3prime_UTR::Ap3:17605436-17606300(+)",168,-23.27,"2 21","281 303",19,"73.68%","84.21%","evm.model.Ap3.1563"
"1010","Cluster_595","3prime_UTR::Ap3:18610303-18611303(-)",163,-23.41,"2 22","343 369",24,"75.00%","75.00%","evm.model.Ap3.1690"
"1011","Cluster_595","3prime_UTR::Ap3:20437958-20438958(+)",169,-24.31,"2 19","771 794",18,"83.33%","88.89%","evm.model.Ap3.1883"
"1012","Cluster_595","3prime_UTR::Ap3:21354667-21355667(+)",161,-20.28,"2 22","556 578",20,"65.00%","80.00%","evm.model.Ap3.1972"
"1013","Cluster_595","3prime_UTR::Ap3:22166382-22167382(+)",150,-23.11,"2 22","843 865",21,"66.67%","76.19%","evm.model.Ap3.2039"
"1014","Cluster_595","3prime_UTR::Ap3:24235528-24236528(+)",162,-23.93,"2 22","453 478",24,"75.00%","75.00%","evm.model.Ap3.2221"
"1015","Cluster_595","3prime_UTR::Ap3:24623366-24624366(+)",157,-21.7,"2 20","239 260",18,"72.22%","83.33%","evm.model.Ap3.2259"
"1016","Cluster_595","3prime_UTR::Ap3:26039798-26040798(+)",159,-22.38,"2 22","10 31",20,"70.00%","80.00%","evm.model.Ap3.2394"
"1017","Cluster_595","3prime_UTR::Ap3:3196239-3197239(-)",158,-20.12,"2 22","899 921",21,"76.19%","76.19%","evm.model.Ap3.319"
"1019","Cluster_595","3prime_UTR::Ap3:4418149-4419149(-)",155,-20.62,"2 22","58 83",23,"65.22%","78.26%","evm.model.Ap3.443"
"1020","Cluster_595","3prime_UTR::Ap3:5787095-5788095(+)",160,-20.2,"2 22","222 246",22,"68.18%","77.27%","evm.model.Ap3.564"
"1021","Cluster_595","3prime_UTR::Ap3:6347827-6348827(+)",158,-22.64,"2 19","17 39",17,"64.71%","88.24%","evm.model.Ap3.604"
"1022","Cluster_595","3prime_UTR::Ap3:6711815-6712815(-)",156,-22.23,"2 21","765 787",19,"63.16%","78.95%","evm.model.Ap3.637"
"1024","Cluster_595","3prime_UTR::Ap3:7553702-7554394(-)",149,-24.93,"2 22","76 103",25,"68.00%","76.00%","evm.model.Ap3.710"
"1025","Cluster_595","3prime_UTR::Ap4:11782174-11783174(+)",151,-20.38,"2 12","590 612",10,"90.00%","100.00%","evm.model.Ap4.1135"
"1026","Cluster_595","3prime_UTR::Ap4:1263566-1264566(+)",147,-22.96,"2 19","555 581",21,"66.67%","80.95%","evm.model.Ap4.121"
"1035","Cluster_595","3prime_UTR::Ap4:13240899-13241705(+)",152,-20.54,"2 22","441 467",24,"62.50%","70.83%","evm.model.Ap4.1285"
"1036","Cluster_595","3prime_UTR::Ap4:14690334-14691334(+)",170,-24.53,"2 21","470 491",19,"78.95%","89.47%","evm.model.Ap4.1399"
"1037","Cluster_595","3prime_UTR::Ap4:1469530-1470530(-)",155,-21.13,"2 22","356 377",20,"60.00%","85.00%","evm.model.Ap4.146"
"1038","Cluster_595","3prime_UTR::Ap4:14764766-14765766(+)",163,-24.04,"2 19","33 55",18,"83.33%","88.89%","evm.model.Ap4.1406"
"1039","Cluster_595","3prime_UTR::Ap4:16330244-16331244(-)",153,-20.61,"2 22","952 973",21,"71.43%","76.19%","evm.model.Ap4.1568"
"1040","Cluster_595","3prime_UTR::Ap4:16992627-16993627(-)",151,-21.54,"2 19","796 818",18,"77.78%","77.78%","evm.model.Ap4.1686"
"1041","Cluster_595","3prime_UTR::Ap4:18600960-18601960(+)",158,-22.93,"2 21","800 826",23,"73.91%","73.91%","evm.model.Ap4.1831"
"1042","Cluster_595","3prime_UTR::Ap4:19008342-19009342(+)",154,-20.91,"2 21","387 411",21,"71.43%","76.19%","evm.model.Ap4.1901"
"1043","Cluster_595","3prime_UTR::Ap4:19465985-19466985(-)",158,-20.56,"2 22","637 657",20,"75.00%","75.00%","evm.model.Ap4.2026"
"1044","Cluster_595","3prime_UTR::Ap4:19853939-19854939(+)",147,-20.66,"2 17","1 17",16,"68.75%","81.25%","evm.model.Ap4.2118"
"1045","Cluster_595","3prime_UTR::Ap4:20052296-20052765(-)",165,-20.26,"2 22","445 467",20,"65.00%","85.00%","evm.model.Ap4.2154"
"1046","Cluster_595","3prime_UTR::Ap4:20290056-20291056(-)",155,-23.04,"2 16","199 221",14,"78.57%","85.71%","evm.model.Ap4.2195"
"1047","Cluster_595","3prime_UTR::Ap4:20559182-20559942(+)",162,-23.78,"2 19","459 481",17,"76.47%","82.35%","evm.model.Ap4.2243"
"1048","Cluster_595","3prime_UTR::Ap4:20684711-20685711(-)",149,-20.73,"2 19","278 302",19,"63.16%","78.95%","evm.model.Ap4.2260"
"1049","Cluster_595","3prime_UTR::Ap4:21525115-21526115(+)",158,-22.87,"2 22","636 659",22,"72.73%","77.27%","evm.model.Ap4.2455"
"1050","Cluster_595","3prime_UTR::Ap4:21797904-21798904(+)",161,-22.67,"2 19","62 86",19,"78.95%","78.95%","evm.model.Ap4.2500"
"1051","Cluster_595","3prime_UTR::Ap4:22784326-22785326(+)",169,-23.45,"2 22","192 214",20,"75.00%","80.00%","evm.model.Ap4.2690"
"1052","Cluster_595","3prime_UTR::Ap4:24522334-24523334(-)",157,-21.59,"2 20","104 125",18,"72.22%","83.33%","evm.model.Ap4.3039"
"1053","Cluster_595","3prime_UTR::Ap4:24843172-24844172(+)",156,-20.35,"2 18","165 188",17,"76.47%","82.35%","evm.model.Ap4.3085"
"1054","Cluster_595","3prime_UTR::Ap4:25011704-25012704(-)",144,-22.66,"2 22","212 236",22,"59.09%","68.18%","evm.model.Ap4.3126"
"1055","Cluster_595","3prime_UTR::Ap4:25387004-25387129(-)",155,-24.31,"2 21","34 57",20,"70.00%","75.00%","evm.model.Ap4.3201"
"1059","Cluster_595","3prime_UTR::Ap4:25920160-25921160(+)",154,-20.91,"2 21","193 217",21,"71.43%","76.19%","evm.model.Ap4.3322"
"1060","Cluster_595","3prime_UTR::Ap4:25996682-25997682(-)",149,-24,"2 19","100 123",18,"55.56%","88.89%","evm.model.Ap4.3337"
"1061","Cluster_595","3prime_UTR::Ap4:26198988-26199988(-)",152,-20.71,"2 13","127 149",11,"81.82%","100.00%","evm.model.Ap4.3382"
"1062","Cluster_595","3prime_UTR::Ap4:26301389-26302333(-)",152,-20.71,"2 13","127 149",11,"81.82%","100.00%","evm.model.Ap4.3399"
"1066","Cluster_595","3prime_UTR::Ap4:26896922-26897922(-)",158,-20.8,"2 22","504 531",25,"68.00%","80.00%","evm.model.Ap4.3502"
"1067","Cluster_595","3prime_UTR::Ap4:27454804-27455290(-)",146,-21.38,"2 21","378 403",22,"68.18%","68.18%","evm.model.Ap4.3613"
"1068","Cluster_595","3prime_UTR::Ap4:27627822-27628822(+)",146,-21.38,"2 21","219 244",22,"68.18%","68.18%","evm.model.Ap4.3646"
"1069","Cluster_595","3prime_UTR::Ap4:28321164-28321961(-)",164,-23.61,"2 22","401 425",22,"68.18%","81.82%","evm.model.Ap4.3786"
"1073","Cluster_595","3prime_UTR::Ap4:28333944-28334944(+)",153,-20.45,"2 21","448 468",19,"63.16%","84.21%","evm.model.Ap4.3791"
"1074","Cluster_595","3prime_UTR::Ap4:28520608-28521608(+)",147,-21.21,"2 22","571 597",24,"66.67%","66.67%","evm.model.Ap4.3837"
"1075","Cluster_595","3prime_UTR::Ap4:29375358-29376358(-)",154,-21.85,"2 21","406 427",19,"68.42%","78.95%","evm.model.Ap4.4020"
"1076","Cluster_595","3prime_UTR::Ap4:29498861-29499861(+)",177,-25.47,"2 22","639 661",20,"80.00%","85.00%","evm.model.Ap4.4044"
"1077","Cluster_595","3prime_UTR::Ap4:2978554-2979554(-)",154,-21.09,"2 21","556 581",22,"63.64%","81.82%","evm.model.Ap4.311"
"1078","Cluster_595","3prime_UTR::Ap4:30479824-30480824(+)",170,-20.61,"2 19","25 47",17,"82.35%","88.24%","evm.model.Ap4.4244"
"1079","Cluster_595","3prime_UTR::Ap4:30599522-30600522(-)",155,-22.61,"2 22","700 721",20,"65.00%","80.00%","evm.model.Ap4.4269"
"1080","Cluster_595","3prime_UTR::Ap4:30699956-30700441(+)",165,-24.23,"2 20","54 80",22,"77.27%","81.82%","evm.model.Ap4.4284"
"1081","Cluster_595","3prime_UTR::Ap4:30893474-30894474(-)",155,-25.91,"2 18","313 337",18,"77.78%","83.33%","evm.model.Ap4.4308"
"1082","Cluster_595","3prime_UTR::Ap4:31001477-31002477(+)",145,-20.19,"2 10","482 504",8,"100.00%","100.00%","evm.model.Ap4.4329"
"1083","Cluster_595","3prime_UTR::Ap4:31353826-31354826(-)",165,-23.97,"2 20","805 830",21,"80.95%","80.95%","evm.model.Ap4.4393"
"1084","Cluster_595","3prime_UTR::Ap4:31989252-31990252(-)",155,-22.78,"2 22","700 721",20,"70.00%","75.00%","evm.model.Ap4.4529"
"1085","Cluster_595","3prime_UTR::Ap4:33493055-33494055(+)",160,-21.8,"2 18","945 968",17,"82.35%","82.35%","evm.model.Ap4.4773"
"1086","Cluster_595","3prime_UTR::Ap4:34473298-34474298(-)",164,-25.39,"2 22","857 880",21,"66.67%","85.71%","evm.model.Ap4.4956"
"1087","Cluster_595","3prime_UTR::Ap4:34718340-34718601(+)",156,-23.6,"2 22","202 225",21,"61.90%","80.95%","evm.model.Ap4.4985"
"1091","Cluster_595","3prime_UTR::Ap4:40825850-40826850(+)",156,-21.6,"2 22","762 785",21,"61.90%","80.95%","evm.model.Ap4.5610"
"1092","Cluster_595","3prime_UTR::Ap4:41491251-41492251(-)",155,-23.33,"2 22","667 688",20,"70.00%","75.00%","evm.model.Ap4.5672"
"1093","Cluster_595","3prime_UTR::Ap4:42725930-42726930(+)",177,-26.46,"2 22","668 690",20,"75.00%","90.00%","evm.model.Ap4.5792"
"1094","Cluster_595","3prime_UTR::Ap4:44756423-44757336(-)",161,-22.49,"2 22","669 692",22,"72.73%","86.36%","evm.model.Ap4.6017"
"1098","Cluster_595","3prime_UTR::Ap4:45140988-45141192(+)",162,-22.81,"2 22","174 196",21,"76.19%","80.95%","evm.model.Ap4.6080"
"1103","Cluster_595","3prime_UTR::Ap4:49838137-49839137(-)",156,-20.35,"2 18","678 701",17,"76.47%","82.35%","evm.model.Ap4.6522"
"1104","Cluster_595","3prime_UTR::Ap4:51987302-51988302(+)",162,-28,"2 22","861 881",20,"75.00%","80.00%","evm.model.Ap4.6760"
"1105","Cluster_595","3prime_UTR::Ap4:54563172-54564172(+)",143,-21.13,"2 22","23 49",24,"58.33%","70.83%","evm.model.Ap4.6980"
"1106","Cluster_595","3prime_UTR::Ap4:56939899-56940899(-)",173,-23.85,"2 22","681 703",20,"80.00%","80.00%","evm.model.Ap4.7213"
"1107","Cluster_595","3prime_UTR::Ap4:7711854-7712854(-)",144,-20.86,"2 14","350 373",13,"76.92%","84.62%","evm.model.Ap4.733"
"1108","Cluster_595","3prime_UTR::Ap4:7931173-7932173(+)",143,-23.06,"2 21","141 164",20,"60.00%","70.00%","evm.model.Ap4.748"
"1109","Cluster_595","3prime_UTR::Ap4:8006130-8007130(-)",152,-21.71,"2 22","829 856",25,"64.00%","68.00%","evm.model.Ap4.756"
"1110","Cluster_595","3prime_UTR::Ap4:9776313-9777313(+)",168,-26.25,"2 22","729 752",21,"76.19%","80.95%","evm.model.Ap4.931"
"1111","Cluster_595","3prime_UTR::Ap5:10863562-10863708(-)",159,-20.42,"2 19","14 36",18,"83.33%","83.33%","evm.model.Ap5.1031"
"1112","Cluster_595","3prime_UTR::Ap5:11757863-11758863(-)",161,-25.13,"2 20","387 412",21,"71.43%","85.71%","evm.model.Ap5.1122"
"1113","Cluster_595","3prime_UTR::Ap5:12375916-12376916(-)",148,-20.56,"2 22","657 680",21,"61.90%","71.43%","evm.model.Ap5.1153"
"1114","Cluster_595","3prime_UTR::Ap5:14998438-14999438(-)",158,-20.9,"2 21","617 641",21,"76.19%","76.19%","evm.model.Ap5.1374"
"1115","Cluster_595","3prime_UTR::Ap5:15336445-15337445(+)",144,-20.19,"2 14","351 376",15,"73.33%","80.00%","evm.model.Ap5.1425"
"1116","Cluster_595","3prime_UTR::Ap5:16274267-16275267(+)",156,-22,"2 13","222 244",11,"90.91%","100.00%","evm.model.Ap5.1531"
"1117","Cluster_595","3prime_UTR::Ap5:16595820-16596820(+)",169,-20.83,"2 22","928 950",20,"70.00%","85.00%","evm.model.Ap5.1565"
"1118","Cluster_595","3prime_UTR::Ap5:16629303-16630303(-)",169,-20.83,"2 22","667 689",20,"70.00%","85.00%","evm.model.Ap5.1569"
"1119","Cluster_595","3prime_UTR::Ap5:16647809-16648809(-)",169,-20.83,"2 22","671 693",20,"70.00%","85.00%","evm.model.Ap5.1571"
"1120","Cluster_595","3prime_UTR::Ap5:19796024-19797024(-)",157,-21.9,"2 20","95 120",21,"76.19%","76.19%","evm.model.Ap5.1855"
"1121","Cluster_595","3prime_UTR::Ap5:2016685-2017685(+)",167,-22.08,"2 22","299 320",20,"75.00%","85.00%","evm.model.Ap5.173"
"1122","Cluster_595","3prime_UTR::Ap5:21367155-21368155(-)",163,-25.33,"2 22","77 98",20,"70.00%","85.00%","evm.model.Ap5.2017"
"1123","Cluster_595","3prime_UTR::Ap5:24576308-24577308(+)",144,-20.45,"2 20","124 149",22,"63.64%","72.73%","evm.model.Ap5.2353"
"1124","Cluster_595","3prime_UTR::Ap5:2495976-2496976(+)",142,-20.51,"2 11","234 256",9,"88.89%","88.89%","evm.model.Ap5.231"
"1125","Cluster_595","3prime_UTR::Ap5:25244350-25245350(+)",154,-24.56,"2 22","52 75",22,"68.18%","77.27%","evm.model.Ap5.2421"
"1126","Cluster_595","3prime_UTR::Ap5:29307940-29308452(-)",162,-20.01,"2 15","393 415",13,"92.31%","92.31%","evm.model.Ap5.2881"
"1131","Cluster_595","3prime_UTR::Ap5:29921120-29922120(-)",156,-24.03,"2 22","423 446",21,"61.90%","80.95%","evm.model.Ap5.2938"
"1132","Cluster_595","3prime_UTR::Ap5:3570713-3571713(-)",147,-21.27,"2 20","132 154",18,"66.67%","66.67%","evm.model.Ap5.337"
"1133","Cluster_595","3prime_UTR::Ap5:4177117-4178117(+)",157,-20.27,"2 21","426 450",22,"72.73%","77.27%","evm.model.Ap5.381"
"1134","Cluster_595","3prime_UTR::Ap5:5084754-5085754(+)",146,-21.87,"2 19","440 462",17,"58.82%","76.47%","evm.model.Ap5.467"
"1184","Cluster_595","3prime_UTR::Ap5:6497302-6498302(+)",161,-24.92,"2 22","757 777",20,"80.00%","80.00%","evm.model.Ap5.611"
"1185","Cluster_595","3prime_UTR::Ap5:7844125-7845125(-)",152,-23.67,"2 19","651 672",17,"64.71%","88.24%","evm.model.Ap5.763"
"1186","Cluster_595","3prime_UTR::Ap5:7844125-7845125(-)",165,-21.71,"2 18","683 705",16,"81.25%","87.50%","evm.model.Ap5.763"
"1187","Cluster_595","3prime_UTR::Ap5:8985349-8986349(+)",147,-20.12,"2 22","395 419",22,"59.09%","77.27%","evm.model.Ap5.861"
"1188","Cluster_595","3prime_UTR::Ap6:10877647-10878647(-)",165,-22.75,"2 22","281 303",20,"70.00%","80.00%","evm.model.Ap6.1127"
"1189","Cluster_595","3prime_UTR::Ap6:12416416-12417416(+)",155,-20.13,"2 22","138 159",20,"65.00%","80.00%","evm.model.Ap6.1264"
"1190","Cluster_595","3prime_UTR::Ap6:1330571-1331571(-)",165,-24.08,"2 22","798 820",20,"70.00%","80.00%","evm.model.Ap6.152"
"1191","Cluster_595","3prime_UTR::Ap6:1486017-1487017(-)",163,-20.5,"2 22","603 624",20,"70.00%","85.00%","evm.model.Ap6.169"
"1192","Cluster_595","3prime_UTR::Ap6:15449222-15450222(-)",162,-24.48,"2 19","553 573",17,"88.24%","88.24%","evm.model.Ap6.1570"
"1193","Cluster_595","3prime_UTR::Ap6:17318251-17319251(+)",146,-22.12,"2 21","972 996",21,"66.67%","71.43%","evm.model.Ap6.1728"
"1194","Cluster_595","3prime_UTR::Ap6:17396010-17397010(+)",148,-20.15,"2 22","223 246",21,"57.14%","76.19%","evm.model.Ap6.1739"
"1195","Cluster_595","3prime_UTR::Ap6:18173885-18174885(-)",149,-22.66,"2 21","421 447",23,"69.57%","73.91%","evm.model.Ap6.1806"
"1196","Cluster_595","3prime_UTR::Ap6:18979469-18980469(+)",159,-20.3,"2 22","966 987",20,"70.00%","80.00%","evm.model.Ap6.1902"
"1197","Cluster_595","3prime_UTR::Ap6:20324691-20325691(+)",166,-31.23,"2 22","670 693",22,"77.27%","81.82%","evm.model.Ap6.2052"
"1198","Cluster_595","3prime_UTR::Ap6:22831628-22832628(-)",172,-23.61,"2 22","9 32",21,"76.19%","85.71%","evm.model.Ap6.2335"
"1199","Cluster_595","3prime_UTR::Ap6:22895218-22896218(+)",148,-24.1,"2 22","577 601",22,"54.55%","77.27%","evm.model.Ap6.2340"
"1200","Cluster_595","3prime_UTR::Ap6:23458868-23459868(+)",167,-26.65,"2 22","251 276",23,"73.91%","82.61%","evm.model.Ap6.2378"
"1201","Cluster_595","3prime_UTR::Ap6:26710815-26711815(-)",154,-21.49,"2 17","698 719",15,"80.00%","86.67%","evm.model.Ap6.2666"
"1202","Cluster_595","3prime_UTR::Ap6:27136512-27137512(+)",163,-20.71,"2 22","112 138",24,"70.83%","79.17%","evm.model.Ap6.2702"
"1203","Cluster_595","3prime_UTR::Ap6:27510295-27511295(-)",146,-20.17,"2 11","22 44",9,"88.89%","100.00%","evm.model.Ap6.2735"
"1204","Cluster_595","3prime_UTR::Ap6:2857328-2858328(-)",160,-23.48,"2 18","251 275",18,"77.78%","83.33%","evm.model.Ap6.321"
"1205","Cluster_595","3prime_UTR::Ap6:320372-321372(+)",160,-23.85,"2 22","407 430",21,"66.67%","80.95%","evm.model.Ap6.39"
"1206","Cluster_595","3prime_UTR::Ap6:33214774-33215774(+)",160,-23.4,"2 22","741 766",23,"69.57%","73.91%","evm.model.Ap6.3206"
"1207","Cluster_595","3prime_UTR::Ap6:33580987-33581987(-)",149,-20.75,"2 19","547 572",20,"65.00%","75.00%","evm.model.Ap6.3244"
"1208","Cluster_595","3prime_UTR::Ap6:366517-367514(-)",150,-22.09,"2 22","680 704",23,"65.22%","73.91%","evm.model.Ap6.49"
"1212","Cluster_595","3prime_UTR::Ap6:4005027-4006027(+)",152,-20.54,"2 21","102 122",19,"73.68%","78.95%","evm.model.Ap6.445"
"1213","Cluster_595","3prime_UTR::Ap6:5299997-5300997(-)",156,-22.35,"2 21","210 235",23,"73.91%","78.26%","evm.model.Ap6.555"
"1214","Cluster_595","3prime_UTR::Ap6:6512551-6513551(-)",163,-24.66,"2 22","106 127",20,"70.00%","85.00%","evm.model.Ap6.658"
"1215","Cluster_595","3prime_UTR::Ap6:6512551-6513551(-)",163,-24.66,"2 22","268 289",20,"70.00%","85.00%","evm.model.Ap6.658"
"1216","Cluster_595","3prime_UTR::Ap6:8574519-8575519(-)",161,-25.4,"2 22","155 175",20,"75.00%","85.00%","evm.model.Ap6.896"
"1217","Cluster_595","3prime_UTR::Ap6:8954503-8955503(-)",154,-21.49,"2 17","742 763",15,"80.00%","86.67%","evm.model.Ap6.938"
"1218","Cluster_595","3prime_UTR::Ap6:9406674-9407674(-)",173,-23.85,"2 22","435 457",20,"80.00%","80.00%","evm.model.Ap6.989"
"1219","Cluster_595","3prime_UTR::Ap6:9802394-9803394(+)",152,-21.36,"2 22","298 322",22,"68.18%","68.18%","evm.model.Ap6.1026"
"1220","Cluster_595","3prime_UTR::Ap7:11077968-11078968(-)",149,-20.51,"2 19","844 869",20,"60.00%","80.00%","evm.model.Ap7.999"
"1221","Cluster_595","3prime_UTR::Ap7:11465025-11466025(+)",151,-20.46,"2 22","162 186",22,"68.18%","72.73%","evm.model.Ap7.1039"
"1222","Cluster_595","3prime_UTR::Ap7:12722636-12723636(-)",154,-21.74,"2 15","544 566",13,"76.92%","92.31%","evm.model.Ap7.1152"
"1223","Cluster_595","3prime_UTR::Ap7:13114366-13115366(-)",154,-21.49,"2 17","449 470",15,"80.00%","86.67%","evm.model.Ap7.1189"
"1224","Cluster_595","3prime_UTR::Ap7:13558786-13559786(-)",162,-21.2,"2 22","436 456",20,"75.00%","80.00%","evm.model.Ap7.1244"
"1225","Cluster_595","3prime_UTR::Ap7:13850882-13851882(-)",169,-20.53,"2 22","368 390",20,"70.00%","85.00%","evm.model.Ap7.1276"
"1226","Cluster_595","3prime_UTR::Ap7:14447719-14448719(-)",163,-23.76,"2 22","18 39",20,"75.00%","80.00%","evm.model.Ap7.1323"
"1230","Cluster_595","3prime_UTR::Ap7:14635082-14636082(+)",159,-20.42,"2 19","616 638",18,"83.33%","83.33%","evm.model.Ap7.1343"
"1231","Cluster_595","3prime_UTR::Ap7:16077491-16078491(-)",160,-23.31,"2 19","813 834",17,"76.47%","88.24%","evm.model.Ap7.1511"
"1232","Cluster_595","3prime_UTR::Ap7:17823273-17824273(-)",148,-22.19,"2 22","832 855",21,"61.90%","71.43%","evm.model.Ap7.1646"
"1233","Cluster_595","3prime_UTR::Ap7:18484028-18485028(+)",161,-25.13,"2 20","934 959",21,"71.43%","85.71%","evm.model.Ap7.1728"
"1234","Cluster_595","3prime_UTR::Ap7:18741943-18742943(-)",161,-24.65,"2 22","735 757",20,"70.00%","75.00%","evm.model.Ap7.1744"
"1235","Cluster_595","3prime_UTR::Ap7:19414007-19415007(-)",162,-28.31,"2 16","589 612",15,"86.67%","93.33%","evm.model.Ap7.1804"
"1251","Cluster_595","3prime_UTR::Ap7:22260215-22261215(+)",147,-22.99,"2 22","619 643",22,"54.55%","81.82%","evm.model.Ap7.2107"
"1252","Cluster_595","3prime_UTR::Ap7:23603839-23604839(+)",162,-23.17,"2 15","280 302",13,"84.62%","100.00%","evm.model.Ap7.2244"
"1253","Cluster_595","3prime_UTR::Ap7:26431528-26432528(-)",152,-21.52,"2 22","114 139",23,"65.22%","69.57%","evm.model.Ap7.2511"
"1254","Cluster_595","3prime_UTR::Ap7:27969588-27970588(+)",156,-20.35,"2 18","165 188",17,"76.47%","82.35%","evm.model.Ap7.2654"
"1255","Cluster_595","3prime_UTR::Ap7:2907399-2908399(-)",160,-20.6,"2 18","690 713",17,"76.47%","88.24%","evm.model.Ap7.225"
"1256","Cluster_595","3prime_UTR::Ap7:29452127-29453127(-)",149,-20.73,"2 19","717 741",19,"68.42%","73.68%","evm.model.Ap7.2793"
"1257","Cluster_595","3prime_UTR::Ap7:30423512-30424512(+)",148,-20.32,"2 22","416 441",23,"60.87%","69.57%","evm.model.Ap7.2879"
"1258","Cluster_595","3prime_UTR::Ap7:3172427-3173427(+)",172,-26.08,"2 21","417 439",19,"73.68%","89.47%","evm.model.Ap7.244"
"1259","Cluster_595","3prime_UTR::Ap7:3692407-3693407(-)",154,-24,"2 21","971 996",22,"63.64%","81.82%","evm.model.Ap7.301"
"1260","Cluster_595","3prime_UTR::Ap7:6093992-6094992(+)",149,-21.21,"2 22","66 85",20,"65.00%","75.00%","evm.model.Ap7.499"
"1261","Cluster_595","3prime_UTR::Ap7:62493-63493(-)",163,-23.57,"2 20","817 839",18,"72.22%","83.33%","evm.model.Ap7.6"
"1262","Cluster_595","3prime_UTR::Ap7:833713-834713(-)",151,-23.12,"2 22","118 139",20,"65.00%","75.00%","evm.model.Ap7.89"
"1263","Cluster_595","3prime_UTR::Ap7:9406108-9407108(+)",164,-24.24,"2 22","12 35",21,"71.43%","80.95%","evm.model.Ap7.848"
"1264","Cluster_595","3prime_UTR::Ap8:10222092-10223092(-)",161,-22.96,"2 22","642 662",20,"80.00%","80.00%","evm.model.Ap8.935"
"1266","Cluster_595","3prime_UTR::Ap8:1274084-1275084(+)",152,-20.07,"2 14","845 868",13,"84.62%","92.31%","evm.model.Ap8.135"
"1267","Cluster_595","3prime_UTR::Ap8:13949425-13950425(-)",162,-21.67,"2 21","882 903",19,"73.68%","84.21%","evm.model.Ap8.1253"
"1268","Cluster_595","3prime_UTR::Ap8:14579152-14580152(-)",156,-20.55,"2 22","340 359",20,"75.00%","80.00%","evm.model.Ap8.1307"
"1269","Cluster_595","3prime_UTR::Ap8:14750756-14751756(-)",149,-20.19,"2 22","452 471",20,"65.00%","75.00%","evm.model.Ap8.1317"
"1270","Cluster_595","3prime_UTR::Ap8:14830390-14831390(-)",148,-20.73,"2 20","868 888",18,"66.67%","77.78%","evm.model.Ap8.1326"
"1271","Cluster_595","3prime_UTR::Ap8:16117208-16118208(-)",146,-23.44,"2 11","526 548",9,"88.89%","100.00%","evm.model.Ap8.1438"
"1272","Cluster_595","3prime_UTR::Ap8:16262754-16263238(+)",181,-27.08,"2 22","41 63",20,"80.00%","90.00%","evm.model.Ap8.1449"
"1276","Cluster_595","3prime_UTR::Ap8:16533071-16534071(+)",160,-22.07,"2 20","806 829",20,"75.00%","85.00%","evm.model.Ap8.1466"
"1277","Cluster_595","3prime_UTR::Ap8:19515457-19516457(-)",148,-22.47,"2 22","232 255",21,"61.90%","71.43%","evm.model.Ap8.1756"
"1278","Cluster_595","3prime_UTR::Ap8:21418263-21419263(-)",160,-20.98,"2 19","259 280",17,"82.35%","82.35%","evm.model.Ap8.1940"
"1279","Cluster_595","3prime_UTR::Ap8:22049411-22050411(-)",167,-21.89,"2 22","335 356",20,"80.00%","80.00%","evm.model.Ap8.1986"
"1280","Cluster_595","3prime_UTR::Ap8:22375391-22376251(+)",160,-21.34,"2 22","673 697",22,"72.73%","72.73%","evm.model.Ap8.2027"
"1284","Cluster_595","3prime_UTR::Ap8:26152203-26153203(-)",168,-28.68,"2 21","629 651",19,"78.95%","78.95%","evm.model.Ap8.2400"
"1285","Cluster_595","3prime_UTR::Ap8:28865755-28866755(-)",156,-20.35,"2 18","212 235",17,"76.47%","82.35%","evm.model.Ap8.2633"
"1286","Cluster_595","3prime_UTR::Ap8:29279422-29280422(+)",158,-21.42,"2 22","631 651",20,"70.00%","80.00%","evm.model.Ap8.2678"
"1290","Cluster_595","3prime_UTR::Ap8:29900337-29901337(+)",151,-21.17,"2 22","933 951",20,"70.00%","80.00%","evm.model.Ap8.2766"
"1291","Cluster_595","3prime_UTR::Ap8:30465004-30466004(+)",160,-21.93,"2 22","55 78",21,"66.67%","80.95%","evm.model.Ap8.2837"
"1292","Cluster_595","3prime_UTR::Ap8:3353638-3354638(-)",164,-22.78,"2 22","879 903",22,"72.73%","77.27%","evm.model.Ap8.325"
"1293","Cluster_595","3prime_UTR::Ap8:4426342-4427342(-)",163,-25.95,"2 22","644 665",20,"75.00%","80.00%","evm.model.Ap8.424"
"1294","Cluster_595","3prime_UTR::Ap8:4481370-4482370(+)",159,-24.48,"2 22","67 88",20,"70.00%","80.00%","evm.model.Ap8.430"
"1295","Cluster_595","3prime_UTR::Ap8:5325803-5326803(+)",163,-22.74,"2 20","367 389",18,"72.22%","83.33%","evm.model.Ap8.489"
"1296","Cluster_595","3prime_UTR::Ap8:7570303-7571303(+)",154,-22.49,"2 22","399 425",24,"66.67%","79.17%","evm.model.Ap8.696"
"1297","Cluster_595","3prime_UTR::Ap8:888119-889119(+)",154,-20.22,"2 15","5 27",13,"84.62%","84.62%","evm.model.Ap8.79"
"1298","Cluster_595","3prime_UTR::Ap8:9964991-9965991(-)",156,-20.35,"2 18","524 547",17,"76.47%","82.35%","evm.model.Ap8.916"
"1299","Cluster_595","3prime_UTR::Ap9:1001043-1002043(+)",168,-24.34,"2 22","179 203",22,"77.27%","77.27%","evm.model.Ap9.111"
"1300","Cluster_595","3prime_UTR::Ap9:10776508-10777508(-)",155,-21.7,"2 22","49 76",25,"68.00%","72.00%","evm.model.Ap9.1006"
"1301","Cluster_595","3prime_UTR::Ap9:10898775-10899775(+)",164,-25.39,"2 22","945 968",21,"66.67%","85.71%","evm.model.Ap9.1019"
"1302","Cluster_595","3prime_UTR::Ap9:12514623-12515623(+)",140,-20.25,"2 9","649 671",7,"100.00%","100.00%","evm.model.Ap9.1166"
"1303","Cluster_595","3prime_UTR::Ap9:14210660-14211660(-)",146,-21.87,"2 19","762 784",17,"58.82%","76.47%","evm.model.Ap9.1314"
"1304","Cluster_595","3prime_UTR::Ap9:15997869-15998869(+)",160,-24.39,"2 22","518 541",21,"61.90%","85.71%","evm.model.Ap9.1486"
"1305","Cluster_595","3prime_UTR::Ap9:16938917-16939917(-)",173,-22.21,"2 22","461 483",20,"75.00%","85.00%","evm.model.Ap9.1561"
"1310","Cluster_595","3prime_UTR::Ap9:1965819-1966819(+)",164,-21.54,"2 22","855 878",21,"76.19%","76.19%","evm.model.Ap9.197"
"1311","Cluster_595","3prime_UTR::Ap9:19662569-19663569(-)",141,-20.55,"2 11","371 394",10,"90.00%","90.00%","evm.model.Ap9.1789"
"1312","Cluster_595","3prime_UTR::Ap9:20027308-20028308(-)",152,-21.54,"2 17","1 16",15,"66.67%","86.67%","evm.model.Ap9.1826"
"1314","Cluster_595","3prime_UTR::Ap9:22674111-22675111(-)",163,-25.34,"2 22","399 424",23,"65.22%","86.96%","evm.model.Ap9.2088"
"1315","Cluster_595","3prime_UTR::Ap9:24066043-24067043(+)",147,-20.28,"2 22","732 759",25,"56.00%","76.00%","evm.model.Ap9.2221"
"1316","Cluster_595","3prime_UTR::Ap9:26165336-26166107(-)",173,-23.85,"2 22","647 669",20,"80.00%","80.00%","evm.model.Ap9.2421"
"1317","Cluster_595","3prime_UTR::Ap9:26453171-26454171(-)",160,-20.11,"2 22","342 365",21,"66.67%","80.95%","evm.model.Ap9.2452"
"1318","Cluster_595","3prime_UTR::Ap9:28009229-28010229(+)",163,-26.56,"2 22","600 621",20,"75.00%","80.00%","evm.model.Ap9.2600"
"1319","Cluster_595","3prime_UTR::Ap9:28053711-28054711(+)",157,-22.03,"2 22","233 255",22,"68.18%","81.82%","evm.model.Ap9.2606"
"1320","Cluster_595","3prime_UTR::Ap9:28236710-28237710(-)",151,-21.7,"2 22","936 954",20,"70.00%","80.00%","evm.model.Ap9.2624"
"1321","Cluster_595","3prime_UTR::Ap9:4006915-4007915(-)",157,-22.86,"2 19","867 891",19,"68.42%","84.21%","evm.model.Ap9.368"
"1322","Cluster_595","3prime_UTR::Ap9:5415328-5416328(-)",148,-20.42,"2 22","203 226",21,"61.90%","71.43%","evm.model.Ap9.495"
"1323","Cluster_595","3prime_UTR::Ap9:7476367-7477367(+)",153,-20.67,"2 18","973 995",16,"75.00%","75.00%","evm.model.Ap9.700"
"1324","Cluster_595","3prime_UTR::Ap9:8369894-8370894(-)",152,-20.94,"2 21","225 247",19,"63.16%","73.68%","evm.model.Ap9.781"
"1325","Cluster_595","3prime_UTR::Ap9:9410483-9411483(-)",148,-20.64,"2 20","467 487",18,"66.67%","77.78%","evm.model.Ap9.858"
"1326","Cluster_595","3prime_UTR::Ap9:963494-964494(+)",161,-22.28,"2 22","716 736",20,"75.00%","85.00%","evm.model.Ap9.106"
"1327","Cluster_597","3prime_UTR::Ap10:11721397-11722397(+)",161,-20.2,"2 18","122 141",16,"81.25%","81.25%","evm.model.Ap10.1129"
"1328","Cluster_597","3prime_UTR::Ap10:11816955-11817955(-)",177,-24.63,"2 18","604 623",16,"93.75%","93.75%","evm.model.Ap10.1139"
"1329","Cluster_597","3prime_UTR::Ap12:16231844-16232725(+)",167,-23.27,"2 19","221 240",18,"88.89%","88.89%","evm.model.Ap12.1543"
"1330","Cluster_597","3prime_UTR::Ap14:14882931-14883931(+)",159,-20.55,"2 16","809 828",14,"85.71%","85.71%","evm.model.Ap14.1390"
"1331","Cluster_597","3prime_UTR::Ap14:8923389-8924389(+)",156,-20.11,"2 18","76 97",18,"77.78%","77.78%","evm.model.Ap14.837"
"1332","Cluster_597","3prime_UTR::Ap1:35358602-35359602(+)",170,-24.76,"2 19","489 508",17,"82.35%","88.24%","evm.model.Ap1.3435"
"1333","Cluster_597","3prime_UTR::Ap2:10585195-10585689(+)",159,-21.21,"2 19","379 398",18,"83.33%","83.33%","evm.model.Ap2.1049"
"1334","Cluster_597","3prime_UTR::Ap2:419141-420141(-)",161,-20.2,"2 18","878 897",16,"81.25%","81.25%","evm.model.Ap2.41"
"1335","Cluster_597","3prime_UTR::Ap2:8508410-8509410(-)",161,-20.2,"2 18","699 718",16,"81.25%","81.25%","evm.model.Ap2.823"
"1336","Cluster_597","3prime_UTR::Ap3:14780888-14781888(-)",167,-20.23,"2 16","929 948",14,"92.86%","92.86%","evm.model.Ap3.1300"
"1337","Cluster_597","3prime_UTR::Ap4:16021224-16022151(+)",154,-20.5,"2 18","33 50",16,"81.25%","81.25%","evm.model.Ap4.1551"
"1341","Cluster_597","3prime_UTR::Ap4:28379496-28380496(-)",168,-20.26,"2 18","243 263",17,"88.24%","88.24%","evm.model.Ap4.3799"
"1342","Cluster_597","3prime_UTR::Ap4:46091961-46092961(+)",168,-21.63,"2 19","552 570",17,"88.24%","88.24%","evm.model.Ap4.6190"
"1343","Cluster_597","3prime_UTR::Ap4:50793257-50794257(-)",162,-20.7,"2 19","30 47",17,"88.24%","88.24%","evm.model.Ap4.6613"
"1344","Cluster_597","3prime_UTR::Ap5:24600339-24601339(-)",173,-20.89,"2 19","362 382",18,"88.89%","88.89%","evm.model.Ap5.2356"
"1345","Cluster_597","3prime_UTR::Ap5:3178914-3179914(+)",152,-20.31,"2 19","55 73",17,"76.47%","76.47%","evm.model.Ap5.294"
"1346","Cluster_597","3prime_UTR::Ap6:8961435-8962435(+)",168,-25.46,"2 18","442 463",18,"83.33%","88.89%","evm.model.Ap6.939"
"1347","Cluster_597","3prime_UTR::Ap7:24236831-24237708(-)",159,-20.28,"2 17","413 434",17,"82.35%","82.35%","evm.model.Ap7.2315"
"1351","Cluster_597","3prime_UTR::Ap8:10878951-10879951(-)",161,-20.2,"2 18","938 957",16,"81.25%","81.25%","evm.model.Ap8.979"
"1352","Cluster_597","3prime_UTR::Ap8:11461202-11462202(+)",169,-20.13,"2 18","861 880",16,"87.50%","87.50%","evm.model.Ap8.1033"
"1353","Cluster_597","3prime_UTR::Ap8:14733403-14734403(-)",157,-20.42,"2 19","450 470",18,"77.78%","77.78%","evm.model.Ap8.1316"
"1354","Cluster_597","3prime_UTR::Ap9:25536393-25537393(-)",161,-20.32,"2 19","965 986",19,"78.95%","78.95%","evm.model.Ap9.2361"
"1355","Cluster_597","3prime_UTR::Ap9:9473382-9474382(-)",162,-22.13,"2 15","478 497",13,"92.31%","92.31%","evm.model.Ap9.864"
