"","target","species","OG","Nvec","Ahya","Apoc"
"NV2t000010001.1","NV2t000010001.1","Nvec","OG_7263",1,1,1
"NV2t000011003.1","NV2t000011003.1","Nvec","OG_7262",1,0,0
"NV2t000011001.1","NV2t000011001.1","Nvec","OG_7262",1,0,0
"NV2t000011002.1","NV2t000011002.1","Nvec","OG_7262",1,0,0
"NV2t000017001.1","NV2t000017001.1","Nvec","OG_2157",1,1,0
"NV2t000017002.1","NV2t000017002.1","Nvec","OG_2157",1,1,0
"NV2t000031001.1","NV2t000031001.1","Nvec","OG_6491",1,0,0
"NV2t000031002.1","NV2t000031002.1","Nvec","OG_6491",1,0,0
"NV2t000031003.1","NV2t000031003.1","Nvec","OG_6491",1,0,0
"NV2t000032001.1","NV2t000032001.1","Nvec","OG_7510",1,1,0
"NV2t000032002.1","NV2t000032002.1","Nvec","OG_7510",1,1,0
"NV2t000036001.1","NV2t000036001.1","Nvec","OG_1393",1,1,1
"NV2t000036002.1","NV2t000036002.1","Nvec","OG_1393",1,1,1
"NV2t000061001.1","NV2t000061001.1","Nvec","OG_6016",1,1,0
"NV2t000063001.1","NV2t000063001.1","Nvec","OG_7319",1,1,0
"NV2t000063002.1","NV2t000063002.1","Nvec","OG_7319",1,1,0
"NV2t000063003.1","NV2t000063003.1","Nvec","OG_7319",1,1,0
"NV2t000063004.1","NV2t000063004.1","Nvec","OG_7319",1,1,0
"NV2t000095001.1","NV2t000095001.1","Nvec","OG_12710",1,1,0
"NV2t000112001.1","NV2t000112001.1","Nvec","OG_7197",1,1,0
"NV2t000112002.1","NV2t000112002.1","Nvec","OG_7197",1,1,0
"NV2t000123001.1","NV2t000123001.1","Nvec","OG_7365",1,1,0
"NV2t000132001.1","NV2t000132001.1","Nvec","OG_3796",1,1,1
"NV2t000133001.1","NV2t000133001.1","Nvec","OG_3795",1,1,1
"NV2t000134001.1","NV2t000134001.1","Nvec","OG_3794",1,1,0
"NV2t000137001.1","NV2t000137001.1","Nvec","OG_1245",1,1,0
"NV2t000137002.1","NV2t000137002.1","Nvec","OG_1245",1,1,0
"NV2t000137003.1","NV2t000137003.1","Nvec","OG_1245",1,1,0
"NV2t000156001.1","NV2t000156001.1","Nvec","OG_6301",1,0,0
"NV2t000162001.1","NV2t000162001.1","Nvec","OG_3717",1,1,0
"NV2t000192001.1","NV2t000192001.1","Nvec","OG_7293",1,0,0
"NV2t000196001.1","NV2t000196001.1","Nvec","OG_7624",1,0,1
"NV2t000196002.1","NV2t000196002.1","Nvec","OG_7624",1,0,1
"NV2t000197001.1","NV2t000197001.1","Nvec","OG_1239",1,1,0
"NV2t000197003.1","NV2t000197003.1","Nvec","OG_1239",1,1,0
"NV2t000208001.1","NV2t000208001.1","Nvec","OG_6439",1,1,0
"NV2t000208002.1","NV2t000208002.1","Nvec","OG_6439",1,1,0
"NV2t000208003.1","NV2t000208003.1","Nvec","OG_6439",1,1,0
"NV2t000212001.1","NV2t000212001.1","Nvec","OG_3764",1,1,0
"NV2t000251001.1","NV2t000251001.1","Nvec","OG_218",1,1,1
"NV2t000265001.1","NV2t000265001.1","Nvec","OG_317",1,0,0
"NV2t000265002.1","NV2t000265002.1","Nvec","OG_317",1,0,0
"NV2t000265003.1","NV2t000265003.1","Nvec","OG_317",1,0,0
"NV2t000273001.1","NV2t000273001.1","Nvec","OG_3784",1,0,0
"NV2t000281001.1","NV2t000281001.1","Nvec","OG_7311",1,1,1
"NV2t000281002.1","NV2t000281002.1","Nvec","OG_7311",1,1,1
"NV2t000281003.1","NV2t000281003.1","Nvec","OG_7311",1,1,1
"NV2t000281004.1","NV2t000281004.1","Nvec","OG_7311",1,1,1
"NV2t000281005.1","NV2t000281005.1","Nvec","OG_7311",1,1,1
"NV2t000281006.1","NV2t000281006.1","Nvec","OG_7311",1,1,1
"NV2t000281007.1","NV2t000281007.1","Nvec","OG_7311",1,1,1
"NV2t000281008.1","NV2t000281008.1","Nvec","OG_7311",1,1,1
"NV2t000336001.1","NV2t000336001.1","Nvec","OG_7488",1,1,0
"NV2t000340001.1","NV2t000340001.1","Nvec","OG_174",1,1,0
"NV2t000340002.1","NV2t000340002.1","Nvec","OG_174",1,1,0
"NV2t000340003.1","NV2t000340003.1","Nvec","OG_174",1,1,0
"NV2t000353001.1","NV2t000353001.1","Nvec","OG_2285",1,0,0
"NV2t000380001.1","NV2t000380001.1","Nvec","OG_7507",1,1,0
"NV2t000392001.1","NV2t000392001.1","Nvec","OG_5987",1,0,0
"NV2t000392002.1","NV2t000392002.1","Nvec","OG_5987",1,0,0
"NV2t000392003.1","NV2t000392003.1","Nvec","OG_5987",1,0,0
"NV2t000392004.1","NV2t000392004.1","Nvec","OG_5987",1,0,0
"NV2t000395001.1","NV2t000395001.1","Nvec","OG_186",1,1,1
"NV2t000400001.1","NV2t000400001.1","Nvec","OG_749",1,0,0
"NV2t000405001.1","NV2t000405001.1","Nvec","OG_2224",1,0,0
"NV2t000406001.1","NV2t000406001.1","Nvec","OG_5429",1,0,0
"NV2t000425001.1","NV2t000425001.1","Nvec","OG_2179",1,1,0
"NV2t000428001.1","NV2t000428001.1","Nvec","OG_5857",1,0,0
"NV2t000445001.1","NV2t000445001.1","Nvec","OG_4989",1,0,0
"NV2t000449001.1","NV2t000449001.1","Nvec","OG_2229",1,0,0
"NV2t000453001.1","NV2t000453001.1","Nvec","OG_7388",1,0,1
"NV2t000465001.1","NV2t000465001.1","Nvec","OG_2177",1,1,0
"NV2t000468001.1","NV2t000468001.1","Nvec","OG_3819",1,0,0
"NV2t000476001.1","NV2t000476001.1","Nvec","OG_7194",1,1,0
"NV2t000479001.1","NV2t000479001.1","Nvec","OG_3803",1,1,1
"NV2t000483001.1","NV2t000483001.1","Nvec","OG_186",1,1,1
"NV2t000482001.1","NV2t000482001.1","Nvec","OG_6474",1,1,0
"NV2t000487001.1","NV2t000487001.1","Nvec","OG_7375",1,1,0
"NV2t000492001.1","NV2t000492001.1","Nvec","OG_3757",1,0,0
"NV2t000492002.1","NV2t000492002.1","Nvec","OG_3757",1,0,0
"NV2t000492003.1","NV2t000492003.1","Nvec","OG_3757",1,0,0
"NV2t000509001.1","NV2t000509001.1","Nvec","OG_6434",1,1,0
"NV2t000510001.1","NV2t000510001.1","Nvec","OG_3724",1,1,0
"NV2t000535001.1","NV2t000535001.1","Nvec","OG_2280",1,0,0
"NV2t000552001.1","NV2t000552001.1","Nvec","OG_767",1,1,0
"NV2t000554001.1","NV2t000554001.1","Nvec","OG_242",1,1,0
"NV2t000574001.1","NV2t000574001.1","Nvec","OG_7668",1,1,0
"NV2t000574002.1","NV2t000574002.1","Nvec","OG_7668",1,1,0
"NV2t000578001.1","NV2t000578001.1","Nvec","OG_242",1,1,0
"NV2t000581001.1","NV2t000581001.1","Nvec","OG_242",1,1,0
"NV2t000581002.1","NV2t000581002.1","Nvec","OG_242",1,1,0
"NV2t000581004.1","NV2t000581004.1","Nvec","OG_242",1,1,0
"NV2t000593001.1","NV2t000593001.1","Nvec","OG_242",1,1,0
"NV2t000593002.1","NV2t000593002.1","Nvec","OG_242",1,1,0
"NV2t000599001.1","NV2t000599001.1","Nvec","OG_242",1,1,0
"NV2t000599002.1","NV2t000599002.1","Nvec","OG_242",1,1,0
"NV2t000609001.1","NV2t000609001.1","Nvec","OG_6516",1,1,0
"NV2t000610001.1","NV2t000610001.1","Nvec","OG_2154",1,1,0
"NV2t000610002.1","NV2t000610002.1","Nvec","OG_2154",1,1,0
"NV2t000610003.1","NV2t000610003.1","Nvec","OG_2154",1,1,0
"NV2t000633001.1","NV2t000633001.1","Nvec","OG_2186",1,1,0
"NV2t000648001.1","NV2t000648001.1","Nvec","OG_7155",1,1,0
"NV2t000671001.1","NV2t000671001.1","Nvec","OG_2283",1,1,0
"NV2t000671002.1","NV2t000671002.1","Nvec","OG_2283",1,1,0
"NV2t000680001.1","NV2t000680001.1","Nvec","OG_7287",1,0,0
"NV2t000681001.1","NV2t000681001.1","Nvec","OG_3700",1,1,1
"NV2t000681002.1","NV2t000681002.1","Nvec","OG_3700",1,1,1
"NV2t000681003.1","NV2t000681003.1","Nvec","OG_3700",1,1,1
"NV2t000685001.1","NV2t000685001.1","Nvec","OG_7371",1,1,0
"NV2t000687001.1","NV2t000687001.1","Nvec","OG_874",1,1,0
"NV2t000690001.1","NV2t000690001.1","Nvec","OG_874",1,1,0
"NV2t000692001.1","NV2t000692001.1","Nvec","OG_1366",1,1,0
"NV2t000699001.1","NV2t000699001.1","Nvec","OG_1247",1,1,1
"NV2t000730001.1","NV2t000730001.1","Nvec","OG_5437",1,1,0
"NV2t000731001.1","NV2t000731001.1","Nvec","OG_186",1,1,1
"NV2t000746001.1","NV2t000746001.1","Nvec","OG_5029",1,1,0
"NV2t000758001.1","NV2t000758001.1","Nvec","OG_7286",1,0,0
"NV2t000763001.1","NV2t000763001.1","Nvec","OG_5193",1,1,0
"NV2t000771001.1","NV2t000771001.1","Nvec","OG_3787",1,1,0
"NV2t000773001.1","NV2t000773001.1","Nvec","OG_6470",1,1,0
"NV2t000773002.1","NV2t000773002.1","Nvec","OG_6470",1,1,0
"NV2t000773004.1","NV2t000773004.1","Nvec","OG_6470",1,1,0
"NV2t000773003.1","NV2t000773003.1","Nvec","OG_6470",1,1,0
"NV2t000773005.1","NV2t000773005.1","Nvec","OG_6470",1,1,0
"NV2t000780001.1","NV2t000780001.1","Nvec","OG_11300",1,1,0
"NV2t000798001.1","NV2t000798001.1","Nvec","OG_10864",1,1,0
"NV2t000798002.1","NV2t000798002.1","Nvec","OG_10864",1,1,0
"NV2t000801001.1","NV2t000801001.1","Nvec","OG_7277",1,0,0
"NV2t000801002.1","NV2t000801002.1","Nvec","OG_7277",1,0,0
"NV2t000801003.1","NV2t000801003.1","Nvec","OG_7277",1,0,0
"NV2t000801004.1","NV2t000801004.1","Nvec","OG_7277",1,0,0
"NV2t000801005.1","NV2t000801005.1","Nvec","OG_7277",1,0,0
"NV2t000801006.1","NV2t000801006.1","Nvec","OG_7277",1,0,0
"NV2t000824001.1","NV2t000824001.1","Nvec","OG_213",1,0,0
"NV2t000824002.1","NV2t000824002.1","Nvec","OG_213",1,0,0
"NV2t000845001.1","NV2t000845001.1","Nvec","OG_942",1,1,0
"NV2t000847001.1","NV2t000847001.1","Nvec","OG_942",1,1,0
"NV2t000883001.1","NV2t000883001.1","Nvec","OG_7670",1,0,0
"NV2t000885001.1","NV2t000885001.1","Nvec","OG_861",1,1,1
"NV2t000888001.1","NV2t000888001.1","Nvec","OG_1035",1,0,0
"NV2t000913001.1","NV2t000913001.1","Nvec","OG_7663",1,0,0
"NV2t000913002.1","NV2t000913002.1","Nvec","OG_7663",1,0,0
"NV2t000914001.1","NV2t000914001.1","Nvec","OG_7498",1,1,1
"NV2t000914002.1","NV2t000914002.1","Nvec","OG_7498",1,1,1
"NV2t000918002.1","NV2t000918002.1","Nvec","OG_8219",1,0,0
"NV2t000926001.1","NV2t000926001.1","Nvec","OG_7592",1,0,0
"NV2t000928001.1","NV2t000928001.1","Nvec","OG_7660",1,0,0
"NV2t000930001.1","NV2t000930001.1","Nvec","OG_7661",1,1,0
"NV2t000933001.1","NV2t000933001.1","Nvec","OG_7662",1,1,0
"NV2t000934001.1","NV2t000934001.1","Nvec","OG_2212",1,0,0
"NV2t000934002.1","NV2t000934002.1","Nvec","OG_2212",1,0,0
"NV2t000942001.1","NV2t000942001.1","Nvec","OG_1091",1,1,0
"NV2t000942002.1","NV2t000942002.1","Nvec","OG_1091",1,1,0
"NV2t000945001.1","NV2t000945001.1","Nvec","OG_7152",1,1,0
"NV2t000946001.1","NV2t000946001.1","Nvec","OG_6515",1,1,1
"NV2t000949001.1","NV2t000949001.1","Nvec","OG_7655",1,0,0
"NV2t000954001.1","NV2t000954001.1","Nvec","OG_7483",1,0,0
"NV2t000954002.1","NV2t000954002.1","Nvec","OG_7483",1,0,0
"NV2t000954003.1","NV2t000954003.1","Nvec","OG_7483",1,0,0
"NV2t000955001.1","NV2t000955001.1","Nvec","OG_7484",1,1,0
"NV2t000955002.1","NV2t000955002.1","Nvec","OG_7484",1,1,0
"NV2t000989001.1","NV2t000989001.1","Nvec","OG_1394",1,0,0
"NV2t001019001.1","NV2t001019001.1","Nvec","OG_1198",1,1,0
"NV2t001023001.1","NV2t001023001.1","Nvec","OG_10312",1,0,0
"NV2t001026001.1","NV2t001026001.1","Nvec","OG_12546",1,1,0
"NV2t001026002.1","NV2t001026002.1","Nvec","OG_12546",1,1,0
"NV2t001032001.1","NV2t001032001.1","Nvec","OG_7649",1,0,0
"NV2t001036001.1","NV2t001036001.1","Nvec","OG_6018",1,1,0
"NV2t001036002.1","NV2t001036002.1","Nvec","OG_6018",1,1,0
"NV2t001036003.1","NV2t001036003.1","Nvec","OG_6018",1,1,0
"NV2t001041001.1","NV2t001041001.1","Nvec","OG_11287",1,1,0
"NV2t001040001.1","NV2t001040001.1","Nvec","OG_7527",1,0,0
"NV2t001069001.1","NV2t001069001.1","Nvec","OG_6523",1,0,0
"NV2t001069002.1","NV2t001069002.1","Nvec","OG_6523",1,0,0
"NV2t001069004.1","NV2t001069004.1","Nvec","OG_6523",1,0,0
"NV2t001069005.1","NV2t001069005.1","Nvec","OG_6523",1,0,0
"NV2t001069007.1","NV2t001069007.1","Nvec","OG_6523",1,0,0
"NV2t001073001.1","NV2t001073001.1","Nvec","OG_2267",1,0,0
"NV2t001080001.1","NV2t001080001.1","Nvec","OG_2267",1,0,0
"NV2t001088001.1","NV2t001088001.1","Nvec","OG_7615",1,0,0
"NV2t001096001.1","NV2t001096001.1","Nvec","OG_2222",1,0,0
"NV2t001108001.1","NV2t001108001.1","Nvec","OG_7523",1,1,1
"NV2t001108002.1","NV2t001108002.1","Nvec","OG_7523",1,1,1
"NV2t001108003.1","NV2t001108003.1","Nvec","OG_7523",1,1,1
"NV2t001109001.1","NV2t001109001.1","Nvec","OG_242",1,1,0
"NV2t001113001.1","NV2t001113001.1","Nvec","OG_242",1,1,0
"NV2t001116001.1","NV2t001116001.1","Nvec","OG_242",1,1,0
"NV2t001120001.1","NV2t001120001.1","Nvec","OG_7642",1,1,0
"NV2t001123002.1","NV2t001123002.1","Nvec","OG_7642",1,1,0
"NV2t001123003.1","NV2t001123003.1","Nvec","OG_7642",1,1,0
"NV2t001123004.1","NV2t001123004.1","Nvec","OG_7642",1,1,0
"NV2t001123005.1","NV2t001123005.1","Nvec","OG_7642",1,1,0
"NV2t001126001.1","NV2t001126001.1","Nvec","OG_7324",1,1,0
"NV2t001144001.1","NV2t001144001.1","Nvec","OG_7632",1,1,0
"NV2t001144002.1","NV2t001144002.1","Nvec","OG_7632",1,1,0
"NV2t001144003.1","NV2t001144003.1","Nvec","OG_7632",1,1,0
"NV2t001163001.1","NV2t001163001.1","Nvec","OG_3770",1,1,0
"NV2t001168001.1","NV2t001168001.1","Nvec","OG_7355",1,0,0
"NV2t001169001.1","NV2t001169001.1","Nvec","OG_7354",1,1,1
"NV2t001169002.1","NV2t001169002.1","Nvec","OG_7354",1,1,1
"NV2t001169003.1","NV2t001169003.1","Nvec","OG_7354",1,1,1
"NV2t001171001.1","NV2t001171001.1","Nvec","OG_1067",1,1,1
"NV2t001174001.1","NV2t001174001.1","Nvec","OG_6012",1,1,0
"NV2t001179001.1","NV2t001179001.1","Nvec","OG_3742",1,0,0
"NV2t001186001.1","NV2t001186001.1","Nvec","OG_7325",1,1,0
"NV2t001188001.1","NV2t001188001.1","Nvec","OG_7326",1,1,0
"NV2t001189001.1","NV2t001189001.1","Nvec","OG_5967",1,1,0
"NV2t001193001.1","NV2t001193001.1","Nvec","OG_3798",1,1,0
"NV2t001214001.1","NV2t001214001.1","Nvec","OG_5862",1,0,0
"NV2t001215001.1","NV2t001215001.1","Nvec","OG_3690",1,0,0
"NV2t001226001.1","NV2t001226001.1","Nvec","OG_3734",1,1,0
"NV2t001233001.1","NV2t001233001.1","Nvec","OG_2203",1,0,0
"NV2t001235001.1","NV2t001235001.1","Nvec","OG_6492",1,1,0
"NV2t001235002.1","NV2t001235002.1","Nvec","OG_6492",1,1,0
"NV2t001235003.1","NV2t001235003.1","Nvec","OG_6492",1,1,0
"NV2t001242001.1","NV2t001242001.1","Nvec","OG_2205",1,1,0
"NV2t001242002.1","NV2t001242002.1","Nvec","OG_2205",1,1,0
"NV2t001243001.1","NV2t001243001.1","Nvec","OG_2205",1,1,0
"NV2t001243002.1","NV2t001243002.1","Nvec","OG_2205",1,1,0
"NV2t001246001.1","NV2t001246001.1","Nvec","OG_7288",1,1,0
"NV2t001248001.1","NV2t001248001.1","Nvec","OG_2218",1,0,0
"NV2t001249001.1","NV2t001249001.1","Nvec","OG_11965",1,0,1
"NV2t001249002.1","NV2t001249002.1","Nvec","OG_11965",1,0,1
"NV2t001273001.1","NV2t001273001.1","Nvec","OG_227",1,1,1
"NV2t001273003.1","NV2t001273003.1","Nvec","OG_227",1,1,1
"NV2t001278001.1","NV2t001278001.1","Nvec","OG_12718",1,1,0
"NV2t001337001.1","NV2t001337001.1","Nvec","OG_7656",1,1,0
"NV2t001364001.1","NV2t001364001.1","Nvec","OG_12719",1,1,0
"NV2t001400001.1","NV2t001400001.1","Nvec","OG_6013",1,1,0
"NV2t001400004.1","NV2t001400004.1","Nvec","OG_6013",1,1,0
"NV2t001400005.1","NV2t001400005.1","Nvec","OG_6013",1,1,0
"NV2t001404001.1","NV2t001404001.1","Nvec","OG_7637",1,1,0
"NV2t001419001.1","NV2t001419001.1","Nvec","OG_7424",1,0,0
"NV2t001425001.1","NV2t001425001.1","Nvec","OG_5869",1,0,0
"NV2t001426001.1","NV2t001426001.1","Nvec","OG_7586",1,1,0
"NV2t001426002.1","NV2t001426002.1","Nvec","OG_7586",1,1,0
"NV2t001426003.1","NV2t001426003.1","Nvec","OG_7586",1,1,0
"NV2t001426004.1","NV2t001426004.1","Nvec","OG_7586",1,1,0
"NV2t001426005.1","NV2t001426005.1","Nvec","OG_7586",1,1,0
"NV2t001426006.1","NV2t001426006.1","Nvec","OG_7586",1,1,0
"NV2t001426007.1","NV2t001426007.1","Nvec","OG_7586",1,1,0
"NV2t001426008.1","NV2t001426008.1","Nvec","OG_7586",1,1,0
"NV2t001434001.1","NV2t001434001.1","Nvec","OG_7452",1,0,0
"NV2t001434002.1","NV2t001434002.1","Nvec","OG_7452",1,0,0
"NV2t001434004.1","NV2t001434004.1","Nvec","OG_7452",1,0,0
"NV2t001445001.1","NV2t001445001.1","Nvec","OG_7153",1,0,0
"NV2t001465001.1","NV2t001465001.1","Nvec","OG_7178",1,0,0
"NV2t001469001.1","NV2t001469001.1","Nvec","OG_7191",1,0,0
"NV2t001480001.1","NV2t001480001.1","Nvec","OG_1226",1,1,0
"NV2t001517001.1","NV2t001517001.1","Nvec","OG_187",1,0,1
"NV2t001518001.1","NV2t001518001.1","Nvec","OG_187",1,0,1
"NV2t001527001.1","NV2t001527001.1","Nvec","OG_631",1,1,1
"NV2t001543001.1","NV2t001543001.1","Nvec","OG_7236",1,1,0
"NV2t001543002.1","NV2t001543002.1","Nvec","OG_7236",1,1,0
"NV2t001543003.1","NV2t001543003.1","Nvec","OG_7236",1,1,0
"NV2t001544001.1","NV2t001544001.1","Nvec","OG_7235",1,1,0
"NV2t001549001.1","NV2t001549001.1","Nvec","OG_5989",1,1,0
"NV2t001572001.1","NV2t001572001.1","Nvec","OG_6200",1,0,0
"NV2t001579001.1","NV2t001579001.1","Nvec","OG_818",1,1,0
"NV2t001588001.1","NV2t001588001.1","Nvec","OG_4924",1,1,0
"NV2t001588002.1","NV2t001588002.1","Nvec","OG_4924",1,1,0
"NV2t001588003.1","NV2t001588003.1","Nvec","OG_4924",1,1,0
"NV2t001590001.1","NV2t001590001.1","Nvec","OG_12720",1,0,0
"NV2t001592001.1","NV2t001592001.1","Nvec","OG_2233",1,0,0
"NV2t001597001.1","NV2t001597001.1","Nvec","OG_2207",1,0,0
"NV2t001597002.1","NV2t001597002.1","Nvec","OG_2207",1,0,0
"NV2t001597003.1","NV2t001597003.1","Nvec","OG_2207",1,0,0
"NV2t001597004.1","NV2t001597004.1","Nvec","OG_2207",1,0,0
"NV2t001600001.1","NV2t001600001.1","Nvec","OG_1051",1,1,1
"NV2t001600002.1","NV2t001600002.1","Nvec","OG_1051",1,1,1
"NV2t001600003.1","NV2t001600003.1","Nvec","OG_1051",1,1,1
"NV2t001621001.1","NV2t001621001.1","Nvec","OG_761",1,1,0
"NV2t001624001.1","NV2t001624001.1","Nvec","OG_1035",1,0,0
"NV2t001655001.1","NV2t001655001.1","Nvec","OG_12721",1,1,0
"NV2t001660001.1","NV2t001660001.1","Nvec","OG_3753",1,1,0
"NV2t001667001.1","NV2t001667001.1","Nvec","OG_6604",1,1,0
"NV2t001671002.1","NV2t001671002.1","Nvec","OG_186",1,1,1
"NV2t001671003.1","NV2t001671003.1","Nvec","OG_186",1,1,1
"NV2t001671001.1","NV2t001671001.1","Nvec","OG_805",1,1,0
"NV2t001672001.1","NV2t001672001.1","Nvec","OG_186",1,1,1
"NV2t001679001.1","NV2t001679001.1","Nvec","OG_1248",1,1,0
"NV2t001684001.1","NV2t001684001.1","Nvec","OG_257",1,1,1
"NV2t001683001.1","NV2t001683001.1","Nvec","OG_7148",1,0,0
"NV2t001686001.1","NV2t001686001.1","Nvec","OG_7266",1,1,0
"NV2t001696001.1","NV2t001696001.1","Nvec","OG_1200",1,0,0
"NV2t001707001.1","NV2t001707001.1","Nvec","OG_6456",1,0,0
"NV2t001709001.1","NV2t001709001.1","Nvec","OG_7174",1,1,0
"NV2t001711001.1","NV2t001711001.1","Nvec","OG_7276",1,0,0
"NV2t001712001.1","NV2t001712001.1","Nvec","OG_7275",1,0,0
"NV2t001725001.1","NV2t001725001.1","Nvec","OG_6500",1,1,1
"NV2t001727001.1","NV2t001727001.1","Nvec","OG_7520",1,1,0
"NV2t001727002.1","NV2t001727002.1","Nvec","OG_7520",1,1,0
"NV2t001727003.1","NV2t001727003.1","Nvec","OG_7520",1,1,0
"NV2t001728001.1","NV2t001728001.1","Nvec","OG_400",1,1,0
"NV2t001728002.1","NV2t001728002.1","Nvec","OG_400",1,1,0
"NV2t001734001.1","NV2t001734001.1","Nvec","OG_2302",1,1,0
"NV2t001758001.1","NV2t001758001.1","Nvec","OG_7268",1,1,1
"NV2t001764001.1","NV2t001764001.1","Nvec","OG_7280",1,1,1
"NV2t001769001.1","NV2t001769001.1","Nvec","OG_7279",1,0,0
"NV2t001783001.1","NV2t001783001.1","Nvec","OG_819",1,1,0
"NV2t001783002.1","NV2t001783002.1","Nvec","OG_819",1,1,0
"NV2t001783003.1","NV2t001783003.1","Nvec","OG_819",1,1,0
"NV2t001783004.1","NV2t001783004.1","Nvec","OG_819",1,1,0
"NV2t001783005.1","NV2t001783005.1","Nvec","OG_819",1,1,0
"NV2t001783006.1","NV2t001783006.1","Nvec","OG_819",1,1,0
"NV2t001785001.1","NV2t001785001.1","Nvec","OG_6004",1,0,0
"NV2t001785002.1","NV2t001785002.1","Nvec","OG_6004",1,0,0
"NV2t001792001.1","NV2t001792001.1","Nvec","OG_2241",1,1,1
"NV2t001793001.1","NV2t001793001.1","Nvec","OG_7501",1,1,0
"NV2t001808001.1","NV2t001808001.1","Nvec","OG_7456",1,1,1
"NV2t001808002.1","NV2t001808002.1","Nvec","OG_7456",1,1,1
"NV2t001814001.1","NV2t001814001.1","Nvec","OG_6512",1,1,0
"NV2t001838001.1","NV2t001838001.1","Nvec","OG_512",1,1,0
"NV2t001839001.1","NV2t001839001.1","Nvec","OG_7184",1,0,1
"NV2t001840001.1","NV2t001840001.1","Nvec","OG_7237",1,1,0
"NV2t001872001.1","NV2t001872001.1","Nvec","OG_2239",1,1,0
"NV2t001890001.1","NV2t001890001.1","Nvec","OG_403",1,1,0
"NV2t001891001.1","NV2t001891001.1","Nvec","OG_7300",1,1,1
"NV2t001891002.1","NV2t001891002.1","Nvec","OG_7300",1,1,1
"NV2t001891003.1","NV2t001891003.1","Nvec","OG_7300",1,1,1
"NV2t001899001.1","NV2t001899001.1","Nvec","OG_186",1,1,1
"NV2t001903001.1","NV2t001903001.1","Nvec","OG_1145",1,0,0
"NV2t001903002.1","NV2t001903002.1","Nvec","OG_1145",1,0,0
"NV2t001903003.1","NV2t001903003.1","Nvec","OG_1145",1,0,0
"NV2t001909001.1","NV2t001909001.1","Nvec","OG_255",1,0,0
"NV2t001915001.1","NV2t001915001.1","Nvec","OG_2187",1,1,0
"NV2t001928001.1","NV2t001928001.1","Nvec","OG_11150",1,1,0
"NV2t001929001.1","NV2t001929001.1","Nvec","OG_3695",1,1,1
"NV2t001934001.1","NV2t001934001.1","Nvec","OG_7395",1,1,0
"NV2t001957002.1","NV2t001957002.1","Nvec","OG_860",1,1,1
"NV2t001958001.1","NV2t001958001.1","Nvec","OG_834",1,1,0
"NV2t001958002.1","NV2t001958002.1","Nvec","OG_834",1,1,0
"NV2t001961001.1","NV2t001961001.1","Nvec","OG_7316",1,1,0
"NV2t001961002.1","NV2t001961002.1","Nvec","OG_7316",1,1,0
"NV2t001975001.1","NV2t001975001.1","Nvec","OG_2195",1,0,0
"NV2t001994001.1","NV2t001994001.1","Nvec","OG_156",1,1,0
"NV2t001995001.1","NV2t001995001.1","Nvec","OG_7384",1,1,0
"NV2t001995002.1","NV2t001995002.1","Nvec","OG_7384",1,1,0
"NV2t001998001.1","NV2t001998001.1","Nvec","OG_761",1,1,0
"NV2t002003001.1","NV2t002003001.1","Nvec","OG_7455",1,1,0
"NV2t002020001.1","NV2t002020001.1","Nvec","OG_7543",1,0,0
"NV2t002034001.1","NV2t002034001.1","Nvec","OG_403",1,1,0
"NV2t002037001.1","NV2t002037001.1","Nvec","OG_7181",1,1,0
"NV2t002037002.1","NV2t002037002.1","Nvec","OG_7181",1,1,0
"NV2t002049001.1","NV2t002049001.1","Nvec","OG_802",1,1,0
"NV2t002049002.1","NV2t002049002.1","Nvec","OG_802",1,1,0
"NV2t002051001.1","NV2t002051001.1","Nvec","OG_7391",1,0,0
"NV2t002059001.1","NV2t002059001.1","Nvec","OG_5434",1,0,0
"NV2t002059002.1","NV2t002059002.1","Nvec","OG_5434",1,0,0
"NV2t002059003.1","NV2t002059003.1","Nvec","OG_5434",1,0,0
"NV2t002059005.1","NV2t002059005.1","Nvec","OG_5434",1,0,0
"NV2t002067001.1","NV2t002067001.1","Nvec","OG_4994",1,1,0
"NV2t002068001.1","NV2t002068001.1","Nvec","OG_7609",1,1,1
"NV2t002136001.1","NV2t002136001.1","Nvec","OG_1573",1,0,0
"NV2t002140002.1","NV2t002140002.1","Nvec","OG_2264",1,1,0
"NV2t002141001.1","NV2t002141001.1","Nvec","OG_7342",1,1,0
"NV2t002157001.1","NV2t002157001.1","Nvec","OG_6362",1,0,0
"NV2t002168001.1","NV2t002168001.1","Nvec","OG_7416",1,1,0
"NV2t002171001.1","NV2t002171001.1","Nvec","OG_820",1,1,0
"NV2t002171002.1","NV2t002171002.1","Nvec","OG_820",1,1,0
"NV2t002171003.1","NV2t002171003.1","Nvec","OG_820",1,1,0
"NV2t002172001.1","NV2t002172001.1","Nvec","OG_993",1,1,1
"NV2t002177001.1","NV2t002177001.1","Nvec","OG_682",1,1,1
"NV2t002177002.1","NV2t002177002.1","Nvec","OG_682",1,1,1
"NV2t002178001.1","NV2t002178001.1","Nvec","OG_663",1,1,0
"NV2t002180001.1","NV2t002180001.1","Nvec","OG_868",1,1,1
"NV2t002184001.1","NV2t002184001.1","Nvec","OG_618",1,1,0
"NV2t002190001.1","NV2t002190001.1","Nvec","OG_840",1,1,0
"NV2t002194001.1","NV2t002194001.1","Nvec","OG_3768",1,1,0
"NV2t002218001.1","NV2t002218001.1","Nvec","OG_5885",1,0,0
"NV2t002230001.1","NV2t002230001.1","Nvec","OG_7343",1,1,0
"NV2t002230002.1","NV2t002230002.1","Nvec","OG_7343",1,1,0
"NV2t002230003.1","NV2t002230003.1","Nvec","OG_7343",1,1,0
"NV2t002241001.1","NV2t002241001.1","Nvec","OG_7612",1,0,0
"NV2t002260001.1","NV2t002260001.1","Nvec","OG_7572",1,0,1
"NV2t002260002.1","NV2t002260002.1","Nvec","OG_7572",1,0,1
"NV2t002265001.1","NV2t002265001.1","Nvec","OG_7312",1,1,0
"NV2t002266001.1","NV2t002266001.1","Nvec","OG_7310",1,1,0
"NV2t002266002.1","NV2t002266002.1","Nvec","OG_7310",1,1,0
"NV2t002269001.1","NV2t002269001.1","Nvec","OG_12727",1,1,0
"NV2t002273001.1","NV2t002273001.1","Nvec","OG_7327",1,1,0
"NV2t002290001.1","NV2t002290001.1","Nvec","OG_773",1,1,1
"NV2t002291001.1","NV2t002291001.1","Nvec","OG_773",1,1,1
"NV2t002293001.1","NV2t002293001.1","Nvec","OG_7146",1,1,0
"NV2t002296001.1","NV2t002296001.1","Nvec","OG_7185",1,1,0
"NV2t002296003.1","NV2t002296003.1","Nvec","OG_7185",1,1,0
"NV2t002296005.1","NV2t002296005.1","Nvec","OG_7185",1,1,0
"NV2t002310001.1","NV2t002310001.1","Nvec","OG_3830",1,1,0
"NV2t002310002.1","NV2t002310002.1","Nvec","OG_3830",1,1,0
"NV2t002310003.1","NV2t002310003.1","Nvec","OG_3830",1,1,0
"NV2t002311001.1","NV2t002311001.1","Nvec","OG_757",1,1,1
"NV2t002313001.1","NV2t002313001.1","Nvec","OG_7257",1,0,0
"NV2t002314001.1","NV2t002314001.1","Nvec","OG_7258",1,0,0
"NV2t002314002.1","NV2t002314002.1","Nvec","OG_7258",1,0,0
"NV2t002318001.1","NV2t002318001.1","Nvec","OG_3831",1,0,0
"NV2t002327002.1","NV2t002327002.1","Nvec","OG_6507",1,0,0
"NV2t002327003.1","NV2t002327003.1","Nvec","OG_6507",1,0,0
"NV2t002329001.1","NV2t002329001.1","Nvec","OG_196",1,1,0
"NV2t002333001.1","NV2t002333001.1","Nvec","OG_864",1,1,0
"NV2t002333002.1","NV2t002333002.1","Nvec","OG_864",1,1,0
"NV2t002359001.1","NV2t002359001.1","Nvec","OG_3863",1,0,0
"NV2t002360001.1","NV2t002360001.1","Nvec","OG_318",1,1,0
"NV2t002379001.1","NV2t002379001.1","Nvec","OG_4035",1,1,0
"NV2t002388001.1","NV2t002388001.1","Nvec","OG_5289",1,1,0
"NV2t002392001.1","NV2t002392001.1","Nvec","OG_8714",1,1,0
"NV2t002392002.1","NV2t002392002.1","Nvec","OG_8714",1,1,0
"NV2t002392003.1","NV2t002392003.1","Nvec","OG_8714",1,1,0
"NV2t002392004.1","NV2t002392004.1","Nvec","OG_8714",1,1,0
"NV2t002429001.1","NV2t002429001.1","Nvec","OG_8922",1,0,0
"NV2t002433001.1","NV2t002433001.1","Nvec","OG_8764",1,0,0
"NV2t002444001.1","NV2t002444001.1","Nvec","OG_8930",1,0,0
"NV2t002444004.1","NV2t002444004.1","Nvec","OG_8930",1,0,0
"NV2t002449001.1","NV2t002449001.1","Nvec","OG_354",1,1,0
"NV2t002449002.1","NV2t002449002.1","Nvec","OG_354",1,1,0
"NV2t002454001.1","NV2t002454001.1","Nvec","OG_6644",1,0,0
"NV2t002468001.1","NV2t002468001.1","Nvec","OG_760",1,1,0
"NV2t002485001.1","NV2t002485001.1","Nvec","OG_3854",1,1,0
"NV2t002485002.1","NV2t002485002.1","Nvec","OG_3854",1,1,0
"NV2t002485003.1","NV2t002485003.1","Nvec","OG_3854",1,1,0
"NV2t002487001.1","NV2t002487001.1","Nvec","OG_8758",1,0,0
"NV2t002487002.1","NV2t002487002.1","Nvec","OG_8758",1,0,0
"NV2t002503001.1","NV2t002503001.1","Nvec","OG_8880",1,0,0
"NV2t002506001.1","NV2t002506001.1","Nvec","OG_8878",1,1,0
"NV2t002506002.1","NV2t002506002.1","Nvec","OG_8878",1,1,0
"NV2t002506003.1","NV2t002506003.1","Nvec","OG_8878",1,1,0
"NV2t002508001.1","NV2t002508001.1","Nvec","OG_3901",1,1,0
"NV2t002508002.1","NV2t002508002.1","Nvec","OG_3901",1,1,0
"NV2t002508007.1","NV2t002508007.1","Nvec","OG_3901",1,1,0
"NV2t002517001.1","NV2t002517001.1","Nvec","OG_12569",1,0,0
"NV2t002517002.1","NV2t002517002.1","Nvec","OG_12569",1,0,0
"NV2t002517003.1","NV2t002517003.1","Nvec","OG_12569",1,0,0
"NV2t002517004.1","NV2t002517004.1","Nvec","OG_12569",1,0,0
"NV2t002519001.1","NV2t002519001.1","Nvec","OG_3911",1,1,1
"NV2t002538001.1","NV2t002538001.1","Nvec","OG_3966",1,1,0
"NV2t002540001.1","NV2t002540001.1","Nvec","OG_8945",1,1,0
"NV2t002556001.1","NV2t002556001.1","Nvec","OG_8624",1,0,0
"NV2t002591001.1","NV2t002591001.1","Nvec","OG_8776",1,1,0
"NV2t002595001.1","NV2t002595001.1","Nvec","OG_8775",1,1,0
"NV2t002609001.1","NV2t002609001.1","Nvec","OG_5141",1,1,0
"NV2t002609002.1","NV2t002609002.1","Nvec","OG_5141",1,1,0
"NV2t002609003.1","NV2t002609003.1","Nvec","OG_5141",1,1,0
"NV2t002615001.1","NV2t002615001.1","Nvec","OG_8671",1,1,0
"NV2t002615002.1","NV2t002615002.1","Nvec","OG_8671",1,1,0
"NV2t002615003.1","NV2t002615003.1","Nvec","OG_8671",1,1,0
"NV2t002615004.1","NV2t002615004.1","Nvec","OG_8671",1,1,0
"NV2t002615005.1","NV2t002615005.1","Nvec","OG_8671",1,1,0
"NV2t002615006.1","NV2t002615006.1","Nvec","OG_8671",1,1,0
"NV2t002618001.1","NV2t002618001.1","Nvec","OG_4053",1,1,0
"NV2t002618002.1","NV2t002618002.1","Nvec","OG_4053",1,1,0
"NV2t002618003.1","NV2t002618003.1","Nvec","OG_4053",1,1,0
"NV2t002631001.1","NV2t002631001.1","Nvec","OG_1352",1,1,0
"NV2t002658001.1","NV2t002658001.1","Nvec","OG_8848",1,1,0
"NV2t002658002.1","NV2t002658002.1","Nvec","OG_8848",1,1,0
"NV2t002670001.1","NV2t002670001.1","Nvec","OG_8841",1,1,0
"NV2t002670002.1","NV2t002670002.1","Nvec","OG_8841",1,1,0
"NV2t002670003.1","NV2t002670003.1","Nvec","OG_8841",1,1,0
"NV2t002701001.1","NV2t002701001.1","Nvec","OG_10516",1,0,0
"NV2t002714001.1","NV2t002714001.1","Nvec","OG_6397",1,1,1
"NV2t002716001.1","NV2t002716001.1","Nvec","OG_6397",1,1,1
"NV2t002717001.1","NV2t002717001.1","Nvec","OG_6397",1,1,1
"NV2t002717002.1","NV2t002717002.1","Nvec","OG_6397",1,1,1
"NV2t002717003.1","NV2t002717003.1","Nvec","OG_6397",1,1,1
"NV2t002718001.1","NV2t002718001.1","Nvec","OG_6397",1,1,1
"NV2t002719001.1","NV2t002719001.1","Nvec","OG_6397",1,1,1
"NV2t002719002.1","NV2t002719002.1","Nvec","OG_6397",1,1,1
"NV2t002721001.1","NV2t002721001.1","Nvec","OG_8727",1,0,0
"NV2t002733001.1","NV2t002733001.1","Nvec","OG_5963",1,0,0
"NV2t002733002.1","NV2t002733002.1","Nvec","OG_5963",1,0,0
"NV2t002735001.1","NV2t002735001.1","Nvec","OG_8660",1,1,0
"NV2t002737001.1","NV2t002737001.1","Nvec","OG_6648",1,1,0
"NV2t002737002.1","NV2t002737002.1","Nvec","OG_6648",1,1,0
"NV2t002737003.1","NV2t002737003.1","Nvec","OG_6648",1,1,0
"NV2t002737004.1","NV2t002737004.1","Nvec","OG_6648",1,1,0
"NV2t002737009.1","NV2t002737009.1","Nvec","OG_6648",1,1,0
"NV2t002737010.1","NV2t002737010.1","Nvec","OG_6648",1,1,0
"NV2t002737012.1","NV2t002737012.1","Nvec","OG_6648",1,1,0
"NV2t002737015.1","NV2t002737015.1","Nvec","OG_6648",1,1,0
"NV2t002737013.1","NV2t002737013.1","Nvec","OG_6648",1,1,0
"NV2t002737016.1","NV2t002737016.1","Nvec","OG_6648",1,1,0
"NV2t002737014.1","NV2t002737014.1","Nvec","OG_6648",1,1,0
"NV2t002737011.1","NV2t002737011.1","Nvec","OG_6648",1,1,0
"NV2t002737005.1","NV2t002737005.1","Nvec","OG_6648",1,1,0
"NV2t002737006.1","NV2t002737006.1","Nvec","OG_6648",1,1,0
"NV2t002737007.1","NV2t002737007.1","Nvec","OG_6648",1,1,0
"NV2t002737008.1","NV2t002737008.1","Nvec","OG_6648",1,1,0
"NV2t002737017.1","NV2t002737017.1","Nvec","OG_6648",1,1,0
"NV2t002737018.1","NV2t002737018.1","Nvec","OG_6648",1,1,0
"NV2t002739001.1","NV2t002739001.1","Nvec","OG_9513",1,1,0
"NV2t002739002.1","NV2t002739002.1","Nvec","OG_9513",1,1,0
"NV2t002739003.1","NV2t002739003.1","Nvec","OG_9513",1,1,0
"NV2t002748001.1","NV2t002748001.1","Nvec","OG_4063",1,1,0
"NV2t002748002.1","NV2t002748002.1","Nvec","OG_4063",1,1,0
"NV2t002748003.1","NV2t002748003.1","Nvec","OG_4063",1,1,0
"NV2t002752001.1","NV2t002752001.1","Nvec","OG_3842",1,0,0
"NV2t002755001.1","NV2t002755001.1","Nvec","OG_1276",1,1,0
"NV2t002760001.1","NV2t002760001.1","Nvec","OG_3918",1,1,0
"NV2t002782001.1","NV2t002782001.1","Nvec","OG_843",1,1,0
"NV2t002796001.1","NV2t002796001.1","Nvec","OG_7679",1,1,0
"NV2t002799001.1","NV2t002799001.1","Nvec","OG_7680",1,0,0
"NV2t002813001.1","NV2t002813001.1","Nvec","OG_1428",1,0,0
"NV2t002813002.1","NV2t002813002.1","Nvec","OG_1428",1,0,0
"NV2t002816001.1","NV2t002816001.1","Nvec","OG_5305",1,1,0
"NV2t002819001.1","NV2t002819001.1","Nvec","OG_3843",1,1,0
"NV2t002838001.1","NV2t002838001.1","Nvec","OG_8975",1,1,0
"NV2t002843001.1","NV2t002843001.1","Nvec","OG_8712",1,1,0
"NV2t002846001.1","NV2t002846001.1","Nvec","OG_6665",1,1,0
"NV2t002847001.1","NV2t002847001.1","Nvec","OG_236",1,1,0
"NV2t002863001.1","NV2t002863001.1","Nvec","OG_5949",1,0,0
"NV2t002865001.1","NV2t002865001.1","Nvec","OG_4026",1,1,0
"NV2t002867001.1","NV2t002867001.1","Nvec","OG_150",1,1,1
"NV2t002874001.1","NV2t002874001.1","Nvec","OG_5632",1,0,0
"NV2t002880001.1","NV2t002880001.1","Nvec","OG_3915",1,1,1
"NV2t002880002.1","NV2t002880002.1","Nvec","OG_3915",1,1,1
"NV2t002880003.1","NV2t002880003.1","Nvec","OG_3915",1,1,1
"NV2t002880004.1","NV2t002880004.1","Nvec","OG_3915",1,1,1
"NV2t002880005.1","NV2t002880005.1","Nvec","OG_3915",1,1,1
"NV2t002880006.1","NV2t002880006.1","Nvec","OG_3915",1,1,1
"NV2t002880007.1","NV2t002880007.1","Nvec","OG_3915",1,1,1
"NV2t002896001.1","NV2t002896001.1","Nvec","OG_647",1,1,0
"NV2t002903001.1","NV2t002903001.1","Nvec","OG_8684",1,1,0
"NV2t002908001.1","NV2t002908001.1","Nvec","OG_8670",1,0,0
"NV2t002921001.1","NV2t002921001.1","Nvec","OG_8911",1,1,0
"NV2t002930001.1","NV2t002930001.1","Nvec","OG_8791",1,1,0
"NV2t002930002.1","NV2t002930002.1","Nvec","OG_8791",1,1,0
"NV2t002935001.1","NV2t002935001.1","Nvec","OG_557",1,0,0
"NV2t002965001.1","NV2t002965001.1","Nvec","OG_8988",1,0,0
"NV2t002966002.1","NV2t002966002.1","Nvec","OG_5480",1,1,0
"NV2t002966003.1","NV2t002966003.1","Nvec","OG_5480",1,1,0
"NV2t002966004.1","NV2t002966004.1","Nvec","OG_5480",1,1,0
"NV2t002966001.1","NV2t002966001.1","Nvec","OG_5480",1,1,0
"NV2t002985001.1","NV2t002985001.1","Nvec","OG_8955",1,0,0
"NV2t002985002.1","NV2t002985002.1","Nvec","OG_8955",1,0,0
"NV2t002987001.1","NV2t002987001.1","Nvec","OG_3838",1,1,0
"NV2t002987002.1","NV2t002987002.1","Nvec","OG_3838",1,1,0
"NV2t002987003.1","NV2t002987003.1","Nvec","OG_3838",1,1,0
"NV2t003003001.1","NV2t003003001.1","Nvec","OG_8637",1,1,0
"NV2t003003002.1","NV2t003003002.1","Nvec","OG_8637",1,1,0
"NV2t003003003.1","NV2t003003003.1","Nvec","OG_8637",1,1,0
"NV2t003003004.1","NV2t003003004.1","Nvec","OG_8637",1,1,0
"NV2t003004001.1","NV2t003004001.1","Nvec","OG_4392",1,0,0
"NV2t003004002.1","NV2t003004002.1","Nvec","OG_4392",1,0,0
"NV2t003009001.1","NV2t003009001.1","Nvec","OG_8968",1,0,0
"NV2t003009002.1","NV2t003009002.1","Nvec","OG_8968",1,0,0
"NV2t003009003.1","NV2t003009003.1","Nvec","OG_8968",1,0,0
"NV2t003009004.1","NV2t003009004.1","Nvec","OG_8968",1,0,0
"NV2t003009010.1","NV2t003009010.1","Nvec","OG_8968",1,0,0
"NV2t003009005.1","NV2t003009005.1","Nvec","OG_8968",1,0,0
"NV2t003009006.1","NV2t003009006.1","Nvec","OG_8968",1,0,0
"NV2t003009007.1","NV2t003009007.1","Nvec","OG_8968",1,0,0
"NV2t003009008.1","NV2t003009008.1","Nvec","OG_8968",1,0,0
"NV2t003009009.1","NV2t003009009.1","Nvec","OG_8968",1,0,0
"NV2t003019001.1","NV2t003019001.1","Nvec","OG_3892",1,1,0
"NV2t003042001.1","NV2t003042001.1","Nvec","OG_8663",1,1,0
"NV2t003042002.1","NV2t003042002.1","Nvec","OG_8663",1,1,0
"NV2t003042003.1","NV2t003042003.1","Nvec","OG_8663",1,1,0
"NV2t003046001.1","NV2t003046001.1","Nvec","OG_3970",1,0,0
"NV2t003047001.1","NV2t003047001.1","Nvec","OG_1435",1,0,0
"NV2t003047002.1","NV2t003047002.1","Nvec","OG_1435",1,0,0
"NV2t003049001.1","NV2t003049001.1","Nvec","OG_5294",1,1,0
"NV2t003050002.1","NV2t003050002.1","Nvec","OG_3920",1,1,0
"NV2t003053001.1","NV2t003053001.1","Nvec","OG_3909",1,1,0
"NV2t003053002.1","NV2t003053002.1","Nvec","OG_3909",1,1,0
"NV2t003053003.1","NV2t003053003.1","Nvec","OG_3909",1,1,0
"NV2t003053004.1","NV2t003053004.1","Nvec","OG_3909",1,1,0
"NV2t003067001.1","NV2t003067001.1","Nvec","OG_6669",1,0,1
"NV2t003067002.1","NV2t003067002.1","Nvec","OG_6669",1,0,1
"NV2t003067003.1","NV2t003067003.1","Nvec","OG_6669",1,0,1
"NV2t003071001.1","NV2t003071001.1","Nvec","OG_947",1,0,0
"NV2t003071002.1","NV2t003071002.1","Nvec","OG_442",1,1,1
"NV2t003097001.1","NV2t003097001.1","Nvec","OG_3879",1,1,1
"NV2t003102001.1","NV2t003102001.1","Nvec","OG_8873",1,0,0
"NV2t003107001.1","NV2t003107001.1","Nvec","OG_5037",1,1,0
"NV2t003115001.1","NV2t003115001.1","Nvec","OG_5297",1,1,0
"NV2t003119001.1","NV2t003119001.1","Nvec","OG_8784",1,0,0
"NV2t003124001.1","NV2t003124001.1","Nvec","OG_10843",1,0,0
"NV2t003139001.1","NV2t003139001.1","Nvec","OG_4052",1,1,0
"NV2t003140001.1","NV2t003140001.1","Nvec","OG_725",1,1,1
"NV2t003140002.1","NV2t003140002.1","Nvec","OG_725",1,1,1
"NV2t003145001.1","NV2t003145001.1","Nvec","OG_6397",1,1,1
"NV2t003148001.1","NV2t003148001.1","Nvec","OG_4048",1,1,1
"NV2t003163001.1","NV2t003163001.1","Nvec","OG_8742",1,0,0
"NV2t003177003.1","NV2t003177003.1","Nvec","OG_4032",1,1,0
"NV2t003181001.1","NV2t003181001.1","Nvec","OG_3981",1,1,0
"NV2t003181002.1","NV2t003181002.1","Nvec","OG_3981",1,1,0
"NV2t003190001.1","NV2t003190001.1","Nvec","OG_8667",1,0,0
"NV2t003195001.1","NV2t003195001.1","Nvec","OG_6344",1,1,0
"NV2t003196001.1","NV2t003196001.1","Nvec","OG_3905",1,1,0
"NV2t003203001.1","NV2t003203001.1","Nvec","OG_8868",1,1,0
"NV2t003204001.1","NV2t003204001.1","Nvec","OG_304",1,1,1
"NV2t003211001.1","NV2t003211001.1","Nvec","OG_8877",1,1,0
"NV2t003211002.1","NV2t003211002.1","Nvec","OG_8877",1,1,0
"NV2t003216001.1","NV2t003216001.1","Nvec","OG_6676",1,1,0
"NV2t003216002.1","NV2t003216002.1","Nvec","OG_6676",1,1,0
"NV2t003216003.1","NV2t003216003.1","Nvec","OG_6676",1,1,0
"NV2t003216004.1","NV2t003216004.1","Nvec","OG_6676",1,1,0
"NV2t003216005.1","NV2t003216005.1","Nvec","OG_6676",1,1,0
"NV2t003216006.1","NV2t003216006.1","Nvec","OG_6676",1,1,0
"NV2t003216007.1","NV2t003216007.1","Nvec","OG_6676",1,1,0
"NV2t003216008.1","NV2t003216008.1","Nvec","OG_6676",1,1,0
"NV2t003216009.1","NV2t003216009.1","Nvec","OG_6676",1,1,0
"NV2t003218001.1","NV2t003218001.1","Nvec","OG_4013",1,0,0
"NV2t003218002.1","NV2t003218002.1","Nvec","OG_4013",1,0,0
"NV2t003218003.1","NV2t003218003.1","Nvec","OG_4013",1,0,0
"NV2t003218004.1","NV2t003218004.1","Nvec","OG_4013",1,0,0
"NV2t003220001.1","NV2t003220001.1","Nvec","OG_8825",1,1,0
"NV2t003223001.1","NV2t003223001.1","Nvec","OG_6849",1,1,0
"NV2t003226001.1","NV2t003226001.1","Nvec","OG_1338",1,1,0
"NV2t003229001.1","NV2t003229001.1","Nvec","OG_3975",1,1,1
"NV2t003242001.1","NV2t003242001.1","Nvec","OG_8693",1,1,0
"NV2t003244001.1","NV2t003244001.1","Nvec","OG_8692",1,0,0
"NV2t003251001.1","NV2t003251001.1","Nvec","OG_8625",1,0,0
"NV2t003258001.1","NV2t003258001.1","Nvec","OG_9005",1,1,0
"NV2t003262001.1","NV2t003262001.1","Nvec","OG_879",1,1,1
"NV2t003262002.1","NV2t003262002.1","Nvec","OG_879",1,1,1
"NV2t003262003.1","NV2t003262003.1","Nvec","OG_879",1,1,1
"NV2t003267001.1","NV2t003267001.1","Nvec","OG_1114",1,1,0
"NV2t003291001.1","NV2t003291001.1","Nvec","OG_8760",1,0,1
"NV2t003298001.1","NV2t003298001.1","Nvec","OG_8761",1,1,1
"NV2t003302001.1","NV2t003302001.1","Nvec","OG_6658",1,1,0
"NV2t003322001.1","NV2t003322001.1","Nvec","OG_4016",1,1,0
"NV2t003332001.1","NV2t003332001.1","Nvec","OG_8914",1,0,0
"NV2t003337001.1","NV2t003337001.1","Nvec","OG_8885",1,1,0
"NV2t003337002.1","NV2t003337002.1","Nvec","OG_8885",1,1,0
"NV2t003350001.1","NV2t003350001.1","Nvec","OG_6679",1,0,0
"NV2t003350002.1","NV2t003350002.1","Nvec","OG_6679",1,0,0
"NV2t003359001.1","NV2t003359001.1","Nvec","OG_5639",1,0,0
"NV2t003360001.1","NV2t003360001.1","Nvec","OG_8894",1,1,1
"NV2t003360003.1","NV2t003360003.1","Nvec","OG_8894",1,1,1
"NV2t003360002.1","NV2t003360002.1","Nvec","OG_8894",1,1,1
"NV2t003368001.1","NV2t003368001.1","Nvec","OG_4042",1,1,0
"NV2t003384001.1","NV2t003384001.1","Nvec","OG_8850",1,1,1
"NV2t003394001.1","NV2t003394001.1","Nvec","OG_12572",1,1,0
"NV2t003394002.1","NV2t003394002.1","Nvec","OG_12572",1,1,0
"NV2t003394003.1","NV2t003394003.1","Nvec","OG_12572",1,1,0
"NV2t003394004.1","NV2t003394004.1","Nvec","OG_12572",1,1,0
"NV2t003396001.1","NV2t003396001.1","Nvec","OG_1562",1,0,0
"NV2t003396002.1","NV2t003396002.1","Nvec","OG_1562",1,0,0
"NV2t003396003.1","NV2t003396003.1","Nvec","OG_1562",1,0,0
"NV2t003405001.1","NV2t003405001.1","Nvec","OG_8834",1,1,0
"NV2t003405002.1","NV2t003405002.1","Nvec","OG_8834",1,1,0
"NV2t003405005.1","NV2t003405005.1","Nvec","OG_8834",1,1,0
"NV2t003405006.1","NV2t003405006.1","Nvec","OG_8834",1,1,0
"NV2t003405004.1","NV2t003405004.1","Nvec","OG_8834",1,1,0
"NV2t003405007.1","NV2t003405007.1","Nvec","OG_8834",1,1,0
"NV2t003405008.1","NV2t003405008.1","Nvec","OG_8834",1,1,0
"NV2t003410004.1","NV2t003410004.1","Nvec","OG_5094",1,1,1
"NV2t003410003.1","NV2t003410003.1","Nvec","OG_5094",1,1,1
"NV2t003410005.1","NV2t003410005.1","Nvec","OG_5094",1,1,1
"NV2t003410001.1","NV2t003410001.1","Nvec","OG_5094",1,1,1
"NV2t003410002.1","NV2t003410002.1","Nvec","OG_5094",1,1,1
"NV2t003410006.1","NV2t003410006.1","Nvec","OG_5094",1,1,1
"NV2t003415001.1","NV2t003415001.1","Nvec","OG_8898",1,0,0
"NV2t003415002.1","NV2t003415002.1","Nvec","OG_8898",1,0,0
"NV2t003432001.1","NV2t003432001.1","Nvec","OG_4066",1,1,0
"NV2t003433001.1","NV2t003433001.1","Nvec","OG_8899",1,0,0
"NV2t003439001.1","NV2t003439001.1","Nvec","OG_4015",1,1,0
"NV2t003452001.1","NV2t003452001.1","Nvec","OG_3924",1,0,0
"NV2t003454001.1","NV2t003454001.1","Nvec","OG_3891",1,1,1
"NV2t003455001.1","NV2t003455001.1","Nvec","OG_3889",1,0,0
"NV2t003467001.1","NV2t003467001.1","Nvec","OG_8765",1,1,0
"NV2t003467002.1","NV2t003467002.1","Nvec","OG_8765",1,1,0
"NV2t003469001.1","NV2t003469001.1","Nvec","OG_8765",1,1,0
"NV2t003479001.1","NV2t003479001.1","Nvec","OG_5089",1,1,0
"NV2t003479002.1","NV2t003479002.1","Nvec","OG_5089",1,1,0
"NV2t003480001.1","NV2t003480001.1","Nvec","OG_8665",1,0,0
"NV2t003507001.1","NV2t003507001.1","Nvec","OG_8890",1,1,0
"NV2t003521001.1","NV2t003521001.1","Nvec","OG_1099",1,1,0
"NV2t003525001.1","NV2t003525001.1","Nvec","OG_5033",1,0,0
"NV2t003527001.1","NV2t003527001.1","Nvec","OG_176",1,1,1
"NV2t003527002.1","NV2t003527002.1","Nvec","OG_176",1,1,1
"NV2t003542001.1","NV2t003542001.1","Nvec","OG_4000",1,1,0
"NV2t003542003.1","NV2t003542003.1","Nvec","OG_4000",1,1,0
"NV2t003542004.1","NV2t003542004.1","Nvec","OG_4000",1,1,0
"NV2t003542005.1","NV2t003542005.1","Nvec","OG_4000",1,1,0
"NV2t003542006.1","NV2t003542006.1","Nvec","OG_4000",1,1,0
"NV2t003543001.1","NV2t003543001.1","Nvec","OG_369",1,1,1
"NV2t003544001.1","NV2t003544001.1","Nvec","OG_8843",1,0,1
"NV2t003544002.1","NV2t003544002.1","Nvec","OG_8843",1,0,1
"NV2t003544003.1","NV2t003544003.1","Nvec","OG_8843",1,0,1
"NV2t003544004.1","NV2t003544004.1","Nvec","OG_8843",1,0,1
"NV2t003595001.1","NV2t003595001.1","Nvec","OG_8696",1,0,0
"NV2t003590001.1","NV2t003590001.1","Nvec","OG_8695",1,1,0
"NV2t003590002.1","NV2t003590002.1","Nvec","OG_8695",1,1,0
"NV2t003590003.1","NV2t003590003.1","Nvec","OG_8695",1,1,0
"NV2t003590004.1","NV2t003590004.1","Nvec","OG_8695",1,1,0
"NV2t003590005.1","NV2t003590005.1","Nvec","OG_8695",1,1,0
"NV2t003590006.1","NV2t003590006.1","Nvec","OG_8695",1,1,0
"NV2t003615001.1","NV2t003615001.1","Nvec","OG_5524",1,0,0
"NV2t003615002.1","NV2t003615002.1","Nvec","OG_5524",1,0,0
"NV2t003621001.1","NV2t003621001.1","Nvec","OG_3955",1,0,0
"NV2t003622001.1","NV2t003622001.1","Nvec","OG_3956",1,1,0
"NV2t003640001.1","NV2t003640001.1","Nvec","OG_8739",1,1,0
"NV2t003640002.1","NV2t003640002.1","Nvec","OG_8739",1,1,0
"NV2t003640003.1","NV2t003640003.1","Nvec","OG_8739",1,1,0
"NV2t003646001.1","NV2t003646001.1","Nvec","OG_4070",1,0,0
"NV2t003655001.1","NV2t003655001.1","Nvec","OG_1082",1,0,1
"NV2t003657001.1","NV2t003657001.1","Nvec","OG_8638",1,0,1
"NV2t003664001.1","NV2t003664001.1","Nvec","OG_438",1,1,1
"NV2t003664002.1","NV2t003664002.1","Nvec","OG_438",1,1,1
"NV2t003668001.1","NV2t003668001.1","Nvec","OG_3996",1,1,0
"NV2t003691001.1","NV2t003691001.1","Nvec","OG_408",1,1,1
"NV2t003692001.1","NV2t003692001.1","Nvec","OG_408",1,1,1
"NV2t003693001.1","NV2t003693001.1","Nvec","OG_408",1,1,1
"NV2t003695001.1","NV2t003695001.1","Nvec","OG_5646",1,0,0
"NV2t003710001.1","NV2t003710001.1","Nvec","OG_8706",1,1,1
"NV2t003710002.1","NV2t003710002.1","Nvec","OG_8706",1,1,1
"NV2t003711001.1","NV2t003711001.1","Nvec","OG_8953",1,1,0
"NV2t003717002.1","NV2t003717002.1","Nvec","OG_315",1,1,0
"NV2t003718002.1","NV2t003718002.1","Nvec","OG_153",1,1,0
"NV2t003718001.1","NV2t003718001.1","Nvec","OG_8807",1,1,0
"NV2t003720001.1","NV2t003720001.1","Nvec","OG_8806",1,1,0
"NV2t003727001.1","NV2t003727001.1","Nvec","OG_3881",1,1,0
"NV2t003735001.1","NV2t003735001.1","Nvec","OG_176",1,1,1
"NV2t003742001.1","NV2t003742001.1","Nvec","OG_4061",1,1,0
"NV2t003748001.1","NV2t003748001.1","Nvec","OG_3862",1,0,0
"NV2t003755001.1","NV2t003755001.1","Nvec","OG_3899",1,1,0
"NV2t003755002.1","NV2t003755002.1","Nvec","OG_3899",1,1,0
"NV2t003755003.1","NV2t003755003.1","Nvec","OG_3899",1,1,0
"NV2t003762001.1","NV2t003762001.1","Nvec","OG_8773",1,1,0
"NV2t003783001.1","NV2t003783001.1","Nvec","OG_6668",1,1,0
"NV2t003783002.1","NV2t003783002.1","Nvec","OG_6668",1,1,0
"NV2t003783003.1","NV2t003783003.1","Nvec","OG_6668",1,1,0
"NV2t003783004.1","NV2t003783004.1","Nvec","OG_6668",1,1,0
"NV2t003783005.1","NV2t003783005.1","Nvec","OG_6668",1,1,0
"NV2t003783008.1","NV2t003783008.1","Nvec","OG_6668",1,1,0
"NV2t003783007.1","NV2t003783007.1","Nvec","OG_6668",1,1,0
"NV2t003783006.1","NV2t003783006.1","Nvec","OG_6668",1,1,0
"NV2t003783009.1","NV2t003783009.1","Nvec","OG_6668",1,1,0
"NV2t003783011.1","NV2t003783011.1","Nvec","OG_6668",1,1,0
"NV2t003783010.1","NV2t003783010.1","Nvec","OG_6668",1,1,0
"NV2t003783012.1","NV2t003783012.1","Nvec","OG_6668",1,1,0
"NV2t003783013.1","NV2t003783013.1","Nvec","OG_6668",1,1,0
"NV2t003783015.1","NV2t003783015.1","Nvec","OG_6668",1,1,0
"NV2t003783014.1","NV2t003783014.1","Nvec","OG_6668",1,1,0
"NV2t003783016.1","NV2t003783016.1","Nvec","OG_6668",1,1,0
"NV2t003784001.1","NV2t003784001.1","Nvec","OG_8688",1,1,0
"NV2t003784002.1","NV2t003784002.1","Nvec","OG_8688",1,1,0
"NV2t003785001.1","NV2t003785001.1","Nvec","OG_8687",1,0,0
"NV2t003790001.1","NV2t003790001.1","Nvec","OG_3988",1,1,0
"NV2t003800001.1","NV2t003800001.1","Nvec","OG_8514",1,1,0
"NV2t003804001.1","NV2t003804001.1","Nvec","OG_14",1,1,0
"NV2t003804002.1","NV2t003804002.1","Nvec","OG_14",1,1,0
"NV2t003882001.1","NV2t003882001.1","Nvec","OG_3983",1,1,0
"NV2t003882002.1","NV2t003882002.1","Nvec","OG_3983",1,1,0
"NV2t003882003.1","NV2t003882003.1","Nvec","OG_3983",1,1,0
"NV2t003882004.1","NV2t003882004.1","Nvec","OG_3983",1,1,0
"NV2t003882005.1","NV2t003882005.1","Nvec","OG_3983",1,1,0
"NV2t003882006.1","NV2t003882006.1","Nvec","OG_3983",1,1,0
"NV2t003882007.1","NV2t003882007.1","Nvec","OG_3983",1,1,0
"NV2t003882008.1","NV2t003882008.1","Nvec","OG_3983",1,1,0
"NV2t003882009.1","NV2t003882009.1","Nvec","OG_3983",1,1,0
"NV2t003882010.1","NV2t003882010.1","Nvec","OG_3983",1,1,0
"NV2t003883001.1","NV2t003883001.1","Nvec","OG_3982",1,1,1
"NV2t003906001.1","NV2t003906001.1","Nvec","OG_8872",1,0,0
"NV2t003955001.1","NV2t003955001.1","Nvec","OG_704",1,1,1
"NV2t003968001.1","NV2t003968001.1","Nvec","OG_1636",1,1,0
"NV2t003977001.1","NV2t003977001.1","Nvec","OG_6420",1,1,0
"NV2t003977002.1","NV2t003977002.1","Nvec","OG_6420",1,1,0
"NV2t003977003.1","NV2t003977003.1","Nvec","OG_6420",1,1,0
"NV2t003977004.1","NV2t003977004.1","Nvec","OG_6420",1,1,0
"NV2t003977005.1","NV2t003977005.1","Nvec","OG_6420",1,1,0
"NV2t003994001.1","NV2t003994001.1","Nvec","OG_7557",1,0,0
"NV2t003995001.1","NV2t003995001.1","Nvec","OG_1647",1,1,0
"NV2t003995002.1","NV2t003995002.1","Nvec","OG_1647",1,1,0
"NV2t004026001.1","NV2t004026001.1","Nvec","OG_7163",1,0,0
"NV2t004045001.1","NV2t004045001.1","Nvec","OG_12155",1,0,0
"NV2t004045002.1","NV2t004045002.1","Nvec","OG_12155",1,0,0
"NV2t004048001.1","NV2t004048001.1","Nvec","OG_11818",1,1,0
"NV2t004048002.1","NV2t004048002.1","Nvec","OG_11818",1,1,0
"NV2t004050001.1","NV2t004050001.1","Nvec","OG_6335",1,1,0
"NV2t004051001.1","NV2t004051001.1","Nvec","OG_1760",1,1,0
"NV2t004052001.1","NV2t004052001.1","Nvec","OG_5308",1,1,0
"NV2t004075001.1","NV2t004075001.1","Nvec","OG_6180",1,1,0
"NV2t004075003.1","NV2t004075003.1","Nvec","OG_6180",1,1,0
"NV2t004075004.1","NV2t004075004.1","Nvec","OG_6180",1,1,0
"NV2t004075005.1","NV2t004075005.1","Nvec","OG_6180",1,1,0
"NV2t004075006.1","NV2t004075006.1","Nvec","OG_6180",1,1,0
"NV2t004075007.1","NV2t004075007.1","Nvec","OG_6180",1,1,0
"NV2t004075008.1","NV2t004075008.1","Nvec","OG_6180",1,1,0
"NV2t004075009.1","NV2t004075009.1","Nvec","OG_6180",1,1,0
"NV2t004075010.1","NV2t004075010.1","Nvec","OG_6180",1,1,0
"NV2t004075011.1","NV2t004075011.1","Nvec","OG_6180",1,1,0
"NV2t004075012.1","NV2t004075012.1","Nvec","OG_6180",1,1,0
"NV2t004083001.1","NV2t004083001.1","Nvec","OG_1588",1,1,0
"NV2t004083002.1","NV2t004083002.1","Nvec","OG_1588",1,1,0
"NV2t004092001.1","NV2t004092001.1","Nvec","OG_12127",1,1,0
"NV2t004092002.1","NV2t004092002.1","Nvec","OG_12127",1,1,0
"NV2t004092003.1","NV2t004092003.1","Nvec","OG_12127",1,1,0
"NV2t004103001.1","NV2t004103001.1","Nvec","OG_11910",1,0,0
"NV2t004105001.1","NV2t004105001.1","Nvec","OG_12627",1,1,0
"NV2t004119001.1","NV2t004119001.1","Nvec","OG_6098",1,0,0
"NV2t004120001.1","NV2t004120001.1","Nvec","OG_5317",1,1,0
"NV2t004126001.1","NV2t004126001.1","Nvec","OG_5653",1,0,0
"NV2t004129001.1","NV2t004129001.1","Nvec","OG_6627",1,0,0
"NV2t004130001.1","NV2t004130001.1","Nvec","OG_12047",1,0,0
"NV2t004139001.1","NV2t004139001.1","Nvec","OG_10240",1,0,0
"NV2t004142001.1","NV2t004142001.1","Nvec","OG_11823",1,0,0
"NV2t004142002.1","NV2t004142002.1","Nvec","OG_11823",1,0,0
"NV2t004143001.1","NV2t004143001.1","Nvec","OG_1630",1,0,0
"NV2t004145001.1","NV2t004145001.1","Nvec","OG_732",1,1,0
"NV2t004170001.1","NV2t004170001.1","Nvec","OG_1723",1,0,0
"NV2t004169002.1","NV2t004169002.1","Nvec","OG_12103",1,0,0
"NV2t004169003.1","NV2t004169003.1","Nvec","OG_12103",1,0,0
"NV2t004169001.1","NV2t004169001.1","Nvec","OG_12103",1,0,0
"NV2t004178001.1","NV2t004178001.1","Nvec","OG_1127",1,1,0
"NV2t004190001.1","NV2t004190001.1","Nvec","OG_1705",1,0,0
"NV2t004204001.1","NV2t004204001.1","Nvec","OG_11854",1,1,0
"NV2t004227001.1","NV2t004227001.1","Nvec","OG_1627",1,1,0
"NV2t004227002.1","NV2t004227002.1","Nvec","OG_1627",1,1,0
"NV2t004227003.1","NV2t004227003.1","Nvec","OG_1627",1,1,0
"NV2t004227004.1","NV2t004227004.1","Nvec","OG_1627",1,1,0
"NV2t004228001.1","NV2t004228001.1","Nvec","OG_6340",1,1,1
"NV2t004229001.1","NV2t004229001.1","Nvec","OG_1626",1,1,0
"NV2t004229002.1","NV2t004229002.1","Nvec","OG_1626",1,1,0
"NV2t004229003.1","NV2t004229003.1","Nvec","OG_1626",1,1,0
"NV2t004231001.1","NV2t004231001.1","Nvec","OG_12246",1,0,0
"NV2t004236001.1","NV2t004236001.1","Nvec","OG_6457",1,0,0
"NV2t004237001.1","NV2t004237001.1","Nvec","OG_6457",1,0,0
"NV2t004240001.1","NV2t004240001.1","Nvec","OG_2875",1,1,1
"NV2t004240002.1","NV2t004240002.1","Nvec","OG_2875",1,1,1
"NV2t004240003.1","NV2t004240003.1","Nvec","OG_2875",1,1,1
"NV2t004249001.1","NV2t004249001.1","Nvec","OG_12008",1,0,0
"NV2t004257001.1","NV2t004257001.1","Nvec","OG_6631",1,1,1
"NV2t004258001.1","NV2t004258001.1","Nvec","OG_12172",1,0,0
"NV2t004259001.1","NV2t004259001.1","Nvec","OG_6631",1,1,1
"NV2t004268001.1","NV2t004268001.1","Nvec","OG_11846",1,0,0
"NV2t004272001.1","NV2t004272001.1","Nvec","OG_291",1,1,0
"NV2t004279001.1","NV2t004279001.1","Nvec","OG_1219",1,0,0
"NV2t004280001.1","NV2t004280001.1","Nvec","OG_4972",1,0,0
"NV2t004283001.1","NV2t004283001.1","Nvec","OG_1083",1,1,0
"NV2t004292001.1","NV2t004292001.1","Nvec","OG_6349",1,0,0
"NV2t004299001.1","NV2t004299001.1","Nvec","OG_12319",1,1,0
"NV2t004299002.1","NV2t004299002.1","Nvec","OG_12319",1,1,0
"NV2t004299003.1","NV2t004299003.1","Nvec","OG_12319",1,1,0
"NV2t004299004.1","NV2t004299004.1","Nvec","OG_12319",1,1,0
"NV2t004300001.1","NV2t004300001.1","Nvec","OG_1726",1,1,0
"NV2t004300002.1","NV2t004300002.1","Nvec","OG_1726",1,1,0
"NV2t004303001.1","NV2t004303001.1","Nvec","OG_12159",1,0,0
"NV2t004306003.1","NV2t004306003.1","Nvec","OG_269",1,1,0
"NV2t004310001.1","NV2t004310001.1","Nvec","OG_5224",1,1,0
"NV2t004312001.1","NV2t004312001.1","Nvec","OG_1786",1,1,0
"NV2t004314001.1","NV2t004314001.1","Nvec","OG_683",1,1,0
"NV2t004315001.1","NV2t004315001.1","Nvec","OG_683",1,1,0
"NV2t004317001.1","NV2t004317001.1","Nvec","OG_12209",1,0,0
"NV2t004317002.1","NV2t004317002.1","Nvec","OG_12209",1,0,0
"NV2t004319001.1","NV2t004319001.1","Nvec","OG_11909",1,1,0
"NV2t004322001.1","NV2t004322001.1","Nvec","OG_1757",1,0,0
"NV2t004322002.1","NV2t004322002.1","Nvec","OG_1757",1,0,0
"NV2t004327001.1","NV2t004327001.1","Nvec","OG_12280",1,1,0
"NV2t004328001.1","NV2t004328001.1","Nvec","OG_1656",1,0,0
"NV2t004329001.1","NV2t004329001.1","Nvec","OG_12024",1,1,0
"NV2t004329002.1","NV2t004329002.1","Nvec","OG_12024",1,1,0
"NV2t004329003.1","NV2t004329003.1","Nvec","OG_12024",1,1,0
"NV2t004337001.1","NV2t004337001.1","Nvec","OG_1599",1,0,0
"NV2t004340001.1","NV2t004340001.1","Nvec","OG_233",1,1,0
"NV2t004358001.1","NV2t004358001.1","Nvec","OG_1762",1,0,0
"NV2t004360001.1","NV2t004360001.1","Nvec","OG_1606",1,1,0
"NV2t004373001.1","NV2t004373001.1","Nvec","OG_11916",1,1,0
"NV2t004375001.1","NV2t004375001.1","Nvec","OG_11916",1,1,0
"NV2t004377001.1","NV2t004377001.1","Nvec","OG_11916",1,1,0
"NV2t004382001.1","NV2t004382001.1","Nvec","OG_12110",1,1,0
"NV2t004382002.1","NV2t004382002.1","Nvec","OG_12110",1,1,0
"NV2t004395001.1","NV2t004395001.1","Nvec","OG_11860",1,1,0
"NV2t004440001.1","NV2t004440001.1","Nvec","OG_1607",1,0,0
"NV2t004442001.1","NV2t004442001.1","Nvec","OG_12263",1,0,0
"NV2t004452001.1","NV2t004452001.1","Nvec","OG_245",1,1,1
"NV2t004455001.1","NV2t004455001.1","Nvec","OG_12265",1,1,0
"NV2t004456001.1","NV2t004456001.1","Nvec","OG_11841",1,1,0
"NV2t004461001.1","NV2t004461001.1","Nvec","OG_11845",1,1,0
"NV2t004461002.1","NV2t004461002.1","Nvec","OG_11845",1,1,0
"NV2t004461004.1","NV2t004461004.1","Nvec","OG_11845",1,1,0
"NV2t004461005.1","NV2t004461005.1","Nvec","OG_11845",1,1,0
"NV2t004461006.1","NV2t004461006.1","Nvec","OG_11845",1,1,0
"NV2t004461007.1","NV2t004461007.1","Nvec","OG_11845",1,1,0
"NV2t004463001.1","NV2t004463001.1","Nvec","OG_12086",1,1,1
"NV2t004464001.1","NV2t004464001.1","Nvec","OG_1719",1,0,0
"NV2t004468001.1","NV2t004468001.1","Nvec","OG_6422",1,0,0
"NV2t004469001.1","NV2t004469001.1","Nvec","OG_1591",1,1,0
"NV2t004482001.1","NV2t004482001.1","Nvec","OG_11881",1,0,0
"NV2t004482002.1","NV2t004482002.1","Nvec","OG_11881",1,0,0
"NV2t004482003.1","NV2t004482003.1","Nvec","OG_11881",1,0,0
"NV2t004484001.1","NV2t004484001.1","Nvec","OG_699",1,1,0
"NV2t004496001.1","NV2t004496001.1","Nvec","OG_12300",1,0,0
"NV2t004516001.1","NV2t004516001.1","Nvec","OG_11797",1,0,0
"NV2t004517001.1","NV2t004517001.1","Nvec","OG_1774",1,1,0
"NV2t004517002.1","NV2t004517002.1","Nvec","OG_1774",1,1,0
"NV2t004517003.1","NV2t004517003.1","Nvec","OG_1774",1,1,0
"NV2t004517004.1","NV2t004517004.1","Nvec","OG_1774",1,1,0
"NV2t004517005.1","NV2t004517005.1","Nvec","OG_1774",1,1,0
"NV2t004517006.1","NV2t004517006.1","Nvec","OG_1774",1,1,0
"NV2t004517007.1","NV2t004517007.1","Nvec","OG_1774",1,1,0
"NV2t004518001.1","NV2t004518001.1","Nvec","OG_6194",1,1,0
"NV2t004532001.1","NV2t004532001.1","Nvec","OG_11882",1,1,0
"NV2t004532002.1","NV2t004532002.1","Nvec","OG_11882",1,1,0
"NV2t004532003.1","NV2t004532003.1","Nvec","OG_11882",1,1,0
"NV2t004542001.1","NV2t004542001.1","Nvec","OG_1579",1,1,1
"NV2t004542002.1","NV2t004542002.1","Nvec","OG_1579",1,1,1
"NV2t004542003.1","NV2t004542003.1","Nvec","OG_1579",1,1,1
"NV2t004545001.1","NV2t004545001.1","Nvec","OG_1545",1,0,0
"NV2t004552001.1","NV2t004552001.1","Nvec","OG_1651",1,0,0
"NV2t004563001.1","NV2t004563001.1","Nvec","OG_12180",1,1,0
"NV2t004563002.1","NV2t004563002.1","Nvec","OG_12180",1,1,0
"NV2t004563003.1","NV2t004563003.1","Nvec","OG_12180",1,1,0
"NV2t004574001.1","NV2t004574001.1","Nvec","OG_1773",1,1,0
"NV2t004576001.1","NV2t004576001.1","Nvec","OG_11982",1,1,0
"NV2t004580001.1","NV2t004580001.1","Nvec","OG_843",1,1,0
"NV2t004586001.1","NV2t004586001.1","Nvec","OG_12294",1,0,0
"NV2t004587001.1","NV2t004587001.1","Nvec","OG_12294",1,0,0
"NV2t004591001.1","NV2t004591001.1","Nvec","OG_1693",1,1,0
"NV2t004603001.1","NV2t004603001.1","Nvec","OG_149",1,1,1
"NV2t004603002.1","NV2t004603002.1","Nvec","OG_149",1,1,1
"NV2t004603003.1","NV2t004603003.1","Nvec","OG_149",1,1,1
"NV2t004603004.1","NV2t004603004.1","Nvec","OG_149",1,1,1
"NV2t004603005.1","NV2t004603005.1","Nvec","OG_149",1,1,1
"NV2t004603006.1","NV2t004603006.1","Nvec","OG_149",1,1,1
"NV2t004608001.1","NV2t004608001.1","Nvec","OG_840",1,1,0
"NV2t004608002.1","NV2t004608002.1","Nvec","OG_840",1,1,0
"NV2t004612001.1","NV2t004612001.1","Nvec","OG_1299",1,0,0
"NV2t004632001.1","NV2t004632001.1","Nvec","OG_1716",1,1,0
"NV2t004632002.1","NV2t004632002.1","Nvec","OG_1716",1,1,0
"NV2t004649001.1","NV2t004649001.1","Nvec","OG_6358",1,1,0
"NV2t004649002.1","NV2t004649002.1","Nvec","OG_6358",1,1,0
"NV2t004649003.1","NV2t004649003.1","Nvec","OG_6358",1,1,0
"NV2t004654001.1","NV2t004654001.1","Nvec","OG_12071",1,0,0
"NV2t004654002.1","NV2t004654002.1","Nvec","OG_12071",1,0,0
"NV2t004669001.1","NV2t004669001.1","Nvec","OG_737",1,1,0
"NV2t004678001.1","NV2t004678001.1","Nvec","OG_1634",1,0,0
"NV2t004679001.1","NV2t004679001.1","Nvec","OG_11903",1,0,0
"NV2t004680001.1","NV2t004680001.1","Nvec","OG_11904",1,1,0
"NV2t004684001.1","NV2t004684001.1","Nvec","OG_12219",1,0,0
"NV2t004685001.1","NV2t004685001.1","Nvec","OG_11902",1,1,1
"NV2t004693001.1","NV2t004693001.1","Nvec","OG_11893",1,1,0
"NV2t004700001.1","NV2t004700001.1","Nvec","OG_725",1,1,1
"NV2t004706001.1","NV2t004706001.1","Nvec","OG_5076",1,1,0
"NV2t004709001.1","NV2t004709001.1","Nvec","OG_6248",1,1,0
"NV2t004720002.1","NV2t004720002.1","Nvec","OG_1683",1,1,0
"NV2t004720001.1","NV2t004720001.1","Nvec","OG_1683",1,1,0
"NV2t004735001.1","NV2t004735001.1","Nvec","OG_1592",1,1,0
"NV2t004738001.1","NV2t004738001.1","Nvec","OG_1699",1,0,0
"NV2t004739001.1","NV2t004739001.1","Nvec","OG_1764",1,0,0
"NV2t004739002.1","NV2t004739002.1","Nvec","OG_1764",1,0,0
"NV2t004739003.1","NV2t004739003.1","Nvec","OG_1764",1,0,0
"NV2t004742001.1","NV2t004742001.1","Nvec","OG_12057",1,0,0
"NV2t004747001.1","NV2t004747001.1","Nvec","OG_12128",1,1,0
"NV2t004777001.1","NV2t004777001.1","Nvec","OG_929",1,1,1
"NV2t004783002.1","NV2t004783002.1","Nvec","OG_902",1,1,0
"NV2t004806001.1","NV2t004806001.1","Nvec","OG_12307",1,0,0
"NV2t004813002.1","NV2t004813002.1","Nvec","OG_12293",1,1,0
"NV2t004819001.1","NV2t004819001.1","Nvec","OG_253",1,1,0
"NV2t004820001.1","NV2t004820001.1","Nvec","OG_153",1,1,0
"NV2t004833001.1","NV2t004833001.1","Nvec","OG_1539",1,1,0
"NV2t004838001.1","NV2t004838001.1","Nvec","OG_1114",1,1,0
"NV2t004839001.1","NV2t004839001.1","Nvec","OG_1114",1,1,0
"NV2t004842001.1","NV2t004842001.1","Nvec","OG_1042",1,0,0
"NV2t004846001.1","NV2t004846001.1","Nvec","OG_12186",1,1,0
"NV2t004853001.1","NV2t004853001.1","Nvec","OG_6182",1,1,0
"NV2t004854001.1","NV2t004854001.1","Nvec","OG_5663",1,0,0
"NV2t004859001.1","NV2t004859001.1","Nvec","OG_448",1,1,1
"NV2t004859002.1","NV2t004859002.1","Nvec","OG_448",1,1,1
"NV2t004868001.1","NV2t004868001.1","Nvec","OG_5664",1,0,0
"NV2t004869001.1","NV2t004869001.1","Nvec","OG_12038",1,1,0
"NV2t004879001.1","NV2t004879001.1","Nvec","OG_6951",1,1,1
"NV2t004885001.1","NV2t004885001.1","Nvec","OG_11985",1,0,0
"NV2t004888001.1","NV2t004888001.1","Nvec","OG_12633",1,0,0
"NV2t004890001.1","NV2t004890001.1","Nvec","OG_1769",1,1,0
"NV2t004892001.1","NV2t004892001.1","Nvec","OG_978",1,1,1
"NV2t004894001.1","NV2t004894001.1","Nvec","OG_11966",1,0,0
"NV2t004895001.1","NV2t004895001.1","Nvec","OG_6623",1,0,0
"NV2t004903001.1","NV2t004903001.1","Nvec","OG_1681",1,1,0
"NV2t004905001.1","NV2t004905001.1","Nvec","OG_11814",1,1,1
"NV2t004905002.1","NV2t004905002.1","Nvec","OG_11814",1,1,1
"NV2t004905003.1","NV2t004905003.1","Nvec","OG_11814",1,1,1
"NV2t004909001.1","NV2t004909001.1","Nvec","OG_432",1,1,0
"NV2t004909002.1","NV2t004909002.1","Nvec","OG_432",1,1,0
"NV2t004909003.1","NV2t004909003.1","Nvec","OG_432",1,1,0
"NV2t004937001.1","NV2t004937001.1","Nvec","OG_8576",1,0,0
"NV2t004942001.1","NV2t004942001.1","Nvec","OG_10651",1,0,1
"NV2t004950001.1","NV2t004950001.1","Nvec","OG_284",1,1,1
"NV2t004966001.1","NV2t004966001.1","Nvec","OG_10919",1,1,1
"NV2t004978001.1","NV2t004978001.1","Nvec","OG_6691",1,1,0
"NV2t004978002.1","NV2t004978002.1","Nvec","OG_6691",1,1,0
"NV2t004979001.1","NV2t004979001.1","Nvec","OG_300",1,1,0
"NV2t004979002.1","NV2t004979002.1","Nvec","OG_300",1,1,0
"NV2t004987001.1","NV2t004987001.1","Nvec","OG_6188",1,1,1
"NV2t004999001.1","NV2t004999001.1","Nvec","OG_1548",1,0,0
"NV2t005007001.1","NV2t005007001.1","Nvec","OG_631",1,1,1
"NV2t005007002.1","NV2t005007002.1","Nvec","OG_631",1,1,1
"NV2t005009001.1","NV2t005009001.1","Nvec","OG_848",1,1,0
"NV2t005033001.1","NV2t005033001.1","Nvec","OG_10751",1,1,0
"NV2t005038001.1","NV2t005038001.1","Nvec","OG_12237",1,0,0
"NV2t005038002.1","NV2t005038002.1","Nvec","OG_12237",1,0,0
"NV2t005039001.1","NV2t005039001.1","Nvec","OG_12238",1,0,0
"NV2t005040001.1","NV2t005040001.1","Nvec","OG_1598",1,1,0
"NV2t005059001.1","NV2t005059001.1","Nvec","OG_4977",1,1,0
"NV2t005062001.1","NV2t005062001.1","Nvec","OG_11868",1,1,0
"NV2t005062002.1","NV2t005062002.1","Nvec","OG_11868",1,1,0
"NV2t005070001.1","NV2t005070001.1","Nvec","OG_11980",1,1,0
"NV2t005081001.1","NV2t005081001.1","Nvec","OG_617",1,1,0
"NV2t005086002.1","NV2t005086002.1","Nvec","OG_1740",1,1,1
"NV2t005087001.1","NV2t005087001.1","Nvec","OG_12266",1,0,0
"NV2t005108001.1","NV2t005108001.1","Nvec","OG_12188",1,1,1
"NV2t005109001.1","NV2t005109001.1","Nvec","OG_1783",1,1,0
"NV2t005124001.1","NV2t005124001.1","Nvec","OG_11873",1,1,0
"NV2t005124002.1","NV2t005124002.1","Nvec","OG_11873",1,1,0
"NV2t005124003.1","NV2t005124003.1","Nvec","OG_11873",1,1,0
"NV2t005124004.1","NV2t005124004.1","Nvec","OG_11873",1,1,0
"NV2t005124005.1","NV2t005124005.1","Nvec","OG_11873",1,1,0
"NV2t005125001.1","NV2t005125001.1","Nvec","OG_6178",1,1,0
"NV2t005133001.1","NV2t005133001.1","Nvec","OG_438",1,1,1
"NV2t005151001.1","NV2t005151001.1","Nvec","OG_12314",1,1,0
"NV2t005161001.1","NV2t005161001.1","Nvec","OG_12105",1,1,0
"NV2t005166001.1","NV2t005166001.1","Nvec","OG_12104",1,1,1
"NV2t005166002.1","NV2t005166002.1","Nvec","OG_12104",1,1,1
"NV2t005181001.1","NV2t005181001.1","Nvec","OG_12249",1,1,0
"NV2t005181002.1","NV2t005181002.1","Nvec","OG_12249",1,1,0
"NV2t005217001.1","NV2t005217001.1","Nvec","OG_12232",1,1,0
"NV2t005219001.1","NV2t005219001.1","Nvec","OG_12232",1,1,0
"NV2t005234001.1","NV2t005234001.1","Nvec","OG_4974",1,0,0
"NV2t005242001.1","NV2t005242001.1","Nvec","OG_1685",1,1,1
"NV2t005242002.1","NV2t005242002.1","Nvec","OG_1685",1,1,1
"NV2t005242003.1","NV2t005242003.1","Nvec","OG_1685",1,1,1
"NV2t005247001.1","NV2t005247001.1","Nvec","OG_6586",1,0,1
"NV2t005248001.1","NV2t005248001.1","Nvec","OG_1706",1,1,0
"NV2t005257001.1","NV2t005257001.1","Nvec","OG_11801",1,1,1
"NV2t005257002.1","NV2t005257002.1","Nvec","OG_11801",1,1,1
"NV2t005257003.1","NV2t005257003.1","Nvec","OG_11801",1,1,1
"NV2t005257004.1","NV2t005257004.1","Nvec","OG_11801",1,1,1
"NV2t005257005.1","NV2t005257005.1","Nvec","OG_11801",1,1,1
"NV2t005257006.1","NV2t005257006.1","Nvec","OG_11801",1,1,1
"NV2t005258001.1","NV2t005258001.1","Nvec","OG_11799",1,1,0
"NV2t005258002.1","NV2t005258002.1","Nvec","OG_11799",1,1,0
"NV2t005258003.1","NV2t005258003.1","Nvec","OG_11799",1,1,0
"NV2t005258004.1","NV2t005258004.1","Nvec","OG_11799",1,1,0
"NV2t005258005.1","NV2t005258005.1","Nvec","OG_11799",1,1,0
"NV2t005264001.1","NV2t005264001.1","Nvec","OG_6641",1,1,0
"NV2t005267001.1","NV2t005267001.1","Nvec","OG_11819",1,0,0
"NV2t005275001.1","NV2t005275001.1","Nvec","OG_5668",1,0,0
"NV2t005278001.1","NV2t005278001.1","Nvec","OG_11911",1,1,1
"NV2t005284001.1","NV2t005284001.1","Nvec","OG_11852",1,1,0
"NV2t005292001.1","NV2t005292001.1","Nvec","OG_7756",1,1,1
"NV2t005315001.1","NV2t005315001.1","Nvec","OG_588",1,0,0
"NV2t005326001.1","NV2t005326001.1","Nvec","OG_1669",1,1,0
"NV2t005326002.1","NV2t005326002.1","Nvec","OG_1669",1,1,0
"NV2t005353001.1","NV2t005353001.1","Nvec","OG_10618",1,1,0
"NV2t005364001.1","NV2t005364001.1","Nvec","OG_12635",1,0,0
"NV2t005381001.1","NV2t005381001.1","Nvec","OG_6645",1,0,0
"NV2t005390001.1","NV2t005390001.1","Nvec","OG_1718",1,1,0
"NV2t005397001.1","NV2t005397001.1","Nvec","OG_1697",1,0,0
"NV2t005397002.1","NV2t005397002.1","Nvec","OG_1697",1,0,0
"NV2t005397003.1","NV2t005397003.1","Nvec","OG_1697",1,0,0
"NV2t005397004.1","NV2t005397004.1","Nvec","OG_1697",1,0,0
"NV2t005397005.1","NV2t005397005.1","Nvec","OG_1697",1,0,0
"NV2t005399001.1","NV2t005399001.1","Nvec","OG_1753",1,0,0
"NV2t005406001.1","NV2t005406001.1","Nvec","OG_11913",1,1,0
"NV2t005409001.1","NV2t005409001.1","Nvec","OG_11913",1,1,0
"NV2t005430001.1","NV2t005430001.1","Nvec","OG_1735",1,0,0
"NV2t005431001.1","NV2t005431001.1","Nvec","OG_1535",1,0,0
"NV2t005433001.1","NV2t005433001.1","Nvec","OG_6269",1,0,0
"NV2t005452002.1","NV2t005452002.1","Nvec","OG_1763",1,1,0
"NV2t005452003.1","NV2t005452003.1","Nvec","OG_1763",1,1,0
"NV2t005452001.1","NV2t005452001.1","Nvec","OG_1763",1,1,0
"NV2t005452004.1","NV2t005452004.1","Nvec","OG_1763",1,1,0
"NV2t005452005.1","NV2t005452005.1","Nvec","OG_1763",1,1,0
"NV2t005452006.1","NV2t005452006.1","Nvec","OG_1763",1,1,0
"NV2t005464001.1","NV2t005464001.1","Nvec","OG_11912",1,0,0
"NV2t005465001.1","NV2t005465001.1","Nvec","OG_1754",1,0,0
"NV2t005467001.1","NV2t005467001.1","Nvec","OG_1756",1,1,0
"NV2t005479001.1","NV2t005479001.1","Nvec","OG_12109",1,0,0
"NV2t005509001.1","NV2t005509001.1","Nvec","OG_267",1,1,0
"NV2t005522001.1","NV2t005522001.1","Nvec","OG_4846",1,0,0
"NV2t005532001.1","NV2t005532001.1","Nvec","OG_9522",1,1,0
"NV2t005532002.1","NV2t005532002.1","Nvec","OG_9522",1,1,0
"NV2t005532003.1","NV2t005532003.1","Nvec","OG_9522",1,1,0
"NV2t005541001.1","NV2t005541001.1","Nvec","OG_9575",1,0,0
"NV2t005543001.1","NV2t005543001.1","Nvec","OG_9574",1,1,0
"NV2t005557001.1","NV2t005557001.1","Nvec","OG_770",1,1,0
"NV2t005563001.1","NV2t005563001.1","Nvec","OG_712",1,1,0
"NV2t005573001.1","NV2t005573001.1","Nvec","OG_452",1,0,0
"NV2t005583001.1","NV2t005583001.1","Nvec","OG_4885",1,1,0
"NV2t005583002.1","NV2t005583002.1","Nvec","OG_4885",1,1,0
"NV2t005583003.1","NV2t005583003.1","Nvec","OG_4885",1,1,0
"NV2t005589001.1","NV2t005589001.1","Nvec","OG_631",1,1,1
"NV2t005597002.1","NV2t005597002.1","Nvec","OG_1125",1,0,1
"NV2t005600001.1","NV2t005600001.1","Nvec","OG_1114",1,1,0
"NV2t005610001.1","NV2t005610001.1","Nvec","OG_242",1,1,0
"NV2t005612001.1","NV2t005612001.1","Nvec","OG_4839",1,0,0
"NV2t005653001.1","NV2t005653001.1","Nvec","OG_165",1,1,1
"NV2t005654001.1","NV2t005654001.1","Nvec","OG_588",1,0,0
"NV2t005655001.1","NV2t005655001.1","Nvec","OG_466",1,1,0
"NV2t005663001.1","NV2t005663001.1","Nvec","OG_6728",1,1,1
"NV2t005676001.1","NV2t005676001.1","Nvec","OG_5581",1,0,0
"NV2t005680001.1","NV2t005680001.1","Nvec","OG_770",1,1,0
"NV2t005681001.1","NV2t005681001.1","Nvec","OG_757",1,1,1
"NV2t005681002.1","NV2t005681002.1","Nvec","OG_270",1,1,1
"NV2t005681003.1","NV2t005681003.1","Nvec","OG_270",1,1,1
"NV2t005682001.1","NV2t005682001.1","Nvec","OG_771",1,1,1
"NV2t005686001.1","NV2t005686001.1","Nvec","OG_895",1,1,1
"NV2t005686002.1","NV2t005686002.1","Nvec","OG_895",1,1,1
"NV2t005686003.1","NV2t005686003.1","Nvec","OG_895",1,1,1
"NV2t005686004.1","NV2t005686004.1","Nvec","OG_895",1,1,1
"NV2t005690004.1","NV2t005690004.1","Nvec","OG_5512",1,0,0
"NV2t005690001.1","NV2t005690001.1","Nvec","OG_5512",1,0,0
"NV2t005690002.1","NV2t005690002.1","Nvec","OG_5512",1,0,0
"NV2t005690003.1","NV2t005690003.1","Nvec","OG_5512",1,0,0
"NV2t005695001.1","NV2t005695001.1","Nvec","OG_165",1,1,1
"NV2t005700001.1","NV2t005700001.1","Nvec","OG_449",1,1,0
"NV2t005700002.1","NV2t005700002.1","Nvec","OG_449",1,1,0
"NV2t005701001.1","NV2t005701001.1","Nvec","OG_9455",1,1,0
"NV2t005701003.1","NV2t005701003.1","Nvec","OG_9455",1,1,0
"NV2t005701004.1","NV2t005701004.1","Nvec","OG_9455",1,1,0
"NV2t005701005.1","NV2t005701005.1","Nvec","OG_9455",1,1,0
"NV2t005701006.1","NV2t005701006.1","Nvec","OG_9455",1,1,0
"NV2t005701002.1","NV2t005701002.1","Nvec","OG_9455",1,1,0
"NV2t005704001.1","NV2t005704001.1","Nvec","OG_6711",1,1,0
"NV2t005708001.1","NV2t005708001.1","Nvec","OG_9342",1,1,0
"NV2t005708002.1","NV2t005708002.1","Nvec","OG_9342",1,1,0
"NV2t005708003.1","NV2t005708003.1","Nvec","OG_9342",1,1,0
"NV2t005708004.1","NV2t005708004.1","Nvec","OG_9342",1,1,0
"NV2t005732001.1","NV2t005732001.1","Nvec","OG_4883",1,0,0
"NV2t005732002.1","NV2t005732002.1","Nvec","OG_4883",1,0,0
"NV2t005732003.1","NV2t005732003.1","Nvec","OG_4883",1,0,0
"NV2t005734001.1","NV2t005734001.1","Nvec","OG_727",1,1,0
"NV2t005735001.1","NV2t005735001.1","Nvec","OG_5513",1,0,1
"NV2t005735002.1","NV2t005735002.1","Nvec","OG_5513",1,0,1
"NV2t005735003.1","NV2t005735003.1","Nvec","OG_5513",1,0,1
"NV2t005750001.1","NV2t005750001.1","Nvec","OG_9495",1,0,0
"NV2t005752001.1","NV2t005752001.1","Nvec","OG_4892",1,1,0
"NV2t005756001.1","NV2t005756001.1","Nvec","OG_1126",1,1,0
"NV2t005778001.1","NV2t005778001.1","Nvec","OG_9424",1,0,0
"NV2t005778002.1","NV2t005778002.1","Nvec","OG_9424",1,0,0
"NV2t005785001.1","NV2t005785001.1","Nvec","OG_9410",1,1,0
"NV2t005789001.1","NV2t005789001.1","Nvec","OG_5167",1,1,0
"NV2t005791001.1","NV2t005791001.1","Nvec","OG_5167",1,1,0
"NV2t005792001.1","NV2t005792001.1","Nvec","OG_5167",1,1,0
"NV2t005792002.1","NV2t005792002.1","Nvec","OG_5167",1,1,0
"NV2t005792003.1","NV2t005792003.1","Nvec","OG_5167",1,1,0
"NV2t005819001.1","NV2t005819001.1","Nvec","OG_4901",1,1,0
"NV2t005819002.1","NV2t005819002.1","Nvec","OG_4901",1,1,0
"NV2t005819003.1","NV2t005819003.1","Nvec","OG_4901",1,1,0
"NV2t005819004.1","NV2t005819004.1","Nvec","OG_4901",1,1,0
"NV2t005819005.1","NV2t005819005.1","Nvec","OG_4901",1,1,0
"NV2t005819006.1","NV2t005819006.1","Nvec","OG_4901",1,1,0
"NV2t005819007.1","NV2t005819007.1","Nvec","OG_4901",1,1,0
"NV2t005824001.1","NV2t005824001.1","Nvec","OG_573",1,0,0
"NV2t005824002.1","NV2t005824002.1","Nvec","OG_573",1,0,0
"NV2t005827003.1","NV2t005827003.1","Nvec","OG_5262",1,1,0
"NV2t005833001.1","NV2t005833001.1","Nvec","OG_9357",1,1,0
"NV2t005836001.1","NV2t005836001.1","Nvec","OG_9416",1,0,0
"NV2t005837001.1","NV2t005837001.1","Nvec","OG_5514",1,0,1
"NV2t005837002.1","NV2t005837002.1","Nvec","OG_5514",1,0,1
"NV2t005837003.1","NV2t005837003.1","Nvec","OG_5514",1,0,1
"NV2t005837005.1","NV2t005837005.1","Nvec","OG_5514",1,0,1
"NV2t005837004.1","NV2t005837004.1","Nvec","OG_5514",1,0,1
"NV2t005837006.1","NV2t005837006.1","Nvec","OG_5514",1,0,1
"NV2t005837007.1","NV2t005837007.1","Nvec","OG_5514",1,0,1
"NV2t005837008.1","NV2t005837008.1","Nvec","OG_5514",1,0,1
"NV2t005855001.1","NV2t005855001.1","Nvec","OG_9528",1,1,0
"NV2t005858001.1","NV2t005858001.1","Nvec","OG_631",1,1,1
"NV2t005858002.1","NV2t005858002.1","Nvec","OG_631",1,1,1
"NV2t005860001.1","NV2t005860001.1","Nvec","OG_5992",1,0,0
"NV2t005864001.1","NV2t005864001.1","Nvec","OG_287",1,1,1
"NV2t005870001.1","NV2t005870001.1","Nvec","OG_9351",1,1,0
"NV2t005887001.1","NV2t005887001.1","Nvec","OG_9564",1,1,1
"NV2t005887002.1","NV2t005887002.1","Nvec","OG_9564",1,1,1
"NV2t005887003.1","NV2t005887003.1","Nvec","OG_9564",1,1,1
"NV2t005887004.1","NV2t005887004.1","Nvec","OG_9564",1,1,1
"NV2t005887005.1","NV2t005887005.1","Nvec","OG_9564",1,1,1
"NV2t005887006.1","NV2t005887006.1","Nvec","OG_9564",1,1,1
"NV2t005899004.1","NV2t005899004.1","Nvec","OG_963",1,1,1
"NV2t005899001.1","NV2t005899001.1","Nvec","OG_963",1,1,1
"NV2t005899010.1","NV2t005899010.1","Nvec","OG_963",1,1,1
"NV2t005899011.1","NV2t005899011.1","Nvec","OG_963",1,1,1
"NV2t005899012.1","NV2t005899012.1","Nvec","OG_963",1,1,1
"NV2t005899013.1","NV2t005899013.1","Nvec","OG_963",1,1,1
"NV2t005899014.1","NV2t005899014.1","Nvec","OG_963",1,1,1
"NV2t005899015.1","NV2t005899015.1","Nvec","OG_963",1,1,1
"NV2t005899016.1","NV2t005899016.1","Nvec","OG_963",1,1,1
"NV2t005899017.1","NV2t005899017.1","Nvec","OG_963",1,1,1
"NV2t005899018.1","NV2t005899018.1","Nvec","OG_963",1,1,1
"NV2t005899019.1","NV2t005899019.1","Nvec","OG_963",1,1,1
"NV2t005899002.1","NV2t005899002.1","Nvec","OG_963",1,1,1
"NV2t005899020.1","NV2t005899020.1","Nvec","OG_963",1,1,1
"NV2t005899003.1","NV2t005899003.1","Nvec","OG_963",1,1,1
"NV2t005899005.1","NV2t005899005.1","Nvec","OG_963",1,1,1
"NV2t005899006.1","NV2t005899006.1","Nvec","OG_963",1,1,1
"NV2t005899007.1","NV2t005899007.1","Nvec","OG_963",1,1,1
"NV2t005899008.1","NV2t005899008.1","Nvec","OG_963",1,1,1
"NV2t005899009.1","NV2t005899009.1","Nvec","OG_963",1,1,1
"NV2t005899021.1","NV2t005899021.1","Nvec","OG_963",1,1,1
"NV2t005899022.1","NV2t005899022.1","Nvec","OG_963",1,1,1
"NV2t005899023.1","NV2t005899023.1","Nvec","OG_963",1,1,1
"NV2t005891002.1","NV2t005891002.1","Nvec","OG_1018",1,1,0
"NV2t005899024.1","NV2t005899024.1","Nvec","OG_963",1,1,1
"NV2t005901001.1","NV2t005901001.1","Nvec","OG_773",1,1,1
"NV2t005903001.1","NV2t005903001.1","Nvec","OG_680",1,1,1
"NV2t005904001.1","NV2t005904001.1","Nvec","OG_5067",1,0,0
"NV2t005904002.1","NV2t005904002.1","Nvec","OG_5067",1,0,0
"NV2t005904003.1","NV2t005904003.1","Nvec","OG_5067",1,0,0
"NV2t005904004.1","NV2t005904004.1","Nvec","OG_5067",1,0,0
"NV2t005906001.1","NV2t005906001.1","Nvec","OG_6737",1,1,0
"NV2t005921001.1","NV2t005921001.1","Nvec","OG_233",1,1,0
"NV2t005921002.1","NV2t005921002.1","Nvec","OG_233",1,1,0
"NV2t005945001.1","NV2t005945001.1","Nvec","OG_441",1,1,1
"NV2t005946001.1","NV2t005946001.1","Nvec","OG_9425",1,1,0
"NV2t005946002.1","NV2t005946002.1","Nvec","OG_9425",1,1,0
"NV2t005946003.1","NV2t005946003.1","Nvec","OG_9425",1,1,0
"NV2t005946004.1","NV2t005946004.1","Nvec","OG_9425",1,1,0
"NV2t005947001.1","NV2t005947001.1","Nvec","OG_9427",1,1,1
"NV2t005964001.1","NV2t005964001.1","Nvec","OG_4832",1,0,0
"NV2t005965001.1","NV2t005965001.1","Nvec","OG_9468",1,1,1
"NV2t005965002.1","NV2t005965002.1","Nvec","OG_9468",1,1,1
"NV2t005965003.1","NV2t005965003.1","Nvec","OG_9468",1,1,1
"NV2t005969001.1","NV2t005969001.1","Nvec","OG_155",1,1,1
"NV2t005969003.1","NV2t005969003.1","Nvec","OG_155",1,1,1
"NV2t005969004.1","NV2t005969004.1","Nvec","OG_155",1,1,1
"NV2t005969005.1","NV2t005969005.1","Nvec","OG_155",1,1,1
"NV2t005969002.1","NV2t005969002.1","Nvec","OG_155",1,1,1
"NV2t005968001.1","NV2t005968001.1","Nvec","OG_156",1,1,0
"NV2t005968002.1","NV2t005968002.1","Nvec","OG_156",1,1,0
"NV2t005969006.1","NV2t005969006.1","Nvec","OG_155",1,1,1
"NV2t005969007.1","NV2t005969007.1","Nvec","OG_155",1,1,1
"NV2t005969008.1","NV2t005969008.1","Nvec","OG_155",1,1,1
"NV2t005969010.1","NV2t005969010.1","Nvec","OG_155",1,1,1
"NV2t005969009.1","NV2t005969009.1","Nvec","OG_155",1,1,1
"NV2t005969011.1","NV2t005969011.1","Nvec","OG_155",1,1,1
"NV2t005976001.1","NV2t005976001.1","Nvec","OG_5516",1,0,0
"NV2t005976002.1","NV2t005976002.1","Nvec","OG_5516",1,0,0
"NV2t005978001.1","NV2t005978001.1","Nvec","OG_12609",1,0,0
"NV2t005979001.1","NV2t005979001.1","Nvec","OG_9403",1,0,0
"NV2t005980001.1","NV2t005980001.1","Nvec","OG_4841",1,0,1
"NV2t005980002.1","NV2t005980002.1","Nvec","OG_4841",1,0,1
"NV2t005980003.1","NV2t005980003.1","Nvec","OG_4841",1,0,1
"NV2t005980004.1","NV2t005980004.1","Nvec","OG_4841",1,0,1
"NV2t005980005.1","NV2t005980005.1","Nvec","OG_4841",1,0,1
"NV2t005980006.1","NV2t005980006.1","Nvec","OG_4841",1,0,1
"NV2t005980007.1","NV2t005980007.1","Nvec","OG_4841",1,0,1
"NV2t005989001.1","NV2t005989001.1","Nvec","OG_4848",1,1,0
"NV2t005993001.1","NV2t005993001.1","Nvec","OG_6727",1,1,0
"NV2t005997001.1","NV2t005997001.1","Nvec","OG_4847",1,1,0
"NV2t006004001.1","NV2t006004001.1","Nvec","OG_5595",1,0,0
"NV2t006024001.1","NV2t006024001.1","Nvec","OG_9549",1,0,0
"NV2t006025001.1","NV2t006025001.1","Nvec","OG_9548",1,0,0
"NV2t006025002.1","NV2t006025002.1","Nvec","OG_9548",1,0,0
"NV2t006027001.1","NV2t006027001.1","Nvec","OG_5596",1,0,1
"NV2t006032001.1","NV2t006032001.1","Nvec","OG_6718",1,1,0
"NV2t006077001.1","NV2t006077001.1","Nvec","OG_6078",1,0,0
"NV2t006077002.1","NV2t006077002.1","Nvec","OG_6078",1,0,0
"NV2t006079001.1","NV2t006079001.1","Nvec","OG_1281",1,0,0
"NV2t006093001.1","NV2t006093001.1","Nvec","OG_9476",1,1,0
"NV2t006093002.1","NV2t006093002.1","Nvec","OG_9476",1,1,0
"NV2t006093003.1","NV2t006093003.1","Nvec","OG_9476",1,1,0
"NV2t006094001.1","NV2t006094001.1","Nvec","OG_5598",1,0,0
"NV2t006095001.1","NV2t006095001.1","Nvec","OG_9450",1,0,0
"NV2t006096001.1","NV2t006096001.1","Nvec","OG_5938",1,0,0
"NV2t006096002.1","NV2t006096002.1","Nvec","OG_5938",1,0,0
"NV2t006096003.1","NV2t006096003.1","Nvec","OG_5938",1,0,0
"NV2t006096004.1","NV2t006096004.1","Nvec","OG_5938",1,0,0
"NV2t006098001.1","NV2t006098001.1","Nvec","OG_9590",1,1,0
"NV2t006098002.1","NV2t006098002.1","Nvec","OG_9590",1,1,0
"NV2t006109001.1","NV2t006109001.1","Nvec","OG_9582",1,0,0
"NV2t006110001.1","NV2t006110001.1","Nvec","OG_1656",1,0,0
"NV2t006110002.1","NV2t006110002.1","Nvec","OG_1656",1,0,0
"NV2t006110003.1","NV2t006110003.1","Nvec","OG_1656",1,0,0
"NV2t006110004.1","NV2t006110004.1","Nvec","OG_1656",1,0,0
"NV2t006122001.1","NV2t006122001.1","Nvec","OG_4894",1,1,0
"NV2t006134001.1","NV2t006134001.1","Nvec","OG_4899",1,0,0
"NV2t006138001.1","NV2t006138001.1","Nvec","OG_1083",1,1,0
"NV2t006137001.1","NV2t006137001.1","Nvec","OG_9462",1,1,0
"NV2t006137002.1","NV2t006137002.1","Nvec","OG_9462",1,1,0
"NV2t006147001.1","NV2t006147001.1","Nvec","OG_5263",1,1,0
"NV2t006157001.1","NV2t006157001.1","Nvec","OG_9515",1,1,0
"NV2t006169002.1","NV2t006169002.1","Nvec","OG_4830",1,1,1
"NV2t006169001.1","NV2t006169001.1","Nvec","OG_4830",1,1,1
"NV2t006180001.1","NV2t006180001.1","Nvec","OG_9458",1,1,0
"NV2t006183001.1","NV2t006183001.1","Nvec","OG_170",1,1,1
"NV2t006184001.1","NV2t006184001.1","Nvec","OG_5211",1,0,0
"NV2t006185001.1","NV2t006185001.1","Nvec","OG_5211",1,0,0
"NV2t006186001.1","NV2t006186001.1","Nvec","OG_6713",1,0,0
"NV2t006220001.1","NV2t006220001.1","Nvec","OG_4891",1,0,0
"NV2t006221001.1","NV2t006221001.1","Nvec","OG_4842",1,0,0
"NV2t006235001.1","NV2t006235001.1","Nvec","OG_604",1,1,1
"NV2t006244001.1","NV2t006244001.1","Nvec","OG_9394",1,1,0
"NV2t006244002.1","NV2t006244002.1","Nvec","OG_9394",1,1,0
"NV2t006244003.1","NV2t006244003.1","Nvec","OG_9394",1,1,0
"NV2t006246001.1","NV2t006246001.1","Nvec","OG_568",1,1,1
"NV2t006247001.1","NV2t006247001.1","Nvec","OG_6076",1,1,0
"NV2t006247002.1","NV2t006247002.1","Nvec","OG_6076",1,1,0
"NV2t006247003.1","NV2t006247003.1","Nvec","OG_6076",1,1,0
"NV2t006248001.1","NV2t006248001.1","Nvec","OG_6716",1,1,0
"NV2t006248002.1","NV2t006248002.1","Nvec","OG_6716",1,1,0
"NV2t006253001.1","NV2t006253001.1","Nvec","OG_9360",1,1,1
"NV2t006268001.1","NV2t006268001.1","Nvec","OG_4947",1,0,0
"NV2t006268002.1","NV2t006268002.1","Nvec","OG_4947",1,0,0
"NV2t006270001.1","NV2t006270001.1","Nvec","OG_4851",1,0,0
"NV2t006280001.1","NV2t006280001.1","Nvec","OG_155",1,1,1
"NV2t006280002.1","NV2t006280002.1","Nvec","OG_155",1,1,1
"NV2t006280003.1","NV2t006280003.1","Nvec","OG_155",1,1,1
"NV2t006284001.1","NV2t006284001.1","Nvec","OG_4876",1,1,0
"NV2t006291001.1","NV2t006291001.1","Nvec","OG_9556",1,0,0
"NV2t006303001.1","NV2t006303001.1","Nvec","OG_4890",1,1,0
"NV2t006309001.1","NV2t006309001.1","Nvec","OG_12210",1,1,0
"NV2t006311001.1","NV2t006311001.1","Nvec","OG_339",1,1,0
"NV2t006326001.1","NV2t006326001.1","Nvec","OG_9505",1,1,0
"NV2t006326002.1","NV2t006326002.1","Nvec","OG_9505",1,1,0
"NV2t006326003.1","NV2t006326003.1","Nvec","OG_9505",1,1,0
"NV2t006326004.1","NV2t006326004.1","Nvec","OG_9505",1,1,0
"NV2t006333001.1","NV2t006333001.1","Nvec","OG_9480",1,0,1
"NV2t006333002.1","NV2t006333002.1","Nvec","OG_9480",1,0,1
"NV2t006350001.1","NV2t006350001.1","Nvec","OG_9568",1,1,0
"NV2t006351001.1","NV2t006351001.1","Nvec","OG_12566",1,1,0
"NV2t006351002.1","NV2t006351002.1","Nvec","OG_12566",1,1,0
"NV2t006351005.1","NV2t006351005.1","Nvec","OG_12566",1,1,0
"NV2t006351003.1","NV2t006351003.1","Nvec","OG_12566",1,1,0
"NV2t006351004.1","NV2t006351004.1","Nvec","OG_12566",1,1,0
"NV2t006360001.1","NV2t006360001.1","Nvec","OG_805",1,1,0
"NV2t006363001.1","NV2t006363001.1","Nvec","OG_4938",1,0,0
"NV2t006364001.1","NV2t006364001.1","Nvec","OG_9380",1,0,0
"NV2t006365001.1","NV2t006365001.1","Nvec","OG_4827",1,0,0
"NV2t006366001.1","NV2t006366001.1","Nvec","OG_9341",1,1,0
"NV2t006366002.1","NV2t006366002.1","Nvec","OG_9341",1,1,0
"NV2t006366003.1","NV2t006366003.1","Nvec","OG_9341",1,1,0
"NV2t006366004.1","NV2t006366004.1","Nvec","OG_9341",1,1,0
"NV2t006366005.1","NV2t006366005.1","Nvec","OG_9341",1,1,0
"NV2t006366006.1","NV2t006366006.1","Nvec","OG_9341",1,1,0
"NV2t006366007.1","NV2t006366007.1","Nvec","OG_9341",1,1,0
"NV2t006368001.1","NV2t006368001.1","Nvec","OG_4905",1,1,1
"NV2t006368002.1","NV2t006368002.1","Nvec","OG_4905",1,1,1
"NV2t006368003.1","NV2t006368003.1","Nvec","OG_4905",1,1,1
"NV2t006368004.1","NV2t006368004.1","Nvec","OG_4905",1,1,1
"NV2t006372001.1","NV2t006372001.1","Nvec","OG_6329",1,0,0
"NV2t006385001.1","NV2t006385001.1","Nvec","OG_775",1,1,0
"NV2t006385002.1","NV2t006385002.1","Nvec","OG_775",1,1,0
"NV2t006385003.1","NV2t006385003.1","Nvec","OG_775",1,1,0
"NV2t006391001.1","NV2t006391001.1","Nvec","OG_775",1,1,0
"NV2t006391002.1","NV2t006391002.1","Nvec","OG_775",1,1,0
"NV2t006391003.1","NV2t006391003.1","Nvec","OG_775",1,1,0
"NV2t006391004.1","NV2t006391004.1","Nvec","OG_775",1,1,0
"NV2t006392001.1","NV2t006392001.1","Nvec","OG_775",1,1,0
"NV2t006392002.1","NV2t006392002.1","Nvec","OG_775",1,1,0
"NV2t006392003.1","NV2t006392003.1","Nvec","OG_775",1,1,0
"NV2t006403001.1","NV2t006403001.1","Nvec","OG_9347",1,1,0
"NV2t006403002.1","NV2t006403002.1","Nvec","OG_9347",1,1,0
"NV2t006416001.1","NV2t006416001.1","Nvec","OG_7618",1,1,0
"NV2t006416002.1","NV2t006416002.1","Nvec","OG_7618",1,1,0
"NV2t006418001.1","NV2t006418001.1","Nvec","OG_4824",1,1,0
"NV2t006419001.1","NV2t006419001.1","Nvec","OG_4826",1,1,1
"NV2t006420001.1","NV2t006420001.1","Nvec","OG_4825",1,1,0
"NV2t006430001.1","NV2t006430001.1","Nvec","OG_6614",1,1,0
"NV2t006430002.1","NV2t006430002.1","Nvec","OG_6614",1,1,0
"NV2t006430003.1","NV2t006430003.1","Nvec","OG_6614",1,1,0
"NV2t006432001.1","NV2t006432001.1","Nvec","OG_6614",1,1,0
"NV2t006445001.1","NV2t006445001.1","Nvec","OG_4814",1,1,0
"NV2t006445002.1","NV2t006445002.1","Nvec","OG_4814",1,1,0
"NV2t006460001.1","NV2t006460001.1","Nvec","OG_9338",1,0,0
"NV2t006463001.1","NV2t006463001.1","Nvec","OG_9585",1,0,0
"NV2t006463002.1","NV2t006463002.1","Nvec","OG_9585",1,0,0
"NV2t006470001.1","NV2t006470001.1","Nvec","OG_6715",1,0,0
"NV2t006504001.1","NV2t006504001.1","Nvec","OG_631",1,1,1
"NV2t006527001.1","NV2t006527001.1","Nvec","OG_6285",1,0,0
"NV2t006527002.1","NV2t006527002.1","Nvec","OG_6285",1,0,0
"NV2t006529001.1","NV2t006529001.1","Nvec","OG_719",1,1,0
"NV2t006530001.1","NV2t006530001.1","Nvec","OG_9491",1,1,0
"NV2t006545001.1","NV2t006545001.1","Nvec","OG_9524",1,1,0
"NV2t006546001.1","NV2t006546001.1","Nvec","OG_9562",1,0,1
"NV2t006546002.1","NV2t006546002.1","Nvec","OG_9562",1,0,1
"NV2t006546003.1","NV2t006546003.1","Nvec","OG_9562",1,0,1
"NV2t006548001.1","NV2t006548001.1","Nvec","OG_9563",1,0,0
"NV2t006586001.1","NV2t006586001.1","Nvec","OG_9571",1,0,0
"NV2t006586002.1","NV2t006586002.1","Nvec","OG_9571",1,0,0
"NV2t006586003.1","NV2t006586003.1","Nvec","OG_9571",1,0,0
"NV2t006594001.1","NV2t006594001.1","Nvec","OG_9440",1,1,0
"NV2t006595001.1","NV2t006595001.1","Nvec","OG_127",1,1,1
"NV2t006626001.1","NV2t006626001.1","Nvec","OG_640",1,1,1
"NV2t006628001.1","NV2t006628001.1","Nvec","OG_9578",1,1,0
"NV2t006632001.1","NV2t006632001.1","Nvec","OG_7972",1,0,0
"NV2t006643001.1","NV2t006643001.1","Nvec","OG_429",1,1,1
"NV2t006646001.1","NV2t006646001.1","Nvec","OG_9470",1,0,0
"NV2t006651001.1","NV2t006651001.1","Nvec","OG_4955",1,1,0
"NV2t006658001.1","NV2t006658001.1","Nvec","OG_7534",1,0,0
"NV2t006659001.1","NV2t006659001.1","Nvec","OG_9414",1,0,0
"NV2t006663001.1","NV2t006663001.1","Nvec","OG_126",1,1,1
"NV2t006667001.1","NV2t006667001.1","Nvec","OG_374",1,0,0
"NV2t006667002.1","NV2t006667002.1","Nvec","OG_374",1,0,0
"NV2t006667003.1","NV2t006667003.1","Nvec","OG_374",1,0,0
"NV2t006667004.1","NV2t006667004.1","Nvec","OG_374",1,0,0
"NV2t006670001.1","NV2t006670001.1","Nvec","OG_4910",1,0,0
"NV2t006672001.1","NV2t006672001.1","Nvec","OG_4909",1,1,1
"NV2t006676001.1","NV2t006676001.1","Nvec","OG_3152",1,1,0
"NV2t006676002.1","NV2t006676002.1","Nvec","OG_3152",1,1,0
"NV2t006676003.1","NV2t006676003.1","Nvec","OG_3152",1,1,0
"NV2t006676004.1","NV2t006676004.1","Nvec","OG_3152",1,1,0
"NV2t006676005.1","NV2t006676005.1","Nvec","OG_3152",1,1,0
"NV2t006676010.1","NV2t006676010.1","Nvec","OG_3152",1,1,0
"NV2t006676011.1","NV2t006676011.1","Nvec","OG_3152",1,1,0
"NV2t006676006.1","NV2t006676006.1","Nvec","OG_3152",1,1,0
"NV2t006676007.1","NV2t006676007.1","Nvec","OG_3152",1,1,0
"NV2t006676008.1","NV2t006676008.1","Nvec","OG_3152",1,1,0
"NV2t006676009.1","NV2t006676009.1","Nvec","OG_3152",1,1,0
"NV2t006676012.1","NV2t006676012.1","Nvec","OG_3152",1,1,0
"NV2t006676013.1","NV2t006676013.1","Nvec","OG_3152",1,1,0
"NV2t006676014.1","NV2t006676014.1","Nvec","OG_3152",1,1,0
"NV2t006791001.1","NV2t006791001.1","Nvec","OG_203",1,0,0
"NV2t006791002.1","NV2t006791002.1","Nvec","OG_203",1,0,0
"NV2t006828001.1","NV2t006828001.1","Nvec","OG_8403",1,1,0
"NV2t006835001.1","NV2t006835001.1","Nvec","OG_6294",1,0,0
"NV2t006858002.1","NV2t006858002.1","Nvec","OG_6635",1,1,0
"NV2t006858003.1","NV2t006858003.1","Nvec","OG_6635",1,1,0
"NV2t006859001.1","NV2t006859001.1","Nvec","OG_6240",1,1,0
"NV2t006867001.1","NV2t006867001.1","Nvec","OG_9327",1,0,0
"NV2t006872001.1","NV2t006872001.1","Nvec","OG_8392",1,0,0
"NV2t006875001.1","NV2t006875001.1","Nvec","OG_8177",1,0,0
"NV2t006875002.1","NV2t006875002.1","Nvec","OG_8177",1,0,0
"NV2t006876001.1","NV2t006876001.1","Nvec","OG_3067",1,0,0
"NV2t006877001.1","NV2t006877001.1","Nvec","OG_3070",1,0,0
"NV2t006878001.1","NV2t006878001.1","Nvec","OG_3069",1,1,0
"NV2t006880001.1","NV2t006880001.1","Nvec","OG_3109",1,1,0
"NV2t006899001.1","NV2t006899001.1","Nvec","OG_8194",1,0,0
"NV2t006899002.1","NV2t006899002.1","Nvec","OG_8194",1,0,0
"NV2t006908001.1","NV2t006908001.1","Nvec","OG_6610",1,1,0
"NV2t006921001.1","NV2t006921001.1","Nvec","OG_3051",1,1,1
"NV2t006927001.1","NV2t006927001.1","Nvec","OG_3149",1,1,0
"NV2t006939001.1","NV2t006939001.1","Nvec","OG_3036",1,1,0
"NV2t006949001.1","NV2t006949001.1","Nvec","OG_3195",1,1,0
"NV2t006981001.1","NV2t006981001.1","Nvec","OG_1065",1,1,0
"NV2t006981002.1","NV2t006981002.1","Nvec","OG_1065",1,1,0
"NV2t006981003.1","NV2t006981003.1","Nvec","OG_1065",1,1,0
"NV2t006987001.1","NV2t006987001.1","Nvec","OG_3160",1,1,0
"NV2t006991001.1","NV2t006991001.1","Nvec","OG_8471",1,0,0
"NV2t006992001.1","NV2t006992001.1","Nvec","OG_761",1,1,0
"NV2t007003001.1","NV2t007003001.1","Nvec","OG_7399",1,0,0
"NV2t007016001.1","NV2t007016001.1","Nvec","OG_8472",1,1,0
"NV2t007036001.1","NV2t007036001.1","Nvec","OG_3099",1,0,0
"NV2t007056002.1","NV2t007056002.1","Nvec","OG_6198",1,1,1
"NV2t007068001.1","NV2t007068001.1","Nvec","OG_8433",1,1,0
"NV2t007076001.1","NV2t007076001.1","Nvec","OG_3349",1,1,1
"NV2t007077001.1","NV2t007077001.1","Nvec","OG_3211",1,1,1
"NV2t007080001.1","NV2t007080001.1","Nvec","OG_3342",1,1,1
"NV2t007095001.1","NV2t007095001.1","Nvec","OG_3180",1,1,0
"NV2t007098001.1","NV2t007098001.1","Nvec","OG_766",1,1,0
"NV2t007104001.1","NV2t007104001.1","Nvec","OG_3196",1,0,0
"NV2t007107001.1","NV2t007107001.1","Nvec","OG_5273",1,1,1
"NV2t007120001.1","NV2t007120001.1","Nvec","OG_245",1,1,1
"NV2t007136007.1","NV2t007136007.1","Nvec","OG_6524",1,0,0
"NV2t007136008.1","NV2t007136008.1","Nvec","OG_6524",1,0,0
"NV2t007136009.1","NV2t007136009.1","Nvec","OG_6524",1,0,0
"NV2t007136001.1","NV2t007136001.1","Nvec","OG_6524",1,0,0
"NV2t007136005.1","NV2t007136005.1","Nvec","OG_6524",1,0,0
"NV2t007136006.1","NV2t007136006.1","Nvec","OG_6524",1,0,0
"NV2t007141001.1","NV2t007141001.1","Nvec","OG_6042",1,1,0
"NV2t007179001.1","NV2t007179001.1","Nvec","OG_12250",1,0,0
"NV2t007192001.1","NV2t007192001.1","Nvec","OG_6535",1,1,1
"NV2t007198001.1","NV2t007198001.1","Nvec","OG_5276",1,0,0
"NV2t007198002.1","NV2t007198002.1","Nvec","OG_5276",1,0,0
"NV2t007223001.1","NV2t007223001.1","Nvec","OG_8395",1,1,1
"NV2t007223002.1","NV2t007223002.1","Nvec","OG_8395",1,1,1
"NV2t007223003.1","NV2t007223003.1","Nvec","OG_8395",1,1,1
"NV2t007228001.1","NV2t007228001.1","Nvec","OG_319",1,1,0
"NV2t007238001.1","NV2t007238001.1","Nvec","OG_8466",1,1,0
"NV2t007239001.1","NV2t007239001.1","Nvec","OG_6608",1,1,0
"NV2t007239002.1","NV2t007239002.1","Nvec","OG_6608",1,1,0
"NV2t007240001.1","NV2t007240001.1","Nvec","OG_3158",1,1,0
"NV2t007246001.1","NV2t007246001.1","Nvec","OG_8202",1,1,0
"NV2t007256001.1","NV2t007256001.1","Nvec","OG_8239",1,1,0
"NV2t007259001.1","NV2t007259001.1","Nvec","OG_8298",1,1,0
"NV2t007259002.1","NV2t007259002.1","Nvec","OG_8298",1,1,0
"NV2t007258001.1","NV2t007258001.1","Nvec","OG_5094",1,1,1
"NV2t007266001.1","NV2t007266001.1","Nvec","OG_8298",1,1,0
"NV2t007266002.1","NV2t007266002.1","Nvec","OG_8298",1,1,0
"NV2t007266003.1","NV2t007266003.1","Nvec","OG_8298",1,1,0
"NV2t007266004.1","NV2t007266004.1","Nvec","OG_8298",1,1,0
"NV2t007266005.1","NV2t007266005.1","Nvec","OG_8298",1,1,0
"NV2t007270001.1","NV2t007270001.1","Nvec","OG_991",1,1,0
"NV2t007270002.1","NV2t007270002.1","Nvec","OG_991",1,1,0
"NV2t007270003.1","NV2t007270003.1","Nvec","OG_991",1,1,0
"NV2t007279001.1","NV2t007279001.1","Nvec","OG_5614",1,0,0
"NV2t007285001.1","NV2t007285001.1","Nvec","OG_3220",1,1,0
"NV2t007286001.1","NV2t007286001.1","Nvec","OG_3215",1,1,0
"NV2t007286002.1","NV2t007286002.1","Nvec","OG_3215",1,1,0
"NV2t007286003.1","NV2t007286003.1","Nvec","OG_3215",1,1,0
"NV2t007296001.1","NV2t007296001.1","Nvec","OG_8314",1,1,0
"NV2t007296002.1","NV2t007296002.1","Nvec","OG_8314",1,1,0
"NV2t007296003.1","NV2t007296003.1","Nvec","OG_8314",1,1,0
"NV2t007297001.1","NV2t007297001.1","Nvec","OG_3066",1,1,0
"NV2t007298001.1","NV2t007298001.1","Nvec","OG_5615",1,0,0
"NV2t007300002.1","NV2t007300002.1","Nvec","OG_3068",1,0,0
"NV2t007301001.1","NV2t007301001.1","Nvec","OG_3096",1,0,0
"NV2t007301002.1","NV2t007301002.1","Nvec","OG_3096",1,0,0
"NV2t007301003.1","NV2t007301003.1","Nvec","OG_3096",1,0,0
"NV2t007301004.1","NV2t007301004.1","Nvec","OG_3096",1,0,0
"NV2t007301005.1","NV2t007301005.1","Nvec","OG_3096",1,0,0
"NV2t007302001.1","NV2t007302001.1","Nvec","OG_8957",1,0,0
"NV2t007303001.1","NV2t007303001.1","Nvec","OG_8600",1,1,0
"NV2t007303002.1","NV2t007303002.1","Nvec","OG_8600",1,1,0
"NV2t007303003.1","NV2t007303003.1","Nvec","OG_8600",1,1,0
"NV2t007304001.1","NV2t007304001.1","Nvec","OG_3112",1,1,0
"NV2t007304002.1","NV2t007304002.1","Nvec","OG_3112",1,1,0
"NV2t007304003.1","NV2t007304003.1","Nvec","OG_3112",1,1,0
"NV2t007304004.1","NV2t007304004.1","Nvec","OG_3112",1,1,0
"NV2t007304005.1","NV2t007304005.1","Nvec","OG_3112",1,1,0
"NV2t007304006.1","NV2t007304006.1","Nvec","OG_3112",1,1,0
"NV2t007307001.1","NV2t007307001.1","Nvec","OG_3145",1,1,0
"NV2t007322001.1","NV2t007322001.1","Nvec","OG_8484",1,1,0
"NV2t007329001.1","NV2t007329001.1","Nvec","OG_8484",1,1,0
"NV2t007329002.1","NV2t007329002.1","Nvec","OG_8484",1,1,0
"NV2t007340001.1","NV2t007340001.1","Nvec","OG_3171",1,1,0
"NV2t007348001.1","NV2t007348001.1","Nvec","OG_5616",1,0,0
"NV2t007350001.1","NV2t007350001.1","Nvec","OG_8499",1,0,0
"NV2t007352001.1","NV2t007352001.1","Nvec","OG_6624",1,0,0
"NV2t007352002.1","NV2t007352002.1","Nvec","OG_6624",1,0,0
"NV2t007352003.1","NV2t007352003.1","Nvec","OG_6624",1,0,0
"NV2t007352004.1","NV2t007352004.1","Nvec","OG_6624",1,0,0
"NV2t007352005.1","NV2t007352005.1","Nvec","OG_6624",1,0,0
"NV2t007352006.1","NV2t007352006.1","Nvec","OG_6624",1,0,0
"NV2t007352007.1","NV2t007352007.1","Nvec","OG_6624",1,0,0
"NV2t007352008.1","NV2t007352008.1","Nvec","OG_6624",1,0,0
"NV2t007367001.1","NV2t007367001.1","Nvec","OG_8560",1,0,0
"NV2t007371001.1","NV2t007371001.1","Nvec","OG_3339",1,1,0
"NV2t007386001.1","NV2t007386001.1","Nvec","OG_5617",1,0,0
"NV2t007387001.1","NV2t007387001.1","Nvec","OG_8582",1,0,0
"NV2t007387002.1","NV2t007387002.1","Nvec","OG_8582",1,0,0
"NV2t007388001.1","NV2t007388001.1","Nvec","OG_8198",1,1,0
"NV2t007388002.1","NV2t007388002.1","Nvec","OG_8198",1,1,0
"NV2t007388003.1","NV2t007388003.1","Nvec","OG_8198",1,1,0
"NV2t007388004.1","NV2t007388004.1","Nvec","OG_8198",1,1,0
"NV2t007404001.1","NV2t007404001.1","Nvec","OG_6762",1,1,0
"NV2t007410001.1","NV2t007410001.1","Nvec","OG_8173",1,1,1
"NV2t007410002.1","NV2t007410002.1","Nvec","OG_8173",1,1,1
"NV2t007413001.1","NV2t007413001.1","Nvec","OG_3053",1,1,0
"NV2t007427001.1","NV2t007427001.1","Nvec","OG_777",1,0,0
"NV2t007434001.1","NV2t007434001.1","Nvec","OG_8186",1,1,0
"NV2t007437001.1","NV2t007437001.1","Nvec","OG_289",1,1,0
"NV2t007447001.1","NV2t007447001.1","Nvec","OG_3064",1,1,0
"NV2t007454001.1","NV2t007454001.1","Nvec","OG_3055",1,1,0
"NV2t007451001.1","NV2t007451001.1","Nvec","OG_8406",1,1,0
"NV2t007487001.1","NV2t007487001.1","Nvec","OG_8512",1,1,0
"NV2t007488001.1","NV2t007488001.1","Nvec","OG_3340",1,1,0
"NV2t007504001.1","NV2t007504001.1","Nvec","OG_8558",1,1,0
"NV2t007506001.1","NV2t007506001.1","Nvec","OG_155",1,1,1
"NV2t007507001.1","NV2t007507001.1","Nvec","OG_155",1,1,1
"NV2t007507002.1","NV2t007507002.1","Nvec","OG_155",1,1,1
"NV2t007509001.1","NV2t007509001.1","Nvec","OG_155",1,1,1
"NV2t007510001.1","NV2t007510001.1","Nvec","OG_8439",1,0,0
"NV2t007516001.1","NV2t007516001.1","Nvec","OG_8497",1,1,0
"NV2t007521001.1","NV2t007521001.1","Nvec","OG_3159",1,1,0
"NV2t007521002.1","NV2t007521002.1","Nvec","OG_3159",1,1,0
"NV2t007521003.1","NV2t007521003.1","Nvec","OG_3159",1,1,0
"NV2t007521004.1","NV2t007521004.1","Nvec","OG_3159",1,1,0
"NV2t007521005.1","NV2t007521005.1","Nvec","OG_3159",1,1,0
"NV2t007527001.1","NV2t007527001.1","Nvec","OG_1560",1,0,0
"NV2t007529001.1","NV2t007529001.1","Nvec","OG_1560",1,0,0
"NV2t007531001.1","NV2t007531001.1","Nvec","OG_3110",1,1,0
"NV2t007547001.1","NV2t007547001.1","Nvec","OG_3090",1,0,0
"NV2t007547002.1","NV2t007547002.1","Nvec","OG_3090",1,0,0
"NV2t007548001.1","NV2t007548001.1","Nvec","OG_8580",1,0,0
"NV2t007548002.1","NV2t007548002.1","Nvec","OG_8580",1,0,0
"NV2t007548003.1","NV2t007548003.1","Nvec","OG_8580",1,0,0
"NV2t007548004.1","NV2t007548004.1","Nvec","OG_8580",1,0,0
"NV2t007548005.1","NV2t007548005.1","Nvec","OG_8580",1,0,0
"NV2t007548006.1","NV2t007548006.1","Nvec","OG_8580",1,0,0
"NV2t007548007.1","NV2t007548007.1","Nvec","OG_8580",1,0,0
"NV2t007553001.1","NV2t007553001.1","Nvec","OG_5621",1,0,0
"NV2t007554001.1","NV2t007554001.1","Nvec","OG_7555",1,0,0
"NV2t007564001.1","NV2t007564001.1","Nvec","OG_8345",1,1,0
"NV2t007575001.1","NV2t007575001.1","Nvec","OG_921",1,1,1
"NV2t007580001.1","NV2t007580001.1","Nvec","OG_778",1,1,1
"NV2t007586002.1","NV2t007586002.1","Nvec","OG_778",1,1,1
"NV2t007594001.1","NV2t007594001.1","Nvec","OG_778",1,1,1
"NV2t007602001.1","NV2t007602001.1","Nvec","OG_11004",1,0,0
"NV2t007614001.1","NV2t007614001.1","Nvec","OG_3295",1,1,0
"NV2t007615001.1","NV2t007615001.1","Nvec","OG_3296",1,1,0
"NV2t007623001.1","NV2t007623001.1","Nvec","OG_1093",1,1,0
"NV2t007625001.1","NV2t007625001.1","Nvec","OG_5284",1,1,1
"NV2t007636001.1","NV2t007636001.1","Nvec","OG_3216",1,1,1
"NV2t007636002.1","NV2t007636002.1","Nvec","OG_3216",1,1,1
"NV2t007636003.1","NV2t007636003.1","Nvec","OG_3216",1,1,1
"NV2t007636004.1","NV2t007636004.1","Nvec","OG_3216",1,1,1
"NV2t007636005.1","NV2t007636005.1","Nvec","OG_3216",1,1,1
"NV2t007636006.1","NV2t007636006.1","Nvec","OG_3216",1,1,1
"NV2t007638001.1","NV2t007638001.1","Nvec","OG_8452",1,1,1
"NV2t007641001.1","NV2t007641001.1","Nvec","OG_222",1,1,0
"NV2t007668001.1","NV2t007668001.1","Nvec","OG_8563",1,1,1
"NV2t007674001.1","NV2t007674001.1","Nvec","OG_147",1,0,0
"NV2t007681001.1","NV2t007681001.1","Nvec","OG_8750",1,0,0
"NV2t007680001.1","NV2t007680001.1","Nvec","OG_3139",1,1,0
"NV2t007680002.1","NV2t007680002.1","Nvec","OG_3139",1,1,0
"NV2t007684001.1","NV2t007684001.1","Nvec","OG_587",1,1,1
"NV2t007685001.1","NV2t007685001.1","Nvec","OG_3089",1,0,0
"NV2t007685002.1","NV2t007685002.1","Nvec","OG_3089",1,0,0
"NV2t007690001.1","NV2t007690001.1","Nvec","OG_5520",1,0,0
"NV2t007690002.1","NV2t007690002.1","Nvec","OG_5520",1,0,0
"NV2t007690003.1","NV2t007690003.1","Nvec","OG_5520",1,0,0
"NV2t007697001.1","NV2t007697001.1","Nvec","OG_8487",1,1,0
"NV2t007698001.1","NV2t007698001.1","Nvec","OG_8223",1,1,0
"NV2t007702001.1","NV2t007702001.1","Nvec","OG_3118",1,1,0
"NV2t007702002.1","NV2t007702002.1","Nvec","OG_3118",1,1,0
"NV2t007702003.1","NV2t007702003.1","Nvec","OG_3118",1,1,0
"NV2t007702004.1","NV2t007702004.1","Nvec","OG_3118",1,1,0
"NV2t007703002.1","NV2t007703002.1","Nvec","OG_5132",1,0,0
"NV2t007703001.1","NV2t007703001.1","Nvec","OG_5132",1,0,0
"NV2t007705001.1","NV2t007705001.1","Nvec","OG_3060",1,1,0
"NV2t007712001.1","NV2t007712001.1","Nvec","OG_6626",1,1,0
"NV2t007716001.1","NV2t007716001.1","Nvec","OG_8347",1,1,1
"NV2t007716002.1","NV2t007716002.1","Nvec","OG_8347",1,1,1
"NV2t007716003.1","NV2t007716003.1","Nvec","OG_8347",1,1,1
"NV2t007717001.1","NV2t007717001.1","Nvec","OG_8346",1,1,0
"NV2t007719001.1","NV2t007719001.1","Nvec","OG_1105",1,1,1
"NV2t007750001.1","NV2t007750001.1","Nvec","OG_12244",1,0,0
"NV2t007752001.1","NV2t007752001.1","Nvec","OG_3107",1,1,1
"NV2t007757001.1","NV2t007757001.1","Nvec","OG_7402",1,1,0
"NV2t007761001.1","NV2t007761001.1","Nvec","OG_7169",1,1,0
"NV2t007765001.1","NV2t007765001.1","Nvec","OG_1419",1,0,0
"NV2t007765002.1","NV2t007765002.1","Nvec","OG_1419",1,0,0
"NV2t007769011.1","NV2t007769011.1","Nvec","OG_8307",1,1,0
"NV2t007769012.1","NV2t007769012.1","Nvec","OG_8307",1,1,0
"NV2t007769001.1","NV2t007769001.1","Nvec","OG_8307",1,1,0
"NV2t007769002.1","NV2t007769002.1","Nvec","OG_8307",1,1,0
"NV2t007769003.1","NV2t007769003.1","Nvec","OG_8307",1,1,0
"NV2t007769004.1","NV2t007769004.1","Nvec","OG_8307",1,1,0
"NV2t007769005.1","NV2t007769005.1","Nvec","OG_8307",1,1,0
"NV2t007769006.1","NV2t007769006.1","Nvec","OG_8307",1,1,0
"NV2t007769007.1","NV2t007769007.1","Nvec","OG_8307",1,1,0
"NV2t007769008.1","NV2t007769008.1","Nvec","OG_8307",1,1,0
"NV2t007769009.1","NV2t007769009.1","Nvec","OG_8307",1,1,0
"NV2t007769010.1","NV2t007769010.1","Nvec","OG_8307",1,1,0
"NV2t007775001.1","NV2t007775001.1","Nvec","OG_3187",1,0,0
"NV2t007786001.1","NV2t007786001.1","Nvec","OG_454",1,1,1
"NV2t007786002.1","NV2t007786002.1","Nvec","OG_454",1,1,1
"NV2t007787001.1","NV2t007787001.1","Nvec","OG_3044",1,1,0
"NV2t007787002.1","NV2t007787002.1","Nvec","OG_3044",1,1,0
"NV2t007787003.1","NV2t007787003.1","Nvec","OG_3044",1,1,0
"NV2t007789001.1","NV2t007789001.1","Nvec","OG_8258",1,1,0
"NV2t007789002.1","NV2t007789002.1","Nvec","OG_8258",1,1,0
"NV2t007803001.1","NV2t007803001.1","Nvec","OG_1114",1,1,0
"NV2t007804001.1","NV2t007804001.1","Nvec","OG_3134",1,0,0
"NV2t007819001.1","NV2t007819001.1","Nvec","OG_8398",1,1,0
"NV2t007820001.1","NV2t007820001.1","Nvec","OG_8610",1,1,0
"NV2t007821001.1","NV2t007821001.1","Nvec","OG_8609",1,1,1
"NV2t007839001.1","NV2t007839001.1","Nvec","OG_8368",1,1,0
"NV2t007871001.1","NV2t007871001.1","Nvec","OG_8504",1,1,0
"NV2t007873001.1","NV2t007873001.1","Nvec","OG_8592",1,1,0
"NV2t007878001.1","NV2t007878001.1","Nvec","OG_6397",1,1,1
"NV2t007880001.1","NV2t007880001.1","Nvec","OG_6397",1,1,1
"NV2t007883001.1","NV2t007883001.1","Nvec","OG_420",1,0,0
"NV2t007884001.1","NV2t007884001.1","Nvec","OG_6397",1,1,1
"NV2t007885001.1","NV2t007885001.1","Nvec","OG_6237",1,1,0
"NV2t007886001.1","NV2t007886001.1","Nvec","OG_6397",1,1,1
"NV2t007890001.1","NV2t007890001.1","Nvec","OG_8427",1,1,1
"NV2t007890002.1","NV2t007890002.1","Nvec","OG_8427",1,1,1
"NV2t007890003.1","NV2t007890003.1","Nvec","OG_8427",1,1,1
"NV2t007890004.1","NV2t007890004.1","Nvec","OG_8427",1,1,1
"NV2t007894001.1","NV2t007894001.1","Nvec","OG_6616",1,0,0
"NV2t007894002.1","NV2t007894002.1","Nvec","OG_6616",1,0,0
"NV2t007896001.1","NV2t007896001.1","Nvec","OG_3351",1,1,0
"NV2t007896002.1","NV2t007896002.1","Nvec","OG_3351",1,1,0
"NV2t007909001.1","NV2t007909001.1","Nvec","OG_5286",1,1,0
"NV2t007912001.1","NV2t007912001.1","Nvec","OG_7644",1,0,0
"NV2t007915001.1","NV2t007915001.1","Nvec","OG_3151",1,0,0
"NV2t007918001.1","NV2t007918001.1","Nvec","OG_8312",1,0,0
"NV2t007919001.1","NV2t007919001.1","Nvec","OG_8312",1,0,0
"NV2t007920001.1","NV2t007920001.1","Nvec","OG_8312",1,0,0
"NV2t007935001.1","NV2t007935001.1","Nvec","OG_3122",1,1,0
"NV2t007938001.1","NV2t007938001.1","Nvec","OG_3121",1,0,0
"NV2t011030003.1","NV2t011030003.1","Nvec","OG_7107",1,0,0
"NV2t011030006.1","NV2t011030006.1","Nvec","OG_5455",1,0,0
"NV2t020346001.1","NV2t020346001.1","Nvec","OG_6120",1,1,0
"NV2t020353001.1","NV2t020353001.1","Nvec","OG_2850",1,0,0
"NV2t020355001.1","NV2t020355001.1","Nvec","OG_2851",1,0,1
"NV2t020355002.1","NV2t020355002.1","Nvec","OG_2851",1,0,1
"NV2t020355003.1","NV2t020355003.1","Nvec","OG_2851",1,0,1
"NV2t020356001.1","NV2t020356001.1","Nvec","OG_2868",1,1,1
"NV2t020379001.1","NV2t020379001.1","Nvec","OG_2779",1,0,1
"NV2t020383001.1","NV2t020383001.1","Nvec","OG_2779",1,0,1
"NV2t020396005.1","NV2t020396005.1","Nvec","OG_6114",1,1,0
"NV2t020396001.1","NV2t020396001.1","Nvec","OG_6114",1,1,0
"NV2t020396002.1","NV2t020396002.1","Nvec","OG_6114",1,1,0
"NV2t020396003.1","NV2t020396003.1","Nvec","OG_6114",1,1,0
"NV2t020396004.1","NV2t020396004.1","Nvec","OG_6114",1,1,0
"NV2t020404001.1","NV2t020404001.1","Nvec","OG_10606",1,1,1
"NV2t020404002.1","NV2t020404002.1","Nvec","OG_10606",1,1,1
"NV2t020404003.1","NV2t020404003.1","Nvec","OG_10606",1,1,1
"NV2t020404004.1","NV2t020404004.1","Nvec","OG_10606",1,1,1
"NV2t020409001.1","NV2t020409001.1","Nvec","OG_2894",1,0,0
"NV2t020408001.1","NV2t020408001.1","Nvec","OG_2895",1,1,0
"NV2t020437001.1","NV2t020437001.1","Nvec","OG_2971",1,1,0
"NV2t020444001.1","NV2t020444001.1","Nvec","OG_631",1,1,1
"NV2t020452001.1","NV2t020452001.1","Nvec","OG_5943",1,1,0
"NV2t020456001.1","NV2t020456001.1","Nvec","OG_5943",1,1,0
"NV2t020473001.1","NV2t020473001.1","Nvec","OG_426",1,1,1
"NV2t020474001.1","NV2t020474001.1","Nvec","OG_10577",1,1,0
"NV2t020474002.1","NV2t020474002.1","Nvec","OG_10577",1,1,0
"NV2t020482001.1","NV2t020482001.1","Nvec","OG_1002",1,0,0
"NV2t020487001.1","NV2t020487001.1","Nvec","OG_10591",1,0,0
"NV2t020506001.1","NV2t020506001.1","Nvec","OG_1259",1,0,0
"NV2t020506002.1","NV2t020506002.1","Nvec","OG_1259",1,0,0
"NV2t020506003.1","NV2t020506003.1","Nvec","OG_1259",1,0,0
"NV2t020511001.1","NV2t020511001.1","Nvec","OG_10444",1,0,0
"NV2t020511002.1","NV2t020511002.1","Nvec","OG_10444",1,0,0
"NV2t020511003.1","NV2t020511003.1","Nvec","OG_10444",1,0,0
"NV2t020511004.1","NV2t020511004.1","Nvec","OG_10444",1,0,0
"NV2t020528001.1","NV2t020528001.1","Nvec","OG_6110",1,1,0
"NV2t020534001.1","NV2t020534001.1","Nvec","OG_10448",1,1,0
"NV2t020534002.1","NV2t020534002.1","Nvec","OG_10448",1,1,0
"NV2t020537001.1","NV2t020537001.1","Nvec","OG_10689",1,0,0
"NV2t020537002.1","NV2t020537002.1","Nvec","OG_10689",1,0,0
"NV2t020543001.1","NV2t020543001.1","Nvec","OG_5010",1,1,0
"NV2t020543002.1","NV2t020543002.1","Nvec","OG_5010",1,1,0
"NV2t020547001.1","NV2t020547001.1","Nvec","OG_6127",1,1,0
"NV2t020552001.1","NV2t020552001.1","Nvec","OG_6108",1,0,0
"NV2t020552003.1","NV2t020552003.1","Nvec","OG_6108",1,0,0
"NV2t020537003.1","NV2t020537003.1","Nvec","OG_10515",1,1,0
"NV2t020537004.1","NV2t020537004.1","Nvec","OG_10515",1,1,0
"NV2t020571001.1","NV2t020571001.1","Nvec","OG_10730",1,1,0
"NV2t020575002.1","NV2t020575002.1","Nvec","OG_5189",1,0,0
"NV2t020575001.1","NV2t020575001.1","Nvec","OG_5189",1,0,0
"NV2t020595001.1","NV2t020595001.1","Nvec","OG_10551",1,1,0
"NV2t020610001.1","NV2t020610001.1","Nvec","OG_6123",1,1,0
"NV2t020610002.1","NV2t020610002.1","Nvec","OG_6123",1,1,0
"NV2t020616004.1","NV2t020616004.1","Nvec","OG_10581",1,1,0
"NV2t020616001.1","NV2t020616001.1","Nvec","OG_10581",1,1,0
"NV2t020616002.1","NV2t020616002.1","Nvec","OG_10581",1,1,0
"NV2t020616003.1","NV2t020616003.1","Nvec","OG_10581",1,1,0
"NV2t020616005.1","NV2t020616005.1","Nvec","OG_10581",1,1,0
"NV2t020616008.1","NV2t020616008.1","Nvec","OG_10581",1,1,0
"NV2t020616009.1","NV2t020616009.1","Nvec","OG_10581",1,1,0
"NV2t020616007.1","NV2t020616007.1","Nvec","OG_10581",1,1,0
"NV2t020616010.1","NV2t020616010.1","Nvec","OG_10581",1,1,0
"NV2t020616011.1","NV2t020616011.1","Nvec","OG_10581",1,1,0
"NV2t020616006.1","NV2t020616006.1","Nvec","OG_10581",1,1,0
"NV2t020616012.1","NV2t020616012.1","Nvec","OG_10581",1,1,0
"NV2t020616013.1","NV2t020616013.1","Nvec","OG_10581",1,1,0
"NV2t020616014.1","NV2t020616014.1","Nvec","OG_10581",1,1,0
"NV2t020616016.1","NV2t020616016.1","Nvec","OG_10581",1,1,0
"NV2t020616015.1","NV2t020616015.1","Nvec","OG_10581",1,1,0
"NV2t020624001.1","NV2t020624001.1","Nvec","OG_602",1,0,0
"NV2t020650001.1","NV2t020650001.1","Nvec","OG_11844",1,0,1
"NV2t020650002.1","NV2t020650002.1","Nvec","OG_11844",1,0,1
"NV2t020668001.1","NV2t020668001.1","Nvec","OG_585",1,1,0
"NV2t020672001.1","NV2t020672001.1","Nvec","OG_1076",1,1,1
"NV2t020673001.1","NV2t020673001.1","Nvec","OG_10499",1,1,0
"NV2t020673002.1","NV2t020673002.1","Nvec","OG_10499",1,1,0
"NV2t020673003.1","NV2t020673003.1","Nvec","OG_10499",1,1,0
"NV2t020680003.1","NV2t020680003.1","Nvec","OG_7588",1,0,0
"NV2t020680001.1","NV2t020680001.1","Nvec","OG_7588",1,0,0
"NV2t020680002.1","NV2t020680002.1","Nvec","OG_7588",1,0,0
"NV2t020701001.1","NV2t020701001.1","Nvec","OG_5000",1,1,0
"NV2t020721001.1","NV2t020721001.1","Nvec","OG_10432",1,1,1
"NV2t020721002.1","NV2t020721002.1","Nvec","OG_10432",1,1,1
"NV2t020721005.1","NV2t020721005.1","Nvec","OG_10432",1,1,1
"NV2t020721006.1","NV2t020721006.1","Nvec","OG_10432",1,1,1
"NV2t020721007.1","NV2t020721007.1","Nvec","OG_10432",1,1,1
"NV2t020721003.1","NV2t020721003.1","Nvec","OG_10432",1,1,1
"NV2t020721004.1","NV2t020721004.1","Nvec","OG_10432",1,1,1
"NV2t020741002.1","NV2t020741002.1","Nvec","OG_10542",1,1,1
"NV2t020741001.1","NV2t020741001.1","Nvec","OG_10542",1,1,1
"NV2t020747001.1","NV2t020747001.1","Nvec","OG_10612",1,1,0
"NV2t020747002.1","NV2t020747002.1","Nvec","OG_10612",1,1,0
"NV2t020747003.1","NV2t020747003.1","Nvec","OG_10612",1,1,0
"NV2t020756001.1","NV2t020756001.1","Nvec","OG_10657",1,0,0
"NV2t020757001.1","NV2t020757001.1","Nvec","OG_10735",1,0,0
"NV2t020759001.1","NV2t020759001.1","Nvec","OG_10736",1,0,0
"NV2t021126001.1","NV2t021126001.1","Nvec","OG_1499",1,0,0
"NV2t021158001.1","NV2t021158001.1","Nvec","OG_396",1,1,0
"NV2t021158003.1","NV2t021158003.1","Nvec","OG_396",1,1,0
"NV2t021157001.1","NV2t021157001.1","Nvec","OG_9252",1,0,0
"NV2t021158002.1","NV2t021158002.1","Nvec","OG_396",1,1,0
"NV2t021158004.1","NV2t021158004.1","Nvec","OG_396",1,1,0
"NV2t021158005.1","NV2t021158005.1","Nvec","OG_396",1,1,0
"NV2t021158006.1","NV2t021158006.1","Nvec","OG_396",1,1,0
"NV2t021158007.1","NV2t021158007.1","Nvec","OG_396",1,1,0
"NV2t021158008.1","NV2t021158008.1","Nvec","OG_396",1,1,0
"NV2t021158009.1","NV2t021158009.1","Nvec","OG_396",1,1,0
"NV2t021158010.1","NV2t021158010.1","Nvec","OG_396",1,1,0
"NV2t021158011.1","NV2t021158011.1","Nvec","OG_396",1,1,0
"NV2t021158012.1","NV2t021158012.1","Nvec","OG_396",1,1,0
"NV2t021158013.1","NV2t021158013.1","Nvec","OG_396",1,1,0
"NV2t021158014.1","NV2t021158014.1","Nvec","OG_396",1,1,0
"NV2t021158019.1","NV2t021158019.1","Nvec","OG_396",1,1,0
"NV2t021163001.1","NV2t021163001.1","Nvec","OG_4731",1,1,0
"NV2t021163002.1","NV2t021163002.1","Nvec","OG_4731",1,1,0
"NV2t021192001.1","NV2t021192001.1","Nvec","OG_9118",1,1,0
"NV2t021238001.1","NV2t021238001.1","Nvec","OG_9184",1,0,0
"NV2t021239001.1","NV2t021239001.1","Nvec","OG_4685",1,1,0
"NV2t021239002.1","NV2t021239002.1","Nvec","OG_4685",1,1,0
"NV2t021239003.1","NV2t021239003.1","Nvec","OG_4685",1,1,0
"NV2t021239004.1","NV2t021239004.1","Nvec","OG_4685",1,1,0
"NV2t021241001.1","NV2t021241001.1","Nvec","OG_9116",1,1,1
"NV2t021241002.1","NV2t021241002.1","Nvec","OG_9116",1,1,1
"NV2t021257001.1","NV2t021257001.1","Nvec","OG_9145",1,1,0
"NV2t021257002.1","NV2t021257002.1","Nvec","OG_9145",1,1,0
"NV2t021257003.1","NV2t021257003.1","Nvec","OG_9145",1,1,0
"NV2t021257004.1","NV2t021257004.1","Nvec","OG_9145",1,1,0
"NV2t021268001.1","NV2t021268001.1","Nvec","OG_248",1,1,1
"NV2t021269001.1","NV2t021269001.1","Nvec","OG_373",1,1,0
"NV2t021269002.1","NV2t021269002.1","Nvec","OG_373",1,1,0
"NV2t021279001.1","NV2t021279001.1","Nvec","OG_4629",1,1,0
"NV2t021322001.1","NV2t021322001.1","Nvec","OG_8604",1,1,0
"NV2t021338001.1","NV2t021338001.1","Nvec","OG_9221",1,0,0
"NV2t021338002.1","NV2t021338002.1","Nvec","OG_9221",1,0,0
"NV2t021342001.1","NV2t021342001.1","Nvec","OG_10099",1,1,0
"NV2t021360001.1","NV2t021360001.1","Nvec","OG_9110",1,1,0
"NV2t021360002.1","NV2t021360002.1","Nvec","OG_9110",1,1,0
"NV2t021370001.1","NV2t021370001.1","Nvec","OG_6061",1,1,0
"NV2t021372001.1","NV2t021372001.1","Nvec","OG_4800",1,1,0
"NV2t021372002.1","NV2t021372002.1","Nvec","OG_4800",1,1,0
"NV2t021388001.1","NV2t021388001.1","Nvec","OG_4723",1,0,0
"NV2t021390001.1","NV2t021390001.1","Nvec","OG_5671",1,0,0
"NV2t021393001.1","NV2t021393001.1","Nvec","OG_4724",1,1,0
"NV2t021398001.1","NV2t021398001.1","Nvec","OG_377",1,1,0
"NV2t021401001.1","NV2t021401001.1","Nvec","OG_4728",1,0,0
"NV2t021405001.1","NV2t021405001.1","Nvec","OG_170",1,1,1
"NV2t021409001.1","NV2t021409001.1","Nvec","OG_9246",1,1,0
"NV2t021417001.1","NV2t021417001.1","Nvec","OG_9028",1,1,0
"NV2t021423003.1","NV2t021423003.1","Nvec","OG_4640",1,1,0
"NV2t021429001.1","NV2t021429001.1","Nvec","OG_6706",1,1,0
"NV2t021430001.1","NV2t021430001.1","Nvec","OG_905",1,1,1
"NV2t021450001.1","NV2t021450001.1","Nvec","OG_9170",1,1,0
"NV2t021450002.1","NV2t021450002.1","Nvec","OG_9170",1,1,0
"NV2t021459001.1","NV2t021459001.1","Nvec","OG_9201",1,0,0
"NV2t021459002.1","NV2t021459002.1","Nvec","OG_9201",1,0,0
"NV2t021477001.1","NV2t021477001.1","Nvec","OG_4721",1,0,0
"NV2t021477002.1","NV2t021477002.1","Nvec","OG_4721",1,0,0
"NV2t021477003.1","NV2t021477003.1","Nvec","OG_4721",1,0,0
"NV2t021509001.1","NV2t021509001.1","Nvec","OG_12636",1,1,0
"NV2t021516001.1","NV2t021516001.1","Nvec","OG_6762",1,1,0
"NV2t021528002.1","NV2t021528002.1","Nvec","OG_9207",1,1,0
"NV2t021528003.1","NV2t021528003.1","Nvec","OG_9207",1,1,0
"NV2t021528001.1","NV2t021528001.1","Nvec","OG_9207",1,1,0
"NV2t021542001.1","NV2t021542001.1","Nvec","OG_4687",1,1,0
"NV2t021555001.1","NV2t021555001.1","Nvec","OG_745",1,1,1
"NV2t021560001.1","NV2t021560001.1","Nvec","OG_6685",1,1,0
"NV2t021563001.1","NV2t021563001.1","Nvec","OG_9274",1,1,0
"NV2t021573001.1","NV2t021573001.1","Nvec","OG_9017",1,0,0
"NV2t021593001.1","NV2t021593001.1","Nvec","OG_9102",1,1,0
"NV2t021595001.1","NV2t021595001.1","Nvec","OG_9101",1,1,0
"NV2t021600001.1","NV2t021600001.1","Nvec","OG_9105",1,1,0
"NV2t021615001.1","NV2t021615001.1","Nvec","OG_9080",1,1,1
"NV2t021618001.1","NV2t021618001.1","Nvec","OG_4776",1,0,0
"NV2t021618002.1","NV2t021618002.1","Nvec","OG_4776",1,0,0
"NV2t021644001.1","NV2t021644001.1","Nvec","OG_9024",1,1,1
"NV2t021644003.1","NV2t021644003.1","Nvec","OG_9024",1,1,1
"NV2t021652001.1","NV2t021652001.1","Nvec","OG_9278",1,1,0
"NV2t021679001.1","NV2t021679001.1","Nvec","OG_9287",1,1,0
"NV2t021679002.1","NV2t021679002.1","Nvec","OG_9287",1,1,0
"NV2t021679003.1","NV2t021679003.1","Nvec","OG_9287",1,1,0
"NV2t021680001.1","NV2t021680001.1","Nvec","OG_9286",1,0,0
"NV2t021680002.1","NV2t021680002.1","Nvec","OG_9286",1,0,0
"NV2t021680003.1","NV2t021680003.1","Nvec","OG_9286",1,0,0
"NV2t021680004.1","NV2t021680004.1","Nvec","OG_9286",1,0,0
"NV2t021706001.1","NV2t021706001.1","Nvec","OG_774",1,0,0
"NV2t021707001.1","NV2t021707001.1","Nvec","OG_5320",1,1,1
"NV2t021733001.1","NV2t021733001.1","Nvec","OG_9089",1,1,0
"NV2t021737001.1","NV2t021737001.1","Nvec","OG_541",1,1,1
"NV2t021743001.1","NV2t021743001.1","Nvec","OG_404",1,1,0
"NV2t021776001.1","NV2t021776001.1","Nvec","OG_9051",1,1,0
"NV2t021776002.1","NV2t021776002.1","Nvec","OG_9051",1,1,0
"NV2t021778001.1","NV2t021778001.1","Nvec","OG_9050",1,0,0
"NV2t021794001.1","NV2t021794001.1","Nvec","OG_4736",1,1,1
"NV2t021796001.1","NV2t021796001.1","Nvec","OG_236",1,1,0
"NV2t021797001.1","NV2t021797001.1","Nvec","OG_236",1,1,0
"NV2t021827001.1","NV2t021827001.1","Nvec","OG_4788",1,1,0
"NV2t021831001.1","NV2t021831001.1","Nvec","OG_4778",1,1,0
"NV2t021848001.1","NV2t021848001.1","Nvec","OG_9185",1,1,0
"NV2t021850001.1","NV2t021850001.1","Nvec","OG_847",1,1,0
"NV2t021851001.1","NV2t021851001.1","Nvec","OG_9290",1,1,1
"NV2t021851002.1","NV2t021851002.1","Nvec","OG_9290",1,1,1
"NV2t021858001.1","NV2t021858001.1","Nvec","OG_556",1,1,0
"NV2t021858002.1","NV2t021858002.1","Nvec","OG_556",1,1,0
"NV2t021858003.1","NV2t021858003.1","Nvec","OG_556",1,1,0
"NV2t021858004.1","NV2t021858004.1","Nvec","OG_556",1,1,0
"NV2t021858005.1","NV2t021858005.1","Nvec","OG_556",1,1,0
"NV2t021858006.1","NV2t021858006.1","Nvec","OG_556",1,1,0
"NV2t021858007.1","NV2t021858007.1","Nvec","OG_556",1,1,0
"NV2t021873001.1","NV2t021873001.1","Nvec","OG_9133",1,0,0
"NV2t021873002.1","NV2t021873002.1","Nvec","OG_9133",1,0,0
"NV2t021875001.1","NV2t021875001.1","Nvec","OG_4746",1,0,0
"NV2t021886001.1","NV2t021886001.1","Nvec","OG_9067",1,0,1
"NV2t021893001.1","NV2t021893001.1","Nvec","OG_9263",1,1,0
"NV2t021926001.1","NV2t021926001.1","Nvec","OG_8812",1,1,0
"NV2t021943001.1","NV2t021943001.1","Nvec","OG_5323",1,1,1
"NV2t021943002.1","NV2t021943002.1","Nvec","OG_5323",1,1,1
"NV2t021966001.1","NV2t021966001.1","Nvec","OG_9013",1,1,0
"NV2t021966002.1","NV2t021966002.1","Nvec","OG_9013",1,1,0
"NV2t022003001.1","NV2t022003001.1","Nvec","OG_4651",1,1,0
"NV2t022008001.1","NV2t022008001.1","Nvec","OG_381",1,0,0
"NV2t022008002.1","NV2t022008002.1","Nvec","OG_381",1,0,0
"NV2t022009001.1","NV2t022009001.1","Nvec","OG_391",1,1,0
"NV2t022009002.1","NV2t022009002.1","Nvec","OG_391",1,1,0
"NV2t022009003.1","NV2t022009003.1","Nvec","OG_391",1,1,0
"NV2t022009004.1","NV2t022009004.1","Nvec","OG_391",1,1,0
"NV2t022009005.1","NV2t022009005.1","Nvec","OG_391",1,1,0
"NV2t022009006.1","NV2t022009006.1","Nvec","OG_391",1,1,0
"NV2t022009007.1","NV2t022009007.1","Nvec","OG_391",1,1,0
"NV2t022009008.1","NV2t022009008.1","Nvec","OG_391",1,1,0
"NV2t022009009.1","NV2t022009009.1","Nvec","OG_391",1,1,0
"NV2t022010001.1","NV2t022010001.1","Nvec","OG_391",1,1,0
"NV2t022010002.1","NV2t022010002.1","Nvec","OG_391",1,1,0
"NV2t022010004.1","NV2t022010004.1","Nvec","OG_391",1,1,0
"NV2t022010005.1","NV2t022010005.1","Nvec","OG_391",1,1,0
"NV2t022011001.1","NV2t022011001.1","Nvec","OG_417",1,0,0
"NV2t022011002.1","NV2t022011002.1","Nvec","OG_417",1,0,0
"NV2t022011003.1","NV2t022011003.1","Nvec","OG_417",1,0,0
"NV2t022011004.1","NV2t022011004.1","Nvec","OG_417",1,0,0
"NV2t022030001.1","NV2t022030001.1","Nvec","OG_516",1,0,1
"NV2t022033002.1","NV2t022033002.1","Nvec","OG_659",1,1,0
"NV2t022034001.1","NV2t022034001.1","Nvec","OG_4770",1,1,1
"NV2t022037001.1","NV2t022037001.1","Nvec","OG_4773",1,1,0
"NV2t022039001.1","NV2t022039001.1","Nvec","OG_5325",1,0,0
"NV2t022041001.1","NV2t022041001.1","Nvec","OG_9111",1,0,0
"NV2t022041002.1","NV2t022041002.1","Nvec","OG_9111",1,0,0
"NV2t022044001.1","NV2t022044001.1","Nvec","OG_9112",1,0,0
"NV2t022048001.1","NV2t022048001.1","Nvec","OG_9257",1,0,0
"NV2t022071001.1","NV2t022071001.1","Nvec","OG_2104",1,0,0
"NV2t022071003.1","NV2t022071003.1","Nvec","OG_2104",1,0,0
"NV2t022077001.1","NV2t022077001.1","Nvec","OG_596",1,1,1
"NV2t022093001.1","NV2t022093001.1","Nvec","OG_864",1,1,0
"NV2t022099003.1","NV2t022099003.1","Nvec","OG_851",1,1,0
"NV2t022106001.1","NV2t022106001.1","Nvec","OG_9055",1,1,0
"NV2t022110001.1","NV2t022110001.1","Nvec","OG_9123",1,1,0
"NV2t022129001.1","NV2t022129001.1","Nvec","OG_4689",1,1,0
"NV2t022177002.1","NV2t022177002.1","Nvec","OG_227",1,1,1
"NV2t022177004.1","NV2t022177004.1","Nvec","OG_227",1,1,1
"NV2t022177005.1","NV2t022177005.1","Nvec","OG_227",1,1,1
"NV2t022177006.1","NV2t022177006.1","Nvec","OG_227",1,1,1
"NV2t022180001.1","NV2t022180001.1","Nvec","OG_4703",1,1,0
"NV2t022181001.1","NV2t022181001.1","Nvec","OG_4704",1,1,0
"NV2t022187001.1","NV2t022187001.1","Nvec","OG_9210",1,0,0
"NV2t022188003.1","NV2t022188003.1","Nvec","OG_10695",1,1,0
"NV2t022188001.1","NV2t022188001.1","Nvec","OG_10695",1,1,0
"NV2t022188002.1","NV2t022188002.1","Nvec","OG_10695",1,1,0
"NV2t022188004.1","NV2t022188004.1","Nvec","OG_10695",1,1,0
"NV2t022192001.1","NV2t022192001.1","Nvec","OG_6062",1,1,1
"NV2t022207001.1","NV2t022207001.1","Nvec","OG_9328",1,1,0
"NV2t022207003.1","NV2t022207003.1","Nvec","OG_9328",1,1,0
"NV2t022223001.1","NV2t022223001.1","Nvec","OG_9070",1,0,0
"NV2t022227001.1","NV2t022227001.1","Nvec","OG_4660",1,1,0
"NV2t022227002.1","NV2t022227002.1","Nvec","OG_4660",1,1,0
"NV2t022248001.1","NV2t022248001.1","Nvec","OG_165",1,1,1
"NV2t022250001.1","NV2t022250001.1","Nvec","OG_165",1,1,1
"NV2t022259001.1","NV2t022259001.1","Nvec","OG_4653",1,1,1
"NV2t022259002.1","NV2t022259002.1","Nvec","OG_4653",1,1,1
"NV2t022260001.1","NV2t022260001.1","Nvec","OG_9158",1,0,0
"NV2t022260003.1","NV2t022260003.1","Nvec","OG_9158",1,0,0
"NV2t022260004.1","NV2t022260004.1","Nvec","OG_9158",1,0,0
"NV2t022260005.1","NV2t022260005.1","Nvec","OG_9158",1,0,0
"NV2t022260006.1","NV2t022260006.1","Nvec","OG_9158",1,0,0
"NV2t022260007.1","NV2t022260007.1","Nvec","OG_9158",1,0,0
"NV2t022260008.1","NV2t022260008.1","Nvec","OG_9158",1,0,0
"NV2t022263001.1","NV2t022263001.1","Nvec","OG_4713",1,1,0
"NV2t022265001.1","NV2t022265001.1","Nvec","OG_4713",1,1,0
"NV2t022265002.1","NV2t022265002.1","Nvec","OG_4713",1,1,0
"NV2t022283001.1","NV2t022283001.1","Nvec","OG_9147",1,1,0
"NV2t022283002.1","NV2t022283002.1","Nvec","OG_9147",1,1,0
"NV2t022283003.1","NV2t022283003.1","Nvec","OG_9147",1,1,0
"NV2t022284001.1","NV2t022284001.1","Nvec","OG_4638",1,0,0
"NV2t022294001.1","NV2t022294001.1","Nvec","OG_4737",1,1,0
"NV2t022299001.1","NV2t022299001.1","Nvec","OG_4744",1,0,0
"NV2t022307001.1","NV2t022307001.1","Nvec","OG_442",1,1,1
"NV2t022319001.1","NV2t022319001.1","Nvec","OG_1288",1,1,0
"NV2t022326001.1","NV2t022326001.1","Nvec","OG_201",1,0,0
"NV2t022325001.1","NV2t022325001.1","Nvec","OG_9177",1,1,0
"NV2t022325002.1","NV2t022325002.1","Nvec","OG_9177",1,1,0
"NV2t022330001.1","NV2t022330001.1","Nvec","OG_6681",1,0,0
"NV2t022331001.1","NV2t022331001.1","Nvec","OG_9264",1,0,0
"NV2t022340001.1","NV2t022340001.1","Nvec","OG_10672",1,0,0
"NV2t022341001.1","NV2t022341001.1","Nvec","OG_9090",1,1,0
"NV2t022341002.1","NV2t022341002.1","Nvec","OG_9090",1,1,0
"NV2t022341003.1","NV2t022341003.1","Nvec","OG_9090",1,1,0
"NV2t022349001.1","NV2t022349001.1","Nvec","OG_9064",1,0,0
"NV2t022350001.1","NV2t022350001.1","Nvec","OG_9272",1,1,0
"NV2t022352001.1","NV2t022352001.1","Nvec","OG_4722",1,1,0
"NV2t022354001.1","NV2t022354001.1","Nvec","OG_4692",1,1,0
"NV2t022354003.1","NV2t022354003.1","Nvec","OG_4692",1,1,0
"NV2t022356001.1","NV2t022356001.1","Nvec","OG_6691",1,1,0
"NV2t022363001.1","NV2t022363001.1","Nvec","OG_8",1,1,1
"NV2t022365001.1","NV2t022365001.1","Nvec","OG_9325",1,1,0
"NV2t022366001.1","NV2t022366001.1","Nvec","OG_5326",1,1,0
"NV2t022384001.1","NV2t022384001.1","Nvec","OG_789",1,1,0
"NV2t022384002.1","NV2t022384002.1","Nvec","OG_789",1,1,0
"NV2t022392001.1","NV2t022392001.1","Nvec","OG_431",1,0,1
"NV2t022397001.1","NV2t022397001.1","Nvec","OG_387",1,1,0
"NV2t022397002.1","NV2t022397002.1","Nvec","OG_387",1,1,0
"NV2t022403001.1","NV2t022403001.1","Nvec","OG_9153",1,1,0
"NV2t022403002.1","NV2t022403002.1","Nvec","OG_9153",1,1,0
"NV2t022403003.1","NV2t022403003.1","Nvec","OG_9153",1,1,0
"NV2t022408001.1","NV2t022408001.1","Nvec","OG_363",1,0,0
"NV2t022408002.1","NV2t022408002.1","Nvec","OG_363",1,0,0
"NV2t022409001.1","NV2t022409001.1","Nvec","OG_381",1,0,0
"NV2t022410001.1","NV2t022410001.1","Nvec","OG_391",1,1,0
"NV2t022410002.1","NV2t022410002.1","Nvec","OG_391",1,1,0
"NV2t022412001.1","NV2t022412001.1","Nvec","OG_4676",1,1,1
"NV2t022427002.1","NV2t022427002.1","Nvec","OG_910",1,0,1
"NV2t022463001.1","NV2t022463001.1","Nvec","OG_6815",1,1,0
"NV2t022463002.1","NV2t022463002.1","Nvec","OG_6815",1,1,0
"NV2t022481001.1","NV2t022481001.1","Nvec","OG_9261",1,1,0
"NV2t022483001.1","NV2t022483001.1","Nvec","OG_9329",1,1,0
"NV2t022485001.1","NV2t022485001.1","Nvec","OG_727",1,1,0
"NV2t022494001.1","NV2t022494001.1","Nvec","OG_5996",1,0,0
"NV2t022494002.1","NV2t022494002.1","Nvec","OG_5996",1,0,0
"NV2t022494003.1","NV2t022494003.1","Nvec","OG_5996",1,0,0
"NV2t022494004.1","NV2t022494004.1","Nvec","OG_5996",1,0,0
"NV2t022502001.1","NV2t022502001.1","Nvec","OG_9037",1,1,0
"NV2t022508001.1","NV2t022508001.1","Nvec","OG_9014",1,1,1
"NV2t022512002.1","NV2t022512002.1","Nvec","OG_4788",1,1,0
"NV2t022512001.1","NV2t022512001.1","Nvec","OG_6690",1,1,1
"NV2t022513001.1","NV2t022513001.1","Nvec","OG_4756",1,0,0
"NV2t022514001.1","NV2t022514001.1","Nvec","OG_5328",1,1,1
"NV2t022525002.1","NV2t022525002.1","Nvec","OG_9238",1,1,0
"NV2t022525001.1","NV2t022525001.1","Nvec","OG_9238",1,1,0
"NV2t022525003.1","NV2t022525003.1","Nvec","OG_9238",1,1,0
"NV2t022525004.1","NV2t022525004.1","Nvec","OG_9238",1,1,0
"NV2t022526001.1","NV2t022526001.1","Nvec","OG_1083",1,1,0
"NV2t022542001.1","NV2t022542001.1","Nvec","OG_6631",1,1,1
"NV2t022544001.1","NV2t022544001.1","Nvec","OG_4714",1,1,0
"NV2t022547001.1","NV2t022547001.1","Nvec","OG_10099",1,1,0
"NV2t022547002.1","NV2t022547002.1","Nvec","OG_10099",1,1,0
"NV2t022547003.1","NV2t022547003.1","Nvec","OG_10099",1,1,0
"NV2t022547004.1","NV2t022547004.1","Nvec","OG_10099",1,1,0
"NV2t022547005.1","NV2t022547005.1","Nvec","OG_10099",1,1,0
"NV2t022547006.1","NV2t022547006.1","Nvec","OG_10099",1,1,0
"NV2t022548001.1","NV2t022548001.1","Nvec","OG_5063",1,1,0
"NV2t022551001.1","NV2t022551001.1","Nvec","OG_228",1,1,0
"NV2t022563001.1","NV2t022563001.1","Nvec","OG_9107",1,0,0
"NV2t022566001.1","NV2t022566001.1","Nvec","OG_6714",1,1,0
"NV2t022566002.1","NV2t022566002.1","Nvec","OG_6714",1,1,0
"NV2t022565001.1","NV2t022565001.1","Nvec","OG_5686",1,0,0
"NV2t022569001.1","NV2t022569001.1","Nvec","OG_5960",1,1,0
"NV2t022569002.1","NV2t022569002.1","Nvec","OG_5960",1,1,0
"NV2t022569003.1","NV2t022569003.1","Nvec","OG_5960",1,1,0
"NV2t022571004.1","NV2t022571004.1","Nvec","OG_6698",1,1,0
"NV2t022571002.1","NV2t022571002.1","Nvec","OG_6698",1,1,0
"NV2t022588001.1","NV2t022588001.1","Nvec","OG_4663",1,0,0
"NV2t022589001.1","NV2t022589001.1","Nvec","OG_12584",1,1,1
"NV2t022589002.1","NV2t022589002.1","Nvec","OG_12584",1,1,1
"NV2t022589003.1","NV2t022589003.1","Nvec","OG_12584",1,1,1
"NV2t022589004.1","NV2t022589004.1","Nvec","OG_12584",1,1,1
"NV2t022592001.1","NV2t022592001.1","Nvec","OG_9160",1,0,0
"NV2t022593001.1","NV2t022593001.1","Nvec","OG_1335",1,1,0
"NV2t022603001.1","NV2t022603001.1","Nvec","OG_9199",1,1,0
"NV2t022603002.1","NV2t022603002.1","Nvec","OG_9199",1,1,0
"NV2t022603003.1","NV2t022603003.1","Nvec","OG_9199",1,1,0
"NV2t022603004.1","NV2t022603004.1","Nvec","OG_9199",1,1,0
"NV2t022603005.1","NV2t022603005.1","Nvec","OG_9199",1,1,0
"NV2t022607001.1","NV2t022607001.1","Nvec","OG_1362",1,0,1
"NV2t022612001.1","NV2t022612001.1","Nvec","OG_5959",1,1,0
"NV2t022629001.1","NV2t022629001.1","Nvec","OG_9135",1,1,0
"NV2t022633001.1","NV2t022633001.1","Nvec","OG_257",1,1,1
"NV2t022632001.1","NV2t022632001.1","Nvec","OG_9073",1,1,0
"NV2t022636001.1","NV2t022636001.1","Nvec","OG_4643",1,1,1
"NV2t022639001.1","NV2t022639001.1","Nvec","OG_6699",1,0,0
"NV2t022646001.1","NV2t022646001.1","Nvec","OG_4705",1,1,0
"NV2t022646002.1","NV2t022646002.1","Nvec","OG_4705",1,1,0
"NV2t022646004.1","NV2t022646004.1","Nvec","OG_4705",1,1,0
"NV2t022646005.1","NV2t022646005.1","Nvec","OG_4705",1,1,0
"NV2t022646009.1","NV2t022646009.1","Nvec","OG_4705",1,1,0
"NV2t022646011.1","NV2t022646011.1","Nvec","OG_4705",1,1,0
"NV2t022646012.1","NV2t022646012.1","Nvec","OG_4705",1,1,0
"NV2t022649001.1","NV2t022649001.1","Nvec","OG_1124",1,1,0
"NV2t022656001.1","NV2t022656001.1","Nvec","OG_5329",1,0,0
"NV2t022667001.1","NV2t022667001.1","Nvec","OG_4750",1,1,0
"NV2t022670001.1","NV2t022670001.1","Nvec","OG_9309",1,1,0
"NV2t022675001.1","NV2t022675001.1","Nvec","OG_1220",1,0,0
"NV2t022675002.1","NV2t022675002.1","Nvec","OG_1220",1,0,0
"NV2t022685001.1","NV2t022685001.1","Nvec","OG_4779",1,1,0
"NV2t022691001.1","NV2t022691001.1","Nvec","OG_4791",1,1,0
"NV2t022692001.1","NV2t022692001.1","Nvec","OG_4782",1,1,0
"NV2t022693001.1","NV2t022693001.1","Nvec","OG_4786",1,0,0
"NV2t022693002.1","NV2t022693002.1","Nvec","OG_4786",1,0,0
"NV2t022693003.1","NV2t022693003.1","Nvec","OG_4786",1,0,0
"NV2t022710001.1","NV2t022710001.1","Nvec","OG_631",1,1,1
"NV2t022723001.1","NV2t022723001.1","Nvec","OG_4683",1,0,0
"NV2t022728001.1","NV2t022728001.1","Nvec","OG_4743",1,1,1
"NV2t022750001.1","NV2t022750001.1","Nvec","OG_4759",1,0,0
"NV2t022750002.1","NV2t022750002.1","Nvec","OG_4759",1,0,0
"NV2t022754001.1","NV2t022754001.1","Nvec","OG_4771",1,0,0
"NV2t022772001.1","NV2t022772001.1","Nvec","OG_9288",1,1,1
"NV2t022774001.1","NV2t022774001.1","Nvec","OG_4763",1,1,0
"NV2t022783005.1","NV2t022783005.1","Nvec","OG_227",1,1,1
"NV2t022783002.1","NV2t022783002.1","Nvec","OG_227",1,1,1
"NV2t022783003.1","NV2t022783003.1","Nvec","OG_227",1,1,1
"NV2t022783004.1","NV2t022783004.1","Nvec","OG_227",1,1,1
"NV2t022785001.1","NV2t022785001.1","Nvec","OG_5107",1,1,0
"NV2t022787001.1","NV2t022787001.1","Nvec","OG_5107",1,1,0
"NV2t022789001.1","NV2t022789001.1","Nvec","OG_5107",1,1,0
"NV2t022802001.1","NV2t022802001.1","Nvec","OG_5330",1,1,0
"NV2t022803001.1","NV2t022803001.1","Nvec","OG_2865",1,0,1
"NV2t022804001.1","NV2t022804001.1","Nvec","OG_426",1,1,1
"NV2t022804002.1","NV2t022804002.1","Nvec","OG_426",1,1,1
"NV2t022812001.1","NV2t022812001.1","Nvec","OG_5527",1,0,0
"NV2t022826001.1","NV2t022826001.1","Nvec","OG_3385",1,0,0
"NV2t022829001.1","NV2t022829001.1","Nvec","OG_905",1,1,1
"NV2t022829002.1","NV2t022829002.1","Nvec","OG_905",1,1,1
"NV2t022830001.1","NV2t022830001.1","Nvec","OG_913",1,1,0
"NV2t022833001.1","NV2t022833001.1","Nvec","OG_257",1,1,1
"NV2t022834001.1","NV2t022834001.1","Nvec","OG_11339",1,1,0
"NV2t022840001.1","NV2t022840001.1","Nvec","OG_7239",1,0,0
"NV2t022843001.1","NV2t022843001.1","Nvec","OG_7239",1,0,0
"NV2t022846001.1","NV2t022846001.1","Nvec","OG_5961",1,1,0
"NV2t022846003.1","NV2t022846003.1","Nvec","OG_5961",1,1,0
"NV2t022846004.1","NV2t022846004.1","Nvec","OG_5961",1,1,0
"NV2t022846005.1","NV2t022846005.1","Nvec","OG_5961",1,1,0
"NV2t022846006.1","NV2t022846006.1","Nvec","OG_5961",1,1,0
"NV2t022851004.1","NV2t022851004.1","Nvec","OG_6309",1,0,0
"NV2t022854001.1","NV2t022854001.1","Nvec","OG_691",1,1,0
"NV2t022855001.1","NV2t022855001.1","Nvec","OG_12642",1,1,0
"NV2t022865001.1","NV2t022865001.1","Nvec","OG_216",1,1,1
"NV2t022899001.1","NV2t022899001.1","Nvec","OG_3689",1,1,0
"NV2t022900001.1","NV2t022900001.1","Nvec","OG_11453",1,1,0
"NV2t022904001.1","NV2t022904001.1","Nvec","OG_3472",1,1,0
"NV2t022911001.1","NV2t022911001.1","Nvec","OG_5333",1,1,0
"NV2t022913001.1","NV2t022913001.1","Nvec","OG_216",1,1,1
"NV2t022913002.1","NV2t022913002.1","Nvec","OG_216",1,1,1
"NV2t022930001.1","NV2t022930001.1","Nvec","OG_11588",1,0,0
"NV2t022942001.1","NV2t022942001.1","Nvec","OG_3513",1,0,0
"NV2t022954001.1","NV2t022954001.1","Nvec","OG_241",1,1,1
"NV2t022957001.1","NV2t022957001.1","Nvec","OG_851",1,1,0
"NV2t022959001.1","NV2t022959001.1","Nvec","OG_741",1,1,1
"NV2t022974001.1","NV2t022974001.1","Nvec","OG_1020",1,1,0
"NV2t023004001.1","NV2t023004001.1","Nvec","OG_6479",1,1,0
"NV2t023006001.1","NV2t023006001.1","Nvec","OG_11661",1,0,0
"NV2t023063001.1","NV2t023063001.1","Nvec","OG_5690",1,0,1
"NV2t023072001.1","NV2t023072001.1","Nvec","OG_403",1,1,0
"NV2t023086001.1","NV2t023086001.1","Nvec","OG_11752",1,1,0
"NV2t023087001.1","NV2t023087001.1","Nvec","OG_10347",1,1,0
"NV2t023087002.1","NV2t023087002.1","Nvec","OG_10347",1,1,0
"NV2t023096001.1","NV2t023096001.1","Nvec","OG_11595",1,0,0
"NV2t023098001.1","NV2t023098001.1","Nvec","OG_3425",1,1,0
"NV2t023108001.1","NV2t023108001.1","Nvec","OG_6168",1,1,1
"NV2t023108002.1","NV2t023108002.1","Nvec","OG_6168",1,1,1
"NV2t023108003.1","NV2t023108003.1","Nvec","OG_6168",1,1,1
"NV2t023108004.1","NV2t023108004.1","Nvec","OG_6168",1,1,1
"NV2t023112003.1","NV2t023112003.1","Nvec","OG_11759",1,1,0
"NV2t023112001.1","NV2t023112001.1","Nvec","OG_11759",1,1,0
"NV2t023112002.1","NV2t023112002.1","Nvec","OG_11759",1,1,0
"NV2t023135002.1","NV2t023135002.1","Nvec","OG_11519",1,1,0
"NV2t023136001.1","NV2t023136001.1","Nvec","OG_11487",1,0,0
"NV2t023175001.1","NV2t023175001.1","Nvec","OG_6513",1,1,1
"NV2t023175002.1","NV2t023175002.1","Nvec","OG_6513",1,1,1
"NV2t023175003.1","NV2t023175003.1","Nvec","OG_6513",1,1,1
"NV2t023175004.1","NV2t023175004.1","Nvec","OG_6513",1,1,1
"NV2t023175005.1","NV2t023175005.1","Nvec","OG_6513",1,1,1
"NV2t023175006.1","NV2t023175006.1","Nvec","OG_6513",1,1,1
"NV2t023176001.1","NV2t023176001.1","Nvec","OG_3559",1,1,0
"NV2t023181001.1","NV2t023181001.1","Nvec","OG_3559",1,1,0
"NV2t023216001.1","NV2t023216001.1","Nvec","OG_3470",1,1,0
"NV2t023219001.1","NV2t023219001.1","Nvec","OG_3470",1,1,0
"NV2t023223001.1","NV2t023223001.1","Nvec","OG_1244",1,0,0
"NV2t023225001.1","NV2t023225001.1","Nvec","OG_9224",1,1,0
"NV2t023225002.1","NV2t023225002.1","Nvec","OG_9224",1,1,0
"NV2t023225003.1","NV2t023225003.1","Nvec","OG_9224",1,1,0
"NV2t023237001.1","NV2t023237001.1","Nvec","OG_11463",1,0,0
"NV2t023238001.1","NV2t023238001.1","Nvec","OG_11464",1,1,0
"NV2t023250001.1","NV2t023250001.1","Nvec","OG_8888",1,1,0
"NV2t023269001.1","NV2t023269001.1","Nvec","OG_11321",1,1,0
"NV2t023269002.1","NV2t023269002.1","Nvec","OG_11321",1,1,0
"NV2t023270001.1","NV2t023270001.1","Nvec","OG_667",1,0,0
"NV2t023271001.1","NV2t023271001.1","Nvec","OG_667",1,0,0
"NV2t023274001.1","NV2t023274001.1","Nvec","OG_647",1,1,0
"NV2t023276001.1","NV2t023276001.1","Nvec","OG_1268",1,1,1
"NV2t023278001.1","NV2t023278001.1","Nvec","OG_665",1,1,1
"NV2t023289001.1","NV2t023289001.1","Nvec","OG_5691",1,1,1
"NV2t023297001.1","NV2t023297001.1","Nvec","OG_2132",1,1,0
"NV2t023309001.1","NV2t023309001.1","Nvec","OG_11484",1,1,0
"NV2t023309002.1","NV2t023309002.1","Nvec","OG_11484",1,1,0
"NV2t023310001.1","NV2t023310001.1","Nvec","OG_11514",1,0,1
"NV2t023310002.1","NV2t023310002.1","Nvec","OG_11514",1,0,1
"NV2t023310003.1","NV2t023310003.1","Nvec","OG_11514",1,0,1
"NV2t023318001.1","NV2t023318001.1","Nvec","OG_3500",1,1,0
"NV2t023321001.1","NV2t023321001.1","Nvec","OG_3500",1,1,0
"NV2t023323001.1","NV2t023323001.1","Nvec","OG_3486",1,0,0
"NV2t023331001.1","NV2t023331001.1","Nvec","OG_11513",1,1,1
"NV2t023331002.1","NV2t023331002.1","Nvec","OG_11513",1,1,1
"NV2t023331003.1","NV2t023331003.1","Nvec","OG_11513",1,1,1
"NV2t023331004.1","NV2t023331004.1","Nvec","OG_11513",1,1,1
"NV2t023331008.1","NV2t023331008.1","Nvec","OG_11513",1,1,1
"NV2t023331009.1","NV2t023331009.1","Nvec","OG_11513",1,1,1
"NV2t023331005.1","NV2t023331005.1","Nvec","OG_11513",1,1,1
"NV2t023331006.1","NV2t023331006.1","Nvec","OG_11513",1,1,1
"NV2t023331007.1","NV2t023331007.1","Nvec","OG_11513",1,1,1
"NV2t023334001.1","NV2t023334001.1","Nvec","OG_11777",1,0,0
"NV2t023334002.1","NV2t023334002.1","Nvec","OG_11777",1,0,0
"NV2t023334003.1","NV2t023334003.1","Nvec","OG_11777",1,0,0
"NV2t023334004.1","NV2t023334004.1","Nvec","OG_11777",1,0,0
"NV2t023335001.1","NV2t023335001.1","Nvec","OG_3487",1,1,0
"NV2t023347001.1","NV2t023347001.1","Nvec","OG_426",1,1,1
"NV2t023367001.1","NV2t023367001.1","Nvec","OG_6240",1,1,0
"NV2t023370001.1","NV2t023370001.1","Nvec","OG_12645",1,0,0
"NV2t023383001.1","NV2t023383001.1","Nvec","OG_3557",1,1,0
"NV2t023385001.1","NV2t023385001.1","Nvec","OG_11309",1,1,1
"NV2t023385002.1","NV2t023385002.1","Nvec","OG_11309",1,1,1
"NV2t023386001.1","NV2t023386001.1","Nvec","OG_11310",1,0,0
"NV2t023386002.1","NV2t023386002.1","Nvec","OG_11310",1,0,0
"NV2t023387001.1","NV2t023387001.1","Nvec","OG_3551",1,0,0
"NV2t023387002.1","NV2t023387002.1","Nvec","OG_3551",1,0,0
"NV2t023387003.1","NV2t023387003.1","Nvec","OG_3551",1,0,0
"NV2t023388001.1","NV2t023388001.1","Nvec","OG_11311",1,1,0
"NV2t023388002.1","NV2t023388002.1","Nvec","OG_11311",1,1,0
"NV2t023388003.1","NV2t023388003.1","Nvec","OG_11311",1,1,0
"NV2t023403001.1","NV2t023403001.1","Nvec","OG_6174",1,1,0
"NV2t023410001.1","NV2t023410001.1","Nvec","OG_11396",1,1,1
"NV2t023410010.1","NV2t023410010.1","Nvec","OG_11396",1,1,1
"NV2t023410011.1","NV2t023410011.1","Nvec","OG_11396",1,1,1
"NV2t023410012.1","NV2t023410012.1","Nvec","OG_11396",1,1,1
"NV2t023410013.1","NV2t023410013.1","Nvec","OG_11396",1,1,1
"NV2t023410002.1","NV2t023410002.1","Nvec","OG_11396",1,1,1
"NV2t023410003.1","NV2t023410003.1","Nvec","OG_11396",1,1,1
"NV2t023410004.1","NV2t023410004.1","Nvec","OG_11396",1,1,1
"NV2t023410005.1","NV2t023410005.1","Nvec","OG_11396",1,1,1
"NV2t023410006.1","NV2t023410006.1","Nvec","OG_11396",1,1,1
"NV2t023410007.1","NV2t023410007.1","Nvec","OG_11396",1,1,1
"NV2t023410008.1","NV2t023410008.1","Nvec","OG_11396",1,1,1
"NV2t023410009.1","NV2t023410009.1","Nvec","OG_11396",1,1,1
"NV2t023410014.1","NV2t023410014.1","Nvec","OG_11396",1,1,1
"NV2t023412001.1","NV2t023412001.1","Nvec","OG_1000",1,1,0
"NV2t023428001.1","NV2t023428001.1","Nvec","OG_631",1,1,1
"NV2t023436001.1","NV2t023436001.1","Nvec","OG_11312",1,0,0
"NV2t023438001.1","NV2t023438001.1","Nvec","OG_6415",1,1,1
"NV2t023446001.1","NV2t023446001.1","Nvec","OG_3389",1,1,0
"NV2t023451001.1","NV2t023451001.1","Nvec","OG_998",1,1,0
"NV2t023452001.1","NV2t023452001.1","Nvec","OG_11645",1,0,1
"NV2t023453001.1","NV2t023453001.1","Nvec","OG_3410",1,0,0
"NV2t023463001.1","NV2t023463001.1","Nvec","OG_11406",1,1,0
"NV2t023463002.1","NV2t023463002.1","Nvec","OG_11406",1,1,0
"NV2t023469001.1","NV2t023469001.1","Nvec","OG_3395",1,1,0
"NV2t023470001.1","NV2t023470001.1","Nvec","OG_11340",1,1,0
"NV2t023481001.1","NV2t023481001.1","Nvec","OG_639",1,1,0
"NV2t023488001.1","NV2t023488001.1","Nvec","OG_3509",1,1,0
"NV2t023488002.1","NV2t023488002.1","Nvec","OG_3509",1,1,0
"NV2t023488003.1","NV2t023488003.1","Nvec","OG_3509",1,1,0
"NV2t023488004.1","NV2t023488004.1","Nvec","OG_3509",1,1,0
"NV2t023488005.1","NV2t023488005.1","Nvec","OG_3509",1,1,0
"NV2t023488006.1","NV2t023488006.1","Nvec","OG_3509",1,1,0
"NV2t023488007.1","NV2t023488007.1","Nvec","OG_3509",1,1,0
"NV2t023492001.1","NV2t023492001.1","Nvec","OG_1269",1,0,0
"NV2t023515001.1","NV2t023515001.1","Nvec","OG_6437",1,1,0
"NV2t023518001.1","NV2t023518001.1","Nvec","OG_5697",1,0,1
"NV2t023532001.1","NV2t023532001.1","Nvec","OG_1521",1,0,0
"NV2t023534001.1","NV2t023534001.1","Nvec","OG_11516",1,0,0
"NV2t023535001.1","NV2t023535001.1","Nvec","OG_5701",1,0,0
"NV2t023537001.1","NV2t023537001.1","Nvec","OG_5702",1,0,0
"NV2t023556001.1","NV2t023556001.1","Nvec","OG_3354",1,0,0
"NV2t023559001.1","NV2t023559001.1","Nvec","OG_662",1,0,0
"NV2t023560001.1","NV2t023560001.1","Nvec","OG_5340",1,1,0
"NV2t023560003.1","NV2t023560003.1","Nvec","OG_5340",1,1,0
"NV2t023560005.1","NV2t023560005.1","Nvec","OG_5340",1,1,0
"NV2t023579001.1","NV2t023579001.1","Nvec","OG_3494",1,1,0
"NV2t023579002.1","NV2t023579002.1","Nvec","OG_3494",1,1,0
"NV2t023579003.1","NV2t023579003.1","Nvec","OG_3494",1,1,0
"NV2t023581001.1","NV2t023581001.1","Nvec","OG_3492",1,1,0
"NV2t023581002.1","NV2t023581002.1","Nvec","OG_3492",1,1,0
"NV2t023582001.1","NV2t023582001.1","Nvec","OG_333",1,1,1
"NV2t023582002.1","NV2t023582002.1","Nvec","OG_333",1,1,1
"NV2t023583001.1","NV2t023583001.1","Nvec","OG_11637",1,1,0
"NV2t023583002.1","NV2t023583002.1","Nvec","OG_11637",1,1,0
"NV2t023585001.1","NV2t023585001.1","Nvec","OG_11663",1,1,0
"NV2t023601002.1","NV2t023601002.1","Nvec","OG_11404",1,0,0
"NV2t023605001.1","NV2t023605001.1","Nvec","OG_11585",1,1,0
"NV2t023609001.1","NV2t023609001.1","Nvec","OG_10647",1,0,0
"NV2t023631001.1","NV2t023631001.1","Nvec","OG_3356",1,1,1
"NV2t023654001.1","NV2t023654001.1","Nvec","OG_8644",1,0,0
"NV2t023657001.1","NV2t023657001.1","Nvec","OG_761",1,1,0
"NV2t023672001.1","NV2t023672001.1","Nvec","OG_6167",1,1,0
"NV2t023673001.1","NV2t023673001.1","Nvec","OG_5703",1,0,0
"NV2t023674001.1","NV2t023674001.1","Nvec","OG_11413",1,1,0
"NV2t023683001.1","NV2t023683001.1","Nvec","OG_3383",1,1,1
"NV2t023685001.1","NV2t023685001.1","Nvec","OG_11771",1,1,0
"NV2t023687001.1","NV2t023687001.1","Nvec","OG_3408",1,1,1
"NV2t023688001.1","NV2t023688001.1","Nvec","OG_5094",1,1,1
"NV2t023688002.1","NV2t023688002.1","Nvec","OG_5094",1,1,1
"NV2t023688003.1","NV2t023688003.1","Nvec","OG_5094",1,1,1
"NV2t023697001.1","NV2t023697001.1","Nvec","OG_643",1,1,0
"NV2t023708001.1","NV2t023708001.1","Nvec","OG_11653",1,1,0
"NV2t023708002.1","NV2t023708002.1","Nvec","OG_11653",1,1,0
"NV2t023709001.1","NV2t023709001.1","Nvec","OG_3386",1,0,0
"NV2t023709002.1","NV2t023709002.1","Nvec","OG_3386",1,0,0
"NV2t023709003.1","NV2t023709003.1","Nvec","OG_3386",1,0,0
"NV2t023713001.1","NV2t023713001.1","Nvec","OG_11363",1,1,0
"NV2t023727001.1","NV2t023727001.1","Nvec","OG_3401",1,1,1
"NV2t023748001.1","NV2t023748001.1","Nvec","OG_60",1,0,0
"NV2t023750001.1","NV2t023750001.1","Nvec","OG_11426",1,1,0
"NV2t023778001.1","NV2t023778001.1","Nvec","OG_426",1,1,1
"NV2t023780001.1","NV2t023780001.1","Nvec","OG_9445",1,0,0
"NV2t023782001.1","NV2t023782001.1","Nvec","OG_3357",1,0,0
"NV2t023782002.1","NV2t023782002.1","Nvec","OG_3357",1,0,0
"NV2t023794001.1","NV2t023794001.1","Nvec","OG_11687",1,1,0
"NV2t023797001.1","NV2t023797001.1","Nvec","OG_7201",1,1,1
"NV2t023797002.1","NV2t023797002.1","Nvec","OG_7201",1,1,1
"NV2t023798002.1","NV2t023798002.1","Nvec","OG_7201",1,1,1
"NV2t023798001.1","NV2t023798001.1","Nvec","OG_7201",1,1,1
"NV2t023798003.1","NV2t023798003.1","Nvec","OG_7201",1,1,1
"NV2t023798004.1","NV2t023798004.1","Nvec","OG_7201",1,1,1
"NV2t023800001.1","NV2t023800001.1","Nvec","OG_3403",1,0,0
"NV2t023800002.1","NV2t023800002.1","Nvec","OG_3403",1,0,0
"NV2t023802001.1","NV2t023802001.1","Nvec","OG_10764",1,1,0
"NV2t023802002.1","NV2t023802002.1","Nvec","OG_10764",1,1,0
"NV2t023802003.1","NV2t023802003.1","Nvec","OG_10764",1,1,0
"NV2t023804001.1","NV2t023804001.1","Nvec","OG_1016",1,1,0
"NV2t023809001.1","NV2t023809001.1","Nvec","OG_3554",1,1,0
"NV2t023810001.1","NV2t023810001.1","Nvec","OG_11327",1,1,0
"NV2t023815001.1","NV2t023815001.1","Nvec","OG_1020",1,1,0
"NV2t023824001.1","NV2t023824001.1","Nvec","OG_5705",1,0,0
"NV2t023842001.1","NV2t023842001.1","Nvec","OG_11370",1,1,0
"NV2t023847001.1","NV2t023847001.1","Nvec","OG_11723",1,0,0
"NV2t023855001.1","NV2t023855001.1","Nvec","OG_11326",1,1,0
"NV2t023855002.1","NV2t023855002.1","Nvec","OG_11326",1,1,0
"NV2t023856001.1","NV2t023856001.1","Nvec","OG_3442",1,1,0
"NV2t023871001.1","NV2t023871001.1","Nvec","OG_910",1,0,1
"NV2t023871002.1","NV2t023871002.1","Nvec","OG_910",1,0,1
"NV2t023883001.1","NV2t023883001.1","Nvec","OG_3411",1,1,0
"NV2t023884001.1","NV2t023884001.1","Nvec","OG_11403",1,1,0
"NV2t023884002.1","NV2t023884002.1","Nvec","OG_11403",1,1,0
"NV2t023886001.1","NV2t023886001.1","Nvec","OG_11600",1,1,0
"NV2t023886002.1","NV2t023886002.1","Nvec","OG_11600",1,1,0
"NV2t023886003.1","NV2t023886003.1","Nvec","OG_11600",1,1,0
"NV2t023890001.1","NV2t023890001.1","Nvec","OG_11591",1,1,0
"NV2t023890002.1","NV2t023890002.1","Nvec","OG_11591",1,1,0
"NV2t023890003.1","NV2t023890003.1","Nvec","OG_11591",1,1,0
"NV2t023891001.1","NV2t023891001.1","Nvec","OG_11739",1,1,0
"NV2t023893001.1","NV2t023893001.1","Nvec","OG_11406",1,1,0
"NV2t023893002.1","NV2t023893002.1","Nvec","OG_11406",1,1,0
"NV2t023893003.1","NV2t023893003.1","Nvec","OG_11406",1,1,0
"NV2t023896001.1","NV2t023896001.1","Nvec","OG_11379",1,0,0
"NV2t023896002.1","NV2t023896002.1","Nvec","OG_11379",1,0,0
"NV2t023897001.1","NV2t023897001.1","Nvec","OG_11319",1,1,0
"NV2t023897002.1","NV2t023897002.1","Nvec","OG_11319",1,1,0
"NV2t023897003.1","NV2t023897003.1","Nvec","OG_11319",1,1,0
"NV2t023903001.1","NV2t023903001.1","Nvec","OG_11701",1,1,0
"NV2t023908001.1","NV2t023908001.1","Nvec","OG_11701",1,1,0
"NV2t023925001.1","NV2t023925001.1","Nvec","OG_3422",1,1,0
"NV2t023936003.1","NV2t023936003.1","Nvec","OG_11730",1,1,0
"NV2t023936001.1","NV2t023936001.1","Nvec","OG_11730",1,1,0
"NV2t023936002.1","NV2t023936002.1","Nvec","OG_11730",1,1,0
"NV2t023938001.1","NV2t023938001.1","Nvec","OG_11729",1,1,0
"NV2t023938002.1","NV2t023938002.1","Nvec","OG_11729",1,1,0
"NV2t023940001.1","NV2t023940001.1","Nvec","OG_5709",1,0,0
"NV2t023957001.1","NV2t023957001.1","Nvec","OG_11374",1,0,0
"NV2t023957002.1","NV2t023957002.1","Nvec","OG_11374",1,0,0
"NV2t023957003.1","NV2t023957003.1","Nvec","OG_11374",1,0,0
"NV2t023957004.1","NV2t023957004.1","Nvec","OG_11374",1,0,0
"NV2t023957005.1","NV2t023957005.1","Nvec","OG_11374",1,0,0
"NV2t023957006.1","NV2t023957006.1","Nvec","OG_11374",1,0,0
"NV2t023957007.1","NV2t023957007.1","Nvec","OG_11374",1,0,0
"NV2t023959001.1","NV2t023959001.1","Nvec","OG_227",1,1,1
"NV2t023961001.1","NV2t023961001.1","Nvec","OG_661",1,1,0
"NV2t023965001.1","NV2t023965001.1","Nvec","OG_661",1,1,0
"NV2t023991001.1","NV2t023991001.1","Nvec","OG_5962",1,0,0
"NV2t024020001.1","NV2t024020001.1","Nvec","OG_3555",1,0,0
"NV2t024032001.1","NV2t024032001.1","Nvec","OG_11523",1,1,0
"NV2t024032002.1","NV2t024032002.1","Nvec","OG_11523",1,1,0
"NV2t024033001.1","NV2t024033001.1","Nvec","OG_11615",1,0,0
"NV2t024046001.1","NV2t024046001.1","Nvec","OG_1533",1,0,0
"NV2t024053001.1","NV2t024053001.1","Nvec","OG_3379",1,1,0
"NV2t024075001.1","NV2t024075001.1","Nvec","OG_3400",1,1,0
"NV2t024090001.1","NV2t024090001.1","Nvec","OG_3474",1,1,0
"NV2t024113002.1","NV2t024113002.1","Nvec","OG_5530",1,0,0
"NV2t024113004.1","NV2t024113004.1","Nvec","OG_5530",1,0,0
"NV2t024113005.1","NV2t024113005.1","Nvec","OG_5530",1,0,0
"NV2t024120001.1","NV2t024120001.1","Nvec","OG_794",1,1,1
"NV2t024121001.1","NV2t024121001.1","Nvec","OG_794",1,1,1
"NV2t024121002.1","NV2t024121002.1","Nvec","OG_794",1,1,1
"NV2t024123001.1","NV2t024123001.1","Nvec","OG_11703",1,1,0
"NV2t024154001.1","NV2t024154001.1","Nvec","OG_3497",1,1,0
"NV2t024164001.1","NV2t024164001.1","Nvec","OG_3462",1,1,0
"NV2t024182001.1","NV2t024182001.1","Nvec","OG_5342",1,1,1
"NV2t024183001.1","NV2t024183001.1","Nvec","OG_170",1,1,1
"NV2t024187001.1","NV2t024187001.1","Nvec","OG_993",1,1,1
"NV2t024191001.1","NV2t024191001.1","Nvec","OG_3458",1,0,0
"NV2t024192001.1","NV2t024192001.1","Nvec","OG_5152",1,1,0
"NV2t024196001.1","NV2t024196001.1","Nvec","OG_3444",1,1,0
"NV2t024211001.1","NV2t024211001.1","Nvec","OG_6175",1,1,0
"NV2t024215001.1","NV2t024215001.1","Nvec","OG_6448",1,0,0
"NV2t024218001.1","NV2t024218001.1","Nvec","OG_3485",1,1,0
"NV2t024218002.1","NV2t024218002.1","Nvec","OG_3485",1,1,0
"NV2t024218003.1","NV2t024218003.1","Nvec","OG_3485",1,1,0
"NV2t024218004.1","NV2t024218004.1","Nvec","OG_3485",1,1,0
"NV2t024219002.1","NV2t024219002.1","Nvec","OG_7601",1,1,0
"NV2t024219003.1","NV2t024219003.1","Nvec","OG_7601",1,1,0
"NV2t024219004.1","NV2t024219004.1","Nvec","OG_7601",1,1,0
"NV2t024229001.1","NV2t024229001.1","Nvec","OG_792",1,1,0
"NV2t024229002.1","NV2t024229002.1","Nvec","OG_792",1,1,0
"NV2t024229003.1","NV2t024229003.1","Nvec","OG_792",1,1,0
"NV2t024239001.1","NV2t024239001.1","Nvec","OG_270",1,1,1
"NV2t024244001.1","NV2t024244001.1","Nvec","OG_3437",1,0,0
"NV2t024244002.1","NV2t024244002.1","Nvec","OG_3437",1,0,0
"NV2t024244003.1","NV2t024244003.1","Nvec","OG_3437",1,0,0
"NV2t024244004.1","NV2t024244004.1","Nvec","OG_3437",1,0,0
"NV2t024244005.1","NV2t024244005.1","Nvec","OG_3437",1,0,0
"NV2t024245001.1","NV2t024245001.1","Nvec","OG_3436",1,1,0
"NV2t024245002.1","NV2t024245002.1","Nvec","OG_3436",1,1,0
"NV2t024257001.1","NV2t024257001.1","Nvec","OG_4074",1,1,0
"NV2t024283001.1","NV2t024283001.1","Nvec","OG_1125",1,0,1
"NV2t024284001.1","NV2t024284001.1","Nvec","OG_4335",1,0,1
"NV2t024284002.1","NV2t024284002.1","Nvec","OG_4335",1,0,1
"NV2t024284003.1","NV2t024284003.1","Nvec","OG_4335",1,0,1
"NV2t024284004.1","NV2t024284004.1","Nvec","OG_4335",1,0,1
"NV2t024310001.1","NV2t024310001.1","Nvec","OG_11455",1,1,0
"NV2t024314001.1","NV2t024314001.1","Nvec","OG_672",1,1,0
"NV2t024314002.1","NV2t024314002.1","Nvec","OG_672",1,1,0
"NV2t024315001.1","NV2t024315001.1","Nvec","OG_11763",1,1,0
"NV2t024315002.1","NV2t024315002.1","Nvec","OG_11763",1,1,0
"NV2t024322001.1","NV2t024322001.1","Nvec","OG_1226",1,1,0
"NV2t024345001.1","NV2t024345001.1","Nvec","OG_6199",1,0,0
"NV2t024360001.1","NV2t024360001.1","Nvec","OG_1275",1,0,0
"NV2t024386001.1","NV2t024386001.1","Nvec","OG_3532",1,1,0
"NV2t024396001.1","NV2t024396001.1","Nvec","OG_3653",1,0,0
"NV2t024401001.1","NV2t024401001.1","Nvec","OG_1120",1,1,0
"NV2t024401002.1","NV2t024401002.1","Nvec","OG_1120",1,1,0
"NV2t024402001.1","NV2t024402001.1","Nvec","OG_12588",1,0,0
"NV2t024402002.1","NV2t024402002.1","Nvec","OG_12588",1,0,0
"NV2t024404001.1","NV2t024404001.1","Nvec","OG_1114",1,1,0
"NV2t024405001.1","NV2t024405001.1","Nvec","OG_701",1,0,1
"NV2t024405002.1","NV2t024405002.1","Nvec","OG_701",1,0,1
"NV2t024418001.1","NV2t024418001.1","Nvec","OG_1056",1,1,0
"NV2t024428002.1","NV2t024428002.1","Nvec","OG_2598",1,1,0
"NV2t024437001.1","NV2t024437001.1","Nvec","OG_3577",1,1,0
"NV2t024444001.1","NV2t024444001.1","Nvec","OG_10771",1,1,0
"NV2t024456001.1","NV2t024456001.1","Nvec","OG_5967",1,1,0
"NV2t024471001.1","NV2t024471001.1","Nvec","OG_11541",1,0,0
"NV2t024471002.1","NV2t024471002.1","Nvec","OG_11541",1,0,0
"NV2t024478001.1","NV2t024478001.1","Nvec","OG_797",1,1,0
"NV2t024478002.1","NV2t024478002.1","Nvec","OG_797",1,1,0
"NV2t024496001.1","NV2t024496001.1","Nvec","OG_721",1,1,0
"NV2t024496002.1","NV2t024496002.1","Nvec","OG_721",1,1,0
"NV2t024496003.1","NV2t024496003.1","Nvec","OG_721",1,1,0
"NV2t024513001.1","NV2t024513001.1","Nvec","OG_11992",1,0,0
"NV2t024553001.1","NV2t024553001.1","Nvec","OG_126",1,1,1
"NV2t024555001.1","NV2t024555001.1","Nvec","OG_1106",1,0,1
"NV2t024556001.1","NV2t024556001.1","Nvec","OG_703",1,1,1
"NV2t024574001.1","NV2t024574001.1","Nvec","OG_1849",1,1,0
"NV2t024577001.1","NV2t024577001.1","Nvec","OG_682",1,1,1
"NV2t024591001.1","NV2t024591001.1","Nvec","OG_6433",1,1,0
"NV2t024591002.1","NV2t024591002.1","Nvec","OG_6433",1,1,0
"NV2t024596001.1","NV2t024596001.1","Nvec","OG_12259",1,1,0
"NV2t024626001.1","NV2t024626001.1","Nvec","OG_470",1,1,1
"NV2t024635001.1","NV2t024635001.1","Nvec","OG_11604",1,0,0
"NV2t024637001.1","NV2t024637001.1","Nvec","OG_11357",1,1,0
"NV2t024650001.1","NV2t024650001.1","Nvec","OG_11423",1,1,1
"NV2t024652001.1","NV2t024652001.1","Nvec","OG_3638",1,0,0
"NV2t024652002.1","NV2t024652002.1","Nvec","OG_3638",1,0,0
"NV2t024652003.1","NV2t024652003.1","Nvec","OG_3638",1,0,0
"NV2t024652004.1","NV2t024652004.1","Nvec","OG_3638",1,0,0
"NV2t024658001.1","NV2t024658001.1","Nvec","OG_972",1,1,0
"NV2t024658002.1","NV2t024658002.1","Nvec","OG_972",1,1,0
"NV2t024658003.1","NV2t024658003.1","Nvec","OG_972",1,1,0
"NV2t024658004.1","NV2t024658004.1","Nvec","OG_972",1,1,0
"NV2t024658005.1","NV2t024658005.1","Nvec","OG_972",1,1,0
"NV2t024667001.1","NV2t024667001.1","Nvec","OG_11630",1,1,0
"NV2t024670004.1","NV2t024670004.1","Nvec","OG_11526",1,1,0
"NV2t024670005.1","NV2t024670005.1","Nvec","OG_11526",1,1,0
"NV2t024670006.1","NV2t024670006.1","Nvec","OG_11526",1,1,0
"NV2t024670007.1","NV2t024670007.1","Nvec","OG_11526",1,1,0
"NV2t024670001.1","NV2t024670001.1","Nvec","OG_11526",1,1,0
"NV2t024670002.1","NV2t024670002.1","Nvec","OG_11526",1,1,0
"NV2t024670003.1","NV2t024670003.1","Nvec","OG_11526",1,1,0
"NV2t024672001.1","NV2t024672001.1","Nvec","OG_895",1,1,1
"NV2t024673001.1","NV2t024673001.1","Nvec","OG_1114",1,1,0
"NV2t024685001.1","NV2t024685001.1","Nvec","OG_236",1,1,0
"NV2t024690001.1","NV2t024690001.1","Nvec","OG_754",1,1,0
"NV2t024729006.1","NV2t024729006.1","Nvec","OG_11391",1,1,0
"NV2t024729001.1","NV2t024729001.1","Nvec","OG_11391",1,1,0
"NV2t024729009.1","NV2t024729009.1","Nvec","OG_11391",1,1,0
"NV2t024729010.1","NV2t024729010.1","Nvec","OG_11391",1,1,0
"NV2t024729002.1","NV2t024729002.1","Nvec","OG_11391",1,1,0
"NV2t024729003.1","NV2t024729003.1","Nvec","OG_11391",1,1,0
"NV2t024729004.1","NV2t024729004.1","Nvec","OG_11391",1,1,0
"NV2t024729005.1","NV2t024729005.1","Nvec","OG_11391",1,1,0
"NV2t024729007.1","NV2t024729007.1","Nvec","OG_11391",1,1,0
"NV2t024729008.1","NV2t024729008.1","Nvec","OG_11391",1,1,0
"NV2t024729011.1","NV2t024729011.1","Nvec","OG_11391",1,1,0
"NV2t024729012.1","NV2t024729012.1","Nvec","OG_11391",1,1,0
"NV2t024729013.1","NV2t024729013.1","Nvec","OG_11391",1,1,0
"NV2t024729014.1","NV2t024729014.1","Nvec","OG_11391",1,1,0
"NV2t024729015.1","NV2t024729015.1","Nvec","OG_11391",1,1,0
"NV2t024729016.1","NV2t024729016.1","Nvec","OG_11391",1,1,0
"NV2t024729017.1","NV2t024729017.1","Nvec","OG_11391",1,1,0
"NV2t024729018.1","NV2t024729018.1","Nvec","OG_11391",1,1,0
"NV2t024737001.1","NV2t024737001.1","Nvec","OG_3811",1,0,0
"NV2t024740001.1","NV2t024740001.1","Nvec","OG_11397",1,0,0
"NV2t024755001.1","NV2t024755001.1","Nvec","OG_840",1,1,0
"NV2t024757001.1","NV2t024757001.1","Nvec","OG_643",1,1,0
"NV2t024757002.1","NV2t024757002.1","Nvec","OG_643",1,1,0
"NV2t024758001.1","NV2t024758001.1","Nvec","OG_1030",1,1,0
"NV2t024759002.1","NV2t024759002.1","Nvec","OG_840",1,1,0
"NV2t024767001.1","NV2t024767001.1","Nvec","OG_7390",1,1,0
"NV2t024779001.1","NV2t024779001.1","Nvec","OG_11717",1,0,0
"NV2t024797001.1","NV2t024797001.1","Nvec","OG_11746",1,1,1
"NV2t024815001.1","NV2t024815001.1","Nvec","OG_5720",1,0,0
"NV2t024841001.1","NV2t024841001.1","Nvec","OG_596",1,1,1
"NV2t024844001.1","NV2t024844001.1","Nvec","OG_247",1,0,0
"NV2t024850001.1","NV2t024850001.1","Nvec","OG_3668",1,0,0
"NV2t024850002.1","NV2t024850002.1","Nvec","OG_3668",1,0,0
"NV2t024850003.1","NV2t024850003.1","Nvec","OG_3668",1,0,0
"NV2t024868001.1","NV2t024868001.1","Nvec","OG_475",1,1,0
"NV2t024879001.1","NV2t024879001.1","Nvec","OG_6163",1,0,0
"NV2t024882001.1","NV2t024882001.1","Nvec","OG_6423",1,0,0
"NV2t024884001.1","NV2t024884001.1","Nvec","OG_5722",1,0,0
"NV2t024885001.1","NV2t024885001.1","Nvec","OG_3605",1,1,0
"NV2t024886001.1","NV2t024886001.1","Nvec","OG_6172",1,1,0
"NV2t024887001.1","NV2t024887001.1","Nvec","OG_11446",1,1,0
"NV2t024920002.1","NV2t024920002.1","Nvec","OG_11579",1,1,0
"NV2t024920001.1","NV2t024920001.1","Nvec","OG_11579",1,1,0
"NV2t024930001.1","NV2t024930001.1","Nvec","OG_8278",1,1,0
"NV2t024933001.1","NV2t024933001.1","Nvec","OG_11562",1,1,0
"NV2t024933002.1","NV2t024933002.1","Nvec","OG_11562",1,1,0
"NV2t024933003.1","NV2t024933003.1","Nvec","OG_11562",1,1,0
"NV2t024935001.1","NV2t024935001.1","Nvec","OG_1021",1,1,0
"NV2t024935002.1","NV2t024935002.1","Nvec","OG_1021",1,1,0
"NV2t024945001.1","NV2t024945001.1","Nvec","OG_6241",1,1,0
"NV2t024945002.1","NV2t024945002.1","Nvec","OG_6241",1,1,0
"NV2t024945003.1","NV2t024945003.1","Nvec","OG_6241",1,1,0
"NV2t024951001.1","NV2t024951001.1","Nvec","OG_11691",1,1,0
"NV2t024951002.1","NV2t024951002.1","Nvec","OG_11691",1,1,0
"NV2t024951003.1","NV2t024951003.1","Nvec","OG_11691",1,1,0
"NV2t024965001.1","NV2t024965001.1","Nvec","OG_3580",1,1,0
"NV2t024968001.1","NV2t024968001.1","Nvec","OG_11696",1,1,0
"NV2t024979001.1","NV2t024979001.1","Nvec","OG_1056",1,1,0
"NV2t024979002.1","NV2t024979002.1","Nvec","OG_1056",1,1,0
"NV2t024979003.1","NV2t024979003.1","Nvec","OG_1056",1,1,0
"NV2t024981001.1","NV2t024981001.1","Nvec","OG_11680",1,1,0
"NV2t024989001.1","NV2t024989001.1","Nvec","OG_406",1,1,1
"NV2t024998001.1","NV2t024998001.1","Nvec","OG_170",1,1,1
"NV2t025012001.1","NV2t025012001.1","Nvec","OG_11408",1,1,0
"NV2t025012002.1","NV2t025012002.1","Nvec","OG_11408",1,1,0
"NV2t025012003.1","NV2t025012003.1","Nvec","OG_11408",1,1,0
"NV2t025016001.1","NV2t025016001.1","Nvec","OG_3590",1,1,1
"NV2t025032001.1","NV2t025032001.1","Nvec","OG_3645",1,1,0
"NV2t025033001.1","NV2t025033001.1","Nvec","OG_3646",1,0,0
"NV2t025035001.1","NV2t025035001.1","Nvec","OG_257",1,1,1
"NV2t025037001.1","NV2t025037001.1","Nvec","OG_5348",1,1,0
"NV2t025037002.1","NV2t025037002.1","Nvec","OG_5348",1,1,0
"NV2t025040001.1","NV2t025040001.1","Nvec","OG_284",1,1,1
"NV2t025042001.1","NV2t025042001.1","Nvec","OG_5125",1,1,1
"NV2t025044001.1","NV2t025044001.1","Nvec","OG_11606",1,0,0
"NV2t025049001.1","NV2t025049001.1","Nvec","OG_6223",1,1,0
"NV2t025066001.1","NV2t025066001.1","Nvec","OG_3648",1,1,0
"NV2t025078001.1","NV2t025078001.1","Nvec","OG_3656",1,1,0
"NV2t025084001.1","NV2t025084001.1","Nvec","OG_1083",1,1,0
"NV2t025089001.1","NV2t025089001.1","Nvec","OG_11766",1,1,0
"NV2t025108001.1","NV2t025108001.1","Nvec","OG_12591",1,1,0
"NV2t025108002.1","NV2t025108002.1","Nvec","OG_12591",1,1,0
"NV2t025109001.1","NV2t025109001.1","Nvec","OG_11577",1,1,0
"NV2t025113001.1","NV2t025113001.1","Nvec","OG_3631",1,1,0
"NV2t025118001.1","NV2t025118001.1","Nvec","OG_11349",1,1,0
"NV2t025118002.1","NV2t025118002.1","Nvec","OG_11349",1,1,0
"NV2t025127001.1","NV2t025127001.1","Nvec","OG_3523",1,1,0
"NV2t025129001.1","NV2t025129001.1","Nvec","OG_3522",1,0,0
"NV2t025163001.1","NV2t025163001.1","Nvec","OG_11508",1,1,1
"NV2t025166001.1","NV2t025166001.1","Nvec","OG_3562",1,0,0
"NV2t025180001.1","NV2t025180001.1","Nvec","OG_11382",1,0,0
"NV2t025181001.1","NV2t025181001.1","Nvec","OG_11381",1,1,0
"NV2t025181002.1","NV2t025181002.1","Nvec","OG_11381",1,1,0
"NV2t025181003.1","NV2t025181003.1","Nvec","OG_11381",1,1,0
"NV2t025181004.1","NV2t025181004.1","Nvec","OG_11381",1,1,0
"NV2t025181005.1","NV2t025181005.1","Nvec","OG_11381",1,1,0
"NV2t025194001.1","NV2t025194001.1","Nvec","OG_406",1,1,1
"NV2t025203001.1","NV2t025203001.1","Nvec","OG_6",1,1,0
"NV2t025210001.1","NV2t025210001.1","Nvec","OG_11432",1,1,0
"NV2t025221001.1","NV2t025221001.1","Nvec","OG_6340",1,1,1
"NV2t025221002.1","NV2t025221002.1","Nvec","OG_6340",1,1,1
"NV2t025221003.1","NV2t025221003.1","Nvec","OG_6340",1,1,1
"NV2t025224001.1","NV2t025224001.1","Nvec","OG_6340",1,1,1
"NV2t025225001.1","NV2t025225001.1","Nvec","OG_6340",1,1,1
"NV2t025233001.1","NV2t025233001.1","Nvec","OG_3540",1,1,0
"NV2t025242001.1","NV2t025242001.1","Nvec","OG_3579",1,0,0
"NV2t025245001.1","NV2t025245001.1","Nvec","OG_3517",1,1,0
"NV2t025245002.1","NV2t025245002.1","Nvec","OG_3517",1,1,0
"NV2t025245003.1","NV2t025245003.1","Nvec","OG_3517",1,1,0
"NV2t025245004.1","NV2t025245004.1","Nvec","OG_3517",1,1,0
"NV2t025250001.1","NV2t025250001.1","Nvec","OG_3679",1,0,0
"NV2t025312001.1","NV2t025312001.1","Nvec","OG_5967",1,1,0
"NV2t025312002.1","NV2t025312002.1","Nvec","OG_5967",1,1,0
"NV2t025320001.1","NV2t025320001.1","Nvec","OG_3504",1,0,0
"NV2t025324001.1","NV2t025324001.1","Nvec","OG_3664",1,1,0
"NV2t025332001.1","NV2t025332001.1","Nvec","OG_3661",1,1,0
"NV2t025332004.1","NV2t025332004.1","Nvec","OG_3661",1,1,0
"NV2t025332005.1","NV2t025332005.1","Nvec","OG_3661",1,1,0
"NV2t025332006.1","NV2t025332006.1","Nvec","OG_3661",1,1,0
"NV2t025332007.1","NV2t025332007.1","Nvec","OG_3661",1,1,0
"NV2t025332002.1","NV2t025332002.1","Nvec","OG_11424",1,1,0
"NV2t025332003.1","NV2t025332003.1","Nvec","OG_11424",1,1,0
"NV2t025335001.1","NV2t025335001.1","Nvec","OG_11530",1,1,0
"NV2t025336001.1","NV2t025336001.1","Nvec","OG_11789",1,0,0
"NV2t025336002.1","NV2t025336002.1","Nvec","OG_11789",1,0,0
"NV2t025348001.1","NV2t025348001.1","Nvec","OG_1362",1,0,1
"NV2t025348002.1","NV2t025348002.1","Nvec","OG_1362",1,0,1
"NV2t025353001.1","NV2t025353001.1","Nvec","OG_11620",1,1,0
"NV2t025354001.1","NV2t025354001.1","Nvec","OG_3678",1,1,0
"NV2t025355001.1","NV2t025355001.1","Nvec","OG_3681",1,1,0
"NV2t025356001.1","NV2t025356001.1","Nvec","OG_11431",1,0,0
"NV2t025356002.1","NV2t025356002.1","Nvec","OG_11431",1,0,0
"NV2t025357001.1","NV2t025357001.1","Nvec","OG_11430",1,1,1
"NV2t025357002.1","NV2t025357002.1","Nvec","OG_11430",1,1,1
"NV2t025357003.1","NV2t025357003.1","Nvec","OG_11430",1,1,1
"NV2t025357004.1","NV2t025357004.1","Nvec","OG_11430",1,1,1
"NV2t025357005.1","NV2t025357005.1","Nvec","OG_11430",1,1,1
"NV2t025357006.1","NV2t025357006.1","Nvec","OG_11430",1,1,1
"NV2t025361001.1","NV2t025361001.1","Nvec","OG_3581",1,1,0
"NV2t025363001.1","NV2t025363001.1","Nvec","OG_3573",1,1,0
"NV2t025372001.1","NV2t025372001.1","Nvec","OG_410",1,0,0
"NV2t025372002.1","NV2t025372002.1","Nvec","OG_410",1,0,0
"NV2t025374001.1","NV2t025374001.1","Nvec","OG_126",1,1,1
"NV2t025376001.1","NV2t025376001.1","Nvec","OG_7088",1,0,1
"NV2t025376002.1","NV2t025376002.1","Nvec","OG_7088",1,0,1
"NV2t025376003.1","NV2t025376003.1","Nvec","OG_7088",1,0,1
"NV2t025376004.1","NV2t025376004.1","Nvec","OG_7088",1,0,1
"NV2t025376005.1","NV2t025376005.1","Nvec","OG_7088",1,0,1
"NV2t025376006.1","NV2t025376006.1","Nvec","OG_7088",1,0,1
"NV2t025376007.1","NV2t025376007.1","Nvec","OG_7088",1,0,1
"NV2t025376010.1","NV2t025376010.1","Nvec","OG_7088",1,0,1
"NV2t025376008.1","NV2t025376008.1","Nvec","OG_7088",1,0,1
"NV2t025376009.1","NV2t025376009.1","Nvec","OG_7088",1,0,1
"NV2t025377002.1","NV2t025377002.1","Nvec","OG_6171",1,1,0
"NV2t025378001.1","NV2t025378001.1","Nvec","OG_11721",1,0,0
"NV2t025378002.1","NV2t025378002.1","Nvec","OG_11721",1,0,0
"NV2t025389001.1","NV2t025389001.1","Nvec","OG_3620",1,1,0
"NV2t025416001.1","NV2t025416001.1","Nvec","OG_3527",1,1,0
"NV2t025416002.1","NV2t025416002.1","Nvec","OG_3527",1,1,0
"NV2t025417001.1","NV2t025417001.1","Nvec","OG_3528",1,1,1
"NV2t025438001.1","NV2t025438001.1","Nvec","OG_3676",1,0,0
"NV2t025438002.1","NV2t025438002.1","Nvec","OG_3676",1,0,0
"NV2t025440001.1","NV2t025440001.1","Nvec","OG_3675",1,1,0
"NV2t025444001.1","NV2t025444001.1","Nvec","OG_298",1,1,0
"NV2t025446001.1","NV2t025446001.1","Nvec","OG_3589",1,1,0
"NV2t025458001.1","NV2t025458001.1","Nvec","OG_12745",1,0,0
"NV2t025460001.1","NV2t025460001.1","Nvec","OG_12745",1,0,0
"NV2t025460002.1","NV2t025460002.1","Nvec","OG_12745",1,0,0
"NV2t025481001.1","NV2t025481001.1","Nvec","OG_3601",1,1,0
"NV2t025487001.1","NV2t025487001.1","Nvec","OG_11525",1,1,0
"NV2t025492001.1","NV2t025492001.1","Nvec","OG_4875",1,0,0
"NV2t025493001.1","NV2t025493001.1","Nvec","OG_818",1,1,0
"NV2t025497001.1","NV2t025497001.1","Nvec","OG_11333",1,1,0
"NV2t025500001.1","NV2t025500001.1","Nvec","OG_7999",1,0,0
"NV2t025508001.1","NV2t025508001.1","Nvec","OG_11527",1,1,0
"NV2t025508002.1","NV2t025508002.1","Nvec","OG_11527",1,1,0
"NV2t025508003.1","NV2t025508003.1","Nvec","OG_11527",1,1,0
"NV2t025537001.1","NV2t025537001.1","Nvec","OG_7399",1,0,0
"NV2t025542001.1","NV2t025542001.1","Nvec","OG_3614",1,1,0
"NV2t025542003.1","NV2t025542003.1","Nvec","OG_3614",1,1,0
"NV2t025543001.1","NV2t025543001.1","Nvec","OG_3372",1,0,0
"NV2t025545001.1","NV2t025545001.1","Nvec","OG_11502",1,1,0
"NV2t025545002.1","NV2t025545002.1","Nvec","OG_11502",1,1,0
"NV2t025582001.1","NV2t025582001.1","Nvec","OG_257",1,1,1
"NV2t025583001.1","NV2t025583001.1","Nvec","OG_11544",1,0,1
"NV2t025609001.1","NV2t025609001.1","Nvec","OG_3366",1,0,0
"NV2t025615001.1","NV2t025615001.1","Nvec","OG_11692",1,1,0
"NV2t025616001.1","NV2t025616001.1","Nvec","OG_11693",1,1,1
"NV2t025616002.1","NV2t025616002.1","Nvec","OG_11693",1,1,1
"NV2t025621002.1","NV2t025621002.1","Nvec","OG_3375",1,1,0
"NV2t025621003.1","NV2t025621003.1","Nvec","OG_3375",1,1,0
"NV2t025621004.1","NV2t025621004.1","Nvec","OG_3375",1,1,0
"NV2t025622001.1","NV2t025622001.1","Nvec","OG_3376",1,0,0
"NV2t025626001.1","NV2t025626001.1","Nvec","OG_761",1,1,0
"NV2t025628001.1","NV2t025628001.1","Nvec","OG_11459",1,0,0
"NV2t025628002.1","NV2t025628002.1","Nvec","OG_11459",1,0,0
"NV2t025647003.1","NV2t025647003.1","Nvec","OG_3591",1,0,0
"NV2t025647001.1","NV2t025647001.1","Nvec","OG_3591",1,0,0
"NV2t025647002.1","NV2t025647002.1","Nvec","OG_3591",1,0,0
"NV2t025659001.1","NV2t025659001.1","Nvec","OG_660",1,1,0
"NV2t025659002.1","NV2t025659002.1","Nvec","OG_660",1,1,0
"NV2t025659003.1","NV2t025659003.1","Nvec","OG_660",1,1,0
"NV2t025659004.1","NV2t025659004.1","Nvec","OG_660",1,1,0
"NV2t025661001.1","NV2t025661001.1","Nvec","OG_660",1,1,0
"NV2t025661002.1","NV2t025661002.1","Nvec","OG_660",1,1,0
"NV2t025661003.1","NV2t025661003.1","Nvec","OG_660",1,1,0
"NV2t025665001.1","NV2t025665001.1","Nvec","OG_3600",1,0,0
"NV2t025665002.1","NV2t025665002.1","Nvec","OG_3600",1,0,0
"NV2t025666001.1","NV2t025666001.1","Nvec","OG_11689",1,1,0
"NV2t025670001.1","NV2t025670001.1","Nvec","OG_3597",1,1,0
"NV2t025670002.1","NV2t025670002.1","Nvec","OG_3597",1,1,0
"NV2t025670003.1","NV2t025670003.1","Nvec","OG_3597",1,1,0
"NV2t025700001.1","NV2t025700001.1","Nvec","OG_6677",1,1,0
"NV2t025701001.1","NV2t025701001.1","Nvec","OG_3637",1,0,0
"NV2t025701002.1","NV2t025701002.1","Nvec","OG_3637",1,0,0
"NV2t025704001.1","NV2t025704001.1","Nvec","OG_11461",1,1,1
"NV2t025711001.1","NV2t025711001.1","Nvec","OG_3980",1,1,0
"NV2t025723002.1","NV2t025723002.1","Nvec","OG_6502",1,1,0
"NV2t025723003.1","NV2t025723003.1","Nvec","OG_6502",1,1,0
"NV2t025740001.1","NV2t025740001.1","Nvec","OG_11780",1,1,0
"NV2t025741001.1","NV2t025741001.1","Nvec","OG_568",1,1,1
"NV2t025748001.1","NV2t025748001.1","Nvec","OG_11550",1,0,0
"NV2t025748002.1","NV2t025748002.1","Nvec","OG_11550",1,0,0
"NV2t025753001.1","NV2t025753001.1","Nvec","OG_12751",1,0,0
"NV2t025753002.1","NV2t025753002.1","Nvec","OG_12751",1,0,0
"NV2t025753003.1","NV2t025753003.1","Nvec","OG_12751",1,0,0
"NV2t025753004.1","NV2t025753004.1","Nvec","OG_12751",1,0,0
"NV2t025787001.1","NV2t025787001.1","Nvec","OG_604",1,1,1
"NV2t025882001.1","NV2t025882001.1","Nvec","OG_1052",1,1,0
"NV2t025884001.1","NV2t025884001.1","Nvec","OG_703",1,1,1
"NV2t025887001.1","NV2t025887001.1","Nvec","OG_144",1,1,0
"NV2t025912001.1","NV2t025912001.1","Nvec","OG_604",1,1,1
"NV2t025946001.1","NV2t025946001.1","Nvec","OG_5483",1,0,0
"Ahyacinthus00006-RA","Ahyacinthus00006-RA","Ahya","OG_949",0,1,0
"Ahyacinthus00007-RA","Ahyacinthus00007-RA","Ahya","OG_818",1,1,0
"Ahyacinthus00010-RA","Ahyacinthus00010-RA","Ahya","OG_949",0,1,0
"Ahyacinthus00011-RA","Ahyacinthus00011-RA","Ahya","OG_549",0,1,0
"Ahyacinthus00012-RA","Ahyacinthus00012-RA","Ahya","OG_937",0,1,0
"Ahyacinthus00013-RA","Ahyacinthus00013-RA","Ahya","OG_5111",0,1,0
"Ahyacinthus00014-RA","Ahyacinthus00014-RA","Ahya","OG_949",0,1,0
"Ahyacinthus00016-RA","Ahyacinthus00016-RA","Ahya","OG_949",0,1,0
"Ahyacinthus00020-RA","Ahyacinthus00020-RA","Ahya","OG_1030",1,1,0
"Ahyacinthus00021-RA","Ahyacinthus00021-RA","Ahya","OG_789",1,1,0
"Ahyacinthus00022-RA","Ahyacinthus00022-RA","Ahya","OG_12511",0,1,0
"Ahyacinthus00031-RA","Ahyacinthus00031-RA","Ahya","OG_413",0,1,0
"Ahyacinthus00033-RA","Ahyacinthus00033-RA","Ahya","OG_413",0,1,0
"Ahyacinthus00034-RA","Ahyacinthus00034-RA","Ahya","OG_186",1,1,1
"Ahyacinthus00036-RA","Ahyacinthus00036-RA","Ahya","OG_413",0,1,0
"Ahyacinthus00037-RA","Ahyacinthus00037-RA","Ahya","OG_950",0,1,0
"Ahyacinthus00047-RA","Ahyacinthus00047-RA","Ahya","OG_6709",0,1,0
"Ahyacinthus00054-RA","Ahyacinthus00054-RA","Ahya","OG_9309",1,1,0
"Ahyacinthus00055-RA","Ahyacinthus00055-RA","Ahya","OG_4623",0,1,0
"Ahyacinthus00061-RA","Ahyacinthus00061-RA","Ahya","OG_617",1,1,0
"Ahyacinthus00063-RA","Ahyacinthus00063-RA","Ahya","OG_6215",0,1,0
"Ahyacinthus00065-RA","Ahyacinthus00065-RA","Ahya","OG_9029",0,1,0
"Ahyacinthus00066-RA","Ahyacinthus00066-RA","Ahya","OG_9118",1,1,0
"Ahyacinthus00067-RA","Ahyacinthus00067-RA","Ahya","OG_4625",0,1,0
"Ahyacinthus00068-RA","Ahyacinthus00068-RA","Ahya","OG_9222",0,1,0
"Ahyacinthus00070-RA","Ahyacinthus00070-RA","Ahya","OG_4626",0,1,0
"Ahyacinthus00071-RA","Ahyacinthus00071-RA","Ahya","OG_4624",0,1,0
"Ahyacinthus00072-RA","Ahyacinthus00072-RA","Ahya","OG_9052",0,1,0
"Ahyacinthus00075-RA","Ahyacinthus00075-RA","Ahya","OG_6700",0,1,0
"Ahyacinthus00077-RA","Ahyacinthus00077-RA","Ahya","OG_4628",0,1,0
"Ahyacinthus00079-RA","Ahyacinthus00079-RA","Ahya","OG_6685",1,1,0
"Ahyacinthus00080-RA","Ahyacinthus00080-RA","Ahya","OG_4629",1,1,0
"Ahyacinthus00081-RA","Ahyacinthus00081-RA","Ahya","OG_12578",0,1,0
"Ahyacinthus00086-RA","Ahyacinthus00086-RA","Ahya","OG_396",1,1,0
"Ahyacinthus00089-RA","Ahyacinthus00089-RA","Ahya","OG_1123",0,1,1
"Ahyacinthus00092-RA","Ahyacinthus00092-RA","Ahya","OG_396",1,1,0
"Ahyacinthus00094-RA","Ahyacinthus00094-RA","Ahya","OG_396",1,1,0
"Ahyacinthus00098-RA","Ahyacinthus00098-RA","Ahya","OG_415",0,1,0
"Ahyacinthus00099-RA","Ahyacinthus00099-RA","Ahya","OG_396",1,1,0
"Ahyacinthus00100-RA","Ahyacinthus00100-RA","Ahya","OG_905",1,1,1
"Ahyacinthus00102-RA","Ahyacinthus00102-RA","Ahya","OG_227",1,1,1
"Ahyacinthus00105-RA","Ahyacinthus00105-RA","Ahya","OG_1041",0,1,1
"Ahyacinthus00106-RA","Ahyacinthus00106-RA","Ahya","OG_227",1,1,1
"Ahyacinthus00113-RA","Ahyacinthus00113-RA","Ahya","OG_387",1,1,0
"Ahyacinthus00122-RA","Ahyacinthus00122-RA","Ahya","OG_423",0,1,0
"Ahyacinthus00125-RA","Ahyacinthus00125-RA","Ahya","OG_1190",0,1,0
"Ahyacinthus00126-RA","Ahyacinthus00126-RA","Ahya","OG_1288",1,1,0
"Ahyacinthus00128-RA","Ahyacinthus00128-RA","Ahya","OG_4631",0,1,0
"Ahyacinthus00129-RA","Ahyacinthus00129-RA","Ahya","OG_702",0,1,1
"Ahyacinthus00130-RA","Ahyacinthus00130-RA","Ahya","OG_702",0,1,1
"Ahyacinthus00132-RA","Ahyacinthus00132-RA","Ahya","OG_4632",0,1,0
"Ahyacinthus00134-RA","Ahyacinthus00134-RA","Ahya","OG_5959",1,1,0
"Ahyacinthus00136-RA","Ahyacinthus00136-RA","Ahya","OG_9305",0,1,0
"Ahyacinthus00137-RA","Ahyacinthus00137-RA","Ahya","OG_9199",1,1,0
"Ahyacinthus00138-RA","Ahyacinthus00138-RA","Ahya","OG_1371",0,1,0
"Ahyacinthus00142-RA","Ahyacinthus00142-RA","Ahya","OG_6066",0,1,0
"Ahyacinthus00143-RA","Ahyacinthus00143-RA","Ahya","OG_1032",0,1,0
"Ahyacinthus00144-RA","Ahyacinthus00144-RA","Ahya","OG_5316",0,1,0
"Ahyacinthus00146-RA","Ahyacinthus00146-RA","Ahya","OG_4634",0,1,0
"Ahyacinthus00149-RA","Ahyacinthus00149-RA","Ahya","OG_9109",0,1,0
"Ahyacinthus00151-RA","Ahyacinthus00151-RA","Ahya","OG_6680",0,1,0
"Ahyacinthus00156-RA","Ahyacinthus00156-RA","Ahya","OG_346",0,1,0
"Ahyacinthus00157-RA","Ahyacinthus00157-RA","Ahya","OG_346",0,1,0
"Ahyacinthus00158-RA","Ahyacinthus00158-RA","Ahya","OG_5107",1,1,0
"Ahyacinthus00159-RA","Ahyacinthus00159-RA","Ahya","OG_5107",1,1,0
"Ahyacinthus00160-RA","Ahyacinthus00160-RA","Ahya","OG_9092",0,1,0
"Ahyacinthus00168-RA","Ahyacinthus00168-RA","Ahya","OG_9193",0,1,0
"Ahyacinthus00170-RA","Ahyacinthus00170-RA","Ahya","OG_9194",0,1,0
"Ahyacinthus00171-RA","Ahyacinthus00171-RA","Ahya","OG_9148",0,1,0
"Ahyacinthus00172-RA","Ahyacinthus00172-RA","Ahya","OG_4637",0,1,0
"Ahyacinthus00180-RA","Ahyacinthus00180-RA","Ahya","OG_4639",0,1,1
"Ahyacinthus00181-RA","Ahyacinthus00181-RA","Ahya","OG_9147",1,1,0
"Ahyacinthus00182-RA","Ahyacinthus00182-RA","Ahya","OG_422",0,1,0
"Ahyacinthus00185-RA","Ahyacinthus00185-RA","Ahya","OG_860",1,1,1
"Ahyacinthus00188-RA","Ahyacinthus00188-RA","Ahya","OG_1014",0,1,0
"Ahyacinthus00190-RA","Ahyacinthus00190-RA","Ahya","OG_899",0,1,0
"Ahyacinthus00191-RA","Ahyacinthus00191-RA","Ahya","OG_1030",1,1,0
"Ahyacinthus00197-RA","Ahyacinthus00197-RA","Ahya","OG_892",0,1,0
"Ahyacinthus00198-RA","Ahyacinthus00198-RA","Ahya","OG_737",1,1,0
"Ahyacinthus00202-RA","Ahyacinthus00202-RA","Ahya","OG_9198",0,1,0
"Ahyacinthus00204-RA","Ahyacinthus00204-RA","Ahya","OG_5957",0,1,0
"Ahyacinthus00205-RA","Ahyacinthus00205-RA","Ahya","OG_12638",0,1,0
"Ahyacinthus00207-RA","Ahyacinthus00207-RA","Ahya","OG_9084",0,1,0
"Ahyacinthus00211-RA","Ahyacinthus00211-RA","Ahya","OG_6686",0,1,0
"Ahyacinthus00213-RA","Ahyacinthus00213-RA","Ahya","OG_1130",0,1,0
"Ahyacinthus00214-RA","Ahyacinthus00214-RA","Ahya","OG_9037",1,1,0
"Ahyacinthus00215-RA","Ahyacinthus00215-RA","Ahya","OG_1150",0,1,0
"Ahyacinthus00219-RA","Ahyacinthus00219-RA","Ahya","OG_9137",0,1,0
"Ahyacinthus00220-RA","Ahyacinthus00220-RA","Ahya","OG_9138",0,1,0
"Ahyacinthus00222-RA","Ahyacinthus00222-RA","Ahya","OG_4640",1,1,0
"Ahyacinthus00223-RA","Ahyacinthus00223-RA","Ahya","OG_4642",0,1,0
"Ahyacinthus00225-RA","Ahyacinthus00225-RA","Ahya","OG_4640",1,1,0
"Ahyacinthus00231-RA","Ahyacinthus00231-RA","Ahya","OG_4593",0,1,0
"Ahyacinthus00232-RA","Ahyacinthus00232-RA","Ahya","OG_5058",0,1,0
"Ahyacinthus00234-RA","Ahyacinthus00234-RA","Ahya","OG_6070",0,1,1
"Ahyacinthus00236-RA","Ahyacinthus00236-RA","Ahya","OG_4643",1,1,1
"Ahyacinthus00248-RA","Ahyacinthus00248-RA","Ahya","OG_4649",0,1,0
"Ahyacinthus00249-RA","Ahyacinthus00249-RA","Ahya","OG_6704",0,1,0
"Ahyacinthus00250-RA","Ahyacinthus00250-RA","Ahya","OG_4650",0,1,0
"Ahyacinthus00251-RA","Ahyacinthus00251-RA","Ahya","OG_9177",1,1,0
"Ahyacinthus00253-RA","Ahyacinthus00253-RA","Ahya","OG_4651",1,1,0
"Ahyacinthus00255-RA","Ahyacinthus00255-RA","Ahya","OG_4652",0,1,0
"Ahyacinthus00257-RA","Ahyacinthus00257-RA","Ahya","OG_6701",0,1,0
"Ahyacinthus00260-RA","Ahyacinthus00260-RA","Ahya","OG_4653",1,1,1
"Ahyacinthus00264-RA","Ahyacinthus00264-RA","Ahya","OG_623",0,1,1
"Ahyacinthus00265-RA","Ahyacinthus00265-RA","Ahya","OG_1149",0,1,0
"Ahyacinthus00270-RA","Ahyacinthus00270-RA","Ahya","OG_673",0,1,1
"Ahyacinthus00271-RA","Ahyacinthus00271-RA","Ahya","OG_673",0,1,1
"Ahyacinthus00272-RA","Ahyacinthus00272-RA","Ahya","OG_673",0,1,1
"Ahyacinthus00273-RA","Ahyacinthus00273-RA","Ahya","OG_788",0,1,0
"Ahyacinthus00276-RA","Ahyacinthus00276-RA","Ahya","OG_9157",0,1,0
"Ahyacinthus00283-RA","Ahyacinthus00283-RA","Ahya","OG_9094",0,1,0
"Ahyacinthus00284-RA","Ahyacinthus00284-RA","Ahya","OG_4655",0,1,0
"Ahyacinthus00286-RA","Ahyacinthus00286-RA","Ahya","OG_9204",0,1,0
"Ahyacinthus00289-RA","Ahyacinthus00289-RA","Ahya","OG_4659",0,1,0
"Ahyacinthus00291-RA","Ahyacinthus00291-RA","Ahya","OG_4657",0,1,0
"Ahyacinthus00294-RA","Ahyacinthus00294-RA","Ahya","OG_4660",1,1,0
"Ahyacinthus00295-RA","Ahyacinthus00295-RA","Ahya","OG_399",0,1,0
"Ahyacinthus00299-RA","Ahyacinthus00299-RA","Ahya","OG_9274",1,1,0
"Ahyacinthus00306-RA","Ahyacinthus00306-RA","Ahya","OG_556",1,1,0
"Ahyacinthus00309-RA","Ahyacinthus00309-RA","Ahya","OG_305",0,1,0
"Ahyacinthus00313-RA","Ahyacinthus00313-RA","Ahya","OG_305",0,1,0
"Ahyacinthus00314-RA","Ahyacinthus00314-RA","Ahya","OG_556",1,1,0
"Ahyacinthus00316-RA","Ahyacinthus00316-RA","Ahya","OG_305",0,1,0
"Ahyacinthus00336-RA","Ahyacinthus00336-RA","Ahya","OG_4662",0,1,0
"Ahyacinthus00337-RA","Ahyacinthus00337-RA","Ahya","OG_9030",0,1,0
"Ahyacinthus00339-RA","Ahyacinthus00339-RA","Ahya","OG_5976",0,1,0
"Ahyacinthus00345-RA","Ahyacinthus00345-RA","Ahya","OG_9031",0,1,0
"Ahyacinthus00346-RA","Ahyacinthus00346-RA","Ahya","OG_9031",0,1,0
"Ahyacinthus00349-RA","Ahyacinthus00349-RA","Ahya","OG_6260",0,1,0
"Ahyacinthus00350-RA","Ahyacinthus00350-RA","Ahya","OG_4665",0,1,0
"Ahyacinthus00358-RA","Ahyacinthus00358-RA","Ahya","OG_9019",0,1,0
"Ahyacinthus00359-RA","Ahyacinthus00359-RA","Ahya","OG_12579",0,1,0
"Ahyacinthus00365-RA","Ahyacinthus00365-RA","Ahya","OG_9284",0,1,0
"Ahyacinthus00367-RA","Ahyacinthus00367-RA","Ahya","OG_9135",1,1,0
"Ahyacinthus00370-RA","Ahyacinthus00370-RA","Ahya","OG_9135",1,1,0
"Ahyacinthus00372-RA","Ahyacinthus00372-RA","Ahya","OG_6065",0,1,0
"Ahyacinthus00373-RA","Ahyacinthus00373-RA","Ahya","OG_6065",0,1,0
"Ahyacinthus00375-RA","Ahyacinthus00375-RA","Ahya","OG_4668",0,1,0
"Ahyacinthus00376-RA","Ahyacinthus00376-RA","Ahya","OG_9012",0,1,0
"Ahyacinthus00377-RA","Ahyacinthus00377-RA","Ahya","OG_4669",0,1,0
"Ahyacinthus00379-RA","Ahyacinthus00379-RA","Ahya","OG_5229",0,1,0
"Ahyacinthus00388-RA","Ahyacinthus00388-RA","Ahya","OG_1449",0,1,1
"Ahyacinthus00389-RA","Ahyacinthus00389-RA","Ahya","OG_9323",0,1,0
"Ahyacinthus00392-RA","Ahyacinthus00392-RA","Ahya","OG_4671",0,1,0
"Ahyacinthus00394-RA","Ahyacinthus00394-RA","Ahya","OG_9051",1,1,0
"Ahyacinthus00395-RA","Ahyacinthus00395-RA","Ahya","OG_4672",0,1,0
"Ahyacinthus00399-RA","Ahyacinthus00399-RA","Ahya","OG_9013",1,1,0
"Ahyacinthus00411-RA","Ahyacinthus00411-RA","Ahya","OG_6710",0,1,0
"Ahyacinthus00412-RA","Ahyacinthus00412-RA","Ahya","OG_4673",0,1,0
"Ahyacinthus00414-RA","Ahyacinthus00414-RA","Ahya","OG_4674",0,1,0
"Ahyacinthus00415-RA","Ahyacinthus00415-RA","Ahya","OG_4674",0,1,0
"Ahyacinthus00416-RA","Ahyacinthus00416-RA","Ahya","OG_1266",0,1,0
"Ahyacinthus00426-RA","Ahyacinthus00426-RA","Ahya","OG_9298",0,1,1
"Ahyacinthus00428-RA","Ahyacinthus00428-RA","Ahya","OG_1052",1,1,0
"Ahyacinthus00431-RA","Ahyacinthus00431-RA","Ahya","OG_9298",0,1,1
"Ahyacinthus00434-RA","Ahyacinthus00434-RA","Ahya","OG_4676",1,1,1
"Ahyacinthus00438-RA","Ahyacinthus00438-RA","Ahya","OG_9089",1,1,0
"Ahyacinthus00439-RA","Ahyacinthus00439-RA","Ahya","OG_9087",0,1,0
"Ahyacinthus00440-RA","Ahyacinthus00440-RA","Ahya","OG_9088",0,1,0
"Ahyacinthus00445-RA","Ahyacinthus00445-RA","Ahya","OG_5322",0,1,0
"Ahyacinthus00447-RA","Ahyacinthus00447-RA","Ahya","OG_234",0,1,0
"Ahyacinthus00448-RA","Ahyacinthus00448-RA","Ahya","OG_4677",0,1,0
"Ahyacinthus00449-RA","Ahyacinthus00449-RA","Ahya","OG_10941",0,1,0
"Ahyacinthus00450-RA","Ahyacinthus00450-RA","Ahya","OG_738",0,1,0
"Ahyacinthus00451-RA","Ahyacinthus00451-RA","Ahya","OG_861",1,1,1
"Ahyacinthus00452-RA","Ahyacinthus00452-RA","Ahya","OG_369",1,1,1
"Ahyacinthus00453-RA","Ahyacinthus00453-RA","Ahya","OG_871",0,1,0
"Ahyacinthus00455-RA","Ahyacinthus00455-RA","Ahya","OG_10941",0,1,0
"Ahyacinthus00457-RA","Ahyacinthus00457-RA","Ahya","OG_10941",0,1,0
"Ahyacinthus00468-RA","Ahyacinthus00468-RA","Ahya","OG_369",1,1,1
"Ahyacinthus00472-RA","Ahyacinthus00472-RA","Ahya","OG_1110",0,1,0
"Ahyacinthus00481-RA","Ahyacinthus00481-RA","Ahya","OG_208",0,1,1
"Ahyacinthus00485-RA","Ahyacinthus00485-RA","Ahya","OG_455",0,1,0
"Ahyacinthus00488-RA","Ahyacinthus00488-RA","Ahya","OG_170",1,1,1
"Ahyacinthus00491-RA","Ahyacinthus00491-RA","Ahya","OG_905",1,1,1
"Ahyacinthus00493-RA","Ahyacinthus00493-RA","Ahya","OG_189",0,1,1
"Ahyacinthus00494-RA","Ahyacinthus00494-RA","Ahya","OG_12035",0,1,1
"Ahyacinthus00499-RA","Ahyacinthus00499-RA","Ahya","OG_802",1,1,0
"Ahyacinthus00500-RA","Ahyacinthus00500-RA","Ahya","OG_353",0,1,0
"Ahyacinthus00507-RA","Ahyacinthus00507-RA","Ahya","OG_901",0,1,1
"Ahyacinthus00509-RA","Ahyacinthus00509-RA","Ahya","OG_315",1,1,0
"Ahyacinthus00512-RA","Ahyacinthus00512-RA","Ahya","OG_9299",0,1,0
"Ahyacinthus00517-RA","Ahyacinthus00517-RA","Ahya","OG_928",0,1,0
"Ahyacinthus00518-RA","Ahyacinthus00518-RA","Ahya","OG_880",0,1,0
"Ahyacinthus00520-RA","Ahyacinthus00520-RA","Ahya","OG_876",0,1,1
"Ahyacinthus00526-RA","Ahyacinthus00526-RA","Ahya","OG_832",0,1,0
"Ahyacinthus00550-RA","Ahyacinthus00550-RA","Ahya","OG_12164",0,1,1
"Ahyacinthus00552-RA","Ahyacinthus00552-RA","Ahya","OG_5978",0,1,0
"Ahyacinthus00554-RA","Ahyacinthus00554-RA","Ahya","OG_9185",1,1,0
"Ahyacinthus00561-RA","Ahyacinthus00561-RA","Ahya","OG_1328",0,1,1
"Ahyacinthus00565-RA","Ahyacinthus00565-RA","Ahya","OG_712",1,1,0
"Ahyacinthus00566-RA","Ahyacinthus00566-RA","Ahya","OG_794",1,1,1
"Ahyacinthus00567-RA","Ahyacinthus00567-RA","Ahya","OG_913",1,1,0
"Ahyacinthus00568-RA","Ahyacinthus00568-RA","Ahya","OG_11899",0,1,0
"Ahyacinthus00580-RA","Ahyacinthus00580-RA","Ahya","OG_521",0,1,0
"Ahyacinthus00587-RA","Ahyacinthus00587-RA","Ahya","OG_9073",1,1,0
"Ahyacinthus00588-RA","Ahyacinthus00588-RA","Ahya","OG_6708",0,1,0
"Ahyacinthus00589-RA","Ahyacinthus00589-RA","Ahya","OG_6708",0,1,0
"Ahyacinthus00590-RA","Ahyacinthus00590-RA","Ahya","OG_892",0,1,0
"Ahyacinthus00591-RA","Ahyacinthus00591-RA","Ahya","OG_1066",0,1,0
"Ahyacinthus00592-RA","Ahyacinthus00592-RA","Ahya","OG_914",0,1,1
"Ahyacinthus00593-RA","Ahyacinthus00593-RA","Ahya","OG_9831",0,1,0
"Ahyacinthus00596-RA","Ahyacinthus00596-RA","Ahya","OG_741",1,1,1
"Ahyacinthus00611-RA","Ahyacinthus00611-RA","Ahya","OG_6815",1,1,0
"Ahyacinthus00615-RA","Ahyacinthus00615-RA","Ahya","OG_6698",1,1,0
"Ahyacinthus00619-RA","Ahyacinthus00619-RA","Ahya","OG_4682",0,1,0
"Ahyacinthus00620-RA","Ahyacinthus00620-RA","Ahya","OG_9187",0,1,0
"Ahyacinthus00636-RA","Ahyacinthus00636-RA","Ahya","OG_9117",0,1,0
"Ahyacinthus00638-RA","Ahyacinthus00638-RA","Ahya","OG_9116",1,1,1
"Ahyacinthus00643-RA","Ahyacinthus00643-RA","Ahya","OG_9218",0,1,0
"Ahyacinthus00644-RA","Ahyacinthus00644-RA","Ahya","OG_5320",1,1,1
"Ahyacinthus00651-RA","Ahyacinthus00651-RA","Ahya","OG_951",0,1,0
"Ahyacinthus00654-RA","Ahyacinthus00654-RA","Ahya","OG_1120",1,1,0
"Ahyacinthus00655-RA","Ahyacinthus00655-RA","Ahya","OG_144",1,1,0
"Ahyacinthus00659-RA","Ahyacinthus00659-RA","Ahya","OG_170",1,1,1
"Ahyacinthus00660-RA","Ahyacinthus00660-RA","Ahya","OG_170",1,1,1
"Ahyacinthus00664-RA","Ahyacinthus00664-RA","Ahya","OG_12482",0,1,0
"Ahyacinthus00666-RA","Ahyacinthus00666-RA","Ahya","OG_1056",1,1,0
"Ahyacinthus00667-RA","Ahyacinthus00667-RA","Ahya","OG_951",0,1,0
"Ahyacinthus00670-RA","Ahyacinthus00670-RA","Ahya","OG_951",0,1,0
"Ahyacinthus00672-RA","Ahyacinthus00672-RA","Ahya","OG_315",1,1,0
"Ahyacinthus00677-RA","Ahyacinthus00677-RA","Ahya","OG_951",0,1,0
"Ahyacinthus00680-RA","Ahyacinthus00680-RA","Ahya","OG_951",0,1,0
"Ahyacinthus00686-RA","Ahyacinthus00686-RA","Ahya","OG_369",1,1,1
"Ahyacinthus00693-RA","Ahyacinthus00693-RA","Ahya","OG_9278",1,1,0
"Ahyacinthus00694-RA","Ahyacinthus00694-RA","Ahya","OG_9231",0,1,0
"Ahyacinthus00695-RA","Ahyacinthus00695-RA","Ahya","OG_9253",0,1,0
"Ahyacinthus00712-RA","Ahyacinthus00712-RA","Ahya","OG_922",0,1,0
"Ahyacinthus00716-RA","Ahyacinthus00716-RA","Ahya","OG_5129",0,1,0
"Ahyacinthus00717-RA","Ahyacinthus00717-RA","Ahya","OG_358",0,1,0
"Ahyacinthus00718-RA","Ahyacinthus00718-RA","Ahya","OG_473",0,1,0
"Ahyacinthus00719-RA","Ahyacinthus00719-RA","Ahya","OG_358",0,1,0
"Ahyacinthus00720-RA","Ahyacinthus00720-RA","Ahya","OG_12211",0,1,1
"Ahyacinthus00721-RA","Ahyacinthus00721-RA","Ahya","OG_681",0,1,0
"Ahyacinthus00723-RA","Ahyacinthus00723-RA","Ahya","OG_5165",0,1,0
"Ahyacinthus00726-RA","Ahyacinthus00726-RA","Ahya","OG_732",1,1,0
"Ahyacinthus00730-RA","Ahyacinthus00730-RA","Ahya","OG_832",0,1,0
"Ahyacinthus00731-RA","Ahyacinthus00731-RA","Ahya","OG_12431",0,1,0
"Ahyacinthus00732-RA","Ahyacinthus00732-RA","Ahya","OG_606",0,1,0
"Ahyacinthus00738-RA","Ahyacinthus00738-RA","Ahya","OG_4685",1,1,0
"Ahyacinthus00739-RA","Ahyacinthus00739-RA","Ahya","OG_4684",0,1,0
"Ahyacinthus00744-RA","Ahyacinthus00744-RA","Ahya","OG_916",0,1,1
"Ahyacinthus00750-RA","Ahyacinthus00750-RA","Ahya","OG_369",1,1,1
"Ahyacinthus00752-RA","Ahyacinthus00752-RA","Ahya","OG_924",0,1,0
"Ahyacinthus00754-RA","Ahyacinthus00754-RA","Ahya","OG_1015",0,1,1
"Ahyacinthus00755-RA","Ahyacinthus00755-RA","Ahya","OG_743",0,1,0
"Ahyacinthus00757-RA","Ahyacinthus00757-RA","Ahya","OG_227",1,1,1
"Ahyacinthus00766-RA","Ahyacinthus00766-RA","Ahya","OG_348",0,1,0
"Ahyacinthus00767-RA","Ahyacinthus00767-RA","Ahya","OG_929",1,1,1
"Ahyacinthus00768-RA","Ahyacinthus00768-RA","Ahya","OG_369",1,1,1
"Ahyacinthus00771-RA","Ahyacinthus00771-RA","Ahya","OG_659",1,1,0
"Ahyacinthus00773-RA","Ahyacinthus00773-RA","Ahya","OG_659",1,1,0
"Ahyacinthus00775-RA","Ahyacinthus00775-RA","Ahya","OG_978",1,1,1
"Ahyacinthus00778-RA","Ahyacinthus00778-RA","Ahya","OG_949",0,1,0
"Ahyacinthus00780-RA","Ahyacinthus00780-RA","Ahya","OG_139",0,1,0
"Ahyacinthus00784-RA","Ahyacinthus00784-RA","Ahya","OG_369",1,1,1
"Ahyacinthus00785-RA","Ahyacinthus00785-RA","Ahya","OG_369",1,1,1
"Ahyacinthus00788-RA","Ahyacinthus00788-RA","Ahya","OG_538",0,1,0
"Ahyacinthus00791-RA","Ahyacinthus00791-RA","Ahya","OG_697",0,1,0
"Ahyacinthus00792-RA","Ahyacinthus00792-RA","Ahya","OG_880",0,1,0
"Ahyacinthus00801-RA","Ahyacinthus00801-RA","Ahya","OG_533",0,1,0
"Ahyacinthus00802-RA","Ahyacinthus00802-RA","Ahya","OG_416",0,1,0
"Ahyacinthus00808-RA","Ahyacinthus00808-RA","Ahya","OG_9231",0,1,0
"Ahyacinthus00813-RA","Ahyacinthus00813-RA","Ahya","OG_509",0,1,1
"Ahyacinthus00824-RA","Ahyacinthus00824-RA","Ahya","OG_1029",0,1,0
"Ahyacinthus00828-RA","Ahyacinthus00828-RA","Ahya","OG_12428",0,1,0
"Ahyacinthus00829-RA","Ahyacinthus00829-RA","Ahya","OG_6554",0,1,0
"Ahyacinthus00830-RA","Ahyacinthus00830-RA","Ahya","OG_898",0,1,0
"Ahyacinthus00831-RA","Ahyacinthus00831-RA","Ahya","OG_832",0,1,0
"Ahyacinthus00835-RA","Ahyacinthus00835-RA","Ahya","OG_367",0,1,1
"Ahyacinthus00837-RA","Ahyacinthus00837-RA","Ahya","OG_509",0,1,1
"Ahyacinthus00838-RA","Ahyacinthus00838-RA","Ahya","OG_867",0,1,1
"Ahyacinthus00839-RA","Ahyacinthus00839-RA","Ahya","OG_870",0,1,0
"Ahyacinthus00840-RA","Ahyacinthus00840-RA","Ahya","OG_909",0,1,1
"Ahyacinthus00841-RA","Ahyacinthus00841-RA","Ahya","OG_898",0,1,0
"Ahyacinthus00846-RA","Ahyacinthus00846-RA","Ahya","OG_978",1,1,1
"Ahyacinthus00848-RA","Ahyacinthus00848-RA","Ahya","OG_878",0,1,0
"Ahyacinthus00849-RA","Ahyacinthus00849-RA","Ahya","OG_604",1,1,1
"Ahyacinthus00856-RA","Ahyacinthus00856-RA","Ahya","OG_771",1,1,1
"Ahyacinthus00857-RA","Ahyacinthus00857-RA","Ahya","OG_771",1,1,1
"Ahyacinthus00859-RA","Ahyacinthus00859-RA","Ahya","OG_1052",1,1,0
"Ahyacinthus00863-RA","Ahyacinthus00863-RA","Ahya","OG_867",0,1,1
"Ahyacinthus00864-RA","Ahyacinthus00864-RA","Ahya","OG_867",0,1,1
"Ahyacinthus00868-RA","Ahyacinthus00868-RA","Ahya","OG_722",0,1,1
"Ahyacinthus00873-RA","Ahyacinthus00873-RA","Ahya","OG_415",0,1,0
"Ahyacinthus00874-RA","Ahyacinthus00874-RA","Ahya","OG_571",0,1,1
"Ahyacinthus00876-RA","Ahyacinthus00876-RA","Ahya","OG_1243",0,1,0
"Ahyacinthus00880-RA","Ahyacinthus00880-RA","Ahya","OG_868",1,1,1
"Ahyacinthus00882-RA","Ahyacinthus00882-RA","Ahya","OG_604",1,1,1
"Ahyacinthus00883-RA","Ahyacinthus00883-RA","Ahya","OG_509",0,1,1
"Ahyacinthus00884-RA","Ahyacinthus00884-RA","Ahya","OG_914",0,1,1
"Ahyacinthus00885-RA","Ahyacinthus00885-RA","Ahya","OG_547",0,1,0
"Ahyacinthus00886-RA","Ahyacinthus00886-RA","Ahya","OG_844",0,1,0
"Ahyacinthus00887-RA","Ahyacinthus00887-RA","Ahya","OG_6354",0,1,0
"Ahyacinthus00890-RA","Ahyacinthus00890-RA","Ahya","OG_992",0,1,0
"Ahyacinthus00892-RA","Ahyacinthus00892-RA","Ahya","OG_714",0,1,1
"Ahyacinthus00893-RA","Ahyacinthus00893-RA","Ahya","OG_1186",0,1,0
"Ahyacinthus00894-RA","Ahyacinthus00894-RA","Ahya","OG_1186",0,1,0
"Ahyacinthus00895-RA","Ahyacinthus00895-RA","Ahya","OG_12501",0,1,0
"Ahyacinthus00896-RA","Ahyacinthus00896-RA","Ahya","OG_4687",1,1,0
"Ahyacinthus00898-RA","Ahyacinthus00898-RA","Ahya","OG_353",0,1,0
"Ahyacinthus00900-RA","Ahyacinthus00900-RA","Ahya","OG_353",0,1,0
"Ahyacinthus00901-RA","Ahyacinthus00901-RA","Ahya","OG_840",1,1,0
"Ahyacinthus00902-RA","Ahyacinthus00902-RA","Ahya","OG_936",0,1,0
"Ahyacinthus00903-RA","Ahyacinthus00903-RA","Ahya","OG_685",0,1,1
"Ahyacinthus00904-RA","Ahyacinthus00904-RA","Ahya","OG_1205",0,1,0
"Ahyacinthus00909-RA","Ahyacinthus00909-RA","Ahya","OG_773",1,1,1
"Ahyacinthus00913-RA","Ahyacinthus00913-RA","Ahya","OG_1136",0,1,0
"Ahyacinthus00914-RA","Ahyacinthus00914-RA","Ahya","OG_1447",0,1,0
"Ahyacinthus00915-RA","Ahyacinthus00915-RA","Ahya","OG_6703",0,1,0
"Ahyacinthus00918-RA","Ahyacinthus00918-RA","Ahya","OG_794",1,1,1
"Ahyacinthus00919-RA","Ahyacinthus00919-RA","Ahya","OG_934",0,1,0
"Ahyacinthus00921-RA","Ahyacinthus00921-RA","Ahya","OG_416",0,1,0
"Ahyacinthus00924-RA","Ahyacinthus00924-RA","Ahya","OG_1372",0,1,0
"Ahyacinthus00925-RA","Ahyacinthus00925-RA","Ahya","OG_11369",0,1,0
"Ahyacinthus00926-RA","Ahyacinthus00926-RA","Ahya","OG_868",1,1,1
"Ahyacinthus00931-RA","Ahyacinthus00931-RA","Ahya","OG_377",1,1,0
"Ahyacinthus00932-RA","Ahyacinthus00932-RA","Ahya","OG_880",0,1,0
"Ahyacinthus00937-RA","Ahyacinthus00937-RA","Ahya","OG_1205",0,1,0
"Ahyacinthus00938-RA","Ahyacinthus00938-RA","Ahya","OG_813",0,1,0
"Ahyacinthus00939-RA","Ahyacinthus00939-RA","Ahya","OG_1214",0,1,1
"Ahyacinthus00940-RA","Ahyacinthus00940-RA","Ahya","OG_377",1,1,0
"Ahyacinthus00945-RA","Ahyacinthus00945-RA","Ahya","OG_953",0,1,0
"Ahyacinthus00946-RA","Ahyacinthus00946-RA","Ahya","OG_378",0,1,0
"Ahyacinthus00947-RA","Ahyacinthus00947-RA","Ahya","OG_259",0,1,0
"Ahyacinthus00948-RA","Ahyacinthus00948-RA","Ahya","OG_12636",1,1,0
"Ahyacinthus00950-RA","Ahyacinthus00950-RA","Ahya","OG_1101",0,1,0
"Ahyacinthus00957-RA","Ahyacinthus00957-RA","Ahya","OG_886",0,1,1
"Ahyacinthus00958-RA","Ahyacinthus00958-RA","Ahya","OG_248",1,1,1
"Ahyacinthus00961-RA","Ahyacinthus00961-RA","Ahya","OG_12511",0,1,0
"Ahyacinthus00962-RA","Ahyacinthus00962-RA","Ahya","OG_715",0,1,1
"Ahyacinthus00964-RA","Ahyacinthus00964-RA","Ahya","OG_439",0,1,0
"Ahyacinthus00966-RA","Ahyacinthus00966-RA","Ahya","OG_439",0,1,0
"Ahyacinthus00967-RA","Ahyacinthus00967-RA","Ahya","OG_439",0,1,0
"Ahyacinthus00968-RA","Ahyacinthus00968-RA","Ahya","OG_929",1,1,1
"Ahyacinthus00970-RA","Ahyacinthus00970-RA","Ahya","OG_378",0,1,0
"Ahyacinthus00971-RA","Ahyacinthus00971-RA","Ahya","OG_9108",0,1,0
"Ahyacinthus00977-RA","Ahyacinthus00977-RA","Ahya","OG_185",0,1,0
"Ahyacinthus00981-RA","Ahyacinthus00981-RA","Ahya","OG_850",0,1,0
"Ahyacinthus00982-RA","Ahyacinthus00982-RA","Ahya","OG_12165",0,1,1
"Ahyacinthus00985-RA","Ahyacinthus00985-RA","Ahya","OG_369",1,1,1
"Ahyacinthus00987-RA","Ahyacinthus00987-RA","Ahya","OG_369",1,1,1
"Ahyacinthus00989-RA","Ahyacinthus00989-RA","Ahya","OG_920",0,1,0
"Ahyacinthus00992-RA","Ahyacinthus00992-RA","Ahya","OG_1182",0,1,0
"Ahyacinthus00995-RA","Ahyacinthus00995-RA","Ahya","OG_4688",0,1,0
"Ahyacinthus00994-RA","Ahyacinthus00994-RA","Ahya","OG_6063",0,1,0
"Ahyacinthus00998-RA","Ahyacinthus00998-RA","Ahya","OG_773",1,1,1
"Ahyacinthus01000-RA","Ahyacinthus01000-RA","Ahya","OG_400",1,1,0
"Ahyacinthus01005-RA","Ahyacinthus01005-RA","Ahya","OG_400",1,1,0
"Ahyacinthus01010-RA","Ahyacinthus01010-RA","Ahya","OG_5163",0,1,0
"Ahyacinthus01012-RA","Ahyacinthus01012-RA","Ahya","OG_9247",0,1,0
"Ahyacinthus01015-RA","Ahyacinthus01015-RA","Ahya","OG_189",0,1,1
"Ahyacinthus01019-RA","Ahyacinthus01019-RA","Ahya","OG_894",0,1,1
"Ahyacinthus01020-RA","Ahyacinthus01020-RA","Ahya","OG_12417",0,1,1
"Ahyacinthus01021-RA","Ahyacinthus01021-RA","Ahya","OG_886",0,1,1
"Ahyacinthus01023-RA","Ahyacinthus01023-RA","Ahya","OG_827",0,1,0
"Ahyacinthus01024-RA","Ahyacinthus01024-RA","Ahya","OG_877",0,1,0
"Ahyacinthus01039-RA","Ahyacinthus01039-RA","Ahya","OG_5110",0,1,0
"Ahyacinthus01042-RA","Ahyacinthus01042-RA","Ahya","OG_897",0,1,0
"Ahyacinthus01043-RA","Ahyacinthus01043-RA","Ahya","OG_868",1,1,1
"Ahyacinthus01044-RA","Ahyacinthus01044-RA","Ahya","OG_770",1,1,0
"Ahyacinthus01048-RA","Ahyacinthus01048-RA","Ahya","OG_880",0,1,0
"Ahyacinthus01049-RA","Ahyacinthus01049-RA","Ahya","OG_549",0,1,0
"Ahyacinthus01052-RA","Ahyacinthus01052-RA","Ahya","OG_761",1,1,0
"Ahyacinthus01055-RA","Ahyacinthus01055-RA","Ahya","OG_5110",0,1,0
"Ahyacinthus01056-RA","Ahyacinthus01056-RA","Ahya","OG_916",0,1,1
"Ahyacinthus01065-RA","Ahyacinthus01065-RA","Ahya","OG_5146",0,1,0
"Ahyacinthus01067-RA","Ahyacinthus01067-RA","Ahya","OG_5124",0,1,0
"Ahyacinthus01068-RA","Ahyacinthus01068-RA","Ahya","OG_811",0,1,0
"Ahyacinthus01069-RA","Ahyacinthus01069-RA","Ahya","OG_571",0,1,1
"Ahyacinthus01072-RA","Ahyacinthus01072-RA","Ahya","OG_5110",0,1,0
"Ahyacinthus01075-RA","Ahyacinthus01075-RA","Ahya","OG_5110",0,1,0
"Ahyacinthus01077-RA","Ahyacinthus01077-RA","Ahya","OG_813",0,1,0
"Ahyacinthus01086-RA","Ahyacinthus01086-RA","Ahya","OG_715",0,1,1
"Ahyacinthus01087-RA","Ahyacinthus01087-RA","Ahya","OG_12392",0,1,0
"Ahyacinthus01096-RA","Ahyacinthus01096-RA","Ahya","OG_9150",0,1,0
"Ahyacinthus01100-RA","Ahyacinthus01100-RA","Ahya","OG_245",1,1,1
"Ahyacinthus01099-RA","Ahyacinthus01099-RA","Ahya","OG_9324",0,1,0
"Ahyacinthus01101-RA","Ahyacinthus01101-RA","Ahya","OG_166",0,1,0
"Ahyacinthus01105-RA","Ahyacinthus01105-RA","Ahya","OG_166",0,1,0
"Ahyacinthus01109-RA","Ahyacinthus01109-RA","Ahya","OG_416",0,1,0
"Ahyacinthus01112-RA","Ahyacinthus01112-RA","Ahya","OG_4689",1,1,0
"Ahyacinthus01117-RA","Ahyacinthus01117-RA","Ahya","OG_1890",0,1,0
"Ahyacinthus01119-RA","Ahyacinthus01119-RA","Ahya","OG_1890",0,1,0
"Ahyacinthus01121-RA","Ahyacinthus01121-RA","Ahya","OG_1890",0,1,0
"Ahyacinthus01122-RA","Ahyacinthus01122-RA","Ahya","OG_9189",0,1,1
"Ahyacinthus01130-RA","Ahyacinthus01130-RA","Ahya","OG_5326",1,1,0
"Ahyacinthus01131-RA","Ahyacinthus01131-RA","Ahya","OG_9325",1,1,0
"Ahyacinthus01132-RA","Ahyacinthus01132-RA","Ahya","OG_8",1,1,1
"Ahyacinthus01133-RA","Ahyacinthus01133-RA","Ahya","OG_6691",1,1,0
"Ahyacinthus01143-RA","Ahyacinthus01143-RA","Ahya","OG_4702",0,1,0
"Ahyacinthus01144-RA","Ahyacinthus01144-RA","Ahya","OG_9300",0,1,0
"Ahyacinthus01146-RA","Ahyacinthus01146-RA","Ahya","OG_4692",1,1,0
"Ahyacinthus01148-RA","Ahyacinthus01148-RA","Ahya","OG_847",1,1,0
"Ahyacinthus01149-RA","Ahyacinthus01149-RA","Ahya","OG_9014",1,1,1
"Ahyacinthus01151-RA","Ahyacinthus01151-RA","Ahya","OG_4695",0,1,0
"Ahyacinthus01161-RA","Ahyacinthus01161-RA","Ahya","OG_9303",0,1,0
"Ahyacinthus01164-RA","Ahyacinthus01164-RA","Ahya","OG_12640",0,1,0
"Ahyacinthus01165-RA","Ahyacinthus01165-RA","Ahya","OG_4698",0,1,0
"Ahyacinthus01174-RA","Ahyacinthus01174-RA","Ahya","OG_4700",0,1,0
"Ahyacinthus01175-RA","Ahyacinthus01175-RA","Ahya","OG_5672",0,1,0
"Ahyacinthus01177-RA","Ahyacinthus01177-RA","Ahya","OG_4701",0,1,0
"Ahyacinthus01178-RA","Ahyacinthus01178-RA","Ahya","OG_1257",0,1,0
"Ahyacinthus01180-RA","Ahyacinthus01180-RA","Ahya","OG_4702",0,1,0
"Ahyacinthus01182-RA","Ahyacinthus01182-RA","Ahya","OG_9211",0,1,1
"Ahyacinthus01187-RA","Ahyacinthus01187-RA","Ahya","OG_4704",1,1,0
"Ahyacinthus01188-RA","Ahyacinthus01188-RA","Ahya","OG_4703",1,1,0
"Ahyacinthus01189-RA","Ahyacinthus01189-RA","Ahya","OG_9207",1,1,0
"Ahyacinthus01190-RA","Ahyacinthus01190-RA","Ahya","OG_4705",1,1,0
"Ahyacinthus01196-RA","Ahyacinthus01196-RA","Ahya","OG_4707",0,1,0
"Ahyacinthus01197-RA","Ahyacinthus01197-RA","Ahya","OG_9049",0,1,0
"Ahyacinthus01198-RA","Ahyacinthus01198-RA","Ahya","OG_4708",0,1,0
"Ahyacinthus01199-RA","Ahyacinthus01199-RA","Ahya","OG_4711",0,1,0
"Ahyacinthus01200-RA","Ahyacinthus01200-RA","Ahya","OG_4711",0,1,0
"Ahyacinthus01202-RA","Ahyacinthus01202-RA","Ahya","OG_12581",0,1,0
"Ahyacinthus01203-RA","Ahyacinthus01203-RA","Ahya","OG_12582",0,1,0
"Ahyacinthus01204-RA","Ahyacinthus01204-RA","Ahya","OG_4710",0,1,0
"Ahyacinthus01205-RA","Ahyacinthus01205-RA","Ahya","OG_4712",0,1,0
"Ahyacinthus01206-RA","Ahyacinthus01206-RA","Ahya","OG_4713",1,1,0
"Ahyacinthus01209-RA","Ahyacinthus01209-RA","Ahya","OG_4713",1,1,0
"Ahyacinthus01210-RA","Ahyacinthus01210-RA","Ahya","OG_4714",1,1,0
"Ahyacinthus01212-RA","Ahyacinthus01212-RA","Ahya","OG_9246",1,1,0
"Ahyacinthus01213-RA","Ahyacinthus01213-RA","Ahya","OG_9248",0,1,1
"Ahyacinthus01214-RA","Ahyacinthus01214-RA","Ahya","OG_2598",1,1,0
"Ahyacinthus01215-RA","Ahyacinthus01215-RA","Ahya","OG_4716",0,1,0
"Ahyacinthus01218-RA","Ahyacinthus01218-RA","Ahya","OG_6631",1,1,1
"Ahyacinthus01219-RA","Ahyacinthus01219-RA","Ahya","OG_9292",0,1,0
"Ahyacinthus01227-RA","Ahyacinthus01227-RA","Ahya","OG_4717",0,1,0
"Ahyacinthus01229-RA","Ahyacinthus01229-RA","Ahya","OG_9176",0,1,0
"Ahyacinthus01230-RA","Ahyacinthus01230-RA","Ahya","OG_9175",0,1,0
"Ahyacinthus01231-RA","Ahyacinthus01231-RA","Ahya","OG_9172",0,1,0
"Ahyacinthus01236-RA","Ahyacinthus01236-RA","Ahya","OG_9251",0,1,0
"Ahyacinthus01238-RA","Ahyacinthus01238-RA","Ahya","OG_9022",0,1,0
"Ahyacinthus01240-RA","Ahyacinthus01240-RA","Ahya","OG_1348",0,1,1
"Ahyacinthus01241-RA","Ahyacinthus01241-RA","Ahya","OG_9179",0,1,0
"Ahyacinthus01244-RA","Ahyacinthus01244-RA","Ahya","OG_9267",0,1,0
"Ahyacinthus01248-RA","Ahyacinthus01248-RA","Ahya","OG_6707",0,1,0
"Ahyacinthus01249-RA","Ahyacinthus01249-RA","Ahya","OG_9028",1,1,0
"Ahyacinthus01251-RA","Ahyacinthus01251-RA","Ahya","OG_6706",1,1,0
"Ahyacinthus01253-RA","Ahyacinthus01253-RA","Ahya","OG_9074",0,1,0
"Ahyacinthus01254-RA","Ahyacinthus01254-RA","Ahya","OG_9290",1,1,1
"Ahyacinthus01256-RA","Ahyacinthus01256-RA","Ahya","OG_9291",0,1,0
"Ahyacinthus01257-RA","Ahyacinthus01257-RA","Ahya","OG_9042",0,1,0
"Ahyacinthus01258-RA","Ahyacinthus01258-RA","Ahya","OG_4722",1,1,0
"Ahyacinthus01263-RA","Ahyacinthus01263-RA","Ahya","OG_5059",0,1,0
"Ahyacinthus01264-RA","Ahyacinthus01264-RA","Ahya","OG_9295",0,1,0
"Ahyacinthus01268-RA","Ahyacinthus01268-RA","Ahya","OG_4724",1,1,0
"Ahyacinthus01269-RA","Ahyacinthus01269-RA","Ahya","OG_12400",0,1,0
"Ahyacinthus01271-RA","Ahyacinthus01271-RA","Ahya","OG_1099",1,1,0
"Ahyacinthus01273-RA","Ahyacinthus01273-RA","Ahya","OG_9114",0,1,0
"Ahyacinthus01277-RA","Ahyacinthus01277-RA","Ahya","OG_4727",0,1,1
"Ahyacinthus01278-RA","Ahyacinthus01278-RA","Ahya","OG_6330",0,1,0
"Ahyacinthus01279-RA","Ahyacinthus01279-RA","Ahya","OG_9213",0,1,1
"Ahyacinthus01283-RA","Ahyacinthus01283-RA","Ahya","OG_9090",1,1,0
"Ahyacinthus01287-RA","Ahyacinthus01287-RA","Ahya","OG_9159",0,1,0
"Ahyacinthus01302-RA","Ahyacinthus01302-RA","Ahya","OG_5319",0,1,0
"Ahyacinthus01303-RA","Ahyacinthus01303-RA","Ahya","OG_9326",0,1,0
"Ahyacinthus01305-RA","Ahyacinthus01305-RA","Ahya","OG_4732",0,1,0
"Ahyacinthus01306-RA","Ahyacinthus01306-RA","Ahya","OG_4731",1,1,0
"Ahyacinthus01307-RA","Ahyacinthus01307-RA","Ahya","OG_764",0,1,0
"Ahyacinthus01309-RA","Ahyacinthus01309-RA","Ahya","OG_4733",0,1,0
"Ahyacinthus01310-RA","Ahyacinthus01310-RA","Ahya","OG_9048",0,1,0
"Ahyacinthus01311-RA","Ahyacinthus01311-RA","Ahya","OG_9046",0,1,0
"Ahyacinthus01316-RA","Ahyacinthus01316-RA","Ahya","OG_669",0,1,0
"Ahyacinthus01317-RA","Ahyacinthus01317-RA","Ahya","OG_8331",0,1,0
"Ahyacinthus01322-RA","Ahyacinthus01322-RA","Ahya","OG_9272",1,1,0
"Ahyacinthus01323-RA","Ahyacinthus01323-RA","Ahya","OG_9272",1,1,0
"Ahyacinthus01327-RA","Ahyacinthus01327-RA","Ahya","OG_9271",0,1,0
"Ahyacinthus01328-RA","Ahyacinthus01328-RA","Ahya","OG_9273",0,1,0
"Ahyacinthus01330-RA","Ahyacinthus01330-RA","Ahya","OG_9321",0,1,0
"Ahyacinthus01336-RA","Ahyacinthus01336-RA","Ahya","OG_1333",0,1,0
"Ahyacinthus01338-RA","Ahyacinthus01338-RA","Ahya","OG_5062",0,1,0
"Ahyacinthus01342-RA","Ahyacinthus01342-RA","Ahya","OG_5063",1,1,0
"Ahyacinthus01343-RA","Ahyacinthus01343-RA","Ahya","OG_10099",1,1,0
"Ahyacinthus01344-RA","Ahyacinthus01344-RA","Ahya","OG_10099",1,1,0
"Ahyacinthus01345-RA","Ahyacinthus01345-RA","Ahya","OG_10099",1,1,0
"Ahyacinthus01346-RA","Ahyacinthus01346-RA","Ahya","OG_10099",1,1,0
"Ahyacinthus01351-RA","Ahyacinthus01351-RA","Ahya","OG_4736",1,1,1
"Ahyacinthus01353-RA","Ahyacinthus01353-RA","Ahya","OG_9168",0,1,0
"Ahyacinthus01359-RA","Ahyacinthus01359-RA","Ahya","OG_4741",0,1,1
"Ahyacinthus01361-RA","Ahyacinthus01361-RA","Ahya","OG_9266",0,1,0
"Ahyacinthus01362-RA","Ahyacinthus01362-RA","Ahya","OG_4737",1,1,0
"Ahyacinthus01363-RA","Ahyacinthus01363-RA","Ahya","OG_4742",0,1,0
"Ahyacinthus01364-RA","Ahyacinthus01364-RA","Ahya","OG_9015",0,1,0
"Ahyacinthus01365-RA","Ahyacinthus01365-RA","Ahya","OG_4743",1,1,1
"Ahyacinthus01369-RA","Ahyacinthus01369-RA","Ahya","OG_10905",0,1,0
"Ahyacinthus01370-RA","Ahyacinthus01370-RA","Ahya","OG_9170",1,1,0
"Ahyacinthus01372-RA","Ahyacinthus01372-RA","Ahya","OG_9169",0,1,0
"Ahyacinthus01376-RA","Ahyacinthus01376-RA","Ahya","OG_9123",1,1,0
"Ahyacinthus01378-RA","Ahyacinthus01378-RA","Ahya","OG_5318",0,1,0
"Ahyacinthus01382-RA","Ahyacinthus01382-RA","Ahya","OG_1222",0,1,0
"Ahyacinthus01385-RA","Ahyacinthus01385-RA","Ahya","OG_5330",1,1,0
"Ahyacinthus01386-RA","Ahyacinthus01386-RA","Ahya","OG_5331",0,1,1
"Ahyacinthus01387-RA","Ahyacinthus01387-RA","Ahya","OG_426",1,1,1
"Ahyacinthus01388-RA","Ahyacinthus01388-RA","Ahya","OG_4747",0,1,0
"Ahyacinthus01389-RA","Ahyacinthus01389-RA","Ahya","OG_8451",0,1,0
"Ahyacinthus01390-RA","Ahyacinthus01390-RA","Ahya","OG_8812",1,1,0
"Ahyacinthus01392-RA","Ahyacinthus01392-RA","Ahya","OG_4749",0,1,0
"Ahyacinthus01394-RA","Ahyacinthus01394-RA","Ahya","OG_6604",1,1,0
"Ahyacinthus01396-RA","Ahyacinthus01396-RA","Ahya","OG_4748",0,1,0
"Ahyacinthus01397-RA","Ahyacinthus01397-RA","Ahya","OG_9333",0,1,0
"Ahyacinthus01398-RA","Ahyacinthus01398-RA","Ahya","OG_9024",1,1,1
"Ahyacinthus01401-RA","Ahyacinthus01401-RA","Ahya","OG_4750",1,1,0
"Ahyacinthus01405-RA","Ahyacinthus01405-RA","Ahya","OG_4751",0,1,0
"Ahyacinthus01406-RA","Ahyacinthus01406-RA","Ahya","OG_9045",0,1,0
"Ahyacinthus01407-RA","Ahyacinthus01407-RA","Ahya","OG_9043",0,1,0
"Ahyacinthus01411-RA","Ahyacinthus01411-RA","Ahya","OG_9239",0,1,0
"Ahyacinthus01412-RA","Ahyacinthus01412-RA","Ahya","OG_9238",1,1,0
"Ahyacinthus01415-RA","Ahyacinthus01415-RA","Ahya","OG_9263",1,1,0
"Ahyacinthus01416-RA","Ahyacinthus01416-RA","Ahya","OG_1129",0,1,0
"Ahyacinthus01420-RA","Ahyacinthus01420-RA","Ahya","OG_5324",0,1,0
"Ahyacinthus01423-RA","Ahyacinthus01423-RA","Ahya","OG_5328",1,1,1
"Ahyacinthus01426-RA","Ahyacinthus01426-RA","Ahya","OG_5323",1,1,1
"Ahyacinthus01428-RA","Ahyacinthus01428-RA","Ahya","OG_4757",0,1,0
"Ahyacinthus01429-RA","Ahyacinthus01429-RA","Ahya","OG_9212",0,1,0
"Ahyacinthus01430-RA","Ahyacinthus01430-RA","Ahya","OG_1450",0,1,0
"Ahyacinthus01431-RA","Ahyacinthus01431-RA","Ahya","OG_9155",0,1,1
"Ahyacinthus01433-RA","Ahyacinthus01433-RA","Ahya","OG_9165",0,1,0
"Ahyacinthus01437-RA","Ahyacinthus01437-RA","Ahya","OG_9242",0,1,0
"Ahyacinthus01438-RA","Ahyacinthus01438-RA","Ahya","OG_9243",0,1,0
"Ahyacinthus01440-RA","Ahyacinthus01440-RA","Ahya","OG_9128",0,1,0
"Ahyacinthus01460-RA","Ahyacinthus01460-RA","Ahya","OG_9055",1,1,0
"Ahyacinthus01468-RA","Ahyacinthus01468-RA","Ahya","OG_9287",1,1,0
"Ahyacinthus01474-RA","Ahyacinthus01474-RA","Ahya","OG_4761",0,1,0
"Ahyacinthus01475-RA","Ahyacinthus01475-RA","Ahya","OG_4763",1,1,0
"Ahyacinthus01476-RA","Ahyacinthus01476-RA","Ahya","OG_9288",1,1,1
"Ahyacinthus01480-RA","Ahyacinthus01480-RA","Ahya","OG_4764",0,1,0
"Ahyacinthus01481-RA","Ahyacinthus01481-RA","Ahya","OG_4765",0,1,0
"Ahyacinthus01489-RA","Ahyacinthus01489-RA","Ahya","OG_9262",0,1,0
"Ahyacinthus01492-RA","Ahyacinthus01492-RA","Ahya","OG_9144",0,1,0
"Ahyacinthus01494-RA","Ahyacinthus01494-RA","Ahya","OG_9145",1,1,0
"Ahyacinthus01496-RA","Ahyacinthus01496-RA","Ahya","OG_4767",0,1,0
"Ahyacinthus01498-RA","Ahyacinthus01498-RA","Ahya","OG_9061",0,1,0
"Ahyacinthus01500-RA","Ahyacinthus01500-RA","Ahya","OG_9062",0,1,0
"Ahyacinthus01501-RA","Ahyacinthus01501-RA","Ahya","OG_9065",0,1,0
"Ahyacinthus01503-RA","Ahyacinthus01503-RA","Ahya","OG_9060",0,1,0
"Ahyacinthus01510-RA","Ahyacinthus01510-RA","Ahya","OG_4769",0,1,0
"Ahyacinthus01511-RA","Ahyacinthus01511-RA","Ahya","OG_4773",1,1,0
"Ahyacinthus01515-RA","Ahyacinthus01515-RA","Ahya","OG_4770",1,1,1
"Ahyacinthus01516-RA","Ahyacinthus01516-RA","Ahya","OG_1124",1,1,0
"Ahyacinthus01527-RA","Ahyacinthus01527-RA","Ahya","OG_9079",0,1,0
"Ahyacinthus01529-RA","Ahyacinthus01529-RA","Ahya","OG_4775",0,1,0
"Ahyacinthus01530-RA","Ahyacinthus01530-RA","Ahya","OG_9080",1,1,1
"Ahyacinthus01533-RA","Ahyacinthus01533-RA","Ahya","OG_373",1,1,0
"Ahyacinthus01541-RA","Ahyacinthus01541-RA","Ahya","OG_391",1,1,0
"Ahyacinthus01542-RA","Ahyacinthus01542-RA","Ahya","OG_391",1,1,0
"Ahyacinthus01543-RA","Ahyacinthus01543-RA","Ahya","OG_9035",0,1,0
"Ahyacinthus01546-RA","Ahyacinthus01546-RA","Ahya","OG_9153",1,1,0
"Ahyacinthus01547-RA","Ahyacinthus01547-RA","Ahya","OG_4777",0,1,0
"Ahyacinthus01548-RA","Ahyacinthus01548-RA","Ahya","OG_5227",0,1,0
"Ahyacinthus01549-RA","Ahyacinthus01549-RA","Ahya","OG_4778",1,1,0
"Ahyacinthus01551-RA","Ahyacinthus01551-RA","Ahya","OG_7",0,1,0
"Ahyacinthus01554-RA","Ahyacinthus01554-RA","Ahya","OG_4779",1,1,0
"Ahyacinthus01557-RA","Ahyacinthus01557-RA","Ahya","OG_9202",0,1,0
"Ahyacinthus01562-RA","Ahyacinthus01562-RA","Ahya","OG_5115",0,1,0
"Ahyacinthus01564-RA","Ahyacinthus01564-RA","Ahya","OG_9224",1,1,0
"Ahyacinthus01563-RA","Ahyacinthus01563-RA","Ahya","OG_4784",0,1,0
"Ahyacinthus01565-RA","Ahyacinthus01565-RA","Ahya","OG_4785",0,1,0
"Ahyacinthus01567-RA","Ahyacinthus01567-RA","Ahya","OG_4782",1,1,0
"Ahyacinthus01569-RA","Ahyacinthus01569-RA","Ahya","OG_4787",0,1,0
"Ahyacinthus01574-RA","Ahyacinthus01574-RA","Ahya","OG_9162",0,1,0
"Ahyacinthus01577-RA","Ahyacinthus01577-RA","Ahya","OG_8917",0,1,0
"Ahyacinthus01578-RA","Ahyacinthus01578-RA","Ahya","OG_1453",0,1,0
"Ahyacinthus01579-RA","Ahyacinthus01579-RA","Ahya","OG_9328",1,1,0
"Ahyacinthus01584-RA","Ahyacinthus01584-RA","Ahya","OG_559",0,1,1
"Ahyacinthus01585-RA","Ahyacinthus01585-RA","Ahya","OG_9110",1,1,0
"Ahyacinthus01586-RA","Ahyacinthus01586-RA","Ahya","OG_9110",1,1,0
"Ahyacinthus01591-RA","Ahyacinthus01591-RA","Ahya","OG_6690",1,1,1
"Ahyacinthus01592-RA","Ahyacinthus01592-RA","Ahya","OG_4788",1,1,0
"Ahyacinthus01593-RA","Ahyacinthus01593-RA","Ahya","OG_4788",1,1,0
"Ahyacinthus01594-RA","Ahyacinthus01594-RA","Ahya","OG_4788",1,1,0
"Ahyacinthus01595-RA","Ahyacinthus01595-RA","Ahya","OG_5327",0,1,0
"Ahyacinthus01596-RA","Ahyacinthus01596-RA","Ahya","OG_9261",1,1,0
"Ahyacinthus01597-RA","Ahyacinthus01597-RA","Ahya","OG_9330",0,1,1
"Ahyacinthus01599-RA","Ahyacinthus01599-RA","Ahya","OG_9329",1,1,0
"Ahyacinthus01604-RA","Ahyacinthus01604-RA","Ahya","OG_9255",0,1,0
"Ahyacinthus01605-RA","Ahyacinthus01605-RA","Ahya","OG_9256",0,1,0
"Ahyacinthus01606-RA","Ahyacinthus01606-RA","Ahya","OG_982",0,1,0
"Ahyacinthus01611-RA","Ahyacinthus01611-RA","Ahya","OG_9131",0,1,0
"Ahyacinthus01616-RA","Ahyacinthus01616-RA","Ahya","OG_4790",0,1,0
"Ahyacinthus01617-RA","Ahyacinthus01617-RA","Ahya","OG_6288",0,1,0
"Ahyacinthus01618-RA","Ahyacinthus01618-RA","Ahya","OG_4791",1,1,0
"Ahyacinthus01622-RA","Ahyacinthus01622-RA","Ahya","OG_9183",0,1,0
"Ahyacinthus01624-RA","Ahyacinthus01624-RA","Ahya","OG_692",0,1,0
"Ahyacinthus01626-RA","Ahyacinthus01626-RA","Ahya","OG_404",1,1,0
"Ahyacinthus01631-RA","Ahyacinthus01631-RA","Ahya","OG_9294",0,1,0
"Ahyacinthus01635-RA","Ahyacinthus01635-RA","Ahya","OG_130",0,1,1
"Ahyacinthus01636-RA","Ahyacinthus01636-RA","Ahya","OG_9033",0,1,1
"Ahyacinthus01637-RA","Ahyacinthus01637-RA","Ahya","OG_9032",0,1,0
"Ahyacinthus01640-RA","Ahyacinthus01640-RA","Ahya","OG_9313",0,1,0
"Ahyacinthus01642-RA","Ahyacinthus01642-RA","Ahya","OG_12668",0,1,0
"Ahyacinthus01646-RA","Ahyacinthus01646-RA","Ahya","OG_9105",1,1,0
"Ahyacinthus01647-RA","Ahyacinthus01647-RA","Ahya","OG_9103",0,1,0
"Ahyacinthus01648-RA","Ahyacinthus01648-RA","Ahya","OG_9103",0,1,0
"Ahyacinthus01649-RA","Ahyacinthus01649-RA","Ahya","OG_9104",0,1,1
"Ahyacinthus01650-RA","Ahyacinthus01650-RA","Ahya","OG_9101",1,1,0
"Ahyacinthus01651-RA","Ahyacinthus01651-RA","Ahya","OG_9102",1,1,0
"Ahyacinthus01653-RA","Ahyacinthus01653-RA","Ahya","OG_4796",0,1,0
"Ahyacinthus01659-RA","Ahyacinthus01659-RA","Ahya","OG_9068",0,1,0
"Ahyacinthus01661-RA","Ahyacinthus01661-RA","Ahya","OG_9053",0,1,0
"Ahyacinthus01662-RA","Ahyacinthus01662-RA","Ahya","OG_4799",0,1,0
"Ahyacinthus01663-RA","Ahyacinthus01663-RA","Ahya","OG_6060",0,1,0
"Ahyacinthus01664-RA","Ahyacinthus01664-RA","Ahya","OG_9054",0,1,0
"Ahyacinthus01665-RA","Ahyacinthus01665-RA","Ahya","OG_4800",1,1,0
"Ahyacinthus01666-RA","Ahyacinthus01666-RA","Ahya","OG_6061",1,1,0
"Ahyacinthus01667-RA","Ahyacinthus01667-RA","Ahya","OG_5317",1,1,0
"Ahyacinthus01669-RA","Ahyacinthus01669-RA","Ahya","OG_4801",0,1,0
"Ahyacinthus01671-RA","Ahyacinthus01671-RA","Ahya","OG_6062",1,1,1
"Ahyacinthus01673-RA","Ahyacinthus01673-RA","Ahya","OG_9063",0,1,0
"Ahyacinthus01675-RA","Ahyacinthus01675-RA","Ahya","OG_4803",0,1,0
"Ahyacinthus01676-RA","Ahyacinthus01676-RA","Ahya","OG_4802",0,1,0
"Ahyacinthus01677-RA","Ahyacinthus01677-RA","Ahya","OG_9167",0,1,0
"Ahyacinthus01678-RA","Ahyacinthus01678-RA","Ahya","OG_9231",0,1,0
"Ahyacinthus01683-RA","Ahyacinthus01683-RA","Ahya","OG_4804",0,1,0
"Ahyacinthus01684-RA","Ahyacinthus01684-RA","Ahya","OG_4807",0,1,0
"Ahyacinthus01690-RA","Ahyacinthus01690-RA","Ahya","OG_4805",0,1,0
"Ahyacinthus01692-RA","Ahyacinthus01692-RA","Ahya","OG_9280",0,1,0
"Ahyacinthus01693-RA","Ahyacinthus01693-RA","Ahya","OG_4808",0,1,0
"Ahyacinthus01696-RA","Ahyacinthus01696-RA","Ahya","OG_4809",0,1,0
"Ahyacinthus01697-RA","Ahyacinthus01697-RA","Ahya","OG_199",0,1,1
"Ahyacinthus16775-RA","Ahyacinthus16775-RA","Ahya","OG_11653",1,1,0
"Ahyacinthus16776-RA","Ahyacinthus16776-RA","Ahya","OG_717",0,1,0
"Ahyacinthus16780-RA","Ahyacinthus16780-RA","Ahya","OG_11653",1,1,0
"Ahyacinthus16793-RA","Ahyacinthus16793-RA","Ahya","OG_868",1,1,1
"Ahyacinthus16794-RA","Ahyacinthus16794-RA","Ahya","OG_258",0,1,0
"Ahyacinthus16799-RA","Ahyacinthus16799-RA","Ahya","OG_886",0,1,1
"Ahyacinthus16800-RA","Ahyacinthus16800-RA","Ahya","OG_216",1,1,1
"Ahyacinthus16801-RA","Ahyacinthus16801-RA","Ahya","OG_849",0,1,0
"Ahyacinthus16804-RA","Ahyacinthus16804-RA","Ahya","OG_869",0,1,0
"Ahyacinthus16805-RA","Ahyacinthus16805-RA","Ahya","OG_677",0,1,0
"Ahyacinthus16806-RA","Ahyacinthus16806-RA","Ahya","OG_924",0,1,0
"Ahyacinthus16808-RA","Ahyacinthus16808-RA","Ahya","OG_978",1,1,1
"Ahyacinthus16809-RA","Ahyacinthus16809-RA","Ahya","OG_12512",0,1,0
"Ahyacinthus16810-RA","Ahyacinthus16810-RA","Ahya","OG_606",0,1,0
"Ahyacinthus16812-RA","Ahyacinthus16812-RA","Ahya","OG_9546",0,1,0
"Ahyacinthus16813-RA","Ahyacinthus16813-RA","Ahya","OG_905",1,1,1
"Ahyacinthus16816-RA","Ahyacinthus16816-RA","Ahya","OG_459",0,1,0
"Ahyacinthus16818-RA","Ahyacinthus16818-RA","Ahya","OG_153",1,1,0
"Ahyacinthus16820-RA","Ahyacinthus16820-RA","Ahya","OG_892",0,1,0
"Ahyacinthus16821-RA","Ahyacinthus16821-RA","Ahya","OG_867",0,1,1
"Ahyacinthus16822-RA","Ahyacinthus16822-RA","Ahya","OG_1014",0,1,0
"Ahyacinthus16825-RA","Ahyacinthus16825-RA","Ahya","OG_209",0,1,0
"Ahyacinthus16828-RA","Ahyacinthus16828-RA","Ahya","OG_1120",1,1,0
"Ahyacinthus16829-RA","Ahyacinthus16829-RA","Ahya","OG_866",0,1,0
"Ahyacinthus16830-RA","Ahyacinthus16830-RA","Ahya","OG_866",0,1,0
"Ahyacinthus16831-RA","Ahyacinthus16831-RA","Ahya","OG_1253",0,1,0
"Ahyacinthus16834-RA","Ahyacinthus16834-RA","Ahya","OG_170",1,1,1
"Ahyacinthus16835-RA","Ahyacinthus16835-RA","Ahya","OG_170",1,1,1
"Ahyacinthus16838-RA","Ahyacinthus16838-RA","Ahya","OG_961",0,1,0
"Ahyacinthus16839-RA","Ahyacinthus16839-RA","Ahya","OG_5125",1,1,1
"Ahyacinthus16842-RA","Ahyacinthus16842-RA","Ahya","OG_264",0,1,1
"Ahyacinthus16843-RA","Ahyacinthus16843-RA","Ahya","OG_1001",0,1,0
"Ahyacinthus16845-RA","Ahyacinthus16845-RA","Ahya","OG_415",0,1,0
"Ahyacinthus16846-RA","Ahyacinthus16846-RA","Ahya","OG_682",1,1,1
"Ahyacinthus16847-RA","Ahyacinthus16847-RA","Ahya","OG_186",1,1,1
"Ahyacinthus16849-RA","Ahyacinthus16849-RA","Ahya","OG_5126",0,1,0
"Ahyacinthus16851-RA","Ahyacinthus16851-RA","Ahya","OG_811",0,1,0
"Ahyacinthus16853-RA","Ahyacinthus16853-RA","Ahya","OG_867",0,1,1
"Ahyacinthus16859-RA","Ahyacinthus16859-RA","Ahya","OG_168",0,1,1
"Ahyacinthus16863-RA","Ahyacinthus16863-RA","Ahya","OG_771",1,1,1
"Ahyacinthus16875-RA","Ahyacinthus16875-RA","Ahya","OG_6764",0,1,0
"Ahyacinthus16878-RA","Ahyacinthus16878-RA","Ahya","OG_891",0,1,0
"Ahyacinthus16882-RA","Ahyacinthus16882-RA","Ahya","OG_2154",1,1,0
"Ahyacinthus16885-RA","Ahyacinthus16885-RA","Ahya","OG_598",0,1,0
"Ahyacinthus16886-RA","Ahyacinthus16886-RA","Ahya","OG_868",1,1,1
"Ahyacinthus16887-RA","Ahyacinthus16887-RA","Ahya","OG_861",1,1,1
"Ahyacinthus16892-RA","Ahyacinthus16892-RA","Ahya","OG_922",0,1,0
"Ahyacinthus16893-RA","Ahyacinthus16893-RA","Ahya","OG_840",1,1,0
"Ahyacinthus16895-RA","Ahyacinthus16895-RA","Ahya","OG_743",0,1,0
"Ahyacinthus16898-RA","Ahyacinthus16898-RA","Ahya","OG_248",1,1,1
"Ahyacinthus16901-RA","Ahyacinthus16901-RA","Ahya","OG_288",0,1,1
"Ahyacinthus16903-RA","Ahyacinthus16903-RA","Ahya","OG_1066",0,1,0
"Ahyacinthus16904-RA","Ahyacinthus16904-RA","Ahya","OG_568",1,1,1
"Ahyacinthus16905-RA","Ahyacinthus16905-RA","Ahya","OG_771",1,1,1
"Ahyacinthus16906-RA","Ahyacinthus16906-RA","Ahya","OG_867",0,1,1
"Ahyacinthus16908-RA","Ahyacinthus16908-RA","Ahya","OG_415",0,1,0
"Ahyacinthus16911-RA","Ahyacinthus16911-RA","Ahya","OG_978",1,1,1
"Ahyacinthus16912-RA","Ahyacinthus16912-RA","Ahya","OG_1071",0,1,0
"Ahyacinthus16918-RA","Ahyacinthus16918-RA","Ahya","OG_715",0,1,1
"Ahyacinthus16919-RA","Ahyacinthus16919-RA","Ahya","OG_277",0,1,0
"Ahyacinthus16921-RA","Ahyacinthus16921-RA","Ahya","OG_259",0,1,0
"Ahyacinthus16923-RA","Ahyacinthus16923-RA","Ahya","OG_568",1,1,1
"Ahyacinthus16926-RA","Ahyacinthus16926-RA","Ahya","OG_282",0,1,0
"Ahyacinthus16927-RA","Ahyacinthus16927-RA","Ahya","OG_5078",0,1,0
"Ahyacinthus16928-RA","Ahyacinthus16928-RA","Ahya","OG_871",0,1,0
"Ahyacinthus16932-RA","Ahyacinthus16932-RA","Ahya","OG_6347",0,1,0
"Ahyacinthus16933-RA","Ahyacinthus16933-RA","Ahya","OG_153",1,1,0
"Ahyacinthus16935-RA","Ahyacinthus16935-RA","Ahya","OG_5108",0,1,1
"Ahyacinthus16944-RA","Ahyacinthus16944-RA","Ahya","OG_737",1,1,0
"Ahyacinthus16945-RA","Ahyacinthus16945-RA","Ahya","OG_737",1,1,0
"Ahyacinthus16946-RA","Ahyacinthus16946-RA","Ahya","OG_737",1,1,0
"Ahyacinthus16960-RA","Ahyacinthus16960-RA","Ahya","OG_2155",0,1,0
"Ahyacinthus16962-RA","Ahyacinthus16962-RA","Ahya","OG_2156",0,1,0
"Ahyacinthus16963-RA","Ahyacinthus16963-RA","Ahya","OG_1048",0,1,1
"Ahyacinthus16964-RA","Ahyacinthus16964-RA","Ahya","OG_2157",1,1,0
"Ahyacinthus16965-RA","Ahyacinthus16965-RA","Ahya","OG_1084",0,1,0
"Ahyacinthus16966-RA","Ahyacinthus16966-RA","Ahya","OG_716",0,1,1
"Ahyacinthus16968-RA","Ahyacinthus16968-RA","Ahya","OG_948",0,1,1
"Ahyacinthus16970-RA","Ahyacinthus16970-RA","Ahya","OG_913",1,1,0
"Ahyacinthus16972-RA","Ahyacinthus16972-RA","Ahya","OG_333",1,1,1
"Ahyacinthus16976-RA","Ahyacinthus16976-RA","Ahya","OG_802",1,1,0
"Ahyacinthus16977-RA","Ahyacinthus16977-RA","Ahya","OG_469",0,1,0
"Ahyacinthus16980-RA","Ahyacinthus16980-RA","Ahya","OG_11106",0,1,0
"Ahyacinthus16983-RA","Ahyacinthus16983-RA","Ahya","OG_869",0,1,0
"Ahyacinthus16984-RA","Ahyacinthus16984-RA","Ahya","OG_869",0,1,0
"Ahyacinthus16986-RA","Ahyacinthus16986-RA","Ahya","OG_888",0,1,1
"Ahyacinthus16987-RA","Ahyacinthus16987-RA","Ahya","OG_870",0,1,0
"Ahyacinthus16990-RA","Ahyacinthus16990-RA","Ahya","OG_871",0,1,0
"Ahyacinthus16991-RA","Ahyacinthus16991-RA","Ahya","OG_871",0,1,0
"Ahyacinthus16995-RA","Ahyacinthus16995-RA","Ahya","OG_810",0,1,0
"Ahyacinthus16997-RA","Ahyacinthus16997-RA","Ahya","OG_869",0,1,0
"Ahyacinthus16998-RA","Ahyacinthus16998-RA","Ahya","OG_871",0,1,0
"Ahyacinthus16999-RA","Ahyacinthus16999-RA","Ahya","OG_503",0,1,0
"Ahyacinthus17000-RA","Ahyacinthus17000-RA","Ahya","OG_1100",0,1,0
"Ahyacinthus17002-RA","Ahyacinthus17002-RA","Ahya","OG_1066",0,1,0
"Ahyacinthus17003-RA","Ahyacinthus17003-RA","Ahya","OG_2158",0,1,0
"Ahyacinthus17004-RA","Ahyacinthus17004-RA","Ahya","OG_921",1,1,1
"Ahyacinthus17005-RA","Ahyacinthus17005-RA","Ahya","OG_869",0,1,0
"Ahyacinthus17006-RA","Ahyacinthus17006-RA","Ahya","OG_6554",0,1,0
"Ahyacinthus17007-RA","Ahyacinthus17007-RA","Ahya","OG_1168",0,1,0
"Ahyacinthus17011-RA","Ahyacinthus17011-RA","Ahya","OG_692",0,1,0
"Ahyacinthus17012-RA","Ahyacinthus17012-RA","Ahya","OG_1061",0,1,1
"Ahyacinthus17013-RA","Ahyacinthus17013-RA","Ahya","OG_538",0,1,0
"Ahyacinthus17014-RA","Ahyacinthus17014-RA","Ahya","OG_509",0,1,1
"Ahyacinthus17016-RA","Ahyacinthus17016-RA","Ahya","OG_216",1,1,1
"Ahyacinthus17017-RA","Ahyacinthus17017-RA","Ahya","OG_858",0,1,0
"Ahyacinthus17019-RA","Ahyacinthus17019-RA","Ahya","OG_390",0,1,0
"Ahyacinthus17020-RA","Ahyacinthus17020-RA","Ahya","OG_680",1,1,1
"Ahyacinthus17021-RA","Ahyacinthus17021-RA","Ahya","OG_761",1,1,0
"Ahyacinthus17026-RA","Ahyacinthus17026-RA","Ahya","OG_1144",0,1,0
"Ahyacinthus17027-RA","Ahyacinthus17027-RA","Ahya","OG_2159",0,1,0
"Ahyacinthus17031-RA","Ahyacinthus17031-RA","Ahya","OG_286",0,1,1
"Ahyacinthus17032-RA","Ahyacinthus17032-RA","Ahya","OG_264",0,1,1
"Ahyacinthus17044-RA","Ahyacinthus17044-RA","Ahya","OG_353",0,1,0
"Ahyacinthus17045-RA","Ahyacinthus17045-RA","Ahya","OG_871",0,1,0
"Ahyacinthus17050-RA","Ahyacinthus17050-RA","Ahya","OG_680",1,1,1
"Ahyacinthus17053-RA","Ahyacinthus17053-RA","Ahya","OG_901",0,1,1
"Ahyacinthus17061-RA","Ahyacinthus17061-RA","Ahya","OG_1322",0,1,0
"Ahyacinthus17062-RA","Ahyacinthus17062-RA","Ahya","OG_818",1,1,0
"Ahyacinthus17063-RA","Ahyacinthus17063-RA","Ahya","OG_515",0,1,0
"Ahyacinthus17072-RA","Ahyacinthus17072-RA","Ahya","OG_369",1,1,1
"Ahyacinthus17077-RA","Ahyacinthus17077-RA","Ahya","OG_242",1,1,0
"Ahyacinthus17078-RA","Ahyacinthus17078-RA","Ahya","OG_1034",0,1,0
"Ahyacinthus17080-RA","Ahyacinthus17080-RA","Ahya","OG_872",0,1,0
"Ahyacinthus17082-RA","Ahyacinthus17082-RA","Ahya","OG_459",0,1,0
"Ahyacinthus17081-RA","Ahyacinthus17081-RA","Ahya","OG_887",0,1,0
"Ahyacinthus17093-RA","Ahyacinthus17093-RA","Ahya","OG_12544",0,1,0
"Ahyacinthus17095-RA","Ahyacinthus17095-RA","Ahya","OG_12545",0,1,0
"Ahyacinthus17097-RA","Ahyacinthus17097-RA","Ahya","OG_12548",0,1,0
"Ahyacinthus17099-RA","Ahyacinthus17099-RA","Ahya","OG_12549",0,1,0
"Ahyacinthus17100-RA","Ahyacinthus17100-RA","Ahya","OG_4990",0,1,0
"Ahyacinthus17110-RA","Ahyacinthus17110-RA","Ahya","OG_6016",1,1,0
"Ahyacinthus17113-RA","Ahyacinthus17113-RA","Ahya","OG_242",1,1,0
"Ahyacinthus17120-RA","Ahyacinthus17120-RA","Ahya","OG_1034",0,1,0
"Ahyacinthus17121-RA","Ahyacinthus17121-RA","Ahya","OG_12726",0,1,0
"Ahyacinthus17123-RA","Ahyacinthus17123-RA","Ahya","OG_12551",0,1,0
"Ahyacinthus17125-RA","Ahyacinthus17125-RA","Ahya","OG_1041",0,1,1
"Ahyacinthus17126-RA","Ahyacinthus17126-RA","Ahya","OG_1567",0,1,0
"Ahyacinthus17128-RA","Ahyacinthus17128-RA","Ahya","OG_12339",0,1,0
"Ahyacinthus17129-RA","Ahyacinthus17129-RA","Ahya","OG_12339",0,1,0
"Ahyacinthus17132-RA","Ahyacinthus17132-RA","Ahya","OG_741",1,1,1
"Ahyacinthus17133-RA","Ahyacinthus17133-RA","Ahya","OG_225",0,1,0
"Ahyacinthus17138-RA","Ahyacinthus17138-RA","Ahya","OG_6515",1,1,1
"Ahyacinthus17142-RA","Ahyacinthus17142-RA","Ahya","OG_7656",1,1,0
"Ahyacinthus17169-RA","Ahyacinthus17169-RA","Ahya","OG_4923",0,1,0
"Ahyacinthus17171-RA","Ahyacinthus17171-RA","Ahya","OG_2166",0,1,0
"Ahyacinthus17185-RA","Ahyacinthus17185-RA","Ahya","OG_2167",0,1,0
"Ahyacinthus17192-RA","Ahyacinthus17192-RA","Ahya","OG_7681",0,1,0
"Ahyacinthus17193-RA","Ahyacinthus17193-RA","Ahya","OG_2168",0,1,0
"Ahyacinthus17201-RA","Ahyacinthus17201-RA","Ahya","OG_7673",0,1,0
"Ahyacinthus17203-RA","Ahyacinthus17203-RA","Ahya","OG_7674",0,1,0
"Ahyacinthus17209-RA","Ahyacinthus17209-RA","Ahya","OG_487",0,1,1
"Ahyacinthus17214-RA","Ahyacinthus17214-RA","Ahya","OG_2170",0,1,0
"Ahyacinthus17219-RA","Ahyacinthus17219-RA","Ahya","OG_2172",0,1,1
"Ahyacinthus17221-RA","Ahyacinthus17221-RA","Ahya","OG_12713",0,1,0
"Ahyacinthus17225-RA","Ahyacinthus17225-RA","Ahya","OG_422",0,1,0
"Ahyacinthus17228-RA","Ahyacinthus17228-RA","Ahya","OG_6966",0,1,0
"Ahyacinthus17231-RA","Ahyacinthus17231-RA","Ahya","OG_1014",0,1,0
"Ahyacinthus17232-RA","Ahyacinthus17232-RA","Ahya","OG_434",0,1,1
"Ahyacinthus17237-RA","Ahyacinthus17237-RA","Ahya","OG_6965",0,1,0
"Ahyacinthus17239-RA","Ahyacinthus17239-RA","Ahya","OG_6966",0,1,0
"Ahyacinthus17244-RA","Ahyacinthus17244-RA","Ahya","OG_7419",0,1,0
"Ahyacinthus17249-RA","Ahyacinthus17249-RA","Ahya","OG_2176",0,1,0
"Ahyacinthus17250-RA","Ahyacinthus17250-RA","Ahya","OG_2177",1,1,0
"Ahyacinthus17269-RA","Ahyacinthus17269-RA","Ahya","OG_2178",0,1,0
"Ahyacinthus17270-RA","Ahyacinthus17270-RA","Ahya","OG_2180",0,1,0
"Ahyacinthus17272-RA","Ahyacinthus17272-RA","Ahya","OG_2179",1,1,0
"Ahyacinthus17271-RA","Ahyacinthus17271-RA","Ahya","OG_7392",0,1,0
"Ahyacinthus17273-RA","Ahyacinthus17273-RA","Ahya","OG_2181",0,1,0
"Ahyacinthus17276-RA","Ahyacinthus17276-RA","Ahya","OG_6223",1,1,0
"Ahyacinthus17278-RA","Ahyacinthus17278-RA","Ahya","OG_7430",0,1,0
"Ahyacinthus17281-RA","Ahyacinthus17281-RA","Ahya","OG_7473",0,1,0
"Ahyacinthus17285-RA","Ahyacinthus17285-RA","Ahya","OG_7474",0,1,0
"Ahyacinthus17286-RA","Ahyacinthus17286-RA","Ahya","OG_7475",0,1,0
"Ahyacinthus17289-RA","Ahyacinthus17289-RA","Ahya","OG_2186",1,1,0
"Ahyacinthus17290-RA","Ahyacinthus17290-RA","Ahya","OG_1218",0,1,0
"Ahyacinthus17291-RA","Ahyacinthus17291-RA","Ahya","OG_7513",0,1,0
"Ahyacinthus17292-RA","Ahyacinthus17292-RA","Ahya","OG_7514",0,1,0
"Ahyacinthus17293-RA","Ahyacinthus17293-RA","Ahya","OG_6489",0,1,0
"Ahyacinthus17294-RA","Ahyacinthus17294-RA","Ahya","OG_2184",0,1,0
"Ahyacinthus17297-RA","Ahyacinthus17297-RA","Ahya","OG_6013",1,1,0
"Ahyacinthus17300-RA","Ahyacinthus17300-RA","Ahya","OG_2189",0,1,0
"Ahyacinthus17302-RA","Ahyacinthus17302-RA","Ahya","OG_2187",1,1,0
"Ahyacinthus17306-RA","Ahyacinthus17306-RA","Ahya","OG_2188",0,1,0
"Ahyacinthus17307-RA","Ahyacinthus17307-RA","Ahya","OG_7653",0,1,0
"Ahyacinthus17310-RA","Ahyacinthus17310-RA","Ahya","OG_7439",0,1,0
"Ahyacinthus17311-RA","Ahyacinthus17311-RA","Ahya","OG_2190",0,1,0
"Ahyacinthus17313-RA","Ahyacinthus17313-RA","Ahya","OG_12719",1,1,0
"Ahyacinthus17314-RA","Ahyacinthus17314-RA","Ahya","OG_7667",0,1,0
"Ahyacinthus17315-RA","Ahyacinthus17315-RA","Ahya","OG_7533",0,1,0
"Ahyacinthus17316-RA","Ahyacinthus17316-RA","Ahya","OG_3674",0,1,0
"Ahyacinthus17321-RA","Ahyacinthus17321-RA","Ahya","OG_1050",0,1,1
"Ahyacinthus17322-RA","Ahyacinthus17322-RA","Ahya","OG_7681",0,1,0
"Ahyacinthus17325-RA","Ahyacinthus17325-RA","Ahya","OG_7678",0,1,0
"Ahyacinthus17326-RA","Ahyacinthus17326-RA","Ahya","OG_2191",0,1,0
"Ahyacinthus17327-RA","Ahyacinthus17327-RA","Ahya","OG_150",1,1,1
"Ahyacinthus17328-RA","Ahyacinthus17328-RA","Ahya","OG_7409",0,1,0
"Ahyacinthus17330-RA","Ahyacinthus17330-RA","Ahya","OG_874",1,1,0
"Ahyacinthus17333-RA","Ahyacinthus17333-RA","Ahya","OG_874",1,1,0
"Ahyacinthus17340-RA","Ahyacinthus17340-RA","Ahya","OG_7413",0,1,0
"Ahyacinthus17346-RA","Ahyacinthus17346-RA","Ahya","OG_2192",0,1,1
"Ahyacinthus17347-RA","Ahyacinthus17347-RA","Ahya","OG_7523",1,1,1
"Ahyacinthus17348-RA","Ahyacinthus17348-RA","Ahya","OG_7524",0,1,0
"Ahyacinthus17349-RA","Ahyacinthus17349-RA","Ahya","OG_7408",0,1,0
"Ahyacinthus17352-RA","Ahyacinthus17352-RA","Ahya","OG_7639",0,1,0
"Ahyacinthus17354-RA","Ahyacinthus17354-RA","Ahya","OG_2194",0,1,0
"Ahyacinthus17356-RA","Ahyacinthus17356-RA","Ahya","OG_7642",1,1,0
"Ahyacinthus17360-RA","Ahyacinthus17360-RA","Ahya","OG_6016",1,1,0
"Ahyacinthus17365-RA","Ahyacinthus17365-RA","Ahya","OG_1248",1,1,0
"Ahyacinthus17366-RA","Ahyacinthus17366-RA","Ahya","OG_6500",1,1,1
"Ahyacinthus17367-RA","Ahyacinthus17367-RA","Ahya","OG_6499",0,1,0
"Ahyacinthus17378-RA","Ahyacinthus17378-RA","Ahya","OG_7455",1,1,0
"Ahyacinthus17379-RA","Ahyacinthus17379-RA","Ahya","OG_512",1,1,0
"Ahyacinthus17386-RA","Ahyacinthus17386-RA","Ahya","OG_2197",0,1,0
"Ahyacinthus17390-RA","Ahyacinthus17390-RA","Ahya","OG_6018",1,1,0
"Ahyacinthus17391-RA","Ahyacinthus17391-RA","Ahya","OG_7650",0,1,0
"Ahyacinthus17392-RA","Ahyacinthus17392-RA","Ahya","OG_7647",0,1,0
"Ahyacinthus17396-RA","Ahyacinthus17396-RA","Ahya","OG_2200",0,1,1
"Ahyacinthus17400-RA","Ahyacinthus17400-RA","Ahya","OG_7668",1,1,0
"Ahyacinthus17401-RA","Ahyacinthus17401-RA","Ahya","OG_7560",0,1,0
"Ahyacinthus17403-RA","Ahyacinthus17403-RA","Ahya","OG_244",0,1,0
"Ahyacinthus17407-RA","Ahyacinthus17407-RA","Ahya","OG_12721",1,1,0
"Ahyacinthus17411-RA","Ahyacinthus17411-RA","Ahya","OG_5442",0,1,0
"Ahyacinthus17419-RA","Ahyacinthus17419-RA","Ahya","OG_7422",0,1,0
"Ahyacinthus17420-RA","Ahyacinthus17420-RA","Ahya","OG_5105",0,1,0
"Ahyacinthus17423-RA","Ahyacinthus17423-RA","Ahya","OG_7498",1,1,1
"Ahyacinthus17427-RA","Ahyacinthus17427-RA","Ahya","OG_6492",1,1,0
"Ahyacinthus17428-RA","Ahyacinthus17428-RA","Ahya","OG_7458",0,1,0
"Ahyacinthus17429-RA","Ahyacinthus17429-RA","Ahya","OG_2205",1,1,0
"Ahyacinthus17435-RA","Ahyacinthus17435-RA","Ahya","OG_2206",0,1,0
"Ahyacinthus17437-RA","Ahyacinthus17437-RA","Ahya","OG_2206",0,1,0
"Ahyacinthus17443-RA","Ahyacinthus17443-RA","Ahya","OG_476",0,1,0
"Ahyacinthus17449-RA","Ahyacinthus17449-RA","Ahya","OG_2208",0,1,0
"Ahyacinthus17452-RA","Ahyacinthus17452-RA","Ahya","OG_7468",0,1,0
"Ahyacinthus17453-RA","Ahyacinthus17453-RA","Ahya","OG_6014",0,1,1
"Ahyacinthus17454-RA","Ahyacinthus17454-RA","Ahya","OG_7540",0,1,0
"Ahyacinthus17455-RA","Ahyacinthus17455-RA","Ahya","OG_7610",0,1,0
"Ahyacinthus17457-RA","Ahyacinthus17457-RA","Ahya","OG_705",0,1,0
"Ahyacinthus17463-RA","Ahyacinthus17463-RA","Ahya","OG_460",0,1,1
"Ahyacinthus17466-RA","Ahyacinthus17466-RA","Ahya","OG_218",1,1,1
"Ahyacinthus17473-RA","Ahyacinthus17473-RA","Ahya","OG_7390",1,1,0
"Ahyacinthus17476-RA","Ahyacinthus17476-RA","Ahya","OG_7661",1,1,0
"Ahyacinthus17478-RA","Ahyacinthus17478-RA","Ahya","OG_7538",0,1,0
"Ahyacinthus17479-RA","Ahyacinthus17479-RA","Ahya","OG_7662",1,1,0
"Ahyacinthus17482-RA","Ahyacinthus17482-RA","Ahya","OG_7472",0,1,0
"Ahyacinthus17487-RA","Ahyacinthus17487-RA","Ahya","OG_7405",0,1,0
"Ahyacinthus17488-RA","Ahyacinthus17488-RA","Ahya","OG_2214",0,1,0
"Ahyacinthus17492-RA","Ahyacinthus17492-RA","Ahya","OG_7484",1,1,0
"Ahyacinthus17495-RA","Ahyacinthus17495-RA","Ahya","OG_7486",0,1,1
"Ahyacinthus17496-RA","Ahyacinthus17496-RA","Ahya","OG_7599",0,1,0
"Ahyacinthus17498-RA","Ahyacinthus17498-RA","Ahya","OG_7536",0,1,0
"Ahyacinthus17499-RA","Ahyacinthus17499-RA","Ahya","OG_6505",0,1,0
"Ahyacinthus17503-RA","Ahyacinthus17503-RA","Ahya","OG_2215",0,1,0
"Ahyacinthus17505-RA","Ahyacinthus17505-RA","Ahya","OG_7630",0,1,0
"Ahyacinthus17509-RA","Ahyacinthus17509-RA","Ahya","OG_7608",0,1,0
"Ahyacinthus17510-RA","Ahyacinthus17510-RA","Ahya","OG_7608",0,1,0
"Ahyacinthus17511-RA","Ahyacinthus17511-RA","Ahya","OG_12712",0,1,0
"Ahyacinthus17512-RA","Ahyacinthus17512-RA","Ahya","OG_7677",0,1,0
"Ahyacinthus17514-RA","Ahyacinthus17514-RA","Ahya","OG_7575",0,1,0
"Ahyacinthus17515-RA","Ahyacinthus17515-RA","Ahya","OG_7576",0,1,0
"Ahyacinthus17516-RA","Ahyacinthus17516-RA","Ahya","OG_6532",0,1,0
"Ahyacinthus17523-RA","Ahyacinthus17523-RA","Ahya","OG_7400",0,1,0
"Ahyacinthus17525-RA","Ahyacinthus17525-RA","Ahya","OG_7638",0,1,0
"Ahyacinthus17526-RA","Ahyacinthus17526-RA","Ahya","OG_2220",0,1,0
"Ahyacinthus17527-RA","Ahyacinthus17527-RA","Ahya","OG_2219",0,1,0
"Ahyacinthus17528-RA","Ahyacinthus17528-RA","Ahya","OG_1001",0,1,0
"Ahyacinthus17529-RA","Ahyacinthus17529-RA","Ahya","OG_396",1,1,0
"Ahyacinthus17531-RA","Ahyacinthus17531-RA","Ahya","OG_7666",0,1,0
"Ahyacinthus17533-RA","Ahyacinthus17533-RA","Ahya","OG_7444",0,1,0
"Ahyacinthus17536-RA","Ahyacinthus17536-RA","Ahya","OG_652",0,1,1
"Ahyacinthus17540-RA","Ahyacinthus17540-RA","Ahya","OG_2221",0,1,0
"Ahyacinthus17545-RA","Ahyacinthus17545-RA","Ahya","OG_242",1,1,0
"Ahyacinthus17546-RA","Ahyacinthus17546-RA","Ahya","OG_242",1,1,0
"Ahyacinthus17548-RA","Ahyacinthus17548-RA","Ahya","OG_242",1,1,0
"Ahyacinthus17553-RA","Ahyacinthus17553-RA","Ahya","OG_5443",0,1,1
"Ahyacinthus17557-RA","Ahyacinthus17557-RA","Ahya","OG_1402",0,1,1
"Ahyacinthus17560-RA","Ahyacinthus17560-RA","Ahya","OG_7469",0,1,0
"Ahyacinthus17562-RA","Ahyacinthus17562-RA","Ahya","OG_7539",0,1,1
"Ahyacinthus17565-RA","Ahyacinthus17565-RA","Ahya","OG_7491",0,1,0
"Ahyacinthus17571-RA","Ahyacinthus17571-RA","Ahya","OG_7471",0,1,0
"Ahyacinthus17578-RA","Ahyacinthus17578-RA","Ahya","OG_12546",1,1,0
"Ahyacinthus17579-RA","Ahyacinthus17579-RA","Ahya","OG_905",1,1,1
"Ahyacinthus17581-RA","Ahyacinthus17581-RA","Ahya","OG_998",1,1,0
"Ahyacinthus17583-RA","Ahyacinthus17583-RA","Ahya","OG_2231",0,1,0
"Ahyacinthus17595-RA","Ahyacinthus17595-RA","Ahya","OG_12428",0,1,0
"Ahyacinthus17604-RA","Ahyacinthus17604-RA","Ahya","OG_6273",0,1,0
"Ahyacinthus17605-RA","Ahyacinthus17605-RA","Ahya","OG_5431",0,1,0
"Ahyacinthus17606-RA","Ahyacinthus17606-RA","Ahya","OG_7495",0,1,0
"Ahyacinthus17607-RA","Ahyacinthus17607-RA","Ahya","OG_7496",0,1,0
"Ahyacinthus17608-RA","Ahyacinthus17608-RA","Ahya","OG_7497",0,1,0
"Ahyacinthus17613-RA","Ahyacinthus17613-RA","Ahya","OG_5441",0,1,0
"Ahyacinthus17633-RA","Ahyacinthus17633-RA","Ahya","OG_2234",0,1,0
"Ahyacinthus17647-RA","Ahyacinthus17647-RA","Ahya","OG_7581",0,1,1
"Ahyacinthus17648-RA","Ahyacinthus17648-RA","Ahya","OG_5444",0,1,0
"Ahyacinthus17649-RA","Ahyacinthus17649-RA","Ahya","OG_1400",0,1,0
"Ahyacinthus17656-RA","Ahyacinthus17656-RA","Ahya","OG_680",1,1,1
"Ahyacinthus17658-RA","Ahyacinthus17658-RA","Ahya","OG_2239",1,1,0
"Ahyacinthus17660-RA","Ahyacinthus17660-RA","Ahya","OG_1239",1,1,0
"Ahyacinthus17662-RA","Ahyacinthus17662-RA","Ahya","OG_2241",1,1,1
"Ahyacinthus17663-RA","Ahyacinthus17663-RA","Ahya","OG_7501",1,1,0
"Ahyacinthus17664-RA","Ahyacinthus17664-RA","Ahya","OG_6481",0,1,0
"Ahyacinthus17666-RA","Ahyacinthus17666-RA","Ahya","OG_2242",0,1,0
"Ahyacinthus17668-RA","Ahyacinthus17668-RA","Ahya","OG_2243",0,1,0
"Ahyacinthus17669-RA","Ahyacinthus17669-RA","Ahya","OG_7602",0,1,0
"Ahyacinthus17673-RA","Ahyacinthus17673-RA","Ahya","OG_7671",0,1,0
"Ahyacinthus17676-RA","Ahyacinthus17676-RA","Ahya","OG_7672",0,1,0
"Ahyacinthus17678-RA","Ahyacinthus17678-RA","Ahya","OG_7563",0,1,0
"Ahyacinthus17679-RA","Ahyacinthus17679-RA","Ahya","OG_2246",0,1,0
"Ahyacinthus17680-RA","Ahyacinthus17680-RA","Ahya","OG_7563",0,1,0
"Ahyacinthus17682-RA","Ahyacinthus17682-RA","Ahya","OG_1366",1,1,0
"Ahyacinthus17685-RA","Ahyacinthus17685-RA","Ahya","OG_1337",0,1,0
"Ahyacinthus17691-RA","Ahyacinthus17691-RA","Ahya","OG_7450",0,1,0
"Ahyacinthus17693-RA","Ahyacinthus17693-RA","Ahya","OG_7416",1,1,0
"Ahyacinthus17699-RA","Ahyacinthus17699-RA","Ahya","OG_5437",1,1,0
"Ahyacinthus17700-RA","Ahyacinthus17700-RA","Ahya","OG_2250",0,1,0
"Ahyacinthus17701-RA","Ahyacinthus17701-RA","Ahya","OG_2251",0,1,0
"Ahyacinthus17702-RA","Ahyacinthus17702-RA","Ahya","OG_818",1,1,0
"Ahyacinthus17703-RA","Ahyacinthus17703-RA","Ahya","OG_818",1,1,0
"Ahyacinthus17704-RA","Ahyacinthus17704-RA","Ahya","OG_2252",0,1,0
"Ahyacinthus17709-RA","Ahyacinthus17709-RA","Ahya","OG_2254",0,1,0
"Ahyacinthus17710-RA","Ahyacinthus17710-RA","Ahya","OG_7467",0,1,0
"Ahyacinthus17715-RA","Ahyacinthus17715-RA","Ahya","OG_2258",0,1,0
"Ahyacinthus17719-RA","Ahyacinthus17719-RA","Ahya","OG_875",0,1,0
"Ahyacinthus17730-RA","Ahyacinthus17730-RA","Ahya","OG_228",1,1,0
"Ahyacinthus17731-RA","Ahyacinthus17731-RA","Ahya","OG_228",1,1,0
"Ahyacinthus17734-RA","Ahyacinthus17734-RA","Ahya","OG_228",1,1,0
"Ahyacinthus17738-RA","Ahyacinthus17738-RA","Ahya","OG_2259",0,1,0
"Ahyacinthus17741-RA","Ahyacinthus17741-RA","Ahya","OG_6037",0,1,0
"Ahyacinthus17743-RA","Ahyacinthus17743-RA","Ahya","OG_7427",0,1,0
"Ahyacinthus17749-RA","Ahyacinthus17749-RA","Ahya","OG_2262",0,1,0
"Ahyacinthus17750-RA","Ahyacinthus17750-RA","Ahya","OG_7488",1,1,0
"Ahyacinthus17755-RA","Ahyacinthus17755-RA","Ahya","OG_2264",1,1,0
"Ahyacinthus17760-RA","Ahyacinthus17760-RA","Ahya","OG_159",0,1,1
"Ahyacinthus17763-RA","Ahyacinthus17763-RA","Ahya","OG_5097",0,1,0
"Ahyacinthus17766-RA","Ahyacinthus17766-RA","Ahya","OG_6509",0,1,0
"Ahyacinthus17778-RA","Ahyacinthus17778-RA","Ahya","OG_7683",0,1,0
"Ahyacinthus17780-RA","Ahyacinthus17780-RA","Ahya","OG_2268",0,1,0
"Ahyacinthus17790-RA","Ahyacinthus17790-RA","Ahya","OG_2270",0,1,0
"Ahyacinthus17793-RA","Ahyacinthus17793-RA","Ahya","OG_7509",0,1,0
"Ahyacinthus17794-RA","Ahyacinthus17794-RA","Ahya","OG_7519",0,1,0
"Ahyacinthus17795-RA","Ahyacinthus17795-RA","Ahya","OG_7516",0,1,0
"Ahyacinthus17797-RA","Ahyacinthus17797-RA","Ahya","OG_7510",1,1,0
"Ahyacinthus17800-RA","Ahyacinthus17800-RA","Ahya","OG_10147",0,1,0
"Ahyacinthus17801-RA","Ahyacinthus17801-RA","Ahya","OG_2272",0,1,0
"Ahyacinthus17802-RA","Ahyacinthus17802-RA","Ahya","OG_2271",0,1,0
"Ahyacinthus17803-RA","Ahyacinthus17803-RA","Ahya","OG_2273",0,1,0
"Ahyacinthus17807-RA","Ahyacinthus17807-RA","Ahya","OG_964",0,1,0
"Ahyacinthus17809-RA","Ahyacinthus17809-RA","Ahya","OG_316",0,1,0
"Ahyacinthus17814-RA","Ahyacinthus17814-RA","Ahya","OG_7606",0,1,0
"Ahyacinthus17821-RA","Ahyacinthus17821-RA","Ahya","OG_7410",0,1,0
"Ahyacinthus17823-RA","Ahyacinthus17823-RA","Ahya","OG_2274",0,1,0
"Ahyacinthus17826-RA","Ahyacinthus17826-RA","Ahya","OG_7549",0,1,0
"Ahyacinthus17828-RA","Ahyacinthus17828-RA","Ahya","OG_7436",0,1,0
"Ahyacinthus17835-RA","Ahyacinthus17835-RA","Ahya","OG_7511",0,1,0
"Ahyacinthus17840-RA","Ahyacinthus17840-RA","Ahya","OG_2279",0,1,0
"Ahyacinthus17842-RA","Ahyacinthus17842-RA","Ahya","OG_7586",1,1,0
"Ahyacinthus17843-RA","Ahyacinthus17843-RA","Ahya","OG_7548",0,1,0
"Ahyacinthus17846-RA","Ahyacinthus17846-RA","Ahya","OG_2282",0,1,1
"Ahyacinthus17858-RA","Ahyacinthus17858-RA","Ahya","OG_2283",1,1,0
"Ahyacinthus17873-RA","Ahyacinthus17873-RA","Ahya","OG_6518",0,1,0
"Ahyacinthus17874-RA","Ahyacinthus17874-RA","Ahya","OG_7395",1,1,0
"Ahyacinthus17878-RA","Ahyacinthus17878-RA","Ahya","OG_7585",0,1,0
"Ahyacinthus17879-RA","Ahyacinthus17879-RA","Ahya","OG_7585",0,1,0
"Ahyacinthus17884-RA","Ahyacinthus17884-RA","Ahya","OG_7632",1,1,0
"Ahyacinthus17885-RA","Ahyacinthus17885-RA","Ahya","OG_6020",0,1,0
"Ahyacinthus17886-RA","Ahyacinthus17886-RA","Ahya","OG_165",1,1,1
"Ahyacinthus17887-RA","Ahyacinthus17887-RA","Ahya","OG_242",1,1,0
"Ahyacinthus17894-RA","Ahyacinthus17894-RA","Ahya","OG_5425",0,1,0
"Ahyacinthus17896-RA","Ahyacinthus17896-RA","Ahya","OG_2286",0,1,1
"Ahyacinthus17897-RA","Ahyacinthus17897-RA","Ahya","OG_2286",0,1,1
"Ahyacinthus17898-RA","Ahyacinthus17898-RA","Ahya","OG_879",1,1,1
"Ahyacinthus17901-RA","Ahyacinthus17901-RA","Ahya","OG_2287",0,1,0
"Ahyacinthus17902-RA","Ahyacinthus17902-RA","Ahya","OG_7447",0,1,0
"Ahyacinthus17903-RA","Ahyacinthus17903-RA","Ahya","OG_7448",0,1,0
"Ahyacinthus17914-RA","Ahyacinthus17914-RA","Ahya","OG_242",1,1,0
"Ahyacinthus17915-RA","Ahyacinthus17915-RA","Ahya","OG_773",1,1,1
"Ahyacinthus17916-RA","Ahyacinthus17916-RA","Ahya","OG_242",1,1,0
"Ahyacinthus17917-RA","Ahyacinthus17917-RA","Ahya","OG_242",1,1,0
"Ahyacinthus17919-RA","Ahyacinthus17919-RA","Ahya","OG_242",1,1,0
"Ahyacinthus17927-RA","Ahyacinthus17927-RA","Ahya","OG_7456",1,1,1
"Ahyacinthus17928-RA","Ahyacinthus17928-RA","Ahya","OG_7456",1,1,1
"Ahyacinthus17930-RA","Ahyacinthus17930-RA","Ahya","OG_2290",0,1,0
"Ahyacinthus17931-RA","Ahyacinthus17931-RA","Ahya","OG_7507",1,1,0
"Ahyacinthus17932-RA","Ahyacinthus17932-RA","Ahya","OG_7508",0,1,0
"Ahyacinthus17934-RA","Ahyacinthus17934-RA","Ahya","OG_7507",1,1,0
"Ahyacinthus17936-RA","Ahyacinthus17936-RA","Ahya","OG_6512",1,1,0
"Ahyacinthus17937-RA","Ahyacinthus17937-RA","Ahya","OG_2291",0,1,0
"Ahyacinthus17946-RA","Ahyacinthus17946-RA","Ahya","OG_2344",0,1,0
"Ahyacinthus17949-RA","Ahyacinthus17949-RA","Ahya","OG_2344",0,1,0
"Ahyacinthus17960-RA","Ahyacinthus17960-RA","Ahya","OG_400",1,1,0
"Ahyacinthus17959-RA","Ahyacinthus17959-RA","Ahya","OG_2293",0,1,0
"Ahyacinthus17965-RA","Ahyacinthus17965-RA","Ahya","OG_7520",1,1,0
"Ahyacinthus17966-RA","Ahyacinthus17966-RA","Ahya","OG_7505",0,1,0
"Ahyacinthus17967-RA","Ahyacinthus17967-RA","Ahya","OG_7504",0,1,0
"Ahyacinthus17968-RA","Ahyacinthus17968-RA","Ahya","OG_7603",0,1,0
"Ahyacinthus17972-RA","Ahyacinthus17972-RA","Ahya","OG_228",1,1,0
"Ahyacinthus17973-RA","Ahyacinthus17973-RA","Ahya","OG_2296",0,1,0
"Ahyacinthus17984-RA","Ahyacinthus17984-RA","Ahya","OG_12746",0,1,1
"Ahyacinthus17990-RA","Ahyacinthus17990-RA","Ahya","OG_871",0,1,0
"Ahyacinthus17994-RA","Ahyacinthus17994-RA","Ahya","OG_6368",0,1,1
"Ahyacinthus17995-RA","Ahyacinthus17995-RA","Ahya","OG_1186",0,1,0
"Ahyacinthus17996-RA","Ahyacinthus17996-RA","Ahya","OG_1186",0,1,0
"Ahyacinthus18004-RA","Ahyacinthus18004-RA","Ahya","OG_1076",1,1,1
"Ahyacinthus18005-RA","Ahyacinthus18005-RA","Ahya","OG_6368",0,1,1
"Ahyacinthus18006-RA","Ahyacinthus18006-RA","Ahya","OG_746",0,1,1
"Ahyacinthus18007-RA","Ahyacinthus18007-RA","Ahya","OG_5145",0,1,0
"Ahyacinthus18008-RA","Ahyacinthus18008-RA","Ahya","OG_5071",0,1,1
"Ahyacinthus18009-RA","Ahyacinthus18009-RA","Ahya","OG_5071",0,1,1
"Ahyacinthus18010-RA","Ahyacinthus18010-RA","Ahya","OG_287",1,1,1
"Ahyacinthus18012-RA","Ahyacinthus18012-RA","Ahya","OG_12355",0,1,1
"Ahyacinthus18014-RA","Ahyacinthus18014-RA","Ahya","OG_990",0,1,0
"Ahyacinthus18018-RA","Ahyacinthus18018-RA","Ahya","OG_7426",0,1,0
"Ahyacinthus18020-RA","Ahyacinthus18020-RA","Ahya","OG_2297",0,1,0
"Ahyacinthus18021-RA","Ahyacinthus18021-RA","Ahya","OG_2298",0,1,0
"Ahyacinthus18022-RA","Ahyacinthus18022-RA","Ahya","OG_7609",1,1,1
"Ahyacinthus18023-RA","Ahyacinthus18023-RA","Ahya","OG_4994",1,1,0
"Ahyacinthus18025-RA","Ahyacinthus18025-RA","Ahya","OG_895",1,1,1
"Ahyacinthus18030-RA","Ahyacinthus18030-RA","Ahya","OG_851",1,1,0
"Ahyacinthus18032-RA","Ahyacinthus18032-RA","Ahya","OG_694",0,1,0
"Ahyacinthus18035-RA","Ahyacinthus18035-RA","Ahya","OG_764",0,1,0
"Ahyacinthus18036-RA","Ahyacinthus18036-RA","Ahya","OG_353",0,1,0
"Ahyacinthus18037-RA","Ahyacinthus18037-RA","Ahya","OG_388",0,1,0
"Ahyacinthus18046-RA","Ahyacinthus18046-RA","Ahya","OG_1226",1,1,0
"Ahyacinthus18051-RA","Ahyacinthus18051-RA","Ahya","OG_960",0,1,0
"Ahyacinthus18052-RA","Ahyacinthus18052-RA","Ahya","OG_12355",0,1,1
"Ahyacinthus18053-RA","Ahyacinthus18053-RA","Ahya","OG_462",0,1,0
"Ahyacinthus18055-RA","Ahyacinthus18055-RA","Ahya","OG_1137",0,1,0
"Ahyacinthus18061-RA","Ahyacinthus18061-RA","Ahya","OG_1031",0,1,1
"Ahyacinthus18062-RA","Ahyacinthus18062-RA","Ahya","OG_1026",0,1,0
"Ahyacinthus18064-RA","Ahyacinthus18064-RA","Ahya","OG_208",0,1,1
"Ahyacinthus18065-RA","Ahyacinthus18065-RA","Ahya","OG_743",0,1,0
"Ahyacinthus18066-RA","Ahyacinthus18066-RA","Ahya","OG_277",0,1,0
"Ahyacinthus18067-RA","Ahyacinthus18067-RA","Ahya","OG_277",0,1,0
"Ahyacinthus18068-RA","Ahyacinthus18068-RA","Ahya","OG_277",0,1,0
"Ahyacinthus18069-RA","Ahyacinthus18069-RA","Ahya","OG_867",0,1,1
"Ahyacinthus18077-RA","Ahyacinthus18077-RA","Ahya","OG_1158",0,1,0
"Ahyacinthus18081-RA","Ahyacinthus18081-RA","Ahya","OG_868",1,1,1
"Ahyacinthus18083-RA","Ahyacinthus18083-RA","Ahya","OG_170",1,1,1
"Ahyacinthus18090-RA","Ahyacinthus18090-RA","Ahya","OG_868",1,1,1
"Ahyacinthus18097-RA","Ahyacinthus18097-RA","Ahya","OG_369",1,1,1
"Ahyacinthus18098-RA","Ahyacinthus18098-RA","Ahya","OG_802",1,1,0
"Ahyacinthus18099-RA","Ahyacinthus18099-RA","Ahya","OG_879",1,1,1
"Ahyacinthus18101-RA","Ahyacinthus18101-RA","Ahya","OG_369",1,1,1
"Ahyacinthus18103-RA","Ahyacinthus18103-RA","Ahya","OG_333",1,1,1
"Ahyacinthus18106-RA","Ahyacinthus18106-RA","Ahya","OG_868",1,1,1
"Ahyacinthus18109-RA","Ahyacinthus18109-RA","Ahya","OG_1050",0,1,1
"Ahyacinthus18112-RA","Ahyacinthus18112-RA","Ahya","OG_876",0,1,1
"Ahyacinthus18113-RA","Ahyacinthus18113-RA","Ahya","OG_421",0,1,1
"Ahyacinthus18118-RA","Ahyacinthus18118-RA","Ahya","OG_248",1,1,1
"Ahyacinthus18124-RA","Ahyacinthus18124-RA","Ahya","OG_11811",0,1,0
"Ahyacinthus18127-RA","Ahyacinthus18127-RA","Ahya","OG_868",1,1,1
"Ahyacinthus18131-RA","Ahyacinthus18131-RA","Ahya","OG_868",1,1,1
"Ahyacinthus18133-RA","Ahyacinthus18133-RA","Ahya","OG_7464",0,1,0
"Ahyacinthus18134-RA","Ahyacinthus18134-RA","Ahya","OG_259",0,1,0
"Ahyacinthus18137-RA","Ahyacinthus18137-RA","Ahya","OG_863",0,1,0
"Ahyacinthus18144-RA","Ahyacinthus18144-RA","Ahya","OG_6762",1,1,0
"Ahyacinthus18146-RA","Ahyacinthus18146-RA","Ahya","OG_6762",1,1,0
"Ahyacinthus18148-RA","Ahyacinthus18148-RA","Ahya","OG_2299",0,1,0
"Ahyacinthus18150-RA","Ahyacinthus18150-RA","Ahya","OG_1050",0,1,1
"Ahyacinthus18151-RA","Ahyacinthus18151-RA","Ahya","OG_944",0,1,0
"Ahyacinthus18153-RA","Ahyacinthus18153-RA","Ahya","OG_597",0,1,0
"Ahyacinthus18159-RA","Ahyacinthus18159-RA","Ahya","OG_509",0,1,1
"Ahyacinthus18160-RA","Ahyacinthus18160-RA","Ahya","OG_757",1,1,1
"Ahyacinthus18163-RA","Ahyacinthus18163-RA","Ahya","OG_5076",1,1,0
"Ahyacinthus18166-RA","Ahyacinthus18166-RA","Ahya","OG_901",0,1,1
"Ahyacinthus18167-RA","Ahyacinthus18167-RA","Ahya","OG_871",0,1,0
"Ahyacinthus18168-RA","Ahyacinthus18168-RA","Ahya","OG_440",0,1,0
"Ahyacinthus18169-RA","Ahyacinthus18169-RA","Ahya","OG_440",0,1,0
"Ahyacinthus18171-RA","Ahyacinthus18171-RA","Ahya","OG_377",1,1,0
"Ahyacinthus18172-RA","Ahyacinthus18172-RA","Ahya","OG_859",0,1,1
"Ahyacinthus18173-RA","Ahyacinthus18173-RA","Ahya","OG_876",0,1,1
"Ahyacinthus18174-RA","Ahyacinthus18174-RA","Ahya","OG_876",0,1,1
"Ahyacinthus18175-RA","Ahyacinthus18175-RA","Ahya","OG_876",0,1,1
"Ahyacinthus18176-RA","Ahyacinthus18176-RA","Ahya","OG_139",0,1,0
"Ahyacinthus18177-RA","Ahyacinthus18177-RA","Ahya","OG_139",0,1,0
"Ahyacinthus18178-RA","Ahyacinthus18178-RA","Ahya","OG_536",0,1,0
"Ahyacinthus18180-RA","Ahyacinthus18180-RA","Ahya","OG_462",0,1,0
"Ahyacinthus18183-RA","Ahyacinthus18183-RA","Ahya","OG_880",0,1,0
"Ahyacinthus18185-RA","Ahyacinthus18185-RA","Ahya","OG_302",0,1,0
"Ahyacinthus18186-RA","Ahyacinthus18186-RA","Ahya","OG_427",0,1,1
"Ahyacinthus18188-RA","Ahyacinthus18188-RA","Ahya","OG_921",1,1,1
"Ahyacinthus18193-RA","Ahyacinthus18193-RA","Ahya","OG_871",0,1,0
"Ahyacinthus18194-RA","Ahyacinthus18194-RA","Ahya","OG_301",0,1,1
"Ahyacinthus18198-RA","Ahyacinthus18198-RA","Ahya","OG_367",0,1,1
"Ahyacinthus18199-RA","Ahyacinthus18199-RA","Ahya","OG_332",0,1,1
"Ahyacinthus18200-RA","Ahyacinthus18200-RA","Ahya","OG_12211",0,1,1
"Ahyacinthus18203-RA","Ahyacinthus18203-RA","Ahya","OG_248",1,1,1
"Ahyacinthus18205-RA","Ahyacinthus18205-RA","Ahya","OG_149",1,1,1
"Ahyacinthus18206-RA","Ahyacinthus18206-RA","Ahya","OG_248",1,1,1
"Ahyacinthus18207-RA","Ahyacinthus18207-RA","Ahya","OG_248",1,1,1
"Ahyacinthus18208-RA","Ahyacinthus18208-RA","Ahya","OG_385",0,1,0
"Ahyacinthus18209-RA","Ahyacinthus18209-RA","Ahya","OG_868",1,1,1
"Ahyacinthus18212-RA","Ahyacinthus18212-RA","Ahya","OG_722",0,1,1
"Ahyacinthus18213-RA","Ahyacinthus18213-RA","Ahya","OG_868",1,1,1
"Ahyacinthus18218-RA","Ahyacinthus18218-RA","Ahya","OG_881",0,1,0
"Ahyacinthus18223-RA","Ahyacinthus18223-RA","Ahya","OG_739",0,1,0
"Ahyacinthus18224-RA","Ahyacinthus18224-RA","Ahya","OG_1121",0,1,0
"Ahyacinthus18229-RA","Ahyacinthus18229-RA","Ahya","OG_767",1,1,0
"Ahyacinthus18231-RA","Ahyacinthus18231-RA","Ahya","OG_8413",0,1,0
"Ahyacinthus18235-RA","Ahyacinthus18235-RA","Ahya","OG_8292",0,1,0
"Ahyacinthus18237-RA","Ahyacinthus18237-RA","Ahya","OG_8415",0,1,0
"Ahyacinthus18239-RA","Ahyacinthus18239-RA","Ahya","OG_3036",1,1,0
"Ahyacinthus18245-RA","Ahyacinthus18245-RA","Ahya","OG_7637",1,1,0
"Ahyacinthus18246-RA","Ahyacinthus18246-RA","Ahya","OG_3035",0,1,0
"Ahyacinthus18248-RA","Ahyacinthus18248-RA","Ahya","OG_3037",0,1,0
"Ahyacinthus18249-RA","Ahyacinthus18249-RA","Ahya","OG_8395",1,1,1
"Ahyacinthus18251-RA","Ahyacinthus18251-RA","Ahya","OG_8600",1,1,0
"Ahyacinthus18252-RA","Ahyacinthus18252-RA","Ahya","OG_377",1,1,0
"Ahyacinthus18254-RA","Ahyacinthus18254-RA","Ahya","OG_8332",0,1,0
"Ahyacinthus18257-RA","Ahyacinthus18257-RA","Ahya","OG_3038",0,1,0
"Ahyacinthus18258-RA","Ahyacinthus18258-RA","Ahya","OG_8595",0,1,0
"Ahyacinthus18259-RA","Ahyacinthus18259-RA","Ahya","OG_8594",0,1,0
"Ahyacinthus18260-RA","Ahyacinthus18260-RA","Ahya","OG_1048",0,1,1
"Ahyacinthus18261-RA","Ahyacinthus18261-RA","Ahya","OG_3040",0,1,0
"Ahyacinthus18263-RA","Ahyacinthus18263-RA","Ahya","OG_3041",0,1,1
"Ahyacinthus18265-RA","Ahyacinthus18265-RA","Ahya","OG_6610",1,1,0
"Ahyacinthus18266-RA","Ahyacinthus18266-RA","Ahya","OG_3042",0,1,0
"Ahyacinthus18272-RA","Ahyacinthus18272-RA","Ahya","OG_3043",0,1,0
"Ahyacinthus18274-RA","Ahyacinthus18274-RA","Ahya","OG_3044",1,1,0
"Ahyacinthus18275-RA","Ahyacinthus18275-RA","Ahya","OG_8238",0,1,0
"Ahyacinthus18277-RA","Ahyacinthus18277-RA","Ahya","OG_8239",1,1,0
"Ahyacinthus18278-RA","Ahyacinthus18278-RA","Ahya","OG_8467",0,1,1
"Ahyacinthus18281-RA","Ahyacinthus18281-RA","Ahya","OG_462",0,1,0
"Ahyacinthus18282-RA","Ahyacinthus18282-RA","Ahya","OG_3046",0,1,0
"Ahyacinthus18284-RA","Ahyacinthus18284-RA","Ahya","OG_3047",0,1,0
"Ahyacinthus18285-RA","Ahyacinthus18285-RA","Ahya","OG_8550",0,1,0
"Ahyacinthus18286-RA","Ahyacinthus18286-RA","Ahya","OG_3048",0,1,0
"Ahyacinthus18287-RA","Ahyacinthus18287-RA","Ahya","OG_5075",0,1,0
"Ahyacinthus18291-RA","Ahyacinthus18291-RA","Ahya","OG_3049",0,1,0
"Ahyacinthus18296-RA","Ahyacinthus18296-RA","Ahya","OG_8307",1,1,0
"Ahyacinthus18299-RA","Ahyacinthus18299-RA","Ahya","OG_3051",1,1,1
"Ahyacinthus18301-RA","Ahyacinthus18301-RA","Ahya","OG_3055",1,1,0
"Ahyacinthus18302-RA","Ahyacinthus18302-RA","Ahya","OG_8406",1,1,0
"Ahyacinthus18309-RA","Ahyacinthus18309-RA","Ahya","OG_3057",0,1,1
"Ahyacinthus18310-RA","Ahyacinthus18310-RA","Ahya","OG_3058",0,1,0
"Ahyacinthus18311-RA","Ahyacinthus18311-RA","Ahya","OG_3053",1,1,0
"Ahyacinthus18314-RA","Ahyacinthus18314-RA","Ahya","OG_1065",1,1,0
"Ahyacinthus18316-RA","Ahyacinthus18316-RA","Ahya","OG_3060",1,1,0
"Ahyacinthus18319-RA","Ahyacinthus18319-RA","Ahya","OG_5270",0,1,1
"Ahyacinthus18322-RA","Ahyacinthus18322-RA","Ahya","OG_6626",1,1,0
"Ahyacinthus18325-RA","Ahyacinthus18325-RA","Ahya","OG_3061",0,1,0
"Ahyacinthus18326-RA","Ahyacinthus18326-RA","Ahya","OG_726",0,1,1
"Ahyacinthus18330-RA","Ahyacinthus18330-RA","Ahya","OG_3065",0,1,0
"Ahyacinthus18334-RA","Ahyacinthus18334-RA","Ahya","OG_3064",1,1,0
"Ahyacinthus18337-RA","Ahyacinthus18337-RA","Ahya","OG_8179",0,1,0
"Ahyacinthus18338-RA","Ahyacinthus18338-RA","Ahya","OG_8179",0,1,0
"Ahyacinthus18347-RA","Ahyacinthus18347-RA","Ahya","OG_3066",1,1,0
"Ahyacinthus18348-RA","Ahyacinthus18348-RA","Ahya","OG_3066",1,1,0
"Ahyacinthus18349-RA","Ahyacinthus18349-RA","Ahya","OG_3066",1,1,0
"Ahyacinthus18352-RA","Ahyacinthus18352-RA","Ahya","OG_12749",0,1,0
"Ahyacinthus18353-RA","Ahyacinthus18353-RA","Ahya","OG_8215",0,1,0
"Ahyacinthus18355-RA","Ahyacinthus18355-RA","Ahya","OG_8338",0,1,0
"Ahyacinthus18356-RA","Ahyacinthus18356-RA","Ahya","OG_6043",0,1,0
"Ahyacinthus18360-RA","Ahyacinthus18360-RA","Ahya","OG_8329",0,1,0
"Ahyacinthus18361-RA","Ahyacinthus18361-RA","Ahya","OG_8482",0,1,0
"Ahyacinthus18366-RA","Ahyacinthus18366-RA","Ahya","OG_8563",1,1,1
"Ahyacinthus18368-RA","Ahyacinthus18368-RA","Ahya","OG_3069",1,1,0
"Ahyacinthus18371-RA","Ahyacinthus18371-RA","Ahya","OG_8388",0,1,0
"Ahyacinthus18374-RA","Ahyacinthus18374-RA","Ahya","OG_5013",0,1,0
"Ahyacinthus18375-RA","Ahyacinthus18375-RA","Ahya","OG_6619",0,1,0
"Ahyacinthus18377-RA","Ahyacinthus18377-RA","Ahya","OG_3071",0,1,0
"Ahyacinthus18378-RA","Ahyacinthus18378-RA","Ahya","OG_3072",0,1,0
"Ahyacinthus18379-RA","Ahyacinthus18379-RA","Ahya","OG_6049",0,1,0
"Ahyacinthus18384-RA","Ahyacinthus18384-RA","Ahya","OG_7402",1,1,0
"Ahyacinthus18391-RA","Ahyacinthus18391-RA","Ahya","OG_3076",0,1,0
"Ahyacinthus18400-RA","Ahyacinthus18400-RA","Ahya","OG_8298",1,1,0
"Ahyacinthus18402-RA","Ahyacinthus18402-RA","Ahya","OG_3077",0,1,0
"Ahyacinthus18403-RA","Ahyacinthus18403-RA","Ahya","OG_3078",0,1,0
"Ahyacinthus18413-RA","Ahyacinthus18413-RA","Ahya","OG_415",0,1,0
"Ahyacinthus18415-RA","Ahyacinthus18415-RA","Ahya","OG_5126",0,1,0
"Ahyacinthus18417-RA","Ahyacinthus18417-RA","Ahya","OG_3081",0,1,1
"Ahyacinthus18418-RA","Ahyacinthus18418-RA","Ahya","OG_3081",0,1,1
"Ahyacinthus18419-RA","Ahyacinthus18419-RA","Ahya","OG_12376",0,1,0
"Ahyacinthus18425-RA","Ahyacinthus18425-RA","Ahya","OG_1233",0,1,0
"Ahyacinthus18430-RA","Ahyacinthus18430-RA","Ahya","OG_3085",0,1,0
"Ahyacinthus18435-RA","Ahyacinthus18435-RA","Ahya","OG_8611",0,1,0
"Ahyacinthus18437-RA","Ahyacinthus18437-RA","Ahya","OG_8609",1,1,1
"Ahyacinthus18438-RA","Ahyacinthus18438-RA","Ahya","OG_8610",1,1,0
"Ahyacinthus18442-RA","Ahyacinthus18442-RA","Ahya","OG_1051",1,1,1
"Ahyacinthus18443-RA","Ahyacinthus18443-RA","Ahya","OG_8237",0,1,0
"Ahyacinthus18444-RA","Ahyacinthus18444-RA","Ahya","OG_8605",0,1,0
"Ahyacinthus18447-RA","Ahyacinthus18447-RA","Ahya","OG_8604",1,1,0
"Ahyacinthus18452-RA","Ahyacinthus18452-RA","Ahya","OG_8604",1,1,0
"Ahyacinthus18454-RA","Ahyacinthus18454-RA","Ahya","OG_8523",0,1,0
"Ahyacinthus18472-RA","Ahyacinthus18472-RA","Ahya","OG_8191",0,1,0
"Ahyacinthus18474-RA","Ahyacinthus18474-RA","Ahya","OG_8259",0,1,1
"Ahyacinthus18483-RA","Ahyacinthus18483-RA","Ahya","OG_8587",0,1,0
"Ahyacinthus18484-RA","Ahyacinthus18484-RA","Ahya","OG_8586",0,1,0
"Ahyacinthus18485-RA","Ahyacinthus18485-RA","Ahya","OG_3093",0,1,0
"Ahyacinthus18488-RA","Ahyacinthus18488-RA","Ahya","OG_7378",0,1,0
"Ahyacinthus18489-RA","Ahyacinthus18489-RA","Ahya","OG_8289",0,1,0
"Ahyacinthus18490-RA","Ahyacinthus18490-RA","Ahya","OG_3092",0,1,0
"Ahyacinthus18493-RA","Ahyacinthus18493-RA","Ahya","OG_8210",0,1,0
"Ahyacinthus18497-RA","Ahyacinthus18497-RA","Ahya","OG_8470",0,1,0
"Ahyacinthus18498-RA","Ahyacinthus18498-RA","Ahya","OG_3094",0,1,0
"Ahyacinthus18500-RA","Ahyacinthus18500-RA","Ahya","OG_8472",1,1,0
"Ahyacinthus18508-RA","Ahyacinthus18508-RA","Ahya","OG_5982",0,1,0
"Ahyacinthus18510-RA","Ahyacinthus18510-RA","Ahya","OG_5982",0,1,0
"Ahyacinthus18511-RA","Ahyacinthus18511-RA","Ahya","OG_8619",0,1,0
"Ahyacinthus18516-RA","Ahyacinthus18516-RA","Ahya","OG_8379",0,1,0
"Ahyacinthus18517-RA","Ahyacinthus18517-RA","Ahya","OG_8529",0,1,1
"Ahyacinthus18518-RA","Ahyacinthus18518-RA","Ahya","OG_8476",0,1,0
"Ahyacinthus18521-RA","Ahyacinthus18521-RA","Ahya","OG_1110",0,1,0
"Ahyacinthus18522-RA","Ahyacinthus18522-RA","Ahya","OG_1001",0,1,0
"Ahyacinthus18523-RA","Ahyacinthus18523-RA","Ahya","OG_744",0,1,1
"Ahyacinthus18524-RA","Ahyacinthus18524-RA","Ahya","OG_6892",0,1,0
"Ahyacinthus18532-RA","Ahyacinthus18532-RA","Ahya","OG_3098",0,1,0
"Ahyacinthus18534-RA","Ahyacinthus18534-RA","Ahya","OG_8450",0,1,0
"Ahyacinthus18543-RA","Ahyacinthus18543-RA","Ahya","OG_1420",0,1,0
"Ahyacinthus18544-RA","Ahyacinthus18544-RA","Ahya","OG_8403",1,1,0
"Ahyacinthus18550-RA","Ahyacinthus18550-RA","Ahya","OG_3100",0,1,0
"Ahyacinthus18551-RA","Ahyacinthus18551-RA","Ahya","OG_3101",0,1,0
"Ahyacinthus18552-RA","Ahyacinthus18552-RA","Ahya","OG_289",1,1,0
"Ahyacinthus18555-RA","Ahyacinthus18555-RA","Ahya","OG_8186",1,1,0
"Ahyacinthus18556-RA","Ahyacinthus18556-RA","Ahya","OG_289",1,1,0
"Ahyacinthus18558-RA","Ahyacinthus18558-RA","Ahya","OG_5237",0,1,0
"Ahyacinthus18561-RA","Ahyacinthus18561-RA","Ahya","OG_8345",1,1,0
"Ahyacinthus18563-RA","Ahyacinthus18563-RA","Ahya","OG_8345",1,1,0
"Ahyacinthus18564-RA","Ahyacinthus18564-RA","Ahya","OG_1353",0,1,0
"Ahyacinthus18570-RA","Ahyacinthus18570-RA","Ahya","OG_6625",0,1,1
"Ahyacinthus18572-RA","Ahyacinthus18572-RA","Ahya","OG_8572",0,1,0
"Ahyacinthus18574-RA","Ahyacinthus18574-RA","Ahya","OG_8452",1,1,1
"Ahyacinthus18578-RA","Ahyacinthus18578-RA","Ahya","OG_901",0,1,1
"Ahyacinthus18580-RA","Ahyacinthus18580-RA","Ahya","OG_8581",0,1,0
"Ahyacinthus18582-RA","Ahyacinthus18582-RA","Ahya","OG_6637",0,1,0
"Ahyacinthus18584-RA","Ahyacinthus18584-RA","Ahya","OG_5286",1,1,0
"Ahyacinthus18589-RA","Ahyacinthus18589-RA","Ahya","OG_8479",0,1,0
"Ahyacinthus18590-RA","Ahyacinthus18590-RA","Ahya","OG_300",1,1,0
"Ahyacinthus18591-RA","Ahyacinthus18591-RA","Ahya","OG_300",1,1,0
"Ahyacinthus18593-RA","Ahyacinthus18593-RA","Ahya","OG_8481",0,1,0
"Ahyacinthus18594-RA","Ahyacinthus18594-RA","Ahya","OG_3107",1,1,1
"Ahyacinthus18595-RA","Ahyacinthus18595-RA","Ahya","OG_3108",0,1,0
"Ahyacinthus18599-RA","Ahyacinthus18599-RA","Ahya","OG_3109",1,1,0
"Ahyacinthus18603-RA","Ahyacinthus18603-RA","Ahya","OG_8304",0,1,0
"Ahyacinthus18606-RA","Ahyacinthus18606-RA","Ahya","OG_8304",0,1,0
"Ahyacinthus18608-RA","Ahyacinthus18608-RA","Ahya","OG_3110",1,1,0
"Ahyacinthus18609-RA","Ahyacinthus18609-RA","Ahya","OG_2867",0,1,0
"Ahyacinthus18610-RA","Ahyacinthus18610-RA","Ahya","OG_3110",1,1,0
"Ahyacinthus18614-RA","Ahyacinthus18614-RA","Ahya","OG_8437",0,1,0
"Ahyacinthus18615-RA","Ahyacinthus18615-RA","Ahya","OG_8369",0,1,0
"Ahyacinthus18616-RA","Ahyacinthus18616-RA","Ahya","OG_8368",1,1,0
"Ahyacinthus18622-RA","Ahyacinthus18622-RA","Ahya","OG_3112",1,1,0
"Ahyacinthus18625-RA","Ahyacinthus18625-RA","Ahya","OG_3113",0,1,1
"Ahyacinthus18626-RA","Ahyacinthus18626-RA","Ahya","OG_3113",0,1,1
"Ahyacinthus18628-RA","Ahyacinthus18628-RA","Ahya","OG_8173",1,1,1
"Ahyacinthus18632-RA","Ahyacinthus18632-RA","Ahya","OG_3115",0,1,0
"Ahyacinthus18633-RA","Ahyacinthus18633-RA","Ahya","OG_3116",0,1,0
"Ahyacinthus18641-RA","Ahyacinthus18641-RA","Ahya","OG_3118",1,1,0
"Ahyacinthus18643-RA","Ahyacinthus18643-RA","Ahya","OG_8223",1,1,0
"Ahyacinthus18644-RA","Ahyacinthus18644-RA","Ahya","OG_8487",1,1,0
"Ahyacinthus18648-RA","Ahyacinthus18648-RA","Ahya","OG_241",1,1,1
"Ahyacinthus18649-RA","Ahyacinthus18649-RA","Ahya","OG_3122",1,1,0
"Ahyacinthus18652-RA","Ahyacinthus18652-RA","Ahya","OG_3120",0,1,0
"Ahyacinthus18657-RA","Ahyacinthus18657-RA","Ahya","OG_8448",0,1,0
"Ahyacinthus18659-RA","Ahyacinthus18659-RA","Ahya","OG_8346",1,1,0
"Ahyacinthus18660-RA","Ahyacinthus18660-RA","Ahya","OG_8347",1,1,1
"Ahyacinthus18665-RA","Ahyacinthus18665-RA","Ahya","OG_3124",0,1,0
"Ahyacinthus18666-RA","Ahyacinthus18666-RA","Ahya","OG_8258",1,1,0
"Ahyacinthus18672-RA","Ahyacinthus18672-RA","Ahya","OG_300",1,1,0
"Ahyacinthus18675-RA","Ahyacinthus18675-RA","Ahya","OG_300",1,1,0
"Ahyacinthus18685-RA","Ahyacinthus18685-RA","Ahya","OG_3129",0,1,0
"Ahyacinthus18686-RA","Ahyacinthus18686-RA","Ahya","OG_8170",0,1,0
"Ahyacinthus18688-RA","Ahyacinthus18688-RA","Ahya","OG_8463",0,1,1
"Ahyacinthus18694-RA","Ahyacinthus18694-RA","Ahya","OG_8520",0,1,0
"Ahyacinthus18696-RA","Ahyacinthus18696-RA","Ahya","OG_7011",0,1,0
"Ahyacinthus18697-RA","Ahyacinthus18697-RA","Ahya","OG_8519",0,1,0
"Ahyacinthus18698-RA","Ahyacinthus18698-RA","Ahya","OG_3131",0,1,0
"Ahyacinthus18700-RA","Ahyacinthus18700-RA","Ahya","OG_3131",0,1,0
"Ahyacinthus18705-RA","Ahyacinthus18705-RA","Ahya","OG_8558",1,1,0
"Ahyacinthus18711-RA","Ahyacinthus18711-RA","Ahya","OG_3133",0,1,0
"Ahyacinthus18712-RA","Ahyacinthus18712-RA","Ahya","OG_5127",0,1,0
"Ahyacinthus18716-RA","Ahyacinthus18716-RA","Ahya","OG_8555",0,1,0
"Ahyacinthus18718-RA","Ahyacinthus18718-RA","Ahya","OG_6229",0,1,0
"Ahyacinthus18719-RA","Ahyacinthus18719-RA","Ahya","OG_8427",1,1,1
"Ahyacinthus18720-RA","Ahyacinthus18720-RA","Ahya","OG_6237",1,1,0
"Ahyacinthus18722-RA","Ahyacinthus18722-RA","Ahya","OG_3136",0,1,0
"Ahyacinthus18723-RA","Ahyacinthus18723-RA","Ahya","OG_8428",0,1,0
"Ahyacinthus18725-RA","Ahyacinthus18725-RA","Ahya","OG_3135",0,1,0
"Ahyacinthus18726-RA","Ahyacinthus18726-RA","Ahya","OG_8398",1,1,0
"Ahyacinthus18727-RA","Ahyacinthus18727-RA","Ahya","OG_8399",0,1,0
"Ahyacinthus18728-RA","Ahyacinthus18728-RA","Ahya","OG_3137",0,1,0
"Ahyacinthus18731-RA","Ahyacinthus18731-RA","Ahya","OG_3139",1,1,0
"Ahyacinthus18735-RA","Ahyacinthus18735-RA","Ahya","OG_8309",0,1,0
"Ahyacinthus18736-RA","Ahyacinthus18736-RA","Ahya","OG_8309",0,1,0
"Ahyacinthus18737-RA","Ahyacinthus18737-RA","Ahya","OG_3138",0,1,0
"Ahyacinthus18738-RA","Ahyacinthus18738-RA","Ahya","OG_3140",0,1,0
"Ahyacinthus18739-RA","Ahyacinthus18739-RA","Ahya","OG_3141",0,1,0
"Ahyacinthus18740-RA","Ahyacinthus18740-RA","Ahya","OG_3142",0,1,0
"Ahyacinthus18745-RA","Ahyacinthus18745-RA","Ahya","OG_305",0,1,0
"Ahyacinthus18748-RA","Ahyacinthus18748-RA","Ahya","OG_780",0,1,1
"Ahyacinthus18749-RA","Ahyacinthus18749-RA","Ahya","OG_780",0,1,1
"Ahyacinthus18751-RA","Ahyacinthus18751-RA","Ahya","OG_780",0,1,1
"Ahyacinthus18752-RA","Ahyacinthus18752-RA","Ahya","OG_780",0,1,1
"Ahyacinthus18753-RA","Ahyacinthus18753-RA","Ahya","OG_780",0,1,1
"Ahyacinthus18756-RA","Ahyacinthus18756-RA","Ahya","OG_8557",0,1,0
"Ahyacinthus18767-RA","Ahyacinthus18767-RA","Ahya","OG_3144",0,1,0
"Ahyacinthus18769-RA","Ahyacinthus18769-RA","Ahya","OG_8440",0,1,1
"Ahyacinthus18773-RA","Ahyacinthus18773-RA","Ahya","OG_3146",0,1,0
"Ahyacinthus18774-RA","Ahyacinthus18774-RA","Ahya","OG_3145",1,1,0
"Ahyacinthus18775-RA","Ahyacinthus18775-RA","Ahya","OG_3147",0,1,0
"Ahyacinthus18776-RA","Ahyacinthus18776-RA","Ahya","OG_3147",0,1,0
"Ahyacinthus18777-RA","Ahyacinthus18777-RA","Ahya","OG_8353",0,1,1
"Ahyacinthus18779-RA","Ahyacinthus18779-RA","Ahya","OG_8203",0,1,0
"Ahyacinthus18781-RA","Ahyacinthus18781-RA","Ahya","OG_3148",0,1,0
"Ahyacinthus18782-RA","Ahyacinthus18782-RA","Ahya","OG_3149",1,1,0
"Ahyacinthus18783-RA","Ahyacinthus18783-RA","Ahya","OG_12370",0,1,0
"Ahyacinthus18785-RA","Ahyacinthus18785-RA","Ahya","OG_446",0,1,1
"Ahyacinthus18786-RA","Ahyacinthus18786-RA","Ahya","OG_6352",0,1,0
"Ahyacinthus18787-RA","Ahyacinthus18787-RA","Ahya","OG_578",0,1,0
"Ahyacinthus18790-RA","Ahyacinthus18790-RA","Ahya","OG_3154",0,1,0
"Ahyacinthus18791-RA","Ahyacinthus18791-RA","Ahya","OG_3150",0,1,0
"Ahyacinthus18793-RA","Ahyacinthus18793-RA","Ahya","OG_8579",0,1,0
"Ahyacinthus18798-RA","Ahyacinthus18798-RA","Ahya","OG_1421",0,1,0
"Ahyacinthus18802-RA","Ahyacinthus18802-RA","Ahya","OG_8202",1,1,0
"Ahyacinthus18804-RA","Ahyacinthus18804-RA","Ahya","OG_8393",0,1,1
"Ahyacinthus18805-RA","Ahyacinthus18805-RA","Ahya","OG_3157",0,1,0
"Ahyacinthus18808-RA","Ahyacinthus18808-RA","Ahya","OG_5277",0,1,0
"Ahyacinthus18809-RA","Ahyacinthus18809-RA","Ahya","OG_3158",1,1,0
"Ahyacinthus18810-RA","Ahyacinthus18810-RA","Ahya","OG_5215",0,1,0
"Ahyacinthus18812-RA","Ahyacinthus18812-RA","Ahya","OG_8541",0,1,0
"Ahyacinthus18813-RA","Ahyacinthus18813-RA","Ahya","OG_1087",0,1,0
"Ahyacinthus18816-RA","Ahyacinthus18816-RA","Ahya","OG_3159",1,1,0
"Ahyacinthus18817-RA","Ahyacinthus18817-RA","Ahya","OG_8497",1,1,0
"Ahyacinthus18820-RA","Ahyacinthus18820-RA","Ahya","OG_3160",1,1,0
"Ahyacinthus18821-RA","Ahyacinthus18821-RA","Ahya","OG_3162",0,1,0
"Ahyacinthus18835-RA","Ahyacinthus18835-RA","Ahya","OG_8197",0,1,0
"Ahyacinthus18838-RA","Ahyacinthus18838-RA","Ahya","OG_12616",0,1,0
"Ahyacinthus18841-RA","Ahyacinthus18841-RA","Ahya","OG_3166",0,1,0
"Ahyacinthus18843-RA","Ahyacinthus18843-RA","Ahya","OG_8311",0,1,0
"Ahyacinthus18846-RA","Ahyacinthus18846-RA","Ahya","OG_7443",0,1,1
"Ahyacinthus18847-RA","Ahyacinthus18847-RA","Ahya","OG_8431",0,1,0
"Ahyacinthus18848-RA","Ahyacinthus18848-RA","Ahya","OG_8433",1,1,0
"Ahyacinthus18849-RA","Ahyacinthus18849-RA","Ahya","OG_923",0,1,1
"Ahyacinthus18860-RA","Ahyacinthus18860-RA","Ahya","OG_5284",1,1,1
"Ahyacinthus18862-RA","Ahyacinthus18862-RA","Ahya","OG_1164",0,1,0
"Ahyacinthus18868-RA","Ahyacinthus18868-RA","Ahya","OG_6892",0,1,0
"Ahyacinthus18869-RA","Ahyacinthus18869-RA","Ahya","OG_5981",0,1,0
"Ahyacinthus18871-RA","Ahyacinthus18871-RA","Ahya","OG_3168",0,1,0
"Ahyacinthus18873-RA","Ahyacinthus18873-RA","Ahya","OG_8496",0,1,0
"Ahyacinthus18877-RA","Ahyacinthus18877-RA","Ahya","OG_8330",0,1,0
"Ahyacinthus18878-RA","Ahyacinthus18878-RA","Ahya","OG_8592",1,1,0
"Ahyacinthus18882-RA","Ahyacinthus18882-RA","Ahya","OG_8504",1,1,0
"Ahyacinthus18886-RA","Ahyacinthus18886-RA","Ahya","OG_3169",0,1,0
"Ahyacinthus18895-RA","Ahyacinthus18895-RA","Ahya","OG_899",0,1,0
"Ahyacinthus18896-RA","Ahyacinthus18896-RA","Ahya","OG_3171",1,1,0
"Ahyacinthus18897-RA","Ahyacinthus18897-RA","Ahya","OG_8299",0,1,1
"Ahyacinthus18900-RA","Ahyacinthus18900-RA","Ahya","OG_1098",0,1,1
"Ahyacinthus18899-RA","Ahyacinthus18899-RA","Ahya","OG_5285",0,1,0
"Ahyacinthus18902-RA","Ahyacinthus18902-RA","Ahya","OG_8233",0,1,0
"Ahyacinthus18904-RA","Ahyacinthus18904-RA","Ahya","OG_8500",0,1,0
"Ahyacinthus18909-RA","Ahyacinthus18909-RA","Ahya","OG_3174",0,1,0
"Ahyacinthus18910-RA","Ahyacinthus18910-RA","Ahya","OG_3175",0,1,0
"Ahyacinthus18913-RA","Ahyacinthus18913-RA","Ahya","OG_369",1,1,1
"Ahyacinthus18915-RA","Ahyacinthus18915-RA","Ahya","OG_771",1,1,1
"Ahyacinthus18926-RA","Ahyacinthus18926-RA","Ahya","OG_8537",0,1,0
"Ahyacinthus18930-RA","Ahyacinthus18930-RA","Ahya","OG_8538",0,1,0
"Ahyacinthus18931-RA","Ahyacinthus18931-RA","Ahya","OG_6635",1,1,0
"Ahyacinthus18933-RA","Ahyacinthus18933-RA","Ahya","OG_3181",0,1,0
"Ahyacinthus18934-RA","Ahyacinthus18934-RA","Ahya","OG_3178",0,1,0
"Ahyacinthus18936-RA","Ahyacinthus18936-RA","Ahya","OG_3179",0,1,0
"Ahyacinthus18941-RA","Ahyacinthus18941-RA","Ahya","OG_3180",1,1,0
"Ahyacinthus18944-RA","Ahyacinthus18944-RA","Ahya","OG_3185",0,1,0
"Ahyacinthus18945-RA","Ahyacinthus18945-RA","Ahya","OG_5952",0,1,0
"Ahyacinthus18946-RA","Ahyacinthus18946-RA","Ahya","OG_3186",0,1,0
"Ahyacinthus18947-RA","Ahyacinthus18947-RA","Ahya","OG_8198",1,1,0
"Ahyacinthus18948-RA","Ahyacinthus18948-RA","Ahya","OG_5128",0,1,0
"Ahyacinthus18949-RA","Ahyacinthus18949-RA","Ahya","OG_5128",0,1,0
"Ahyacinthus18951-RA","Ahyacinthus18951-RA","Ahya","OG_233",1,1,0
"Ahyacinthus18952-RA","Ahyacinthus18952-RA","Ahya","OG_438",1,1,1
"Ahyacinthus18953-RA","Ahyacinthus18953-RA","Ahya","OG_8495",0,1,0
"Ahyacinthus18954-RA","Ahyacinthus18954-RA","Ahya","OG_5128",0,1,0
"Ahyacinthus18964-RA","Ahyacinthus18964-RA","Ahya","OG_566",0,1,0
"Ahyacinthus18966-RA","Ahyacinthus18966-RA","Ahya","OG_3189",0,1,0
"Ahyacinthus18969-RA","Ahyacinthus18969-RA","Ahya","OG_566",0,1,0
"Ahyacinthus18970-RA","Ahyacinthus18970-RA","Ahya","OG_912",0,1,0
"Ahyacinthus18971-RA","Ahyacinthus18971-RA","Ahya","OG_912",0,1,0
"Ahyacinthus18974-RA","Ahyacinthus18974-RA","Ahya","OG_770",1,1,0
"Ahyacinthus18976-RA","Ahyacinthus18976-RA","Ahya","OG_5128",0,1,0
"Ahyacinthus18987-RA","Ahyacinthus18987-RA","Ahya","OG_3190",0,1,0
"Ahyacinthus18989-RA","Ahyacinthus18989-RA","Ahya","OG_3191",0,1,0
"Ahyacinthus18988-RA","Ahyacinthus18988-RA","Ahya","OG_3192",0,1,0
"Ahyacinthus18993-RA","Ahyacinthus18993-RA","Ahya","OG_8180",0,1,0
"Ahyacinthus18998-RA","Ahyacinthus18998-RA","Ahya","OG_3193",0,1,0
"Ahyacinthus18999-RA","Ahyacinthus18999-RA","Ahya","OG_3195",1,1,0
"Ahyacinthus19001-RA","Ahyacinthus19001-RA","Ahya","OG_5273",1,1,1
"Ahyacinthus19005-RA","Ahyacinthus19005-RA","Ahya","OG_7720",0,1,0
"Ahyacinthus19006-RA","Ahyacinthus19006-RA","Ahya","OG_7720",0,1,0
"Ahyacinthus19007-RA","Ahyacinthus19007-RA","Ahya","OG_5274",0,1,0
"Ahyacinthus19010-RA","Ahyacinthus19010-RA","Ahya","OG_8533",0,1,0
"Ahyacinthus19016-RA","Ahyacinthus19016-RA","Ahya","OG_8218",0,1,0
"Ahyacinthus19017-RA","Ahyacinthus19017-RA","Ahya","OG_3198",0,1,0
"Ahyacinthus19026-RA","Ahyacinthus19026-RA","Ahya","OG_3199",0,1,0
"Ahyacinthus19027-RA","Ahyacinthus19027-RA","Ahya","OG_8373",0,1,0
"Ahyacinthus19028-RA","Ahyacinthus19028-RA","Ahya","OG_3201",0,1,0
"Ahyacinthus19029-RA","Ahyacinthus19029-RA","Ahya","OG_326",0,1,0
"Ahyacinthus19032-RA","Ahyacinthus19032-RA","Ahya","OG_615",0,1,0
"Ahyacinthus19034-RA","Ahyacinthus19034-RA","Ahya","OG_12512",0,1,0
"Ahyacinthus19035-RA","Ahyacinthus19035-RA","Ahya","OG_296",0,1,0
"Ahyacinthus19036-RA","Ahyacinthus19036-RA","Ahya","OG_872",0,1,0
"Ahyacinthus19037-RA","Ahyacinthus19037-RA","Ahya","OG_802",1,1,0
"Ahyacinthus19039-RA","Ahyacinthus19039-RA","Ahya","OG_189",0,1,1
"Ahyacinthus19040-RA","Ahyacinthus19040-RA","Ahya","OG_864",1,1,0
"Ahyacinthus19044-RA","Ahyacinthus19044-RA","Ahya","OG_922",0,1,0
"Ahyacinthus19045-RA","Ahyacinthus19045-RA","Ahya","OG_1121",0,1,0
"Ahyacinthus19047-RA","Ahyacinthus19047-RA","Ahya","OG_802",1,1,0
"Ahyacinthus19048-RA","Ahyacinthus19048-RA","Ahya","OG_732",1,1,0
"Ahyacinthus19049-RA","Ahyacinthus19049-RA","Ahya","OG_324",0,1,1
"Ahyacinthus19052-RA","Ahyacinthus19052-RA","Ahya","OG_1178",0,1,0
"Ahyacinthus19053-RA","Ahyacinthus19053-RA","Ahya","OG_754",1,1,0
"Ahyacinthus19055-RA","Ahyacinthus19055-RA","Ahya","OG_170",1,1,1
"Ahyacinthus19057-RA","Ahyacinthus19057-RA","Ahya","OG_6266",0,1,0
"Ahyacinthus19059-RA","Ahyacinthus19059-RA","Ahya","OG_6347",0,1,0
"Ahyacinthus19060-RA","Ahyacinthus19060-RA","Ahya","OG_153",1,1,0
"Ahyacinthus19061-RA","Ahyacinthus19061-RA","Ahya","OG_415",0,1,0
"Ahyacinthus19062-RA","Ahyacinthus19062-RA","Ahya","OG_1369",0,1,0
"Ahyacinthus19063-RA","Ahyacinthus19063-RA","Ahya","OG_912",0,1,0
"Ahyacinthus19064-RA","Ahyacinthus19064-RA","Ahya","OG_248",1,1,1
"Ahyacinthus19065-RA","Ahyacinthus19065-RA","Ahya","OG_248",1,1,1
"Ahyacinthus19066-RA","Ahyacinthus19066-RA","Ahya","OG_248",1,1,1
"Ahyacinthus19067-RA","Ahyacinthus19067-RA","Ahya","OG_912",0,1,0
"Ahyacinthus19070-RA","Ahyacinthus19070-RA","Ahya","OG_696",0,1,1
"Ahyacinthus19072-RA","Ahyacinthus19072-RA","Ahya","OG_606",0,1,0
"Ahyacinthus19073-RA","Ahyacinthus19073-RA","Ahya","OG_279",0,1,0
"Ahyacinthus19074-RA","Ahyacinthus19074-RA","Ahya","OG_881",0,1,0
"Ahyacinthus19075-RA","Ahyacinthus19075-RA","Ahya","OG_9746",0,1,0
"Ahyacinthus19076-RA","Ahyacinthus19076-RA","Ahya","OG_216",1,1,1
"Ahyacinthus19077-RA","Ahyacinthus19077-RA","Ahya","OG_1126",1,1,0
"Ahyacinthus19078-RA","Ahyacinthus19078-RA","Ahya","OG_606",0,1,0
"Ahyacinthus19079-RA","Ahyacinthus19079-RA","Ahya","OG_1079",0,1,1
"Ahyacinthus19085-RA","Ahyacinthus19085-RA","Ahya","OG_615",0,1,0
"Ahyacinthus19088-RA","Ahyacinthus19088-RA","Ahya","OG_5129",0,1,0
"Ahyacinthus19093-RA","Ahyacinthus19093-RA","Ahya","OG_6042",1,1,0
"Ahyacinthus19095-RA","Ahyacinthus19095-RA","Ahya","OG_847",1,1,0
"Ahyacinthus19098-RA","Ahyacinthus19098-RA","Ahya","OG_3202",0,1,0
"Ahyacinthus19099-RA","Ahyacinthus19099-RA","Ahya","OG_3200",0,1,0
"Ahyacinthus19101-RA","Ahyacinthus19101-RA","Ahya","OG_319",1,1,0
"Ahyacinthus19103-RA","Ahyacinthus19103-RA","Ahya","OG_1077",0,1,1
"Ahyacinthus19104-RA","Ahyacinthus19104-RA","Ahya","OG_1425",0,1,0
"Ahyacinthus19105-RA","Ahyacinthus19105-RA","Ahya","OG_992",0,1,0
"Ahyacinthus19108-RA","Ahyacinthus19108-RA","Ahya","OG_631",1,1,1
"Ahyacinthus19111-RA","Ahyacinthus19111-RA","Ahya","OG_1090",0,1,0
"Ahyacinthus19112-RA","Ahyacinthus19112-RA","Ahya","OG_287",1,1,1
"Ahyacinthus19115-RA","Ahyacinthus19115-RA","Ahya","OG_709",0,1,1
"Ahyacinthus19116-RA","Ahyacinthus19116-RA","Ahya","OG_186",1,1,1
"Ahyacinthus19119-RA","Ahyacinthus19119-RA","Ahya","OG_3205",0,1,0
"Ahyacinthus19122-RA","Ahyacinthus19122-RA","Ahya","OG_6044",0,1,0
"Ahyacinthus19126-RA","Ahyacinthus19126-RA","Ahya","OG_8446",0,1,0
"Ahyacinthus19127-RA","Ahyacinthus19127-RA","Ahya","OG_8466",1,1,0
"Ahyacinthus19128-RA","Ahyacinthus19128-RA","Ahya","OG_3204",0,1,0
"Ahyacinthus19131-RA","Ahyacinthus19131-RA","Ahya","OG_8465",0,1,0
"Ahyacinthus19133-RA","Ahyacinthus19133-RA","Ahya","OG_302",0,1,0
"Ahyacinthus19145-RA","Ahyacinthus19145-RA","Ahya","OG_775",1,1,0
"Ahyacinthus19146-RA","Ahyacinthus19146-RA","Ahya","OG_8314",1,1,0
"Ahyacinthus19152-RA","Ahyacinthus19152-RA","Ahya","OG_1416",0,1,0
"Ahyacinthus19153-RA","Ahyacinthus19153-RA","Ahya","OG_377",1,1,0
"Ahyacinthus19156-RA","Ahyacinthus19156-RA","Ahya","OG_894",0,1,1
"Ahyacinthus19157-RA","Ahyacinthus19157-RA","Ahya","OG_725",1,1,1
"Ahyacinthus19158-RA","Ahyacinthus19158-RA","Ahya","OG_288",0,1,1
"Ahyacinthus19159-RA","Ahyacinthus19159-RA","Ahya","OG_473",0,1,0
"Ahyacinthus19160-RA","Ahyacinthus19160-RA","Ahya","OG_677",0,1,0
"Ahyacinthus19161-RA","Ahyacinthus19161-RA","Ahya","OG_677",0,1,0
"Ahyacinthus19162-RA","Ahyacinthus19162-RA","Ahya","OG_292",0,1,0
"Ahyacinthus19164-RA","Ahyacinthus19164-RA","Ahya","OG_703",1,1,1
"Ahyacinthus19165-RA","Ahyacinthus19165-RA","Ahya","OG_12335",0,1,0
"Ahyacinthus19166-RA","Ahyacinthus19166-RA","Ahya","OG_12415",0,1,0
"Ahyacinthus19171-RA","Ahyacinthus19171-RA","Ahya","OG_282",0,1,0
"Ahyacinthus19173-RA","Ahyacinthus19173-RA","Ahya","OG_443",0,1,1
"Ahyacinthus19174-RA","Ahyacinthus19174-RA","Ahya","OG_631",1,1,1
"Ahyacinthus19177-RA","Ahyacinthus19177-RA","Ahya","OG_1470",0,1,0
"Ahyacinthus19178-RA","Ahyacinthus19178-RA","Ahya","OG_771",1,1,1
"Ahyacinthus19180-RA","Ahyacinthus19180-RA","Ahya","OG_631",1,1,1
"Ahyacinthus19181-RA","Ahyacinthus19181-RA","Ahya","OG_858",0,1,0
"Ahyacinthus19182-RA","Ahyacinthus19182-RA","Ahya","OG_408",1,1,1
"Ahyacinthus19184-RA","Ahyacinthus19184-RA","Ahya","OG_248",1,1,1
"Ahyacinthus19187-RA","Ahyacinthus19187-RA","Ahya","OG_12482",0,1,0
"Ahyacinthus19189-RA","Ahyacinthus19189-RA","Ahya","OG_761",1,1,0
"Ahyacinthus19190-RA","Ahyacinthus19190-RA","Ahya","OG_840",1,1,0
"Ahyacinthus19192-RA","Ahyacinthus19192-RA","Ahya","OG_11313",0,1,0
"Ahyacinthus19193-RA","Ahyacinthus19193-RA","Ahya","OG_6243",0,1,0
"Ahyacinthus19194-RA","Ahyacinthus19194-RA","Ahya","OG_369",1,1,1
"Ahyacinthus19195-RA","Ahyacinthus19195-RA","Ahya","OG_369",1,1,1
"Ahyacinthus19196-RA","Ahyacinthus19196-RA","Ahya","OG_960",0,1,0
"Ahyacinthus19200-RA","Ahyacinthus19200-RA","Ahya","OG_948",0,1,1
"Ahyacinthus19201-RA","Ahyacinthus19201-RA","Ahya","OG_477",0,1,0
"Ahyacinthus19203-RA","Ahyacinthus19203-RA","Ahya","OG_315",1,1,0
"Ahyacinthus19204-RA","Ahyacinthus19204-RA","Ahya","OG_279",0,1,0
"Ahyacinthus19205-RA","Ahyacinthus19205-RA","Ahya","OG_745",1,1,1
"Ahyacinthus19206-RA","Ahyacinthus19206-RA","Ahya","OG_6918",0,1,0
"Ahyacinthus19207-RA","Ahyacinthus19207-RA","Ahya","OG_712",1,1,0
"Ahyacinthus19208-RA","Ahyacinthus19208-RA","Ahya","OG_5081",0,1,0
"Ahyacinthus19209-RA","Ahyacinthus19209-RA","Ahya","OG_1126",1,1,0
"Ahyacinthus19210-RA","Ahyacinthus19210-RA","Ahya","OG_914",0,1,1
"Ahyacinthus19212-RA","Ahyacinthus19212-RA","Ahya","OG_859",0,1,1
"Ahyacinthus19213-RA","Ahyacinthus19213-RA","Ahya","OG_876",0,1,1
"Ahyacinthus19214-RA","Ahyacinthus19214-RA","Ahya","OG_353",0,1,0
"Ahyacinthus19217-RA","Ahyacinthus19217-RA","Ahya","OG_11832",0,1,1
"Ahyacinthus19218-RA","Ahyacinthus19218-RA","Ahya","OG_216",1,1,1
"Ahyacinthus19219-RA","Ahyacinthus19219-RA","Ahya","OG_216",1,1,1
"Ahyacinthus19221-RA","Ahyacinthus19221-RA","Ahya","OG_216",1,1,1
"Ahyacinthus19225-RA","Ahyacinthus19225-RA","Ahya","OG_920",0,1,0
"Ahyacinthus19226-RA","Ahyacinthus19226-RA","Ahya","OG_732",1,1,0
"Ahyacinthus19227-RA","Ahyacinthus19227-RA","Ahya","OG_12164",0,1,1
"Ahyacinthus19228-RA","Ahyacinthus19228-RA","Ahya","OG_12164",0,1,1
"Ahyacinthus19229-RA","Ahyacinthus19229-RA","Ahya","OG_834",1,1,0
"Ahyacinthus19230-RA","Ahyacinthus19230-RA","Ahya","OG_367",0,1,1
"Ahyacinthus19232-RA","Ahyacinthus19232-RA","Ahya","OG_367",0,1,1
"Ahyacinthus19234-RA","Ahyacinthus19234-RA","Ahya","OG_1339",0,1,0
"Ahyacinthus19235-RA","Ahyacinthus19235-RA","Ahya","OG_764",0,1,0
"Ahyacinthus19236-RA","Ahyacinthus19236-RA","Ahya","OG_568",1,1,1
"Ahyacinthus19238-RA","Ahyacinthus19238-RA","Ahya","OG_496",0,1,0
"Ahyacinthus19240-RA","Ahyacinthus19240-RA","Ahya","OG_737",1,1,0
"Ahyacinthus19241-RA","Ahyacinthus19241-RA","Ahya","OG_737",1,1,0
"Ahyacinthus19242-RA","Ahyacinthus19242-RA","Ahya","OG_664",0,1,0
"Ahyacinthus19243-RA","Ahyacinthus19243-RA","Ahya","OG_664",0,1,0
"Ahyacinthus19244-RA","Ahyacinthus19244-RA","Ahya","OG_12457",0,1,0
"Ahyacinthus19245-RA","Ahyacinthus19245-RA","Ahya","OG_1107",0,1,0
"Ahyacinthus19246-RA","Ahyacinthus19246-RA","Ahya","OG_282",0,1,0
"Ahyacinthus19248-RA","Ahyacinthus19248-RA","Ahya","OG_889",0,1,0
"Ahyacinthus19249-RA","Ahyacinthus19249-RA","Ahya","OG_711",0,1,1
"Ahyacinthus19250-RA","Ahyacinthus19250-RA","Ahya","OG_1015",0,1,1
"Ahyacinthus19252-RA","Ahyacinthus19252-RA","Ahya","OG_876",0,1,1
"Ahyacinthus19254-RA","Ahyacinthus19254-RA","Ahya","OG_832",0,1,0
"Ahyacinthus19255-RA","Ahyacinthus19255-RA","Ahya","OG_248",1,1,1
"Ahyacinthus19257-RA","Ahyacinthus19257-RA","Ahya","OG_1319",0,1,0
"Ahyacinthus19258-RA","Ahyacinthus19258-RA","Ahya","OG_3208",0,1,0
"Ahyacinthus19261-RA","Ahyacinthus19261-RA","Ahya","OG_3209",0,1,0
"Ahyacinthus19262-RA","Ahyacinthus19262-RA","Ahya","OG_454",1,1,1
"Ahyacinthus19263-RA","Ahyacinthus19263-RA","Ahya","OG_1194",0,1,1
"Ahyacinthus19264-RA","Ahyacinthus19264-RA","Ahya","OG_1111",0,1,0
"Ahyacinthus19265-RA","Ahyacinthus19265-RA","Ahya","OG_844",0,1,0
"Ahyacinthus19268-RA","Ahyacinthus19268-RA","Ahya","OG_1110",0,1,0
"Ahyacinthus19269-RA","Ahyacinthus19269-RA","Ahya","OG_8596",0,1,0
"Ahyacinthus19270-RA","Ahyacinthus19270-RA","Ahya","OG_8355",0,1,0
"Ahyacinthus19271-RA","Ahyacinthus19271-RA","Ahya","OG_1340",0,1,0
"Ahyacinthus19272-RA","Ahyacinthus19272-RA","Ahya","OG_8355",0,1,0
"Ahyacinthus19275-RA","Ahyacinthus19275-RA","Ahya","OG_8429",0,1,0
"Ahyacinthus19277-RA","Ahyacinthus19277-RA","Ahya","OG_3211",1,1,1
"Ahyacinthus19279-RA","Ahyacinthus19279-RA","Ahya","OG_3213",0,1,0
"Ahyacinthus19280-RA","Ahyacinthus19280-RA","Ahya","OG_3212",0,1,0
"Ahyacinthus19281-RA","Ahyacinthus19281-RA","Ahya","OG_8577",0,1,0
"Ahyacinthus19284-RA","Ahyacinthus19284-RA","Ahya","OG_1234",0,1,0
"Ahyacinthus19298-RA","Ahyacinthus19298-RA","Ahya","OG_526",0,1,0
"Ahyacinthus19302-RA","Ahyacinthus19302-RA","Ahya","OG_3215",1,1,0
"Ahyacinthus19303-RA","Ahyacinthus19303-RA","Ahya","OG_3215",1,1,0
"Ahyacinthus19307-RA","Ahyacinthus19307-RA","Ahya","OG_3216",1,1,1
"Ahyacinthus19310-RA","Ahyacinthus19310-RA","Ahya","OG_3218",0,1,0
"Ahyacinthus19309-RA","Ahyacinthus19309-RA","Ahya","OG_3217",0,1,0
"Ahyacinthus19311-RA","Ahyacinthus19311-RA","Ahya","OG_923",0,1,1
"Ahyacinthus19313-RA","Ahyacinthus19313-RA","Ahya","OG_694",0,1,0
"Ahyacinthus19315-RA","Ahyacinthus19315-RA","Ahya","OG_3219",0,1,0
"Ahyacinthus19318-RA","Ahyacinthus19318-RA","Ahya","OG_3220",1,1,0
"Ahyacinthus19319-RA","Ahyacinthus19319-RA","Ahya","OG_5272",0,1,0
"Ahyacinthus19322-RA","Ahyacinthus19322-RA","Ahya","OG_3222",0,1,0
"Ahyacinthus19323-RA","Ahyacinthus19323-RA","Ahya","OG_369",1,1,1
"Ahyacinthus19326-RA","Ahyacinthus19326-RA","Ahya","OG_887",0,1,0
"Ahyacinthus19329-RA","Ahyacinthus19329-RA","Ahya","OG_1121",0,1,0
"Ahyacinthus19330-RA","Ahyacinthus19330-RA","Ahya","OG_1121",0,1,0
"Ahyacinthus19333-RA","Ahyacinthus19333-RA","Ahya","OG_893",0,1,0
"Ahyacinthus19335-RA","Ahyacinthus19335-RA","Ahya","OG_825",0,1,1
"Ahyacinthus19336-RA","Ahyacinthus19336-RA","Ahya","OG_353",0,1,0
"Ahyacinthus19337-RA","Ahyacinthus19337-RA","Ahya","OG_353",0,1,0
"Ahyacinthus19338-RA","Ahyacinthus19338-RA","Ahya","OG_332",0,1,1
"Ahyacinthus19339-RA","Ahyacinthus19339-RA","Ahya","OG_1098",0,1,1
"Ahyacinthus19340-RA","Ahyacinthus19340-RA","Ahya","OG_840",1,1,0
"Ahyacinthus19342-RA","Ahyacinthus19342-RA","Ahya","OG_922",0,1,0
"Ahyacinthus19344-RA","Ahyacinthus19344-RA","Ahya","OG_12438",0,1,0
"Ahyacinthus19346-RA","Ahyacinthus19346-RA","Ahya","OG_483",0,1,0
"Ahyacinthus19347-RA","Ahyacinthus19347-RA","Ahya","OG_483",0,1,0
"Ahyacinthus19350-RA","Ahyacinthus19350-RA","Ahya","OG_196",1,1,0
"Ahyacinthus19352-RA","Ahyacinthus19352-RA","Ahya","OG_783",0,1,0
"Ahyacinthus19353-RA","Ahyacinthus19353-RA","Ahya","OG_823",0,1,1
"Ahyacinthus19354-RA","Ahyacinthus19354-RA","Ahya","OG_813",0,1,0
"Ahyacinthus19355-RA","Ahyacinthus19355-RA","Ahya","OG_416",0,1,0
"Ahyacinthus19357-RA","Ahyacinthus19357-RA","Ahya","OG_889",0,1,0
"Ahyacinthus19358-RA","Ahyacinthus19358-RA","Ahya","OG_504",0,1,0
"Ahyacinthus19359-RA","Ahyacinthus19359-RA","Ahya","OG_282",0,1,0
"Ahyacinthus19360-RA","Ahyacinthus19360-RA","Ahya","OG_282",0,1,0
"Ahyacinthus19362-RA","Ahyacinthus19362-RA","Ahya","OG_901",0,1,1
"Ahyacinthus19365-RA","Ahyacinthus19365-RA","Ahya","OG_6366",0,1,1
"Ahyacinthus19366-RA","Ahyacinthus19366-RA","Ahya","OG_1014",0,1,0
"Ahyacinthus19369-RA","Ahyacinthus19369-RA","Ahya","OG_1030",1,1,0
"Ahyacinthus19370-RA","Ahyacinthus19370-RA","Ahya","OG_887",0,1,0
"Ahyacinthus19371-RA","Ahyacinthus19371-RA","Ahya","OG_12499",0,1,1
"Ahyacinthus19373-RA","Ahyacinthus19373-RA","Ahya","OG_1115",0,1,0
"Ahyacinthus19375-RA","Ahyacinthus19375-RA","Ahya","OG_840",1,1,0
"Ahyacinthus19376-RA","Ahyacinthus19376-RA","Ahya","OG_922",0,1,0
"Ahyacinthus19377-RA","Ahyacinthus19377-RA","Ahya","OG_1081",0,1,0
"Ahyacinthus19378-RA","Ahyacinthus19378-RA","Ahya","OG_859",0,1,1
"Ahyacinthus19381-RA","Ahyacinthus19381-RA","Ahya","OG_664",0,1,0
"Ahyacinthus19382-RA","Ahyacinthus19382-RA","Ahya","OG_5130",0,1,0
"Ahyacinthus19385-RA","Ahyacinthus19385-RA","Ahya","OG_813",0,1,0
"Ahyacinthus19387-RA","Ahyacinthus19387-RA","Ahya","OG_832",0,1,0
"Ahyacinthus19388-RA","Ahyacinthus19388-RA","Ahya","OG_832",0,1,0
"Ahyacinthus19389-RA","Ahyacinthus19389-RA","Ahya","OG_377",1,1,0
"Ahyacinthus19397-RA","Ahyacinthus19397-RA","Ahya","OG_3227",0,1,0
"Ahyacinthus19398-RA","Ahyacinthus19398-RA","Ahya","OG_8530",0,1,0
"Ahyacinthus19401-RA","Ahyacinthus19401-RA","Ahya","OG_8530",0,1,0
"Ahyacinthus19402-RA","Ahyacinthus19402-RA","Ahya","OG_3225",0,1,0
"Ahyacinthus19405-RA","Ahyacinthus19405-RA","Ahya","OG_8607",0,1,0
"Ahyacinthus19406-RA","Ahyacinthus19406-RA","Ahya","OG_12535",0,1,0
"Ahyacinthus19407-RA","Ahyacinthus19407-RA","Ahya","OG_8371",0,1,1
"Ahyacinthus19408-RA","Ahyacinthus19408-RA","Ahya","OG_8483",0,1,0
"Ahyacinthus19410-RA","Ahyacinthus19410-RA","Ahya","OG_6608",1,1,0
"Ahyacinthus19411-RA","Ahyacinthus19411-RA","Ahya","OG_3226",0,1,0
"Ahyacinthus19412-RA","Ahyacinthus19412-RA","Ahya","OG_1138",0,1,0
"Ahyacinthus19414-RA","Ahyacinthus19414-RA","Ahya","OG_6045",0,1,0
"Ahyacinthus19419-RA","Ahyacinthus19419-RA","Ahya","OG_868",1,1,1
"Ahyacinthus19422-RA","Ahyacinthus19422-RA","Ahya","OG_692",0,1,0
"Ahyacinthus19425-RA","Ahyacinthus19425-RA","Ahya","OG_836",0,1,0
"Ahyacinthus19433-RA","Ahyacinthus19433-RA","Ahya","OG_8461",0,1,0
"Ahyacinthus19439-RA","Ahyacinthus19439-RA","Ahya","OG_3229",0,1,0
"Ahyacinthus19447-RA","Ahyacinthus19447-RA","Ahya","OG_3231",0,1,0
"Ahyacinthus19455-RA","Ahyacinthus19455-RA","Ahya","OG_8488",0,1,0
"Ahyacinthus19457-RA","Ahyacinthus19457-RA","Ahya","OG_4960",0,1,0
"Ahyacinthus19460-RA","Ahyacinthus19460-RA","Ahya","OG_3235",0,1,0
"Ahyacinthus19466-RA","Ahyacinthus19466-RA","Ahya","OG_3236",0,1,0
"Ahyacinthus19469-RA","Ahyacinthus19469-RA","Ahya","OG_3238",0,1,0
"Ahyacinthus19471-RA","Ahyacinthus19471-RA","Ahya","OG_8187",0,1,0
"Ahyacinthus19472-RA","Ahyacinthus19472-RA","Ahya","OG_8380",0,1,0
"Ahyacinthus19474-RA","Ahyacinthus19474-RA","Ahya","OG_3170",0,1,0
"Ahyacinthus19475-RA","Ahyacinthus19475-RA","Ahya","OG_8382",0,1,0
"Ahyacinthus19484-RA","Ahyacinthus19484-RA","Ahya","OG_8556",0,1,0
"Ahyacinthus19485-RA","Ahyacinthus19485-RA","Ahya","OG_3242",0,1,0
"Ahyacinthus19486-RA","Ahyacinthus19486-RA","Ahya","OG_3241",0,1,0
"Ahyacinthus19489-RA","Ahyacinthus19489-RA","Ahya","OG_5015",0,1,0
"Ahyacinthus19490-RA","Ahyacinthus19490-RA","Ahya","OG_2377",0,1,0
"Ahyacinthus19494-RA","Ahyacinthus19494-RA","Ahya","OG_3244",0,1,0
"Ahyacinthus19495-RA","Ahyacinthus19495-RA","Ahya","OG_8182",0,1,0
"Ahyacinthus19498-RA","Ahyacinthus19498-RA","Ahya","OG_8501",0,1,0
"Ahyacinthus19500-RA","Ahyacinthus19500-RA","Ahya","OG_3246",0,1,0
"Ahyacinthus19501-RA","Ahyacinthus19501-RA","Ahya","OG_6606",0,1,0
"Ahyacinthus19503-RA","Ahyacinthus19503-RA","Ahya","OG_3249",0,1,0
"Ahyacinthus19504-RA","Ahyacinthus19504-RA","Ahya","OG_8323",0,1,0
"Ahyacinthus19505-RA","Ahyacinthus19505-RA","Ahya","OG_3247",0,1,0
"Ahyacinthus19507-RA","Ahyacinthus19507-RA","Ahya","OG_8324",0,1,0
"Ahyacinthus19508-RA","Ahyacinthus19508-RA","Ahya","OG_3251",0,1,0
"Ahyacinthus19509-RA","Ahyacinthus19509-RA","Ahya","OG_8322",0,1,0
"Ahyacinthus19511-RA","Ahyacinthus19511-RA","Ahya","OG_3252",0,1,0
"Ahyacinthus19512-RA","Ahyacinthus19512-RA","Ahya","OG_8321",0,1,0
"Ahyacinthus19521-RA","Ahyacinthus19521-RA","Ahya","OG_8443",0,1,0
"Ahyacinthus19523-RA","Ahyacinthus19523-RA","Ahya","OG_8442",0,1,0
"Ahyacinthus19525-RA","Ahyacinthus19525-RA","Ahya","OG_3256",0,1,1
"Ahyacinthus19529-RA","Ahyacinthus19529-RA","Ahya","OG_3257",0,1,0
"Ahyacinthus19530-RA","Ahyacinthus19530-RA","Ahya","OG_8265",0,1,0
"Ahyacinthus19531-RA","Ahyacinthus19531-RA","Ahya","OG_8545",0,1,0
"Ahyacinthus19532-RA","Ahyacinthus19532-RA","Ahya","OG_559",0,1,1
"Ahyacinthus19543-RA","Ahyacinthus19543-RA","Ahya","OG_8491",0,1,0
"Ahyacinthus19545-RA","Ahyacinthus19545-RA","Ahya","OG_5399",0,1,0
"Ahyacinthus19546-RA","Ahyacinthus19546-RA","Ahya","OG_12687",0,1,0
"Ahyacinthus19549-RA","Ahyacinthus19549-RA","Ahya","OG_12688",0,1,0
"Ahyacinthus19550-RA","Ahyacinthus19550-RA","Ahya","OG_327",0,1,0
"Ahyacinthus19553-RA","Ahyacinthus19553-RA","Ahya","OG_327",0,1,0
"Ahyacinthus19554-RA","Ahyacinthus19554-RA","Ahya","OG_470",1,1,1
"Ahyacinthus19556-RA","Ahyacinthus19556-RA","Ahya","OG_1098",0,1,1
"Ahyacinthus19566-RA","Ahyacinthus19566-RA","Ahya","OG_3258",0,1,0
"Ahyacinthus19571-RA","Ahyacinthus19571-RA","Ahya","OG_3259",0,1,0
"Ahyacinthus19572-RA","Ahyacinthus19572-RA","Ahya","OG_8343",0,1,0
"Ahyacinthus19573-RA","Ahyacinthus19573-RA","Ahya","OG_3261",0,1,0
"Ahyacinthus19576-RA","Ahyacinthus19576-RA","Ahya","OG_5939",0,1,0
"Ahyacinthus19581-RA","Ahyacinthus19581-RA","Ahya","OG_5939",0,1,0
"Ahyacinthus19594-RA","Ahyacinthus19594-RA","Ahya","OG_1016",1,1,0
"Ahyacinthus19596-RA","Ahyacinthus19596-RA","Ahya","OG_8280",0,1,0
"Ahyacinthus19601-RA","Ahyacinthus19601-RA","Ahya","OG_1119",0,1,0
"Ahyacinthus19603-RA","Ahyacinthus19603-RA","Ahya","OG_1119",0,1,0
"Ahyacinthus19607-RA","Ahyacinthus19607-RA","Ahya","OG_8458",0,1,0
"Ahyacinthus19614-RA","Ahyacinthus19614-RA","Ahya","OG_8401",0,1,0
"Ahyacinthus19617-RA","Ahyacinthus19617-RA","Ahya","OG_8212",0,1,1
"Ahyacinthus19618-RA","Ahyacinthus19618-RA","Ahya","OG_3266",0,1,0
"Ahyacinthus19620-RA","Ahyacinthus19620-RA","Ahya","OG_6967",0,1,0
"Ahyacinthus19621-RA","Ahyacinthus19621-RA","Ahya","OG_5398",0,1,0
"Ahyacinthus19622-RA","Ahyacinthus19622-RA","Ahya","OG_3268",0,1,1
"Ahyacinthus19625-RA","Ahyacinthus19625-RA","Ahya","OG_8506",0,1,0
"Ahyacinthus19633-RA","Ahyacinthus19633-RA","Ahya","OG_3269",0,1,0
"Ahyacinthus19634-RA","Ahyacinthus19634-RA","Ahya","OG_3269",0,1,0
"Ahyacinthus19640-RA","Ahyacinthus19640-RA","Ahya","OG_8589",0,1,0
"Ahyacinthus19643-RA","Ahyacinthus19643-RA","Ahya","OG_3270",0,1,0
"Ahyacinthus19644-RA","Ahyacinthus19644-RA","Ahya","OG_8507",0,1,1
"Ahyacinthus19652-RA","Ahyacinthus19652-RA","Ahya","OG_8475",0,1,0
"Ahyacinthus19661-RA","Ahyacinthus19661-RA","Ahya","OG_3273",0,1,0
"Ahyacinthus19663-RA","Ahyacinthus19663-RA","Ahya","OG_6620",0,1,0
"Ahyacinthus19665-RA","Ahyacinthus19665-RA","Ahya","OG_5983",0,1,0
"Ahyacinthus19666-RA","Ahyacinthus19666-RA","Ahya","OG_5983",0,1,0
"Ahyacinthus19671-RA","Ahyacinthus19671-RA","Ahya","OG_8242",0,1,1
"Ahyacinthus19672-RA","Ahyacinthus19672-RA","Ahya","OG_3276",0,1,0
"Ahyacinthus19673-RA","Ahyacinthus19673-RA","Ahya","OG_8245",0,1,1
"Ahyacinthus19687-RA","Ahyacinthus19687-RA","Ahya","OG_3281",0,1,1
"Ahyacinthus19692-RA","Ahyacinthus19692-RA","Ahya","OG_3279",0,1,0
"Ahyacinthus19695-RA","Ahyacinthus19695-RA","Ahya","OG_3283",0,1,0
"Ahyacinthus19699-RA","Ahyacinthus19699-RA","Ahya","OG_8528",0,1,0
"Ahyacinthus19702-RA","Ahyacinthus19702-RA","Ahya","OG_3285",0,1,0
"Ahyacinthus19709-RA","Ahyacinthus19709-RA","Ahya","OG_11466",0,1,0
"Ahyacinthus19711-RA","Ahyacinthus19711-RA","Ahya","OG_297",0,1,0
"Ahyacinthus19715-RA","Ahyacinthus19715-RA","Ahya","OG_6048",0,1,0
"Ahyacinthus19716-RA","Ahyacinthus19716-RA","Ahya","OG_3287",0,1,0
"Ahyacinthus19718-RA","Ahyacinthus19718-RA","Ahya","OG_3288",0,1,0
"Ahyacinthus19720-RA","Ahyacinthus19720-RA","Ahya","OG_1571",0,1,0
"Ahyacinthus19727-RA","Ahyacinthus19727-RA","Ahya","OG_5402",0,1,0
"Ahyacinthus19728-RA","Ahyacinthus19728-RA","Ahya","OG_1415",0,1,0
"Ahyacinthus19734-RA","Ahyacinthus19734-RA","Ahya","OG_3293",0,1,0
"Ahyacinthus19736-RA","Ahyacinthus19736-RA","Ahya","OG_3292",0,1,1
"Ahyacinthus19737-RA","Ahyacinthus19737-RA","Ahya","OG_8337",0,1,0
"Ahyacinthus19738-RA","Ahyacinthus19738-RA","Ahya","OG_8262",0,1,0
"Ahyacinthus19739-RA","Ahyacinthus19739-RA","Ahya","OG_8262",0,1,0
"Ahyacinthus19740-RA","Ahyacinthus19740-RA","Ahya","OG_8602",0,1,0
"Ahyacinthus19741-RA","Ahyacinthus19741-RA","Ahya","OG_8208",0,1,1
"Ahyacinthus19742-RA","Ahyacinthus19742-RA","Ahya","OG_8603",0,1,1
"Ahyacinthus19743-RA","Ahyacinthus19743-RA","Ahya","OG_5278",0,1,0
"Ahyacinthus19746-RA","Ahyacinthus19746-RA","Ahya","OG_3294",0,1,0
"Ahyacinthus19747-RA","Ahyacinthus19747-RA","Ahya","OG_8209",0,1,0
"Ahyacinthus19748-RA","Ahyacinthus19748-RA","Ahya","OG_3295",1,1,0
"Ahyacinthus19749-RA","Ahyacinthus19749-RA","Ahya","OG_3296",1,1,0
"Ahyacinthus19750-RA","Ahyacinthus19750-RA","Ahya","OG_3296",1,1,0
"Ahyacinthus19752-RA","Ahyacinthus19752-RA","Ahya","OG_3297",0,1,0
"Ahyacinthus19753-RA","Ahyacinthus19753-RA","Ahya","OG_5283",0,1,0
"Ahyacinthus19754-RA","Ahyacinthus19754-RA","Ahya","OG_1304",0,1,0
"Ahyacinthus19756-RA","Ahyacinthus19756-RA","Ahya","OG_6050",0,1,0
"Ahyacinthus19759-RA","Ahyacinthus19759-RA","Ahya","OG_3298",0,1,0
"Ahyacinthus19765-RA","Ahyacinthus19765-RA","Ahya","OG_353",0,1,0
"Ahyacinthus19766-RA","Ahyacinthus19766-RA","Ahya","OG_8547",0,1,0
"Ahyacinthus19768-RA","Ahyacinthus19768-RA","Ahya","OG_871",0,1,0
"Ahyacinthus19772-RA","Ahyacinthus19772-RA","Ahya","OG_8444",0,1,0
"Ahyacinthus19775-RA","Ahyacinthus19775-RA","Ahya","OG_8268",0,1,0
"Ahyacinthus19776-RA","Ahyacinthus19776-RA","Ahya","OG_8394",0,1,0
"Ahyacinthus19778-RA","Ahyacinthus19778-RA","Ahya","OG_8252",0,1,0
"Ahyacinthus19783-RA","Ahyacinthus19783-RA","Ahya","OG_3305",0,1,0
"Ahyacinthus19784-RA","Ahyacinthus19784-RA","Ahya","OG_3303",0,1,0
"Ahyacinthus19785-RA","Ahyacinthus19785-RA","Ahya","OG_8567",0,1,0
"Ahyacinthus19792-RA","Ahyacinthus19792-RA","Ahya","OG_8416",0,1,0
"Ahyacinthus19793-RA","Ahyacinthus19793-RA","Ahya","OG_5153",0,1,0
"Ahyacinthus19802-RA","Ahyacinthus19802-RA","Ahya","OG_8494",0,1,0
"Ahyacinthus19803-RA","Ahyacinthus19803-RA","Ahya","OG_8535",0,1,0
"Ahyacinthus19814-RA","Ahyacinthus19814-RA","Ahya","OG_5018",0,1,0
"Ahyacinthus19816-RA","Ahyacinthus19816-RA","Ahya","OG_3310",0,1,0
"Ahyacinthus19818-RA","Ahyacinthus19818-RA","Ahya","OG_8235",0,1,0
"Ahyacinthus19826-RA","Ahyacinthus19826-RA","Ahya","OG_8419",0,1,0
"Ahyacinthus19827-RA","Ahyacinthus19827-RA","Ahya","OG_8513",0,1,0
"Ahyacinthus19828-RA","Ahyacinthus19828-RA","Ahya","OG_441",1,1,1
"Ahyacinthus19829-RA","Ahyacinthus19829-RA","Ahya","OG_441",1,1,1
"Ahyacinthus19833-RA","Ahyacinthus19833-RA","Ahya","OG_441",1,1,1
"Ahyacinthus19834-RA","Ahyacinthus19834-RA","Ahya","OG_441",1,1,1
"Ahyacinthus19841-RA","Ahyacinthus19841-RA","Ahya","OG_441",1,1,1
"Ahyacinthus19845-RA","Ahyacinthus19845-RA","Ahya","OG_965",0,1,0
"Ahyacinthus19848-RA","Ahyacinthus19848-RA","Ahya","OG_965",0,1,0
"Ahyacinthus19850-RA","Ahyacinthus19850-RA","Ahya","OG_8456",0,1,0
"Ahyacinthus19849-RA","Ahyacinthus19849-RA","Ahya","OG_3315",0,1,0
"Ahyacinthus19852-RA","Ahyacinthus19852-RA","Ahya","OG_8360",0,1,0
"Ahyacinthus19854-RA","Ahyacinthus19854-RA","Ahya","OG_8358",0,1,0
"Ahyacinthus19855-RA","Ahyacinthus19855-RA","Ahya","OG_5128",0,1,0
"Ahyacinthus19859-RA","Ahyacinthus19859-RA","Ahya","OG_5128",0,1,0
"Ahyacinthus19860-RA","Ahyacinthus19860-RA","Ahya","OG_8359",0,1,0
"Ahyacinthus19861-RA","Ahyacinthus19861-RA","Ahya","OG_5128",0,1,0
"Ahyacinthus19864-RA","Ahyacinthus19864-RA","Ahya","OG_5128",0,1,0
"Ahyacinthus19867-RA","Ahyacinthus19867-RA","Ahya","OG_6562",0,1,0
"Ahyacinthus19874-RA","Ahyacinthus19874-RA","Ahya","OG_8204",0,1,0
"Ahyacinthus19875-RA","Ahyacinthus19875-RA","Ahya","OG_3318",0,1,0
"Ahyacinthus19882-RA","Ahyacinthus19882-RA","Ahya","OG_7415",0,1,0
"Ahyacinthus19883-RA","Ahyacinthus19883-RA","Ahya","OG_8502",0,1,0
"Ahyacinthus19884-RA","Ahyacinthus19884-RA","Ahya","OG_8542",0,1,0
"Ahyacinthus19887-RA","Ahyacinthus19887-RA","Ahya","OG_293",0,1,0
"Ahyacinthus19896-RA","Ahyacinthus19896-RA","Ahya","OG_312",0,1,1
"Ahyacinthus19899-RA","Ahyacinthus19899-RA","Ahya","OG_8435",0,1,0
"Ahyacinthus19898-RA","Ahyacinthus19898-RA","Ahya","OG_312",0,1,1
"Ahyacinthus19901-RA","Ahyacinthus19901-RA","Ahya","OG_6638",0,1,1
"Ahyacinthus19907-RA","Ahyacinthus19907-RA","Ahya","OG_3322",0,1,0
"Ahyacinthus19912-RA","Ahyacinthus19912-RA","Ahya","OG_6603",0,1,0
"Ahyacinthus19915-RA","Ahyacinthus19915-RA","Ahya","OG_3321",0,1,0
"Ahyacinthus19917-RA","Ahyacinthus19917-RA","Ahya","OG_8408",0,1,0
"Ahyacinthus19921-RA","Ahyacinthus19921-RA","Ahya","OG_998",1,1,0
"Ahyacinthus19920-RA","Ahyacinthus19920-RA","Ahya","OG_8405",0,1,0
"Ahyacinthus19922-RA","Ahyacinthus19922-RA","Ahya","OG_3323",0,1,0
"Ahyacinthus19923-RA","Ahyacinthus19923-RA","Ahya","OG_998",1,1,0
"Ahyacinthus19934-RA","Ahyacinthus19934-RA","Ahya","OG_8363",0,1,0
"Ahyacinthus19936-RA","Ahyacinthus19936-RA","Ahya","OG_6621",0,1,0
"Ahyacinthus19937-RA","Ahyacinthus19937-RA","Ahya","OG_8087",0,1,0
"Ahyacinthus19939-RA","Ahyacinthus19939-RA","Ahya","OG_6255",0,1,0
"Ahyacinthus19940-RA","Ahyacinthus19940-RA","Ahya","OG_8318",0,1,0
"Ahyacinthus19944-RA","Ahyacinthus19944-RA","Ahya","OG_8317",0,1,0
"Ahyacinthus19945-RA","Ahyacinthus19945-RA","Ahya","OG_8262",0,1,0
"Ahyacinthus19947-RA","Ahyacinthus19947-RA","Ahya","OG_8263",0,1,0
"Ahyacinthus19948-RA","Ahyacinthus19948-RA","Ahya","OG_8264",0,1,0
"Ahyacinthus19950-RA","Ahyacinthus19950-RA","Ahya","OG_8613",0,1,1
"Ahyacinthus19951-RA","Ahyacinthus19951-RA","Ahya","OG_8493",0,1,0
"Ahyacinthus19961-RA","Ahyacinthus19961-RA","Ahya","OG_3330",0,1,0
"Ahyacinthus19962-RA","Ahyacinthus19962-RA","Ahya","OG_321",0,1,0
"Ahyacinthus19963-RA","Ahyacinthus19963-RA","Ahya","OG_3331",0,1,0
"Ahyacinthus19965-RA","Ahyacinthus19965-RA","Ahya","OG_6617",0,1,0
"Ahyacinthus19964-RA","Ahyacinthus19964-RA","Ahya","OG_3332",0,1,0
"Ahyacinthus19967-RA","Ahyacinthus19967-RA","Ahya","OG_8172",0,1,0
"Ahyacinthus19972-RA","Ahyacinthus19972-RA","Ahya","OG_8478",0,1,0
"Ahyacinthus19974-RA","Ahyacinthus19974-RA","Ahya","OG_6628",0,1,0
"Ahyacinthus19975-RA","Ahyacinthus19975-RA","Ahya","OG_296",0,1,0
"Ahyacinthus19976-RA","Ahyacinthus19976-RA","Ahya","OG_8477",0,1,1
"Ahyacinthus19977-RA","Ahyacinthus19977-RA","Ahya","OG_3334",0,1,0
"Ahyacinthus19980-RA","Ahyacinthus19980-RA","Ahya","OG_8300",0,1,0
"Ahyacinthus19981-RA","Ahyacinthus19981-RA","Ahya","OG_5986",0,1,0
"Ahyacinthus19983-RA","Ahyacinthus19983-RA","Ahya","OG_6607",0,1,0
"Ahyacinthus19986-RA","Ahyacinthus19986-RA","Ahya","OG_6317",0,1,0
"Ahyacinthus19988-RA","Ahyacinthus19988-RA","Ahya","OG_1009",0,1,0
"Ahyacinthus19989-RA","Ahyacinthus19989-RA","Ahya","OG_8248",0,1,0
"Ahyacinthus19990-RA","Ahyacinthus19990-RA","Ahya","OG_6614",1,1,0
"Ahyacinthus19992-RA","Ahyacinthus19992-RA","Ahya","OG_6263",0,1,0
"Ahyacinthus19993-RA","Ahyacinthus19993-RA","Ahya","OG_8484",1,1,0
"Ahyacinthus19996-RA","Ahyacinthus19996-RA","Ahya","OG_10347",1,1,0
"Ahyacinthus20000-RA","Ahyacinthus20000-RA","Ahya","OG_3339",1,1,0
"Ahyacinthus20001-RA","Ahyacinthus20001-RA","Ahya","OG_7935",0,1,0
"Ahyacinthus20003-RA","Ahyacinthus20003-RA","Ahya","OG_3340",1,1,0
"Ahyacinthus20004-RA","Ahyacinthus20004-RA","Ahya","OG_12621",0,1,0
"Ahyacinthus20005-RA","Ahyacinthus20005-RA","Ahya","OG_1427",0,1,0
"Ahyacinthus20009-RA","Ahyacinthus20009-RA","Ahya","OG_8447",0,1,0
"Ahyacinthus20010-RA","Ahyacinthus20010-RA","Ahya","OG_3342",1,1,1
"Ahyacinthus20013-RA","Ahyacinthus20013-RA","Ahya","OG_150",1,1,1
"Ahyacinthus20014-RA","Ahyacinthus20014-RA","Ahya","OG_3344",0,1,0
"Ahyacinthus20015-RA","Ahyacinthus20015-RA","Ahya","OG_8430",0,1,0
"Ahyacinthus20016-RA","Ahyacinthus20016-RA","Ahya","OG_8248",0,1,0
"Ahyacinthus20017-RA","Ahyacinthus20017-RA","Ahya","OG_8247",0,1,0
"Ahyacinthus20019-RA","Ahyacinthus20019-RA","Ahya","OG_8225",0,1,0
"Ahyacinthus20018-RA","Ahyacinthus20018-RA","Ahya","OG_3345",0,1,0
"Ahyacinthus20022-RA","Ahyacinthus20022-RA","Ahya","OG_309",0,1,0
"Ahyacinthus20028-RA","Ahyacinthus20028-RA","Ahya","OG_3227",0,1,0
"Ahyacinthus20033-RA","Ahyacinthus20033-RA","Ahya","OG_8601",0,1,0
"Ahyacinthus20034-RA","Ahyacinthus20034-RA","Ahya","OG_8601",0,1,0
"Ahyacinthus20036-RA","Ahyacinthus20036-RA","Ahya","OG_336",0,1,1
"Ahyacinthus20037-RA","Ahyacinthus20037-RA","Ahya","OG_8485",0,1,0
"Ahyacinthus20039-RA","Ahyacinthus20039-RA","Ahya","OG_834",1,1,0
"Ahyacinthus20041-RA","Ahyacinthus20041-RA","Ahya","OG_3349",1,1,1
"Ahyacinthus20043-RA","Ahyacinthus20043-RA","Ahya","OG_3350",0,1,0
"Ahyacinthus20045-RA","Ahyacinthus20045-RA","Ahya","OG_8512",1,1,0
"Ahyacinthus20046-RA","Ahyacinthus20046-RA","Ahya","OG_1110",0,1,0
"Ahyacinthus20047-RA","Ahyacinthus20047-RA","Ahya","OG_3351",1,1,0
"Ahyacinthus20048-RA","Ahyacinthus20048-RA","Ahya","OG_6622",0,1,0
"Ahyacinthus20049-RA","Ahyacinthus20049-RA","Ahya","OG_1178",0,1,0
"Ahyacinthus20058-RA","Ahyacinthus20058-RA","Ahya","OG_1093",1,1,0
"Ahyacinthus20059-RA","Ahyacinthus20059-RA","Ahya","OG_2759",0,1,0
"Ahyacinthus20060-RA","Ahyacinthus20060-RA","Ahya","OG_2758",0,1,0
"Ahyacinthus20061-RA","Ahyacinthus20061-RA","Ahya","OG_2760",0,1,0
"Ahyacinthus20063-RA","Ahyacinthus20063-RA","Ahya","OG_10624",0,1,0
"Ahyacinthus20064-RA","Ahyacinthus20064-RA","Ahya","OG_6814",0,1,0
"Ahyacinthus20065-RA","Ahyacinthus20065-RA","Ahya","OG_10625",0,1,0
"Ahyacinthus20066-RA","Ahyacinthus20066-RA","Ahya","OG_1354",0,1,0
"Ahyacinthus20068-RA","Ahyacinthus20068-RA","Ahya","OG_1497",0,1,0
"Ahyacinthus20072-RA","Ahyacinthus20072-RA","Ahya","OG_256",0,1,1
"Ahyacinthus20073-RA","Ahyacinthus20073-RA","Ahya","OG_856",0,1,1
"Ahyacinthus20074-RA","Ahyacinthus20074-RA","Ahya","OG_170",1,1,1
"Ahyacinthus20076-RA","Ahyacinthus20076-RA","Ahya","OG_659",1,1,0
"Ahyacinthus20078-RA","Ahyacinthus20078-RA","Ahya","OG_315",1,1,0
"Ahyacinthus20081-RA","Ahyacinthus20081-RA","Ahya","OG_936",0,1,0
"Ahyacinthus20080-RA","Ahyacinthus20080-RA","Ahya","OG_10501",0,1,0
"Ahyacinthus20082-RA","Ahyacinthus20082-RA","Ahya","OG_216",1,1,1
"Ahyacinthus20090-RA","Ahyacinthus20090-RA","Ahya","OG_2761",0,1,0
"Ahyacinthus20091-RA","Ahyacinthus20091-RA","Ahya","OG_943",0,1,0
"Ahyacinthus20092-RA","Ahyacinthus20092-RA","Ahya","OG_677",0,1,0
"Ahyacinthus20093-RA","Ahyacinthus20093-RA","Ahya","OG_257",1,1,1
"Ahyacinthus20094-RA","Ahyacinthus20094-RA","Ahya","OG_12297",0,1,0
"Ahyacinthus20095-RA","Ahyacinthus20095-RA","Ahya","OG_823",0,1,1
"Ahyacinthus20096-RA","Ahyacinthus20096-RA","Ahya","OG_741",1,1,1
"Ahyacinthus20097-RA","Ahyacinthus20097-RA","Ahya","OG_358",0,1,0
"Ahyacinthus20098-RA","Ahyacinthus20098-RA","Ahya","OG_912",0,1,0
"Ahyacinthus20100-RA","Ahyacinthus20100-RA","Ahya","OG_818",1,1,0
"Ahyacinthus20102-RA","Ahyacinthus20102-RA","Ahya","OG_1101",0,1,0
"Ahyacinthus20103-RA","Ahyacinthus20103-RA","Ahya","OG_741",1,1,1
"Ahyacinthus20104-RA","Ahyacinthus20104-RA","Ahya","OG_741",1,1,1
"Ahyacinthus20107-RA","Ahyacinthus20107-RA","Ahya","OG_868",1,1,1
"Ahyacinthus20108-RA","Ahyacinthus20108-RA","Ahya","OG_515",0,1,0
"Ahyacinthus20109-RA","Ahyacinthus20109-RA","Ahya","OG_1054",0,1,0
"Ahyacinthus20110-RA","Ahyacinthus20110-RA","Ahya","OG_865",0,1,0
"Ahyacinthus20111-RA","Ahyacinthus20111-RA","Ahya","OG_858",0,1,0
"Ahyacinthus20112-RA","Ahyacinthus20112-RA","Ahya","OG_802",1,1,0
"Ahyacinthus20113-RA","Ahyacinthus20113-RA","Ahya","OG_1015",0,1,1
"Ahyacinthus20114-RA","Ahyacinthus20114-RA","Ahya","OG_922",0,1,0
"Ahyacinthus20115-RA","Ahyacinthus20115-RA","Ahya","OG_597",0,1,0
"Ahyacinthus20117-RA","Ahyacinthus20117-RA","Ahya","OG_1066",0,1,0
"Ahyacinthus20119-RA","Ahyacinthus20119-RA","Ahya","OG_469",0,1,0
"Ahyacinthus20127-RA","Ahyacinthus20127-RA","Ahya","OG_606",0,1,0
"Ahyacinthus20128-RA","Ahyacinthus20128-RA","Ahya","OG_732",1,1,0
"Ahyacinthus20129-RA","Ahyacinthus20129-RA","Ahya","OG_5073",0,1,0
"Ahyacinthus20130-RA","Ahyacinthus20130-RA","Ahya","OG_590",0,1,1
"Ahyacinthus20135-RA","Ahyacinthus20135-RA","Ahya","OG_1101",0,1,0
"Ahyacinthus20136-RA","Ahyacinthus20136-RA","Ahya","OG_418",0,1,0
"Ahyacinthus20137-RA","Ahyacinthus20137-RA","Ahya","OG_427",0,1,1
"Ahyacinthus20138-RA","Ahyacinthus20138-RA","Ahya","OG_176",1,1,1
"Ahyacinthus20139-RA","Ahyacinthus20139-RA","Ahya","OG_176",1,1,1
"Ahyacinthus20141-RA","Ahyacinthus20141-RA","Ahya","OG_176",1,1,1
"Ahyacinthus20142-RA","Ahyacinthus20142-RA","Ahya","OG_176",1,1,1
"Ahyacinthus20144-RA","Ahyacinthus20144-RA","Ahya","OG_10432",1,1,1
"Ahyacinthus20145-RA","Ahyacinthus20145-RA","Ahya","OG_12707",0,1,0
"Ahyacinthus20146-RA","Ahyacinthus20146-RA","Ahya","OG_477",0,1,0
"Ahyacinthus20150-RA","Ahyacinthus20150-RA","Ahya","OG_10431",0,1,0
"Ahyacinthus20152-RA","Ahyacinthus20152-RA","Ahya","OG_1218",0,1,0
"Ahyacinthus20153-RA","Ahyacinthus20153-RA","Ahya","OG_1218",0,1,0
"Ahyacinthus20154-RA","Ahyacinthus20154-RA","Ahya","OG_848",1,1,0
"Ahyacinthus20155-RA","Ahyacinthus20155-RA","Ahya","OG_286",0,1,1
"Ahyacinthus20156-RA","Ahyacinthus20156-RA","Ahya","OG_711",0,1,1
"Ahyacinthus20158-RA","Ahyacinthus20158-RA","Ahya","OG_901",0,1,1
"Ahyacinthus20161-RA","Ahyacinthus20161-RA","Ahya","OG_905",1,1,1
"Ahyacinthus20163-RA","Ahyacinthus20163-RA","Ahya","OG_1137",0,1,0
"Ahyacinthus20164-RA","Ahyacinthus20164-RA","Ahya","OG_887",0,1,0
"Ahyacinthus20167-RA","Ahyacinthus20167-RA","Ahya","OG_1339",0,1,0
"Ahyacinthus20168-RA","Ahyacinthus20168-RA","Ahya","OG_715",0,1,1
"Ahyacinthus20170-RA","Ahyacinthus20170-RA","Ahya","OG_754",1,1,0
"Ahyacinthus20171-RA","Ahyacinthus20171-RA","Ahya","OG_1552",0,1,0
"Ahyacinthus20172-RA","Ahyacinthus20172-RA","Ahya","OG_825",0,1,1
"Ahyacinthus20173-RA","Ahyacinthus20173-RA","Ahya","OG_825",0,1,1
"Ahyacinthus20174-RA","Ahyacinthus20174-RA","Ahya","OG_825",0,1,1
"Ahyacinthus20175-RA","Ahyacinthus20175-RA","Ahya","OG_892",0,1,0
"Ahyacinthus20176-RA","Ahyacinthus20176-RA","Ahya","OG_920",0,1,0
"Ahyacinthus20177-RA","Ahyacinthus20177-RA","Ahya","OG_12345",0,1,0
"Ahyacinthus20178-RA","Ahyacinthus20178-RA","Ahya","OG_1076",1,1,1
"Ahyacinthus20179-RA","Ahyacinthus20179-RA","Ahya","OG_282",0,1,0
"Ahyacinthus20180-RA","Ahyacinthus20180-RA","Ahya","OG_462",0,1,0
"Ahyacinthus20181-RA","Ahyacinthus20181-RA","Ahya","OG_533",0,1,0
"Ahyacinthus20182-RA","Ahyacinthus20182-RA","Ahya","OG_715",0,1,1
"Ahyacinthus20184-RA","Ahyacinthus20184-RA","Ahya","OG_12353",0,1,0
"Ahyacinthus20186-RA","Ahyacinthus20186-RA","Ahya","OG_541",1,1,1
"Ahyacinthus20187-RA","Ahyacinthus20187-RA","Ahya","OG_901",0,1,1
"Ahyacinthus20191-RA","Ahyacinthus20191-RA","Ahya","OG_1098",0,1,1
"Ahyacinthus20197-RA","Ahyacinthus20197-RA","Ahya","OG_1205",0,1,0
"Ahyacinthus20198-RA","Ahyacinthus20198-RA","Ahya","OG_416",0,1,0
"Ahyacinthus20200-RA","Ahyacinthus20200-RA","Ahya","OG_1066",0,1,0
"Ahyacinthus20202-RA","Ahyacinthus20202-RA","Ahya","OG_11997",0,1,0
"Ahyacinthus20203-RA","Ahyacinthus20203-RA","Ahya","OG_2762",0,1,0
"Ahyacinthus20209-RA","Ahyacinthus20209-RA","Ahya","OG_300",1,1,0
"Ahyacinthus20213-RA","Ahyacinthus20213-RA","Ahya","OG_300",1,1,0
"Ahyacinthus20214-RA","Ahyacinthus20214-RA","Ahya","OG_673",0,1,1
"Ahyacinthus20215-RA","Ahyacinthus20215-RA","Ahya","OG_300",1,1,0
"Ahyacinthus20216-RA","Ahyacinthus20216-RA","Ahya","OG_149",1,1,1
"Ahyacinthus20219-RA","Ahyacinthus20219-RA","Ahya","OG_10679",0,1,0
"Ahyacinthus20220-RA","Ahyacinthus20220-RA","Ahya","OG_170",1,1,1
"Ahyacinthus20228-RA","Ahyacinthus20228-RA","Ahya","OG_2765",0,1,0
"Ahyacinthus20229-RA","Ahyacinthus20229-RA","Ahya","OG_10398",0,1,1
"Ahyacinthus20230-RA","Ahyacinthus20230-RA","Ahya","OG_2764",0,1,0
"Ahyacinthus20231-RA","Ahyacinthus20231-RA","Ahya","OG_2766",0,1,0
"Ahyacinthus20234-RA","Ahyacinthus20234-RA","Ahya","OG_6124",0,1,0
"Ahyacinthus20235-RA","Ahyacinthus20235-RA","Ahya","OG_6125",0,1,0
"Ahyacinthus20236-RA","Ahyacinthus20236-RA","Ahya","OG_2768",0,1,0
"Ahyacinthus20241-RA","Ahyacinthus20241-RA","Ahya","OG_6382",0,1,0
"Ahyacinthus20249-RA","Ahyacinthus20249-RA","Ahya","OG_6109",0,1,0
"Ahyacinthus20251-RA","Ahyacinthus20251-RA","Ahya","OG_810",0,1,0
"Ahyacinthus20252-RA","Ahyacinthus20252-RA","Ahya","OG_1076",1,1,1
"Ahyacinthus20255-RA","Ahyacinthus20255-RA","Ahya","OG_503",0,1,0
"Ahyacinthus20256-RA","Ahyacinthus20256-RA","Ahya","OG_810",0,1,0
"Ahyacinthus20260-RA","Ahyacinthus20260-RA","Ahya","OG_1076",1,1,1
"Ahyacinthus20261-RA","Ahyacinthus20261-RA","Ahya","OG_520",0,1,0
"Ahyacinthus20263-RA","Ahyacinthus20263-RA","Ahya","OG_848",1,1,0
"Ahyacinthus20269-RA","Ahyacinthus20269-RA","Ahya","OG_12299",0,1,0
"Ahyacinthus20270-RA","Ahyacinthus20270-RA","Ahya","OG_5128",0,1,0
"Ahyacinthus20271-RA","Ahyacinthus20271-RA","Ahya","OG_12299",0,1,0
"Ahyacinthus20272-RA","Ahyacinthus20272-RA","Ahya","OG_5128",0,1,0
"Ahyacinthus20273-RA","Ahyacinthus20273-RA","Ahya","OG_12299",0,1,0
"Ahyacinthus20274-RA","Ahyacinthus20274-RA","Ahya","OG_12702",0,1,0
"Ahyacinthus20278-RA","Ahyacinthus20278-RA","Ahya","OG_287",1,1,1
"Ahyacinthus20281-RA","Ahyacinthus20281-RA","Ahya","OG_287",1,1,1
"Ahyacinthus20289-RA","Ahyacinthus20289-RA","Ahya","OG_1119",0,1,0
"Ahyacinthus20290-RA","Ahyacinthus20290-RA","Ahya","OG_2773",0,1,0
"Ahyacinthus20291-RA","Ahyacinthus20291-RA","Ahya","OG_10590",0,1,0
"Ahyacinthus20292-RA","Ahyacinthus20292-RA","Ahya","OG_5917",0,1,0
"Ahyacinthus20294-RA","Ahyacinthus20294-RA","Ahya","OG_2772",0,1,0
"Ahyacinthus20303-RA","Ahyacinthus20303-RA","Ahya","OG_943",0,1,0
"Ahyacinthus20308-RA","Ahyacinthus20308-RA","Ahya","OG_5000",1,1,0
"Ahyacinthus20310-RA","Ahyacinthus20310-RA","Ahya","OG_2774",0,1,0
"Ahyacinthus20321-RA","Ahyacinthus20321-RA","Ahya","OG_2775",0,1,0
"Ahyacinthus20322-RA","Ahyacinthus20322-RA","Ahya","OG_10693",0,1,0
"Ahyacinthus20323-RA","Ahyacinthus20323-RA","Ahya","OG_10694",0,1,0
"Ahyacinthus20324-RA","Ahyacinthus20324-RA","Ahya","OG_6290",0,1,0
"Ahyacinthus20327-RA","Ahyacinthus20327-RA","Ahya","OG_2776",0,1,0
"Ahyacinthus20335-RA","Ahyacinthus20335-RA","Ahya","OG_5413",0,1,0
"Ahyacinthus20336-RA","Ahyacinthus20336-RA","Ahya","OG_2777",0,1,0
"Ahyacinthus20338-RA","Ahyacinthus20338-RA","Ahya","OG_2778",0,1,0
"Ahyacinthus20341-RA","Ahyacinthus20341-RA","Ahya","OG_10465",0,1,0
"Ahyacinthus20343-RA","Ahyacinthus20343-RA","Ahya","OG_2781",0,1,0
"Ahyacinthus20344-RA","Ahyacinthus20344-RA","Ahya","OG_2782",0,1,0
"Ahyacinthus20345-RA","Ahyacinthus20345-RA","Ahya","OG_8136",0,1,0
"Ahyacinthus20346-RA","Ahyacinthus20346-RA","Ahya","OG_10445",0,1,0
"Ahyacinthus20350-RA","Ahyacinthus20350-RA","Ahya","OG_2784",0,1,0
"Ahyacinthus20351-RA","Ahyacinthus20351-RA","Ahya","OG_5411",0,1,0
"Ahyacinthus20352-RA","Ahyacinthus20352-RA","Ahya","OG_2783",0,1,0
"Ahyacinthus20353-RA","Ahyacinthus20353-RA","Ahya","OG_764",0,1,0
"Ahyacinthus20354-RA","Ahyacinthus20354-RA","Ahya","OG_5985",0,1,0
"Ahyacinthus20358-RA","Ahyacinthus20358-RA","Ahya","OG_183",0,1,1
"Ahyacinthus20361-RA","Ahyacinthus20361-RA","Ahya","OG_905",1,1,1
"Ahyacinthus20363-RA","Ahyacinthus20363-RA","Ahya","OG_10521",0,1,0
"Ahyacinthus20365-RA","Ahyacinthus20365-RA","Ahya","OG_2785",0,1,0
"Ahyacinthus20366-RA","Ahyacinthus20366-RA","Ahya","OG_2788",0,1,0
"Ahyacinthus20367-RA","Ahyacinthus20367-RA","Ahya","OG_2788",0,1,0
"Ahyacinthus20369-RA","Ahyacinthus20369-RA","Ahya","OG_2789",0,1,0
"Ahyacinthus20375-RA","Ahyacinthus20375-RA","Ahya","OG_2792",0,1,0
"Ahyacinthus20378-RA","Ahyacinthus20378-RA","Ahya","OG_10504",0,1,0
"Ahyacinthus20379-RA","Ahyacinthus20379-RA","Ahya","OG_2791",0,1,0
"Ahyacinthus20381-RA","Ahyacinthus20381-RA","Ahya","OG_10459",0,1,0
"Ahyacinthus20383-RA","Ahyacinthus20383-RA","Ahya","OG_2794",0,1,0
"Ahyacinthus20389-RA","Ahyacinthus20389-RA","Ahya","OG_10454",0,1,0
"Ahyacinthus20390-RA","Ahyacinthus20390-RA","Ahya","OG_2795",0,1,0
"Ahyacinthus20392-RA","Ahyacinthus20392-RA","Ahya","OG_5414",0,1,0
"Ahyacinthus20393-RA","Ahyacinthus20393-RA","Ahya","OG_10448",1,1,0
"Ahyacinthus20394-RA","Ahyacinthus20394-RA","Ahya","OG_153",1,1,0
"Ahyacinthus20395-RA","Ahyacinthus20395-RA","Ahya","OG_12446",0,1,0
"Ahyacinthus20397-RA","Ahyacinthus20397-RA","Ahya","OG_6110",1,1,0
"Ahyacinthus20399-RA","Ahyacinthus20399-RA","Ahya","OG_10447",0,1,0
"Ahyacinthus20401-RA","Ahyacinthus20401-RA","Ahya","OG_2797",0,1,0
"Ahyacinthus20402-RA","Ahyacinthus20402-RA","Ahya","OG_10491",0,1,0
"Ahyacinthus20404-RA","Ahyacinthus20404-RA","Ahya","OG_10492",0,1,0
"Ahyacinthus20405-RA","Ahyacinthus20405-RA","Ahya","OG_10490",0,1,0
"Ahyacinthus20406-RA","Ahyacinthus20406-RA","Ahya","OG_10490",0,1,0
"Ahyacinthus20408-RA","Ahyacinthus20408-RA","Ahya","OG_5120",0,1,0
"Ahyacinthus20424-RA","Ahyacinthus20424-RA","Ahya","OG_10603",0,1,0
"Ahyacinthus20428-RA","Ahyacinthus20428-RA","Ahya","OG_2801",0,1,0
"Ahyacinthus20430-RA","Ahyacinthus20430-RA","Ahya","OG_2800",0,1,0
"Ahyacinthus20431-RA","Ahyacinthus20431-RA","Ahya","OG_5120",0,1,0
"Ahyacinthus20433-RA","Ahyacinthus20433-RA","Ahya","OG_2803",0,1,0
"Ahyacinthus20444-RA","Ahyacinthus20444-RA","Ahya","OG_10714",0,1,0
"Ahyacinthus20447-RA","Ahyacinthus20447-RA","Ahya","OG_2805",0,1,0
"Ahyacinthus20451-RA","Ahyacinthus20451-RA","Ahya","OG_10493",0,1,0
"Ahyacinthus20454-RA","Ahyacinthus20454-RA","Ahya","OG_6357",0,1,0
"Ahyacinthus20455-RA","Ahyacinthus20455-RA","Ahya","OG_10740",0,1,0
"Ahyacinthus20456-RA","Ahyacinthus20456-RA","Ahya","OG_2809",0,1,0
"Ahyacinthus20458-RA","Ahyacinthus20458-RA","Ahya","OG_10741",0,1,0
"Ahyacinthus20461-RA","Ahyacinthus20461-RA","Ahya","OG_2807",0,1,0
"Ahyacinthus20462-RA","Ahyacinthus20462-RA","Ahya","OG_2810",0,1,0
"Ahyacinthus20463-RA","Ahyacinthus20463-RA","Ahya","OG_2808",0,1,0
"Ahyacinthus20468-RA","Ahyacinthus20468-RA","Ahya","OG_12701",0,1,0
"Ahyacinthus20473-RA","Ahyacinthus20473-RA","Ahya","OG_426",1,1,1
"Ahyacinthus20475-RA","Ahyacinthus20475-RA","Ahya","OG_2815",0,1,0
"Ahyacinthus20476-RA","Ahyacinthus20476-RA","Ahya","OG_2813",0,1,0
"Ahyacinthus20481-RA","Ahyacinthus20481-RA","Ahya","OG_10683",0,1,1
"Ahyacinthus20486-RA","Ahyacinthus20486-RA","Ahya","OG_224",0,1,0
"Ahyacinthus20488-RA","Ahyacinthus20488-RA","Ahya","OG_10727",0,1,0
"Ahyacinthus20489-RA","Ahyacinthus20489-RA","Ahya","OG_2817",0,1,0
"Ahyacinthus20494-RA","Ahyacinthus20494-RA","Ahya","OG_9206",0,1,0
"Ahyacinthus20495-RA","Ahyacinthus20495-RA","Ahya","OG_9206",0,1,0
"Ahyacinthus20496-RA","Ahyacinthus20496-RA","Ahya","OG_10533",0,1,0
"Ahyacinthus20497-RA","Ahyacinthus20497-RA","Ahya","OG_10742",0,1,0
"Ahyacinthus20498-RA","Ahyacinthus20498-RA","Ahya","OG_10453",0,1,0
"Ahyacinthus20499-RA","Ahyacinthus20499-RA","Ahya","OG_847",1,1,0
"Ahyacinthus20502-RA","Ahyacinthus20502-RA","Ahya","OG_10593",0,1,0
"Ahyacinthus20505-RA","Ahyacinthus20505-RA","Ahya","OG_2819",0,1,0
"Ahyacinthus20506-RA","Ahyacinthus20506-RA","Ahya","OG_2820",0,1,0
"Ahyacinthus20507-RA","Ahyacinthus20507-RA","Ahya","OG_2821",0,1,0
"Ahyacinthus20509-RA","Ahyacinthus20509-RA","Ahya","OG_5956",0,1,0
"Ahyacinthus20511-RA","Ahyacinthus20511-RA","Ahya","OG_2823",0,1,0
"Ahyacinthus20512-RA","Ahyacinthus20512-RA","Ahya","OG_1572",0,1,0
"Ahyacinthus20513-RA","Ahyacinthus20513-RA","Ahya","OG_2822",0,1,0
"Ahyacinthus20514-RA","Ahyacinthus20514-RA","Ahya","OG_10509",0,1,0
"Ahyacinthus20518-RA","Ahyacinthus20518-RA","Ahya","OG_4924",1,1,0
"Ahyacinthus20519-RA","Ahyacinthus20519-RA","Ahya","OG_10439",0,1,0
"Ahyacinthus20523-RA","Ahyacinthus20523-RA","Ahya","OG_2826",0,1,0
"Ahyacinthus20526-RA","Ahyacinthus20526-RA","Ahya","OG_5967",1,1,0
"Ahyacinthus20537-RA","Ahyacinthus20537-RA","Ahya","OG_9026",0,1,0
"Ahyacinthus20538-RA","Ahyacinthus20538-RA","Ahya","OG_9026",0,1,0
"Ahyacinthus20539-RA","Ahyacinthus20539-RA","Ahya","OG_10650",0,1,1
"Ahyacinthus20540-RA","Ahyacinthus20540-RA","Ahya","OG_2828",0,1,0
"Ahyacinthus20541-RA","Ahyacinthus20541-RA","Ahya","OG_10517",0,1,0
"Ahyacinthus20542-RA","Ahyacinthus20542-RA","Ahya","OG_12523",0,1,0
"Ahyacinthus20543-RA","Ahyacinthus20543-RA","Ahya","OG_6563",0,1,0
"Ahyacinthus20547-RA","Ahyacinthus20547-RA","Ahya","OG_10599",0,1,0
"Ahyacinthus20548-RA","Ahyacinthus20548-RA","Ahya","OG_2825",0,1,0
"Ahyacinthus20555-RA","Ahyacinthus20555-RA","Ahya","OG_487",0,1,1
"Ahyacinthus20557-RA","Ahyacinthus20557-RA","Ahya","OG_487",0,1,1
"Ahyacinthus20558-RA","Ahyacinthus20558-RA","Ahya","OG_1251",0,1,0
"Ahyacinthus20562-RA","Ahyacinthus20562-RA","Ahya","OG_2834",0,1,0
"Ahyacinthus20563-RA","Ahyacinthus20563-RA","Ahya","OG_2836",0,1,0
"Ahyacinthus20564-RA","Ahyacinthus20564-RA","Ahya","OG_2832",0,1,0
"Ahyacinthus20566-RA","Ahyacinthus20566-RA","Ahya","OG_10573",0,1,0
"Ahyacinthus20567-RA","Ahyacinthus20567-RA","Ahya","OG_10574",0,1,0
"Ahyacinthus20568-RA","Ahyacinthus20568-RA","Ahya","OG_2837",0,1,0
"Ahyacinthus20570-RA","Ahyacinthus20570-RA","Ahya","OG_10605",0,1,0
"Ahyacinthus20571-RA","Ahyacinthus20571-RA","Ahya","OG_10606",1,1,1
"Ahyacinthus20573-RA","Ahyacinthus20573-RA","Ahya","OG_10701",0,1,0
"Ahyacinthus20577-RA","Ahyacinthus20577-RA","Ahya","OG_831",0,1,1
"Ahyacinthus20581-RA","Ahyacinthus20581-RA","Ahya","OG_2838",0,1,0
"Ahyacinthus20583-RA","Ahyacinthus20583-RA","Ahya","OG_6132",0,1,0
"Ahyacinthus20584-RA","Ahyacinthus20584-RA","Ahya","OG_10687",0,1,0
"Ahyacinthus20585-RA","Ahyacinthus20585-RA","Ahya","OG_10688",0,1,0
"Ahyacinthus20587-RA","Ahyacinthus20587-RA","Ahya","OG_10561",0,1,0
"Ahyacinthus20588-RA","Ahyacinthus20588-RA","Ahya","OG_10560",0,1,0
"Ahyacinthus20590-RA","Ahyacinthus20590-RA","Ahya","OG_784",0,1,0
"Ahyacinthus20591-RA","Ahyacinthus20591-RA","Ahya","OG_784",0,1,0
"Ahyacinthus20596-RA","Ahyacinthus20596-RA","Ahya","OG_784",0,1,0
"Ahyacinthus20603-RA","Ahyacinthus20603-RA","Ahya","OG_715",0,1,1
"Ahyacinthus20604-RA","Ahyacinthus20604-RA","Ahya","OG_784",0,1,0
"Ahyacinthus20608-RA","Ahyacinthus20608-RA","Ahya","OG_1258",0,1,0
"Ahyacinthus20611-RA","Ahyacinthus20611-RA","Ahya","OG_10671",0,1,0
"Ahyacinthus20617-RA","Ahyacinthus20617-RA","Ahya","OG_10631",0,1,0
"Ahyacinthus20618-RA","Ahyacinthus20618-RA","Ahya","OG_664",0,1,0
"Ahyacinthus20620-RA","Ahyacinthus20620-RA","Ahya","OG_784",0,1,0
"Ahyacinthus20623-RA","Ahyacinthus20623-RA","Ahya","OG_1101",0,1,0
"Ahyacinthus20625-RA","Ahyacinthus20625-RA","Ahya","OG_10702",0,1,0
"Ahyacinthus20631-RA","Ahyacinthus20631-RA","Ahya","OG_1489",0,1,0
"Ahyacinthus20633-RA","Ahyacinthus20633-RA","Ahya","OG_6810",0,1,0
"Ahyacinthus20646-RA","Ahyacinthus20646-RA","Ahya","OG_2845",0,1,0
"Ahyacinthus20648-RA","Ahyacinthus20648-RA","Ahya","OG_10443",0,1,0
"Ahyacinthus20652-RA","Ahyacinthus20652-RA","Ahya","OG_684",0,1,0
"Ahyacinthus20655-RA","Ahyacinthus20655-RA","Ahya","OG_2849",0,1,0
"Ahyacinthus20664-RA","Ahyacinthus20664-RA","Ahya","OG_10486",0,1,0
"Ahyacinthus20665-RA","Ahyacinthus20665-RA","Ahya","OG_10485",0,1,0
"Ahyacinthus20666-RA","Ahyacinthus20666-RA","Ahya","OG_6116",0,1,0
"Ahyacinthus20668-RA","Ahyacinthus20668-RA","Ahya","OG_2853",0,1,0
"Ahyacinthus20669-RA","Ahyacinthus20669-RA","Ahya","OG_10484",0,1,0
"Ahyacinthus20670-RA","Ahyacinthus20670-RA","Ahya","OG_10715",0,1,0
"Ahyacinthus20673-RA","Ahyacinthus20673-RA","Ahya","OG_2855",0,1,0
"Ahyacinthus20676-RA","Ahyacinthus20676-RA","Ahya","OG_2856",0,1,0
"Ahyacinthus20677-RA","Ahyacinthus20677-RA","Ahya","OG_10563",0,1,0
"Ahyacinthus20678-RA","Ahyacinthus20678-RA","Ahya","OG_10563",0,1,0
"Ahyacinthus20680-RA","Ahyacinthus20680-RA","Ahya","OG_12708",0,1,0
"Ahyacinthus20681-RA","Ahyacinthus20681-RA","Ahya","OG_10564",0,1,0
"Ahyacinthus20688-RA","Ahyacinthus20688-RA","Ahya","OG_10695",1,1,0
"Ahyacinthus20693-RA","Ahyacinthus20693-RA","Ahya","OG_12537",0,1,0
"Ahyacinthus20694-RA","Ahyacinthus20694-RA","Ahya","OG_10722",0,1,0
"Ahyacinthus20696-RA","Ahyacinthus20696-RA","Ahya","OG_2861",0,1,0
"Ahyacinthus20698-RA","Ahyacinthus20698-RA","Ahya","OG_2868",1,1,1
"Ahyacinthus20700-RA","Ahyacinthus20700-RA","Ahya","OG_2866",0,1,0
"Ahyacinthus20701-RA","Ahyacinthus20701-RA","Ahya","OG_2869",0,1,0
"Ahyacinthus20702-RA","Ahyacinthus20702-RA","Ahya","OG_2870",0,1,0
"Ahyacinthus20703-RA","Ahyacinthus20703-RA","Ahya","OG_2864",0,1,0
"Ahyacinthus20704-RA","Ahyacinthus20704-RA","Ahya","OG_10728",0,1,0
"Ahyacinthus20706-RA","Ahyacinthus20706-RA","Ahya","OG_2872",0,1,0
"Ahyacinthus20709-RA","Ahyacinthus20709-RA","Ahya","OG_10432",1,1,1
"Ahyacinthus20713-RA","Ahyacinthus20713-RA","Ahya","OG_10535",0,1,0
"Ahyacinthus20716-RA","Ahyacinthus20716-RA","Ahya","OG_2873",0,1,0
"Ahyacinthus20718-RA","Ahyacinthus20718-RA","Ahya","OG_2875",1,1,1
"Ahyacinthus20719-RA","Ahyacinthus20719-RA","Ahya","OG_12458",0,1,0
"Ahyacinthus20725-RA","Ahyacinthus20725-RA","Ahya","OG_831",0,1,1
"Ahyacinthus20726-RA","Ahyacinthus20726-RA","Ahya","OG_831",0,1,1
"Ahyacinthus20728-RA","Ahyacinthus20728-RA","Ahya","OG_831",0,1,1
"Ahyacinthus20729-RA","Ahyacinthus20729-RA","Ahya","OG_216",1,1,1
"Ahyacinthus20737-RA","Ahyacinthus20737-RA","Ahya","OG_176",1,1,1
"Ahyacinthus20738-RA","Ahyacinthus20738-RA","Ahya","OG_176",1,1,1
"Ahyacinthus20739-RA","Ahyacinthus20739-RA","Ahya","OG_7398",0,1,0
"Ahyacinthus20746-RA","Ahyacinthus20746-RA","Ahya","OG_5191",0,1,0
"Ahyacinthus20748-RA","Ahyacinthus20748-RA","Ahya","OG_5192",0,1,0
"Ahyacinthus20749-RA","Ahyacinthus20749-RA","Ahya","OG_596",1,1,1
"Ahyacinthus20758-RA","Ahyacinthus20758-RA","Ahya","OG_2880",0,1,0
"Ahyacinthus20767-RA","Ahyacinthus20767-RA","Ahya","OG_2882",0,1,0
"Ahyacinthus20771-RA","Ahyacinthus20771-RA","Ahya","OG_6811",0,1,1
"Ahyacinthus20775-RA","Ahyacinthus20775-RA","Ahya","OG_139",0,1,0
"Ahyacinthus20778-RA","Ahyacinthus20778-RA","Ahya","OG_10721",0,1,0
"Ahyacinthus20779-RA","Ahyacinthus20779-RA","Ahya","OG_10721",0,1,0
"Ahyacinthus20784-RA","Ahyacinthus20784-RA","Ahya","OG_2884",0,1,0
"Ahyacinthus20785-RA","Ahyacinthus20785-RA","Ahya","OG_2884",0,1,0
"Ahyacinthus20787-RA","Ahyacinthus20787-RA","Ahya","OG_10473",0,1,0
"Ahyacinthus20789-RA","Ahyacinthus20789-RA","Ahya","OG_10474",0,1,0
"Ahyacinthus20792-RA","Ahyacinthus20792-RA","Ahya","OG_10572",0,1,0
"Ahyacinthus20794-RA","Ahyacinthus20794-RA","Ahya","OG_5121",0,1,0
"Ahyacinthus20799-RA","Ahyacinthus20799-RA","Ahya","OG_2887",0,1,0
"Ahyacinthus20800-RA","Ahyacinthus20800-RA","Ahya","OG_10418",0,1,0
"Ahyacinthus20801-RA","Ahyacinthus20801-RA","Ahya","OG_6800",0,1,0
"Ahyacinthus20803-RA","Ahyacinthus20803-RA","Ahya","OG_5121",0,1,0
"Ahyacinthus20804-RA","Ahyacinthus20804-RA","Ahya","OG_5121",0,1,0
"Ahyacinthus20805-RA","Ahyacinthus20805-RA","Ahya","OG_5121",0,1,0
"Ahyacinthus20807-RA","Ahyacinthus20807-RA","Ahya","OG_5004",0,1,0
"Ahyacinthus20808-RA","Ahyacinthus20808-RA","Ahya","OG_6799",0,1,1
"Ahyacinthus20815-RA","Ahyacinthus20815-RA","Ahya","OG_10416",0,1,1
"Ahyacinthus20816-RA","Ahyacinthus20816-RA","Ahya","OG_2888",0,1,0
"Ahyacinthus20822-RA","Ahyacinthus20822-RA","Ahya","OG_10645",0,1,1
"Ahyacinthus20823-RA","Ahyacinthus20823-RA","Ahya","OG_10645",0,1,1
"Ahyacinthus20824-RA","Ahyacinthus20824-RA","Ahya","OG_10515",1,1,0
"Ahyacinthus20830-RA","Ahyacinthus20830-RA","Ahya","OG_798",0,1,0
"Ahyacinthus20832-RA","Ahyacinthus20832-RA","Ahya","OG_10514",0,1,0
"Ahyacinthus20848-RA","Ahyacinthus20848-RA","Ahya","OG_2892",0,1,0
"Ahyacinthus20849-RA","Ahyacinthus20849-RA","Ahya","OG_10641",0,1,0
"Ahyacinthus20852-RA","Ahyacinthus20852-RA","Ahya","OG_10642",0,1,0
"Ahyacinthus20856-RA","Ahyacinthus20856-RA","Ahya","OG_2891",0,1,0
"Ahyacinthus20859-RA","Ahyacinthus20859-RA","Ahya","OG_2893",0,1,0
"Ahyacinthus20863-RA","Ahyacinthus20863-RA","Ahya","OG_10551",1,1,0
"Ahyacinthus20869-RA","Ahyacinthus20869-RA","Ahya","OG_2895",1,1,0
"Ahyacinthus20871-RA","Ahyacinthus20871-RA","Ahya","OG_384",0,1,0
"Ahyacinthus20872-RA","Ahyacinthus20872-RA","Ahya","OG_983",0,1,1
"Ahyacinthus20873-RA","Ahyacinthus20873-RA","Ahya","OG_12703",0,1,0
"Ahyacinthus20874-RA","Ahyacinthus20874-RA","Ahya","OG_6120",1,1,0
"Ahyacinthus20876-RA","Ahyacinthus20876-RA","Ahya","OG_10730",1,1,0
"Ahyacinthus20879-RA","Ahyacinthus20879-RA","Ahya","OG_10712",0,1,0
"Ahyacinthus20881-RA","Ahyacinthus20881-RA","Ahya","OG_2898",0,1,0
"Ahyacinthus20886-RA","Ahyacinthus20886-RA","Ahya","OG_2900",0,1,0
"Ahyacinthus20887-RA","Ahyacinthus20887-RA","Ahya","OG_10577",1,1,0
"Ahyacinthus20888-RA","Ahyacinthus20888-RA","Ahya","OG_10576",0,1,0
"Ahyacinthus20893-RA","Ahyacinthus20893-RA","Ahya","OG_2901",0,1,0
"Ahyacinthus20895-RA","Ahyacinthus20895-RA","Ahya","OG_2904",0,1,1
"Ahyacinthus20902-RA","Ahyacinthus20902-RA","Ahya","OG_131",0,1,0
"Ahyacinthus20909-RA","Ahyacinthus20909-RA","Ahya","OG_10476",0,1,0
"Ahyacinthus20910-RA","Ahyacinthus20910-RA","Ahya","OG_10401",0,1,0
"Ahyacinthus20911-RA","Ahyacinthus20911-RA","Ahya","OG_2906",0,1,0
"Ahyacinthus20914-RA","Ahyacinthus20914-RA","Ahya","OG_9952",0,1,0
"Ahyacinthus20915-RA","Ahyacinthus20915-RA","Ahya","OG_10638",0,1,0
"Ahyacinthus20916-RA","Ahyacinthus20916-RA","Ahya","OG_2908",0,1,0
"Ahyacinthus20919-RA","Ahyacinthus20919-RA","Ahya","OG_2910",0,1,0
"Ahyacinthus20920-RA","Ahyacinthus20920-RA","Ahya","OG_2912",0,1,0
"Ahyacinthus20921-RA","Ahyacinthus20921-RA","Ahya","OG_6113",0,1,0
"Ahyacinthus20924-RA","Ahyacinthus20924-RA","Ahya","OG_10475",0,1,0
"Ahyacinthus20925-RA","Ahyacinthus20925-RA","Ahya","OG_5919",0,1,0
"Ahyacinthus20928-RA","Ahyacinthus20928-RA","Ahya","OG_5184",0,1,1
"Ahyacinthus20935-RA","Ahyacinthus20935-RA","Ahya","OG_6828",0,1,1
"Ahyacinthus20936-RA","Ahyacinthus20936-RA","Ahya","OG_562",0,1,1
"Ahyacinthus20939-RA","Ahyacinthus20939-RA","Ahya","OG_10569",0,1,0
"Ahyacinthus20941-RA","Ahyacinthus20941-RA","Ahya","OG_10570",0,1,0
"Ahyacinthus20943-RA","Ahyacinthus20943-RA","Ahya","OG_10655",0,1,0
"Ahyacinthus20944-RA","Ahyacinthus20944-RA","Ahya","OG_12700",0,1,0
"Ahyacinthus20946-RA","Ahyacinthus20946-RA","Ahya","OG_10713",0,1,0
"Ahyacinthus20947-RA","Ahyacinthus20947-RA","Ahya","OG_10565",0,1,0
"Ahyacinthus20950-RA","Ahyacinthus20950-RA","Ahya","OG_2918",0,1,0
"Ahyacinthus20952-RA","Ahyacinthus20952-RA","Ahya","OG_10508",0,1,0
"Ahyacinthus20953-RA","Ahyacinthus20953-RA","Ahya","OG_5007",0,1,0
"Ahyacinthus20959-RA","Ahyacinthus20959-RA","Ahya","OG_10630",0,1,0
"Ahyacinthus20960-RA","Ahyacinthus20960-RA","Ahya","OG_2921",0,1,1
"Ahyacinthus20961-RA","Ahyacinthus20961-RA","Ahya","OG_2922",0,1,0
"Ahyacinthus20962-RA","Ahyacinthus20962-RA","Ahya","OG_5186",0,1,0
"Ahyacinthus20964-RA","Ahyacinthus20964-RA","Ahya","OG_5391",0,1,0
"Ahyacinthus20967-RA","Ahyacinthus20967-RA","Ahya","OG_10513",0,1,0
"Ahyacinthus20968-RA","Ahyacinthus20968-RA","Ahya","OG_1019",0,1,0
"Ahyacinthus20969-RA","Ahyacinthus20969-RA","Ahya","OG_10414",0,1,0
"Ahyacinthus20972-RA","Ahyacinthus20972-RA","Ahya","OG_9276",0,1,0
"Ahyacinthus20977-RA","Ahyacinthus20977-RA","Ahya","OG_10700",0,1,0
"Ahyacinthus20978-RA","Ahyacinthus20978-RA","Ahya","OG_5188",0,1,0
"Ahyacinthus20979-RA","Ahyacinthus20979-RA","Ahya","OG_10610",0,1,0
"Ahyacinthus20980-RA","Ahyacinthus20980-RA","Ahya","OG_10472",0,1,0
"Ahyacinthus20981-RA","Ahyacinthus20981-RA","Ahya","OG_2925",0,1,0
"Ahyacinthus20982-RA","Ahyacinthus20982-RA","Ahya","OG_6112",0,1,0
"Ahyacinthus20983-RA","Ahyacinthus20983-RA","Ahya","OG_2926",0,1,0
"Ahyacinthus20988-RA","Ahyacinthus20988-RA","Ahya","OG_5418",0,1,1
"Ahyacinthus20990-RA","Ahyacinthus20990-RA","Ahya","OG_2927",0,1,0
"Ahyacinthus20992-RA","Ahyacinthus20992-RA","Ahya","OG_10608",0,1,0
"Ahyacinthus20993-RA","Ahyacinthus20993-RA","Ahya","OG_10609",0,1,0
"Ahyacinthus20997-RA","Ahyacinthus20997-RA","Ahya","OG_1017",0,1,1
"Ahyacinthus20999-RA","Ahyacinthus20999-RA","Ahya","OG_1017",0,1,1
"Ahyacinthus21000-RA","Ahyacinthus21000-RA","Ahya","OG_1017",0,1,1
"Ahyacinthus21004-RA","Ahyacinthus21004-RA","Ahya","OG_10579",0,1,0
"Ahyacinthus21005-RA","Ahyacinthus21005-RA","Ahya","OG_121",0,1,0
"Ahyacinthus21007-RA","Ahyacinthus21007-RA","Ahya","OG_121",0,1,0
"Ahyacinthus21009-RA","Ahyacinthus21009-RA","Ahya","OG_10584",0,1,0
"Ahyacinthus21010-RA","Ahyacinthus21010-RA","Ahya","OG_10583",0,1,1
"Ahyacinthus21011-RA","Ahyacinthus21011-RA","Ahya","OG_5939",0,1,0
"Ahyacinthus21012-RA","Ahyacinthus21012-RA","Ahya","OG_2929",0,1,0
"Ahyacinthus21014-RA","Ahyacinthus21014-RA","Ahya","OG_10544",0,1,0
"Ahyacinthus21018-RA","Ahyacinthus21018-RA","Ahya","OG_2930",0,1,0
"Ahyacinthus21019-RA","Ahyacinthus21019-RA","Ahya","OG_2931",0,1,0
"Ahyacinthus21022-RA","Ahyacinthus21022-RA","Ahya","OG_6797",0,1,0
"Ahyacinthus21030-RA","Ahyacinthus21030-RA","Ahya","OG_993",1,1,1
"Ahyacinthus21032-RA","Ahyacinthus21032-RA","Ahya","OG_2933",0,1,0
"Ahyacinthus21033-RA","Ahyacinthus21033-RA","Ahya","OG_928",0,1,0
"Ahyacinthus21036-RA","Ahyacinthus21036-RA","Ahya","OG_12527",0,1,0
"Ahyacinthus21038-RA","Ahyacinthus21038-RA","Ahya","OG_2934",0,1,0
"Ahyacinthus21043-RA","Ahyacinthus21043-RA","Ahya","OG_10488",0,1,0
"Ahyacinthus21042-RA","Ahyacinthus21042-RA","Ahya","OG_10487",0,1,0
"Ahyacinthus21044-RA","Ahyacinthus21044-RA","Ahya","OG_2936",0,1,0
"Ahyacinthus21046-RA","Ahyacinthus21046-RA","Ahya","OG_2935",0,1,0
"Ahyacinthus21048-RA","Ahyacinthus21048-RA","Ahya","OG_997",0,1,0
"Ahyacinthus21049-RA","Ahyacinthus21049-RA","Ahya","OG_2937",0,1,0
"Ahyacinthus21051-RA","Ahyacinthus21051-RA","Ahya","OG_415",0,1,0
"Ahyacinthus21068-RA","Ahyacinthus21068-RA","Ahya","OG_10428",0,1,0
"Ahyacinthus21072-RA","Ahyacinthus21072-RA","Ahya","OG_6114",1,1,0
"Ahyacinthus21073-RA","Ahyacinthus21073-RA","Ahya","OG_2938",0,1,0
"Ahyacinthus21074-RA","Ahyacinthus21074-RA","Ahya","OG_2939",0,1,0
"Ahyacinthus21078-RA","Ahyacinthus21078-RA","Ahya","OG_2940",0,1,0
"Ahyacinthus21080-RA","Ahyacinthus21080-RA","Ahya","OG_223",0,1,0
"Ahyacinthus21092-RA","Ahyacinthus21092-RA","Ahya","OG_569",0,1,0
"Ahyacinthus21103-RA","Ahyacinthus21103-RA","Ahya","OG_2944",0,1,0
"Ahyacinthus21112-RA","Ahyacinthus21112-RA","Ahya","OG_5008",0,1,0
"Ahyacinthus21113-RA","Ahyacinthus21113-RA","Ahya","OG_10716",0,1,0
"Ahyacinthus21114-RA","Ahyacinthus21114-RA","Ahya","OG_10452",0,1,0
"Ahyacinthus21115-RA","Ahyacinthus21115-RA","Ahya","OG_10452",0,1,0
"Ahyacinthus21116-RA","Ahyacinthus21116-RA","Ahya","OG_6812",0,1,0
"Ahyacinthus21117-RA","Ahyacinthus21117-RA","Ahya","OG_2950",0,1,0
"Ahyacinthus21121-RA","Ahyacinthus21121-RA","Ahya","OG_8808",0,1,0
"Ahyacinthus21128-RA","Ahyacinthus21128-RA","Ahya","OG_10547",0,1,0
"Ahyacinthus21131-RA","Ahyacinthus21131-RA","Ahya","OG_10409",0,1,0
"Ahyacinthus21132-RA","Ahyacinthus21132-RA","Ahya","OG_6798",0,1,0
"Ahyacinthus21133-RA","Ahyacinthus21133-RA","Ahya","OG_6825",0,1,1
"Ahyacinthus21134-RA","Ahyacinthus21134-RA","Ahya","OG_2952",0,1,0
"Ahyacinthus21135-RA","Ahyacinthus21135-RA","Ahya","OG_2951",0,1,0
"Ahyacinthus21136-RA","Ahyacinthus21136-RA","Ahya","OG_10589",0,1,0
"Ahyacinthus21139-RA","Ahyacinthus21139-RA","Ahya","OG_5122",0,1,0
"Ahyacinthus21142-RA","Ahyacinthus21142-RA","Ahya","OG_10507",0,1,1
"Ahyacinthus21146-RA","Ahyacinthus21146-RA","Ahya","OG_10724",0,1,0
"Ahyacinthus21148-RA","Ahyacinthus21148-RA","Ahya","OG_2956",0,1,0
"Ahyacinthus21150-RA","Ahyacinthus21150-RA","Ahya","OG_10403",0,1,0
"Ahyacinthus21158-RA","Ahyacinthus21158-RA","Ahya","OG_10636",0,1,0
"Ahyacinthus21159-RA","Ahyacinthus21159-RA","Ahya","OG_10634",0,1,0
"Ahyacinthus21168-RA","Ahyacinthus21168-RA","Ahya","OG_5122",0,1,0
"Ahyacinthus21175-RA","Ahyacinthus21175-RA","Ahya","OG_2958",0,1,0
"Ahyacinthus21176-RA","Ahyacinthus21176-RA","Ahya","OG_10633",0,1,0
"Ahyacinthus21177-RA","Ahyacinthus21177-RA","Ahya","OG_10659",0,1,0
"Ahyacinthus21184-RA","Ahyacinthus21184-RA","Ahya","OG_2959",0,1,0
"Ahyacinthus21188-RA","Ahyacinthus21188-RA","Ahya","OG_1292",0,1,1
"Ahyacinthus21215-RA","Ahyacinthus21215-RA","Ahya","OG_2963",0,1,1
"Ahyacinthus21216-RA","Ahyacinthus21216-RA","Ahya","OG_6818",0,1,1
"Ahyacinthus21220-RA","Ahyacinthus21220-RA","Ahya","OG_216",1,1,1
"Ahyacinthus21223-RA","Ahyacinthus21223-RA","Ahya","OG_2965",0,1,0
"Ahyacinthus21224-RA","Ahyacinthus21224-RA","Ahya","OG_6824",0,1,0
"Ahyacinthus21225-RA","Ahyacinthus21225-RA","Ahya","OG_10699",0,1,0
"Ahyacinthus21226-RA","Ahyacinthus21226-RA","Ahya","OG_10467",0,1,0
"Ahyacinthus21227-RA","Ahyacinthus21227-RA","Ahya","OG_725",1,1,1
"Ahyacinthus21230-RA","Ahyacinthus21230-RA","Ahya","OG_570",0,1,0
"Ahyacinthus21232-RA","Ahyacinthus21232-RA","Ahya","OG_2967",0,1,0
"Ahyacinthus21233-RA","Ahyacinthus21233-RA","Ahya","OG_2968",0,1,0
"Ahyacinthus21234-RA","Ahyacinthus21234-RA","Ahya","OG_10524",0,1,0
"Ahyacinthus21235-RA","Ahyacinthus21235-RA","Ahya","OG_2969",0,1,0
"Ahyacinthus21237-RA","Ahyacinthus21237-RA","Ahya","OG_10424",0,1,0
"Ahyacinthus21242-RA","Ahyacinthus21242-RA","Ahya","OG_10585",0,1,0
"Ahyacinthus21243-RA","Ahyacinthus21243-RA","Ahya","OG_1293",0,1,0
"Ahyacinthus21246-RA","Ahyacinthus21246-RA","Ahya","OG_5010",1,1,0
"Ahyacinthus21249-RA","Ahyacinthus21249-RA","Ahya","OG_928",0,1,0
"Ahyacinthus21255-RA","Ahyacinthus21255-RA","Ahya","OG_2970",0,1,0
"Ahyacinthus21256-RA","Ahyacinthus21256-RA","Ahya","OG_10739",0,1,0
"Ahyacinthus21258-RA","Ahyacinthus21258-RA","Ahya","OG_2971",1,1,0
"Ahyacinthus21265-RA","Ahyacinthus21265-RA","Ahya","OG_2974",0,1,0
"Ahyacinthus21267-RA","Ahyacinthus21267-RA","Ahya","OG_2974",0,1,0
"Ahyacinthus21268-RA","Ahyacinthus21268-RA","Ahya","OG_6808",0,1,0
"Ahyacinthus21271-RA","Ahyacinthus21271-RA","Ahya","OG_585",1,1,0
"Ahyacinthus21273-RA","Ahyacinthus21273-RA","Ahya","OG_2976",0,1,0
"Ahyacinthus21275-RA","Ahyacinthus21275-RA","Ahya","OG_10612",1,1,0
"Ahyacinthus21276-RA","Ahyacinthus21276-RA","Ahya","OG_10612",1,1,0
"Ahyacinthus21278-RA","Ahyacinthus21278-RA","Ahya","OG_585",1,1,0
"Ahyacinthus21279-RA","Ahyacinthus21279-RA","Ahya","OG_585",1,1,0
"Ahyacinthus21282-RA","Ahyacinthus21282-RA","Ahya","OG_548",0,1,0
"Ahyacinthus21283-RA","Ahyacinthus21283-RA","Ahya","OG_548",0,1,0
"Ahyacinthus21290-RA","Ahyacinthus21290-RA","Ahya","OG_12456",0,1,0
"Ahyacinthus21292-RA","Ahyacinthus21292-RA","Ahya","OG_576",0,1,0
"Ahyacinthus21293-RA","Ahyacinthus21293-RA","Ahya","OG_10405",0,1,0
"Ahyacinthus21296-RA","Ahyacinthus21296-RA","Ahya","OG_10406",0,1,0
"Ahyacinthus21297-RA","Ahyacinthus21297-RA","Ahya","OG_5417",0,1,0
"Ahyacinthus21298-RA","Ahyacinthus21298-RA","Ahya","OG_2980",0,1,0
"Ahyacinthus21301-RA","Ahyacinthus21301-RA","Ahya","OG_12665",0,1,1
"Ahyacinthus21303-RA","Ahyacinthus21303-RA","Ahya","OG_1051",1,1,1
"Ahyacinthus21304-RA","Ahyacinthus21304-RA","Ahya","OG_10581",1,1,0
"Ahyacinthus21305-RA","Ahyacinthus21305-RA","Ahya","OG_10582",0,1,0
"Ahyacinthus21306-RA","Ahyacinthus21306-RA","Ahya","OG_5926",0,1,0
"Ahyacinthus21308-RA","Ahyacinthus21308-RA","Ahya","OG_10437",0,1,1
"Ahyacinthus21309-RA","Ahyacinthus21309-RA","Ahya","OG_2981",0,1,0
"Ahyacinthus21313-RA","Ahyacinthus21313-RA","Ahya","OG_2982",0,1,1
"Ahyacinthus21314-RA","Ahyacinthus21314-RA","Ahya","OG_10411",0,1,0
"Ahyacinthus21315-RA","Ahyacinthus21315-RA","Ahya","OG_10594",0,1,0
"Ahyacinthus21317-RA","Ahyacinthus21317-RA","Ahya","OG_10410",0,1,0
"Ahyacinthus21318-RA","Ahyacinthus21318-RA","Ahya","OG_10542",1,1,1
"Ahyacinthus21320-RA","Ahyacinthus21320-RA","Ahya","OG_2985",0,1,0
"Ahyacinthus21323-RA","Ahyacinthus21323-RA","Ahya","OG_2986",0,1,0
"Ahyacinthus21328-RA","Ahyacinthus21328-RA","Ahya","OG_5934",0,1,0
"Ahyacinthus21332-RA","Ahyacinthus21332-RA","Ahya","OG_5934",0,1,0
"Ahyacinthus21337-RA","Ahyacinthus21337-RA","Ahya","OG_2988",0,1,0
"Ahyacinthus21338-RA","Ahyacinthus21338-RA","Ahya","OG_2987",0,1,0
"Ahyacinthus21339-RA","Ahyacinthus21339-RA","Ahya","OG_775",1,1,0
"Ahyacinthus21341-RA","Ahyacinthus21341-RA","Ahya","OG_2990",0,1,0
"Ahyacinthus21346-RA","Ahyacinthus21346-RA","Ahya","OG_2992",0,1,0
"Ahyacinthus21348-RA","Ahyacinthus21348-RA","Ahya","OG_10587",0,1,0
"Ahyacinthus21349-RA","Ahyacinthus21349-RA","Ahya","OG_2993",0,1,0
"Ahyacinthus21354-RA","Ahyacinthus21354-RA","Ahya","OG_6121",0,1,0
"Ahyacinthus21356-RA","Ahyacinthus21356-RA","Ahya","OG_2995",0,1,0
"Ahyacinthus21363-RA","Ahyacinthus21363-RA","Ahya","OG_6819",0,1,0
"Ahyacinthus21366-RA","Ahyacinthus21366-RA","Ahya","OG_10395",0,1,0
"Ahyacinthus21377-RA","Ahyacinthus21377-RA","Ahya","OG_2999",0,1,0
"Ahyacinthus21378-RA","Ahyacinthus21378-RA","Ahya","OG_6796",0,1,0
"Ahyacinthus21379-RA","Ahyacinthus21379-RA","Ahya","OG_6239",0,1,0
"Ahyacinthus21382-RA","Ahyacinthus21382-RA","Ahya","OG_6127",1,1,0
"Ahyacinthus21387-RA","Ahyacinthus21387-RA","Ahya","OG_3001",0,1,0
"Ahyacinthus21388-RA","Ahyacinthus21388-RA","Ahya","OG_9907",0,1,0
"Ahyacinthus21396-RA","Ahyacinthus21396-RA","Ahya","OG_847",1,1,0
"Ahyacinthus21397-RA","Ahyacinthus21397-RA","Ahya","OG_7618",1,1,0
"Ahyacinthus21399-RA","Ahyacinthus21399-RA","Ahya","OG_6803",0,1,0
"Ahyacinthus21400-RA","Ahyacinthus21400-RA","Ahya","OG_6803",0,1,0
"Ahyacinthus21406-RA","Ahyacinthus21406-RA","Ahya","OG_10586",0,1,0
"Ahyacinthus21407-RA","Ahyacinthus21407-RA","Ahya","OG_8762",0,1,1
"Ahyacinthus21408-RA","Ahyacinthus21408-RA","Ahya","OG_6134",0,1,0
"Ahyacinthus21409-RA","Ahyacinthus21409-RA","Ahya","OG_3005",0,1,0
"Ahyacinthus21412-RA","Ahyacinthus21412-RA","Ahya","OG_5288",0,1,0
"Ahyacinthus21419-RA","Ahyacinthus21419-RA","Ahya","OG_6123",1,1,0
"Ahyacinthus21421-RA","Ahyacinthus21421-RA","Ahya","OG_10598",0,1,0
"Ahyacinthus21422-RA","Ahyacinthus21422-RA","Ahya","OG_10597",0,1,0
"Ahyacinthus21423-RA","Ahyacinthus21423-RA","Ahya","OG_10460",0,1,0
"Ahyacinthus21424-RA","Ahyacinthus21424-RA","Ahya","OG_3007",0,1,0
"Ahyacinthus21427-RA","Ahyacinthus21427-RA","Ahya","OG_3008",0,1,0
"Ahyacinthus21430-RA","Ahyacinthus21430-RA","Ahya","OG_10461",0,1,0
"Ahyacinthus21431-RA","Ahyacinthus21431-RA","Ahya","OG_3006",0,1,0
"Ahyacinthus21432-RA","Ahyacinthus21432-RA","Ahya","OG_3009",0,1,0
"Ahyacinthus21433-RA","Ahyacinthus21433-RA","Ahya","OG_6131",0,1,0
"Ahyacinthus21434-RA","Ahyacinthus21434-RA","Ahya","OG_6131",0,1,0
"Ahyacinthus21439-RA","Ahyacinthus21439-RA","Ahya","OG_434",0,1,1
"Ahyacinthus21440-RA","Ahyacinthus21440-RA","Ahya","OG_1014",0,1,0
"Ahyacinthus21441-RA","Ahyacinthus21441-RA","Ahya","OG_5071",0,1,1
"Ahyacinthus21442-RA","Ahyacinthus21442-RA","Ahya","OG_5071",0,1,1
"Ahyacinthus21446-RA","Ahyacinthus21446-RA","Ahya","OG_4702",0,1,0
"Ahyacinthus21447-RA","Ahyacinthus21447-RA","Ahya","OG_4702",0,1,0
"Ahyacinthus21451-RA","Ahyacinthus21451-RA","Ahya","OG_3011",0,1,0
"Ahyacinthus21453-RA","Ahyacinthus21453-RA","Ahya","OG_5190",0,1,0
"Ahyacinthus21454-RA","Ahyacinthus21454-RA","Ahya","OG_1169",0,1,1
"Ahyacinthus21455-RA","Ahyacinthus21455-RA","Ahya","OG_5967",1,1,0
"Ahyacinthus21456-RA","Ahyacinthus21456-RA","Ahya","OG_10553",0,1,0
"Ahyacinthus21461-RA","Ahyacinthus21461-RA","Ahya","OG_515",0,1,0
"Ahyacinthus21464-RA","Ahyacinthus21464-RA","Ahya","OG_1085",0,1,0
"Ahyacinthus21465-RA","Ahyacinthus21465-RA","Ahya","OG_1085",0,1,0
"Ahyacinthus21469-RA","Ahyacinthus21469-RA","Ahya","OG_718",0,1,0
"Ahyacinthus21470-RA","Ahyacinthus21470-RA","Ahya","OG_3013",0,1,0
"Ahyacinthus21471-RA","Ahyacinthus21471-RA","Ahya","OG_3012",0,1,0
"Ahyacinthus21472-RA","Ahyacinthus21472-RA","Ahya","OG_5415",0,1,0
"Ahyacinthus21476-RA","Ahyacinthus21476-RA","Ahya","OG_7802",0,1,0
"Ahyacinthus21480-RA","Ahyacinthus21480-RA","Ahya","OG_1137",0,1,0
"Ahyacinthus21481-RA","Ahyacinthus21481-RA","Ahya","OG_7802",0,1,0
"Ahyacinthus21485-RA","Ahyacinthus21485-RA","Ahya","OG_286",0,1,1
"Ahyacinthus21486-RA","Ahyacinthus21486-RA","Ahya","OG_7964",0,1,0
"Ahyacinthus21487-RA","Ahyacinthus21487-RA","Ahya","OG_12698",0,1,0
"Ahyacinthus21491-RA","Ahyacinthus21491-RA","Ahya","OG_12698",0,1,0
"Ahyacinthus21497-RA","Ahyacinthus21497-RA","Ahya","OG_3014",0,1,0
"Ahyacinthus21499-RA","Ahyacinthus21499-RA","Ahya","OG_1110",0,1,0
"Ahyacinthus21506-RA","Ahyacinthus21506-RA","Ahya","OG_583",0,1,0
"Ahyacinthus21507-RA","Ahyacinthus21507-RA","Ahya","OG_1071",0,1,0
"Ahyacinthus21514-RA","Ahyacinthus21514-RA","Ahya","OG_904",0,1,0
"Ahyacinthus21516-RA","Ahyacinthus21516-RA","Ahya","OG_149",1,1,1
"Ahyacinthus21521-RA","Ahyacinthus21521-RA","Ahya","OG_1120",1,1,0
"Ahyacinthus21522-RA","Ahyacinthus21522-RA","Ahya","OG_673",0,1,1
"Ahyacinthus21523-RA","Ahyacinthus21523-RA","Ahya","OG_673",0,1,1
"Ahyacinthus21545-RA","Ahyacinthus21545-RA","Ahya","OG_386",0,1,1
"Ahyacinthus21548-RA","Ahyacinthus21548-RA","Ahya","OG_282",0,1,0
"Ahyacinthus21551-RA","Ahyacinthus21551-RA","Ahya","OG_562",0,1,1
"Ahyacinthus21552-RA","Ahyacinthus21552-RA","Ahya","OG_6816",0,1,0
"Ahyacinthus21554-RA","Ahyacinthus21554-RA","Ahya","OG_5115",0,1,0
"Ahyacinthus21555-RA","Ahyacinthus21555-RA","Ahya","OG_10820",0,1,1
"Ahyacinthus21560-RA","Ahyacinthus21560-RA","Ahya","OG_459",0,1,0
"Ahyacinthus21561-RA","Ahyacinthus21561-RA","Ahya","OG_10611",0,1,1
"Ahyacinthus21562-RA","Ahyacinthus21562-RA","Ahya","OG_3017",0,1,0
"Ahyacinthus21563-RA","Ahyacinthus21563-RA","Ahya","OG_3016",0,1,0
"Ahyacinthus21569-RA","Ahyacinthus21569-RA","Ahya","OG_10399",0,1,0
"Ahyacinthus21570-RA","Ahyacinthus21570-RA","Ahya","OG_3018",0,1,1
"Ahyacinthus21571-RA","Ahyacinthus21571-RA","Ahya","OG_3019",0,1,0
"Ahyacinthus21576-RA","Ahyacinthus21576-RA","Ahya","OG_6111",0,1,0
"Ahyacinthus21577-RA","Ahyacinthus21577-RA","Ahya","OG_767",1,1,0
"Ahyacinthus21583-RA","Ahyacinthus21583-RA","Ahya","OG_8119",0,1,0
"Ahyacinthus21586-RA","Ahyacinthus21586-RA","Ahya","OG_1339",0,1,0
"Ahyacinthus21587-RA","Ahyacinthus21587-RA","Ahya","OG_3020",0,1,0
"Ahyacinthus21588-RA","Ahyacinthus21588-RA","Ahya","OG_3020",0,1,0
"Ahyacinthus21591-RA","Ahyacinthus21591-RA","Ahya","OG_10502",0,1,0
"Ahyacinthus21592-RA","Ahyacinthus21592-RA","Ahya","OG_3022",0,1,0
"Ahyacinthus21594-RA","Ahyacinthus21594-RA","Ahya","OG_5410",0,1,0
"Ahyacinthus21595-RA","Ahyacinthus21595-RA","Ahya","OG_10499",1,1,0
"Ahyacinthus21596-RA","Ahyacinthus21596-RA","Ahya","OG_10546",0,1,0
"Ahyacinthus21597-RA","Ahyacinthus21597-RA","Ahya","OG_3023",0,1,0
"Ahyacinthus21598-RA","Ahyacinthus21598-RA","Ahya","OG_10673",0,1,1
"Ahyacinthus21600-RA","Ahyacinthus21600-RA","Ahya","OG_3024",0,1,0
"Ahyacinthus21601-RA","Ahyacinthus21601-RA","Ahya","OG_3026",0,1,0
"Ahyacinthus21602-RA","Ahyacinthus21602-RA","Ahya","OG_161",0,1,1
"Ahyacinthus21606-RA","Ahyacinthus21606-RA","Ahya","OG_6804",0,1,0
"Ahyacinthus21607-RA","Ahyacinthus21607-RA","Ahya","OG_1124",1,1,0
"Ahyacinthus21608-RA","Ahyacinthus21608-RA","Ahya","OG_170",1,1,1
"Ahyacinthus21609-RA","Ahyacinthus21609-RA","Ahya","OG_970",0,1,1
"Ahyacinthus21611-RA","Ahyacinthus21611-RA","Ahya","OG_1494",0,1,0
"Ahyacinthus21612-RA","Ahyacinthus21612-RA","Ahya","OG_1044",0,1,0
"Ahyacinthus21619-RA","Ahyacinthus21619-RA","Ahya","OG_333",1,1,1
"Ahyacinthus21620-RA","Ahyacinthus21620-RA","Ahya","OG_682",1,1,1
"Ahyacinthus21622-RA","Ahyacinthus21622-RA","Ahya","OG_850",0,1,0
"Ahyacinthus21623-RA","Ahyacinthus21623-RA","Ahya","OG_353",0,1,0
"Ahyacinthus21625-RA","Ahyacinthus21625-RA","Ahya","OG_728",0,1,0
"Ahyacinthus21626-RA","Ahyacinthus21626-RA","Ahya","OG_869",0,1,0
"Ahyacinthus21629-RA","Ahyacinthus21629-RA","Ahya","OG_5945",0,1,0
"Ahyacinthus21630-RA","Ahyacinthus21630-RA","Ahya","OG_1162",0,1,1
"Ahyacinthus21631-RA","Ahyacinthus21631-RA","Ahya","OG_5072",0,1,0
"Ahyacinthus21635-RA","Ahyacinthus21635-RA","Ahya","OG_377",1,1,0
"Ahyacinthus21638-RA","Ahyacinthus21638-RA","Ahya","OG_6554",0,1,0
"Ahyacinthus21639-RA","Ahyacinthus21639-RA","Ahya","OG_369",1,1,1
"Ahyacinthus21640-RA","Ahyacinthus21640-RA","Ahya","OG_369",1,1,1
"Ahyacinthus21641-RA","Ahyacinthus21641-RA","Ahya","OG_771",1,1,1
"Ahyacinthus21644-RA","Ahyacinthus21644-RA","Ahya","OG_1339",0,1,0
"Ahyacinthus21645-RA","Ahyacinthus21645-RA","Ahya","OG_12347",0,1,0
"Ahyacinthus21646-RA","Ahyacinthus21646-RA","Ahya","OG_732",1,1,0
"Ahyacinthus21648-RA","Ahyacinthus21648-RA","Ahya","OG_590",0,1,1
"Ahyacinthus21652-RA","Ahyacinthus21652-RA","Ahya","OG_813",0,1,0
"Ahyacinthus21653-RA","Ahyacinthus21653-RA","Ahya","OG_848",1,1,0
"Ahyacinthus21659-RA","Ahyacinthus21659-RA","Ahya","OG_6673",0,1,0
"Ahyacinthus21660-RA","Ahyacinthus21660-RA","Ahya","OG_714",0,1,1
"Ahyacinthus21662-RA","Ahyacinthus21662-RA","Ahya","OG_763",0,1,0
"Ahyacinthus21663-RA","Ahyacinthus21663-RA","Ahya","OG_257",1,1,1
"Ahyacinthus21664-RA","Ahyacinthus21664-RA","Ahya","OG_992",0,1,0
"Ahyacinthus21666-RA","Ahyacinthus21666-RA","Ahya","OG_1005",0,1,0
"Ahyacinthus21667-RA","Ahyacinthus21667-RA","Ahya","OG_189",0,1,1
"Ahyacinthus21668-RA","Ahyacinthus21668-RA","Ahya","OG_258",0,1,0
"Ahyacinthus21673-RA","Ahyacinthus21673-RA","Ahya","OG_170",1,1,1
"Ahyacinthus21674-RA","Ahyacinthus21674-RA","Ahya","OG_849",0,1,0
"Ahyacinthus21675-RA","Ahyacinthus21675-RA","Ahya","OG_5126",0,1,0
"Ahyacinthus21678-RA","Ahyacinthus21678-RA","Ahya","OG_369",1,1,1
"Ahyacinthus21680-RA","Ahyacinthus21680-RA","Ahya","OG_1180",0,1,0
"Ahyacinthus21681-RA","Ahyacinthus21681-RA","Ahya","OG_869",0,1,0
"Ahyacinthus21682-RA","Ahyacinthus21682-RA","Ahya","OG_282",0,1,0
"Ahyacinthus21683-RA","Ahyacinthus21683-RA","Ahya","OG_677",0,1,0
"Ahyacinthus21684-RA","Ahyacinthus21684-RA","Ahya","OG_739",0,1,0
"Ahyacinthus21686-RA","Ahyacinthus21686-RA","Ahya","OG_869",0,1,0
"Ahyacinthus21691-RA","Ahyacinthus21691-RA","Ahya","OG_153",1,1,0
"Ahyacinthus21692-RA","Ahyacinthus21692-RA","Ahya","OG_1084",0,1,0
"Ahyacinthus21693-RA","Ahyacinthus21693-RA","Ahya","OG_722",0,1,1
"Ahyacinthus21694-RA","Ahyacinthus21694-RA","Ahya","OG_10670",0,1,0
"Ahyacinthus21696-RA","Ahyacinthus21696-RA","Ahya","OG_500",0,1,1
"Ahyacinthus21698-RA","Ahyacinthus21698-RA","Ahya","OG_924",0,1,0
"Ahyacinthus21702-RA","Ahyacinthus21702-RA","Ahya","OG_5138",0,1,1
"Ahyacinthus21704-RA","Ahyacinthus21704-RA","Ahya","OG_906",0,1,0
"Ahyacinthus21705-RA","Ahyacinthus21705-RA","Ahya","OG_416",0,1,0
"Ahyacinthus21707-RA","Ahyacinthus21707-RA","Ahya","OG_270",1,1,1
"Ahyacinthus21709-RA","Ahyacinthus21709-RA","Ahya","OG_957",0,1,1
"Ahyacinthus21710-RA","Ahyacinthus21710-RA","Ahya","OG_324",0,1,1
"Ahyacinthus21711-RA","Ahyacinthus21711-RA","Ahya","OG_130",0,1,1
"Ahyacinthus21712-RA","Ahyacinthus21712-RA","Ahya","OG_1187",0,1,0
"Ahyacinthus21713-RA","Ahyacinthus21713-RA","Ahya","OG_876",0,1,1
"Ahyacinthus21720-RA","Ahyacinthus21720-RA","Ahya","OG_5124",0,1,0
"Ahyacinthus21721-RA","Ahyacinthus21721-RA","Ahya","OG_5124",0,1,0
"Ahyacinthus21723-RA","Ahyacinthus21723-RA","Ahya","OG_697",0,1,0
"Ahyacinthus21724-RA","Ahyacinthus21724-RA","Ahya","OG_697",0,1,0
"Ahyacinthus21725-RA","Ahyacinthus21725-RA","Ahya","OG_697",0,1,0
"Ahyacinthus21727-RA","Ahyacinthus21727-RA","Ahya","OG_1552",0,1,0
"Ahyacinthus21728-RA","Ahyacinthus21728-RA","Ahya","OG_754",1,1,0
"Ahyacinthus21730-RA","Ahyacinthus21730-RA","Ahya","OG_5076",1,1,0
"Ahyacinthus21732-RA","Ahyacinthus21732-RA","Ahya","OG_717",0,1,0
"Ahyacinthus21735-RA","Ahyacinthus21735-RA","Ahya","OG_907",0,1,0
"Ahyacinthus21736-RA","Ahyacinthus21736-RA","Ahya","OG_907",0,1,0
"Ahyacinthus21739-RA","Ahyacinthus21739-RA","Ahya","OG_3027",0,1,0
"Ahyacinthus21738-RA","Ahyacinthus21738-RA","Ahya","OG_6107",0,1,0
"Ahyacinthus21740-RA","Ahyacinthus21740-RA","Ahya","OG_3029",0,1,0
"Ahyacinthus21742-RA","Ahyacinthus21742-RA","Ahya","OG_3032",0,1,0
"Ahyacinthus21743-RA","Ahyacinthus21743-RA","Ahya","OG_3032",0,1,0
"Ahyacinthus21746-RA","Ahyacinthus21746-RA","Ahya","OG_3033",0,1,0
"Ahyacinthus21747-RA","Ahyacinthus21747-RA","Ahya","OG_3033",0,1,0
"Ahyacinthus21748-RA","Ahyacinthus21748-RA","Ahya","OG_3031",0,1,0
"Ahyacinthus21750-RA","Ahyacinthus21750-RA","Ahya","OG_868",1,1,1
"Ahyacinthus21751-RA","Ahyacinthus21751-RA","Ahya","OG_1061",0,1,1
"Ahyacinthus21752-RA","Ahyacinthus21752-RA","Ahya","OG_1015",0,1,1
"Ahyacinthus21754-RA","Ahyacinthus21754-RA","Ahya","OG_424",0,1,1
"Ahyacinthus21755-RA","Ahyacinthus21755-RA","Ahya","OG_170",1,1,1
"Ahyacinthus21756-RA","Ahyacinthus21756-RA","Ahya","OG_894",0,1,1
"Ahyacinthus21757-RA","Ahyacinthus21757-RA","Ahya","OG_1109",0,1,0
"Ahyacinthus21759-RA","Ahyacinthus21759-RA","Ahya","OG_599",0,1,0
"Ahyacinthus21760-RA","Ahyacinthus21760-RA","Ahya","OG_1105",1,1,1
"Ahyacinthus21763-RA","Ahyacinthus21763-RA","Ahya","OG_852",0,1,0
"Ahyacinthus21764-RA","Ahyacinthus21764-RA","Ahya","OG_541",1,1,1
"Ahyacinthus21765-RA","Ahyacinthus21765-RA","Ahya","OG_1055",0,1,0
"Ahyacinthus21768-RA","Ahyacinthus21768-RA","Ahya","OG_549",0,1,0
"Ahyacinthus21772-RA","Ahyacinthus21772-RA","Ahya","OG_867",0,1,1
"Ahyacinthus21783-RA","Ahyacinthus21783-RA","Ahya","OG_408",1,1,1
"Ahyacinthus21784-RA","Ahyacinthus21784-RA","Ahya","OG_848",1,1,0
"Ahyacinthus21785-RA","Ahyacinthus21785-RA","Ahya","OG_5075",0,1,0
"Ahyacinthus21786-RA","Ahyacinthus21786-RA","Ahya","OG_1120",1,1,0
"Ahyacinthus21791-RA","Ahyacinthus21791-RA","Ahya","OG_1030",1,1,0
"Ahyacinthus21792-RA","Ahyacinthus21792-RA","Ahya","OG_1030",1,1,0
"Ahyacinthus21793-RA","Ahyacinthus21793-RA","Ahya","OG_9359",0,1,0
"Ahyacinthus21795-RA","Ahyacinthus21795-RA","Ahya","OG_425",0,1,0
"Ahyacinthus21799-RA","Ahyacinthus21799-RA","Ahya","OG_5097",0,1,0
"Ahyacinthus21802-RA","Ahyacinthus21802-RA","Ahya","OG_857",0,1,0
"Ahyacinthus21803-RA","Ahyacinthus21803-RA","Ahya","OG_324",0,1,1
"Ahyacinthus21805-RA","Ahyacinthus21805-RA","Ahya","OG_813",0,1,0
"Ahyacinthus21809-RA","Ahyacinthus21809-RA","Ahya","OG_277",0,1,0
"Ahyacinthus21811-RA","Ahyacinthus21811-RA","Ahya","OG_277",0,1,0
"Ahyacinthus21812-RA","Ahyacinthus21812-RA","Ahya","OG_277",0,1,0
"Ahyacinthus21813-RA","Ahyacinthus21813-RA","Ahya","OG_301",0,1,1
"Ahyacinthus21817-RA","Ahyacinthus21817-RA","Ahya","OG_5130",0,1,0
"Ahyacinthus21819-RA","Ahyacinthus21819-RA","Ahya","OG_515",0,1,0
"Ahyacinthus21820-RA","Ahyacinthus21820-RA","Ahya","OG_474",0,1,0
"Ahyacinthus21821-RA","Ahyacinthus21821-RA","Ahya","OG_12429",0,1,1
"Ahyacinthus21823-RA","Ahyacinthus21823-RA","Ahya","OG_959",0,1,0
"Ahyacinthus21825-RA","Ahyacinthus21825-RA","Ahya","OG_959",0,1,0
"Ahyacinthus21826-RA","Ahyacinthus21826-RA","Ahya","OG_3152",1,1,0
"Ahyacinthus21828-RA","Ahyacinthus21828-RA","Ahya","OG_408",1,1,1
"Ahyacinthus21833-RA","Ahyacinthus21833-RA","Ahya","OG_9360",1,1,1
"Ahyacinthus21835-RA","Ahyacinthus21835-RA","Ahya","OG_6076",1,1,0
"Ahyacinthus21840-RA","Ahyacinthus21840-RA","Ahya","OG_4814",1,1,0
"Ahyacinthus21841-RA","Ahyacinthus21841-RA","Ahya","OG_4815",0,1,0
"Ahyacinthus21843-RA","Ahyacinthus21843-RA","Ahya","OG_377",1,1,0
"Ahyacinthus21845-RA","Ahyacinthus21845-RA","Ahya","OG_895",1,1,1
"Ahyacinthus21846-RA","Ahyacinthus21846-RA","Ahya","OG_288",0,1,1
"Ahyacinthus21851-RA","Ahyacinthus21851-RA","Ahya","OG_1194",0,1,1
"Ahyacinthus21852-RA","Ahyacinthus21852-RA","Ahya","OG_611",0,1,1
"Ahyacinthus21854-RA","Ahyacinthus21854-RA","Ahya","OG_929",1,1,1
"Ahyacinthus21856-RA","Ahyacinthus21856-RA","Ahya","OG_889",0,1,0
"Ahyacinthus21859-RA","Ahyacinthus21859-RA","Ahya","OG_533",0,1,0
"Ahyacinthus21861-RA","Ahyacinthus21861-RA","Ahya","OG_771",1,1,1
"Ahyacinthus21863-RA","Ahyacinthus21863-RA","Ahya","OG_288",0,1,1
"Ahyacinthus21865-RA","Ahyacinthus21865-RA","Ahya","OG_533",0,1,0
"Ahyacinthus21866-RA","Ahyacinthus21866-RA","Ahya","OG_12517",0,1,0
"Ahyacinthus21870-RA","Ahyacinthus21870-RA","Ahya","OG_655",0,1,1
"Ahyacinthus21871-RA","Ahyacinthus21871-RA","Ahya","OG_659",1,1,0
"Ahyacinthus21872-RA","Ahyacinthus21872-RA","Ahya","OG_216",1,1,1
"Ahyacinthus21873-RA","Ahyacinthus21873-RA","Ahya","OG_978",1,1,1
"Ahyacinthus21874-RA","Ahyacinthus21874-RA","Ahya","OG_216",1,1,1
"Ahyacinthus21875-RA","Ahyacinthus21875-RA","Ahya","OG_427",0,1,1
"Ahyacinthus21877-RA","Ahyacinthus21877-RA","Ahya","OG_12482",0,1,0
"Ahyacinthus21879-RA","Ahyacinthus21879-RA","Ahya","OG_928",0,1,0
"Ahyacinthus21881-RA","Ahyacinthus21881-RA","Ahya","OG_517",0,1,0
"Ahyacinthus21883-RA","Ahyacinthus21883-RA","Ahya","OG_257",1,1,1
"Ahyacinthus21888-RA","Ahyacinthus21888-RA","Ahya","OG_168",0,1,1
"Ahyacinthus21889-RA","Ahyacinthus21889-RA","Ahya","OG_369",1,1,1
"Ahyacinthus21890-RA","Ahyacinthus21890-RA","Ahya","OG_369",1,1,1
"Ahyacinthus21891-RA","Ahyacinthus21891-RA","Ahya","OG_416",0,1,0
"Ahyacinthus21893-RA","Ahyacinthus21893-RA","Ahya","OG_1123",0,1,1
"Ahyacinthus21894-RA","Ahyacinthus21894-RA","Ahya","OG_741",1,1,1
"Ahyacinthus21895-RA","Ahyacinthus21895-RA","Ahya","OG_611",0,1,1
"Ahyacinthus21898-RA","Ahyacinthus21898-RA","Ahya","OG_5101",0,1,1
"Ahyacinthus21899-RA","Ahyacinthus21899-RA","Ahya","OG_9831",0,1,0
"Ahyacinthus21901-RA","Ahyacinthus21901-RA","Ahya","OG_773",1,1,1
"Ahyacinthus21902-RA","Ahyacinthus21902-RA","Ahya","OG_12426",0,1,0
"Ahyacinthus21903-RA","Ahyacinthus21903-RA","Ahya","OG_611",0,1,1
"Ahyacinthus21904-RA","Ahyacinthus21904-RA","Ahya","OG_739",0,1,0
"Ahyacinthus21907-RA","Ahyacinthus21907-RA","Ahya","OG_332",0,1,1
"Ahyacinthus21908-RA","Ahyacinthus21908-RA","Ahya","OG_722",0,1,1
"Ahyacinthus21911-RA","Ahyacinthus21911-RA","Ahya","OG_435",0,1,0
"Ahyacinthus21912-RA","Ahyacinthus21912-RA","Ahya","OG_5145",0,1,0
"Ahyacinthus21913-RA","Ahyacinthus21913-RA","Ahya","OG_12432",0,1,0
"Ahyacinthus21915-RA","Ahyacinthus21915-RA","Ahya","OG_906",0,1,0
"Ahyacinthus21918-RA","Ahyacinthus21918-RA","Ahya","OG_1109",0,1,0
"Ahyacinthus21919-RA","Ahyacinthus21919-RA","Ahya","OG_332",0,1,1
"Ahyacinthus21920-RA","Ahyacinthus21920-RA","Ahya","OG_377",1,1,0
"Ahyacinthus21921-RA","Ahyacinthus21921-RA","Ahya","OG_9340",0,1,0
"Ahyacinthus21923-RA","Ahyacinthus21923-RA","Ahya","OG_9454",0,1,0
"Ahyacinthus21925-RA","Ahyacinthus21925-RA","Ahya","OG_12615",0,1,0
"Ahyacinthus21928-RA","Ahyacinthus21928-RA","Ahya","OG_936",0,1,0
"Ahyacinthus21931-RA","Ahyacinthus21931-RA","Ahya","OG_1026",0,1,0
"Ahyacinthus21932-RA","Ahyacinthus21932-RA","Ahya","OG_961",0,1,0
"Ahyacinthus21933-RA","Ahyacinthus21933-RA","Ahya","OG_887",0,1,0
"Ahyacinthus21934-RA","Ahyacinthus21934-RA","Ahya","OG_960",0,1,0
"Ahyacinthus21935-RA","Ahyacinthus21935-RA","Ahya","OG_861",1,1,1
"Ahyacinthus21937-RA","Ahyacinthus21937-RA","Ahya","OG_761",1,1,0
"Ahyacinthus21938-RA","Ahyacinthus21938-RA","Ahya","OG_153",1,1,0
"Ahyacinthus21939-RA","Ahyacinthus21939-RA","Ahya","OG_6346",0,1,0
"Ahyacinthus21940-RA","Ahyacinthus21940-RA","Ahya","OG_901",0,1,1
"Ahyacinthus21943-RA","Ahyacinthus21943-RA","Ahya","OG_820",1,1,0
"Ahyacinthus21944-RA","Ahyacinthus21944-RA","Ahya","OG_876",0,1,1
"Ahyacinthus21949-RA","Ahyacinthus21949-RA","Ahya","OG_758",0,1,0
"Ahyacinthus21950-RA","Ahyacinthus21950-RA","Ahya","OG_1026",0,1,0
"Ahyacinthus21952-RA","Ahyacinthus21952-RA","Ahya","OG_901",0,1,1
"Ahyacinthus21956-RA","Ahyacinthus21956-RA","Ahya","OG_922",0,1,0
"Ahyacinthus21957-RA","Ahyacinthus21957-RA","Ahya","OG_886",0,1,1
"Ahyacinthus21959-RA","Ahyacinthus21959-RA","Ahya","OG_12510",0,1,0
"Ahyacinthus21960-RA","Ahyacinthus21960-RA","Ahya","OG_5081",0,1,0
"Ahyacinthus21962-RA","Ahyacinthus21962-RA","Ahya","OG_738",0,1,0
"Ahyacinthus21963-RA","Ahyacinthus21963-RA","Ahya","OG_1090",0,1,0
"Ahyacinthus21964-RA","Ahyacinthus21964-RA","Ahya","OG_1071",0,1,0
"Ahyacinthus21965-RA","Ahyacinthus21965-RA","Ahya","OG_1555",0,1,1
"Ahyacinthus21966-RA","Ahyacinthus21966-RA","Ahya","OG_876",0,1,1
"Ahyacinthus21967-RA","Ahyacinthus21967-RA","Ahya","OG_12488",0,1,0
"Ahyacinthus21968-RA","Ahyacinthus21968-RA","Ahya","OG_270",1,1,1
"Ahyacinthus21971-RA","Ahyacinthus21971-RA","Ahya","OG_416",0,1,0
"Ahyacinthus21972-RA","Ahyacinthus21972-RA","Ahya","OG_879",1,1,1
"Ahyacinthus21973-RA","Ahyacinthus21973-RA","Ahya","OG_705",0,1,0
"Ahyacinthus21974-RA","Ahyacinthus21974-RA","Ahya","OG_248",1,1,1
"Ahyacinthus21975-RA","Ahyacinthus21975-RA","Ahya","OG_248",1,1,1
"Ahyacinthus21977-RA","Ahyacinthus21977-RA","Ahya","OG_170",1,1,1
"Ahyacinthus21980-RA","Ahyacinthus21980-RA","Ahya","OG_1066",0,1,0
"Ahyacinthus21985-RA","Ahyacinthus21985-RA","Ahya","OG_696",0,1,1
"Ahyacinthus21989-RA","Ahyacinthus21989-RA","Ahya","OG_929",1,1,1
"Ahyacinthus21990-RA","Ahyacinthus21990-RA","Ahya","OG_664",0,1,0
"Ahyacinthus21991-RA","Ahyacinthus21991-RA","Ahya","OG_682",1,1,1
"Ahyacinthus21992-RA","Ahyacinthus21992-RA","Ahya","OG_1243",0,1,0
"Ahyacinthus21993-RA","Ahyacinthus21993-RA","Ahya","OG_559",0,1,1
"Ahyacinthus21994-RA","Ahyacinthus21994-RA","Ahya","OG_571",0,1,1
"Ahyacinthus21996-RA","Ahyacinthus21996-RA","Ahya","OG_782",0,1,0
"Ahyacinthus21997-RA","Ahyacinthus21997-RA","Ahya","OG_301",0,1,1
"Ahyacinthus22000-RA","Ahyacinthus22000-RA","Ahya","OG_7245",0,1,0
"Ahyacinthus22013-RA","Ahyacinthus22013-RA","Ahya","OG_970",0,1,1
"Ahyacinthus22015-RA","Ahyacinthus22015-RA","Ahya","OG_811",0,1,0
"Ahyacinthus22017-RA","Ahyacinthus22017-RA","Ahya","OG_8014",0,1,0
"Ahyacinthus22018-RA","Ahyacinthus22018-RA","Ahya","OG_291",1,1,0
"Ahyacinthus22031-RA","Ahyacinthus22031-RA","Ahya","OG_858",0,1,0
"Ahyacinthus22032-RA","Ahyacinthus22032-RA","Ahya","OG_541",1,1,1
"Ahyacinthus22036-RA","Ahyacinthus22036-RA","Ahya","OG_936",0,1,0
"Ahyacinthus22037-RA","Ahyacinthus22037-RA","Ahya","OG_5381",0,1,0
"Ahyacinthus22040-RA","Ahyacinthus22040-RA","Ahya","OG_1544",0,1,0
"Ahyacinthus22042-RA","Ahyacinthus22042-RA","Ahya","OG_1005",0,1,0
"Ahyacinthus22043-RA","Ahyacinthus22043-RA","Ahya","OG_1005",0,1,0
"Ahyacinthus22044-RA","Ahyacinthus22044-RA","Ahya","OG_150",1,1,1
"Ahyacinthus22048-RA","Ahyacinthus22048-RA","Ahya","OG_5124",0,1,0
"Ahyacinthus22049-RA","Ahyacinthus22049-RA","Ahya","OG_858",0,1,0
"Ahyacinthus22055-RA","Ahyacinthus22055-RA","Ahya","OG_9578",1,1,0
"Ahyacinthus22056-RA","Ahyacinthus22056-RA","Ahya","OG_5264",0,1,0
"Ahyacinthus22057-RA","Ahyacinthus22057-RA","Ahya","OG_1279",0,1,0
"Ahyacinthus22058-RA","Ahyacinthus22058-RA","Ahya","OG_4818",0,1,0
"Ahyacinthus22063-RA","Ahyacinthus22063-RA","Ahya","OG_9440",1,1,0
"Ahyacinthus22064-RA","Ahyacinthus22064-RA","Ahya","OG_864",1,1,0
"Ahyacinthus22065-RA","Ahyacinthus22065-RA","Ahya","OG_520",0,1,0
"Ahyacinthus22073-RA","Ahyacinthus22073-RA","Ahya","OG_906",0,1,0
"Ahyacinthus22079-RA","Ahyacinthus22079-RA","Ahya","OG_4820",0,1,0
"Ahyacinthus22084-RA","Ahyacinthus22084-RA","Ahya","OG_4821",0,1,0
"Ahyacinthus22092-RA","Ahyacinthus22092-RA","Ahya","OG_378",0,1,0
"Ahyacinthus22093-RA","Ahyacinthus22093-RA","Ahya","OG_1176",0,1,1
"Ahyacinthus22094-RA","Ahyacinthus22094-RA","Ahya","OG_799",0,1,0
"Ahyacinthus22096-RA","Ahyacinthus22096-RA","Ahya","OG_1186",0,1,0
"Ahyacinthus22097-RA","Ahyacinthus22097-RA","Ahya","OG_828",0,1,0
"Ahyacinthus22103-RA","Ahyacinthus22103-RA","Ahya","OG_1186",0,1,0
"Ahyacinthus22104-RA","Ahyacinthus22104-RA","Ahya","OG_1098",0,1,1
"Ahyacinthus22105-RA","Ahyacinthus22105-RA","Ahya","OG_12639",0,1,0
"Ahyacinthus22107-RA","Ahyacinthus22107-RA","Ahya","OG_5145",0,1,0
"Ahyacinthus22108-RA","Ahyacinthus22108-RA","Ahya","OG_12432",0,1,0
"Ahyacinthus22109-RA","Ahyacinthus22109-RA","Ahya","OG_358",0,1,0
"Ahyacinthus22110-RA","Ahyacinthus22110-RA","Ahya","OG_358",0,1,0
"Ahyacinthus22112-RA","Ahyacinthus22112-RA","Ahya","OG_720",0,1,1
"Ahyacinthus22113-RA","Ahyacinthus22113-RA","Ahya","OG_6380",0,1,0
"Ahyacinthus22115-RA","Ahyacinthus22115-RA","Ahya","OG_406",1,1,1
"Ahyacinthus22116-RA","Ahyacinthus22116-RA","Ahya","OG_5108",0,1,1
"Ahyacinthus22118-RA","Ahyacinthus22118-RA","Ahya","OG_12753",0,1,1
"Ahyacinthus22119-RA","Ahyacinthus22119-RA","Ahya","OG_5108",0,1,1
"Ahyacinthus22121-RA","Ahyacinthus22121-RA","Ahya","OG_248",1,1,1
"Ahyacinthus22123-RA","Ahyacinthus22123-RA","Ahya","OG_1243",0,1,0
"Ahyacinthus22126-RA","Ahyacinthus22126-RA","Ahya","OG_643",1,1,0
"Ahyacinthus22129-RA","Ahyacinthus22129-RA","Ahya","OG_902",1,1,0
"Ahyacinthus22130-RA","Ahyacinthus22130-RA","Ahya","OG_902",1,1,0
"Ahyacinthus22131-RA","Ahyacinthus22131-RA","Ahya","OG_378",0,1,0
"Ahyacinthus22132-RA","Ahyacinthus22132-RA","Ahya","OG_429",1,1,1
"Ahyacinthus22137-RA","Ahyacinthus22137-RA","Ahya","OG_9354",0,1,0
"Ahyacinthus22146-RA","Ahyacinthus22146-RA","Ahya","OG_898",0,1,0
"Ahyacinthus22153-RA","Ahyacinthus22153-RA","Ahya","OG_4822",0,1,0
"Ahyacinthus22152-RA","Ahyacinthus22152-RA","Ahya","OG_9542",0,1,0
"Ahyacinthus22157-RA","Ahyacinthus22157-RA","Ahya","OG_5",0,1,0
"Ahyacinthus22158-RA","Ahyacinthus22158-RA","Ahya","OG_9474",0,1,0
"Ahyacinthus22160-RA","Ahyacinthus22160-RA","Ahya","OG_9472",0,1,0
"Ahyacinthus22161-RA","Ahyacinthus22161-RA","Ahya","OG_456",0,1,1
"Ahyacinthus22162-RA","Ahyacinthus22162-RA","Ahya","OG_1176",0,1,1
"Ahyacinthus22163-RA","Ahyacinthus22163-RA","Ahya","OG_8256",0,1,0
"Ahyacinthus22166-RA","Ahyacinthus22166-RA","Ahya","OG_513",0,1,0
"Ahyacinthus22171-RA","Ahyacinthus22171-RA","Ahya","OG_9407",0,1,0
"Ahyacinthus22172-RA","Ahyacinthus22172-RA","Ahya","OG_9407",0,1,0
"Ahyacinthus22175-RA","Ahyacinthus22175-RA","Ahya","OG_603",0,1,0
"Ahyacinthus22178-RA","Ahyacinthus22178-RA","Ahya","OG_9407",0,1,0
"Ahyacinthus22179-RA","Ahyacinthus22179-RA","Ahya","OG_4825",1,1,0
"Ahyacinthus22180-RA","Ahyacinthus22180-RA","Ahya","OG_4825",1,1,0
"Ahyacinthus22181-RA","Ahyacinthus22181-RA","Ahya","OG_4826",1,1,1
"Ahyacinthus22182-RA","Ahyacinthus22182-RA","Ahya","OG_4824",1,1,0
"Ahyacinthus22184-RA","Ahyacinthus22184-RA","Ahya","OG_7618",1,1,0
"Ahyacinthus22187-RA","Ahyacinthus22187-RA","Ahya","OG_9419",0,1,0
"Ahyacinthus22189-RA","Ahyacinthus22189-RA","Ahya","OG_9574",1,1,0
"Ahyacinthus22191-RA","Ahyacinthus22191-RA","Ahya","OG_9573",0,1,0
"Ahyacinthus22192-RA","Ahyacinthus22192-RA","Ahya","OG_12610",0,1,0
"Ahyacinthus22193-RA","Ahyacinthus22193-RA","Ahya","OG_12612",0,1,0
"Ahyacinthus22195-RA","Ahyacinthus22195-RA","Ahya","OG_9436",0,1,0
"Ahyacinthus22196-RA","Ahyacinthus22196-RA","Ahya","OG_9593",0,1,0
"Ahyacinthus22197-RA","Ahyacinthus22197-RA","Ahya","OG_8000",0,1,0
"Ahyacinthus22199-RA","Ahyacinthus22199-RA","Ahya","OG_8000",0,1,0
"Ahyacinthus22202-RA","Ahyacinthus22202-RA","Ahya","OG_248",1,1,1
"Ahyacinthus22203-RA","Ahyacinthus22203-RA","Ahya","OG_469",0,1,0
"Ahyacinthus22206-RA","Ahyacinthus22206-RA","Ahya","OG_5165",0,1,0
"Ahyacinthus22207-RA","Ahyacinthus22207-RA","Ahya","OG_688",0,1,0
"Ahyacinthus22210-RA","Ahyacinthus22210-RA","Ahya","OG_1076",1,1,1
"Ahyacinthus22211-RA","Ahyacinthus22211-RA","Ahya","OG_436",0,1,0
"Ahyacinthus22212-RA","Ahyacinthus22212-RA","Ahya","OG_4828",0,1,0
"Ahyacinthus22213-RA","Ahyacinthus22213-RA","Ahya","OG_436",0,1,0
"Ahyacinthus22217-RA","Ahyacinthus22217-RA","Ahya","OG_5166",0,1,0
"Ahyacinthus22218-RA","Ahyacinthus22218-RA","Ahya","OG_436",0,1,0
"Ahyacinthus22219-RA","Ahyacinthus22219-RA","Ahya","OG_6073",0,1,0
"Ahyacinthus22225-RA","Ahyacinthus22225-RA","Ahya","OG_332",0,1,1
"Ahyacinthus22239-RA","Ahyacinthus22239-RA","Ahya","OG_9531",0,1,0
"Ahyacinthus22241-RA","Ahyacinthus22241-RA","Ahya","OG_4830",1,1,1
"Ahyacinthus22249-RA","Ahyacinthus22249-RA","Ahya","OG_1135",0,1,0
"Ahyacinthus22250-RA","Ahyacinthus22250-RA","Ahya","OG_5125",1,1,1
"Ahyacinthus22251-RA","Ahyacinthus22251-RA","Ahya","OG_9594",0,1,0
"Ahyacinthus22252-RA","Ahyacinthus22252-RA","Ahya","OG_9468",1,1,1
"Ahyacinthus22256-RA","Ahyacinthus22256-RA","Ahya","OG_908",0,1,0
"Ahyacinthus22257-RA","Ahyacinthus22257-RA","Ahya","OG_378",0,1,0
"Ahyacinthus22271-RA","Ahyacinthus22271-RA","Ahya","OG_962",0,1,0
"Ahyacinthus22275-RA","Ahyacinthus22275-RA","Ahya","OG_962",0,1,0
"Ahyacinthus22282-RA","Ahyacinthus22282-RA","Ahya","OG_5263",1,1,0
"Ahyacinthus22283-RA","Ahyacinthus22283-RA","Ahya","OG_4833",0,1,0
"Ahyacinthus22284-RA","Ahyacinthus22284-RA","Ahya","OG_329",0,1,0
"Ahyacinthus22285-RA","Ahyacinthus22285-RA","Ahya","OG_329",0,1,0
"Ahyacinthus22286-RA","Ahyacinthus22286-RA","Ahya","OG_329",0,1,0
"Ahyacinthus22287-RA","Ahyacinthus22287-RA","Ahya","OG_4834",0,1,0
"Ahyacinthus22288-RA","Ahyacinthus22288-RA","Ahya","OG_9504",0,1,0
"Ahyacinthus22290-RA","Ahyacinthus22290-RA","Ahya","OG_5580",0,1,0
"Ahyacinthus22299-RA","Ahyacinthus22299-RA","Ahya","OG_433",0,1,0
"Ahyacinthus22314-RA","Ahyacinthus22314-RA","Ahya","OG_358",0,1,0
"Ahyacinthus22325-RA","Ahyacinthus22325-RA","Ahya","OG_963",1,1,1
"Ahyacinthus22326-RA","Ahyacinthus22326-RA","Ahya","OG_963",1,1,1
"Ahyacinthus22328-RA","Ahyacinthus22328-RA","Ahya","OG_963",1,1,1
"Ahyacinthus22330-RA","Ahyacinthus22330-RA","Ahya","OG_963",1,1,1
"Ahyacinthus22342-RA","Ahyacinthus22342-RA","Ahya","OG_9351",1,1,0
"Ahyacinthus22347-RA","Ahyacinthus22347-RA","Ahya","OG_536",0,1,0
"Ahyacinthus22348-RA","Ahyacinthus22348-RA","Ahya","OG_445",0,1,1
"Ahyacinthus22353-RA","Ahyacinthus22353-RA","Ahya","OG_4845",0,1,0
"Ahyacinthus22355-RA","Ahyacinthus22355-RA","Ahya","OG_9541",0,1,0
"Ahyacinthus22356-RA","Ahyacinthus22356-RA","Ahya","OG_9540",0,1,0
"Ahyacinthus22358-RA","Ahyacinthus22358-RA","Ahya","OG_9539",0,1,0
"Ahyacinthus22364-RA","Ahyacinthus22364-RA","Ahya","OG_9339",0,1,0
"Ahyacinthus22365-RA","Ahyacinthus22365-RA","Ahya","OG_287",1,1,1
"Ahyacinthus22368-RA","Ahyacinthus22368-RA","Ahya","OG_9401",0,1,0
"Ahyacinthus22370-RA","Ahyacinthus22370-RA","Ahya","OG_9399",0,1,0
"Ahyacinthus22386-RA","Ahyacinthus22386-RA","Ahya","OG_316",0,1,0
"Ahyacinthus22389-RA","Ahyacinthus22389-RA","Ahya","OG_5083",0,1,0
"Ahyacinthus22390-RA","Ahyacinthus22390-RA","Ahya","OG_12455",0,1,0
"Ahyacinthus22393-RA","Ahyacinthus22393-RA","Ahya","OG_4847",1,1,0
"Ahyacinthus22396-RA","Ahyacinthus22396-RA","Ahya","OG_9605",0,1,0
"Ahyacinthus22406-RA","Ahyacinthus22406-RA","Ahya","OG_4848",1,1,0
"Ahyacinthus22414-RA","Ahyacinthus22414-RA","Ahya","OG_9525",0,1,0
"Ahyacinthus22416-RA","Ahyacinthus22416-RA","Ahya","OG_4850",0,1,0
"Ahyacinthus22418-RA","Ahyacinthus22418-RA","Ahya","OG_1091",1,1,0
"Ahyacinthus22419-RA","Ahyacinthus22419-RA","Ahya","OG_9368",0,1,0
"Ahyacinthus22420-RA","Ahyacinthus22420-RA","Ahya","OG_9369",0,1,0
"Ahyacinthus22424-RA","Ahyacinthus22424-RA","Ahya","OG_9505",1,1,0
"Ahyacinthus22433-RA","Ahyacinthus22433-RA","Ahya","OG_444",0,1,0
"Ahyacinthus22436-RA","Ahyacinthus22436-RA","Ahya","OG_9418",0,1,0
"Ahyacinthus22438-RA","Ahyacinthus22438-RA","Ahya","OG_6072",0,1,0
"Ahyacinthus22439-RA","Ahyacinthus22439-RA","Ahya","OG_4852",0,1,0
"Ahyacinthus22440-RA","Ahyacinthus22440-RA","Ahya","OG_6724",0,1,0
"Ahyacinthus22444-RA","Ahyacinthus22444-RA","Ahya","OG_6075",0,1,0
"Ahyacinthus22449-RA","Ahyacinthus22449-RA","Ahya","OG_12462",0,1,0
"Ahyacinthus22454-RA","Ahyacinthus22454-RA","Ahya","OG_1187",0,1,0
"Ahyacinthus22455-RA","Ahyacinthus22455-RA","Ahya","OG_7765",0,1,0
"Ahyacinthus22463-RA","Ahyacinthus22463-RA","Ahya","OG_6079",0,1,0
"Ahyacinthus22483-RA","Ahyacinthus22483-RA","Ahya","OG_9438",0,1,0
"Ahyacinthus22486-RA","Ahyacinthus22486-RA","Ahya","OG_5169",0,1,0
"Ahyacinthus22492-RA","Ahyacinthus22492-RA","Ahya","OG_587",1,1,1
"Ahyacinthus22499-RA","Ahyacinthus22499-RA","Ahya","OG_432",1,1,0
"Ahyacinthus22500-RA","Ahyacinthus22500-RA","Ahya","OG_6721",0,1,0
"Ahyacinthus22501-RA","Ahyacinthus22501-RA","Ahya","OG_4861",0,1,0
"Ahyacinthus22520-RA","Ahyacinthus22520-RA","Ahya","OG_9347",1,1,0
"Ahyacinthus22527-RA","Ahyacinthus22527-RA","Ahya","OG_4864",0,1,0
"Ahyacinthus22533-RA","Ahyacinthus22533-RA","Ahya","OG_9462",1,1,0
"Ahyacinthus22534-RA","Ahyacinthus22534-RA","Ahya","OG_9463",0,1,0
"Ahyacinthus22535-RA","Ahyacinthus22535-RA","Ahya","OG_9452",0,1,0
"Ahyacinthus22536-RA","Ahyacinthus22536-RA","Ahya","OG_4865",0,1,0
"Ahyacinthus22554-RA","Ahyacinthus22554-RA","Ahya","OG_9388",0,1,0
"Ahyacinthus22555-RA","Ahyacinthus22555-RA","Ahya","OG_6716",1,1,0
"Ahyacinthus22556-RA","Ahyacinthus22556-RA","Ahya","OG_9389",0,1,0
"Ahyacinthus22559-RA","Ahyacinthus22559-RA","Ahya","OG_5214",0,1,0
"Ahyacinthus22560-RA","Ahyacinthus22560-RA","Ahya","OG_9527",0,1,0
"Ahyacinthus22561-RA","Ahyacinthus22561-RA","Ahya","OG_445",0,1,1
"Ahyacinthus22566-RA","Ahyacinthus22566-RA","Ahya","OG_9496",0,1,0
"Ahyacinthus22567-RA","Ahyacinthus22567-RA","Ahya","OG_6714",1,1,0
"Ahyacinthus22568-RA","Ahyacinthus22568-RA","Ahya","OG_6714",1,1,0
"Ahyacinthus22569-RA","Ahyacinthus22569-RA","Ahya","OG_7378",0,1,0
"Ahyacinthus22572-RA","Ahyacinthus22572-RA","Ahya","OG_9538",0,1,0
"Ahyacinthus22573-RA","Ahyacinthus22573-RA","Ahya","OG_4870",0,1,0
"Ahyacinthus22589-RA","Ahyacinthus22589-RA","Ahya","OG_4872",0,1,0
"Ahyacinthus22590-RA","Ahyacinthus22590-RA","Ahya","OG_9587",0,1,0
"Ahyacinthus22593-RA","Ahyacinthus22593-RA","Ahya","OG_4877",0,1,0
"Ahyacinthus22596-RA","Ahyacinthus22596-RA","Ahya","OG_9558",0,1,0
"Ahyacinthus22597-RA","Ahyacinthus22597-RA","Ahya","OG_4876",1,1,0
"Ahyacinthus22598-RA","Ahyacinthus22598-RA","Ahya","OG_9557",0,1,0
"Ahyacinthus22601-RA","Ahyacinthus22601-RA","Ahya","OG_9555",0,1,0
"Ahyacinthus22602-RA","Ahyacinthus22602-RA","Ahya","OG_4880",0,1,0
"Ahyacinthus22603-RA","Ahyacinthus22603-RA","Ahya","OG_4878",0,1,0
"Ahyacinthus22604-RA","Ahyacinthus22604-RA","Ahya","OG_9560",0,1,0
"Ahyacinthus22605-RA","Ahyacinthus22605-RA","Ahya","OG_9559",0,1,0
"Ahyacinthus22607-RA","Ahyacinthus22607-RA","Ahya","OG_9437",0,1,0
"Ahyacinthus22612-RA","Ahyacinthus22612-RA","Ahya","OG_767",1,1,0
"Ahyacinthus22611-RA","Ahyacinthus22611-RA","Ahya","OG_286",0,1,1
"Ahyacinthus22617-RA","Ahyacinthus22617-RA","Ahya","OG_4881",0,1,0
"Ahyacinthus22618-RA","Ahyacinthus22618-RA","Ahya","OG_4881",0,1,0
"Ahyacinthus22620-RA","Ahyacinthus22620-RA","Ahya","OG_9547",0,1,1
"Ahyacinthus22621-RA","Ahyacinthus22621-RA","Ahya","OG_1464",0,1,0
"Ahyacinthus22623-RA","Ahyacinthus22623-RA","Ahya","OG_9455",1,1,0
"Ahyacinthus22624-RA","Ahyacinthus22624-RA","Ahya","OG_449",1,1,0
"Ahyacinthus22630-RA","Ahyacinthus22630-RA","Ahya","OG_1117",0,1,0
"Ahyacinthus22638-RA","Ahyacinthus22638-RA","Ahya","OG_4884",0,1,0
"Ahyacinthus22642-RA","Ahyacinthus22642-RA","Ahya","OG_4886",0,1,0
"Ahyacinthus22644-RA","Ahyacinthus22644-RA","Ahya","OG_4887",0,1,0
"Ahyacinthus22647-RA","Ahyacinthus22647-RA","Ahya","OG_4888",0,1,0
"Ahyacinthus22649-RA","Ahyacinthus22649-RA","Ahya","OG_4885",1,1,0
"Ahyacinthus22650-RA","Ahyacinthus22650-RA","Ahya","OG_9383",0,1,0
"Ahyacinthus22651-RA","Ahyacinthus22651-RA","Ahya","OG_4889",0,1,0
"Ahyacinthus22653-RA","Ahyacinthus22653-RA","Ahya","OG_4890",1,1,0
"Ahyacinthus22656-RA","Ahyacinthus22656-RA","Ahya","OG_305",0,1,0
"Ahyacinthus22658-RA","Ahyacinthus22658-RA","Ahya","OG_4892",1,1,0
"Ahyacinthus22664-RA","Ahyacinthus22664-RA","Ahya","OG_305",0,1,0
"Ahyacinthus22668-RA","Ahyacinthus22668-RA","Ahya","OG_4894",1,1,0
"Ahyacinthus22672-RA","Ahyacinthus22672-RA","Ahya","OG_4895",0,1,0
"Ahyacinthus22677-RA","Ahyacinthus22677-RA","Ahya","OG_9421",0,1,0
"Ahyacinthus22678-RA","Ahyacinthus22678-RA","Ahya","OG_9423",0,1,0
"Ahyacinthus22680-RA","Ahyacinthus22680-RA","Ahya","OG_176",1,1,1
"Ahyacinthus22681-RA","Ahyacinthus22681-RA","Ahya","OG_176",1,1,1
"Ahyacinthus22682-RA","Ahyacinthus22682-RA","Ahya","OG_176",1,1,1
"Ahyacinthus22683-RA","Ahyacinthus22683-RA","Ahya","OG_296",0,1,0
"Ahyacinthus22685-RA","Ahyacinthus22685-RA","Ahya","OG_176",1,1,1
"Ahyacinthus22688-RA","Ahyacinthus22688-RA","Ahya","OG_5212",0,1,0
"Ahyacinthus22689-RA","Ahyacinthus22689-RA","Ahya","OG_6725",0,1,1
"Ahyacinthus22690-RA","Ahyacinthus22690-RA","Ahya","OG_1041",0,1,1
"Ahyacinthus22692-RA","Ahyacinthus22692-RA","Ahya","OG_9432",0,1,0
"Ahyacinthus22693-RA","Ahyacinthus22693-RA","Ahya","OG_9432",0,1,0
"Ahyacinthus22694-RA","Ahyacinthus22694-RA","Ahya","OG_5210",0,1,0
"Ahyacinthus22696-RA","Ahyacinthus22696-RA","Ahya","OG_5269",0,1,0
"Ahyacinthus22697-RA","Ahyacinthus22697-RA","Ahya","OG_9497",0,1,0
"Ahyacinthus22699-RA","Ahyacinthus22699-RA","Ahya","OG_9590",1,1,0
"Ahyacinthus22704-RA","Ahyacinthus22704-RA","Ahya","OG_156",1,1,0
"Ahyacinthus22707-RA","Ahyacinthus22707-RA","Ahya","OG_5941",0,1,0
"Ahyacinthus22708-RA","Ahyacinthus22708-RA","Ahya","OG_5170",0,1,0
"Ahyacinthus22712-RA","Ahyacinthus22712-RA","Ahya","OG_6727",1,1,0
"Ahyacinthus22715-RA","Ahyacinthus22715-RA","Ahya","OG_4901",1,1,0
"Ahyacinthus22716-RA","Ahyacinthus22716-RA","Ahya","OG_4900",0,1,0
"Ahyacinthus22720-RA","Ahyacinthus22720-RA","Ahya","OG_5262",1,1,0
"Ahyacinthus22721-RA","Ahyacinthus22721-RA","Ahya","OG_9498",0,1,0
"Ahyacinthus22722-RA","Ahyacinthus22722-RA","Ahya","OG_9357",1,1,0
"Ahyacinthus22724-RA","Ahyacinthus22724-RA","Ahya","OG_9358",0,1,0
"Ahyacinthus22725-RA","Ahyacinthus22725-RA","Ahya","OG_4902",0,1,0
"Ahyacinthus22729-RA","Ahyacinthus22729-RA","Ahya","OG_4903",0,1,0
"Ahyacinthus22731-RA","Ahyacinthus22731-RA","Ahya","OG_4905",1,1,1
"Ahyacinthus22733-RA","Ahyacinthus22733-RA","Ahya","OG_9427",1,1,1
"Ahyacinthus22738-RA","Ahyacinthus22738-RA","Ahya","OG_9491",1,1,0
"Ahyacinthus22739-RA","Ahyacinthus22739-RA","Ahya","OG_233",1,1,0
"Ahyacinthus22740-RA","Ahyacinthus22740-RA","Ahya","OG_9490",0,1,1
"Ahyacinthus22741-RA","Ahyacinthus22741-RA","Ahya","OG_5993",0,1,0
"Ahyacinthus22742-RA","Ahyacinthus22742-RA","Ahya","OG_9489",0,1,0
"Ahyacinthus22747-RA","Ahyacinthus22747-RA","Ahya","OG_9515",1,1,0
"Ahyacinthus22748-RA","Ahyacinthus22748-RA","Ahya","OG_9513",1,1,0
"Ahyacinthus22751-RA","Ahyacinthus22751-RA","Ahya","OG_9341",1,1,0
"Ahyacinthus22753-RA","Ahyacinthus22753-RA","Ahya","OG_9343",0,1,0
"Ahyacinthus22754-RA","Ahyacinthus22754-RA","Ahya","OG_9343",0,1,0
"Ahyacinthus22755-RA","Ahyacinthus22755-RA","Ahya","OG_9342",1,1,0
"Ahyacinthus22756-RA","Ahyacinthus22756-RA","Ahya","OG_1146",0,1,1
"Ahyacinthus22757-RA","Ahyacinthus22757-RA","Ahya","OG_9536",0,1,0
"Ahyacinthus22758-RA","Ahyacinthus22758-RA","Ahya","OG_9536",0,1,0
"Ahyacinthus22759-RA","Ahyacinthus22759-RA","Ahya","OG_9535",0,1,0
"Ahyacinthus22761-RA","Ahyacinthus22761-RA","Ahya","OG_4909",1,1,1
"Ahyacinthus22762-RA","Ahyacinthus22762-RA","Ahya","OG_4908",0,1,0
"Ahyacinthus22769-RA","Ahyacinthus22769-RA","Ahya","OG_9025",0,1,0
"Ahyacinthus22772-RA","Ahyacinthus22772-RA","Ahya","OG_4913",0,1,0
"Ahyacinthus22775-RA","Ahyacinthus22775-RA","Ahya","OG_6198",1,1,1
"Ahyacinthus22778-RA","Ahyacinthus22778-RA","Ahya","OG_9387",0,1,0
"Ahyacinthus22781-RA","Ahyacinthus22781-RA","Ahya","OG_9425",1,1,0
"Ahyacinthus22783-RA","Ahyacinthus22783-RA","Ahya","OG_9581",0,1,0
"Ahyacinthus22786-RA","Ahyacinthus22786-RA","Ahya","OG_9431",0,1,0
"Ahyacinthus22787-RA","Ahyacinthus22787-RA","Ahya","OG_4916",0,1,0
"Ahyacinthus22789-RA","Ahyacinthus22789-RA","Ahya","OG_5069",0,1,0
"Ahyacinthus22790-RA","Ahyacinthus22790-RA","Ahya","OG_12566",1,1,0
"Ahyacinthus22791-RA","Ahyacinthus22791-RA","Ahya","OG_9561",0,1,0
"Ahyacinthus22793-RA","Ahyacinthus22793-RA","Ahya","OG_9524",1,1,0
"Ahyacinthus22794-RA","Ahyacinthus22794-RA","Ahya","OG_4918",0,1,0
"Ahyacinthus22797-RA","Ahyacinthus22797-RA","Ahya","OG_4919",0,1,1
"Ahyacinthus22798-RA","Ahyacinthus22798-RA","Ahya","OG_6726",0,1,1
"Ahyacinthus22801-RA","Ahyacinthus22801-RA","Ahya","OG_9522",1,1,0
"Ahyacinthus22807-RA","Ahyacinthus22807-RA","Ahya","OG_6614",1,1,0
"Ahyacinthus22809-RA","Ahyacinthus22809-RA","Ahya","OG_9532",0,1,0
"Ahyacinthus22813-RA","Ahyacinthus22813-RA","Ahya","OG_4920",0,1,0
"Ahyacinthus22821-RA","Ahyacinthus22821-RA","Ahya","OG_4928",0,1,0
"Ahyacinthus22822-RA","Ahyacinthus22822-RA","Ahya","OG_4928",0,1,0
"Ahyacinthus22823-RA","Ahyacinthus22823-RA","Ahya","OG_9447",0,1,0
"Ahyacinthus22825-RA","Ahyacinthus22825-RA","Ahya","OG_9456",0,1,0
"Ahyacinthus22826-RA","Ahyacinthus22826-RA","Ahya","OG_6718",1,1,0
"Ahyacinthus22827-RA","Ahyacinthus22827-RA","Ahya","OG_9529",0,1,0
"Ahyacinthus22828-RA","Ahyacinthus22828-RA","Ahya","OG_9528",1,1,0
"Ahyacinthus22835-RA","Ahyacinthus22835-RA","Ahya","OG_6711",1,1,0
"Ahyacinthus22836-RA","Ahyacinthus22836-RA","Ahya","OG_12565",0,1,0
"Ahyacinthus22839-RA","Ahyacinthus22839-RA","Ahya","OG_9335",0,1,0
"Ahyacinthus22845-RA","Ahyacinthus22845-RA","Ahya","OG_4930",0,1,0
"Ahyacinthus22847-RA","Ahyacinthus22847-RA","Ahya","OG_9410",1,1,0
"Ahyacinthus22855-RA","Ahyacinthus22855-RA","Ahya","OG_4932",0,1,0
"Ahyacinthus22856-RA","Ahyacinthus22856-RA","Ahya","OG_9502",0,1,0
"Ahyacinthus22860-RA","Ahyacinthus22860-RA","Ahya","OG_104",0,1,0
"Ahyacinthus22870-RA","Ahyacinthus22870-RA","Ahya","OG_5167",1,1,0
"Ahyacinthus22872-RA","Ahyacinthus22872-RA","Ahya","OG_5167",1,1,0
"Ahyacinthus22873-RA","Ahyacinthus22873-RA","Ahya","OG_11575",0,1,0
"Ahyacinthus22874-RA","Ahyacinthus22874-RA","Ahya","OG_5167",1,1,0
"Ahyacinthus22875-RA","Ahyacinthus22875-RA","Ahya","OG_5167",1,1,0
"Ahyacinthus22876-RA","Ahyacinthus22876-RA","Ahya","OG_5167",1,1,0
"Ahyacinthus22877-RA","Ahyacinthus22877-RA","Ahya","OG_5167",1,1,0
"Ahyacinthus22883-RA","Ahyacinthus22883-RA","Ahya","OG_5168",0,1,0
"Ahyacinthus22885-RA","Ahyacinthus22885-RA","Ahya","OG_5167",1,1,0
"Ahyacinthus22887-RA","Ahyacinthus22887-RA","Ahya","OG_4935",0,1,0
"Ahyacinthus22889-RA","Ahyacinthus22889-RA","Ahya","OG_12330",0,1,1
"Ahyacinthus22892-RA","Ahyacinthus22892-RA","Ahya","OG_4934",0,1,0
"Ahyacinthus22899-RA","Ahyacinthus22899-RA","Ahya","OG_967",0,1,1
"Ahyacinthus22906-RA","Ahyacinthus22906-RA","Ahya","OG_715",0,1,1
"Ahyacinthus22910-RA","Ahyacinthus22910-RA","Ahya","OG_1461",0,1,0
"Ahyacinthus22913-RA","Ahyacinthus22913-RA","Ahya","OG_4939",0,1,0
"Ahyacinthus22924-RA","Ahyacinthus22924-RA","Ahya","OG_9395",0,1,0
"Ahyacinthus22926-RA","Ahyacinthus22926-RA","Ahya","OG_9393",0,1,0
"Ahyacinthus22932-RA","Ahyacinthus22932-RA","Ahya","OG_9394",1,1,0
"Ahyacinthus22935-RA","Ahyacinthus22935-RA","Ahya","OG_9409",0,1,0
"Ahyacinthus22938-RA","Ahyacinthus22938-RA","Ahya","OG_916",0,1,1
"Ahyacinthus22943-RA","Ahyacinthus22943-RA","Ahya","OG_5946",0,1,0
"Ahyacinthus22944-RA","Ahyacinthus22944-RA","Ahya","OG_232",0,1,0
"Ahyacinthus22946-RA","Ahyacinthus22946-RA","Ahya","OG_466",1,1,0
"Ahyacinthus22947-RA","Ahyacinthus22947-RA","Ahya","OG_12613",0,1,0
"Ahyacinthus22948-RA","Ahyacinthus22948-RA","Ahya","OG_4940",0,1,0
"Ahyacinthus22949-RA","Ahyacinthus22949-RA","Ahya","OG_4942",0,1,0
"Ahyacinthus22950-RA","Ahyacinthus22950-RA","Ahya","OG_4941",0,1,0
"Ahyacinthus22965-RA","Ahyacinthus22965-RA","Ahya","OG_447",0,1,1
"Ahyacinthus22978-RA","Ahyacinthus22978-RA","Ahya","OG_235",0,1,0
"Ahyacinthus22979-RA","Ahyacinthus22979-RA","Ahya","OG_332",0,1,1
"Ahyacinthus22980-RA","Ahyacinthus22980-RA","Ahya","OG_889",0,1,0
"Ahyacinthus22982-RA","Ahyacinthus22982-RA","Ahya","OG_9377",0,1,0
"Ahyacinthus22984-RA","Ahyacinthus22984-RA","Ahya","OG_876",0,1,1
"Ahyacinthus22985-RA","Ahyacinthus22985-RA","Ahya","OG_859",0,1,1
"Ahyacinthus22990-RA","Ahyacinthus22990-RA","Ahya","OG_902",1,1,0
"Ahyacinthus22991-RA","Ahyacinthus22991-RA","Ahya","OG_902",1,1,0
"Ahyacinthus22992-RA","Ahyacinthus22992-RA","Ahya","OG_10525",0,1,0
"Ahyacinthus22993-RA","Ahyacinthus22993-RA","Ahya","OG_902",1,1,0
"Ahyacinthus22994-RA","Ahyacinthus22994-RA","Ahya","OG_10525",0,1,0
"Ahyacinthus22999-RA","Ahyacinthus22999-RA","Ahya","OG_4943",0,1,0
"Ahyacinthus23001-RA","Ahyacinthus23001-RA","Ahya","OG_4945",0,1,0
"Ahyacinthus23002-RA","Ahyacinthus23002-RA","Ahya","OG_6728",1,1,1
"Ahyacinthus23004-RA","Ahyacinthus23004-RA","Ahya","OG_6737",1,1,0
"Ahyacinthus23007-RA","Ahyacinthus23007-RA","Ahya","OG_9475",0,1,0
"Ahyacinthus23008-RA","Ahyacinthus23008-RA","Ahya","OG_9476",1,1,0
"Ahyacinthus23009-RA","Ahyacinthus23009-RA","Ahya","OG_6652",0,1,0
"Ahyacinthus23010-RA","Ahyacinthus23010-RA","Ahya","OG_9608",0,1,0
"Ahyacinthus23011-RA","Ahyacinthus23011-RA","Ahya","OG_631",1,1,1
"Ahyacinthus23012-RA","Ahyacinthus23012-RA","Ahya","OG_496",0,1,0
"Ahyacinthus23019-RA","Ahyacinthus23019-RA","Ahya","OG_4949",0,1,0
"Ahyacinthus23020-RA","Ahyacinthus23020-RA","Ahya","OG_4948",0,1,0
"Ahyacinthus23022-RA","Ahyacinthus23022-RA","Ahya","OG_5208",0,1,0
"Ahyacinthus23023-RA","Ahyacinthus23023-RA","Ahya","OG_9465",0,1,1
"Ahyacinthus23025-RA","Ahyacinthus23025-RA","Ahya","OG_9464",0,1,0
"Ahyacinthus23028-RA","Ahyacinthus23028-RA","Ahya","OG_7608",0,1,0
"Ahyacinthus23029-RA","Ahyacinthus23029-RA","Ahya","OG_4950",0,1,0
"Ahyacinthus23031-RA","Ahyacinthus23031-RA","Ahya","OG_737",1,1,0
"Ahyacinthus23032-RA","Ahyacinthus23032-RA","Ahya","OG_9567",0,1,0
"Ahyacinthus23033-RA","Ahyacinthus23033-RA","Ahya","OG_9568",1,1,0
"Ahyacinthus23035-RA","Ahyacinthus23035-RA","Ahya","OG_4952",0,1,0
"Ahyacinthus23038-RA","Ahyacinthus23038-RA","Ahya","OG_4955",1,1,0
"Ahyacinthus23039-RA","Ahyacinthus23039-RA","Ahya","OG_5266",0,1,0
"Ahyacinthus23044-RA","Ahyacinthus23044-RA","Ahya","OG_7292",0,1,0
"Ahyacinthus23055-RA","Ahyacinthus23055-RA","Ahya","OG_655",0,1,1
"Ahyacinthus23056-RA","Ahyacinthus23056-RA","Ahya","OG_868",1,1,1
"Ahyacinthus23059-RA","Ahyacinthus23059-RA","Ahya","OG_7432",0,1,1
"Ahyacinthus23060-RA","Ahyacinthus23060-RA","Ahya","OG_4957",0,1,1
"Ahyacinthus23062-RA","Ahyacinthus23062-RA","Ahya","OG_358",0,1,0
"Ahyacinthus23063-RA","Ahyacinthus23063-RA","Ahya","OG_1463",0,1,0
"Ahyacinthus23066-RA","Ahyacinthus23066-RA","Ahya","OG_367",0,1,1
"Ahyacinthus23070-RA","Ahyacinthus23070-RA","Ahya","OG_811",0,1,0
"Ahyacinthus23074-RA","Ahyacinthus23074-RA","Ahya","OG_868",1,1,1
"Ahyacinthus23078-RA","Ahyacinthus23078-RA","Ahya","OG_9458",1,1,0
"Ahyacinthus23080-RA","Ahyacinthus23080-RA","Ahya","OG_5261",0,1,0
"Ahyacinthus23081-RA","Ahyacinthus23081-RA","Ahya","OG_5261",0,1,0
"Ahyacinthus23085-RA","Ahyacinthus23085-RA","Ahya","OG_5261",0,1,0
"Ahyacinthus23090-RA","Ahyacinthus23090-RA","Ahya","OG_9451",0,1,0
"Ahyacinthus23092-RA","Ahyacinthus23092-RA","Ahya","OG_9451",0,1,0
"Ahyacinthus23093-RA","Ahyacinthus23093-RA","Ahya","OG_9451",0,1,0
"Ahyacinthus23094-RA","Ahyacinthus23094-RA","Ahya","OG_6554",0,1,0
"Ahyacinthus23095-RA","Ahyacinthus23095-RA","Ahya","OG_9451",0,1,0
"Ahyacinthus23102-RA","Ahyacinthus23102-RA","Ahya","OG_9506",0,1,0
"Ahyacinthus23103-RA","Ahyacinthus23103-RA","Ahya","OG_9564",1,1,1
"Ahyacinthus23115-RA","Ahyacinthus23115-RA","Ahya","OG_348",0,1,0
"Ahyacinthus23116-RA","Ahyacinthus23116-RA","Ahya","OG_868",1,1,1
"Ahyacinthus23124-RA","Ahyacinthus23124-RA","Ahya","OG_604",1,1,1
"Ahyacinthus23130-RA","Ahyacinthus23130-RA","Ahya","OG_9584",0,1,0
"Ahyacinthus23131-RA","Ahyacinthus23131-RA","Ahya","OG_9583",0,1,0
"Ahyacinthus23132-RA","Ahyacinthus23132-RA","Ahya","OG_4960",0,1,0
"Ahyacinthus23136-RA","Ahyacinthus23136-RA","Ahya","OG_849",0,1,0
"Ahyacinthus23138-RA","Ahyacinthus23138-RA","Ahya","OG_5126",0,1,0
"Ahyacinthus23139-RA","Ahyacinthus23139-RA","Ahya","OG_462",0,1,0
"Ahyacinthus23140-RA","Ahyacinthus23140-RA","Ahya","OG_868",1,1,1
"Ahyacinthus23141-RA","Ahyacinthus23141-RA","Ahya","OG_929",1,1,1
"Ahyacinthus23144-RA","Ahyacinthus23144-RA","Ahya","OG_5111",0,1,0
"Ahyacinthus23143-RA","Ahyacinthus23143-RA","Ahya","OG_549",0,1,0
"Ahyacinthus23145-RA","Ahyacinthus23145-RA","Ahya","OG_5111",0,1,0
"Ahyacinthus23146-RA","Ahyacinthus23146-RA","Ahya","OG_937",0,1,0
"Ahyacinthus23151-RA","Ahyacinthus23151-RA","Ahya","OG_943",0,1,0
"Ahyacinthus23154-RA","Ahyacinthus23154-RA","Ahya","OG_5171",0,1,0
"Ahyacinthus23156-RA","Ahyacinthus23156-RA","Ahya","OG_270",1,1,1
"Ahyacinthus23157-RA","Ahyacinthus23157-RA","Ahya","OG_383",0,1,0
"Ahyacinthus23159-RA","Ahyacinthus23159-RA","Ahya","OG_189",0,1,1
"Ahyacinthus23160-RA","Ahyacinthus23160-RA","Ahya","OG_9748",0,1,1
"Ahyacinthus23161-RA","Ahyacinthus23161-RA","Ahya","OG_12386",0,1,1
"Ahyacinthus23162-RA","Ahyacinthus23162-RA","Ahya","OG_12614",0,1,0
"Ahyacinthus23166-RA","Ahyacinthus23166-RA","Ahya","OG_6929",0,1,0
"Ahyacinthus23168-RA","Ahyacinthus23168-RA","Ahya","OG_135",0,1,0
"Ahyacinthus23172-RA","Ahyacinthus23172-RA","Ahya","OG_7051",0,1,0
"Ahyacinthus23174-RA","Ahyacinthus23174-RA","Ahya","OG_6939",0,1,0
"Ahyacinthus23175-RA","Ahyacinthus23175-RA","Ahya","OG_6947",0,1,0
"Ahyacinthus23176-RA","Ahyacinthus23176-RA","Ahya","OG_6303",0,1,0
"Ahyacinthus23177-RA","Ahyacinthus23177-RA","Ahya","OG_6948",0,1,0
"Ahyacinthus23180-RA","Ahyacinthus23180-RA","Ahya","OG_6939",0,1,0
"Ahyacinthus23182-RA","Ahyacinthus23182-RA","Ahya","OG_2625",0,1,0
"Ahyacinthus23184-RA","Ahyacinthus23184-RA","Ahya","OG_6925",0,1,0
"Ahyacinthus23187-RA","Ahyacinthus23187-RA","Ahya","OG_10789",0,1,1
"Ahyacinthus23189-RA","Ahyacinthus23189-RA","Ahya","OG_2628",0,1,0
"Ahyacinthus23190-RA","Ahyacinthus23190-RA","Ahya","OG_2630",0,1,0
"Ahyacinthus23198-RA","Ahyacinthus23198-RA","Ahya","OG_12728",0,1,0
"Ahyacinthus23201-RA","Ahyacinthus23201-RA","Ahya","OG_6522",0,1,0
"Ahyacinthus23202-RA","Ahyacinthus23202-RA","Ahya","OG_6522",0,1,0
"Ahyacinthus23206-RA","Ahyacinthus23206-RA","Ahya","OG_386",0,1,1
"Ahyacinthus23209-RA","Ahyacinthus23209-RA","Ahya","OG_7104",0,1,0
"Ahyacinthus23222-RA","Ahyacinthus23222-RA","Ahya","OG_618",1,1,0
"Ahyacinthus23223-RA","Ahyacinthus23223-RA","Ahya","OG_7083",0,1,0
"Ahyacinthus23228-RA","Ahyacinthus23228-RA","Ahya","OG_2635",0,1,0
"Ahyacinthus23232-RA","Ahyacinthus23232-RA","Ahya","OG_2636",0,1,0
"Ahyacinthus23234-RA","Ahyacinthus23234-RA","Ahya","OG_6979",0,1,1
"Ahyacinthus23237-RA","Ahyacinthus23237-RA","Ahya","OG_2637",0,1,0
"Ahyacinthus23238-RA","Ahyacinthus23238-RA","Ahya","OG_5462",0,1,0
"Ahyacinthus23239-RA","Ahyacinthus23239-RA","Ahya","OG_6889",0,1,0
"Ahyacinthus23246-RA","Ahyacinthus23246-RA","Ahya","OG_6961",0,1,0
"Ahyacinthus23248-RA","Ahyacinthus23248-RA","Ahya","OG_7044",0,1,0
"Ahyacinthus23249-RA","Ahyacinthus23249-RA","Ahya","OG_2641",0,1,0
"Ahyacinthus23250-RA","Ahyacinthus23250-RA","Ahya","OG_1232",0,1,1
"Ahyacinthus23251-RA","Ahyacinthus23251-RA","Ahya","OG_2642",0,1,0
"Ahyacinthus23255-RA","Ahyacinthus23255-RA","Ahya","OG_7124",0,1,0
"Ahyacinthus23262-RA","Ahyacinthus23262-RA","Ahya","OG_6951",1,1,1
"Ahyacinthus23264-RA","Ahyacinthus23264-RA","Ahya","OG_6988",0,1,0
"Ahyacinthus23265-RA","Ahyacinthus23265-RA","Ahya","OG_6990",0,1,0
"Ahyacinthus23269-RA","Ahyacinthus23269-RA","Ahya","OG_143",0,1,0
"Ahyacinthus23282-RA","Ahyacinthus23282-RA","Ahya","OG_934",0,1,0
"Ahyacinthus23283-RA","Ahyacinthus23283-RA","Ahya","OG_934",0,1,0
"Ahyacinthus23289-RA","Ahyacinthus23289-RA","Ahya","OG_2646",0,1,0
"Ahyacinthus23291-RA","Ahyacinthus23291-RA","Ahya","OG_7056",0,1,1
"Ahyacinthus23296-RA","Ahyacinthus23296-RA","Ahya","OG_7035",0,1,0
"Ahyacinthus23302-RA","Ahyacinthus23302-RA","Ahya","OG_7046",0,1,0
"Ahyacinthus23303-RA","Ahyacinthus23303-RA","Ahya","OG_7045",0,1,0
"Ahyacinthus23304-RA","Ahyacinthus23304-RA","Ahya","OG_2647",0,1,0
"Ahyacinthus23306-RA","Ahyacinthus23306-RA","Ahya","OG_977",0,1,0
"Ahyacinthus23307-RA","Ahyacinthus23307-RA","Ahya","OG_6938",0,1,0
"Ahyacinthus23310-RA","Ahyacinthus23310-RA","Ahya","OG_6986",0,1,0
"Ahyacinthus23314-RA","Ahyacinthus23314-RA","Ahya","OG_7071",0,1,0
"Ahyacinthus23315-RA","Ahyacinthus23315-RA","Ahya","OG_2648",0,1,0
"Ahyacinthus23316-RA","Ahyacinthus23316-RA","Ahya","OG_6905",0,1,0
"Ahyacinthus23317-RA","Ahyacinthus23317-RA","Ahya","OG_2649",0,1,0
"Ahyacinthus23318-RA","Ahyacinthus23318-RA","Ahya","OG_7113",0,1,0
"Ahyacinthus23321-RA","Ahyacinthus23321-RA","Ahya","OG_7114",0,1,0
"Ahyacinthus23322-RA","Ahyacinthus23322-RA","Ahya","OG_5332",0,1,1
"Ahyacinthus23323-RA","Ahyacinthus23323-RA","Ahya","OG_6373",0,1,0
"Ahyacinthus23333-RA","Ahyacinthus23333-RA","Ahya","OG_2650",0,1,0
"Ahyacinthus23334-RA","Ahyacinthus23334-RA","Ahya","OG_5461",0,1,0
"Ahyacinthus23335-RA","Ahyacinthus23335-RA","Ahya","OG_2652",0,1,0
"Ahyacinthus23336-RA","Ahyacinthus23336-RA","Ahya","OG_7042",0,1,0
"Ahyacinthus23341-RA","Ahyacinthus23341-RA","Ahya","OG_2653",0,1,0
"Ahyacinthus23348-RA","Ahyacinthus23348-RA","Ahya","OG_7094",0,1,0
"Ahyacinthus23353-RA","Ahyacinthus23353-RA","Ahya","OG_6970",0,1,0
"Ahyacinthus23356-RA","Ahyacinthus23356-RA","Ahya","OG_2658",0,1,0
"Ahyacinthus23357-RA","Ahyacinthus23357-RA","Ahya","OG_7017",0,1,0
"Ahyacinthus23364-RA","Ahyacinthus23364-RA","Ahya","OG_136",0,1,0
"Ahyacinthus23366-RA","Ahyacinthus23366-RA","Ahya","OG_136",0,1,0
"Ahyacinthus23368-RA","Ahyacinthus23368-RA","Ahya","OG_136",0,1,0
"Ahyacinthus23369-RA","Ahyacinthus23369-RA","Ahya","OG_136",0,1,0
"Ahyacinthus23370-RA","Ahyacinthus23370-RA","Ahya","OG_136",0,1,0
"Ahyacinthus23372-RA","Ahyacinthus23372-RA","Ahya","OG_6103",0,1,0
"Ahyacinthus23378-RA","Ahyacinthus23378-RA","Ahya","OG_6393",0,1,0
"Ahyacinthus23379-RA","Ahyacinthus23379-RA","Ahya","OG_2660",0,1,0
"Ahyacinthus23380-RA","Ahyacinthus23380-RA","Ahya","OG_6956",0,1,0
"Ahyacinthus23390-RA","Ahyacinthus23390-RA","Ahya","OG_6995",0,1,0
"Ahyacinthus23392-RA","Ahyacinthus23392-RA","Ahya","OG_2661",0,1,0
"Ahyacinthus23395-RA","Ahyacinthus23395-RA","Ahya","OG_2662",0,1,0
"Ahyacinthus23396-RA","Ahyacinthus23396-RA","Ahya","OG_2663",0,1,0
"Ahyacinthus23397-RA","Ahyacinthus23397-RA","Ahya","OG_6385",0,1,0
"Ahyacinthus23398-RA","Ahyacinthus23398-RA","Ahya","OG_5918",0,1,0
"Ahyacinthus23400-RA","Ahyacinthus23400-RA","Ahya","OG_2664",0,1,0
"Ahyacinthus23403-RA","Ahyacinthus23403-RA","Ahya","OG_6386",0,1,1
"Ahyacinthus23408-RA","Ahyacinthus23408-RA","Ahya","OG_7086",0,1,0
"Ahyacinthus23410-RA","Ahyacinthus23410-RA","Ahya","OG_7132",0,1,0
"Ahyacinthus23411-RA","Ahyacinthus23411-RA","Ahya","OG_2666",0,1,0
"Ahyacinthus23412-RA","Ahyacinthus23412-RA","Ahya","OG_7129",0,1,0
"Ahyacinthus23413-RA","Ahyacinthus23413-RA","Ahya","OG_7131",0,1,0
"Ahyacinthus23414-RA","Ahyacinthus23414-RA","Ahya","OG_6401",0,1,0
"Ahyacinthus23415-RA","Ahyacinthus23415-RA","Ahya","OG_7033",0,1,0
"Ahyacinthus23418-RA","Ahyacinthus23418-RA","Ahya","OG_6871",0,1,0
"Ahyacinthus23421-RA","Ahyacinthus23421-RA","Ahya","OG_2667",0,1,0
"Ahyacinthus23425-RA","Ahyacinthus23425-RA","Ahya","OG_2668",0,1,0
"Ahyacinthus23429-RA","Ahyacinthus23429-RA","Ahya","OG_7079",0,1,0
"Ahyacinthus23430-RA","Ahyacinthus23430-RA","Ahya","OG_7076",0,1,0
"Ahyacinthus23431-RA","Ahyacinthus23431-RA","Ahya","OG_6289",0,1,0
"Ahyacinthus23433-RA","Ahyacinthus23433-RA","Ahya","OG_6289",0,1,0
"Ahyacinthus23438-RA","Ahyacinthus23438-RA","Ahya","OG_7075",0,1,0
"Ahyacinthus23441-RA","Ahyacinthus23441-RA","Ahya","OG_2670",0,1,0
"Ahyacinthus23442-RA","Ahyacinthus23442-RA","Ahya","OG_2670",0,1,0
"Ahyacinthus23443-RA","Ahyacinthus23443-RA","Ahya","OG_2671",0,1,0
"Ahyacinthus23444-RA","Ahyacinthus23444-RA","Ahya","OG_6891",0,1,0
"Ahyacinthus23459-RA","Ahyacinthus23459-RA","Ahya","OG_7120",0,1,0
"Ahyacinthus23461-RA","Ahyacinthus23461-RA","Ahya","OG_7115",0,1,0
"Ahyacinthus23462-RA","Ahyacinthus23462-RA","Ahya","OG_7118",0,1,0
"Ahyacinthus23466-RA","Ahyacinthus23466-RA","Ahya","OG_7117",0,1,0
"Ahyacinthus23468-RA","Ahyacinthus23468-RA","Ahya","OG_1108",0,1,0
"Ahyacinthus23469-RA","Ahyacinthus23469-RA","Ahya","OG_1108",0,1,0
"Ahyacinthus23471-RA","Ahyacinthus23471-RA","Ahya","OG_1108",0,1,0
"Ahyacinthus23472-RA","Ahyacinthus23472-RA","Ahya","OG_1108",0,1,0
"Ahyacinthus23473-RA","Ahyacinthus23473-RA","Ahya","OG_6886",0,1,0
"Ahyacinthus23474-RA","Ahyacinthus23474-RA","Ahya","OG_6943",0,1,0
"Ahyacinthus23476-RA","Ahyacinthus23476-RA","Ahya","OG_2675",0,1,0
"Ahyacinthus23477-RA","Ahyacinthus23477-RA","Ahya","OG_801",0,1,0
"Ahyacinthus23479-RA","Ahyacinthus23479-RA","Ahya","OG_878",0,1,0
"Ahyacinthus23480-RA","Ahyacinthus23480-RA","Ahya","OG_416",0,1,0
"Ahyacinthus23482-RA","Ahyacinthus23482-RA","Ahya","OG_7155",1,1,0
"Ahyacinthus23488-RA","Ahyacinthus23488-RA","Ahya","OG_833",0,1,0
"Ahyacinthus23499-RA","Ahyacinthus23499-RA","Ahya","OG_2678",0,1,0
"Ahyacinthus23504-RA","Ahyacinthus23504-RA","Ahya","OG_6904",0,1,0
"Ahyacinthus23505-RA","Ahyacinthus23505-RA","Ahya","OG_7006",0,1,0
"Ahyacinthus23507-RA","Ahyacinthus23507-RA","Ahya","OG_5267",0,1,0
"Ahyacinthus23509-RA","Ahyacinthus23509-RA","Ahya","OG_6411",0,1,0
"Ahyacinthus23516-RA","Ahyacinthus23516-RA","Ahya","OG_228",1,1,0
"Ahyacinthus23517-RA","Ahyacinthus23517-RA","Ahya","OG_228",1,1,0
"Ahyacinthus23521-RA","Ahyacinthus23521-RA","Ahya","OG_307",0,1,0
"Ahyacinthus23522-RA","Ahyacinthus23522-RA","Ahya","OG_680",1,1,1
"Ahyacinthus23523-RA","Ahyacinthus23523-RA","Ahya","OG_12730",0,1,0
"Ahyacinthus23524-RA","Ahyacinthus23524-RA","Ahya","OG_2679",0,1,1
"Ahyacinthus23525-RA","Ahyacinthus23525-RA","Ahya","OG_2679",0,1,1
"Ahyacinthus23528-RA","Ahyacinthus23528-RA","Ahya","OG_2679",0,1,1
"Ahyacinthus23529-RA","Ahyacinthus23529-RA","Ahya","OG_6402",0,1,0
"Ahyacinthus23537-RA","Ahyacinthus23537-RA","Ahya","OG_6899",0,1,0
"Ahyacinthus23538-RA","Ahyacinthus23538-RA","Ahya","OG_2680",0,1,0
"Ahyacinthus23543-RA","Ahyacinthus23543-RA","Ahya","OG_849",0,1,0
"Ahyacinthus23555-RA","Ahyacinthus23555-RA","Ahya","OG_1101",0,1,0
"Ahyacinthus23556-RA","Ahyacinthus23556-RA","Ahya","OG_818",1,1,0
"Ahyacinthus23559-RA","Ahyacinthus23559-RA","Ahya","OG_1055",0,1,0
"Ahyacinthus23562-RA","Ahyacinthus23562-RA","Ahya","OG_439",0,1,0
"Ahyacinthus23563-RA","Ahyacinthus23563-RA","Ahya","OG_504",0,1,0
"Ahyacinthus23565-RA","Ahyacinthus23565-RA","Ahya","OG_186",1,1,1
"Ahyacinthus23567-RA","Ahyacinthus23567-RA","Ahya","OG_889",0,1,0
"Ahyacinthus23568-RA","Ahyacinthus23568-RA","Ahya","OG_332",0,1,1
"Ahyacinthus23569-RA","Ahyacinthus23569-RA","Ahya","OG_659",1,1,0
"Ahyacinthus23579-RA","Ahyacinthus23579-RA","Ahya","OG_1026",0,1,0
"Ahyacinthus23584-RA","Ahyacinthus23584-RA","Ahya","OG_1110",0,1,0
"Ahyacinthus23587-RA","Ahyacinthus23587-RA","Ahya","OG_259",0,1,0
"Ahyacinthus23592-RA","Ahyacinthus23592-RA","Ahya","OG_7101",0,1,0
"Ahyacinthus23593-RA","Ahyacinthus23593-RA","Ahya","OG_2681",0,1,0
"Ahyacinthus23596-RA","Ahyacinthus23596-RA","Ahya","OG_6002",0,1,0
"Ahyacinthus23598-RA","Ahyacinthus23598-RA","Ahya","OG_584",0,1,0
"Ahyacinthus23601-RA","Ahyacinthus23601-RA","Ahya","OG_2682",0,1,0
"Ahyacinthus23603-RA","Ahyacinthus23603-RA","Ahya","OG_2682",0,1,0
"Ahyacinthus23604-RA","Ahyacinthus23604-RA","Ahya","OG_5478",0,1,1
"Ahyacinthus23605-RA","Ahyacinthus23605-RA","Ahya","OG_907",0,1,0
"Ahyacinthus23613-RA","Ahyacinthus23613-RA","Ahya","OG_894",0,1,1
"Ahyacinthus23614-RA","Ahyacinthus23614-RA","Ahya","OG_894",0,1,1
"Ahyacinthus23629-RA","Ahyacinthus23629-RA","Ahya","OG_12735",0,1,0
"Ahyacinthus23630-RA","Ahyacinthus23630-RA","Ahya","OG_7142",0,1,1
"Ahyacinthus23636-RA","Ahyacinthus23636-RA","Ahya","OG_891",0,1,0
"Ahyacinthus23640-RA","Ahyacinthus23640-RA","Ahya","OG_1245",1,1,0
"Ahyacinthus23642-RA","Ahyacinthus23642-RA","Ahya","OG_281",0,1,0
"Ahyacinthus23652-RA","Ahyacinthus23652-RA","Ahya","OG_1135",0,1,0
"Ahyacinthus23653-RA","Ahyacinthus23653-RA","Ahya","OG_766",1,1,0
"Ahyacinthus23656-RA","Ahyacinthus23656-RA","Ahya","OG_520",0,1,0
"Ahyacinthus23666-RA","Ahyacinthus23666-RA","Ahya","OG_353",0,1,0
"Ahyacinthus23671-RA","Ahyacinthus23671-RA","Ahya","OG_455",0,1,0
"Ahyacinthus23673-RA","Ahyacinthus23673-RA","Ahya","OG_153",1,1,0
"Ahyacinthus23675-RA","Ahyacinthus23675-RA","Ahya","OG_2684",0,1,0
"Ahyacinthus23676-RA","Ahyacinthus23676-RA","Ahya","OG_2684",0,1,0
"Ahyacinthus23679-RA","Ahyacinthus23679-RA","Ahya","OG_141",0,1,0
"Ahyacinthus23680-RA","Ahyacinthus23680-RA","Ahya","OG_1110",0,1,0
"Ahyacinthus23681-RA","Ahyacinthus23681-RA","Ahya","OG_913",1,1,0
"Ahyacinthus23682-RA","Ahyacinthus23682-RA","Ahya","OG_948",0,1,1
"Ahyacinthus23688-RA","Ahyacinthus23688-RA","Ahya","OG_406",1,1,1
"Ahyacinthus23693-RA","Ahyacinthus23693-RA","Ahya","OG_406",1,1,1
"Ahyacinthus23695-RA","Ahyacinthus23695-RA","Ahya","OG_270",1,1,1
"Ahyacinthus23698-RA","Ahyacinthus23698-RA","Ahya","OG_711",0,1,1
"Ahyacinthus23699-RA","Ahyacinthus23699-RA","Ahya","OG_828",0,1,0
"Ahyacinthus23701-RA","Ahyacinthus23701-RA","Ahya","OG_1176",0,1,1
"Ahyacinthus23707-RA","Ahyacinthus23707-RA","Ahya","OG_901",0,1,1
"Ahyacinthus23708-RA","Ahyacinthus23708-RA","Ahya","OG_288",0,1,1
"Ahyacinthus23709-RA","Ahyacinthus23709-RA","Ahya","OG_823",0,1,1
"Ahyacinthus23714-RA","Ahyacinthus23714-RA","Ahya","OG_773",1,1,1
"Ahyacinthus23718-RA","Ahyacinthus23718-RA","Ahya","OG_5110",0,1,0
"Ahyacinthus23722-RA","Ahyacinthus23722-RA","Ahya","OG_448",1,1,1
"Ahyacinthus23723-RA","Ahyacinthus23723-RA","Ahya","OG_1176",0,1,1
"Ahyacinthus23724-RA","Ahyacinthus23724-RA","Ahya","OG_922",0,1,0
"Ahyacinthus23726-RA","Ahyacinthus23726-RA","Ahya","OG_1229",0,1,0
"Ahyacinthus23730-RA","Ahyacinthus23730-RA","Ahya","OG_709",0,1,1
"Ahyacinthus23731-RA","Ahyacinthus23731-RA","Ahya","OG_709",0,1,1
"Ahyacinthus23733-RA","Ahyacinthus23733-RA","Ahya","OG_1195",0,1,0
"Ahyacinthus23736-RA","Ahyacinthus23736-RA","Ahya","OG_746",0,1,1
"Ahyacinthus23737-RA","Ahyacinthus23737-RA","Ahya","OG_746",0,1,1
"Ahyacinthus23739-RA","Ahyacinthus23739-RA","Ahya","OG_1001",0,1,0
"Ahyacinthus23740-RA","Ahyacinthus23740-RA","Ahya","OG_1001",0,1,0
"Ahyacinthus23741-RA","Ahyacinthus23741-RA","Ahya","OG_1001",0,1,0
"Ahyacinthus23742-RA","Ahyacinthus23742-RA","Ahya","OG_901",0,1,1
"Ahyacinthus23743-RA","Ahyacinthus23743-RA","Ahya","OG_828",0,1,0
"Ahyacinthus23744-RA","Ahyacinthus23744-RA","Ahya","OG_804",0,1,0
"Ahyacinthus23747-RA","Ahyacinthus23747-RA","Ahya","OG_6347",0,1,0
"Ahyacinthus23748-RA","Ahyacinthus23748-RA","Ahya","OG_153",1,1,0
"Ahyacinthus23749-RA","Ahyacinthus23749-RA","Ahya","OG_403",1,1,0
"Ahyacinthus23751-RA","Ahyacinthus23751-RA","Ahya","OG_1118",0,1,0
"Ahyacinthus23752-RA","Ahyacinthus23752-RA","Ahya","OG_6862",0,1,0
"Ahyacinthus23753-RA","Ahyacinthus23753-RA","Ahya","OG_892",0,1,0
"Ahyacinthus23756-RA","Ahyacinthus23756-RA","Ahya","OG_123",0,1,0
"Ahyacinthus23761-RA","Ahyacinthus23761-RA","Ahya","OG_416",0,1,0
"Ahyacinthus23762-RA","Ahyacinthus23762-RA","Ahya","OG_125",0,1,0
"Ahyacinthus23764-RA","Ahyacinthus23764-RA","Ahya","OG_878",0,1,0
"Ahyacinthus23765-RA","Ahyacinthus23765-RA","Ahya","OG_737",1,1,0
"Ahyacinthus23767-RA","Ahyacinthus23767-RA","Ahya","OG_12510",0,1,0
"Ahyacinthus23770-RA","Ahyacinthus23770-RA","Ahya","OG_1537",0,1,1
"Ahyacinthus23772-RA","Ahyacinthus23772-RA","Ahya","OG_1090",0,1,0
"Ahyacinthus23773-RA","Ahyacinthus23773-RA","Ahya","OG_883",0,1,0
"Ahyacinthus23774-RA","Ahyacinthus23774-RA","Ahya","OG_883",0,1,0
"Ahyacinthus23776-RA","Ahyacinthus23776-RA","Ahya","OG_559",0,1,1
"Ahyacinthus23779-RA","Ahyacinthus23779-RA","Ahya","OG_922",0,1,0
"Ahyacinthus23780-RA","Ahyacinthus23780-RA","Ahya","OG_704",1,1,1
"Ahyacinthus23785-RA","Ahyacinthus23785-RA","Ahya","OG_8522",0,1,0
"Ahyacinthus23790-RA","Ahyacinthus23790-RA","Ahya","OG_8936",0,1,0
"Ahyacinthus23791-RA","Ahyacinthus23791-RA","Ahya","OG_8935",0,1,0
"Ahyacinthus23796-RA","Ahyacinthus23796-RA","Ahya","OG_893",0,1,0
"Ahyacinthus23797-RA","Ahyacinthus23797-RA","Ahya","OG_578",0,1,0
"Ahyacinthus23798-RA","Ahyacinthus23798-RA","Ahya","OG_895",1,1,1
"Ahyacinthus23799-RA","Ahyacinthus23799-RA","Ahya","OG_1014",0,1,0
"Ahyacinthus23800-RA","Ahyacinthus23800-RA","Ahya","OG_8831",0,1,0
"Ahyacinthus23801-RA","Ahyacinthus23801-RA","Ahya","OG_920",0,1,0
"Ahyacinthus23804-RA","Ahyacinthus23804-RA","Ahya","OG_983",0,1,1
"Ahyacinthus23805-RA","Ahyacinthus23805-RA","Ahya","OG_983",0,1,1
"Ahyacinthus23806-RA","Ahyacinthus23806-RA","Ahya","OG_434",0,1,1
"Ahyacinthus23809-RA","Ahyacinthus23809-RA","Ahya","OG_1015",0,1,1
"Ahyacinthus23810-RA","Ahyacinthus23810-RA","Ahya","OG_1015",0,1,1
"Ahyacinthus23811-RA","Ahyacinthus23811-RA","Ahya","OG_868",1,1,1
"Ahyacinthus23812-RA","Ahyacinthus23812-RA","Ahya","OG_832",0,1,0
"Ahyacinthus23813-RA","Ahyacinthus23813-RA","Ahya","OG_783",0,1,0
"Ahyacinthus23814-RA","Ahyacinthus23814-RA","Ahya","OG_892",0,1,0
"Ahyacinthus23816-RA","Ahyacinthus23816-RA","Ahya","OG_186",1,1,1
"Ahyacinthus23818-RA","Ahyacinthus23818-RA","Ahya","OG_714",0,1,1
"Ahyacinthus23819-RA","Ahyacinthus23819-RA","Ahya","OG_921",1,1,1
"Ahyacinthus23822-RA","Ahyacinthus23822-RA","Ahya","OG_894",0,1,1
"Ahyacinthus23824-RA","Ahyacinthus23824-RA","Ahya","OG_736",0,1,1
"Ahyacinthus23826-RA","Ahyacinthus23826-RA","Ahya","OG_549",0,1,0
"Ahyacinthus23827-RA","Ahyacinthus23827-RA","Ahya","OG_153",1,1,0
"Ahyacinthus23828-RA","Ahyacinthus23828-RA","Ahya","OG_1274",0,1,0
"Ahyacinthus23829-RA","Ahyacinthus23829-RA","Ahya","OG_314",0,1,0
"Ahyacinthus23830-RA","Ahyacinthus23830-RA","Ahya","OG_314",0,1,0
"Ahyacinthus23834-RA","Ahyacinthus23834-RA","Ahya","OG_643",1,1,0
"Ahyacinthus23836-RA","Ahyacinthus23836-RA","Ahya","OG_771",1,1,1
"Ahyacinthus23838-RA","Ahyacinthus23838-RA","Ahya","OG_1541",0,1,0
"Ahyacinthus23839-RA","Ahyacinthus23839-RA","Ahya","OG_137",0,1,0
"Ahyacinthus23840-RA","Ahyacinthus23840-RA","Ahya","OG_895",1,1,1
"Ahyacinthus23841-RA","Ahyacinthus23841-RA","Ahya","OG_702",0,1,1
"Ahyacinthus23843-RA","Ahyacinthus23843-RA","Ahya","OG_5139",0,1,0
"Ahyacinthus23850-RA","Ahyacinthus23850-RA","Ahya","OG_715",0,1,1
"Ahyacinthus23851-RA","Ahyacinthus23851-RA","Ahya","OG_9748",0,1,1
"Ahyacinthus23852-RA","Ahyacinthus23852-RA","Ahya","OG_9748",0,1,1
"Ahyacinthus23853-RA","Ahyacinthus23853-RA","Ahya","OG_5097",0,1,0
"Ahyacinthus23861-RA","Ahyacinthus23861-RA","Ahya","OG_2689",0,1,0
"Ahyacinthus23864-RA","Ahyacinthus23864-RA","Ahya","OG_938",0,1,1
"Ahyacinthus23866-RA","Ahyacinthus23866-RA","Ahya","OG_938",0,1,1
"Ahyacinthus23870-RA","Ahyacinthus23870-RA","Ahya","OG_761",1,1,0
"Ahyacinthus23871-RA","Ahyacinthus23871-RA","Ahya","OG_761",1,1,0
"Ahyacinthus23874-RA","Ahyacinthus23874-RA","Ahya","OG_2690",0,1,0
"Ahyacinthus23875-RA","Ahyacinthus23875-RA","Ahya","OG_659",1,1,0
"Ahyacinthus23877-RA","Ahyacinthus23877-RA","Ahya","OG_6890",0,1,0
"Ahyacinthus23878-RA","Ahyacinthus23878-RA","Ahya","OG_6890",0,1,0
"Ahyacinthus23882-RA","Ahyacinthus23882-RA","Ahya","OG_6892",0,1,0
"Ahyacinthus23888-RA","Ahyacinthus23888-RA","Ahya","OG_459",0,1,0
"Ahyacinthus23894-RA","Ahyacinthus23894-RA","Ahya","OG_887",0,1,0
"Ahyacinthus23896-RA","Ahyacinthus23896-RA","Ahya","OG_12482",0,1,0
"Ahyacinthus23897-RA","Ahyacinthus23897-RA","Ahya","OG_142",0,1,0
"Ahyacinthus23899-RA","Ahyacinthus23899-RA","Ahya","OG_1074",0,1,0
"Ahyacinthus23900-RA","Ahyacinthus23900-RA","Ahya","OG_12164",0,1,1
"Ahyacinthus23901-RA","Ahyacinthus23901-RA","Ahya","OG_834",1,1,0
"Ahyacinthus23904-RA","Ahyacinthus23904-RA","Ahya","OG_653",0,1,1
"Ahyacinthus23905-RA","Ahyacinthus23905-RA","Ahya","OG_901",0,1,1
"Ahyacinthus23908-RA","Ahyacinthus23908-RA","Ahya","OG_868",1,1,1
"Ahyacinthus23909-RA","Ahyacinthus23909-RA","Ahya","OG_142",0,1,0
"Ahyacinthus23913-RA","Ahyacinthus23913-RA","Ahya","OG_1187",0,1,0
"Ahyacinthus23914-RA","Ahyacinthus23914-RA","Ahya","OG_896",0,1,0
"Ahyacinthus23917-RA","Ahyacinthus23917-RA","Ahya","OG_1074",0,1,0
"Ahyacinthus23919-RA","Ahyacinthus23919-RA","Ahya","OG_757",1,1,1
"Ahyacinthus23923-RA","Ahyacinthus23923-RA","Ahya","OG_377",1,1,0
"Ahyacinthus23924-RA","Ahyacinthus23924-RA","Ahya","OG_983",0,1,1
"Ahyacinthus23926-RA","Ahyacinthus23926-RA","Ahya","OG_859",0,1,1
"Ahyacinthus23929-RA","Ahyacinthus23929-RA","Ahya","OG_493",0,1,0
"Ahyacinthus23931-RA","Ahyacinthus23931-RA","Ahya","OG_771",1,1,1
"Ahyacinthus23932-RA","Ahyacinthus23932-RA","Ahya","OG_1066",0,1,0
"Ahyacinthus23933-RA","Ahyacinthus23933-RA","Ahya","OG_189",0,1,1
"Ahyacinthus23934-RA","Ahyacinthus23934-RA","Ahya","OG_156",1,1,0
"Ahyacinthus23937-RA","Ahyacinthus23937-RA","Ahya","OG_5111",0,1,0
"Ahyacinthus23939-RA","Ahyacinthus23939-RA","Ahya","OG_377",1,1,0
"Ahyacinthus23941-RA","Ahyacinthus23941-RA","Ahya","OG_5125",1,1,1
"Ahyacinthus23942-RA","Ahyacinthus23942-RA","Ahya","OG_892",0,1,0
"Ahyacinthus23945-RA","Ahyacinthus23945-RA","Ahya","OG_5076",1,1,0
"Ahyacinthus23947-RA","Ahyacinthus23947-RA","Ahya","OG_467",0,1,0
"Ahyacinthus23948-RA","Ahyacinthus23948-RA","Ahya","OG_416",0,1,0
"Ahyacinthus23949-RA","Ahyacinthus23949-RA","Ahya","OG_416",0,1,0
"Ahyacinthus23950-RA","Ahyacinthus23950-RA","Ahya","OG_813",0,1,0
"Ahyacinthus23952-RA","Ahyacinthus23952-RA","Ahya","OG_1526",0,1,0
"Ahyacinthus23953-RA","Ahyacinthus23953-RA","Ahya","OG_324",0,1,1
"Ahyacinthus23956-RA","Ahyacinthus23956-RA","Ahya","OG_978",1,1,1
"Ahyacinthus23957-RA","Ahyacinthus23957-RA","Ahya","OG_324",0,1,1
"Ahyacinthus23958-RA","Ahyacinthus23958-RA","Ahya","OG_559",0,1,1
"Ahyacinthus23959-RA","Ahyacinthus23959-RA","Ahya","OG_559",0,1,1
"Ahyacinthus23961-RA","Ahyacinthus23961-RA","Ahya","OG_757",1,1,1
"Ahyacinthus23966-RA","Ahyacinthus23966-RA","Ahya","OG_828",0,1,0
"Ahyacinthus23968-RA","Ahyacinthus23968-RA","Ahya","OG_1074",0,1,0
"Ahyacinthus23970-RA","Ahyacinthus23970-RA","Ahya","OG_1195",0,1,0
"Ahyacinthus23971-RA","Ahyacinthus23971-RA","Ahya","OG_377",1,1,0
"Ahyacinthus23973-RA","Ahyacinthus23973-RA","Ahya","OG_957",0,1,1
"Ahyacinthus23974-RA","Ahyacinthus23974-RA","Ahya","OG_1135",0,1,0
"Ahyacinthus23976-RA","Ahyacinthus23976-RA","Ahya","OG_844",0,1,0
"Ahyacinthus23977-RA","Ahyacinthus23977-RA","Ahya","OG_12747",0,1,0
"Ahyacinthus23978-RA","Ahyacinthus23978-RA","Ahya","OG_924",0,1,0
"Ahyacinthus23981-RA","Ahyacinthus23981-RA","Ahya","OG_6245",0,1,0
"Ahyacinthus23983-RA","Ahyacinthus23983-RA","Ahya","OG_1074",0,1,0
"Ahyacinthus23984-RA","Ahyacinthus23984-RA","Ahya","OG_142",0,1,0
"Ahyacinthus23985-RA","Ahyacinthus23985-RA","Ahya","OG_142",0,1,0
"Ahyacinthus23986-RA","Ahyacinthus23986-RA","Ahya","OG_149",1,1,1
"Ahyacinthus23989-RA","Ahyacinthus23989-RA","Ahya","OG_1074",0,1,0
"Ahyacinthus23990-RA","Ahyacinthus23990-RA","Ahya","OG_1074",0,1,0
"Ahyacinthus23991-RA","Ahyacinthus23991-RA","Ahya","OG_1074",0,1,0
"Ahyacinthus23993-RA","Ahyacinthus23993-RA","Ahya","OG_840",1,1,0
"Ahyacinthus23994-RA","Ahyacinthus23994-RA","Ahya","OG_1231",0,1,1
"Ahyacinthus23995-RA","Ahyacinthus23995-RA","Ahya","OG_673",0,1,1
"Ahyacinthus23996-RA","Ahyacinthus23996-RA","Ahya","OG_6333",0,1,0
"Ahyacinthus23997-RA","Ahyacinthus23997-RA","Ahya","OG_606",0,1,0
"Ahyacinthus24002-RA","Ahyacinthus24002-RA","Ahya","OG_1001",0,1,0
"Ahyacinthus24003-RA","Ahyacinthus24003-RA","Ahya","OG_1001",0,1,0
"Ahyacinthus24005-RA","Ahyacinthus24005-RA","Ahya","OG_802",1,1,0
"Ahyacinthus24006-RA","Ahyacinthus24006-RA","Ahya","OG_901",0,1,1
"Ahyacinthus24008-RA","Ahyacinthus24008-RA","Ahya","OG_726",0,1,1
"Ahyacinthus24010-RA","Ahyacinthus24010-RA","Ahya","OG_11899",0,1,0
"Ahyacinthus24011-RA","Ahyacinthus24011-RA","Ahya","OG_913",1,1,0
"Ahyacinthus24012-RA","Ahyacinthus24012-RA","Ahya","OG_767",1,1,0
"Ahyacinthus24013-RA","Ahyacinthus24013-RA","Ahya","OG_8570",0,1,0
"Ahyacinthus24014-RA","Ahyacinthus24014-RA","Ahya","OG_923",0,1,1
"Ahyacinthus24015-RA","Ahyacinthus24015-RA","Ahya","OG_1325",0,1,0
"Ahyacinthus24016-RA","Ahyacinthus24016-RA","Ahya","OG_5081",0,1,0
"Ahyacinthus24021-RA","Ahyacinthus24021-RA","Ahya","OG_443",0,1,1
"Ahyacinthus24023-RA","Ahyacinthus24023-RA","Ahya","OG_168",0,1,1
"Ahyacinthus24025-RA","Ahyacinthus24025-RA","Ahya","OG_1026",0,1,0
"Ahyacinthus24027-RA","Ahyacinthus24027-RA","Ahya","OG_913",1,1,0
"Ahyacinthus24028-RA","Ahyacinthus24028-RA","Ahya","OG_886",0,1,1
"Ahyacinthus24029-RA","Ahyacinthus24029-RA","Ahya","OG_6369",0,1,0
"Ahyacinthus24030-RA","Ahyacinthus24030-RA","Ahya","OG_12747",0,1,0
"Ahyacinthus24031-RA","Ahyacinthus24031-RA","Ahya","OG_1030",1,1,0
"Ahyacinthus24032-RA","Ahyacinthus24032-RA","Ahya","OG_897",0,1,0
"Ahyacinthus24033-RA","Ahyacinthus24033-RA","Ahya","OG_406",1,1,1
"Ahyacinthus24034-RA","Ahyacinthus24034-RA","Ahya","OG_680",1,1,1
"Ahyacinthus24035-RA","Ahyacinthus24035-RA","Ahya","OG_914",0,1,1
"Ahyacinthus24037-RA","Ahyacinthus24037-RA","Ahya","OG_1087",0,1,0
"Ahyacinthus24039-RA","Ahyacinthus24039-RA","Ahya","OG_944",0,1,0
"Ahyacinthus24040-RA","Ahyacinthus24040-RA","Ahya","OG_905",1,1,1
"Ahyacinthus24042-RA","Ahyacinthus24042-RA","Ahya","OG_353",0,1,0
"Ahyacinthus24044-RA","Ahyacinthus24044-RA","Ahya","OG_8945",1,1,0
"Ahyacinthus24047-RA","Ahyacinthus24047-RA","Ahya","OG_6942",0,1,0
"Ahyacinthus24048-RA","Ahyacinthus24048-RA","Ahya","OG_663",1,1,0
"Ahyacinthus24051-RA","Ahyacinthus24051-RA","Ahya","OG_5124",0,1,0
"Ahyacinthus24052-RA","Ahyacinthus24052-RA","Ahya","OG_741",1,1,1
"Ahyacinthus24053-RA","Ahyacinthus24053-RA","Ahya","OG_823",0,1,1
"Ahyacinthus24058-RA","Ahyacinthus24058-RA","Ahya","OG_8897",0,1,0
"Ahyacinthus24071-RA","Ahyacinthus24071-RA","Ahya","OG_859",0,1,1
"Ahyacinthus24082-RA","Ahyacinthus24082-RA","Ahya","OG_2691",0,1,0
"Ahyacinthus24088-RA","Ahyacinthus24088-RA","Ahya","OG_7121",0,1,0
"Ahyacinthus24092-RA","Ahyacinthus24092-RA","Ahya","OG_6898",0,1,0
"Ahyacinthus24093-RA","Ahyacinthus24093-RA","Ahya","OG_6898",0,1,0
"Ahyacinthus24096-RA","Ahyacinthus24096-RA","Ahya","OG_2376",0,1,1
"Ahyacinthus24101-RA","Ahyacinthus24101-RA","Ahya","OG_264",0,1,1
"Ahyacinthus24102-RA","Ahyacinthus24102-RA","Ahya","OG_813",0,1,0
"Ahyacinthus24103-RA","Ahyacinthus24103-RA","Ahya","OG_12164",0,1,1
"Ahyacinthus24112-RA","Ahyacinthus24112-RA","Ahya","OG_10393",0,1,0
"Ahyacinthus24129-RA","Ahyacinthus24129-RA","Ahya","OG_12338",0,1,0
"Ahyacinthus24130-RA","Ahyacinthus24130-RA","Ahya","OG_705",0,1,0
"Ahyacinthus24135-RA","Ahyacinthus24135-RA","Ahya","OG_2694",0,1,0
"Ahyacinthus24136-RA","Ahyacinthus24136-RA","Ahya","OG_808",0,1,0
"Ahyacinthus24143-RA","Ahyacinthus24143-RA","Ahya","OG_808",0,1,0
"Ahyacinthus24144-RA","Ahyacinthus24144-RA","Ahya","OG_5465",0,1,0
"Ahyacinthus24145-RA","Ahyacinthus24145-RA","Ahya","OG_5252",0,1,0
"Ahyacinthus24151-RA","Ahyacinthus24151-RA","Ahya","OG_6863",0,1,0
"Ahyacinthus24150-RA","Ahyacinthus24150-RA","Ahya","OG_6864",0,1,0
"Ahyacinthus24153-RA","Ahyacinthus24153-RA","Ahya","OG_6863",0,1,0
"Ahyacinthus24157-RA","Ahyacinthus24157-RA","Ahya","OG_6863",0,1,0
"Ahyacinthus24158-RA","Ahyacinthus24158-RA","Ahya","OG_6866",0,1,0
"Ahyacinthus24159-RA","Ahyacinthus24159-RA","Ahya","OG_7062",0,1,0
"Ahyacinthus24167-RA","Ahyacinthus24167-RA","Ahya","OG_6213",0,1,0
"Ahyacinthus24169-RA","Ahyacinthus24169-RA","Ahya","OG_282",0,1,0
"Ahyacinthus24170-RA","Ahyacinthus24170-RA","Ahya","OG_6887",0,1,0
"Ahyacinthus24171-RA","Ahyacinthus24171-RA","Ahya","OG_12538",0,1,0
"Ahyacinthus24172-RA","Ahyacinthus24172-RA","Ahya","OG_2695",0,1,0
"Ahyacinthus24176-RA","Ahyacinthus24176-RA","Ahya","OG_6896",0,1,0
"Ahyacinthus24179-RA","Ahyacinthus24179-RA","Ahya","OG_6896",0,1,0
"Ahyacinthus24182-RA","Ahyacinthus24182-RA","Ahya","OG_7066",0,1,0
"Ahyacinthus24186-RA","Ahyacinthus24186-RA","Ahya","OG_7065",0,1,1
"Ahyacinthus24191-RA","Ahyacinthus24191-RA","Ahya","OG_2698",0,1,0
"Ahyacinthus24192-RA","Ahyacinthus24192-RA","Ahya","OG_2697",0,1,0
"Ahyacinthus24195-RA","Ahyacinthus24195-RA","Ahya","OG_2703",0,1,0
"Ahyacinthus24198-RA","Ahyacinthus24198-RA","Ahya","OG_2700",0,1,0
"Ahyacinthus24199-RA","Ahyacinthus24199-RA","Ahya","OG_2704",0,1,0
"Ahyacinthus24202-RA","Ahyacinthus24202-RA","Ahya","OG_7144",0,1,0
"Ahyacinthus24208-RA","Ahyacinthus24208-RA","Ahya","OG_122",0,1,1
"Ahyacinthus24209-RA","Ahyacinthus24209-RA","Ahya","OG_2705",0,1,0
"Ahyacinthus24213-RA","Ahyacinthus24213-RA","Ahya","OG_6402",0,1,0
"Ahyacinthus24216-RA","Ahyacinthus24216-RA","Ahya","OG_124",0,1,0
"Ahyacinthus24217-RA","Ahyacinthus24217-RA","Ahya","OG_2706",0,1,0
"Ahyacinthus24219-RA","Ahyacinthus24219-RA","Ahya","OG_7092",0,1,1
"Ahyacinthus24221-RA","Ahyacinthus24221-RA","Ahya","OG_5998",0,1,0
"Ahyacinthus24222-RA","Ahyacinthus24222-RA","Ahya","OG_6910",0,1,0
"Ahyacinthus24226-RA","Ahyacinthus24226-RA","Ahya","OG_216",1,1,1
"Ahyacinthus24227-RA","Ahyacinthus24227-RA","Ahya","OG_2708",0,1,0
"Ahyacinthus24229-RA","Ahyacinthus24229-RA","Ahya","OG_2709",0,1,0
"Ahyacinthus24231-RA","Ahyacinthus24231-RA","Ahya","OG_6953",0,1,0
"Ahyacinthus24232-RA","Ahyacinthus24232-RA","Ahya","OG_2710",0,1,0
"Ahyacinthus24233-RA","Ahyacinthus24233-RA","Ahya","OG_6954",0,1,0
"Ahyacinthus24237-RA","Ahyacinthus24237-RA","Ahya","OG_6954",0,1,0
"Ahyacinthus24240-RA","Ahyacinthus24240-RA","Ahya","OG_2712",0,1,0
"Ahyacinthus24243-RA","Ahyacinthus24243-RA","Ahya","OG_6878",0,1,0
"Ahyacinthus24251-RA","Ahyacinthus24251-RA","Ahya","OG_6996",0,1,0
"Ahyacinthus24252-RA","Ahyacinthus24252-RA","Ahya","OG_7002",0,1,0
"Ahyacinthus24253-RA","Ahyacinthus24253-RA","Ahya","OG_7087",0,1,0
"Ahyacinthus24254-RA","Ahyacinthus24254-RA","Ahya","OG_2714",0,1,0
"Ahyacinthus24255-RA","Ahyacinthus24255-RA","Ahya","OG_7007",0,1,0
"Ahyacinthus24257-RA","Ahyacinthus24257-RA","Ahya","OG_7008",0,1,0
"Ahyacinthus24258-RA","Ahyacinthus24258-RA","Ahya","OG_7087",0,1,0
"Ahyacinthus24262-RA","Ahyacinthus24262-RA","Ahya","OG_6425",0,1,0
"Ahyacinthus24266-RA","Ahyacinthus24266-RA","Ahya","OG_12560",0,1,0
"Ahyacinthus24268-RA","Ahyacinthus24268-RA","Ahya","OG_6928",0,1,0
"Ahyacinthus24269-RA","Ahyacinthus24269-RA","Ahya","OG_7058",0,1,0
"Ahyacinthus24271-RA","Ahyacinthus24271-RA","Ahya","OG_7014",0,1,0
"Ahyacinthus24272-RA","Ahyacinthus24272-RA","Ahya","OG_2715",0,1,0
"Ahyacinthus24274-RA","Ahyacinthus24274-RA","Ahya","OG_7021",0,1,0
"Ahyacinthus24275-RA","Ahyacinthus24275-RA","Ahya","OG_7020",0,1,0
"Ahyacinthus24276-RA","Ahyacinthus24276-RA","Ahya","OG_7141",0,1,0
"Ahyacinthus24277-RA","Ahyacinthus24277-RA","Ahya","OG_2716",0,1,0
"Ahyacinthus24283-RA","Ahyacinthus24283-RA","Ahya","OG_7005",0,1,0
"Ahyacinthus24284-RA","Ahyacinthus24284-RA","Ahya","OG_7037",0,1,0
"Ahyacinthus24290-RA","Ahyacinthus24290-RA","Ahya","OG_2718",0,1,0
"Ahyacinthus24291-RA","Ahyacinthus24291-RA","Ahya","OG_5463",0,1,1
"Ahyacinthus24292-RA","Ahyacinthus24292-RA","Ahya","OG_6879",0,1,1
"Ahyacinthus24299-RA","Ahyacinthus24299-RA","Ahya","OG_252",0,1,0
"Ahyacinthus24300-RA","Ahyacinthus24300-RA","Ahya","OG_6985",0,1,0
"Ahyacinthus24306-RA","Ahyacinthus24306-RA","Ahya","OG_6991",0,1,0
"Ahyacinthus24307-RA","Ahyacinthus24307-RA","Ahya","OG_6424",0,1,0
"Ahyacinthus24313-RA","Ahyacinthus24313-RA","Ahya","OG_6867",0,1,0
"Ahyacinthus24315-RA","Ahyacinthus24315-RA","Ahya","OG_7000",0,1,0
"Ahyacinthus24316-RA","Ahyacinthus24316-RA","Ahya","OG_2721",0,1,0
"Ahyacinthus24317-RA","Ahyacinthus24317-RA","Ahya","OG_7003",0,1,0
"Ahyacinthus24319-RA","Ahyacinthus24319-RA","Ahya","OG_2723",0,1,0
"Ahyacinthus24320-RA","Ahyacinthus24320-RA","Ahya","OG_7069",0,1,0
"Ahyacinthus24323-RA","Ahyacinthus24323-RA","Ahya","OG_487",0,1,1
"Ahyacinthus24324-RA","Ahyacinthus24324-RA","Ahya","OG_7098",0,1,0
"Ahyacinthus24326-RA","Ahyacinthus24326-RA","Ahya","OG_7127",0,1,0
"Ahyacinthus24329-RA","Ahyacinthus24329-RA","Ahya","OG_7067",0,1,0
"Ahyacinthus24332-RA","Ahyacinthus24332-RA","Ahya","OG_6869",0,1,0
"Ahyacinthus24333-RA","Ahyacinthus24333-RA","Ahya","OG_6897",0,1,0
"Ahyacinthus24334-RA","Ahyacinthus24334-RA","Ahya","OG_8434",0,1,0
"Ahyacinthus24346-RA","Ahyacinthus24346-RA","Ahya","OG_2725",0,1,0
"Ahyacinthus24347-RA","Ahyacinthus24347-RA","Ahya","OG_6915",0,1,0
"Ahyacinthus24349-RA","Ahyacinthus24349-RA","Ahya","OG_6922",0,1,0
"Ahyacinthus24351-RA","Ahyacinthus24351-RA","Ahya","OG_6913",0,1,0
"Ahyacinthus24353-RA","Ahyacinthus24353-RA","Ahya","OG_7085",0,1,0
"Ahyacinthus24356-RA","Ahyacinthus24356-RA","Ahya","OG_6383",0,1,0
"Ahyacinthus24357-RA","Ahyacinthus24357-RA","Ahya","OG_6384",0,1,0
"Ahyacinthus24358-RA","Ahyacinthus24358-RA","Ahya","OG_6994",0,1,0
"Ahyacinthus24360-RA","Ahyacinthus24360-RA","Ahya","OG_6994",0,1,0
"Ahyacinthus24361-RA","Ahyacinthus24361-RA","Ahya","OG_6993",0,1,1
"Ahyacinthus24362-RA","Ahyacinthus24362-RA","Ahya","OG_6419",0,1,0
"Ahyacinthus24363-RA","Ahyacinthus24363-RA","Ahya","OG_6419",0,1,0
"Ahyacinthus24364-RA","Ahyacinthus24364-RA","Ahya","OG_1382",0,1,0
"Ahyacinthus24366-RA","Ahyacinthus24366-RA","Ahya","OG_6963",0,1,0
"Ahyacinthus24369-RA","Ahyacinthus24369-RA","Ahya","OG_6414",0,1,0
"Ahyacinthus24372-RA","Ahyacinthus24372-RA","Ahya","OG_2729",0,1,0
"Ahyacinthus24375-RA","Ahyacinthus24375-RA","Ahya","OG_2730",0,1,0
"Ahyacinthus24376-RA","Ahyacinthus24376-RA","Ahya","OG_1051",1,1,1
"Ahyacinthus24380-RA","Ahyacinthus24380-RA","Ahya","OG_5474",0,1,0
"Ahyacinthus24385-RA","Ahyacinthus24385-RA","Ahya","OG_7110",0,1,0
"Ahyacinthus24386-RA","Ahyacinthus24386-RA","Ahya","OG_1388",0,1,0
"Ahyacinthus24394-RA","Ahyacinthus24394-RA","Ahya","OG_5473",0,1,0
"Ahyacinthus24399-RA","Ahyacinthus24399-RA","Ahya","OG_5472",0,1,1
"Ahyacinthus24400-RA","Ahyacinthus24400-RA","Ahya","OG_6859",0,1,1
"Ahyacinthus24401-RA","Ahyacinthus24401-RA","Ahya","OG_2734",0,1,0
"Ahyacinthus24403-RA","Ahyacinthus24403-RA","Ahya","OG_6903",0,1,0
"Ahyacinthus24404-RA","Ahyacinthus24404-RA","Ahya","OG_6379",0,1,0
"Ahyacinthus24415-RA","Ahyacinthus24415-RA","Ahya","OG_7111",0,1,0
"Ahyacinthus24417-RA","Ahyacinthus24417-RA","Ahya","OG_2735",0,1,1
"Ahyacinthus24424-RA","Ahyacinthus24424-RA","Ahya","OG_7133",0,1,0
"Ahyacinthus24425-RA","Ahyacinthus24425-RA","Ahya","OG_6000",0,1,0
"Ahyacinthus24427-RA","Ahyacinthus24427-RA","Ahya","OG_6920",0,1,0
"Ahyacinthus24429-RA","Ahyacinthus24429-RA","Ahya","OG_951",0,1,0
"Ahyacinthus24434-RA","Ahyacinthus24434-RA","Ahya","OG_951",0,1,0
"Ahyacinthus24438-RA","Ahyacinthus24438-RA","Ahya","OG_1056",1,1,0
"Ahyacinthus24443-RA","Ahyacinthus24443-RA","Ahya","OG_1056",1,1,0
"Ahyacinthus24444-RA","Ahyacinthus24444-RA","Ahya","OG_2737",0,1,0
"Ahyacinthus24446-RA","Ahyacinthus24446-RA","Ahya","OG_2738",0,1,1
"Ahyacinthus24448-RA","Ahyacinthus24448-RA","Ahya","OG_2739",0,1,0
"Ahyacinthus24456-RA","Ahyacinthus24456-RA","Ahya","OG_2741",0,1,0
"Ahyacinthus24458-RA","Ahyacinthus24458-RA","Ahya","OG_6982",0,1,0
"Ahyacinthus24461-RA","Ahyacinthus24461-RA","Ahya","OG_5197",0,1,0
"Ahyacinthus24462-RA","Ahyacinthus24462-RA","Ahya","OG_2744",0,1,0
"Ahyacinthus24463-RA","Ahyacinthus24463-RA","Ahya","OG_6940",0,1,1
"Ahyacinthus24464-RA","Ahyacinthus24464-RA","Ahya","OG_2745",0,1,0
"Ahyacinthus24465-RA","Ahyacinthus24465-RA","Ahya","OG_6941",0,1,0
"Ahyacinthus24471-RA","Ahyacinthus24471-RA","Ahya","OG_2747",0,1,0
"Ahyacinthus24476-RA","Ahyacinthus24476-RA","Ahya","OG_2750",0,1,1
"Ahyacinthus24478-RA","Ahyacinthus24478-RA","Ahya","OG_12736",0,1,1
"Ahyacinthus24480-RA","Ahyacinthus24480-RA","Ahya","OG_2751",0,1,0
"Ahyacinthus24481-RA","Ahyacinthus24481-RA","Ahya","OG_10104",0,1,0
"Ahyacinthus24483-RA","Ahyacinthus24483-RA","Ahya","OG_6955",0,1,0
"Ahyacinthus24484-RA","Ahyacinthus24484-RA","Ahya","OG_6894",0,1,0
"Ahyacinthus24495-RA","Ahyacinthus24495-RA","Ahya","OG_2754",0,1,0
"Ahyacinthus24496-RA","Ahyacinthus24496-RA","Ahya","OG_7100",0,1,0
"Ahyacinthus24498-RA","Ahyacinthus24498-RA","Ahya","OG_890",0,1,0
"Ahyacinthus24499-RA","Ahyacinthus24499-RA","Ahya","OG_2755",0,1,0
"Ahyacinthus24501-RA","Ahyacinthus24501-RA","Ahya","OG_544",0,1,0
"Ahyacinthus24502-RA","Ahyacinthus24502-RA","Ahya","OG_6371",0,1,0
"Ahyacinthus24503-RA","Ahyacinthus24503-RA","Ahya","OG_222",1,1,0
"Ahyacinthus24507-RA","Ahyacinthus24507-RA","Ahya","OG_6974",0,1,0
"Ahyacinthus24509-RA","Ahyacinthus24509-RA","Ahya","OG_6723",0,1,0
"Ahyacinthus24510-RA","Ahyacinthus24510-RA","Ahya","OG_6975",0,1,0
"Ahyacinthus01700-RA","Ahyacinthus01700-RA","Ahya","OG_1178",0,1,0
"Ahyacinthus01701-RA","Ahyacinthus01701-RA","Ahya","OG_6037",0,1,0
"Ahyacinthus01703-RA","Ahyacinthus01703-RA","Ahya","OG_248",1,1,1
"Ahyacinthus01704-RA","Ahyacinthus01704-RA","Ahya","OG_8049",0,1,0
"Ahyacinthus01706-RA","Ahyacinthus01706-RA","Ahya","OG_2303",0,1,0
"Ahyacinthus01707-RA","Ahyacinthus01707-RA","Ahya","OG_2302",1,1,0
"Ahyacinthus01709-RA","Ahyacinthus01709-RA","Ahya","OG_2304",0,1,0
"Ahyacinthus01712-RA","Ahyacinthus01712-RA","Ahya","OG_2307",0,1,0
"Ahyacinthus01713-RA","Ahyacinthus01713-RA","Ahya","OG_8042",0,1,0
"Ahyacinthus01714-RA","Ahyacinthus01714-RA","Ahya","OG_2308",0,1,0
"Ahyacinthus01715-RA","Ahyacinthus01715-RA","Ahya","OG_939",0,1,0
"Ahyacinthus01718-RA","Ahyacinthus01718-RA","Ahya","OG_2306",0,1,0
"Ahyacinthus01719-RA","Ahyacinthus01719-RA","Ahya","OG_7834",0,1,0
"Ahyacinthus01720-RA","Ahyacinthus01720-RA","Ahya","OG_2309",0,1,0
"Ahyacinthus01722-RA","Ahyacinthus01722-RA","Ahya","OG_7833",0,1,0
"Ahyacinthus01723-RA","Ahyacinthus01723-RA","Ahya","OG_7832",0,1,0
"Ahyacinthus01724-RA","Ahyacinthus01724-RA","Ahya","OG_2310",0,1,0
"Ahyacinthus01725-RA","Ahyacinthus01725-RA","Ahya","OG_6595",0,1,0
"Ahyacinthus01726-RA","Ahyacinthus01726-RA","Ahya","OG_8103",0,1,0
"Ahyacinthus01728-RA","Ahyacinthus01728-RA","Ahya","OG_2312",0,1,0
"Ahyacinthus01734-RA","Ahyacinthus01734-RA","Ahya","OG_882",0,1,1
"Ahyacinthus01738-RA","Ahyacinthus01738-RA","Ahya","OG_6205",0,1,1
"Ahyacinthus01739-RA","Ahyacinthus01739-RA","Ahya","OG_7873",0,1,0
"Ahyacinthus01740-RA","Ahyacinthus01740-RA","Ahya","OG_2313",0,1,0
"Ahyacinthus01741-RA","Ahyacinthus01741-RA","Ahya","OG_7872",0,1,0
"Ahyacinthus01745-RA","Ahyacinthus01745-RA","Ahya","OG_7698",0,1,0
"Ahyacinthus01749-RA","Ahyacinthus01749-RA","Ahya","OG_2317",0,1,0
"Ahyacinthus01750-RA","Ahyacinthus01750-RA","Ahya","OG_2316",0,1,0
"Ahyacinthus01752-RA","Ahyacinthus01752-RA","Ahya","OG_8126",0,1,0
"Ahyacinthus01753-RA","Ahyacinthus01753-RA","Ahya","OG_6653",0,1,0
"Ahyacinthus01757-RA","Ahyacinthus01757-RA","Ahya","OG_8102",0,1,1
"Ahyacinthus01759-RA","Ahyacinthus01759-RA","Ahya","OG_2318",0,1,0
"Ahyacinthus01758-RA","Ahyacinthus01758-RA","Ahya","OG_8101",0,1,1
"Ahyacinthus01761-RA","Ahyacinthus01761-RA","Ahya","OG_6026",0,1,0
"Ahyacinthus01762-RA","Ahyacinthus01762-RA","Ahya","OG_6026",0,1,0
"Ahyacinthus01764-RA","Ahyacinthus01764-RA","Ahya","OG_7914",0,1,1
"Ahyacinthus01766-RA","Ahyacinthus01766-RA","Ahya","OG_2320",0,1,0
"Ahyacinthus01765-RA","Ahyacinthus01765-RA","Ahya","OG_7915",0,1,0
"Ahyacinthus01767-RA","Ahyacinthus01767-RA","Ahya","OG_2321",0,1,0
"Ahyacinthus01769-RA","Ahyacinthus01769-RA","Ahya","OG_12529",0,1,0
"Ahyacinthus01770-RA","Ahyacinthus01770-RA","Ahya","OG_12529",0,1,0
"Ahyacinthus01775-RA","Ahyacinthus01775-RA","Ahya","OG_8049",0,1,0
"Ahyacinthus01776-RA","Ahyacinthus01776-RA","Ahya","OG_1032",0,1,0
"Ahyacinthus01778-RA","Ahyacinthus01778-RA","Ahya","OG_2323",0,1,1
"Ahyacinthus01779-RA","Ahyacinthus01779-RA","Ahya","OG_8051",0,1,1
"Ahyacinthus01781-RA","Ahyacinthus01781-RA","Ahya","OG_7820",0,1,0
"Ahyacinthus01784-RA","Ahyacinthus01784-RA","Ahya","OG_7821",0,1,0
"Ahyacinthus01785-RA","Ahyacinthus01785-RA","Ahya","OG_5378",0,1,0
"Ahyacinthus01786-RA","Ahyacinthus01786-RA","Ahya","OG_7866",0,1,0
"Ahyacinthus01787-RA","Ahyacinthus01787-RA","Ahya","OG_2326",0,1,0
"Ahyacinthus01788-RA","Ahyacinthus01788-RA","Ahya","OG_2326",0,1,0
"Ahyacinthus01790-RA","Ahyacinthus01790-RA","Ahya","OG_7712",0,1,0
"Ahyacinthus01792-RA","Ahyacinthus01792-RA","Ahya","OG_12673",0,1,0
"Ahyacinthus01797-RA","Ahyacinthus01797-RA","Ahya","OG_2328",0,1,0
"Ahyacinthus01798-RA","Ahyacinthus01798-RA","Ahya","OG_2332",0,1,0
"Ahyacinthus01805-RA","Ahyacinthus01805-RA","Ahya","OG_7749",0,1,0
"Ahyacinthus01811-RA","Ahyacinthus01811-RA","Ahya","OG_8039",0,1,0
"Ahyacinthus01810-RA","Ahyacinthus01810-RA","Ahya","OG_2334",0,1,0
"Ahyacinthus01812-RA","Ahyacinthus01812-RA","Ahya","OG_7782",0,1,0
"Ahyacinthus01813-RA","Ahyacinthus01813-RA","Ahya","OG_8038",0,1,0
"Ahyacinthus01815-RA","Ahyacinthus01815-RA","Ahya","OG_5129",0,1,0
"Ahyacinthus01816-RA","Ahyacinthus01816-RA","Ahya","OG_11988",0,1,1
"Ahyacinthus01831-RA","Ahyacinthus01831-RA","Ahya","OG_6572",0,1,0
"Ahyacinthus01832-RA","Ahyacinthus01832-RA","Ahya","OG_7910",0,1,0
"Ahyacinthus01833-RA","Ahyacinthus01833-RA","Ahya","OG_7911",0,1,0
"Ahyacinthus01834-RA","Ahyacinthus01834-RA","Ahya","OG_7912",0,1,0
"Ahyacinthus01837-RA","Ahyacinthus01837-RA","Ahya","OG_7974",0,1,0
"Ahyacinthus01838-RA","Ahyacinthus01838-RA","Ahya","OG_2338",0,1,0
"Ahyacinthus01841-RA","Ahyacinthus01841-RA","Ahya","OG_7975",0,1,0
"Ahyacinthus01842-RA","Ahyacinthus01842-RA","Ahya","OG_2339",0,1,0
"Ahyacinthus01845-RA","Ahyacinthus01845-RA","Ahya","OG_2340",0,1,0
"Ahyacinthus01847-RA","Ahyacinthus01847-RA","Ahya","OG_2341",0,1,0
"Ahyacinthus01846-RA","Ahyacinthus01846-RA","Ahya","OG_9661",0,1,0
"Ahyacinthus01848-RA","Ahyacinthus01848-RA","Ahya","OG_7808",0,1,0
"Ahyacinthus01849-RA","Ahyacinthus01849-RA","Ahya","OG_7937",0,1,0
"Ahyacinthus01854-RA","Ahyacinthus01854-RA","Ahya","OG_2342",0,1,0
"Ahyacinthus01855-RA","Ahyacinthus01855-RA","Ahya","OG_5376",0,1,0
"Ahyacinthus01859-RA","Ahyacinthus01859-RA","Ahya","OG_7807",0,1,0
"Ahyacinthus01861-RA","Ahyacinthus01861-RA","Ahya","OG_7938",0,1,0
"Ahyacinthus01862-RA","Ahyacinthus01862-RA","Ahya","OG_2347",0,1,0
"Ahyacinthus01863-RA","Ahyacinthus01863-RA","Ahya","OG_2348",0,1,0
"Ahyacinthus01865-RA","Ahyacinthus01865-RA","Ahya","OG_1357",0,1,0
"Ahyacinthus01867-RA","Ahyacinthus01867-RA","Ahya","OG_2350",0,1,0
"Ahyacinthus01869-RA","Ahyacinthus01869-RA","Ahya","OG_6599",0,1,0
"Ahyacinthus01870-RA","Ahyacinthus01870-RA","Ahya","OG_8129",0,1,0
"Ahyacinthus01872-RA","Ahyacinthus01872-RA","Ahya","OG_5379",0,1,0
"Ahyacinthus01876-RA","Ahyacinthus01876-RA","Ahya","OG_8076",0,1,0
"Ahyacinthus01878-RA","Ahyacinthus01878-RA","Ahya","OG_2351",0,1,0
"Ahyacinthus01879-RA","Ahyacinthus01879-RA","Ahya","OG_2352",0,1,0
"Ahyacinthus01880-RA","Ahyacinthus01880-RA","Ahya","OG_2356",0,1,0
"Ahyacinthus01885-RA","Ahyacinthus01885-RA","Ahya","OG_2354",0,1,0
"Ahyacinthus01886-RA","Ahyacinthus01886-RA","Ahya","OG_12367",0,1,0
"Ahyacinthus01887-RA","Ahyacinthus01887-RA","Ahya","OG_8164",0,1,0
"Ahyacinthus01889-RA","Ahyacinthus01889-RA","Ahya","OG_8165",0,1,0
"Ahyacinthus01890-RA","Ahyacinthus01890-RA","Ahya","OG_2358",0,1,0
"Ahyacinthus01891-RA","Ahyacinthus01891-RA","Ahya","OG_924",0,1,0
"Ahyacinthus01898-RA","Ahyacinthus01898-RA","Ahya","OG_6581",0,1,0
"Ahyacinthus01900-RA","Ahyacinthus01900-RA","Ahya","OG_7802",0,1,0
"Ahyacinthus01905-RA","Ahyacinthus01905-RA","Ahya","OG_7805",0,1,0
"Ahyacinthus01906-RA","Ahyacinthus01906-RA","Ahya","OG_7803",0,1,0
"Ahyacinthus01907-RA","Ahyacinthus01907-RA","Ahya","OG_7855",0,1,0
"Ahyacinthus01911-RA","Ahyacinthus01911-RA","Ahya","OG_7818",0,1,0
"Ahyacinthus01913-RA","Ahyacinthus01913-RA","Ahya","OG_4995",0,1,0
"Ahyacinthus01919-RA","Ahyacinthus01919-RA","Ahya","OG_2369",0,1,0
"Ahyacinthus01920-RA","Ahyacinthus01920-RA","Ahya","OG_2370",0,1,0
"Ahyacinthus01921-RA","Ahyacinthus01921-RA","Ahya","OG_7973",0,1,0
"Ahyacinthus01922-RA","Ahyacinthus01922-RA","Ahya","OG_2367",0,1,0
"Ahyacinthus01923-RA","Ahyacinthus01923-RA","Ahya","OG_2367",0,1,0
"Ahyacinthus01926-RA","Ahyacinthus01926-RA","Ahya","OG_2374",0,1,0
"Ahyacinthus01934-RA","Ahyacinthus01934-RA","Ahya","OG_2373",0,1,0
"Ahyacinthus01937-RA","Ahyacinthus01937-RA","Ahya","OG_2381",0,1,0
"Ahyacinthus01938-RA","Ahyacinthus01938-RA","Ahya","OG_7884",0,1,1
"Ahyacinthus01942-RA","Ahyacinthus01942-RA","Ahya","OG_2378",0,1,1
"Ahyacinthus01943-RA","Ahyacinthus01943-RA","Ahya","OG_5383",0,1,0
"Ahyacinthus01944-RA","Ahyacinthus01944-RA","Ahya","OG_2379",0,1,0
"Ahyacinthus01946-RA","Ahyacinthus01946-RA","Ahya","OG_7882",0,1,0
"Ahyacinthus01953-RA","Ahyacinthus01953-RA","Ahya","OG_7987",0,1,0
"Ahyacinthus01956-RA","Ahyacinthus01956-RA","Ahya","OG_5423",0,1,0
"Ahyacinthus01962-RA","Ahyacinthus01962-RA","Ahya","OG_6558",0,1,0
"Ahyacinthus01963-RA","Ahyacinthus01963-RA","Ahya","OG_2387",0,1,0
"Ahyacinthus01964-RA","Ahyacinthus01964-RA","Ahya","OG_7870",0,1,0
"Ahyacinthus01966-RA","Ahyacinthus01966-RA","Ahya","OG_2385",0,1,1
"Ahyacinthus01968-RA","Ahyacinthus01968-RA","Ahya","OG_2389",0,1,0
"Ahyacinthus01974-RA","Ahyacinthus01974-RA","Ahya","OG_7693",0,1,0
"Ahyacinthus01979-RA","Ahyacinthus01979-RA","Ahya","OG_2392",0,1,1
"Ahyacinthus01981-RA","Ahyacinthus01981-RA","Ahya","OG_8035",0,1,0
"Ahyacinthus01982-RA","Ahyacinthus01982-RA","Ahya","OG_8036",0,1,0
"Ahyacinthus01989-RA","Ahyacinthus01989-RA","Ahya","OG_2394",0,1,0
"Ahyacinthus01991-RA","Ahyacinthus01991-RA","Ahya","OG_2394",0,1,0
"Ahyacinthus01992-RA","Ahyacinthus01992-RA","Ahya","OG_2394",0,1,0
"Ahyacinthus01993-RA","Ahyacinthus01993-RA","Ahya","OG_878",0,1,0
"Ahyacinthus02000-RA","Ahyacinthus02000-RA","Ahya","OG_8089",0,1,0
"Ahyacinthus01999-RA","Ahyacinthus01999-RA","Ahya","OG_8090",0,1,0
"Ahyacinthus02017-RA","Ahyacinthus02017-RA","Ahya","OG_6247",0,1,0
"Ahyacinthus02029-RA","Ahyacinthus02029-RA","Ahya","OG_7933",0,1,0
"Ahyacinthus02030-RA","Ahyacinthus02030-RA","Ahya","OG_8132",0,1,0
"Ahyacinthus02031-RA","Ahyacinthus02031-RA","Ahya","OG_10645",0,1,1
"Ahyacinthus02032-RA","Ahyacinthus02032-RA","Ahya","OG_2399",0,1,0
"Ahyacinthus02033-RA","Ahyacinthus02033-RA","Ahya","OG_6283",0,1,0
"Ahyacinthus02037-RA","Ahyacinthus02037-RA","Ahya","OG_7835",0,1,0
"Ahyacinthus02040-RA","Ahyacinthus02040-RA","Ahya","OG_1358",0,1,0
"Ahyacinthus02041-RA","Ahyacinthus02041-RA","Ahya","OG_1358",0,1,0
"Ahyacinthus02044-RA","Ahyacinthus02044-RA","Ahya","OG_7769",0,1,0
"Ahyacinthus02046-RA","Ahyacinthus02046-RA","Ahya","OG_6029",0,1,0
"Ahyacinthus02049-RA","Ahyacinthus02049-RA","Ahya","OG_12364",0,1,0
"Ahyacinthus02053-RA","Ahyacinthus02053-RA","Ahya","OG_2400",0,1,0
"Ahyacinthus02058-RA","Ahyacinthus02058-RA","Ahya","OG_882",0,1,1
"Ahyacinthus02065-RA","Ahyacinthus02065-RA","Ahya","OG_8065",0,1,0
"Ahyacinthus02069-RA","Ahyacinthus02069-RA","Ahya","OG_2401",0,1,0
"Ahyacinthus02068-RA","Ahyacinthus02068-RA","Ahya","OG_1314",0,1,0
"Ahyacinthus02071-RA","Ahyacinthus02071-RA","Ahya","OG_2402",0,1,1
"Ahyacinthus02074-RA","Ahyacinthus02074-RA","Ahya","OG_7927",0,1,0
"Ahyacinthus02075-RA","Ahyacinthus02075-RA","Ahya","OG_6548",0,1,0
"Ahyacinthus02076-RA","Ahyacinthus02076-RA","Ahya","OG_7988",0,1,0
"Ahyacinthus02078-RA","Ahyacinthus02078-RA","Ahya","OG_2403",0,1,0
"Ahyacinthus02079-RA","Ahyacinthus02079-RA","Ahya","OG_8124",0,1,0
"Ahyacinthus02081-RA","Ahyacinthus02081-RA","Ahya","OG_8114",0,1,0
"Ahyacinthus02084-RA","Ahyacinthus02084-RA","Ahya","OG_2405",0,1,0
"Ahyacinthus02092-RA","Ahyacinthus02092-RA","Ahya","OG_2406",0,1,0
"Ahyacinthus02097-RA","Ahyacinthus02097-RA","Ahya","OG_2407",0,1,0
"Ahyacinthus02098-RA","Ahyacinthus02098-RA","Ahya","OG_125",0,1,0
"Ahyacinthus02102-RA","Ahyacinthus02102-RA","Ahya","OG_7783",0,1,1
"Ahyacinthus02104-RA","Ahyacinthus02104-RA","Ahya","OG_7406",0,1,0
"Ahyacinthus02106-RA","Ahyacinthus02106-RA","Ahya","OG_7958",0,1,0
"Ahyacinthus02108-RA","Ahyacinthus02108-RA","Ahya","OG_7957",0,1,0
"Ahyacinthus02111-RA","Ahyacinthus02111-RA","Ahya","OG_2409",0,1,0
"Ahyacinthus02113-RA","Ahyacinthus02113-RA","Ahya","OG_7844",0,1,1
"Ahyacinthus02114-RA","Ahyacinthus02114-RA","Ahya","OG_5380",0,1,1
"Ahyacinthus02119-RA","Ahyacinthus02119-RA","Ahya","OG_8008",0,1,0
"Ahyacinthus02120-RA","Ahyacinthus02120-RA","Ahya","OG_6033",0,1,0
"Ahyacinthus02122-RA","Ahyacinthus02122-RA","Ahya","OG_7715",0,1,0
"Ahyacinthus02124-RA","Ahyacinthus02124-RA","Ahya","OG_8010",0,1,0
"Ahyacinthus02125-RA","Ahyacinthus02125-RA","Ahya","OG_8011",0,1,0
"Ahyacinthus02137-RA","Ahyacinthus02137-RA","Ahya","OG_261",0,1,0
"Ahyacinthus02141-RA","Ahyacinthus02141-RA","Ahya","OG_8122",0,1,0
"Ahyacinthus02146-RA","Ahyacinthus02146-RA","Ahya","OG_7791",0,1,0
"Ahyacinthus02148-RA","Ahyacinthus02148-RA","Ahya","OG_7793",0,1,0
"Ahyacinthus02152-RA","Ahyacinthus02152-RA","Ahya","OG_2413",0,1,0
"Ahyacinthus02154-RA","Ahyacinthus02154-RA","Ahya","OG_8100",0,1,0
"Ahyacinthus02161-RA","Ahyacinthus02161-RA","Ahya","OG_7868",0,1,0
"Ahyacinthus02164-RA","Ahyacinthus02164-RA","Ahya","OG_1203",0,1,0
"Ahyacinthus02170-RA","Ahyacinthus02170-RA","Ahya","OG_2418",0,1,1
"Ahyacinthus02171-RA","Ahyacinthus02171-RA","Ahya","OG_2417",0,1,0
"Ahyacinthus02172-RA","Ahyacinthus02172-RA","Ahya","OG_1051",1,1,1
"Ahyacinthus02173-RA","Ahyacinthus02173-RA","Ahya","OG_2419",0,1,1
"Ahyacinthus02177-RA","Ahyacinthus02177-RA","Ahya","OG_7981",0,1,0
"Ahyacinthus02178-RA","Ahyacinthus02178-RA","Ahya","OG_12676",0,1,0
"Ahyacinthus02179-RA","Ahyacinthus02179-RA","Ahya","OG_12682",0,1,0
"Ahyacinthus02180-RA","Ahyacinthus02180-RA","Ahya","OG_7930",0,1,0
"Ahyacinthus02181-RA","Ahyacinthus02181-RA","Ahya","OG_2420",0,1,0
"Ahyacinthus02184-RA","Ahyacinthus02184-RA","Ahya","OG_7932",0,1,0
"Ahyacinthus02183-RA","Ahyacinthus02183-RA","Ahya","OG_6027",0,1,0
"Ahyacinthus02188-RA","Ahyacinthus02188-RA","Ahya","OG_7869",0,1,0
"Ahyacinthus02190-RA","Ahyacinthus02190-RA","Ahya","OG_260",0,1,0
"Ahyacinthus02191-RA","Ahyacinthus02191-RA","Ahya","OG_7775",0,1,0
"Ahyacinthus02192-RA","Ahyacinthus02192-RA","Ahya","OG_2423",0,1,0
"Ahyacinthus02193-RA","Ahyacinthus02193-RA","Ahya","OG_2424",0,1,0
"Ahyacinthus02194-RA","Ahyacinthus02194-RA","Ahya","OG_2426",0,1,0
"Ahyacinthus02198-RA","Ahyacinthus02198-RA","Ahya","OG_6034",0,1,0
"Ahyacinthus02204-RA","Ahyacinthus02204-RA","Ahya","OG_7743",0,1,0
"Ahyacinthus02206-RA","Ahyacinthus02206-RA","Ahya","OG_2427",0,1,0
"Ahyacinthus02211-RA","Ahyacinthus02211-RA","Ahya","OG_7273",0,1,0
"Ahyacinthus02212-RA","Ahyacinthus02212-RA","Ahya","OG_7750",0,1,0
"Ahyacinthus02215-RA","Ahyacinthus02215-RA","Ahya","OG_8146",0,1,0
"Ahyacinthus02216-RA","Ahyacinthus02216-RA","Ahya","OG_8145",0,1,0
"Ahyacinthus02218-RA","Ahyacinthus02218-RA","Ahya","OG_7764",0,1,0
"Ahyacinthus02221-RA","Ahyacinthus02221-RA","Ahya","OG_7967",0,1,0
"Ahyacinthus02222-RA","Ahyacinthus02222-RA","Ahya","OG_12675",0,1,0
"Ahyacinthus02223-RA","Ahyacinthus02223-RA","Ahya","OG_10854",0,1,0
"Ahyacinthus02224-RA","Ahyacinthus02224-RA","Ahya","OG_5393",0,1,0
"Ahyacinthus02233-RA","Ahyacinthus02233-RA","Ahya","OG_6230",0,1,0
"Ahyacinthus02236-RA","Ahyacinthus02236-RA","Ahya","OG_7752",0,1,0
"Ahyacinthus02240-RA","Ahyacinthus02240-RA","Ahya","OG_7916",0,1,0
"Ahyacinthus02242-RA","Ahyacinthus02242-RA","Ahya","OG_2433",0,1,0
"Ahyacinthus02243-RA","Ahyacinthus02243-RA","Ahya","OG_8046",0,1,0
"Ahyacinthus02247-RA","Ahyacinthus02247-RA","Ahya","OG_5975",0,1,0
"Ahyacinthus02253-RA","Ahyacinthus02253-RA","Ahya","OG_5381",0,1,0
"Ahyacinthus02255-RA","Ahyacinthus02255-RA","Ahya","OG_2436",0,1,0
"Ahyacinthus02257-RA","Ahyacinthus02257-RA","Ahya","OG_2439",0,1,0
"Ahyacinthus02259-RA","Ahyacinthus02259-RA","Ahya","OG_7968",0,1,0
"Ahyacinthus02268-RA","Ahyacinthus02268-RA","Ahya","OG_928",0,1,0
"Ahyacinthus02273-RA","Ahyacinthus02273-RA","Ahya","OG_5172",0,1,0
"Ahyacinthus02274-RA","Ahyacinthus02274-RA","Ahya","OG_7799",0,1,0
"Ahyacinthus02275-RA","Ahyacinthus02275-RA","Ahya","OG_12361",0,1,0
"Ahyacinthus02277-RA","Ahyacinthus02277-RA","Ahya","OG_2440",0,1,0
"Ahyacinthus02278-RA","Ahyacinthus02278-RA","Ahya","OG_2442",0,1,0
"Ahyacinthus02280-RA","Ahyacinthus02280-RA","Ahya","OG_8138",0,1,0
"Ahyacinthus02281-RA","Ahyacinthus02281-RA","Ahya","OG_1569",0,1,0
"Ahyacinthus02282-RA","Ahyacinthus02282-RA","Ahya","OG_7997",0,1,0
"Ahyacinthus02284-RA","Ahyacinthus02284-RA","Ahya","OG_7980",0,1,0
"Ahyacinthus02289-RA","Ahyacinthus02289-RA","Ahya","OG_7864",0,1,0
"Ahyacinthus02290-RA","Ahyacinthus02290-RA","Ahya","OG_7815",0,1,0
"Ahyacinthus02298-RA","Ahyacinthus02298-RA","Ahya","OG_12683",0,1,1
"Ahyacinthus02299-RA","Ahyacinthus02299-RA","Ahya","OG_5395",0,1,1
"Ahyacinthus02304-RA","Ahyacinthus02304-RA","Ahya","OG_458",0,1,1
"Ahyacinthus02305-RA","Ahyacinthus02305-RA","Ahya","OG_458",0,1,1
"Ahyacinthus02306-RA","Ahyacinthus02306-RA","Ahya","OG_2443",0,1,0
"Ahyacinthus02314-RA","Ahyacinthus02314-RA","Ahya","OG_5396",0,1,0
"Ahyacinthus02327-RA","Ahyacinthus02327-RA","Ahya","OG_2451",0,1,0
"Ahyacinthus02328-RA","Ahyacinthus02328-RA","Ahya","OG_2450",0,1,0
"Ahyacinthus02329-RA","Ahyacinthus02329-RA","Ahya","OG_2450",0,1,0
"Ahyacinthus02337-RA","Ahyacinthus02337-RA","Ahya","OG_2454",0,1,0
"Ahyacinthus02338-RA","Ahyacinthus02338-RA","Ahya","OG_2454",0,1,0
"Ahyacinthus02339-RA","Ahyacinthus02339-RA","Ahya","OG_1084",0,1,0
"Ahyacinthus02347-RA","Ahyacinthus02347-RA","Ahya","OG_6308",0,1,0
"Ahyacinthus02348-RA","Ahyacinthus02348-RA","Ahya","OG_6308",0,1,0
"Ahyacinthus02352-RA","Ahyacinthus02352-RA","Ahya","OG_1413",0,1,0
"Ahyacinthus02353-RA","Ahyacinthus02353-RA","Ahya","OG_8169",0,1,0
"Ahyacinthus02357-RA","Ahyacinthus02357-RA","Ahya","OG_2457",0,1,0
"Ahyacinthus02360-RA","Ahyacinthus02360-RA","Ahya","OG_7934",0,1,0
"Ahyacinthus02361-RA","Ahyacinthus02361-RA","Ahya","OG_2458",0,1,0
"Ahyacinthus02367-RA","Ahyacinthus02367-RA","Ahya","OG_2460",0,1,0
"Ahyacinthus02368-RA","Ahyacinthus02368-RA","Ahya","OG_2460",0,1,0
"Ahyacinthus02372-RA","Ahyacinthus02372-RA","Ahya","OG_8167",0,1,0
"Ahyacinthus02374-RA","Ahyacinthus02374-RA","Ahya","OG_2463",0,1,0
"Ahyacinthus02386-RA","Ahyacinthus02386-RA","Ahya","OG_6328",0,1,0
"Ahyacinthus02387-RA","Ahyacinthus02387-RA","Ahya","OG_8157",0,1,0
"Ahyacinthus02396-RA","Ahyacinthus02396-RA","Ahya","OG_7963",0,1,0
"Ahyacinthus02397-RA","Ahyacinthus02397-RA","Ahya","OG_884",0,1,0
"Ahyacinthus02400-RA","Ahyacinthus02400-RA","Ahya","OG_884",0,1,0
"Ahyacinthus02403-RA","Ahyacinthus02403-RA","Ahya","OG_2468",0,1,0
"Ahyacinthus02407-RA","Ahyacinthus02407-RA","Ahya","OG_8095",0,1,0
"Ahyacinthus02420-RA","Ahyacinthus02420-RA","Ahya","OG_7797",0,1,0
"Ahyacinthus02422-RA","Ahyacinthus02422-RA","Ahya","OG_475",1,1,0
"Ahyacinthus02424-RA","Ahyacinthus02424-RA","Ahya","OG_322",0,1,0
"Ahyacinthus02425-RA","Ahyacinthus02425-RA","Ahya","OG_322",0,1,0
"Ahyacinthus02432-RA","Ahyacinthus02432-RA","Ahya","OG_7863",0,1,0
"Ahyacinthus02437-RA","Ahyacinthus02437-RA","Ahya","OG_2474",0,1,0
"Ahyacinthus02440-RA","Ahyacinthus02440-RA","Ahya","OG_7685",0,1,0
"Ahyacinthus02441-RA","Ahyacinthus02441-RA","Ahya","OG_7686",0,1,0
"Ahyacinthus02444-RA","Ahyacinthus02444-RA","Ahya","OG_7814",0,1,0
"Ahyacinthus02446-RA","Ahyacinthus02446-RA","Ahya","OG_2475",0,1,0
"Ahyacinthus02450-RA","Ahyacinthus02450-RA","Ahya","OG_6826",0,1,0
"Ahyacinthus02454-RA","Ahyacinthus02454-RA","Ahya","OG_2476",0,1,0
"Ahyacinthus02459-RA","Ahyacinthus02459-RA","Ahya","OG_2478",0,1,0
"Ahyacinthus02460-RA","Ahyacinthus02460-RA","Ahya","OG_2478",0,1,0
"Ahyacinthus02463-RA","Ahyacinthus02463-RA","Ahya","OG_5778",0,1,0
"Ahyacinthus02464-RA","Ahyacinthus02464-RA","Ahya","OG_6856",0,1,0
"Ahyacinthus02466-RA","Ahyacinthus02466-RA","Ahya","OG_6856",0,1,0
"Ahyacinthus02468-RA","Ahyacinthus02468-RA","Ahya","OG_2482",0,1,0
"Ahyacinthus02469-RA","Ahyacinthus02469-RA","Ahya","OG_7939",0,1,0
"Ahyacinthus02471-RA","Ahyacinthus02471-RA","Ahya","OG_2483",0,1,0
"Ahyacinthus02474-RA","Ahyacinthus02474-RA","Ahya","OG_2484",0,1,0
"Ahyacinthus02476-RA","Ahyacinthus02476-RA","Ahya","OG_2480",0,1,0
"Ahyacinthus02492-RA","Ahyacinthus02492-RA","Ahya","OG_7888",0,1,0
"Ahyacinthus02495-RA","Ahyacinthus02495-RA","Ahya","OG_2485",0,1,0
"Ahyacinthus02496-RA","Ahyacinthus02496-RA","Ahya","OG_967",0,1,1
"Ahyacinthus02499-RA","Ahyacinthus02499-RA","Ahya","OG_5466",0,1,1
"Ahyacinthus02506-RA","Ahyacinthus02506-RA","Ahya","OG_2486",0,1,0
"Ahyacinthus02507-RA","Ahyacinthus02507-RA","Ahya","OG_2486",0,1,0
"Ahyacinthus02511-RA","Ahyacinthus02511-RA","Ahya","OG_8004",0,1,0
"Ahyacinthus02515-RA","Ahyacinthus02515-RA","Ahya","OG_784",0,1,0
"Ahyacinthus02529-RA","Ahyacinthus02529-RA","Ahya","OG_7859",0,1,0
"Ahyacinthus02533-RA","Ahyacinthus02533-RA","Ahya","OG_285",0,1,1
"Ahyacinthus02540-RA","Ahyacinthus02540-RA","Ahya","OG_2490",0,1,0
"Ahyacinthus02541-RA","Ahyacinthus02541-RA","Ahya","OG_2490",0,1,0
"Ahyacinthus02547-RA","Ahyacinthus02547-RA","Ahya","OG_7860",0,1,0
"Ahyacinthus02548-RA","Ahyacinthus02548-RA","Ahya","OG_7761",0,1,0
"Ahyacinthus02551-RA","Ahyacinthus02551-RA","Ahya","OG_2492",0,1,0
"Ahyacinthus02554-RA","Ahyacinthus02554-RA","Ahya","OG_565",0,1,0
"Ahyacinthus02555-RA","Ahyacinthus02555-RA","Ahya","OG_7929",0,1,0
"Ahyacinthus02557-RA","Ahyacinthus02557-RA","Ahya","OG_7929",0,1,0
"Ahyacinthus02559-RA","Ahyacinthus02559-RA","Ahya","OG_2491",0,1,0
"Ahyacinthus02563-RA","Ahyacinthus02563-RA","Ahya","OG_6565",0,1,1
"Ahyacinthus02565-RA","Ahyacinthus02565-RA","Ahya","OG_7985",0,1,0
"Ahyacinthus02567-RA","Ahyacinthus02567-RA","Ahya","OG_2494",0,1,0
"Ahyacinthus02570-RA","Ahyacinthus02570-RA","Ahya","OG_7716",0,1,0
"Ahyacinthus02571-RA","Ahyacinthus02571-RA","Ahya","OG_2495",0,1,0
"Ahyacinthus02572-RA","Ahyacinthus02572-RA","Ahya","OG_1204",0,1,0
"Ahyacinthus02573-RA","Ahyacinthus02573-RA","Ahya","OG_7784",0,1,0
"Ahyacinthus02574-RA","Ahyacinthus02574-RA","Ahya","OG_2497",0,1,0
"Ahyacinthus02576-RA","Ahyacinthus02576-RA","Ahya","OG_953",0,1,0
"Ahyacinthus02578-RA","Ahyacinthus02578-RA","Ahya","OG_2499",0,1,0
"Ahyacinthus02584-RA","Ahyacinthus02584-RA","Ahya","OG_2500",0,1,0
"Ahyacinthus02590-RA","Ahyacinthus02590-RA","Ahya","OG_1410",0,1,0
"Ahyacinthus02591-RA","Ahyacinthus02591-RA","Ahya","OG_1137",0,1,0
"Ahyacinthus02592-RA","Ahyacinthus02592-RA","Ahya","OG_2501",0,1,0
"Ahyacinthus02595-RA","Ahyacinthus02595-RA","Ahya","OG_2505",0,1,1
"Ahyacinthus02596-RA","Ahyacinthus02596-RA","Ahya","OG_2505",0,1,1
"Ahyacinthus02602-RA","Ahyacinthus02602-RA","Ahya","OG_382",0,1,0
"Ahyacinthus02608-RA","Ahyacinthus02608-RA","Ahya","OG_684",0,1,0
"Ahyacinthus02609-RA","Ahyacinthus02609-RA","Ahya","OG_684",0,1,0
"Ahyacinthus02611-RA","Ahyacinthus02611-RA","Ahya","OG_5081",0,1,0
"Ahyacinthus02614-RA","Ahyacinthus02614-RA","Ahya","OG_8149",0,1,0
"Ahyacinthus02615-RA","Ahyacinthus02615-RA","Ahya","OG_366",0,1,1
"Ahyacinthus02617-RA","Ahyacinthus02617-RA","Ahya","OG_2507",0,1,0
"Ahyacinthus02625-RA","Ahyacinthus02625-RA","Ahya","OG_6040",0,1,0
"Ahyacinthus02626-RA","Ahyacinthus02626-RA","Ahya","OG_8082",0,1,0
"Ahyacinthus02628-RA","Ahyacinthus02628-RA","Ahya","OG_8083",0,1,0
"Ahyacinthus02629-RA","Ahyacinthus02629-RA","Ahya","OG_8084",0,1,1
"Ahyacinthus02633-RA","Ahyacinthus02633-RA","Ahya","OG_7919",0,1,0
"Ahyacinthus02636-RA","Ahyacinthus02636-RA","Ahya","OG_7231",0,1,0
"Ahyacinthus02637-RA","Ahyacinthus02637-RA","Ahya","OG_8108",0,1,0
"Ahyacinthus02638-RA","Ahyacinthus02638-RA","Ahya","OG_6596",0,1,0
"Ahyacinthus02642-RA","Ahyacinthus02642-RA","Ahya","OG_6274",0,1,0
"Ahyacinthus02645-RA","Ahyacinthus02645-RA","Ahya","OG_8078",0,1,1
"Ahyacinthus02650-RA","Ahyacinthus02650-RA","Ahya","OG_7718",0,1,0
"Ahyacinthus02653-RA","Ahyacinthus02653-RA","Ahya","OG_2513",0,1,1
"Ahyacinthus02658-RA","Ahyacinthus02658-RA","Ahya","OG_7879",0,1,0
"Ahyacinthus02659-RA","Ahyacinthus02659-RA","Ahya","OG_7876",0,1,0
"Ahyacinthus02660-RA","Ahyacinthus02660-RA","Ahya","OG_7881",0,1,0
"Ahyacinthus02665-RA","Ahyacinthus02665-RA","Ahya","OG_2514",0,1,1
"Ahyacinthus02667-RA","Ahyacinthus02667-RA","Ahya","OG_2516",0,1,0
"Ahyacinthus02670-RA","Ahyacinthus02670-RA","Ahya","OG_7845",0,1,0
"Ahyacinthus02672-RA","Ahyacinthus02672-RA","Ahya","OG_2518",0,1,0
"Ahyacinthus02674-RA","Ahyacinthus02674-RA","Ahya","OG_2519",0,1,0
"Ahyacinthus02675-RA","Ahyacinthus02675-RA","Ahya","OG_6022",0,1,0
"Ahyacinthus02683-RA","Ahyacinthus02683-RA","Ahya","OG_12599",0,1,0
"Ahyacinthus02685-RA","Ahyacinthus02685-RA","Ahya","OG_7759",0,1,0
"Ahyacinthus02689-RA","Ahyacinthus02689-RA","Ahya","OG_2522",0,1,0
"Ahyacinthus02688-RA","Ahyacinthus02688-RA","Ahya","OG_7917",0,1,0
"Ahyacinthus02690-RA","Ahyacinthus02690-RA","Ahya","OG_2524",0,1,0
"Ahyacinthus02693-RA","Ahyacinthus02693-RA","Ahya","OG_170",1,1,1
"Ahyacinthus02695-RA","Ahyacinthus02695-RA","Ahya","OG_2523",0,1,1
"Ahyacinthus02696-RA","Ahyacinthus02696-RA","Ahya","OG_7896",0,1,1
"Ahyacinthus02697-RA","Ahyacinthus02697-RA","Ahya","OG_1080",0,1,0
"Ahyacinthus02698-RA","Ahyacinthus02698-RA","Ahya","OG_7896",0,1,1
"Ahyacinthus02699-RA","Ahyacinthus02699-RA","Ahya","OG_7897",0,1,1
"Ahyacinthus02700-RA","Ahyacinthus02700-RA","Ahya","OG_6600",0,1,0
"Ahyacinthus02707-RA","Ahyacinthus02707-RA","Ahya","OG_7812",0,1,0
"Ahyacinthus02708-RA","Ahyacinthus02708-RA","Ahya","OG_6031",0,1,0
"Ahyacinthus02709-RA","Ahyacinthus02709-RA","Ahya","OG_6556",0,1,0
"Ahyacinthus02715-RA","Ahyacinthus02715-RA","Ahya","OG_8080",0,1,0
"Ahyacinthus02718-RA","Ahyacinthus02718-RA","Ahya","OG_7708",0,1,0
"Ahyacinthus02721-RA","Ahyacinthus02721-RA","Ahya","OG_2525",0,1,0
"Ahyacinthus02722-RA","Ahyacinthus02722-RA","Ahya","OG_216",1,1,1
"Ahyacinthus02723-RA","Ahyacinthus02723-RA","Ahya","OG_1120",1,1,0
"Ahyacinthus02724-RA","Ahyacinthus02724-RA","Ahya","OG_2526",0,1,0
"Ahyacinthus02726-RA","Ahyacinthus02726-RA","Ahya","OG_1005",0,1,0
"Ahyacinthus02730-RA","Ahyacinthus02730-RA","Ahya","OG_7773",0,1,0
"Ahyacinthus02732-RA","Ahyacinthus02732-RA","Ahya","OG_123",0,1,0
"Ahyacinthus02738-RA","Ahyacinthus02738-RA","Ahya","OG_7926",0,1,0
"Ahyacinthus02740-RA","Ahyacinthus02740-RA","Ahya","OG_12326",0,1,0
"Ahyacinthus02744-RA","Ahyacinthus02744-RA","Ahya","OG_4923",0,1,0
"Ahyacinthus02747-RA","Ahyacinthus02747-RA","Ahya","OG_4923",0,1,0
"Ahyacinthus02749-RA","Ahyacinthus02749-RA","Ahya","OG_2531",0,1,0
"Ahyacinthus02757-RA","Ahyacinthus02757-RA","Ahya","OG_7756",1,1,1
"Ahyacinthus02764-RA","Ahyacinthus02764-RA","Ahya","OG_6238",0,1,0
"Ahyacinthus02775-RA","Ahyacinthus02775-RA","Ahya","OG_7991",0,1,0
"Ahyacinthus02777-RA","Ahyacinthus02777-RA","Ahya","OG_7992",0,1,0
"Ahyacinthus02782-RA","Ahyacinthus02782-RA","Ahya","OG_2536",0,1,0
"Ahyacinthus02784-RA","Ahyacinthus02784-RA","Ahya","OG_7694",0,1,0
"Ahyacinthus02786-RA","Ahyacinthus02786-RA","Ahya","OG_7695",0,1,0
"Ahyacinthus02790-RA","Ahyacinthus02790-RA","Ahya","OG_2540",0,1,0
"Ahyacinthus02800-RA","Ahyacinthus02800-RA","Ahya","OG_8058",0,1,0
"Ahyacinthus02801-RA","Ahyacinthus02801-RA","Ahya","OG_8056",0,1,1
"Ahyacinthus02810-RA","Ahyacinthus02810-RA","Ahya","OG_7705",0,1,0
"Ahyacinthus02813-RA","Ahyacinthus02813-RA","Ahya","OG_7774",0,1,0
"Ahyacinthus02815-RA","Ahyacinthus02815-RA","Ahya","OG_2544",0,1,0
"Ahyacinthus02818-RA","Ahyacinthus02818-RA","Ahya","OG_2545",0,1,0
"Ahyacinthus02825-RA","Ahyacinthus02825-RA","Ahya","OG_7961",0,1,0
"Ahyacinthus02826-RA","Ahyacinthus02826-RA","Ahya","OG_2546",0,1,0
"Ahyacinthus02829-RA","Ahyacinthus02829-RA","Ahya","OG_5957",0,1,0
"Ahyacinthus02831-RA","Ahyacinthus02831-RA","Ahya","OG_7960",0,1,0
"Ahyacinthus02835-RA","Ahyacinthus02835-RA","Ahya","OG_2551",0,1,0
"Ahyacinthus02836-RA","Ahyacinthus02836-RA","Ahya","OG_278",0,1,0
"Ahyacinthus02837-RA","Ahyacinthus02837-RA","Ahya","OG_2552",0,1,0
"Ahyacinthus02838-RA","Ahyacinthus02838-RA","Ahya","OG_2552",0,1,0
"Ahyacinthus02840-RA","Ahyacinthus02840-RA","Ahya","OG_7841",0,1,1
"Ahyacinthus02841-RA","Ahyacinthus02841-RA","Ahya","OG_8139",0,1,0
"Ahyacinthus02842-RA","Ahyacinthus02842-RA","Ahya","OG_7955",0,1,0
"Ahyacinthus02843-RA","Ahyacinthus02843-RA","Ahya","OG_2553",0,1,0
"Ahyacinthus02844-RA","Ahyacinthus02844-RA","Ahya","OG_2554",0,1,0
"Ahyacinthus02847-RA","Ahyacinthus02847-RA","Ahya","OG_5923",0,1,0
"Ahyacinthus02850-RA","Ahyacinthus02850-RA","Ahya","OG_885",0,1,0
"Ahyacinthus02853-RA","Ahyacinthus02853-RA","Ahya","OG_885",0,1,0
"Ahyacinthus02856-RA","Ahyacinthus02856-RA","Ahya","OG_7776",0,1,1
"Ahyacinthus02857-RA","Ahyacinthus02857-RA","Ahya","OG_6552",0,1,0
"Ahyacinthus02858-RA","Ahyacinthus02858-RA","Ahya","OG_2558",0,1,1
"Ahyacinthus02860-RA","Ahyacinthus02860-RA","Ahya","OG_7998",0,1,0
"Ahyacinthus02861-RA","Ahyacinthus02861-RA","Ahya","OG_2561",0,1,0
"Ahyacinthus02865-RA","Ahyacinthus02865-RA","Ahya","OG_2562",0,1,1
"Ahyacinthus02867-RA","Ahyacinthus02867-RA","Ahya","OG_2563",0,1,0
"Ahyacinthus02868-RA","Ahyacinthus02868-RA","Ahya","OG_8109",0,1,0
"Ahyacinthus02871-RA","Ahyacinthus02871-RA","Ahya","OG_7777",0,1,1
"Ahyacinthus02873-RA","Ahyacinthus02873-RA","Ahya","OG_7778",0,1,0
"Ahyacinthus02874-RA","Ahyacinthus02874-RA","Ahya","OG_2564",0,1,0
"Ahyacinthus02877-RA","Ahyacinthus02877-RA","Ahya","OG_7211",0,1,1
"Ahyacinthus02880-RA","Ahyacinthus02880-RA","Ahya","OG_7703",0,1,0
"Ahyacinthus02881-RA","Ahyacinthus02881-RA","Ahya","OG_7704",0,1,0
"Ahyacinthus02887-RA","Ahyacinthus02887-RA","Ahya","OG_2566",0,1,0
"Ahyacinthus02891-RA","Ahyacinthus02891-RA","Ahya","OG_2565",0,1,0
"Ahyacinthus02894-RA","Ahyacinthus02894-RA","Ahya","OG_8064",0,1,0
"Ahyacinthus02895-RA","Ahyacinthus02895-RA","Ahya","OG_8061",0,1,0
"Ahyacinthus02897-RA","Ahyacinthus02897-RA","Ahya","OG_8062",0,1,0
"Ahyacinthus02900-RA","Ahyacinthus02900-RA","Ahya","OG_2567",0,1,0
"Ahyacinthus02902-RA","Ahyacinthus02902-RA","Ahya","OG_847",1,1,0
"Ahyacinthus02912-RA","Ahyacinthus02912-RA","Ahya","OG_7906",0,1,0
"Ahyacinthus02913-RA","Ahyacinthus02913-RA","Ahya","OG_2570",0,1,0
"Ahyacinthus02917-RA","Ahyacinthus02917-RA","Ahya","OG_7904",0,1,0
"Ahyacinthus02927-RA","Ahyacinthus02927-RA","Ahya","OG_2572",0,1,0
"Ahyacinthus02931-RA","Ahyacinthus02931-RA","Ahya","OG_8029",0,1,0
"Ahyacinthus02932-RA","Ahyacinthus02932-RA","Ahya","OG_6588",0,1,0
"Ahyacinthus02941-RA","Ahyacinthus02941-RA","Ahya","OG_7850",0,1,0
"Ahyacinthus02942-RA","Ahyacinthus02942-RA","Ahya","OG_7850",0,1,0
"Ahyacinthus02946-RA","Ahyacinthus02946-RA","Ahya","OG_2579",0,1,0
"Ahyacinthus02947-RA","Ahyacinthus02947-RA","Ahya","OG_2581",0,1,0
"Ahyacinthus02949-RA","Ahyacinthus02949-RA","Ahya","OG_2582",0,1,0
"Ahyacinthus02952-RA","Ahyacinthus02952-RA","Ahya","OG_7690",0,1,0
"Ahyacinthus02953-RA","Ahyacinthus02953-RA","Ahya","OG_12362",0,1,0
"Ahyacinthus02956-RA","Ahyacinthus02956-RA","Ahya","OG_2584",0,1,0
"Ahyacinthus02957-RA","Ahyacinthus02957-RA","Ahya","OG_2586",0,1,0
"Ahyacinthus02969-RA","Ahyacinthus02969-RA","Ahya","OG_7729",0,1,0
"Ahyacinthus02970-RA","Ahyacinthus02970-RA","Ahya","OG_7726",0,1,0
"Ahyacinthus02971-RA","Ahyacinthus02971-RA","Ahya","OG_7728",0,1,0
"Ahyacinthus02972-RA","Ahyacinthus02972-RA","Ahya","OG_2589",0,1,0
"Ahyacinthus02973-RA","Ahyacinthus02973-RA","Ahya","OG_7731",0,1,0
"Ahyacinthus02975-RA","Ahyacinthus02975-RA","Ahya","OG_2588",0,1,0
"Ahyacinthus02976-RA","Ahyacinthus02976-RA","Ahya","OG_4997",0,1,0
"Ahyacinthus02977-RA","Ahyacinthus02977-RA","Ahya","OG_2587",0,1,0
"Ahyacinthus02980-RA","Ahyacinthus02980-RA","Ahya","OG_273",0,1,0
"Ahyacinthus02986-RA","Ahyacinthus02986-RA","Ahya","OG_273",0,1,0
"Ahyacinthus02988-RA","Ahyacinthus02988-RA","Ahya","OG_2590",0,1,0
"Ahyacinthus02990-RA","Ahyacinthus02990-RA","Ahya","OG_442",1,1,1
"Ahyacinthus02996-RA","Ahyacinthus02996-RA","Ahya","OG_7996",0,1,0
"Ahyacinthus02998-RA","Ahyacinthus02998-RA","Ahya","OG_6032",0,1,0
"Ahyacinthus02999-RA","Ahyacinthus02999-RA","Ahya","OG_7994",0,1,0
"Ahyacinthus03000-RA","Ahyacinthus03000-RA","Ahya","OG_5980",0,1,0
"Ahyacinthus03001-RA","Ahyacinthus03001-RA","Ahya","OG_2593",0,1,0
"Ahyacinthus03003-RA","Ahyacinthus03003-RA","Ahya","OG_7924",0,1,0
"Ahyacinthus03005-RA","Ahyacinthus03005-RA","Ahya","OG_12264",0,1,0
"Ahyacinthus03006-RA","Ahyacinthus03006-RA","Ahya","OG_886",0,1,1
"Ahyacinthus03007-RA","Ahyacinthus03007-RA","Ahya","OG_2594",0,1,0
"Ahyacinthus03008-RA","Ahyacinthus03008-RA","Ahya","OG_7828",0,1,0
"Ahyacinthus03009-RA","Ahyacinthus03009-RA","Ahya","OG_2595",0,1,0
"Ahyacinthus03010-RA","Ahyacinthus03010-RA","Ahya","OG_8019",0,1,0
"Ahyacinthus03013-RA","Ahyacinthus03013-RA","Ahya","OG_7830",0,1,1
"Ahyacinthus03019-RA","Ahyacinthus03019-RA","Ahya","OG_7829",0,1,0
"Ahyacinthus03021-RA","Ahyacinthus03021-RA","Ahya","OG_8079",0,1,0
"Ahyacinthus03023-RA","Ahyacinthus03023-RA","Ahya","OG_8023",0,1,0
"Ahyacinthus03026-RA","Ahyacinthus03026-RA","Ahya","OG_8022",0,1,0
"Ahyacinthus03028-RA","Ahyacinthus03028-RA","Ahya","OG_7846",0,1,0
"Ahyacinthus03029-RA","Ahyacinthus03029-RA","Ahya","OG_1167",0,1,0
"Ahyacinthus03030-RA","Ahyacinthus03030-RA","Ahya","OG_1167",0,1,0
"Ahyacinthus03031-RA","Ahyacinthus03031-RA","Ahya","OG_1167",0,1,0
"Ahyacinthus03037-RA","Ahyacinthus03037-RA","Ahya","OG_7721",0,1,0
"Ahyacinthus03040-RA","Ahyacinthus03040-RA","Ahya","OG_7722",0,1,0
"Ahyacinthus03046-RA","Ahyacinthus03046-RA","Ahya","OG_7966",0,1,0
"Ahyacinthus03047-RA","Ahyacinthus03047-RA","Ahya","OG_611",0,1,1
"Ahyacinthus03050-RA","Ahyacinthus03050-RA","Ahya","OG_2599",0,1,0
"Ahyacinthus03052-RA","Ahyacinthus03052-RA","Ahya","OG_7965",0,1,1
"Ahyacinthus03057-RA","Ahyacinthus03057-RA","Ahya","OG_7795",0,1,0
"Ahyacinthus03063-RA","Ahyacinthus03063-RA","Ahya","OG_2601",0,1,0
"Ahyacinthus03064-RA","Ahyacinthus03064-RA","Ahya","OG_8105",0,1,0
"Ahyacinthus03065-RA","Ahyacinthus03065-RA","Ahya","OG_809",0,1,0
"Ahyacinthus03066-RA","Ahyacinthus03066-RA","Ahya","OG_280",0,1,0
"Ahyacinthus03071-RA","Ahyacinthus03071-RA","Ahya","OG_280",0,1,0
"Ahyacinthus03072-RA","Ahyacinthus03072-RA","Ahya","OG_273",0,1,0
"Ahyacinthus03075-RA","Ahyacinthus03075-RA","Ahya","OG_2602",0,1,0
"Ahyacinthus03076-RA","Ahyacinthus03076-RA","Ahya","OG_7894",0,1,0
"Ahyacinthus03078-RA","Ahyacinthus03078-RA","Ahya","OG_2603",0,1,1
"Ahyacinthus03079-RA","Ahyacinthus03079-RA","Ahya","OG_7948",0,1,0
"Ahyacinthus03080-RA","Ahyacinthus03080-RA","Ahya","OG_2604",0,1,0
"Ahyacinthus03081-RA","Ahyacinthus03081-RA","Ahya","OG_6335",1,1,0
"Ahyacinthus03082-RA","Ahyacinthus03082-RA","Ahya","OG_2605",0,1,0
"Ahyacinthus03089-RA","Ahyacinthus03089-RA","Ahya","OG_7772",0,1,0
"Ahyacinthus03090-RA","Ahyacinthus03090-RA","Ahya","OG_6278",0,1,0
"Ahyacinthus03098-RA","Ahyacinthus03098-RA","Ahya","OG_7952",0,1,0
"Ahyacinthus03099-RA","Ahyacinthus03099-RA","Ahya","OG_5240",0,1,0
"Ahyacinthus03102-RA","Ahyacinthus03102-RA","Ahya","OG_4053",1,1,0
"Ahyacinthus03108-RA","Ahyacinthus03108-RA","Ahya","OG_5358",0,1,0
"Ahyacinthus03110-RA","Ahyacinthus03110-RA","Ahya","OG_12528",0,1,0
"Ahyacinthus03112-RA","Ahyacinthus03112-RA","Ahya","OG_4998",0,1,0
"Ahyacinthus03116-RA","Ahyacinthus03116-RA","Ahya","OG_12680",0,1,0
"Ahyacinthus03117-RA","Ahyacinthus03117-RA","Ahya","OG_12679",0,1,0
"Ahyacinthus03118-RA","Ahyacinthus03118-RA","Ahya","OG_10465",0,1,0
"Ahyacinthus03119-RA","Ahyacinthus03119-RA","Ahya","OG_8034",0,1,0
"Ahyacinthus03122-RA","Ahyacinthus03122-RA","Ahya","OG_1315",0,1,1
"Ahyacinthus03131-RA","Ahyacinthus03131-RA","Ahya","OG_8163",0,1,0
"Ahyacinthus03133-RA","Ahyacinthus03133-RA","Ahya","OG_2609",0,1,0
"Ahyacinthus03139-RA","Ahyacinthus03139-RA","Ahya","OG_142",0,1,0
"Ahyacinthus03140-RA","Ahyacinthus03140-RA","Ahya","OG_7732",0,1,1
"Ahyacinthus03147-RA","Ahyacinthus03147-RA","Ahya","OG_7905",0,1,1
"Ahyacinthus03156-RA","Ahyacinthus03156-RA","Ahya","OG_8020",0,1,0
"Ahyacinthus03162-RA","Ahyacinthus03162-RA","Ahya","OG_1339",0,1,0
"Ahyacinthus03166-RA","Ahyacinthus03166-RA","Ahya","OG_1014",0,1,0
"Ahyacinthus03168-RA","Ahyacinthus03168-RA","Ahya","OG_568",1,1,1
"Ahyacinthus03169-RA","Ahyacinthus03169-RA","Ahya","OG_909",0,1,1
"Ahyacinthus03172-RA","Ahyacinthus03172-RA","Ahya","OG_5171",0,1,0
"Ahyacinthus03178-RA","Ahyacinthus03178-RA","Ahya","OG_473",0,1,0
"Ahyacinthus03187-RA","Ahyacinthus03187-RA","Ahya","OG_2612",0,1,0
"Ahyacinthus03188-RA","Ahyacinthus03188-RA","Ahya","OG_6230",0,1,0
"Ahyacinthus03189-RA","Ahyacinthus03189-RA","Ahya","OG_8069",0,1,0
"Ahyacinthus03191-RA","Ahyacinthus03191-RA","Ahya","OG_8015",0,1,0
"Ahyacinthus03193-RA","Ahyacinthus03193-RA","Ahya","OG_8070",0,1,1
"Ahyacinthus03195-RA","Ahyacinthus03195-RA","Ahya","OG_6591",0,1,0
"Ahyacinthus03197-RA","Ahyacinthus03197-RA","Ahya","OG_2614",0,1,0
"Ahyacinthus03198-RA","Ahyacinthus03198-RA","Ahya","OG_6036",0,1,0
"Ahyacinthus03201-RA","Ahyacinthus03201-RA","Ahya","OG_8043",0,1,1
"Ahyacinthus03203-RA","Ahyacinthus03203-RA","Ahya","OG_2616",0,1,0
"Ahyacinthus03209-RA","Ahyacinthus03209-RA","Ahya","OG_7936",0,1,0
"Ahyacinthus03210-RA","Ahyacinthus03210-RA","Ahya","OG_7891",0,1,0
"Ahyacinthus03211-RA","Ahyacinthus03211-RA","Ahya","OG_652",0,1,1
"Ahyacinthus03212-RA","Ahyacinthus03212-RA","Ahya","OG_7760",0,1,0
"Ahyacinthus03213-RA","Ahyacinthus03213-RA","Ahya","OG_2618",0,1,1
"Ahyacinthus03214-RA","Ahyacinthus03214-RA","Ahya","OG_7925",0,1,0
"Ahyacinthus03215-RA","Ahyacinthus03215-RA","Ahya","OG_9310",0,1,0
"Ahyacinthus03220-RA","Ahyacinthus03220-RA","Ahya","OG_209",0,1,0
"Ahyacinthus03228-RA","Ahyacinthus03228-RA","Ahya","OG_377",1,1,0
"Ahyacinthus03230-RA","Ahyacinthus03230-RA","Ahya","OG_1176",0,1,1
"Ahyacinthus03231-RA","Ahyacinthus03231-RA","Ahya","OG_737",1,1,0
"Ahyacinthus03232-RA","Ahyacinthus03232-RA","Ahya","OG_235",0,1,0
"Ahyacinthus03234-RA","Ahyacinthus03234-RA","Ahya","OG_1118",0,1,0
"Ahyacinthus03235-RA","Ahyacinthus03235-RA","Ahya","OG_377",1,1,0
"Ahyacinthus03237-RA","Ahyacinthus03237-RA","Ahya","OG_1186",0,1,0
"Ahyacinthus03239-RA","Ahyacinthus03239-RA","Ahya","OG_737",1,1,0
"Ahyacinthus03241-RA","Ahyacinthus03241-RA","Ahya","OG_887",0,1,0
"Ahyacinthus03244-RA","Ahyacinthus03244-RA","Ahya","OG_869",0,1,0
"Ahyacinthus03245-RA","Ahyacinthus03245-RA","Ahya","OG_933",0,1,0
"Ahyacinthus03246-RA","Ahyacinthus03246-RA","Ahya","OG_913",1,1,0
"Ahyacinthus03248-RA","Ahyacinthus03248-RA","Ahya","OG_332",0,1,1
"Ahyacinthus03249-RA","Ahyacinthus03249-RA","Ahya","OG_802",1,1,0
"Ahyacinthus03252-RA","Ahyacinthus03252-RA","Ahya","OG_871",0,1,0
"Ahyacinthus03254-RA","Ahyacinthus03254-RA","Ahya","OG_5113",0,1,0
"Ahyacinthus03255-RA","Ahyacinthus03255-RA","Ahya","OG_876",0,1,1
"Ahyacinthus03256-RA","Ahyacinthus03256-RA","Ahya","OG_1120",1,1,0
"Ahyacinthus03257-RA","Ahyacinthus03257-RA","Ahya","OG_339",1,1,0
"Ahyacinthus03259-RA","Ahyacinthus03259-RA","Ahya","OG_5161",0,1,0
"Ahyacinthus03260-RA","Ahyacinthus03260-RA","Ahya","OG_888",0,1,1
"Ahyacinthus03261-RA","Ahyacinthus03261-RA","Ahya","OG_778",1,1,1
"Ahyacinthus03264-RA","Ahyacinthus03264-RA","Ahya","OG_339",1,1,0
"Ahyacinthus03266-RA","Ahyacinthus03266-RA","Ahya","OG_1162",0,1,1
"Ahyacinthus03267-RA","Ahyacinthus03267-RA","Ahya","OG_5945",0,1,0
"Ahyacinthus03268-RA","Ahyacinthus03268-RA","Ahya","OG_778",1,1,1
"Ahyacinthus03270-RA","Ahyacinthus03270-RA","Ahya","OG_715",0,1,1
"Ahyacinthus03272-RA","Ahyacinthus03272-RA","Ahya","OG_5381",0,1,0
"Ahyacinthus03277-RA","Ahyacinthus03277-RA","Ahya","OG_880",0,1,0
"Ahyacinthus03278-RA","Ahyacinthus03278-RA","Ahya","OG_292",0,1,0
"Ahyacinthus03283-RA","Ahyacinthus03283-RA","Ahya","OG_757",1,1,1
"Ahyacinthus03284-RA","Ahyacinthus03284-RA","Ahya","OG_1115",0,1,0
"Ahyacinthus03285-RA","Ahyacinthus03285-RA","Ahya","OG_868",1,1,1
"Ahyacinthus03287-RA","Ahyacinthus03287-RA","Ahya","OG_1325",0,1,0
"Ahyacinthus03289-RA","Ahyacinthus03289-RA","Ahya","OG_604",1,1,1
"Ahyacinthus03290-RA","Ahyacinthus03290-RA","Ahya","OG_1357",0,1,0
"Ahyacinthus03291-RA","Ahyacinthus03291-RA","Ahya","OG_1357",0,1,0
"Ahyacinthus03292-RA","Ahyacinthus03292-RA","Ahya","OG_130",0,1,1
"Ahyacinthus03294-RA","Ahyacinthus03294-RA","Ahya","OG_1055",0,1,0
"Ahyacinthus03295-RA","Ahyacinthus03295-RA","Ahya","OG_372",0,1,1
"Ahyacinthus03297-RA","Ahyacinthus03297-RA","Ahya","OG_680",1,1,1
"Ahyacinthus03298-RA","Ahyacinthus03298-RA","Ahya","OG_778",1,1,1
"Ahyacinthus03299-RA","Ahyacinthus03299-RA","Ahya","OG_778",1,1,1
"Ahyacinthus03300-RA","Ahyacinthus03300-RA","Ahya","OG_778",1,1,1
"Ahyacinthus03301-RA","Ahyacinthus03301-RA","Ahya","OG_12035",0,1,1
"Ahyacinthus03302-RA","Ahyacinthus03302-RA","Ahya","OG_2619",0,1,0
"Ahyacinthus03303-RA","Ahyacinthus03303-RA","Ahya","OG_5384",0,1,0
"Ahyacinthus03304-RA","Ahyacinthus03304-RA","Ahya","OG_2620",0,1,0
"Ahyacinthus03305-RA","Ahyacinthus03305-RA","Ahya","OG_7757",0,1,0
"Ahyacinthus03311-RA","Ahyacinthus03311-RA","Ahya","OG_905",1,1,1
"Ahyacinthus03312-RA","Ahyacinthus03312-RA","Ahya","OG_369",1,1,1
"Ahyacinthus03313-RA","Ahyacinthus03313-RA","Ahya","OG_879",1,1,1
"Ahyacinthus03319-RA","Ahyacinthus03319-RA","Ahya","OG_1014",0,1,0
"Ahyacinthus03320-RA","Ahyacinthus03320-RA","Ahya","OG_434",0,1,1
"Ahyacinthus03322-RA","Ahyacinthus03322-RA","Ahya","OG_332",0,1,1
"Ahyacinthus03324-RA","Ahyacinthus03324-RA","Ahya","OG_186",1,1,1
"Ahyacinthus03332-RA","Ahyacinthus03332-RA","Ahya","OG_144",1,1,0
"Ahyacinthus03335-RA","Ahyacinthus03335-RA","Ahya","OG_1048",0,1,1
"Ahyacinthus03338-RA","Ahyacinthus03338-RA","Ahya","OG_757",1,1,1
"Ahyacinthus03339-RA","Ahyacinthus03339-RA","Ahya","OG_864",1,1,0
"Ahyacinthus03340-RA","Ahyacinthus03340-RA","Ahya","OG_864",1,1,0
"Ahyacinthus03341-RA","Ahyacinthus03341-RA","Ahya","OG_7379",0,1,0
"Ahyacinthus03344-RA","Ahyacinthus03344-RA","Ahya","OG_2621",0,1,0
"Ahyacinthus03351-RA","Ahyacinthus03351-RA","Ahya","OG_1229",0,1,0
"Ahyacinthus03352-RA","Ahyacinthus03352-RA","Ahya","OG_837",0,1,0
"Ahyacinthus03353-RA","Ahyacinthus03353-RA","Ahya","OG_783",0,1,0
"Ahyacinthus03354-RA","Ahyacinthus03354-RA","Ahya","OG_1123",0,1,1
"Ahyacinthus03355-RA","Ahyacinthus03355-RA","Ahya","OG_917",0,1,0
"Ahyacinthus03357-RA","Ahyacinthus03357-RA","Ahya","OG_766",1,1,0
"Ahyacinthus03358-RA","Ahyacinthus03358-RA","Ahya","OG_443",0,1,1
"Ahyacinthus03359-RA","Ahyacinthus03359-RA","Ahya","OG_631",1,1,1
"Ahyacinthus03360-RA","Ahyacinthus03360-RA","Ahya","OG_5137",0,1,0
"Ahyacinthus03361-RA","Ahyacinthus03361-RA","Ahya","OG_868",1,1,1
"Ahyacinthus03363-RA","Ahyacinthus03363-RA","Ahya","OG_369",1,1,1
"Ahyacinthus03364-RA","Ahyacinthus03364-RA","Ahya","OG_248",1,1,1
"Ahyacinthus03365-RA","Ahyacinthus03365-RA","Ahya","OG_248",1,1,1
"Ahyacinthus03367-RA","Ahyacinthus03367-RA","Ahya","OG_248",1,1,1
"Ahyacinthus03368-RA","Ahyacinthus03368-RA","Ahya","OG_248",1,1,1
"Ahyacinthus03369-RA","Ahyacinthus03369-RA","Ahya","OG_427",0,1,1
"Ahyacinthus03370-RA","Ahyacinthus03370-RA","Ahya","OG_186",1,1,1
"Ahyacinthus03371-RA","Ahyacinthus03371-RA","Ahya","OG_5108",0,1,1
"Ahyacinthus03373-RA","Ahyacinthus03373-RA","Ahya","OG_879",1,1,1
"Ahyacinthus03374-RA","Ahyacinthus03374-RA","Ahya","OG_879",1,1,1
"Ahyacinthus03375-RA","Ahyacinthus03375-RA","Ahya","OG_835",0,1,0
"Ahyacinthus03376-RA","Ahyacinthus03376-RA","Ahya","OG_762",0,1,0
"Ahyacinthus03379-RA","Ahyacinthus03379-RA","Ahya","OG_1110",0,1,0
"Ahyacinthus03381-RA","Ahyacinthus03381-RA","Ahya","OG_382",0,1,0
"Ahyacinthus03385-RA","Ahyacinthus03385-RA","Ahya","OG_315",1,1,0
"Ahyacinthus03387-RA","Ahyacinthus03387-RA","Ahya","OG_818",1,1,0
"Ahyacinthus03389-RA","Ahyacinthus03389-RA","Ahya","OG_2622",0,1,0
"Ahyacinthus03398-RA","Ahyacinthus03398-RA","Ahya","OG_256",0,1,1
"Ahyacinthus03405-RA","Ahyacinthus03405-RA","Ahya","OG_766",1,1,0
"Ahyacinthus03406-RA","Ahyacinthus03406-RA","Ahya","OG_696",0,1,1
"Ahyacinthus03408-RA","Ahyacinthus03408-RA","Ahya","OG_369",1,1,1
"Ahyacinthus03413-RA","Ahyacinthus03413-RA","Ahya","OG_4327",0,1,0
"Ahyacinthus03414-RA","Ahyacinthus03414-RA","Ahya","OG_10371",0,1,0
"Ahyacinthus03415-RA","Ahyacinthus03415-RA","Ahya","OG_6793",0,1,0
"Ahyacinthus03416-RA","Ahyacinthus03416-RA","Ahya","OG_4324",0,1,0
"Ahyacinthus03418-RA","Ahyacinthus03418-RA","Ahya","OG_4325",0,1,0
"Ahyacinthus03421-RA","Ahyacinthus03421-RA","Ahya","OG_940",0,1,1
"Ahyacinthus03422-RA","Ahyacinthus03422-RA","Ahya","OG_940",0,1,1
"Ahyacinthus03423-RA","Ahyacinthus03423-RA","Ahya","OG_940",0,1,1
"Ahyacinthus03424-RA","Ahyacinthus03424-RA","Ahya","OG_940",0,1,1
"Ahyacinthus03425-RA","Ahyacinthus03425-RA","Ahya","OG_940",0,1,1
"Ahyacinthus03427-RA","Ahyacinthus03427-RA","Ahya","OG_4330",0,1,0
"Ahyacinthus03428-RA","Ahyacinthus03428-RA","Ahya","OG_7320",0,1,0
"Ahyacinthus03439-RA","Ahyacinthus03439-RA","Ahya","OG_9998",0,1,0
"Ahyacinthus03441-RA","Ahyacinthus03441-RA","Ahya","OG_4332",0,1,0
"Ahyacinthus03440-RA","Ahyacinthus03440-RA","Ahya","OG_4336",0,1,0
"Ahyacinthus03442-RA","Ahyacinthus03442-RA","Ahya","OG_4333",0,1,0
"Ahyacinthus03447-RA","Ahyacinthus03447-RA","Ahya","OG_4337",0,1,0
"Ahyacinthus03448-RA","Ahyacinthus03448-RA","Ahya","OG_727",1,1,0
"Ahyacinthus03452-RA","Ahyacinthus03452-RA","Ahya","OG_10159",0,1,0
"Ahyacinthus03458-RA","Ahyacinthus03458-RA","Ahya","OG_10181",0,1,0
"Ahyacinthus03460-RA","Ahyacinthus03460-RA","Ahya","OG_10181",0,1,0
"Ahyacinthus03470-RA","Ahyacinthus03470-RA","Ahya","OG_10105",0,1,0
"Ahyacinthus03471-RA","Ahyacinthus03471-RA","Ahya","OG_7608",0,1,0
"Ahyacinthus03473-RA","Ahyacinthus03473-RA","Ahya","OG_4341",0,1,0
"Ahyacinthus03474-RA","Ahyacinthus03474-RA","Ahya","OG_10379",0,1,0
"Ahyacinthus03476-RA","Ahyacinthus03476-RA","Ahya","OG_4343",0,1,1
"Ahyacinthus03479-RA","Ahyacinthus03479-RA","Ahya","OG_10236",0,1,0
"Ahyacinthus03482-RA","Ahyacinthus03482-RA","Ahya","OG_4345",0,1,0
"Ahyacinthus03484-RA","Ahyacinthus03484-RA","Ahya","OG_4346",0,1,0
"Ahyacinthus03485-RA","Ahyacinthus03485-RA","Ahya","OG_4347",0,1,0
"Ahyacinthus03486-RA","Ahyacinthus03486-RA","Ahya","OG_5089",1,1,0
"Ahyacinthus03487-RA","Ahyacinthus03487-RA","Ahya","OG_10056",0,1,0
"Ahyacinthus03495-RA","Ahyacinthus03495-RA","Ahya","OG_10133",0,1,0
"Ahyacinthus03497-RA","Ahyacinthus03497-RA","Ahya","OG_495",0,1,1
"Ahyacinthus03499-RA","Ahyacinthus03499-RA","Ahya","OG_4350",0,1,0
"Ahyacinthus03504-RA","Ahyacinthus03504-RA","Ahya","OG_9971",0,1,0
"Ahyacinthus03505-RA","Ahyacinthus03505-RA","Ahya","OG_9365",0,1,0
"Ahyacinthus03506-RA","Ahyacinthus03506-RA","Ahya","OG_6091",0,1,1
"Ahyacinthus03529-RA","Ahyacinthus03529-RA","Ahya","OG_10058",0,1,0
"Ahyacinthus03533-RA","Ahyacinthus03533-RA","Ahya","OG_4353",0,1,1
"Ahyacinthus03541-RA","Ahyacinthus03541-RA","Ahya","OG_932",0,1,1
"Ahyacinthus03542-RA","Ahyacinthus03542-RA","Ahya","OG_932",0,1,1
"Ahyacinthus03545-RA","Ahyacinthus03545-RA","Ahya","OG_4354",0,1,0
"Ahyacinthus03546-RA","Ahyacinthus03546-RA","Ahya","OG_10342",0,1,0
"Ahyacinthus03554-RA","Ahyacinthus03554-RA","Ahya","OG_1482",0,1,0
"Ahyacinthus03556-RA","Ahyacinthus03556-RA","Ahya","OG_4357",0,1,0
"Ahyacinthus03558-RA","Ahyacinthus03558-RA","Ahya","OG_4357",0,1,0
"Ahyacinthus03559-RA","Ahyacinthus03559-RA","Ahya","OG_1183",0,1,0
"Ahyacinthus03563-RA","Ahyacinthus03563-RA","Ahya","OG_4359",0,1,0
"Ahyacinthus03564-RA","Ahyacinthus03564-RA","Ahya","OG_5680",0,1,0
"Ahyacinthus03566-RA","Ahyacinthus03566-RA","Ahya","OG_4358",0,1,0
"Ahyacinthus03569-RA","Ahyacinthus03569-RA","Ahya","OG_10126",0,1,0
"Ahyacinthus03585-RA","Ahyacinthus03585-RA","Ahya","OG_9982",0,1,0
"Ahyacinthus03590-RA","Ahyacinthus03590-RA","Ahya","OG_4363",0,1,0
"Ahyacinthus03591-RA","Ahyacinthus03591-RA","Ahya","OG_6250",0,1,0
"Ahyacinthus03595-RA","Ahyacinthus03595-RA","Ahya","OG_10210",0,1,0
"Ahyacinthus03596-RA","Ahyacinthus03596-RA","Ahya","OG_10209",0,1,0
"Ahyacinthus03597-RA","Ahyacinthus03597-RA","Ahya","OG_4366",0,1,0
"Ahyacinthus03600-RA","Ahyacinthus03600-RA","Ahya","OG_10037",0,1,0
"Ahyacinthus03601-RA","Ahyacinthus03601-RA","Ahya","OG_6094",0,1,0
"Ahyacinthus03603-RA","Ahyacinthus03603-RA","Ahya","OG_4367",0,1,0
"Ahyacinthus03609-RA","Ahyacinthus03609-RA","Ahya","OG_4368",0,1,0
"Ahyacinthus03610-RA","Ahyacinthus03610-RA","Ahya","OG_10366",0,1,0
"Ahyacinthus03611-RA","Ahyacinthus03611-RA","Ahya","OG_10392",0,1,0
"Ahyacinthus03617-RA","Ahyacinthus03617-RA","Ahya","OG_4369",0,1,0
"Ahyacinthus03626-RA","Ahyacinthus03626-RA","Ahya","OG_1565",0,1,0
"Ahyacinthus03629-RA","Ahyacinthus03629-RA","Ahya","OG_1181",0,1,0
"Ahyacinthus03630-RA","Ahyacinthus03630-RA","Ahya","OG_1181",0,1,0
"Ahyacinthus03633-RA","Ahyacinthus03633-RA","Ahya","OG_6104",0,1,0
"Ahyacinthus03635-RA","Ahyacinthus03635-RA","Ahya","OG_12444",0,1,0
"Ahyacinthus03636-RA","Ahyacinthus03636-RA","Ahya","OG_939",0,1,0
"Ahyacinthus03637-RA","Ahyacinthus03637-RA","Ahya","OG_12444",0,1,0
"Ahyacinthus03641-RA","Ahyacinthus03641-RA","Ahya","OG_4370",0,1,0
"Ahyacinthus03644-RA","Ahyacinthus03644-RA","Ahya","OG_527",0,1,0
"Ahyacinthus03645-RA","Ahyacinthus03645-RA","Ahya","OG_10101",0,1,0
"Ahyacinthus03646-RA","Ahyacinthus03646-RA","Ahya","OG_6774",0,1,0
"Ahyacinthus03647-RA","Ahyacinthus03647-RA","Ahya","OG_6846",0,1,0
"Ahyacinthus03649-RA","Ahyacinthus03649-RA","Ahya","OG_10102",0,1,0
"Ahyacinthus03650-RA","Ahyacinthus03650-RA","Ahya","OG_10103",0,1,0
"Ahyacinthus03654-RA","Ahyacinthus03654-RA","Ahya","OG_10283",0,1,0
"Ahyacinthus03670-RA","Ahyacinthus03670-RA","Ahya","OG_6370",0,1,0
"Ahyacinthus03671-RA","Ahyacinthus03671-RA","Ahya","OG_4373",0,1,0
"Ahyacinthus03674-RA","Ahyacinthus03674-RA","Ahya","OG_554",0,1,0
"Ahyacinthus03675-RA","Ahyacinthus03675-RA","Ahya","OG_515",0,1,0
"Ahyacinthus03682-RA","Ahyacinthus03682-RA","Ahya","OG_4376",0,1,0
"Ahyacinthus03688-RA","Ahyacinthus03688-RA","Ahya","OG_1033",0,1,0
"Ahyacinthus03690-RA","Ahyacinthus03690-RA","Ahya","OG_1311",0,1,0
"Ahyacinthus03702-RA","Ahyacinthus03702-RA","Ahya","OG_10143",0,1,0
"Ahyacinthus03703-RA","Ahyacinthus03703-RA","Ahya","OG_10143",0,1,0
"Ahyacinthus03704-RA","Ahyacinthus03704-RA","Ahya","OG_10142",0,1,0
"Ahyacinthus03706-RA","Ahyacinthus03706-RA","Ahya","OG_12598",0,1,0
"Ahyacinthus03707-RA","Ahyacinthus03707-RA","Ahya","OG_12598",0,1,0
"Ahyacinthus03713-RA","Ahyacinthus03713-RA","Ahya","OG_670",0,1,0
"Ahyacinthus03714-RA","Ahyacinthus03714-RA","Ahya","OG_942",1,1,0
"Ahyacinthus03715-RA","Ahyacinthus03715-RA","Ahya","OG_670",0,1,0
"Ahyacinthus03716-RA","Ahyacinthus03716-RA","Ahya","OG_670",0,1,0
"Ahyacinthus03721-RA","Ahyacinthus03721-RA","Ahya","OG_670",0,1,0
"Ahyacinthus03722-RA","Ahyacinthus03722-RA","Ahya","OG_942",1,1,0
"Ahyacinthus03724-RA","Ahyacinthus03724-RA","Ahya","OG_942",1,1,0
"Ahyacinthus03725-RA","Ahyacinthus03725-RA","Ahya","OG_942",1,1,0
"Ahyacinthus03727-RA","Ahyacinthus03727-RA","Ahya","OG_670",0,1,0
"Ahyacinthus03729-RA","Ahyacinthus03729-RA","Ahya","OG_670",0,1,0
"Ahyacinthus03730-RA","Ahyacinthus03730-RA","Ahya","OG_670",0,1,0
"Ahyacinthus03732-RA","Ahyacinthus03732-RA","Ahya","OG_942",1,1,0
"Ahyacinthus03749-RA","Ahyacinthus03749-RA","Ahya","OG_1209",0,1,1
"Ahyacinthus03755-RA","Ahyacinthus03755-RA","Ahya","OG_10291",0,1,0
"Ahyacinthus03764-RA","Ahyacinthus03764-RA","Ahya","OG_4387",0,1,0
"Ahyacinthus03765-RA","Ahyacinthus03765-RA","Ahya","OG_5234",0,1,0
"Ahyacinthus03766-RA","Ahyacinthus03766-RA","Ahya","OG_6097",0,1,0
"Ahyacinthus03769-RA","Ahyacinthus03769-RA","Ahya","OG_4391",0,1,0
"Ahyacinthus03771-RA","Ahyacinthus03771-RA","Ahya","OG_4390",0,1,1
"Ahyacinthus03772-RA","Ahyacinthus03772-RA","Ahya","OG_4390",0,1,1
"Ahyacinthus03774-RA","Ahyacinthus03774-RA","Ahya","OG_1483",0,1,0
"Ahyacinthus03775-RA","Ahyacinthus03775-RA","Ahya","OG_1014",0,1,0
"Ahyacinthus03776-RA","Ahyacinthus03776-RA","Ahya","OG_4393",0,1,1
"Ahyacinthus03782-RA","Ahyacinthus03782-RA","Ahya","OG_10325",0,1,1
"Ahyacinthus03791-RA","Ahyacinthus03791-RA","Ahya","OG_5356",0,1,0
"Ahyacinthus03800-RA","Ahyacinthus03800-RA","Ahya","OG_10317",0,1,0
"Ahyacinthus03801-RA","Ahyacinthus03801-RA","Ahya","OG_8747",0,1,0
"Ahyacinthus03803-RA","Ahyacinthus03803-RA","Ahya","OG_10319",0,1,0
"Ahyacinthus03808-RA","Ahyacinthus03808-RA","Ahya","OG_12619",0,1,0
"Ahyacinthus03813-RA","Ahyacinthus03813-RA","Ahya","OG_6785",0,1,0
"Ahyacinthus03814-RA","Ahyacinthus03814-RA","Ahya","OG_6785",0,1,0
"Ahyacinthus03815-RA","Ahyacinthus03815-RA","Ahya","OG_4401",0,1,0
"Ahyacinthus03817-RA","Ahyacinthus03817-RA","Ahya","OG_10180",0,1,0
"Ahyacinthus03818-RA","Ahyacinthus03818-RA","Ahya","OG_6779",0,1,0
"Ahyacinthus03820-RA","Ahyacinthus03820-RA","Ahya","OG_6778",0,1,0
"Ahyacinthus03822-RA","Ahyacinthus03822-RA","Ahya","OG_1241",0,1,0
"Ahyacinthus03824-RA","Ahyacinthus03824-RA","Ahya","OG_550",0,1,0
"Ahyacinthus03840-RA","Ahyacinthus03840-RA","Ahya","OG_10323",0,1,0
"Ahyacinthus03841-RA","Ahyacinthus03841-RA","Ahya","OG_1483",0,1,0
"Ahyacinthus03849-RA","Ahyacinthus03849-RA","Ahya","OG_4404",0,1,0
"Ahyacinthus03850-RA","Ahyacinthus03850-RA","Ahya","OG_6770",0,1,0
"Ahyacinthus03851-RA","Ahyacinthus03851-RA","Ahya","OG_10266",0,1,0
"Ahyacinthus03854-RA","Ahyacinthus03854-RA","Ahya","OG_4406",0,1,0
"Ahyacinthus03856-RA","Ahyacinthus03856-RA","Ahya","OG_6095",0,1,0
"Ahyacinthus03859-RA","Ahyacinthus03859-RA","Ahya","OG_10021",0,1,1
"Ahyacinthus03860-RA","Ahyacinthus03860-RA","Ahya","OG_6765",0,1,1
"Ahyacinthus03871-RA","Ahyacinthus03871-RA","Ahya","OG_10394",0,1,0
"Ahyacinthus03876-RA","Ahyacinthus03876-RA","Ahya","OG_1481",0,1,0
"Ahyacinthus03886-RA","Ahyacinthus03886-RA","Ahya","OG_10369",0,1,0
"Ahyacinthus03887-RA","Ahyacinthus03887-RA","Ahya","OG_10370",0,1,0
"Ahyacinthus03894-RA","Ahyacinthus03894-RA","Ahya","OG_10132",0,1,0
"Ahyacinthus03895-RA","Ahyacinthus03895-RA","Ahya","OG_150",1,1,1
"Ahyacinthus03896-RA","Ahyacinthus03896-RA","Ahya","OG_10131",0,1,0
"Ahyacinthus03897-RA","Ahyacinthus03897-RA","Ahya","OG_4415",0,1,0
"Ahyacinthus03898-RA","Ahyacinthus03898-RA","Ahya","OG_182",0,1,0
"Ahyacinthus03901-RA","Ahyacinthus03901-RA","Ahya","OG_5159",0,1,1
"Ahyacinthus03910-RA","Ahyacinthus03910-RA","Ahya","OG_696",0,1,1
"Ahyacinthus03917-RA","Ahyacinthus03917-RA","Ahya","OG_741",1,1,1
"Ahyacinthus03918-RA","Ahyacinthus03918-RA","Ahya","OG_282",0,1,0
"Ahyacinthus03921-RA","Ahyacinthus03921-RA","Ahya","OG_9972",0,1,0
"Ahyacinthus03923-RA","Ahyacinthus03923-RA","Ahya","OG_10275",0,1,0
"Ahyacinthus03933-RA","Ahyacinthus03933-RA","Ahya","OG_4417",0,1,0
"Ahyacinthus03936-RA","Ahyacinthus03936-RA","Ahya","OG_10306",0,1,1
"Ahyacinthus03937-RA","Ahyacinthus03937-RA","Ahya","OG_4419",0,1,0
"Ahyacinthus03938-RA","Ahyacinthus03938-RA","Ahya","OG_10305",0,1,0
"Ahyacinthus03939-RA","Ahyacinthus03939-RA","Ahya","OG_10092",0,1,0
"Ahyacinthus03943-RA","Ahyacinthus03943-RA","Ahya","OG_10134",0,1,0
"Ahyacinthus03944-RA","Ahyacinthus03944-RA","Ahya","OG_10135",0,1,0
"Ahyacinthus03945-RA","Ahyacinthus03945-RA","Ahya","OG_12669",0,1,0
"Ahyacinthus03947-RA","Ahyacinthus03947-RA","Ahya","OG_4421",0,1,0
"Ahyacinthus03948-RA","Ahyacinthus03948-RA","Ahya","OG_10196",0,1,0
"Ahyacinthus03950-RA","Ahyacinthus03950-RA","Ahya","OG_10197",0,1,0
"Ahyacinthus03958-RA","Ahyacinthus03958-RA","Ahya","OG_6102",0,1,0
"Ahyacinthus03959-RA","Ahyacinthus03959-RA","Ahya","OG_524",0,1,0
"Ahyacinthus03966-RA","Ahyacinthus03966-RA","Ahya","OG_10231",0,1,0
"Ahyacinthus03975-RA","Ahyacinthus03975-RA","Ahya","OG_4426",0,1,0
"Ahyacinthus03976-RA","Ahyacinthus03976-RA","Ahya","OG_666",0,1,0
"Ahyacinthus03978-RA","Ahyacinthus03978-RA","Ahya","OG_416",0,1,0
"Ahyacinthus03984-RA","Ahyacinthus03984-RA","Ahya","OG_814",0,1,1
"Ahyacinthus03993-RA","Ahyacinthus03993-RA","Ahya","OG_905",1,1,1
"Ahyacinthus03995-RA","Ahyacinthus03995-RA","Ahya","OG_814",0,1,1
"Ahyacinthus03997-RA","Ahyacinthus03997-RA","Ahya","OG_581",0,1,0
"Ahyacinthus04004-RA","Ahyacinthus04004-RA","Ahya","OG_4427",0,1,0
"Ahyacinthus04015-RA","Ahyacinthus04015-RA","Ahya","OG_766",1,1,0
"Ahyacinthus04019-RA","Ahyacinthus04019-RA","Ahya","OG_814",0,1,1
"Ahyacinthus04022-RA","Ahyacinthus04022-RA","Ahya","OG_10046",0,1,0
"Ahyacinthus04024-RA","Ahyacinthus04024-RA","Ahya","OG_10226",0,1,0
"Ahyacinthus04027-RA","Ahyacinthus04027-RA","Ahya","OG_10189",0,1,0
"Ahyacinthus04029-RA","Ahyacinthus04029-RA","Ahya","OG_4430",0,1,0
"Ahyacinthus04032-RA","Ahyacinthus04032-RA","Ahya","OG_10147",0,1,0
"Ahyacinthus04033-RA","Ahyacinthus04033-RA","Ahya","OG_10190",0,1,0
"Ahyacinthus04034-RA","Ahyacinthus04034-RA","Ahya","OG_540",0,1,0
"Ahyacinthus04044-RA","Ahyacinthus04044-RA","Ahya","OG_898",0,1,0
"Ahyacinthus04046-RA","Ahyacinthus04046-RA","Ahya","OG_8384",0,1,0
"Ahyacinthus04055-RA","Ahyacinthus04055-RA","Ahya","OG_6777",0,1,0
"Ahyacinthus04056-RA","Ahyacinthus04056-RA","Ahya","OG_10171",0,1,0
"Ahyacinthus04057-RA","Ahyacinthus04057-RA","Ahya","OG_574",0,1,0
"Ahyacinthus04058-RA","Ahyacinthus04058-RA","Ahya","OG_10173",0,1,0
"Ahyacinthus04059-RA","Ahyacinthus04059-RA","Ahya","OG_10172",0,1,0
"Ahyacinthus04067-RA","Ahyacinthus04067-RA","Ahya","OG_4432",0,1,0
"Ahyacinthus04068-RA","Ahyacinthus04068-RA","Ahya","OG_4431",0,1,0
"Ahyacinthus04070-RA","Ahyacinthus04070-RA","Ahya","OG_4433",0,1,0
"Ahyacinthus04076-RA","Ahyacinthus04076-RA","Ahya","OG_583",0,1,0
"Ahyacinthus04082-RA","Ahyacinthus04082-RA","Ahya","OG_427",0,1,1
"Ahyacinthus04085-RA","Ahyacinthus04085-RA","Ahya","OG_5104",0,1,0
"Ahyacinthus04086-RA","Ahyacinthus04086-RA","Ahya","OG_518",0,1,0
"Ahyacinthus04087-RA","Ahyacinthus04087-RA","Ahya","OG_590",0,1,1
"Ahyacinthus04089-RA","Ahyacinthus04089-RA","Ahya","OG_436",0,1,0
"Ahyacinthus04092-RA","Ahyacinthus04092-RA","Ahya","OG_436",0,1,0
"Ahyacinthus04098-RA","Ahyacinthus04098-RA","Ahya","OG_4434",0,1,0
"Ahyacinthus04099-RA","Ahyacinthus04099-RA","Ahya","OG_1152",0,1,0
"Ahyacinthus04101-RA","Ahyacinthus04101-RA","Ahya","OG_1152",0,1,0
"Ahyacinthus04103-RA","Ahyacinthus04103-RA","Ahya","OG_4435",0,1,1
"Ahyacinthus04105-RA","Ahyacinthus04105-RA","Ahya","OG_4435",0,1,1
"Ahyacinthus04106-RA","Ahyacinthus04106-RA","Ahya","OG_12665",0,1,1
"Ahyacinthus04108-RA","Ahyacinthus04108-RA","Ahya","OG_4437",0,1,0
"Ahyacinthus04114-RA","Ahyacinthus04114-RA","Ahya","OG_189",0,1,1
"Ahyacinthus04115-RA","Ahyacinthus04115-RA","Ahya","OG_835",0,1,0
"Ahyacinthus04117-RA","Ahyacinthus04117-RA","Ahya","OG_4438",0,1,0
"Ahyacinthus04125-RA","Ahyacinthus04125-RA","Ahya","OG_1097",0,1,0
"Ahyacinthus04127-RA","Ahyacinthus04127-RA","Ahya","OG_1100",0,1,0
"Ahyacinthus04128-RA","Ahyacinthus04128-RA","Ahya","OG_849",0,1,0
"Ahyacinthus04131-RA","Ahyacinthus04131-RA","Ahya","OG_604",1,1,1
"Ahyacinthus04134-RA","Ahyacinthus04134-RA","Ahya","OG_1000",1,1,0
"Ahyacinthus04136-RA","Ahyacinthus04136-RA","Ahya","OG_936",0,1,0
"Ahyacinthus04137-RA","Ahyacinthus04137-RA","Ahya","OG_936",0,1,0
"Ahyacinthus04141-RA","Ahyacinthus04141-RA","Ahya","OG_10269",0,1,0
"Ahyacinthus04143-RA","Ahyacinthus04143-RA","Ahya","OG_12670",0,1,0
"Ahyacinthus04146-RA","Ahyacinthus04146-RA","Ahya","OG_10151",0,1,0
"Ahyacinthus04148-RA","Ahyacinthus04148-RA","Ahya","OG_270",1,1,1
"Ahyacinthus04149-RA","Ahyacinthus04149-RA","Ahya","OG_216",1,1,1
"Ahyacinthus04150-RA","Ahyacinthus04150-RA","Ahya","OG_216",1,1,1
"Ahyacinthus04151-RA","Ahyacinthus04151-RA","Ahya","OG_559",0,1,1
"Ahyacinthus04154-RA","Ahyacinthus04154-RA","Ahya","OG_1195",0,1,0
"Ahyacinthus04155-RA","Ahyacinthus04155-RA","Ahya","OG_732",1,1,0
"Ahyacinthus04157-RA","Ahyacinthus04157-RA","Ahya","OG_1325",0,1,0
"Ahyacinthus04159-RA","Ahyacinthus04159-RA","Ahya","OG_578",0,1,0
"Ahyacinthus04162-RA","Ahyacinthus04162-RA","Ahya","OG_284",1,1,1
"Ahyacinthus04163-RA","Ahyacinthus04163-RA","Ahya","OG_10152",0,1,0
"Ahyacinthus04167-RA","Ahyacinthus04167-RA","Ahya","OG_4441",0,1,0
"Ahyacinthus04169-RA","Ahyacinthus04169-RA","Ahya","OG_10356",0,1,1
"Ahyacinthus04171-RA","Ahyacinthus04171-RA","Ahya","OG_10357",0,1,0
"Ahyacinthus04175-RA","Ahyacinthus04175-RA","Ahya","OG_835",0,1,0
"Ahyacinthus04177-RA","Ahyacinthus04177-RA","Ahya","OG_1048",0,1,1
"Ahyacinthus04181-RA","Ahyacinthus04181-RA","Ahya","OG_369",1,1,1
"Ahyacinthus04185-RA","Ahyacinthus04185-RA","Ahya","OG_943",0,1,0
"Ahyacinthus04186-RA","Ahyacinthus04186-RA","Ahya","OG_943",0,1,0
"Ahyacinthus04188-RA","Ahyacinthus04188-RA","Ahya","OG_5108",0,1,1
"Ahyacinthus04189-RA","Ahyacinthus04189-RA","Ahya","OG_515",0,1,0
"Ahyacinthus04191-RA","Ahyacinthus04191-RA","Ahya","OG_1047",0,1,0
"Ahyacinthus04192-RA","Ahyacinthus04192-RA","Ahya","OG_5108",0,1,1
"Ahyacinthus04193-RA","Ahyacinthus04193-RA","Ahya","OG_369",1,1,1
"Ahyacinthus04194-RA","Ahyacinthus04194-RA","Ahya","OG_771",1,1,1
"Ahyacinthus04196-RA","Ahyacinthus04196-RA","Ahya","OG_443",0,1,1
"Ahyacinthus04197-RA","Ahyacinthus04197-RA","Ahya","OG_631",1,1,1
"Ahyacinthus04201-RA","Ahyacinthus04201-RA","Ahya","OG_923",0,1,1
"Ahyacinthus04202-RA","Ahyacinthus04202-RA","Ahya","OG_377",1,1,0
"Ahyacinthus04208-RA","Ahyacinthus04208-RA","Ahya","OG_692",0,1,0
"Ahyacinthus04210-RA","Ahyacinthus04210-RA","Ahya","OG_1470",0,1,0
"Ahyacinthus04211-RA","Ahyacinthus04211-RA","Ahya","OG_369",1,1,1
"Ahyacinthus04212-RA","Ahyacinthus04212-RA","Ahya","OG_944",0,1,0
"Ahyacinthus04213-RA","Ahyacinthus04213-RA","Ahya","OG_4442",0,1,0
"Ahyacinthus04215-RA","Ahyacinthus04215-RA","Ahya","OG_741",1,1,1
"Ahyacinthus04216-RA","Ahyacinthus04216-RA","Ahya","OG_9978",0,1,0
"Ahyacinthus04217-RA","Ahyacinthus04217-RA","Ahya","OG_6758",0,1,0
"Ahyacinthus04219-RA","Ahyacinthus04219-RA","Ahya","OG_944",0,1,0
"Ahyacinthus04221-RA","Ahyacinthus04221-RA","Ahya","OG_680",1,1,1
"Ahyacinthus04222-RA","Ahyacinthus04222-RA","Ahya","OG_170",1,1,1
"Ahyacinthus04223-RA","Ahyacinthus04223-RA","Ahya","OG_248",1,1,1
"Ahyacinthus04225-RA","Ahyacinthus04225-RA","Ahya","OG_871",0,1,0
"Ahyacinthus04228-RA","Ahyacinthus04228-RA","Ahya","OG_440",0,1,0
"Ahyacinthus04230-RA","Ahyacinthus04230-RA","Ahya","OG_459",0,1,0
"Ahyacinthus04232-RA","Ahyacinthus04232-RA","Ahya","OG_905",1,1,1
"Ahyacinthus04235-RA","Ahyacinthus04235-RA","Ahya","OG_611",0,1,1
"Ahyacinthus04236-RA","Ahyacinthus04236-RA","Ahya","OG_611",0,1,1
"Ahyacinthus04238-RA","Ahyacinthus04238-RA","Ahya","OG_913",1,1,0
"Ahyacinthus04239-RA","Ahyacinthus04239-RA","Ahya","OG_1136",0,1,0
"Ahyacinthus04240-RA","Ahyacinthus04240-RA","Ahya","OG_606",0,1,0
"Ahyacinthus04241-RA","Ahyacinthus04241-RA","Ahya","OG_771",1,1,1
"Ahyacinthus04243-RA","Ahyacinthus04243-RA","Ahya","OG_12142",0,1,1
"Ahyacinthus04245-RA","Ahyacinthus04245-RA","Ahya","OG_5137",0,1,0
"Ahyacinthus04247-RA","Ahyacinthus04247-RA","Ahya","OG_716",0,1,1
"Ahyacinthus04250-RA","Ahyacinthus04250-RA","Ahya","OG_170",1,1,1
"Ahyacinthus04252-RA","Ahyacinthus04252-RA","Ahya","OG_760",1,1,0
"Ahyacinthus04253-RA","Ahyacinthus04253-RA","Ahya","OG_156",1,1,0
"Ahyacinthus04257-RA","Ahyacinthus04257-RA","Ahya","OG_1539",1,1,0
"Ahyacinthus04258-RA","Ahyacinthus04258-RA","Ahya","OG_1079",0,1,1
"Ahyacinthus04259-RA","Ahyacinthus04259-RA","Ahya","OG_1030",1,1,0
"Ahyacinthus04260-RA","Ahyacinthus04260-RA","Ahya","OG_153",1,1,0
"Ahyacinthus04262-RA","Ahyacinthus04262-RA","Ahya","OG_12441",0,1,0
"Ahyacinthus04264-RA","Ahyacinthus04264-RA","Ahya","OG_4444",0,1,0
"Ahyacinthus04277-RA","Ahyacinthus04277-RA","Ahya","OG_10081",0,1,0
"Ahyacinthus04278-RA","Ahyacinthus04278-RA","Ahya","OG_10082",0,1,0
"Ahyacinthus04279-RA","Ahyacinthus04279-RA","Ahya","OG_257",1,1,1
"Ahyacinthus04282-RA","Ahyacinthus04282-RA","Ahya","OG_10077",0,1,0
"Ahyacinthus04283-RA","Ahyacinthus04283-RA","Ahya","OG_10076",0,1,0
"Ahyacinthus04286-RA","Ahyacinthus04286-RA","Ahya","OG_1030",1,1,0
"Ahyacinthus04293-RA","Ahyacinthus04293-RA","Ahya","OG_10256",0,1,1
"Ahyacinthus04294-RA","Ahyacinthus04294-RA","Ahya","OG_10258",0,1,0
"Ahyacinthus04297-RA","Ahyacinthus04297-RA","Ahya","OG_4446",0,1,0
"Ahyacinthus04296-RA","Ahyacinthus04296-RA","Ahya","OG_10127",0,1,0
"Ahyacinthus04298-RA","Ahyacinthus04298-RA","Ahya","OG_4446",0,1,0
"Ahyacinthus04299-RA","Ahyacinthus04299-RA","Ahya","OG_10019",0,1,1
"Ahyacinthus04308-RA","Ahyacinthus04308-RA","Ahya","OG_4447",0,1,1
"Ahyacinthus04312-RA","Ahyacinthus04312-RA","Ahya","OG_10355",0,1,0
"Ahyacinthus04317-RA","Ahyacinthus04317-RA","Ahya","OG_670",0,1,0
"Ahyacinthus04319-RA","Ahyacinthus04319-RA","Ahya","OG_10368",0,1,0
"Ahyacinthus04321-RA","Ahyacinthus04321-RA","Ahya","OG_10272",0,1,0
"Ahyacinthus04324-RA","Ahyacinthus04324-RA","Ahya","OG_928",0,1,0
"Ahyacinthus04326-RA","Ahyacinthus04326-RA","Ahya","OG_9989",0,1,0
"Ahyacinthus04327-RA","Ahyacinthus04327-RA","Ahya","OG_9990",0,1,0
"Ahyacinthus04333-RA","Ahyacinthus04333-RA","Ahya","OG_9991",0,1,0
"Ahyacinthus04336-RA","Ahyacinthus04336-RA","Ahya","OG_183",0,1,1
"Ahyacinthus04347-RA","Ahyacinthus04347-RA","Ahya","OG_842",0,1,0
"Ahyacinthus04348-RA","Ahyacinthus04348-RA","Ahya","OG_606",0,1,0
"Ahyacinthus04349-RA","Ahyacinthus04349-RA","Ahya","OG_296",0,1,0
"Ahyacinthus04351-RA","Ahyacinthus04351-RA","Ahya","OG_1153",0,1,0
"Ahyacinthus04355-RA","Ahyacinthus04355-RA","Ahya","OG_1328",0,1,1
"Ahyacinthus04362-RA","Ahyacinthus04362-RA","Ahya","OG_10028",0,1,0
"Ahyacinthus04369-RA","Ahyacinthus04369-RA","Ahya","OG_10334",0,1,0
"Ahyacinthus04370-RA","Ahyacinthus04370-RA","Ahya","OG_10333",0,1,1
"Ahyacinthus04371-RA","Ahyacinthus04371-RA","Ahya","OG_10337",0,1,0
"Ahyacinthus04372-RA","Ahyacinthus04372-RA","Ahya","OG_10337",0,1,0
"Ahyacinthus04374-RA","Ahyacinthus04374-RA","Ahya","OG_4453",0,1,1
"Ahyacinthus04378-RA","Ahyacinthus04378-RA","Ahya","OG_10316",0,1,1
"Ahyacinthus04379-RA","Ahyacinthus04379-RA","Ahya","OG_10091",0,1,0
"Ahyacinthus04380-RA","Ahyacinthus04380-RA","Ahya","OG_462",0,1,0
"Ahyacinthus04381-RA","Ahyacinthus04381-RA","Ahya","OG_4456",0,1,0
"Ahyacinthus04382-RA","Ahyacinthus04382-RA","Ahya","OG_4454",0,1,0
"Ahyacinthus04384-RA","Ahyacinthus04384-RA","Ahya","OG_4455",0,1,0
"Ahyacinthus04385-RA","Ahyacinthus04385-RA","Ahya","OG_5117",0,1,0
"Ahyacinthus04387-RA","Ahyacinthus04387-RA","Ahya","OG_5117",0,1,0
"Ahyacinthus04390-RA","Ahyacinthus04390-RA","Ahya","OG_6784",0,1,0
"Ahyacinthus04391-RA","Ahyacinthus04391-RA","Ahya","OG_10207",0,1,1
"Ahyacinthus04392-RA","Ahyacinthus04392-RA","Ahya","OG_4457",0,1,1
"Ahyacinthus04394-RA","Ahyacinthus04394-RA","Ahya","OG_10205",0,1,0
"Ahyacinthus04395-RA","Ahyacinthus04395-RA","Ahya","OG_10206",0,1,1
"Ahyacinthus04397-RA","Ahyacinthus04397-RA","Ahya","OG_1486",0,1,0
"Ahyacinthus04398-RA","Ahyacinthus04398-RA","Ahya","OG_10365",0,1,0
"Ahyacinthus04400-RA","Ahyacinthus04400-RA","Ahya","OG_10364",0,1,1
"Ahyacinthus04402-RA","Ahyacinthus04402-RA","Ahya","OG_10363",0,1,1
"Ahyacinthus04404-RA","Ahyacinthus04404-RA","Ahya","OG_10362",0,1,0
"Ahyacinthus04422-RA","Ahyacinthus04422-RA","Ahya","OG_6092",0,1,0
"Ahyacinthus04424-RA","Ahyacinthus04424-RA","Ahya","OG_9981",0,1,0
"Ahyacinthus04430-RA","Ahyacinthus04430-RA","Ahya","OG_10146",0,1,0
"Ahyacinthus04431-RA","Ahyacinthus04431-RA","Ahya","OG_4463",0,1,0
"Ahyacinthus04434-RA","Ahyacinthus04434-RA","Ahya","OG_10097",0,1,0
"Ahyacinthus04435-RA","Ahyacinthus04435-RA","Ahya","OG_6773",0,1,0
"Ahyacinthus04452-RA","Ahyacinthus04452-RA","Ahya","OG_8780",0,1,0
"Ahyacinthus04454-RA","Ahyacinthus04454-RA","Ahya","OG_8780",0,1,0
"Ahyacinthus04455-RA","Ahyacinthus04455-RA","Ahya","OG_12445",0,1,0
"Ahyacinthus04457-RA","Ahyacinthus04457-RA","Ahya","OG_173",0,1,0
"Ahyacinthus04458-RA","Ahyacinthus04458-RA","Ahya","OG_10332",0,1,0
"Ahyacinthus04469-RA","Ahyacinthus04469-RA","Ahya","OG_4468",0,1,1
"Ahyacinthus04470-RA","Ahyacinthus04470-RA","Ahya","OG_10064",0,1,1
"Ahyacinthus04472-RA","Ahyacinthus04472-RA","Ahya","OG_455",0,1,0
"Ahyacinthus04477-RA","Ahyacinthus04477-RA","Ahya","OG_300",1,1,0
"Ahyacinthus04480-RA","Ahyacinthus04480-RA","Ahya","OG_717",0,1,0
"Ahyacinthus04481-RA","Ahyacinthus04481-RA","Ahya","OG_515",0,1,0
"Ahyacinthus04483-RA","Ahyacinthus04483-RA","Ahya","OG_216",1,1,1
"Ahyacinthus04484-RA","Ahyacinthus04484-RA","Ahya","OG_216",1,1,1
"Ahyacinthus04485-RA","Ahyacinthus04485-RA","Ahya","OG_10354",0,1,0
"Ahyacinthus04486-RA","Ahyacinthus04486-RA","Ahya","OG_5202",0,1,1
"Ahyacinthus04489-RA","Ahyacinthus04489-RA","Ahya","OG_12561",0,1,0
"Ahyacinthus04490-RA","Ahyacinthus04490-RA","Ahya","OG_4469",0,1,0
"Ahyacinthus04491-RA","Ahyacinthus04491-RA","Ahya","OG_4470",0,1,0
"Ahyacinthus04496-RA","Ahyacinthus04496-RA","Ahya","OG_970",0,1,1
"Ahyacinthus04499-RA","Ahyacinthus04499-RA","Ahya","OG_10014",0,1,0
"Ahyacinthus04500-RA","Ahyacinthus04500-RA","Ahya","OG_10016",0,1,0
"Ahyacinthus04501-RA","Ahyacinthus04501-RA","Ahya","OG_5243",0,1,0
"Ahyacinthus04506-RA","Ahyacinthus04506-RA","Ahya","OG_4474",0,1,0
"Ahyacinthus04507-RA","Ahyacinthus04507-RA","Ahya","OG_275",0,1,0
"Ahyacinthus04509-RA","Ahyacinthus04509-RA","Ahya","OG_4475",0,1,0
"Ahyacinthus04510-RA","Ahyacinthus04510-RA","Ahya","OG_4478",0,1,0
"Ahyacinthus04511-RA","Ahyacinthus04511-RA","Ahya","OG_10020",0,1,1
"Ahyacinthus04512-RA","Ahyacinthus04512-RA","Ahya","OG_4476",0,1,1
"Ahyacinthus04513-RA","Ahyacinthus04513-RA","Ahya","OG_10112",0,1,1
"Ahyacinthus04515-RA","Ahyacinthus04515-RA","Ahya","OG_4481",0,1,0
"Ahyacinthus04517-RA","Ahyacinthus04517-RA","Ahya","OG_10300",0,1,0
"Ahyacinthus04518-RA","Ahyacinthus04518-RA","Ahya","OG_4479",0,1,0
"Ahyacinthus04519-RA","Ahyacinthus04519-RA","Ahya","OG_5205",0,1,1
"Ahyacinthus04521-RA","Ahyacinthus04521-RA","Ahya","OG_4480",0,1,0
"Ahyacinthus04522-RA","Ahyacinthus04522-RA","Ahya","OG_4484",0,1,0
"Ahyacinthus04524-RA","Ahyacinthus04524-RA","Ahya","OG_10115",0,1,0
"Ahyacinthus04525-RA","Ahyacinthus04525-RA","Ahya","OG_794",1,1,1
"Ahyacinthus04531-RA","Ahyacinthus04531-RA","Ahya","OG_4486",0,1,0
"Ahyacinthus04532-RA","Ahyacinthus04532-RA","Ahya","OG_4486",0,1,0
"Ahyacinthus04534-RA","Ahyacinthus04534-RA","Ahya","OG_10242",0,1,0
"Ahyacinthus04536-RA","Ahyacinthus04536-RA","Ahya","OG_4487",0,1,0
"Ahyacinthus04538-RA","Ahyacinthus04538-RA","Ahya","OG_6099",0,1,0
"Ahyacinthus04539-RA","Ahyacinthus04539-RA","Ahya","OG_10243",0,1,0
"Ahyacinthus04541-RA","Ahyacinthus04541-RA","Ahya","OG_10245",0,1,0
"Ahyacinthus04545-RA","Ahyacinthus04545-RA","Ahya","OG_681",0,1,0
"Ahyacinthus04546-RA","Ahyacinthus04546-RA","Ahya","OG_10383",0,1,0
"Ahyacinthus04556-RA","Ahyacinthus04556-RA","Ahya","OG_4489",0,1,1
"Ahyacinthus04560-RA","Ahyacinthus04560-RA","Ahya","OG_4490",0,1,0
"Ahyacinthus04561-RA","Ahyacinthus04561-RA","Ahya","OG_10130",0,1,0
"Ahyacinthus04563-RA","Ahyacinthus04563-RA","Ahya","OG_10129",0,1,0
"Ahyacinthus04566-RA","Ahyacinthus04566-RA","Ahya","OG_6794",0,1,0
"Ahyacinthus04587-RA","Ahyacinthus04587-RA","Ahya","OG_4493",0,1,0
"Ahyacinthus04588-RA","Ahyacinthus04588-RA","Ahya","OG_4494",0,1,0
"Ahyacinthus04589-RA","Ahyacinthus04589-RA","Ahya","OG_4494",0,1,0
"Ahyacinthus04595-RA","Ahyacinthus04595-RA","Ahya","OG_10026",0,1,1
"Ahyacinthus04597-RA","Ahyacinthus04597-RA","Ahya","OG_6093",0,1,0
"Ahyacinthus04598-RA","Ahyacinthus04598-RA","Ahya","OG_10096",0,1,0
"Ahyacinthus04599-RA","Ahyacinthus04599-RA","Ahya","OG_4497",0,1,0
"Ahyacinthus04604-RA","Ahyacinthus04604-RA","Ahya","OG_186",1,1,1
"Ahyacinthus04605-RA","Ahyacinthus04605-RA","Ahya","OG_534",0,1,0
"Ahyacinthus04606-RA","Ahyacinthus04606-RA","Ahya","OG_303",0,1,0
"Ahyacinthus04609-RA","Ahyacinthus04609-RA","Ahya","OG_10234",0,1,0
"Ahyacinthus04610-RA","Ahyacinthus04610-RA","Ahya","OG_10235",0,1,0
"Ahyacinthus04611-RA","Ahyacinthus04611-RA","Ahya","OG_10027",0,1,0
"Ahyacinthus04613-RA","Ahyacinthus04613-RA","Ahya","OG_4498",0,1,0
"Ahyacinthus04615-RA","Ahyacinthus04615-RA","Ahya","OG_10302",0,1,0
"Ahyacinthus04616-RA","Ahyacinthus04616-RA","Ahya","OG_10301",0,1,0
"Ahyacinthus04617-RA","Ahyacinthus04617-RA","Ahya","OG_4499",0,1,0
"Ahyacinthus04618-RA","Ahyacinthus04618-RA","Ahya","OG_461",0,1,0
"Ahyacinthus04619-RA","Ahyacinthus04619-RA","Ahya","OG_1091",1,1,0
"Ahyacinthus04624-RA","Ahyacinthus04624-RA","Ahya","OG_4501",0,1,0
"Ahyacinthus04626-RA","Ahyacinthus04626-RA","Ahya","OG_4502",0,1,0
"Ahyacinthus04629-RA","Ahyacinthus04629-RA","Ahya","OG_4505",0,1,0
"Ahyacinthus04631-RA","Ahyacinthus04631-RA","Ahya","OG_4504",0,1,0
"Ahyacinthus04633-RA","Ahyacinthus04633-RA","Ahya","OG_5244",0,1,1
"Ahyacinthus04635-RA","Ahyacinthus04635-RA","Ahya","OG_6769",0,1,0
"Ahyacinthus04637-RA","Ahyacinthus04637-RA","Ahya","OG_4506",0,1,0
"Ahyacinthus04642-RA","Ahyacinthus04642-RA","Ahya","OG_10251",0,1,0
"Ahyacinthus04643-RA","Ahyacinthus04643-RA","Ahya","OG_10251",0,1,0
"Ahyacinthus04645-RA","Ahyacinthus04645-RA","Ahya","OG_10253",0,1,0
"Ahyacinthus04649-RA","Ahyacinthus04649-RA","Ahya","OG_945",0,1,0
"Ahyacinthus04650-RA","Ahyacinthus04650-RA","Ahya","OG_945",0,1,0
"Ahyacinthus04651-RA","Ahyacinthus04651-RA","Ahya","OG_4508",0,1,0
"Ahyacinthus04652-RA","Ahyacinthus04652-RA","Ahya","OG_4509",0,1,0
"Ahyacinthus04655-RA","Ahyacinthus04655-RA","Ahya","OG_4511",0,1,1
"Ahyacinthus04656-RA","Ahyacinthus04656-RA","Ahya","OG_9988",0,1,1
"Ahyacinthus04662-RA","Ahyacinthus04662-RA","Ahya","OG_10155",0,1,0
"Ahyacinthus04663-RA","Ahyacinthus04663-RA","Ahya","OG_10262",0,1,0
"Ahyacinthus04665-RA","Ahyacinthus04665-RA","Ahya","OG_5203",0,1,1
"Ahyacinthus04669-RA","Ahyacinthus04669-RA","Ahya","OG_10086",0,1,0
"Ahyacinthus04670-RA","Ahyacinthus04670-RA","Ahya","OG_6516",1,1,0
"Ahyacinthus04674-RA","Ahyacinthus04674-RA","Ahya","OG_10263",0,1,0
"Ahyacinthus04677-RA","Ahyacinthus04677-RA","Ahya","OG_4513",0,1,0
"Ahyacinthus04678-RA","Ahyacinthus04678-RA","Ahya","OG_10265",0,1,1
"Ahyacinthus04681-RA","Ahyacinthus04681-RA","Ahya","OG_12600",0,1,0
"Ahyacinthus04682-RA","Ahyacinthus04682-RA","Ahya","OG_4515",0,1,0
"Ahyacinthus04687-RA","Ahyacinthus04687-RA","Ahya","OG_10084",0,1,0
"Ahyacinthus04688-RA","Ahyacinthus04688-RA","Ahya","OG_10053",0,1,0
"Ahyacinthus04689-RA","Ahyacinthus04689-RA","Ahya","OG_5246",0,1,0
"Ahyacinthus04690-RA","Ahyacinthus04690-RA","Ahya","OG_610",0,1,0
"Ahyacinthus04691-RA","Ahyacinthus04691-RA","Ahya","OG_4516",0,1,0
"Ahyacinthus04697-RA","Ahyacinthus04697-RA","Ahya","OG_9976",0,1,0
"Ahyacinthus04698-RA","Ahyacinthus04698-RA","Ahya","OG_4517",0,1,0
"Ahyacinthus04700-RA","Ahyacinthus04700-RA","Ahya","OG_4518",0,1,0
"Ahyacinthus04701-RA","Ahyacinthus04701-RA","Ahya","OG_6458",0,1,0
"Ahyacinthus04703-RA","Ahyacinthus04703-RA","Ahya","OG_6458",0,1,0
"Ahyacinthus04708-RA","Ahyacinthus04708-RA","Ahya","OG_4520",0,1,0
"Ahyacinthus04710-RA","Ahyacinthus04710-RA","Ahya","OG_5249",0,1,0
"Ahyacinthus04713-RA","Ahyacinthus04713-RA","Ahya","OG_4524",0,1,1
"Ahyacinthus04721-RA","Ahyacinthus04721-RA","Ahya","OG_6100",0,1,0
"Ahyacinthus04723-RA","Ahyacinthus04723-RA","Ahya","OG_4523",0,1,0
"Ahyacinthus04724-RA","Ahyacinthus04724-RA","Ahya","OG_10390",0,1,0
"Ahyacinthus04738-RA","Ahyacinthus04738-RA","Ahya","OG_10121",0,1,0
"Ahyacinthus04741-RA","Ahyacinthus04741-RA","Ahya","OG_10122",0,1,0
"Ahyacinthus04754-RA","Ahyacinthus04754-RA","Ahya","OG_552",0,1,0
"Ahyacinthus04755-RA","Ahyacinthus04755-RA","Ahya","OG_10328",0,1,0
"Ahyacinthus04758-RA","Ahyacinthus04758-RA","Ahya","OG_9597",0,1,0
"Ahyacinthus04760-RA","Ahyacinthus04760-RA","Ahya","OG_6101",0,1,0
"Ahyacinthus04761-RA","Ahyacinthus04761-RA","Ahya","OG_10035",0,1,0
"Ahyacinthus04762-RA","Ahyacinthus04762-RA","Ahya","OG_9994",0,1,0
"Ahyacinthus04765-RA","Ahyacinthus04765-RA","Ahya","OG_12420",0,1,0
"Ahyacinthus04768-RA","Ahyacinthus04768-RA","Ahya","OG_10119",0,1,0
"Ahyacinthus04769-RA","Ahyacinthus04769-RA","Ahya","OG_10117",0,1,1
"Ahyacinthus04772-RA","Ahyacinthus04772-RA","Ahya","OG_1051",1,1,1
"Ahyacinthus04773-RA","Ahyacinthus04773-RA","Ahya","OG_10116",0,1,0
"Ahyacinthus04774-RA","Ahyacinthus04774-RA","Ahya","OG_10118",0,1,0
"Ahyacinthus04777-RA","Ahyacinthus04777-RA","Ahya","OG_521",0,1,0
"Ahyacinthus04778-RA","Ahyacinthus04778-RA","Ahya","OG_10309",0,1,0
"Ahyacinthus04779-RA","Ahyacinthus04779-RA","Ahya","OG_10308",0,1,0
"Ahyacinthus04780-RA","Ahyacinthus04780-RA","Ahya","OG_4526",0,1,1
"Ahyacinthus04786-RA","Ahyacinthus04786-RA","Ahya","OG_9995",0,1,0
"Ahyacinthus04788-RA","Ahyacinthus04788-RA","Ahya","OG_4528",0,1,0
"Ahyacinthus04792-RA","Ahyacinthus04792-RA","Ahya","OG_4531",0,1,0
"Ahyacinthus04793-RA","Ahyacinthus04793-RA","Ahya","OG_4529",0,1,0
"Ahyacinthus04794-RA","Ahyacinthus04794-RA","Ahya","OG_4532",0,1,0
"Ahyacinthus04795-RA","Ahyacinthus04795-RA","Ahya","OG_4533",0,1,0
"Ahyacinthus04796-RA","Ahyacinthus04796-RA","Ahya","OG_10227",0,1,0
"Ahyacinthus04797-RA","Ahyacinthus04797-RA","Ahya","OG_12619",0,1,0
"Ahyacinthus04798-RA","Ahyacinthus04798-RA","Ahya","OG_12619",0,1,0
"Ahyacinthus04799-RA","Ahyacinthus04799-RA","Ahya","OG_12619",0,1,0
"Ahyacinthus04802-RA","Ahyacinthus04802-RA","Ahya","OG_4534",0,1,0
"Ahyacinthus04803-RA","Ahyacinthus04803-RA","Ahya","OG_124",0,1,0
"Ahyacinthus04804-RA","Ahyacinthus04804-RA","Ahya","OG_124",0,1,0
"Ahyacinthus04805-RA","Ahyacinthus04805-RA","Ahya","OG_6105",0,1,0
"Ahyacinthus04806-RA","Ahyacinthus04806-RA","Ahya","OG_10228",0,1,0
"Ahyacinthus04808-RA","Ahyacinthus04808-RA","Ahya","OG_6781",0,1,1
"Ahyacinthus04811-RA","Ahyacinthus04811-RA","Ahya","OG_10051",0,1,0
"Ahyacinthus04812-RA","Ahyacinthus04812-RA","Ahya","OG_10051",0,1,0
"Ahyacinthus04815-RA","Ahyacinthus04815-RA","Ahya","OG_259",0,1,0
"Ahyacinthus04818-RA","Ahyacinthus04818-RA","Ahya","OG_6764",0,1,0
"Ahyacinthus04822-RA","Ahyacinthus04822-RA","Ahya","OG_12584",1,1,1
"Ahyacinthus04829-RA","Ahyacinthus04829-RA","Ahya","OG_10296",0,1,0
"Ahyacinthus04830-RA","Ahyacinthus04830-RA","Ahya","OG_10294",0,1,0
"Ahyacinthus04833-RA","Ahyacinthus04833-RA","Ahya","OG_4537",0,1,0
"Ahyacinthus04837-RA","Ahyacinthus04837-RA","Ahya","OG_10125",0,1,0
"Ahyacinthus04840-RA","Ahyacinthus04840-RA","Ahya","OG_4538",0,1,0
"Ahyacinthus04842-RA","Ahyacinthus04842-RA","Ahya","OG_4538",0,1,0
"Ahyacinthus04843-RA","Ahyacinthus04843-RA","Ahya","OG_465",0,1,0
"Ahyacinthus04849-RA","Ahyacinthus04849-RA","Ahya","OG_6782",0,1,1
"Ahyacinthus04850-RA","Ahyacinthus04850-RA","Ahya","OG_4539",0,1,0
"Ahyacinthus04853-RA","Ahyacinthus04853-RA","Ahya","OG_10261",0,1,0
"Ahyacinthus04854-RA","Ahyacinthus04854-RA","Ahya","OG_1370",0,1,0
"Ahyacinthus04855-RA","Ahyacinthus04855-RA","Ahya","OG_10083",0,1,0
"Ahyacinthus04856-RA","Ahyacinthus04856-RA","Ahya","OG_10083",0,1,0
"Ahyacinthus04859-RA","Ahyacinthus04859-RA","Ahya","OG_532",0,1,0
"Ahyacinthus04863-RA","Ahyacinthus04863-RA","Ahya","OG_532",0,1,0
"Ahyacinthus04866-RA","Ahyacinthus04866-RA","Ahya","OG_10349",0,1,0
"Ahyacinthus04871-RA","Ahyacinthus04871-RA","Ahya","OG_10350",0,1,0
"Ahyacinthus04872-RA","Ahyacinthus04872-RA","Ahya","OG_10350",0,1,0
"Ahyacinthus04873-RA","Ahyacinthus04873-RA","Ahya","OG_4543",0,1,0
"Ahyacinthus04875-RA","Ahyacinthus04875-RA","Ahya","OG_4544",0,1,0
"Ahyacinthus04877-RA","Ahyacinthus04877-RA","Ahya","OG_6346",0,1,0
"Ahyacinthus04878-RA","Ahyacinthus04878-RA","Ahya","OG_10194",0,1,0
"Ahyacinthus04887-RA","Ahyacinthus04887-RA","Ahya","OG_5933",0,1,0
"Ahyacinthus04888-RA","Ahyacinthus04888-RA","Ahya","OG_10008",0,1,0
"Ahyacinthus04891-RA","Ahyacinthus04891-RA","Ahya","OG_12681",0,1,0
"Ahyacinthus04892-RA","Ahyacinthus04892-RA","Ahya","OG_10176",0,1,1
"Ahyacinthus04906-RA","Ahyacinthus04906-RA","Ahya","OG_10033",0,1,0
"Ahyacinthus04914-RA","Ahyacinthus04914-RA","Ahya","OG_5251",0,1,0
"Ahyacinthus04917-RA","Ahyacinthus04917-RA","Ahya","OG_10381",0,1,0
"Ahyacinthus04918-RA","Ahyacinthus04918-RA","Ahya","OG_4550",0,1,0
"Ahyacinthus04921-RA","Ahyacinthus04921-RA","Ahya","OG_9208",0,1,0
"Ahyacinthus04923-RA","Ahyacinthus04923-RA","Ahya","OG_10106",0,1,0
"Ahyacinthus04924-RA","Ahyacinthus04924-RA","Ahya","OG_4549",0,1,0
"Ahyacinthus04925-RA","Ahyacinthus04925-RA","Ahya","OG_10287",0,1,0
"Ahyacinthus04926-RA","Ahyacinthus04926-RA","Ahya","OG_10286",0,1,0
"Ahyacinthus04927-RA","Ahyacinthus04927-RA","Ahya","OG_4551",0,1,0
"Ahyacinthus04928-RA","Ahyacinthus04928-RA","Ahya","OG_10288",0,1,0
"Ahyacinthus04932-RA","Ahyacinthus04932-RA","Ahya","OG_10214",0,1,0
"Ahyacinthus04935-RA","Ahyacinthus04935-RA","Ahya","OG_4553",0,1,0
"Ahyacinthus04937-RA","Ahyacinthus04937-RA","Ahya","OG_10216",0,1,0
"Ahyacinthus04940-RA","Ahyacinthus04940-RA","Ahya","OG_678",0,1,1
"Ahyacinthus04942-RA","Ahyacinthus04942-RA","Ahya","OG_678",0,1,1
"Ahyacinthus04947-RA","Ahyacinthus04947-RA","Ahya","OG_6767",0,1,0
"Ahyacinthus04948-RA","Ahyacinthus04948-RA","Ahya","OG_6767",0,1,0
"Ahyacinthus04953-RA","Ahyacinthus04953-RA","Ahya","OG_10041",0,1,0
"Ahyacinthus04956-RA","Ahyacinthus04956-RA","Ahya","OG_4556",0,1,0
"Ahyacinthus04962-RA","Ahyacinthus04962-RA","Ahya","OG_4555",0,1,0
"Ahyacinthus04965-RA","Ahyacinthus04965-RA","Ahya","OG_10164",0,1,0
"Ahyacinthus04966-RA","Ahyacinthus04966-RA","Ahya","OG_4558",0,1,0
"Ahyacinthus04968-RA","Ahyacinthus04968-RA","Ahya","OG_4559",0,1,0
"Ahyacinthus04971-RA","Ahyacinthus04971-RA","Ahya","OG_4560",0,1,0
"Ahyacinthus04972-RA","Ahyacinthus04972-RA","Ahya","OG_6314",0,1,0
"Ahyacinthus04974-RA","Ahyacinthus04974-RA","Ahya","OG_8738",0,1,0
"Ahyacinthus04977-RA","Ahyacinthus04977-RA","Ahya","OG_10188",0,1,0
"Ahyacinthus04978-RA","Ahyacinthus04978-RA","Ahya","OG_1485",0,1,1
"Ahyacinthus04979-RA","Ahyacinthus04979-RA","Ahya","OG_4563",0,1,0
"Ahyacinthus04980-RA","Ahyacinthus04980-RA","Ahya","OG_10340",0,1,0
"Ahyacinthus04985-RA","Ahyacinthus04985-RA","Ahya","OG_4565",0,1,0
"Ahyacinthus04990-RA","Ahyacinthus04990-RA","Ahya","OG_4566",0,1,0
"Ahyacinthus04998-RA","Ahyacinthus04998-RA","Ahya","OG_4568",0,1,0
"Ahyacinthus04999-RA","Ahyacinthus04999-RA","Ahya","OG_10108",0,1,0
"Ahyacinthus05000-RA","Ahyacinthus05000-RA","Ahya","OG_4569",0,1,0
"Ahyacinthus05002-RA","Ahyacinthus05002-RA","Ahya","OG_10166",0,1,0
"Ahyacinthus05003-RA","Ahyacinthus05003-RA","Ahya","OG_4570",0,1,0
"Ahyacinthus05011-RA","Ahyacinthus05011-RA","Ahya","OG_10169",0,1,1
"Ahyacinthus05012-RA","Ahyacinthus05012-RA","Ahya","OG_4571",0,1,0
"Ahyacinthus05013-RA","Ahyacinthus05013-RA","Ahya","OG_5289",1,1,0
"Ahyacinthus05015-RA","Ahyacinthus05015-RA","Ahya","OG_5289",1,1,0
"Ahyacinthus05016-RA","Ahyacinthus05016-RA","Ahya","OG_170",1,1,1
"Ahyacinthus05020-RA","Ahyacinthus05020-RA","Ahya","OG_8418",0,1,0
"Ahyacinthus05025-RA","Ahyacinthus05025-RA","Ahya","OG_4572",0,1,0
"Ahyacinthus05027-RA","Ahyacinthus05027-RA","Ahya","OG_4572",0,1,0
"Ahyacinthus05028-RA","Ahyacinthus05028-RA","Ahya","OG_4573",0,1,0
"Ahyacinthus05033-RA","Ahyacinthus05033-RA","Ahya","OG_4575",0,1,1
"Ahyacinthus05036-RA","Ahyacinthus05036-RA","Ahya","OG_10352",0,1,0
"Ahyacinthus05042-RA","Ahyacinthus05042-RA","Ahya","OG_10351",0,1,0
"Ahyacinthus05043-RA","Ahyacinthus05043-RA","Ahya","OG_10290",0,1,0
"Ahyacinthus05044-RA","Ahyacinthus05044-RA","Ahya","OG_4577",0,1,1
"Ahyacinthus05045-RA","Ahyacinthus05045-RA","Ahya","OG_4578",0,1,0
"Ahyacinthus05047-RA","Ahyacinthus05047-RA","Ahya","OG_9993",0,1,1
"Ahyacinthus05048-RA","Ahyacinthus05048-RA","Ahya","OG_4580",0,1,0
"Ahyacinthus05049-RA","Ahyacinthus05049-RA","Ahya","OG_871",0,1,0
"Ahyacinthus05053-RA","Ahyacinthus05053-RA","Ahya","OG_4581",0,1,0
"Ahyacinthus05054-RA","Ahyacinthus05054-RA","Ahya","OG_10001",0,1,1
"Ahyacinthus05055-RA","Ahyacinthus05055-RA","Ahya","OG_4582",0,1,0
"Ahyacinthus05060-RA","Ahyacinthus05060-RA","Ahya","OG_4586",0,1,0
"Ahyacinthus05061-RA","Ahyacinthus05061-RA","Ahya","OG_4587",0,1,1
"Ahyacinthus05062-RA","Ahyacinthus05062-RA","Ahya","OG_6096",0,1,0
"Ahyacinthus05065-RA","Ahyacinthus05065-RA","Ahya","OG_10204",0,1,0
"Ahyacinthus05066-RA","Ahyacinthus05066-RA","Ahya","OG_10203",0,1,0
"Ahyacinthus05067-RA","Ahyacinthus05067-RA","Ahya","OG_4588",0,1,0
"Ahyacinthus05068-RA","Ahyacinthus05068-RA","Ahya","OG_4589",0,1,0
"Ahyacinthus05070-RA","Ahyacinthus05070-RA","Ahya","OG_5245",0,1,0
"Ahyacinthus05072-RA","Ahyacinthus05072-RA","Ahya","OG_10360",0,1,0
"Ahyacinthus05073-RA","Ahyacinthus05073-RA","Ahya","OG_4591",0,1,0
"Ahyacinthus05078-RA","Ahyacinthus05078-RA","Ahya","OG_291",1,1,0
"Ahyacinthus05080-RA","Ahyacinthus05080-RA","Ahya","OG_291",1,1,0
"Ahyacinthus05086-RA","Ahyacinthus05086-RA","Ahya","OG_10088",0,1,0
"Ahyacinthus05087-RA","Ahyacinthus05087-RA","Ahya","OG_4596",0,1,0
"Ahyacinthus05091-RA","Ahyacinthus05091-RA","Ahya","OG_10268",0,1,0
"Ahyacinthus05092-RA","Ahyacinthus05092-RA","Ahya","OG_10267",0,1,0
"Ahyacinthus05093-RA","Ahyacinthus05093-RA","Ahya","OG_4597",0,1,0
"Ahyacinthus05097-RA","Ahyacinthus05097-RA","Ahya","OG_438",1,1,1
"Ahyacinthus05098-RA","Ahyacinthus05098-RA","Ahya","OG_10382",0,1,0
"Ahyacinthus05099-RA","Ahyacinthus05099-RA","Ahya","OG_4602",0,1,0
"Ahyacinthus05101-RA","Ahyacinthus05101-RA","Ahya","OG_10250",0,1,0
"Ahyacinthus05102-RA","Ahyacinthus05102-RA","Ahya","OG_4600",0,1,0
"Ahyacinthus05105-RA","Ahyacinthus05105-RA","Ahya","OG_10003",0,1,0
"Ahyacinthus05106-RA","Ahyacinthus05106-RA","Ahya","OG_6207",0,1,0
"Ahyacinthus05116-RA","Ahyacinthus05116-RA","Ahya","OG_10249",0,1,0
"Ahyacinthus05117-RA","Ahyacinthus05117-RA","Ahya","OG_10249",0,1,0
"Ahyacinthus05118-RA","Ahyacinthus05118-RA","Ahya","OG_10249",0,1,0
"Ahyacinthus05123-RA","Ahyacinthus05123-RA","Ahya","OG_10270",0,1,0
"Ahyacinthus05128-RA","Ahyacinthus05128-RA","Ahya","OG_4607",0,1,0
"Ahyacinthus05130-RA","Ahyacinthus05130-RA","Ahya","OG_4606",0,1,0
"Ahyacinthus05133-RA","Ahyacinthus05133-RA","Ahya","OG_10271",0,1,0
"Ahyacinthus05132-RA","Ahyacinthus05132-RA","Ahya","OG_4",0,1,0
"Ahyacinthus05135-RA","Ahyacinthus05135-RA","Ahya","OG_9269",0,1,0
"Ahyacinthus05137-RA","Ahyacinthus05137-RA","Ahya","OG_6464",0,1,0
"Ahyacinthus05140-RA","Ahyacinthus05140-RA","Ahya","OG_10120",0,1,0
"Ahyacinthus05141-RA","Ahyacinthus05141-RA","Ahya","OG_6314",0,1,0
"Ahyacinthus05144-RA","Ahyacinthus05144-RA","Ahya","OG_10389",0,1,0
"Ahyacinthus05149-RA","Ahyacinthus05149-RA","Ahya","OG_372",0,1,1
"Ahyacinthus05150-RA","Ahyacinthus05150-RA","Ahya","OG_4610",0,1,0
"Ahyacinthus05152-RA","Ahyacinthus05152-RA","Ahya","OG_10373",0,1,0
"Ahyacinthus05154-RA","Ahyacinthus05154-RA","Ahya","OG_4612",0,1,0
"Ahyacinthus05156-RA","Ahyacinthus05156-RA","Ahya","OG_4613",0,1,0
"Ahyacinthus05158-RA","Ahyacinthus05158-RA","Ahya","OG_10223",0,1,0
"Ahyacinthus05159-RA","Ahyacinthus05159-RA","Ahya","OG_10224",0,1,0
"Ahyacinthus05162-RA","Ahyacinthus05162-RA","Ahya","OG_4615",0,1,1
"Ahyacinthus05164-RA","Ahyacinthus05164-RA","Ahya","OG_10277",0,1,0
"Ahyacinthus05166-RA","Ahyacinthus05166-RA","Ahya","OG_4616",0,1,0
"Ahyacinthus05173-RA","Ahyacinthus05173-RA","Ahya","OG_10006",0,1,0
"Ahyacinthus05174-RA","Ahyacinthus05174-RA","Ahya","OG_4618",0,1,0
"Ahyacinthus05177-RA","Ahyacinthus05177-RA","Ahya","OG_511",0,1,1
"Ahyacinthus05180-RA","Ahyacinthus05180-RA","Ahya","OG_4076",0,1,0
"Ahyacinthus05181-RA","Ahyacinthus05181-RA","Ahya","OG_4078",0,1,0
"Ahyacinthus05182-RA","Ahyacinthus05182-RA","Ahya","OG_4077",0,1,0
"Ahyacinthus05183-RA","Ahyacinthus05183-RA","Ahya","OG_4079",0,1,0
"Ahyacinthus05185-RA","Ahyacinthus05185-RA","Ahya","OG_9788",0,1,0
"Ahyacinthus05186-RA","Ahyacinthus05186-RA","Ahya","OG_9787",0,1,0
"Ahyacinthus05191-RA","Ahyacinthus05191-RA","Ahya","OG_9786",0,1,0
"Ahyacinthus05204-RA","Ahyacinthus05204-RA","Ahya","OG_6735",0,1,0
"Ahyacinthus05210-RA","Ahyacinthus05210-RA","Ahya","OG_4081",0,1,0
"Ahyacinthus05216-RA","Ahyacinthus05216-RA","Ahya","OG_5040",0,1,0
"Ahyacinthus05222-RA","Ahyacinthus05222-RA","Ahya","OG_12552",0,1,0
"Ahyacinthus05224-RA","Ahyacinthus05224-RA","Ahya","OG_12556",0,1,0
"Ahyacinthus05226-RA","Ahyacinthus05226-RA","Ahya","OG_5312",0,1,0
"Ahyacinthus05227-RA","Ahyacinthus05227-RA","Ahya","OG_4083",0,1,0
"Ahyacinthus05228-RA","Ahyacinthus05228-RA","Ahya","OG_12731",0,1,0
"Ahyacinthus05237-RA","Ahyacinthus05237-RA","Ahya","OG_6747",0,1,0
"Ahyacinthus05238-RA","Ahyacinthus05238-RA","Ahya","OG_4085",0,1,0
"Ahyacinthus05239-RA","Ahyacinthus05239-RA","Ahya","OG_4084",0,1,0
"Ahyacinthus05240-RA","Ahyacinthus05240-RA","Ahya","OG_4086",0,1,0
"Ahyacinthus05242-RA","Ahyacinthus05242-RA","Ahya","OG_9689",0,1,0
"Ahyacinthus05243-RA","Ahyacinthus05243-RA","Ahya","OG_9688",0,1,1
"Ahyacinthus05244-RA","Ahyacinthus05244-RA","Ahya","OG_4087",0,1,0
"Ahyacinthus05245-RA","Ahyacinthus05245-RA","Ahya","OG_4088",0,1,1
"Ahyacinthus05247-RA","Ahyacinthus05247-RA","Ahya","OG_1091",1,1,0
"Ahyacinthus05248-RA","Ahyacinthus05248-RA","Ahya","OG_9727",0,1,0
"Ahyacinthus05249-RA","Ahyacinthus05249-RA","Ahya","OG_5471",0,1,0
"Ahyacinthus05253-RA","Ahyacinthus05253-RA","Ahya","OG_9835",0,1,1
"Ahyacinthus05261-RA","Ahyacinthus05261-RA","Ahya","OG_1290",0,1,0
"Ahyacinthus05263-RA","Ahyacinthus05263-RA","Ahya","OG_6248",1,1,0
"Ahyacinthus05268-RA","Ahyacinthus05268-RA","Ahya","OG_9791",0,1,0
"Ahyacinthus05272-RA","Ahyacinthus05272-RA","Ahya","OG_4092",0,1,0
"Ahyacinthus05274-RA","Ahyacinthus05274-RA","Ahya","OG_12732",0,1,0
"Ahyacinthus05279-RA","Ahyacinthus05279-RA","Ahya","OG_4093",0,1,0
"Ahyacinthus05280-RA","Ahyacinthus05280-RA","Ahya","OG_4095",0,1,0
"Ahyacinthus05284-RA","Ahyacinthus05284-RA","Ahya","OG_4094",0,1,0
"Ahyacinthus05286-RA","Ahyacinthus05286-RA","Ahya","OG_9664",0,1,0
"Ahyacinthus05287-RA","Ahyacinthus05287-RA","Ahya","OG_9878",0,1,0
"Ahyacinthus05288-RA","Ahyacinthus05288-RA","Ahya","OG_9622",0,1,0
"Ahyacinthus05289-RA","Ahyacinthus05289-RA","Ahya","OG_9621",0,1,0
"Ahyacinthus05293-RA","Ahyacinthus05293-RA","Ahya","OG_9666",0,1,0
"Ahyacinthus05294-RA","Ahyacinthus05294-RA","Ahya","OG_9620",0,1,0
"Ahyacinthus05300-RA","Ahyacinthus05300-RA","Ahya","OG_1034",0,1,0
"Ahyacinthus05304-RA","Ahyacinthus05304-RA","Ahya","OG_789",1,1,0
"Ahyacinthus05303-RA","Ahyacinthus05303-RA","Ahya","OG_4098",0,1,0
"Ahyacinthus05309-RA","Ahyacinthus05309-RA","Ahya","OG_4099",0,1,0
"Ahyacinthus05308-RA","Ahyacinthus05308-RA","Ahya","OG_4100",0,1,0
"Ahyacinthus05313-RA","Ahyacinthus05313-RA","Ahya","OG_9697",0,1,0
"Ahyacinthus05316-RA","Ahyacinthus05316-RA","Ahya","OG_4101",0,1,0
"Ahyacinthus05318-RA","Ahyacinthus05318-RA","Ahya","OG_9891",0,1,0
"Ahyacinthus05320-RA","Ahyacinthus05320-RA","Ahya","OG_9740",0,1,1
"Ahyacinthus05321-RA","Ahyacinthus05321-RA","Ahya","OG_847",1,1,0
"Ahyacinthus05322-RA","Ahyacinthus05322-RA","Ahya","OG_9738",0,1,0
"Ahyacinthus05323-RA","Ahyacinthus05323-RA","Ahya","OG_491",0,1,0
"Ahyacinthus05324-RA","Ahyacinthus05324-RA","Ahya","OG_491",0,1,0
"Ahyacinthus05325-RA","Ahyacinthus05325-RA","Ahya","OG_4102",0,1,0
"Ahyacinthus05326-RA","Ahyacinthus05326-RA","Ahya","OG_847",1,1,0
"Ahyacinthus05328-RA","Ahyacinthus05328-RA","Ahya","OG_4103",0,1,0
"Ahyacinthus05334-RA","Ahyacinthus05334-RA","Ahya","OG_305",0,1,0
"Ahyacinthus05343-RA","Ahyacinthus05343-RA","Ahya","OG_9429",0,1,0
"Ahyacinthus05344-RA","Ahyacinthus05344-RA","Ahya","OG_415",0,1,0
"Ahyacinthus05347-RA","Ahyacinthus05347-RA","Ahya","OG_4105",0,1,0
"Ahyacinthus05353-RA","Ahyacinthus05353-RA","Ahya","OG_9946",0,1,0
"Ahyacinthus05365-RA","Ahyacinthus05365-RA","Ahya","OG_228",1,1,0
"Ahyacinthus05373-RA","Ahyacinthus05373-RA","Ahya","OG_6738",0,1,0
"Ahyacinthus05378-RA","Ahyacinthus05378-RA","Ahya","OG_6592",0,1,0
"Ahyacinthus05379-RA","Ahyacinthus05379-RA","Ahya","OG_4107",0,1,0
"Ahyacinthus05382-RA","Ahyacinthus05382-RA","Ahya","OG_4106",0,1,0
"Ahyacinthus05385-RA","Ahyacinthus05385-RA","Ahya","OG_4109",0,1,0
"Ahyacinthus05389-RA","Ahyacinthus05389-RA","Ahya","OG_4110",0,1,0
"Ahyacinthus05393-RA","Ahyacinthus05393-RA","Ahya","OG_4111",0,1,0
"Ahyacinthus05394-RA","Ahyacinthus05394-RA","Ahya","OG_4111",0,1,0
"Ahyacinthus05397-RA","Ahyacinthus05397-RA","Ahya","OG_4114",0,1,0
"Ahyacinthus05398-RA","Ahyacinthus05398-RA","Ahya","OG_9658",0,1,0
"Ahyacinthus05404-RA","Ahyacinthus05404-RA","Ahya","OG_214",0,1,0
"Ahyacinthus05405-RA","Ahyacinthus05405-RA","Ahya","OG_1167",0,1,0
"Ahyacinthus05408-RA","Ahyacinthus05408-RA","Ahya","OG_9914",0,1,0
"Ahyacinthus05411-RA","Ahyacinthus05411-RA","Ahya","OG_9716",0,1,0
"Ahyacinthus05412-RA","Ahyacinthus05412-RA","Ahya","OG_9718",0,1,1
"Ahyacinthus05413-RA","Ahyacinthus05413-RA","Ahya","OG_9717",0,1,0
"Ahyacinthus05414-RA","Ahyacinthus05414-RA","Ahya","OG_4116",0,1,0
"Ahyacinthus05415-RA","Ahyacinthus05415-RA","Ahya","OG_9714",0,1,0
"Ahyacinthus05418-RA","Ahyacinthus05418-RA","Ahya","OG_9761",0,1,0
"Ahyacinthus05422-RA","Ahyacinthus05422-RA","Ahya","OG_9762",0,1,0
"Ahyacinthus05427-RA","Ahyacinthus05427-RA","Ahya","OG_4121",0,1,0
"Ahyacinthus05433-RA","Ahyacinthus05433-RA","Ahya","OG_697",0,1,0
"Ahyacinthus05447-RA","Ahyacinthus05447-RA","Ahya","OG_6397",1,1,1
"Ahyacinthus05448-RA","Ahyacinthus05448-RA","Ahya","OG_4124",0,1,0
"Ahyacinthus05449-RA","Ahyacinthus05449-RA","Ahya","OG_9952",0,1,0
"Ahyacinthus05454-RA","Ahyacinthus05454-RA","Ahya","OG_4128",0,1,1
"Ahyacinthus05455-RA","Ahyacinthus05455-RA","Ahya","OG_4127",0,1,0
"Ahyacinthus05457-RA","Ahyacinthus05457-RA","Ahya","OG_4129",0,1,0
"Ahyacinthus05458-RA","Ahyacinthus05458-RA","Ahya","OG_5196",0,1,0
"Ahyacinthus05463-RA","Ahyacinthus05463-RA","Ahya","OG_4133",0,1,1
"Ahyacinthus05476-RA","Ahyacinthus05476-RA","Ahya","OG_9870",0,1,1
"Ahyacinthus05477-RA","Ahyacinthus05477-RA","Ahya","OG_9871",0,1,0
"Ahyacinthus05479-RA","Ahyacinthus05479-RA","Ahya","OG_9615",0,1,0
"Ahyacinthus05480-RA","Ahyacinthus05480-RA","Ahya","OG_6297",0,1,0
"Ahyacinthus05481-RA","Ahyacinthus05481-RA","Ahya","OG_9219",0,1,0
"Ahyacinthus05482-RA","Ahyacinthus05482-RA","Ahya","OG_4136",0,1,0
"Ahyacinthus05483-RA","Ahyacinthus05483-RA","Ahya","OG_9616",0,1,0
"Ahyacinthus05484-RA","Ahyacinthus05484-RA","Ahya","OG_4135",0,1,0
"Ahyacinthus05485-RA","Ahyacinthus05485-RA","Ahya","OG_223",0,1,0
"Ahyacinthus05489-RA","Ahyacinthus05489-RA","Ahya","OG_8993",0,1,0
"Ahyacinthus05491-RA","Ahyacinthus05491-RA","Ahya","OG_4137",0,1,0
"Ahyacinthus05493-RA","Ahyacinthus05493-RA","Ahya","OG_4138",0,1,0
"Ahyacinthus05495-RA","Ahyacinthus05495-RA","Ahya","OG_9668",0,1,0
"Ahyacinthus05500-RA","Ahyacinthus05500-RA","Ahya","OG_9947",0,1,0
"Ahyacinthus05503-RA","Ahyacinthus05503-RA","Ahya","OG_507",0,1,0
"Ahyacinthus05508-RA","Ahyacinthus05508-RA","Ahya","OG_489",0,1,0
"Ahyacinthus05511-RA","Ahyacinthus05511-RA","Ahya","OG_4140",0,1,0
"Ahyacinthus05515-RA","Ahyacinthus05515-RA","Ahya","OG_4142",0,1,0
"Ahyacinthus05516-RA","Ahyacinthus05516-RA","Ahya","OG_4143",0,1,0
"Ahyacinthus05518-RA","Ahyacinthus05518-RA","Ahya","OG_9627",0,1,0
"Ahyacinthus05520-RA","Ahyacinthus05520-RA","Ahya","OG_4145",0,1,0
"Ahyacinthus05521-RA","Ahyacinthus05521-RA","Ahya","OG_4146",0,1,0
"Ahyacinthus05522-RA","Ahyacinthus05522-RA","Ahya","OG_1190",0,1,0
"Ahyacinthus05523-RA","Ahyacinthus05523-RA","Ahya","OG_9939",0,1,0
"Ahyacinthus05524-RA","Ahyacinthus05524-RA","Ahya","OG_6733",0,1,0
"Ahyacinthus05528-RA","Ahyacinthus05528-RA","Ahya","OG_292",0,1,0
"Ahyacinthus05529-RA","Ahyacinthus05529-RA","Ahya","OG_905",1,1,1
"Ahyacinthus05530-RA","Ahyacinthus05530-RA","Ahya","OG_905",1,1,1
"Ahyacinthus05537-RA","Ahyacinthus05537-RA","Ahya","OG_9821",0,1,0
"Ahyacinthus05538-RA","Ahyacinthus05538-RA","Ahya","OG_9821",0,1,0
"Ahyacinthus05540-RA","Ahyacinthus05540-RA","Ahya","OG_4148",0,1,1
"Ahyacinthus05541-RA","Ahyacinthus05541-RA","Ahya","OG_9917",0,1,0
"Ahyacinthus05543-RA","Ahyacinthus05543-RA","Ahya","OG_9853",0,1,0
"Ahyacinthus05548-RA","Ahyacinthus05548-RA","Ahya","OG_4639",0,1,1
"Ahyacinthus05550-RA","Ahyacinthus05550-RA","Ahya","OG_9854",0,1,0
"Ahyacinthus05564-RA","Ahyacinthus05564-RA","Ahya","OG_9813",0,1,0
"Ahyacinthus05565-RA","Ahyacinthus05565-RA","Ahya","OG_9813",0,1,0
"Ahyacinthus05577-RA","Ahyacinthus05577-RA","Ahya","OG_9938",0,1,0
"Ahyacinthus05581-RA","Ahyacinthus05581-RA","Ahya","OG_4156",0,1,0
"Ahyacinthus05582-RA","Ahyacinthus05582-RA","Ahya","OG_9960",0,1,0
"Ahyacinthus05583-RA","Ahyacinthus05583-RA","Ahya","OG_9961",0,1,0
"Ahyacinthus05584-RA","Ahyacinthus05584-RA","Ahya","OG_4157",0,1,0
"Ahyacinthus05593-RA","Ahyacinthus05593-RA","Ahya","OG_1001",0,1,0
"Ahyacinthus05597-RA","Ahyacinthus05597-RA","Ahya","OG_4158",0,1,0
"Ahyacinthus05598-RA","Ahyacinthus05598-RA","Ahya","OG_4160",0,1,1
"Ahyacinthus05599-RA","Ahyacinthus05599-RA","Ahya","OG_5456",0,1,0
"Ahyacinthus05604-RA","Ahyacinthus05604-RA","Ahya","OG_9899",0,1,0
"Ahyacinthus05610-RA","Ahyacinthus05610-RA","Ahya","OG_9648",0,1,0
"Ahyacinthus05613-RA","Ahyacinthus05613-RA","Ahya","OG_9649",0,1,0
"Ahyacinthus05614-RA","Ahyacinthus05614-RA","Ahya","OG_4162",0,1,0
"Ahyacinthus05618-RA","Ahyacinthus05618-RA","Ahya","OG_9815",0,1,0
"Ahyacinthus05620-RA","Ahyacinthus05620-RA","Ahya","OG_9720",0,1,0
"Ahyacinthus05621-RA","Ahyacinthus05621-RA","Ahya","OG_4164",0,1,0
"Ahyacinthus05623-RA","Ahyacinthus05623-RA","Ahya","OG_9941",0,1,0
"Ahyacinthus05624-RA","Ahyacinthus05624-RA","Ahya","OG_9942",0,1,0
"Ahyacinthus05630-RA","Ahyacinthus05630-RA","Ahya","OG_274",0,1,0
"Ahyacinthus05631-RA","Ahyacinthus05631-RA","Ahya","OG_6745",0,1,1
"Ahyacinthus05635-RA","Ahyacinthus05635-RA","Ahya","OG_4168",0,1,0
"Ahyacinthus05636-RA","Ahyacinthus05636-RA","Ahya","OG_4166",0,1,0
"Ahyacinthus05638-RA","Ahyacinthus05638-RA","Ahya","OG_9662",0,1,1
"Ahyacinthus05639-RA","Ahyacinthus05639-RA","Ahya","OG_4170",0,1,0
"Ahyacinthus05640-RA","Ahyacinthus05640-RA","Ahya","OG_4172",0,1,0
"Ahyacinthus05644-RA","Ahyacinthus05644-RA","Ahya","OG_6702",0,1,0
"Ahyacinthus05646-RA","Ahyacinthus05646-RA","Ahya","OG_9908",0,1,0
"Ahyacinthus05656-RA","Ahyacinthus05656-RA","Ahya","OG_9743",0,1,0
"Ahyacinthus05657-RA","Ahyacinthus05657-RA","Ahya","OG_9742",0,1,0
"Ahyacinthus05658-RA","Ahyacinthus05658-RA","Ahya","OG_9742",0,1,0
"Ahyacinthus05660-RA","Ahyacinthus05660-RA","Ahya","OG_9741",0,1,0
"Ahyacinthus05661-RA","Ahyacinthus05661-RA","Ahya","OG_4174",0,1,1
"Ahyacinthus05663-RA","Ahyacinthus05663-RA","Ahya","OG_9861",0,1,0
"Ahyacinthus05670-RA","Ahyacinthus05670-RA","Ahya","OG_9810",0,1,0
"Ahyacinthus05671-RA","Ahyacinthus05671-RA","Ahya","OG_4176",0,1,0
"Ahyacinthus05675-RA","Ahyacinthus05675-RA","Ahya","OG_6757",0,1,0
"Ahyacinthus05684-RA","Ahyacinthus05684-RA","Ahya","OG_9721",0,1,0
"Ahyacinthus05686-RA","Ahyacinthus05686-RA","Ahya","OG_9784",0,1,0
"Ahyacinthus05689-RA","Ahyacinthus05689-RA","Ahya","OG_9785",0,1,0
"Ahyacinthus05693-RA","Ahyacinthus05693-RA","Ahya","OG_4181",0,1,0
"Ahyacinthus05694-RA","Ahyacinthus05694-RA","Ahya","OG_9634",0,1,0
"Ahyacinthus05706-RA","Ahyacinthus05706-RA","Ahya","OG_9792",0,1,0
"Ahyacinthus05707-RA","Ahyacinthus05707-RA","Ahya","OG_9792",0,1,0
"Ahyacinthus05709-RA","Ahyacinthus05709-RA","Ahya","OG_848",1,1,0
"Ahyacinthus05711-RA","Ahyacinthus05711-RA","Ahya","OG_9792",0,1,0
"Ahyacinthus05712-RA","Ahyacinthus05712-RA","Ahya","OG_9919",0,1,0
"Ahyacinthus05713-RA","Ahyacinthus05713-RA","Ahya","OG_9701",0,1,0
"Ahyacinthus05714-RA","Ahyacinthus05714-RA","Ahya","OG_9702",0,1,0
"Ahyacinthus05715-RA","Ahyacinthus05715-RA","Ahya","OG_408",1,1,1
"Ahyacinthus05716-RA","Ahyacinthus05716-RA","Ahya","OG_9703",0,1,0
"Ahyacinthus05717-RA","Ahyacinthus05717-RA","Ahya","OG_9932",0,1,0
"Ahyacinthus05719-RA","Ahyacinthus05719-RA","Ahya","OG_4183",0,1,0
"Ahyacinthus05721-RA","Ahyacinthus05721-RA","Ahya","OG_4185",0,1,0
"Ahyacinthus05722-RA","Ahyacinthus05722-RA","Ahya","OG_5475",0,1,0
"Ahyacinthus05723-RA","Ahyacinthus05723-RA","Ahya","OG_9846",0,1,0
"Ahyacinthus05724-RA","Ahyacinthus05724-RA","Ahya","OG_447",0,1,1
"Ahyacinthus05725-RA","Ahyacinthus05725-RA","Ahya","OG_9916",0,1,0
"Ahyacinthus05726-RA","Ahyacinthus05726-RA","Ahya","OG_4186",0,1,0
"Ahyacinthus05734-RA","Ahyacinthus05734-RA","Ahya","OG_1277",0,1,0
"Ahyacinthus05738-RA","Ahyacinthus05738-RA","Ahya","OG_277",0,1,0
"Ahyacinthus05739-RA","Ahyacinthus05739-RA","Ahya","OG_277",0,1,0
"Ahyacinthus05747-RA","Ahyacinthus05747-RA","Ahya","OG_4187",0,1,0
"Ahyacinthus05750-RA","Ahyacinthus05750-RA","Ahya","OG_4187",0,1,0
"Ahyacinthus05758-RA","Ahyacinthus05758-RA","Ahya","OG_4189",0,1,0
"Ahyacinthus05759-RA","Ahyacinthus05759-RA","Ahya","OG_4190",0,1,1
"Ahyacinthus05764-RA","Ahyacinthus05764-RA","Ahya","OG_9724",0,1,0
"Ahyacinthus05766-RA","Ahyacinthus05766-RA","Ahya","OG_9864",0,1,1
"Ahyacinthus05768-RA","Ahyacinthus05768-RA","Ahya","OG_6751",0,1,0
"Ahyacinthus05770-RA","Ahyacinthus05770-RA","Ahya","OG_4192",0,1,0
"Ahyacinthus05771-RA","Ahyacinthus05771-RA","Ahya","OG_9865",0,1,0
"Ahyacinthus05773-RA","Ahyacinthus05773-RA","Ahya","OG_9609",0,1,0
"Ahyacinthus05780-RA","Ahyacinthus05780-RA","Ahya","OG_831",0,1,1
"Ahyacinthus05784-RA","Ahyacinthus05784-RA","Ahya","OG_9776",0,1,0
"Ahyacinthus05793-RA","Ahyacinthus05793-RA","Ahya","OG_719",1,1,0
"Ahyacinthus05794-RA","Ahyacinthus05794-RA","Ahya","OG_469",0,1,0
"Ahyacinthus05797-RA","Ahyacinthus05797-RA","Ahya","OG_9375",0,1,0
"Ahyacinthus05799-RA","Ahyacinthus05799-RA","Ahya","OG_7986",0,1,0
"Ahyacinthus05800-RA","Ahyacinthus05800-RA","Ahya","OG_9674",0,1,0
"Ahyacinthus05801-RA","Ahyacinthus05801-RA","Ahya","OG_1018",1,1,0
"Ahyacinthus05802-RA","Ahyacinthus05802-RA","Ahya","OG_1051",1,1,1
"Ahyacinthus05803-RA","Ahyacinthus05803-RA","Ahya","OG_1051",1,1,1
"Ahyacinthus05804-RA","Ahyacinthus05804-RA","Ahya","OG_168",0,1,1
"Ahyacinthus05810-RA","Ahyacinthus05810-RA","Ahya","OG_9887",0,1,0
"Ahyacinthus05811-RA","Ahyacinthus05811-RA","Ahya","OG_737",1,1,0
"Ahyacinthus05812-RA","Ahyacinthus05812-RA","Ahya","OG_479",0,1,0
"Ahyacinthus05813-RA","Ahyacinthus05813-RA","Ahya","OG_479",0,1,0
"Ahyacinthus05821-RA","Ahyacinthus05821-RA","Ahya","OG_9652",0,1,0
"Ahyacinthus05823-RA","Ahyacinthus05823-RA","Ahya","OG_1115",0,1,0
"Ahyacinthus05824-RA","Ahyacinthus05824-RA","Ahya","OG_479",0,1,0
"Ahyacinthus05828-RA","Ahyacinthus05828-RA","Ahya","OG_9652",0,1,0
"Ahyacinthus05829-RA","Ahyacinthus05829-RA","Ahya","OG_171",0,1,1
"Ahyacinthus05830-RA","Ahyacinthus05830-RA","Ahya","OG_715",0,1,1
"Ahyacinthus05832-RA","Ahyacinthus05832-RA","Ahya","OG_1016",1,1,0
"Ahyacinthus05834-RA","Ahyacinthus05834-RA","Ahya","OG_470",1,1,1
"Ahyacinthus05836-RA","Ahyacinthus05836-RA","Ahya","OG_850",0,1,0
"Ahyacinthus05838-RA","Ahyacinthus05838-RA","Ahya","OG_9936",0,1,0
"Ahyacinthus05839-RA","Ahyacinthus05839-RA","Ahya","OG_315",1,1,0
"Ahyacinthus05841-RA","Ahyacinthus05841-RA","Ahya","OG_301",0,1,1
"Ahyacinthus05842-RA","Ahyacinthus05842-RA","Ahya","OG_578",0,1,0
"Ahyacinthus05843-RA","Ahyacinthus05843-RA","Ahya","OG_538",0,1,0
"Ahyacinthus05848-RA","Ahyacinthus05848-RA","Ahya","OG_170",1,1,1
"Ahyacinthus05849-RA","Ahyacinthus05849-RA","Ahya","OG_823",0,1,1
"Ahyacinthus05852-RA","Ahyacinthus05852-RA","Ahya","OG_7278",0,1,0
"Ahyacinthus05853-RA","Ahyacinthus05853-RA","Ahya","OG_948",0,1,1
"Ahyacinthus05854-RA","Ahyacinthus05854-RA","Ahya","OG_382",0,1,0
"Ahyacinthus05855-RA","Ahyacinthus05855-RA","Ahya","OG_1221",0,1,0
"Ahyacinthus05856-RA","Ahyacinthus05856-RA","Ahya","OG_12137",0,1,0
"Ahyacinthus05861-RA","Ahyacinthus05861-RA","Ahya","OG_288",0,1,1
"Ahyacinthus05862-RA","Ahyacinthus05862-RA","Ahya","OG_6364",0,1,0
"Ahyacinthus05865-RA","Ahyacinthus05865-RA","Ahya","OG_1207",0,1,0
"Ahyacinthus05867-RA","Ahyacinthus05867-RA","Ahya","OG_4167",0,1,0
"Ahyacinthus05875-RA","Ahyacinthus05875-RA","Ahya","OG_12558",0,1,0
"Ahyacinthus05878-RA","Ahyacinthus05878-RA","Ahya","OG_9665",0,1,0
"Ahyacinthus05883-RA","Ahyacinthus05883-RA","Ahya","OG_4197",0,1,1
"Ahyacinthus05884-RA","Ahyacinthus05884-RA","Ahya","OG_4197",0,1,1
"Ahyacinthus05885-RA","Ahyacinthus05885-RA","Ahya","OG_515",0,1,0
"Ahyacinthus05886-RA","Ahyacinthus05886-RA","Ahya","OG_1088",0,1,0
"Ahyacinthus05887-RA","Ahyacinthus05887-RA","Ahya","OG_868",1,1,1
"Ahyacinthus05894-RA","Ahyacinthus05894-RA","Ahya","OG_4199",0,1,0
"Ahyacinthus05895-RA","Ahyacinthus05895-RA","Ahya","OG_10559",0,1,1
"Ahyacinthus05896-RA","Ahyacinthus05896-RA","Ahya","OG_928",0,1,0
"Ahyacinthus05897-RA","Ahyacinthus05897-RA","Ahya","OG_813",0,1,0
"Ahyacinthus05898-RA","Ahyacinthus05898-RA","Ahya","OG_851",1,1,0
"Ahyacinthus05899-RA","Ahyacinthus05899-RA","Ahya","OG_11945",0,1,0
"Ahyacinthus05900-RA","Ahyacinthus05900-RA","Ahya","OG_905",1,1,1
"Ahyacinthus05902-RA","Ahyacinthus05902-RA","Ahya","OG_868",1,1,1
"Ahyacinthus05903-RA","Ahyacinthus05903-RA","Ahya","OG_5104",0,1,0
"Ahyacinthus05904-RA","Ahyacinthus05904-RA","Ahya","OG_715",0,1,1
"Ahyacinthus05907-RA","Ahyacinthus05907-RA","Ahya","OG_6363",0,1,0
"Ahyacinthus05911-RA","Ahyacinthus05911-RA","Ahya","OG_901",0,1,1
"Ahyacinthus05913-RA","Ahyacinthus05913-RA","Ahya","OG_677",0,1,0
"Ahyacinthus05914-RA","Ahyacinthus05914-RA","Ahya","OG_12639",0,1,0
"Ahyacinthus05915-RA","Ahyacinthus05915-RA","Ahya","OG_270",1,1,1
"Ahyacinthus05918-RA","Ahyacinthus05918-RA","Ahya","OG_1001",0,1,0
"Ahyacinthus05923-RA","Ahyacinthus05923-RA","Ahya","OG_868",1,1,1
"Ahyacinthus05924-RA","Ahyacinthus05924-RA","Ahya","OG_549",0,1,0
"Ahyacinthus05925-RA","Ahyacinthus05925-RA","Ahya","OG_377",1,1,0
"Ahyacinthus05930-RA","Ahyacinthus05930-RA","Ahya","OG_517",0,1,0
"Ahyacinthus05931-RA","Ahyacinthus05931-RA","Ahya","OG_1031",0,1,1
"Ahyacinthus05932-RA","Ahyacinthus05932-RA","Ahya","OG_421",0,1,1
"Ahyacinthus05938-RA","Ahyacinthus05938-RA","Ahya","OG_4201",0,1,0
"Ahyacinthus05939-RA","Ahyacinthus05939-RA","Ahya","OG_9957",0,1,0
"Ahyacinthus05940-RA","Ahyacinthus05940-RA","Ahya","OG_844",0,1,0
"Ahyacinthus05941-RA","Ahyacinthus05941-RA","Ahya","OG_1041",0,1,1
"Ahyacinthus05943-RA","Ahyacinthus05943-RA","Ahya","OG_692",0,1,0
"Ahyacinthus05945-RA","Ahyacinthus05945-RA","Ahya","OG_1136",0,1,0
"Ahyacinthus05946-RA","Ahyacinthus05946-RA","Ahya","OG_933",0,1,0
"Ahyacinthus05948-RA","Ahyacinthus05948-RA","Ahya","OG_770",1,1,0
"Ahyacinthus05949-RA","Ahyacinthus05949-RA","Ahya","OG_270",1,1,1
"Ahyacinthus05951-RA","Ahyacinthus05951-RA","Ahya","OG_270",1,1,1
"Ahyacinthus05953-RA","Ahyacinthus05953-RA","Ahya","OG_849",0,1,0
"Ahyacinthus05954-RA","Ahyacinthus05954-RA","Ahya","OG_1135",0,1,0
"Ahyacinthus05955-RA","Ahyacinthus05955-RA","Ahya","OG_5125",1,1,1
"Ahyacinthus05956-RA","Ahyacinthus05956-RA","Ahya","OG_901",0,1,1
"Ahyacinthus05960-RA","Ahyacinthus05960-RA","Ahya","OG_878",0,1,0
"Ahyacinthus05961-RA","Ahyacinthus05961-RA","Ahya","OG_137",0,1,0
"Ahyacinthus05962-RA","Ahyacinthus05962-RA","Ahya","OG_901",0,1,1
"Ahyacinthus05967-RA","Ahyacinthus05967-RA","Ahya","OG_901",0,1,1
"Ahyacinthus05968-RA","Ahyacinthus05968-RA","Ahya","OG_857",0,1,0
"Ahyacinthus05969-RA","Ahyacinthus05969-RA","Ahya","OG_324",0,1,1
"Ahyacinthus05970-RA","Ahyacinthus05970-RA","Ahya","OG_889",0,1,0
"Ahyacinthus05971-RA","Ahyacinthus05971-RA","Ahya","OG_905",1,1,1
"Ahyacinthus05972-RA","Ahyacinthus05972-RA","Ahya","OG_1551",0,1,0
"Ahyacinthus05973-RA","Ahyacinthus05973-RA","Ahya","OG_1551",0,1,0
"Ahyacinthus05974-RA","Ahyacinthus05974-RA","Ahya","OG_1081",0,1,0
"Ahyacinthus05975-RA","Ahyacinthus05975-RA","Ahya","OG_880",0,1,0
"Ahyacinthus05976-RA","Ahyacinthus05976-RA","Ahya","OG_1041",0,1,1
"Ahyacinthus05977-RA","Ahyacinthus05977-RA","Ahya","OG_1041",0,1,1
"Ahyacinthus05978-RA","Ahyacinthus05978-RA","Ahya","OG_1016",1,1,0
"Ahyacinthus05979-RA","Ahyacinthus05979-RA","Ahya","OG_462",0,1,0
"Ahyacinthus05980-RA","Ahyacinthus05980-RA","Ahya","OG_462",0,1,0
"Ahyacinthus05981-RA","Ahyacinthus05981-RA","Ahya","OG_1547",0,1,0
"Ahyacinthus05982-RA","Ahyacinthus05982-RA","Ahya","OG_5076",1,1,0
"Ahyacinthus05983-RA","Ahyacinthus05983-RA","Ahya","OG_12522",0,1,1
"Ahyacinthus05991-RA","Ahyacinthus05991-RA","Ahya","OG_5108",0,1,1
"Ahyacinthus05995-RA","Ahyacinthus05995-RA","Ahya","OG_4203",0,1,1
"Ahyacinthus05998-RA","Ahyacinthus05998-RA","Ahya","OG_4204",0,1,0
"Ahyacinthus06000-RA","Ahyacinthus06000-RA","Ahya","OG_170",1,1,1
"Ahyacinthus06006-RA","Ahyacinthus06006-RA","Ahya","OG_12482",0,1,0
"Ahyacinthus06016-RA","Ahyacinthus06016-RA","Ahya","OG_369",1,1,1
"Ahyacinthus06019-RA","Ahyacinthus06019-RA","Ahya","OG_737",1,1,0
"Ahyacinthus06022-RA","Ahyacinthus06022-RA","Ahya","OG_832",0,1,0
"Ahyacinthus06023-RA","Ahyacinthus06023-RA","Ahya","OG_832",0,1,0
"Ahyacinthus06025-RA","Ahyacinthus06025-RA","Ahya","OG_832",0,1,0
"Ahyacinthus06028-RA","Ahyacinthus06028-RA","Ahya","OG_1030",1,1,0
"Ahyacinthus06029-RA","Ahyacinthus06029-RA","Ahya","OG_1030",1,1,0
"Ahyacinthus06030-RA","Ahyacinthus06030-RA","Ahya","OG_296",0,1,0
"Ahyacinthus06031-RA","Ahyacinthus06031-RA","Ahya","OG_868",1,1,1
"Ahyacinthus06033-RA","Ahyacinthus06033-RA","Ahya","OG_9874",0,1,1
"Ahyacinthus06034-RA","Ahyacinthus06034-RA","Ahya","OG_4205",0,1,0
"Ahyacinthus06042-RA","Ahyacinthus06042-RA","Ahya","OG_5200",0,1,0
"Ahyacinthus06043-RA","Ahyacinthus06043-RA","Ahya","OG_5199",0,1,1
"Ahyacinthus06044-RA","Ahyacinthus06044-RA","Ahya","OG_9619",0,1,0
"Ahyacinthus06050-RA","Ahyacinthus06050-RA","Ahya","OG_377",1,1,0
"Ahyacinthus06051-RA","Ahyacinthus06051-RA","Ahya","OG_332",0,1,1
"Ahyacinthus06052-RA","Ahyacinthus06052-RA","Ahya","OG_861",1,1,1
"Ahyacinthus06053-RA","Ahyacinthus06053-RA","Ahya","OG_292",0,1,0
"Ahyacinthus06054-RA","Ahyacinthus06054-RA","Ahya","OG_1001",0,1,0
"Ahyacinthus06055-RA","Ahyacinthus06055-RA","Ahya","OG_459",0,1,0
"Ahyacinthus06056-RA","Ahyacinthus06056-RA","Ahya","OG_1064",0,1,0
"Ahyacinthus06057-RA","Ahyacinthus06057-RA","Ahya","OG_8728",0,1,0
"Ahyacinthus06058-RA","Ahyacinthus06058-RA","Ahya","OG_250",0,1,0
"Ahyacinthus06059-RA","Ahyacinthus06059-RA","Ahya","OG_378",0,1,0
"Ahyacinthus06061-RA","Ahyacinthus06061-RA","Ahya","OG_766",1,1,0
"Ahyacinthus06064-RA","Ahyacinthus06064-RA","Ahya","OG_270",1,1,1
"Ahyacinthus06065-RA","Ahyacinthus06065-RA","Ahya","OG_421",0,1,1
"Ahyacinthus06069-RA","Ahyacinthus06069-RA","Ahya","OG_1098",0,1,1
"Ahyacinthus06070-RA","Ahyacinthus06070-RA","Ahya","OG_832",0,1,0
"Ahyacinthus06074-RA","Ahyacinthus06074-RA","Ahya","OG_10646",0,1,0
"Ahyacinthus06075-RA","Ahyacinthus06075-RA","Ahya","OG_10646",0,1,0
"Ahyacinthus06077-RA","Ahyacinthus06077-RA","Ahya","OG_826",0,1,0
"Ahyacinthus06078-RA","Ahyacinthus06078-RA","Ahya","OG_826",0,1,0
"Ahyacinthus06079-RA","Ahyacinthus06079-RA","Ahya","OG_826",0,1,0
"Ahyacinthus06081-RA","Ahyacinthus06081-RA","Ahya","OG_934",0,1,0
"Ahyacinthus06082-RA","Ahyacinthus06082-RA","Ahya","OG_934",0,1,0
"Ahyacinthus06083-RA","Ahyacinthus06083-RA","Ahya","OG_934",0,1,0
"Ahyacinthus06084-RA","Ahyacinthus06084-RA","Ahya","OG_934",0,1,0
"Ahyacinthus06086-RA","Ahyacinthus06086-RA","Ahya","OG_844",0,1,0
"Ahyacinthus06088-RA","Ahyacinthus06088-RA","Ahya","OG_643",1,1,0
"Ahyacinthus06090-RA","Ahyacinthus06090-RA","Ahya","OG_236",1,1,0
"Ahyacinthus06092-RA","Ahyacinthus06092-RA","Ahya","OG_715",0,1,1
"Ahyacinthus06093-RA","Ahyacinthus06093-RA","Ahya","OG_715",0,1,1
"Ahyacinthus06098-RA","Ahyacinthus06098-RA","Ahya","OG_741",1,1,1
"Ahyacinthus06100-RA","Ahyacinthus06100-RA","Ahya","OG_9629",0,1,0
"Ahyacinthus06101-RA","Ahyacinthus06101-RA","Ahya","OG_4207",0,1,0
"Ahyacinthus06104-RA","Ahyacinthus06104-RA","Ahya","OG_4209",0,1,0
"Ahyacinthus06105-RA","Ahyacinthus06105-RA","Ahya","OG_4211",0,1,0
"Ahyacinthus06107-RA","Ahyacinthus06107-RA","Ahya","OG_4212",0,1,0
"Ahyacinthus06109-RA","Ahyacinthus06109-RA","Ahya","OG_10419",0,1,0
"Ahyacinthus06111-RA","Ahyacinthus06111-RA","Ahya","OG_847",1,1,0
"Ahyacinthus06113-RA","Ahyacinthus06113-RA","Ahya","OG_462",0,1,0
"Ahyacinthus06117-RA","Ahyacinthus06117-RA","Ahya","OG_8251",0,1,0
"Ahyacinthus06118-RA","Ahyacinthus06118-RA","Ahya","OG_1051",1,1,1
"Ahyacinthus06119-RA","Ahyacinthus06119-RA","Ahya","OG_332",0,1,1
"Ahyacinthus06120-RA","Ahyacinthus06120-RA","Ahya","OG_533",0,1,0
"Ahyacinthus06124-RA","Ahyacinthus06124-RA","Ahya","OG_1050",0,1,1
"Ahyacinthus06125-RA","Ahyacinthus06125-RA","Ahya","OG_1050",0,1,1
"Ahyacinthus06126-RA","Ahyacinthus06126-RA","Ahya","OG_348",0,1,0
"Ahyacinthus06127-RA","Ahyacinthus06127-RA","Ahya","OG_369",1,1,1
"Ahyacinthus06128-RA","Ahyacinthus06128-RA","Ahya","OG_348",0,1,0
"Ahyacinthus06129-RA","Ahyacinthus06129-RA","Ahya","OG_8251",0,1,0
"Ahyacinthus06132-RA","Ahyacinthus06132-RA","Ahya","OG_367",0,1,1
"Ahyacinthus06135-RA","Ahyacinthus06135-RA","Ahya","OG_9824",0,1,0
"Ahyacinthus06137-RA","Ahyacinthus06137-RA","Ahya","OG_6744",0,1,1
"Ahyacinthus06138-RA","Ahyacinthus06138-RA","Ahya","OG_847",1,1,0
"Ahyacinthus06142-RA","Ahyacinthus06142-RA","Ahya","OG_9823",0,1,1
"Ahyacinthus06143-RA","Ahyacinthus06143-RA","Ahya","OG_9825",0,1,0
"Ahyacinthus06144-RA","Ahyacinthus06144-RA","Ahya","OG_9778",0,1,0
"Ahyacinthus06145-RA","Ahyacinthus06145-RA","Ahya","OG_9949",0,1,0
"Ahyacinthus06149-RA","Ahyacinthus06149-RA","Ahya","OG_847",1,1,0
"Ahyacinthus06152-RA","Ahyacinthus06152-RA","Ahya","OG_270",1,1,1
"Ahyacinthus06153-RA","Ahyacinthus06153-RA","Ahya","OG_866",0,1,0
"Ahyacinthus06154-RA","Ahyacinthus06154-RA","Ahya","OG_1253",0,1,0
"Ahyacinthus06155-RA","Ahyacinthus06155-RA","Ahya","OG_928",0,1,0
"Ahyacinthus06157-RA","Ahyacinthus06157-RA","Ahya","OG_320",0,1,0
"Ahyacinthus06159-RA","Ahyacinthus06159-RA","Ahya","OG_911",0,1,0
"Ahyacinthus06160-RA","Ahyacinthus06160-RA","Ahya","OG_864",1,1,0
"Ahyacinthus06161-RA","Ahyacinthus06161-RA","Ahya","OG_5081",0,1,0
"Ahyacinthus06162-RA","Ahyacinthus06162-RA","Ahya","OG_1213",0,1,0
"Ahyacinthus06165-RA","Ahyacinthus06165-RA","Ahya","OG_504",0,1,0
"Ahyacinthus06166-RA","Ahyacinthus06166-RA","Ahya","OG_876",0,1,1
"Ahyacinthus06167-RA","Ahyacinthus06167-RA","Ahya","OG_876",0,1,1
"Ahyacinthus06169-RA","Ahyacinthus06169-RA","Ahya","OG_943",0,1,0
"Ahyacinthus06174-RA","Ahyacinthus06174-RA","Ahya","OG_416",0,1,0
"Ahyacinthus06175-RA","Ahyacinthus06175-RA","Ahya","OG_771",1,1,1
"Ahyacinthus06177-RA","Ahyacinthus06177-RA","Ahya","OG_852",0,1,0
"Ahyacinthus06178-RA","Ahyacinthus06178-RA","Ahya","OG_813",0,1,0
"Ahyacinthus06179-RA","Ahyacinthus06179-RA","Ahya","OG_848",1,1,0
"Ahyacinthus06183-RA","Ahyacinthus06183-RA","Ahya","OG_12564",0,1,0
"Ahyacinthus06184-RA","Ahyacinthus06184-RA","Ahya","OG_741",1,1,1
"Ahyacinthus06185-RA","Ahyacinthus06185-RA","Ahya","OG_216",1,1,1
"Ahyacinthus06186-RA","Ahyacinthus06186-RA","Ahya","OG_216",1,1,1
"Ahyacinthus06188-RA","Ahyacinthus06188-RA","Ahya","OG_935",0,1,0
"Ahyacinthus06191-RA","Ahyacinthus06191-RA","Ahya","OG_496",0,1,0
"Ahyacinthus06193-RA","Ahyacinthus06193-RA","Ahya","OG_1079",0,1,1
"Ahyacinthus06194-RA","Ahyacinthus06194-RA","Ahya","OG_936",0,1,0
"Ahyacinthus06196-RA","Ahyacinthus06196-RA","Ahya","OG_849",0,1,0
"Ahyacinthus06198-RA","Ahyacinthus06198-RA","Ahya","OG_5125",1,1,1
"Ahyacinthus06199-RA","Ahyacinthus06199-RA","Ahya","OG_868",1,1,1
"Ahyacinthus06201-RA","Ahyacinthus06201-RA","Ahya","OG_11650",0,1,0
"Ahyacinthus06202-RA","Ahyacinthus06202-RA","Ahya","OG_847",1,1,0
"Ahyacinthus06203-RA","Ahyacinthus06203-RA","Ahya","OG_773",1,1,1
"Ahyacinthus06204-RA","Ahyacinthus06204-RA","Ahya","OG_745",1,1,1
"Ahyacinthus06205-RA","Ahyacinthus06205-RA","Ahya","OG_377",1,1,0
"Ahyacinthus06210-RA","Ahyacinthus06210-RA","Ahya","OG_892",0,1,0
"Ahyacinthus06212-RA","Ahyacinthus06212-RA","Ahya","OG_702",0,1,1
"Ahyacinthus06213-RA","Ahyacinthus06213-RA","Ahya","OG_1066",0,1,0
"Ahyacinthus06216-RA","Ahyacinthus06216-RA","Ahya","OG_5143",0,1,0
"Ahyacinthus06217-RA","Ahyacinthus06217-RA","Ahya","OG_843",1,1,0
"Ahyacinthus06218-RA","Ahyacinthus06218-RA","Ahya","OG_937",0,1,0
"Ahyacinthus06219-RA","Ahyacinthus06219-RA","Ahya","OG_827",0,1,0
"Ahyacinthus06224-RA","Ahyacinthus06224-RA","Ahya","OG_1097",0,1,0
"Ahyacinthus06225-RA","Ahyacinthus06225-RA","Ahya","OG_1372",0,1,0
"Ahyacinthus06226-RA","Ahyacinthus06226-RA","Ahya","OG_766",1,1,0
"Ahyacinthus06228-RA","Ahyacinthus06228-RA","Ahya","OG_728",0,1,0
"Ahyacinthus06231-RA","Ahyacinthus06231-RA","Ahya","OG_901",0,1,1
"Ahyacinthus06235-RA","Ahyacinthus06235-RA","Ahya","OG_993",1,1,1
"Ahyacinthus06237-RA","Ahyacinthus06237-RA","Ahya","OG_834",1,1,0
"Ahyacinthus06239-RA","Ahyacinthus06239-RA","Ahya","OG_757",1,1,1
"Ahyacinthus06240-RA","Ahyacinthus06240-RA","Ahya","OG_5156",0,1,0
"Ahyacinthus06241-RA","Ahyacinthus06241-RA","Ahya","OG_12366",0,1,0
"Ahyacinthus06243-RA","Ahyacinthus06243-RA","Ahya","OG_1239",1,1,0
"Ahyacinthus06245-RA","Ahyacinthus06245-RA","Ahya","OG_4215",0,1,0
"Ahyacinthus06259-RA","Ahyacinthus06259-RA","Ahya","OG_4220",0,1,0
"Ahyacinthus06260-RA","Ahyacinthus06260-RA","Ahya","OG_4221",0,1,0
"Ahyacinthus06261-RA","Ahyacinthus06261-RA","Ahya","OG_9772",0,1,0
"Ahyacinthus06262-RA","Ahyacinthus06262-RA","Ahya","OG_6742",0,1,0
"Ahyacinthus06263-RA","Ahyacinthus06263-RA","Ahya","OG_9771",0,1,1
"Ahyacinthus06264-RA","Ahyacinthus06264-RA","Ahya","OG_4222",0,1,0
"Ahyacinthus06266-RA","Ahyacinthus06266-RA","Ahya","OG_9770",0,1,0
"Ahyacinthus06276-RA","Ahyacinthus06276-RA","Ahya","OG_149",1,1,1
"Ahyacinthus06277-RA","Ahyacinthus06277-RA","Ahya","OG_314",0,1,0
"Ahyacinthus06278-RA","Ahyacinthus06278-RA","Ahya","OG_9954",0,1,0
"Ahyacinthus06279-RA","Ahyacinthus06279-RA","Ahya","OG_4225",0,1,0
"Ahyacinthus06280-RA","Ahyacinthus06280-RA","Ahya","OG_4226",0,1,0
"Ahyacinthus06285-RA","Ahyacinthus06285-RA","Ahya","OG_9705",0,1,0
"Ahyacinthus06286-RA","Ahyacinthus06286-RA","Ahya","OG_9705",0,1,0
"Ahyacinthus06287-RA","Ahyacinthus06287-RA","Ahya","OG_12555",0,1,0
"Ahyacinthus06293-RA","Ahyacinthus06293-RA","Ahya","OG_9705",0,1,0
"Ahyacinthus06298-RA","Ahyacinthus06298-RA","Ahya","OG_12555",0,1,0
"Ahyacinthus06307-RA","Ahyacinthus06307-RA","Ahya","OG_5125",1,1,1
"Ahyacinthus06308-RA","Ahyacinthus06308-RA","Ahya","OG_1135",0,1,0
"Ahyacinthus06311-RA","Ahyacinthus06311-RA","Ahya","OG_4228",0,1,0
"Ahyacinthus06312-RA","Ahyacinthus06312-RA","Ahya","OG_9962",0,1,0
"Ahyacinthus06313-RA","Ahyacinthus06313-RA","Ahya","OG_9643",0,1,0
"Ahyacinthus06318-RA","Ahyacinthus06318-RA","Ahya","OG_9642",0,1,0
"Ahyacinthus06320-RA","Ahyacinthus06320-RA","Ahya","OG_4229",0,1,0
"Ahyacinthus06322-RA","Ahyacinthus06322-RA","Ahya","OG_9935",0,1,0
"Ahyacinthus06325-RA","Ahyacinthus06325-RA","Ahya","OG_9910",0,1,0
"Ahyacinthus06326-RA","Ahyacinthus06326-RA","Ahya","OG_4230",0,1,0
"Ahyacinthus06327-RA","Ahyacinthus06327-RA","Ahya","OG_4231",0,1,0
"Ahyacinthus06333-RA","Ahyacinthus06333-RA","Ahya","OG_331",0,1,0
"Ahyacinthus06338-RA","Ahyacinthus06338-RA","Ahya","OG_244",0,1,0
"Ahyacinthus06341-RA","Ahyacinthus06341-RA","Ahya","OG_244",0,1,0
"Ahyacinthus06342-RA","Ahyacinthus06342-RA","Ahya","OG_498",0,1,0
"Ahyacinthus06344-RA","Ahyacinthus06344-RA","Ahya","OG_822",0,1,0
"Ahyacinthus06345-RA","Ahyacinthus06345-RA","Ahya","OG_244",0,1,0
"Ahyacinthus06357-RA","Ahyacinthus06357-RA","Ahya","OG_124",0,1,0
"Ahyacinthus06358-RA","Ahyacinthus06358-RA","Ahya","OG_4233",0,1,0
"Ahyacinthus06359-RA","Ahyacinthus06359-RA","Ahya","OG_378",0,1,0
"Ahyacinthus06360-RA","Ahyacinthus06360-RA","Ahya","OG_4233",0,1,0
"Ahyacinthus06363-RA","Ahyacinthus06363-RA","Ahya","OG_1048",0,1,1
"Ahyacinthus06372-RA","Ahyacinthus06372-RA","Ahya","OG_9894",0,1,0
"Ahyacinthus06373-RA","Ahyacinthus06373-RA","Ahya","OG_9893",0,1,0
"Ahyacinthus06374-RA","Ahyacinthus06374-RA","Ahya","OG_9896",0,1,0
"Ahyacinthus06375-RA","Ahyacinthus06375-RA","Ahya","OG_4234",0,1,0
"Ahyacinthus06376-RA","Ahyacinthus06376-RA","Ahya","OG_4235",0,1,0
"Ahyacinthus06384-RA","Ahyacinthus06384-RA","Ahya","OG_6750",0,1,0
"Ahyacinthus06385-RA","Ahyacinthus06385-RA","Ahya","OG_6737",1,1,0
"Ahyacinthus06391-RA","Ahyacinthus06391-RA","Ahya","OG_1051",1,1,1
"Ahyacinthus06392-RA","Ahyacinthus06392-RA","Ahya","OG_1051",1,1,1
"Ahyacinthus06394-RA","Ahyacinthus06394-RA","Ahya","OG_6737",1,1,0
"Ahyacinthus06395-RA","Ahyacinthus06395-RA","Ahya","OG_1051",1,1,1
"Ahyacinthus06396-RA","Ahyacinthus06396-RA","Ahya","OG_1051",1,1,1
"Ahyacinthus06397-RA","Ahyacinthus06397-RA","Ahya","OG_1051",1,1,1
"Ahyacinthus06398-RA","Ahyacinthus06398-RA","Ahya","OG_9811",0,1,0
"Ahyacinthus06400-RA","Ahyacinthus06400-RA","Ahya","OG_4237",0,1,0
"Ahyacinthus06403-RA","Ahyacinthus06403-RA","Ahya","OG_5157",0,1,0
"Ahyacinthus06404-RA","Ahyacinthus06404-RA","Ahya","OG_5157",0,1,0
"Ahyacinthus06405-RA","Ahyacinthus06405-RA","Ahya","OG_898",0,1,0
"Ahyacinthus06407-RA","Ahyacinthus06407-RA","Ahya","OG_5157",0,1,0
"Ahyacinthus06410-RA","Ahyacinthus06410-RA","Ahya","OG_5157",0,1,0
"Ahyacinthus06412-RA","Ahyacinthus06412-RA","Ahya","OG_936",0,1,0
"Ahyacinthus06415-RA","Ahyacinthus06415-RA","Ahya","OG_5157",0,1,0
"Ahyacinthus06422-RA","Ahyacinthus06422-RA","Ahya","OG_4241",0,1,0
"Ahyacinthus06424-RA","Ahyacinthus06424-RA","Ahya","OG_6088",0,1,0
"Ahyacinthus06425-RA","Ahyacinthus06425-RA","Ahya","OG_4238",0,1,0
"Ahyacinthus06428-RA","Ahyacinthus06428-RA","Ahya","OG_4242",0,1,0
"Ahyacinthus06429-RA","Ahyacinthus06429-RA","Ahya","OG_9934",0,1,0
"Ahyacinthus06431-RA","Ahyacinthus06431-RA","Ahya","OG_12738",0,1,0
"Ahyacinthus06433-RA","Ahyacinthus06433-RA","Ahya","OG_4243",0,1,1
"Ahyacinthus06434-RA","Ahyacinthus06434-RA","Ahya","OG_4243",0,1,1
"Ahyacinthus06435-RA","Ahyacinthus06435-RA","Ahya","OG_9819",0,1,0
"Ahyacinthus06451-RA","Ahyacinthus06451-RA","Ahya","OG_4246",0,1,1
"Ahyacinthus06453-RA","Ahyacinthus06453-RA","Ahya","OG_938",0,1,1
"Ahyacinthus06457-RA","Ahyacinthus06457-RA","Ahya","OG_8434",0,1,0
"Ahyacinthus06459-RA","Ahyacinthus06459-RA","Ahya","OG_9676",0,1,0
"Ahyacinthus06464-RA","Ahyacinthus06464-RA","Ahya","OG_9903",0,1,0
"Ahyacinthus06468-RA","Ahyacinthus06468-RA","Ahya","OG_6441",0,1,0
"Ahyacinthus06470-RA","Ahyacinthus06470-RA","Ahya","OG_6441",0,1,0
"Ahyacinthus06473-RA","Ahyacinthus06473-RA","Ahya","OG_5117",0,1,0
"Ahyacinthus06477-RA","Ahyacinthus06477-RA","Ahya","OG_9901",0,1,0
"Ahyacinthus06478-RA","Ahyacinthus06478-RA","Ahya","OG_367",0,1,1
"Ahyacinthus06480-RA","Ahyacinthus06480-RA","Ahya","OG_4248",0,1,0
"Ahyacinthus06483-RA","Ahyacinthus06483-RA","Ahya","OG_5480",1,1,0
"Ahyacinthus06484-RA","Ahyacinthus06484-RA","Ahya","OG_4252",0,1,0
"Ahyacinthus06487-RA","Ahyacinthus06487-RA","Ahya","OG_9905",0,1,0
"Ahyacinthus06488-RA","Ahyacinthus06488-RA","Ahya","OG_9653",0,1,0
"Ahyacinthus06489-RA","Ahyacinthus06489-RA","Ahya","OG_6732",0,1,0
"Ahyacinthus06496-RA","Ahyacinthus06496-RA","Ahya","OG_9709",0,1,0
"Ahyacinthus06504-RA","Ahyacinthus06504-RA","Ahya","OG_6740",0,1,0
"Ahyacinthus06514-RA","Ahyacinthus06514-RA","Ahya","OG_9955",0,1,0
"Ahyacinthus06516-RA","Ahyacinthus06516-RA","Ahya","OG_9686",0,1,0
"Ahyacinthus06519-RA","Ahyacinthus06519-RA","Ahya","OG_9684",0,1,0
"Ahyacinthus06520-RA","Ahyacinthus06520-RA","Ahya","OG_9687",0,1,0
"Ahyacinthus06527-RA","Ahyacinthus06527-RA","Ahya","OG_674",0,1,0
"Ahyacinthus06534-RA","Ahyacinthus06534-RA","Ahya","OG_391",1,1,0
"Ahyacinthus06540-RA","Ahyacinthus06540-RA","Ahya","OG_928",0,1,0
"Ahyacinthus06546-RA","Ahyacinthus06546-RA","Ahya","OG_9856",0,1,0
"Ahyacinthus06557-RA","Ahyacinthus06557-RA","Ahya","OG_514",0,1,0
"Ahyacinthus06558-RA","Ahyacinthus06558-RA","Ahya","OG_514",0,1,0
"Ahyacinthus06564-RA","Ahyacinthus06564-RA","Ahya","OG_514",0,1,0
"Ahyacinthus06565-RA","Ahyacinthus06565-RA","Ahya","OG_514",0,1,0
"Ahyacinthus06566-RA","Ahyacinthus06566-RA","Ahya","OG_1466",0,1,0
"Ahyacinthus06567-RA","Ahyacinthus06567-RA","Ahya","OG_4257",0,1,0
"Ahyacinthus06569-RA","Ahyacinthus06569-RA","Ahya","OG_4256",0,1,0
"Ahyacinthus06570-RA","Ahyacinthus06570-RA","Ahya","OG_5451",0,1,0
"Ahyacinthus06578-RA","Ahyacinthus06578-RA","Ahya","OG_9613",0,1,0
"Ahyacinthus06579-RA","Ahyacinthus06579-RA","Ahya","OG_9612",0,1,0
"Ahyacinthus06583-RA","Ahyacinthus06583-RA","Ahya","OG_4260",0,1,0
"Ahyacinthus06586-RA","Ahyacinthus06586-RA","Ahya","OG_9867",0,1,0
"Ahyacinthus06592-RA","Ahyacinthus06592-RA","Ahya","OG_9798",0,1,0
"Ahyacinthus06601-RA","Ahyacinthus06601-RA","Ahya","OG_9876",0,1,0
"Ahyacinthus06605-RA","Ahyacinthus06605-RA","Ahya","OG_506",0,1,0
"Ahyacinthus06606-RA","Ahyacinthus06606-RA","Ahya","OG_4264",0,1,0
"Ahyacinthus06607-RA","Ahyacinthus06607-RA","Ahya","OG_559",0,1,1
"Ahyacinthus06609-RA","Ahyacinthus06609-RA","Ahya","OG_4265",0,1,0
"Ahyacinthus06610-RA","Ahyacinthus06610-RA","Ahya","OG_9826",0,1,1
"Ahyacinthus06611-RA","Ahyacinthus06611-RA","Ahya","OG_9827",0,1,0
"Ahyacinthus06612-RA","Ahyacinthus06612-RA","Ahya","OG_939",0,1,0
"Ahyacinthus06614-RA","Ahyacinthus06614-RA","Ahya","OG_939",0,1,0
"Ahyacinthus06616-RA","Ahyacinthus06616-RA","Ahya","OG_939",0,1,0
"Ahyacinthus06619-RA","Ahyacinthus06619-RA","Ahya","OG_647",1,1,0
"Ahyacinthus06620-RA","Ahyacinthus06620-RA","Ahya","OG_647",1,1,0
"Ahyacinthus06622-RA","Ahyacinthus06622-RA","Ahya","OG_647",1,1,0
"Ahyacinthus06626-RA","Ahyacinthus06626-RA","Ahya","OG_4266",0,1,0
"Ahyacinthus06627-RA","Ahyacinthus06627-RA","Ahya","OG_9097",0,1,0
"Ahyacinthus06628-RA","Ahyacinthus06628-RA","Ahya","OG_9097",0,1,0
"Ahyacinthus06629-RA","Ahyacinthus06629-RA","Ahya","OG_9928",0,1,0
"Ahyacinthus06632-RA","Ahyacinthus06632-RA","Ahya","OG_9953",0,1,0
"Ahyacinthus06634-RA","Ahyacinthus06634-RA","Ahya","OG_9843",0,1,0
"Ahyacinthus06635-RA","Ahyacinthus06635-RA","Ahya","OG_4268",0,1,0
"Ahyacinthus06638-RA","Ahyacinthus06638-RA","Ahya","OG_4269",0,1,0
"Ahyacinthus06640-RA","Ahyacinthus06640-RA","Ahya","OG_9097",0,1,0
"Ahyacinthus06643-RA","Ahyacinthus06643-RA","Ahya","OG_9807",0,1,0
"Ahyacinthus06648-RA","Ahyacinthus06648-RA","Ahya","OG_9937",0,1,0
"Ahyacinthus06649-RA","Ahyacinthus06649-RA","Ahya","OG_1849",1,1,0
"Ahyacinthus06650-RA","Ahyacinthus06650-RA","Ahya","OG_9765",0,1,0
"Ahyacinthus06651-RA","Ahyacinthus06651-RA","Ahya","OG_6753",0,1,0
"Ahyacinthus06653-RA","Ahyacinthus06653-RA","Ahya","OG_4271",0,1,0
"Ahyacinthus06654-RA","Ahyacinthus06654-RA","Ahya","OG_9904",0,1,0
"Ahyacinthus06655-RA","Ahyacinthus06655-RA","Ahya","OG_9763",0,1,0
"Ahyacinthus06656-RA","Ahyacinthus06656-RA","Ahya","OG_9764",0,1,0
"Ahyacinthus06657-RA","Ahyacinthus06657-RA","Ahya","OG_8151",0,1,0
"Ahyacinthus06659-RA","Ahyacinthus06659-RA","Ahya","OG_12331",0,1,0
"Ahyacinthus06666-RA","Ahyacinthus06666-RA","Ahya","OG_287",1,1,1
"Ahyacinthus06668-RA","Ahyacinthus06668-RA","Ahya","OG_877",0,1,0
"Ahyacinthus06670-RA","Ahyacinthus06670-RA","Ahya","OG_12386",0,1,1
"Ahyacinthus06671-RA","Ahyacinthus06671-RA","Ahya","OG_9748",0,1,1
"Ahyacinthus06672-RA","Ahyacinthus06672-RA","Ahya","OG_9748",0,1,1
"Ahyacinthus06674-RA","Ahyacinthus06674-RA","Ahya","OG_9766",0,1,0
"Ahyacinthus06675-RA","Ahyacinthus06675-RA","Ahya","OG_4273",0,1,0
"Ahyacinthus06681-RA","Ahyacinthus06681-RA","Ahya","OG_4274",0,1,0
"Ahyacinthus06687-RA","Ahyacinthus06687-RA","Ahya","OG_4279",0,1,0
"Ahyacinthus06689-RA","Ahyacinthus06689-RA","Ahya","OG_4278",0,1,0
"Ahyacinthus06690-RA","Ahyacinthus06690-RA","Ahya","OG_4278",0,1,0
"Ahyacinthus06691-RA","Ahyacinthus06691-RA","Ahya","OG_1473",0,1,0
"Ahyacinthus06692-RA","Ahyacinthus06692-RA","Ahya","OG_5050",0,1,0
"Ahyacinthus06699-RA","Ahyacinthus06699-RA","Ahya","OG_4282",0,1,0
"Ahyacinthus06704-RA","Ahyacinthus06704-RA","Ahya","OG_937",0,1,0
"Ahyacinthus06705-RA","Ahyacinthus06705-RA","Ahya","OG_5111",0,1,0
"Ahyacinthus06706-RA","Ahyacinthus06706-RA","Ahya","OG_791",0,1,1
"Ahyacinthus06707-RA","Ahyacinthus06707-RA","Ahya","OG_9879",0,1,0
"Ahyacinthus06708-RA","Ahyacinthus06708-RA","Ahya","OG_792",1,1,0
"Ahyacinthus06714-RA","Ahyacinthus06714-RA","Ahya","OG_488",0,1,1
"Ahyacinthus06717-RA","Ahyacinthus06717-RA","Ahya","OG_488",0,1,1
"Ahyacinthus06719-RA","Ahyacinthus06719-RA","Ahya","OG_488",0,1,1
"Ahyacinthus06725-RA","Ahyacinthus06725-RA","Ahya","OG_792",1,1,0
"Ahyacinthus06726-RA","Ahyacinthus06726-RA","Ahya","OG_792",1,1,0
"Ahyacinthus06727-RA","Ahyacinthus06727-RA","Ahya","OG_791",0,1,1
"Ahyacinthus06728-RA","Ahyacinthus06728-RA","Ahya","OG_5097",0,1,0
"Ahyacinthus06733-RA","Ahyacinthus06733-RA","Ahya","OG_9623",0,1,0
"Ahyacinthus06735-RA","Ahyacinthus06735-RA","Ahya","OG_9918",0,1,0
"Ahyacinthus06736-RA","Ahyacinthus06736-RA","Ahya","OG_4283",0,1,0
"Ahyacinthus06737-RA","Ahyacinthus06737-RA","Ahya","OG_9744",0,1,1
"Ahyacinthus06744-RA","Ahyacinthus06744-RA","Ahya","OG_9745",0,1,0
"Ahyacinthus06745-RA","Ahyacinthus06745-RA","Ahya","OG_9614",0,1,0
"Ahyacinthus06747-RA","Ahyacinthus06747-RA","Ahya","OG_9950",0,1,0
"Ahyacinthus06753-RA","Ahyacinthus06753-RA","Ahya","OG_4286",0,1,0
"Ahyacinthus06760-RA","Ahyacinthus06760-RA","Ahya","OG_4288",0,1,0
"Ahyacinthus06761-RA","Ahyacinthus06761-RA","Ahya","OG_4289",0,1,0
"Ahyacinthus06762-RA","Ahyacinthus06762-RA","Ahya","OG_304",1,1,1
"Ahyacinthus06764-RA","Ahyacinthus06764-RA","Ahya","OG_304",1,1,1
"Ahyacinthus06771-RA","Ahyacinthus06771-RA","Ahya","OG_6397",1,1,1
"Ahyacinthus06772-RA","Ahyacinthus06772-RA","Ahya","OG_6397",1,1,1
"Ahyacinthus06774-RA","Ahyacinthus06774-RA","Ahya","OG_590",0,1,1
"Ahyacinthus06776-RA","Ahyacinthus06776-RA","Ahya","OG_8320",0,1,0
"Ahyacinthus06777-RA","Ahyacinthus06777-RA","Ahya","OG_9641",0,1,0
"Ahyacinthus06778-RA","Ahyacinthus06778-RA","Ahya","OG_9641",0,1,0
"Ahyacinthus06787-RA","Ahyacinthus06787-RA","Ahya","OG_4293",0,1,0
"Ahyacinthus06788-RA","Ahyacinthus06788-RA","Ahya","OG_8217",0,1,0
"Ahyacinthus06792-RA","Ahyacinthus06792-RA","Ahya","OG_1120",1,1,0
"Ahyacinthus06798-RA","Ahyacinthus06798-RA","Ahya","OG_4295",0,1,0
"Ahyacinthus06799-RA","Ahyacinthus06799-RA","Ahya","OG_6087",0,1,0
"Ahyacinthus06801-RA","Ahyacinthus06801-RA","Ahya","OG_4297",0,1,0
"Ahyacinthus06811-RA","Ahyacinthus06811-RA","Ahya","OG_9851",0,1,0
"Ahyacinthus06813-RA","Ahyacinthus06813-RA","Ahya","OG_4299",0,1,0
"Ahyacinthus06815-RA","Ahyacinthus06815-RA","Ahya","OG_9959",0,1,0
"Ahyacinthus06820-RA","Ahyacinthus06820-RA","Ahya","OG_9751",0,1,0
"Ahyacinthus06823-RA","Ahyacinthus06823-RA","Ahya","OG_9751",0,1,0
"Ahyacinthus06830-RA","Ahyacinthus06830-RA","Ahya","OG_1115",0,1,0
"Ahyacinthus06836-RA","Ahyacinthus06836-RA","Ahya","OG_698",0,1,1
"Ahyacinthus06837-RA","Ahyacinthus06837-RA","Ahya","OG_876",0,1,1
"Ahyacinthus06839-RA","Ahyacinthus06839-RA","Ahya","OG_728",0,1,0
"Ahyacinthus06840-RA","Ahyacinthus06840-RA","Ahya","OG_9800",0,1,0
"Ahyacinthus06841-RA","Ahyacinthus06841-RA","Ahya","OG_4301",0,1,0
"Ahyacinthus06844-RA","Ahyacinthus06844-RA","Ahya","OG_4300",0,1,0
"Ahyacinthus06846-RA","Ahyacinthus06846-RA","Ahya","OG_9639",0,1,1
"Ahyacinthus06856-RA","Ahyacinthus06856-RA","Ahya","OG_4303",0,1,0
"Ahyacinthus06858-RA","Ahyacinthus06858-RA","Ahya","OG_9708",0,1,0
"Ahyacinthus06859-RA","Ahyacinthus06859-RA","Ahya","OG_1041",0,1,1
"Ahyacinthus06862-RA","Ahyacinthus06862-RA","Ahya","OG_9930",0,1,0
"Ahyacinthus06863-RA","Ahyacinthus06863-RA","Ahya","OG_9801",0,1,0
"Ahyacinthus06864-RA","Ahyacinthus06864-RA","Ahya","OG_9801",0,1,0
"Ahyacinthus06867-RA","Ahyacinthus06867-RA","Ahya","OG_9803",0,1,0
"Ahyacinthus06869-RA","Ahyacinthus06869-RA","Ahya","OG_9802",0,1,0
"Ahyacinthus06870-RA","Ahyacinthus06870-RA","Ahya","OG_9628",0,1,0
"Ahyacinthus06875-RA","Ahyacinthus06875-RA","Ahya","OG_9760",0,1,1
"Ahyacinthus06876-RA","Ahyacinthus06876-RA","Ahya","OG_4306",0,1,0
"Ahyacinthus06877-RA","Ahyacinthus06877-RA","Ahya","OG_9817",0,1,0
"Ahyacinthus06878-RA","Ahyacinthus06878-RA","Ahya","OG_5946",0,1,0
"Ahyacinthus06879-RA","Ahyacinthus06879-RA","Ahya","OG_4307",0,1,0
"Ahyacinthus06882-RA","Ahyacinthus06882-RA","Ahya","OG_9729",0,1,0
"Ahyacinthus06883-RA","Ahyacinthus06883-RA","Ahya","OG_4308",0,1,0
"Ahyacinthus06888-RA","Ahyacinthus06888-RA","Ahya","OG_9682",0,1,0
"Ahyacinthus06894-RA","Ahyacinthus06894-RA","Ahya","OG_6085",0,1,0
"Ahyacinthus06895-RA","Ahyacinthus06895-RA","Ahya","OG_4315",0,1,0
"Ahyacinthus06896-RA","Ahyacinthus06896-RA","Ahya","OG_4316",0,1,0
"Ahyacinthus06898-RA","Ahyacinthus06898-RA","Ahya","OG_4312",0,1,1
"Ahyacinthus06903-RA","Ahyacinthus06903-RA","Ahya","OG_9818",0,1,0
"Ahyacinthus06904-RA","Ahyacinthus06904-RA","Ahya","OG_9857",0,1,0
"Ahyacinthus06908-RA","Ahyacinthus06908-RA","Ahya","OG_9722",0,1,0
"Ahyacinthus06911-RA","Ahyacinthus06911-RA","Ahya","OG_4317",0,1,0
"Ahyacinthus06912-RA","Ahyacinthus06912-RA","Ahya","OG_9911",0,1,0
"Ahyacinthus06913-RA","Ahyacinthus06913-RA","Ahya","OG_6089",0,1,0
"Ahyacinthus06917-RA","Ahyacinthus06917-RA","Ahya","OG_1264",0,1,1
"Ahyacinthus06920-RA","Ahyacinthus06920-RA","Ahya","OG_5454",0,1,0
"Ahyacinthus06924-RA","Ahyacinthus06924-RA","Ahya","OG_5479",0,1,0
"Ahyacinthus06925-RA","Ahyacinthus06925-RA","Ahya","OG_4321",0,1,0
"Ahyacinthus06926-RA","Ahyacinthus06926-RA","Ahya","OG_4321",0,1,0
"Ahyacinthus06928-RA","Ahyacinthus06928-RA","Ahya","OG_4320",0,1,0
"Ahyacinthus06929-RA","Ahyacinthus06929-RA","Ahya","OG_6730",0,1,0
"Ahyacinthus06930-RA","Ahyacinthus06930-RA","Ahya","OG_6730",0,1,0
"Ahyacinthus06931-RA","Ahyacinthus06931-RA","Ahya","OG_6730",0,1,0
"Ahyacinthus06933-RA","Ahyacinthus06933-RA","Ahya","OG_5459",0,1,0
"Ahyacinthus06936-RA","Ahyacinthus06936-RA","Ahya","OG_9635",0,1,0
"Ahyacinthus06937-RA","Ahyacinthus06937-RA","Ahya","OG_6090",0,1,0
"Ahyacinthus06939-RA","Ahyacinthus06939-RA","Ahya","OG_9925",0,1,0
"Ahyacinthus06940-RA","Ahyacinthus06940-RA","Ahya","OG_6743",0,1,0
"Ahyacinthus06941-RA","Ahyacinthus06941-RA","Ahya","OG_4323",0,1,1
"Ahyacinthus06942-RA","Ahyacinthus06942-RA","Ahya","OG_9773",0,1,0
"Ahyacinthus06943-RA","Ahyacinthus06943-RA","Ahya","OG_9833",0,1,0
"Ahyacinthus06948-RA","Ahyacinthus06948-RA","Ahya","OG_6911",0,1,0
"Ahyacinthus06951-RA","Ahyacinthus06951-RA","Ahya","OG_186",1,1,1
"Ahyacinthus06958-RA","Ahyacinthus06958-RA","Ahya","OG_893",0,1,0
"Ahyacinthus06963-RA","Ahyacinthus06963-RA","Ahya","OG_713",0,1,1
"Ahyacinthus06964-RA","Ahyacinthus06964-RA","Ahya","OG_1100",0,1,0
"Ahyacinthus06965-RA","Ahyacinthus06965-RA","Ahya","OG_738",0,1,0
"Ahyacinthus06966-RA","Ahyacinthus06966-RA","Ahya","OG_568",1,1,1
"Ahyacinthus06974-RA","Ahyacinthus06974-RA","Ahya","OG_553",0,1,1
"Ahyacinthus06980-RA","Ahyacinthus06980-RA","Ahya","OG_709",0,1,1
"Ahyacinthus06981-RA","Ahyacinthus06981-RA","Ahya","OG_416",0,1,0
"Ahyacinthus06983-RA","Ahyacinthus06983-RA","Ahya","OG_852",0,1,0
"Ahyacinthus06986-RA","Ahyacinthus06986-RA","Ahya","OG_764",0,1,0
"Ahyacinthus06987-RA","Ahyacinthus06987-RA","Ahya","OG_757",1,1,1
"Ahyacinthus06995-RA","Ahyacinthus06995-RA","Ahya","OG_144",1,1,0
"Ahyacinthus06999-RA","Ahyacinthus06999-RA","Ahya","OG_509",0,1,1
"Ahyacinthus07002-RA","Ahyacinthus07002-RA","Ahya","OG_886",0,1,1
"Ahyacinthus07005-RA","Ahyacinthus07005-RA","Ahya","OG_477",0,1,0
"Ahyacinthus07007-RA","Ahyacinthus07007-RA","Ahya","OG_898",0,1,0
"Ahyacinthus07011-RA","Ahyacinthus07011-RA","Ahya","OG_1066",0,1,0
"Ahyacinthus07012-RA","Ahyacinthus07012-RA","Ahya","OG_353",0,1,0
"Ahyacinthus07015-RA","Ahyacinthus07015-RA","Ahya","OG_515",0,1,0
"Ahyacinthus07019-RA","Ahyacinthus07019-RA","Ahya","OG_912",0,1,0
"Ahyacinthus07026-RA","Ahyacinthus07026-RA","Ahya","OG_504",0,1,0
"Ahyacinthus07036-RA","Ahyacinthus07036-RA","Ahya","OG_248",1,1,1
"Ahyacinthus07042-RA","Ahyacinthus07042-RA","Ahya","OG_353",0,1,0
"Ahyacinthus07044-RA","Ahyacinthus07044-RA","Ahya","OG_406",1,1,1
"Ahyacinthus07047-RA","Ahyacinthus07047-RA","Ahya","OG_1201",0,1,0
"Ahyacinthus07050-RA","Ahyacinthus07050-RA","Ahya","OG_369",1,1,1
"Ahyacinthus07057-RA","Ahyacinthus07057-RA","Ahya","OG_353",0,1,0
"Ahyacinthus07060-RA","Ahyacinthus07060-RA","Ahya","OG_848",1,1,0
"Ahyacinthus07065-RA","Ahyacinthus07065-RA","Ahya","OG_12416",0,1,1
"Ahyacinthus07068-RA","Ahyacinthus07068-RA","Ahya","OG_568",1,1,1
"Ahyacinthus07076-RA","Ahyacinthus07076-RA","Ahya","OG_284",1,1,1
"Ahyacinthus07077-RA","Ahyacinthus07077-RA","Ahya","OG_170",1,1,1
"Ahyacinthus07081-RA","Ahyacinthus07081-RA","Ahya","OG_5989",1,1,0
"Ahyacinthus07082-RA","Ahyacinthus07082-RA","Ahya","OG_1395",0,1,0
"Ahyacinthus07086-RA","Ahyacinthus07086-RA","Ahya","OG_3691",0,1,0
"Ahyacinthus07087-RA","Ahyacinthus07087-RA","Ahya","OG_3691",0,1,0
"Ahyacinthus07088-RA","Ahyacinthus07088-RA","Ahya","OG_7369",0,1,0
"Ahyacinthus07089-RA","Ahyacinthus07089-RA","Ahya","OG_6441",0,1,0
"Ahyacinthus07090-RA","Ahyacinthus07090-RA","Ahya","OG_6441",0,1,0
"Ahyacinthus07092-RA","Ahyacinthus07092-RA","Ahya","OG_332",0,1,1
"Ahyacinthus07093-RA","Ahyacinthus07093-RA","Ahya","OG_549",0,1,0
"Ahyacinthus07110-RA","Ahyacinthus07110-RA","Ahya","OG_421",0,1,1
"Ahyacinthus07111-RA","Ahyacinthus07111-RA","Ahya","OG_427",0,1,1
"Ahyacinthus07118-RA","Ahyacinthus07118-RA","Ahya","OG_6012",1,1,0
"Ahyacinthus07119-RA","Ahyacinthus07119-RA","Ahya","OG_6800",0,1,0
"Ahyacinthus07121-RA","Ahyacinthus07121-RA","Ahya","OG_7247",0,1,0
"Ahyacinthus07125-RA","Ahyacinthus07125-RA","Ahya","OG_7300",1,1,1
"Ahyacinthus07130-RA","Ahyacinthus07130-RA","Ahya","OG_944",0,1,0
"Ahyacinthus07138-RA","Ahyacinthus07138-RA","Ahya","OG_1118",0,1,0
"Ahyacinthus07143-RA","Ahyacinthus07143-RA","Ahya","OG_264",0,1,1
"Ahyacinthus07148-RA","Ahyacinthus07148-RA","Ahya","OG_6330",0,1,0
"Ahyacinthus07149-RA","Ahyacinthus07149-RA","Ahya","OG_1049",0,1,0
"Ahyacinthus07150-RA","Ahyacinthus07150-RA","Ahya","OG_6330",0,1,0
"Ahyacinthus07152-RA","Ahyacinthus07152-RA","Ahya","OG_146",0,1,0
"Ahyacinthus07157-RA","Ahyacinthus07157-RA","Ahya","OG_850",0,1,0
"Ahyacinthus07160-RA","Ahyacinthus07160-RA","Ahya","OG_849",0,1,0
"Ahyacinthus07166-RA","Ahyacinthus07166-RA","Ahya","OG_1325",0,1,0
"Ahyacinthus07168-RA","Ahyacinthus07168-RA","Ahya","OG_901",0,1,1
"Ahyacinthus07170-RA","Ahyacinthus07170-RA","Ahya","OG_781",0,1,0
"Ahyacinthus07172-RA","Ahyacinthus07172-RA","Ahya","OG_1297",0,1,0
"Ahyacinthus07176-RA","Ahyacinthus07176-RA","Ahya","OG_781",0,1,0
"Ahyacinthus07177-RA","Ahyacinthus07177-RA","Ahya","OG_1122",0,1,0
"Ahyacinthus07179-RA","Ahyacinthus07179-RA","Ahya","OG_781",0,1,0
"Ahyacinthus07180-RA","Ahyacinthus07180-RA","Ahya","OG_894",0,1,1
"Ahyacinthus07181-RA","Ahyacinthus07181-RA","Ahya","OG_852",0,1,0
"Ahyacinthus07183-RA","Ahyacinthus07183-RA","Ahya","OG_284",1,1,1
"Ahyacinthus07184-RA","Ahyacinthus07184-RA","Ahya","OG_746",0,1,1
"Ahyacinthus07185-RA","Ahyacinthus07185-RA","Ahya","OG_746",0,1,1
"Ahyacinthus07186-RA","Ahyacinthus07186-RA","Ahya","OG_746",0,1,1
"Ahyacinthus07190-RA","Ahyacinthus07190-RA","Ahya","OG_197",0,1,0
"Ahyacinthus07192-RA","Ahyacinthus07192-RA","Ahya","OG_785",0,1,0
"Ahyacinthus07196-RA","Ahyacinthus07196-RA","Ahya","OG_785",0,1,0
"Ahyacinthus07199-RA","Ahyacinthus07199-RA","Ahya","OG_10646",0,1,0
"Ahyacinthus07201-RA","Ahyacinthus07201-RA","Ahya","OG_754",1,1,0
"Ahyacinthus07202-RA","Ahyacinthus07202-RA","Ahya","OG_286",0,1,1
"Ahyacinthus07205-RA","Ahyacinthus07205-RA","Ahya","OG_509",0,1,1
"Ahyacinthus07207-RA","Ahyacinthus07207-RA","Ahya","OG_496",0,1,0
"Ahyacinthus07208-RA","Ahyacinthus07208-RA","Ahya","OG_1107",0,1,0
"Ahyacinthus07210-RA","Ahyacinthus07210-RA","Ahya","OG_659",1,1,0
"Ahyacinthus07211-RA","Ahyacinthus07211-RA","Ahya","OG_920",0,1,0
"Ahyacinthus07212-RA","Ahyacinthus07212-RA","Ahya","OG_920",0,1,0
"Ahyacinthus07214-RA","Ahyacinthus07214-RA","Ahya","OG_901",0,1,1
"Ahyacinthus07215-RA","Ahyacinthus07215-RA","Ahya","OG_509",0,1,1
"Ahyacinthus07216-RA","Ahyacinthus07216-RA","Ahya","OG_5071",0,1,1
"Ahyacinthus07217-RA","Ahyacinthus07217-RA","Ahya","OG_5071",0,1,1
"Ahyacinthus07218-RA","Ahyacinthus07218-RA","Ahya","OG_12747",0,1,0
"Ahyacinthus07219-RA","Ahyacinthus07219-RA","Ahya","OG_509",0,1,1
"Ahyacinthus07220-RA","Ahyacinthus07220-RA","Ahya","OG_509",0,1,1
"Ahyacinthus07223-RA","Ahyacinthus07223-RA","Ahya","OG_509",0,1,1
"Ahyacinthus07224-RA","Ahyacinthus07224-RA","Ahya","OG_909",0,1,1
"Ahyacinthus07225-RA","Ahyacinthus07225-RA","Ahya","OG_990",0,1,0
"Ahyacinthus07228-RA","Ahyacinthus07228-RA","Ahya","OG_509",0,1,1
"Ahyacinthus07229-RA","Ahyacinthus07229-RA","Ahya","OG_509",0,1,1
"Ahyacinthus07230-RA","Ahyacinthus07230-RA","Ahya","OG_5071",0,1,1
"Ahyacinthus07233-RA","Ahyacinthus07233-RA","Ahya","OG_509",0,1,1
"Ahyacinthus07234-RA","Ahyacinthus07234-RA","Ahya","OG_921",1,1,1
"Ahyacinthus07236-RA","Ahyacinthus07236-RA","Ahya","OG_8450",0,1,0
"Ahyacinthus07240-RA","Ahyacinthus07240-RA","Ahya","OG_8450",0,1,0
"Ahyacinthus07241-RA","Ahyacinthus07241-RA","Ahya","OG_917",0,1,0
"Ahyacinthus07243-RA","Ahyacinthus07243-RA","Ahya","OG_7324",1,1,0
"Ahyacinthus07242-RA","Ahyacinthus07242-RA","Ahya","OG_7358",0,1,0
"Ahyacinthus07245-RA","Ahyacinthus07245-RA","Ahya","OG_1550",0,1,0
"Ahyacinthus07247-RA","Ahyacinthus07247-RA","Ahya","OG_257",1,1,1
"Ahyacinthus07248-RA","Ahyacinthus07248-RA","Ahya","OG_257",1,1,1
"Ahyacinthus07252-RA","Ahyacinthus07252-RA","Ahya","OG_406",1,1,1
"Ahyacinthus07255-RA","Ahyacinthus07255-RA","Ahya","OG_1274",0,1,0
"Ahyacinthus07259-RA","Ahyacinthus07259-RA","Ahya","OG_12355",0,1,1
"Ahyacinthus07265-RA","Ahyacinthus07265-RA","Ahya","OG_860",1,1,1
"Ahyacinthus07268-RA","Ahyacinthus07268-RA","Ahya","OG_860",1,1,1
"Ahyacinthus07272-RA","Ahyacinthus07272-RA","Ahya","OG_421",0,1,1
"Ahyacinthus07281-RA","Ahyacinthus07281-RA","Ahya","OG_170",1,1,1
"Ahyacinthus07285-RA","Ahyacinthus07285-RA","Ahya","OG_421",0,1,1
"Ahyacinthus07288-RA","Ahyacinthus07288-RA","Ahya","OG_460",0,1,1
"Ahyacinthus07290-RA","Ahyacinthus07290-RA","Ahya","OG_770",1,1,0
"Ahyacinthus07293-RA","Ahyacinthus07293-RA","Ahya","OG_848",1,1,0
"Ahyacinthus07298-RA","Ahyacinthus07298-RA","Ahya","OG_757",1,1,1
"Ahyacinthus07300-RA","Ahyacinthus07300-RA","Ahya","OG_12416",0,1,1
"Ahyacinthus07302-RA","Ahyacinthus07302-RA","Ahya","OG_1066",0,1,0
"Ahyacinthus07305-RA","Ahyacinthus07305-RA","Ahya","OG_6380",0,1,0
"Ahyacinthus07308-RA","Ahyacinthus07308-RA","Ahya","OG_901",0,1,1
"Ahyacinthus07310-RA","Ahyacinthus07310-RA","Ahya","OG_859",0,1,1
"Ahyacinthus07311-RA","Ahyacinthus07311-RA","Ahya","OG_1088",0,1,0
"Ahyacinthus07312-RA","Ahyacinthus07312-RA","Ahya","OG_880",0,1,0
"Ahyacinthus07313-RA","Ahyacinthus07313-RA","Ahya","OG_611",0,1,1
"Ahyacinthus07314-RA","Ahyacinthus07314-RA","Ahya","OG_332",0,1,1
"Ahyacinthus07315-RA","Ahyacinthus07315-RA","Ahya","OG_416",0,1,0
"Ahyacinthus07316-RA","Ahyacinthus07316-RA","Ahya","OG_416",0,1,0
"Ahyacinthus07317-RA","Ahyacinthus07317-RA","Ahya","OG_1066",0,1,0
"Ahyacinthus07318-RA","Ahyacinthus07318-RA","Ahya","OG_761",1,1,0
"Ahyacinthus07321-RA","Ahyacinthus07321-RA","Ahya","OG_473",0,1,0
"Ahyacinthus07322-RA","Ahyacinthus07322-RA","Ahya","OG_248",1,1,1
"Ahyacinthus07323-RA","Ahyacinthus07323-RA","Ahya","OG_597",0,1,0
"Ahyacinthus07325-RA","Ahyacinthus07325-RA","Ahya","OG_1168",0,1,0
"Ahyacinthus07326-RA","Ahyacinthus07326-RA","Ahya","OG_861",1,1,1
"Ahyacinthus07327-RA","Ahyacinthus07327-RA","Ahya","OG_1176",0,1,1
"Ahyacinthus07328-RA","Ahyacinthus07328-RA","Ahya","OG_869",0,1,0
"Ahyacinthus07329-RA","Ahyacinthus07329-RA","Ahya","OG_864",1,1,0
"Ahyacinthus07335-RA","Ahyacinthus07335-RA","Ahya","OG_559",0,1,1
"Ahyacinthus07336-RA","Ahyacinthus07336-RA","Ahya","OG_868",1,1,1
"Ahyacinthus07337-RA","Ahyacinthus07337-RA","Ahya","OG_682",1,1,1
"Ahyacinthus07338-RA","Ahyacinthus07338-RA","Ahya","OG_314",0,1,0
"Ahyacinthus07340-RA","Ahyacinthus07340-RA","Ahya","OG_416",0,1,0
"Ahyacinthus07341-RA","Ahyacinthus07341-RA","Ahya","OG_568",1,1,1
"Ahyacinthus07342-RA","Ahyacinthus07342-RA","Ahya","OG_892",0,1,0
"Ahyacinthus07343-RA","Ahyacinthus07343-RA","Ahya","OG_503",0,1,0
"Ahyacinthus07344-RA","Ahyacinthus07344-RA","Ahya","OG_914",0,1,1
"Ahyacinthus07346-RA","Ahyacinthus07346-RA","Ahya","OG_1115",0,1,0
"Ahyacinthus07347-RA","Ahyacinthus07347-RA","Ahya","OG_722",0,1,1
"Ahyacinthus07348-RA","Ahyacinthus07348-RA","Ahya","OG_462",0,1,0
"Ahyacinthus07350-RA","Ahyacinthus07350-RA","Ahya","OG_5097",0,1,0
"Ahyacinthus07351-RA","Ahyacinthus07351-RA","Ahya","OG_922",0,1,0
"Ahyacinthus07354-RA","Ahyacinthus07354-RA","Ahya","OG_525",0,1,0
"Ahyacinthus07357-RA","Ahyacinthus07357-RA","Ahya","OG_130",0,1,1
"Ahyacinthus07359-RA","Ahyacinthus07359-RA","Ahya","OG_7169",1,1,0
"Ahyacinthus07360-RA","Ahyacinthus07360-RA","Ahya","OG_7169",1,1,0
"Ahyacinthus07361-RA","Ahyacinthus07361-RA","Ahya","OG_3694",0,1,0
"Ahyacinthus07362-RA","Ahyacinthus07362-RA","Ahya","OG_11150",1,1,0
"Ahyacinthus07363-RA","Ahyacinthus07363-RA","Ahya","OG_3695",1,1,1
"Ahyacinthus07364-RA","Ahyacinthus07364-RA","Ahya","OG_7249",0,1,0
"Ahyacinthus07373-RA","Ahyacinthus07373-RA","Ahya","OG_1005",0,1,0
"Ahyacinthus07375-RA","Ahyacinthus07375-RA","Ahya","OG_746",0,1,1
"Ahyacinthus07376-RA","Ahyacinthus07376-RA","Ahya","OG_1178",0,1,0
"Ahyacinthus07377-RA","Ahyacinthus07377-RA","Ahya","OG_5145",0,1,0
"Ahyacinthus07378-RA","Ahyacinthus07378-RA","Ahya","OG_5145",0,1,0
"Ahyacinthus07379-RA","Ahyacinthus07379-RA","Ahya","OG_12432",0,1,0
"Ahyacinthus07380-RA","Ahyacinthus07380-RA","Ahya","OG_1178",0,1,0
"Ahyacinthus07381-RA","Ahyacinthus07381-RA","Ahya","OG_12164",0,1,1
"Ahyacinthus07382-RA","Ahyacinthus07382-RA","Ahya","OG_834",1,1,0
"Ahyacinthus07383-RA","Ahyacinthus07383-RA","Ahya","OG_12164",0,1,1
"Ahyacinthus07384-RA","Ahyacinthus07384-RA","Ahya","OG_746",0,1,1
"Ahyacinthus07387-RA","Ahyacinthus07387-RA","Ahya","OG_746",0,1,1
"Ahyacinthus07388-RA","Ahyacinthus07388-RA","Ahya","OG_746",0,1,1
"Ahyacinthus07389-RA","Ahyacinthus07389-RA","Ahya","OG_746",0,1,1
"Ahyacinthus07390-RA","Ahyacinthus07390-RA","Ahya","OG_288",0,1,1
"Ahyacinthus07391-RA","Ahyacinthus07391-RA","Ahya","OG_677",0,1,0
"Ahyacinthus07392-RA","Ahyacinthus07392-RA","Ahya","OG_746",0,1,1
"Ahyacinthus07393-RA","Ahyacinthus07393-RA","Ahya","OG_746",0,1,1
"Ahyacinthus07394-RA","Ahyacinthus07394-RA","Ahya","OG_382",0,1,0
"Ahyacinthus07396-RA","Ahyacinthus07396-RA","Ahya","OG_270",1,1,1
"Ahyacinthus07397-RA","Ahyacinthus07397-RA","Ahya","OG_1178",0,1,0
"Ahyacinthus07402-RA","Ahyacinthus07402-RA","Ahya","OG_864",1,1,0
"Ahyacinthus07403-RA","Ahyacinthus07403-RA","Ahya","OG_757",1,1,1
"Ahyacinthus07405-RA","Ahyacinthus07405-RA","Ahya","OG_879",1,1,1
"Ahyacinthus07406-RA","Ahyacinthus07406-RA","Ahya","OG_960",0,1,0
"Ahyacinthus07408-RA","Ahyacinthus07408-RA","Ahya","OG_5142",0,1,0
"Ahyacinthus07409-RA","Ahyacinthus07409-RA","Ahya","OG_5144",0,1,0
"Ahyacinthus07411-RA","Ahyacinthus07411-RA","Ahya","OG_719",1,1,0
"Ahyacinthus07413-RA","Ahyacinthus07413-RA","Ahya","OG_856",0,1,1
"Ahyacinthus07415-RA","Ahyacinthus07415-RA","Ahya","OG_1177",0,1,1
"Ahyacinthus07418-RA","Ahyacinthus07418-RA","Ahya","OG_1103",0,1,1
"Ahyacinthus07423-RA","Ahyacinthus07423-RA","Ahya","OG_367",0,1,1
"Ahyacinthus07425-RA","Ahyacinthus07425-RA","Ahya","OG_367",0,1,1
"Ahyacinthus07428-RA","Ahyacinthus07428-RA","Ahya","OG_12428",0,1,0
"Ahyacinthus07429-RA","Ahyacinthus07429-RA","Ahya","OG_901",0,1,1
"Ahyacinthus07431-RA","Ahyacinthus07431-RA","Ahya","OG_901",0,1,1
"Ahyacinthus07432-RA","Ahyacinthus07432-RA","Ahya","OG_828",0,1,0
"Ahyacinthus07436-RA","Ahyacinthus07436-RA","Ahya","OG_5076",1,1,0
"Ahyacinthus07438-RA","Ahyacinthus07438-RA","Ahya","OG_898",0,1,0
"Ahyacinthus07439-RA","Ahyacinthus07439-RA","Ahya","OG_704",1,1,1
"Ahyacinthus07440-RA","Ahyacinthus07440-RA","Ahya","OG_12366",0,1,0
"Ahyacinthus07443-RA","Ahyacinthus07443-RA","Ahya","OG_9746",0,1,0
"Ahyacinthus07444-RA","Ahyacinthus07444-RA","Ahya","OG_1138",0,1,0
"Ahyacinthus07445-RA","Ahyacinthus07445-RA","Ahya","OG_156",1,1,0
"Ahyacinthus07451-RA","Ahyacinthus07451-RA","Ahya","OG_659",1,1,0
"Ahyacinthus07453-RA","Ahyacinthus07453-RA","Ahya","OG_6359",0,1,0
"Ahyacinthus07454-RA","Ahyacinthus07454-RA","Ahya","OG_9200",0,1,0
"Ahyacinthus07456-RA","Ahyacinthus07456-RA","Ahya","OG_12428",0,1,0
"Ahyacinthus07459-RA","Ahyacinthus07459-RA","Ahya","OG_369",1,1,1
"Ahyacinthus07467-RA","Ahyacinthus07467-RA","Ahya","OG_5113",0,1,0
"Ahyacinthus07470-RA","Ahyacinthus07470-RA","Ahya","OG_894",0,1,1
"Ahyacinthus07472-RA","Ahyacinthus07472-RA","Ahya","OG_1199",0,1,0
"Ahyacinthus07473-RA","Ahyacinthus07473-RA","Ahya","OG_277",0,1,0
"Ahyacinthus07475-RA","Ahyacinthus07475-RA","Ahya","OG_923",0,1,1
"Ahyacinthus07477-RA","Ahyacinthus07477-RA","Ahya","OG_868",1,1,1
"Ahyacinthus07478-RA","Ahyacinthus07478-RA","Ahya","OG_868",1,1,1
"Ahyacinthus07482-RA","Ahyacinthus07482-RA","Ahya","OG_1086",0,1,0
"Ahyacinthus07485-RA","Ahyacinthus07485-RA","Ahya","OG_871",0,1,0
"Ahyacinthus07487-RA","Ahyacinthus07487-RA","Ahya","OG_406",1,1,1
"Ahyacinthus07492-RA","Ahyacinthus07492-RA","Ahya","OG_142",0,1,0
"Ahyacinthus07493-RA","Ahyacinthus07493-RA","Ahya","OG_1041",0,1,1
"Ahyacinthus07494-RA","Ahyacinthus07494-RA","Ahya","OG_1041",0,1,1
"Ahyacinthus07501-RA","Ahyacinthus07501-RA","Ahya","OG_369",1,1,1
"Ahyacinthus07503-RA","Ahyacinthus07503-RA","Ahya","OG_5108",0,1,1
"Ahyacinthus07504-RA","Ahyacinthus07504-RA","Ahya","OG_1001",0,1,0
"Ahyacinthus07505-RA","Ahyacinthus07505-RA","Ahya","OG_744",0,1,1
"Ahyacinthus07510-RA","Ahyacinthus07510-RA","Ahya","OG_386",0,1,1
"Ahyacinthus07511-RA","Ahyacinthus07511-RA","Ahya","OG_533",0,1,0
"Ahyacinthus07513-RA","Ahyacinthus07513-RA","Ahya","OG_470",1,1,1
"Ahyacinthus07519-RA","Ahyacinthus07519-RA","Ahya","OG_315",1,1,0
"Ahyacinthus07521-RA","Ahyacinthus07521-RA","Ahya","OG_702",0,1,1
"Ahyacinthus07523-RA","Ahyacinthus07523-RA","Ahya","OG_353",0,1,0
"Ahyacinthus07524-RA","Ahyacinthus07524-RA","Ahya","OG_924",0,1,0
"Ahyacinthus07527-RA","Ahyacinthus07527-RA","Ahya","OG_541",1,1,1
"Ahyacinthus07528-RA","Ahyacinthus07528-RA","Ahya","OG_541",1,1,1
"Ahyacinthus07529-RA","Ahyacinthus07529-RA","Ahya","OG_369",1,1,1
"Ahyacinthus07530-RA","Ahyacinthus07530-RA","Ahya","OG_914",0,1,1
"Ahyacinthus07531-RA","Ahyacinthus07531-RA","Ahya","OG_858",0,1,0
"Ahyacinthus07532-RA","Ahyacinthus07532-RA","Ahya","OG_858",0,1,0
"Ahyacinthus07536-RA","Ahyacinthus07536-RA","Ahya","OG_406",1,1,1
"Ahyacinthus07537-RA","Ahyacinthus07537-RA","Ahya","OG_1079",0,1,1
"Ahyacinthus07539-RA","Ahyacinthus07539-RA","Ahya","OG_737",1,1,0
"Ahyacinthus07540-RA","Ahyacinthus07540-RA","Ahya","OG_1538",0,1,0
"Ahyacinthus07543-RA","Ahyacinthus07543-RA","Ahya","OG_901",0,1,1
"Ahyacinthus07545-RA","Ahyacinthus07545-RA","Ahya","OG_385",0,1,0
"Ahyacinthus07553-RA","Ahyacinthus07553-RA","Ahya","OG_3697",0,1,0
"Ahyacinthus07555-RA","Ahyacinthus07555-RA","Ahya","OG_5133",0,1,0
"Ahyacinthus07559-RA","Ahyacinthus07559-RA","Ahya","OG_1186",0,1,0
"Ahyacinthus07560-RA","Ahyacinthus07560-RA","Ahya","OG_549",0,1,0
"Ahyacinthus07562-RA","Ahyacinthus07562-RA","Ahya","OG_9384",0,1,0
"Ahyacinthus07564-RA","Ahyacinthus07564-RA","Ahya","OG_257",1,1,1
"Ahyacinthus07565-RA","Ahyacinthus07565-RA","Ahya","OG_6360",0,1,0
"Ahyacinthus07566-RA","Ahyacinthus07566-RA","Ahya","OG_170",1,1,1
"Ahyacinthus07568-RA","Ahyacinthus07568-RA","Ahya","OG_712",1,1,0
"Ahyacinthus07572-RA","Ahyacinthus07572-RA","Ahya","OG_867",0,1,1
"Ahyacinthus07573-RA","Ahyacinthus07573-RA","Ahya","OG_921",1,1,1
"Ahyacinthus07574-RA","Ahyacinthus07574-RA","Ahya","OG_732",1,1,0
"Ahyacinthus07576-RA","Ahyacinthus07576-RA","Ahya","OG_960",0,1,0
"Ahyacinthus07578-RA","Ahyacinthus07578-RA","Ahya","OG_1218",0,1,0
"Ahyacinthus07579-RA","Ahyacinthus07579-RA","Ahya","OG_726",0,1,1
"Ahyacinthus07580-RA","Ahyacinthus07580-RA","Ahya","OG_369",1,1,1
"Ahyacinthus07585-RA","Ahyacinthus07585-RA","Ahya","OG_382",0,1,0
"Ahyacinthus07588-RA","Ahyacinthus07588-RA","Ahya","OG_3699",0,1,0
"Ahyacinthus07590-RA","Ahyacinthus07590-RA","Ahya","OG_5078",0,1,0
"Ahyacinthus07591-RA","Ahyacinthus07591-RA","Ahya","OG_1538",0,1,0
"Ahyacinthus07595-RA","Ahyacinthus07595-RA","Ahya","OG_198",0,1,1
"Ahyacinthus07596-RA","Ahyacinthus07596-RA","Ahya","OG_299",0,1,0
"Ahyacinthus07597-RA","Ahyacinthus07597-RA","Ahya","OG_715",0,1,1
"Ahyacinthus07598-RA","Ahyacinthus07598-RA","Ahya","OG_406",1,1,1
"Ahyacinthus07599-RA","Ahyacinthus07599-RA","Ahya","OG_406",1,1,1
"Ahyacinthus07601-RA","Ahyacinthus07601-RA","Ahya","OG_235",0,1,0
"Ahyacinthus07602-RA","Ahyacinthus07602-RA","Ahya","OG_659",1,1,0
"Ahyacinthus07608-RA","Ahyacinthus07608-RA","Ahya","OG_5099",0,1,0
"Ahyacinthus07609-RA","Ahyacinthus07609-RA","Ahya","OG_867",0,1,1
"Ahyacinthus07610-RA","Ahyacinthus07610-RA","Ahya","OG_611",0,1,1
"Ahyacinthus07611-RA","Ahyacinthus07611-RA","Ahya","OG_5111",0,1,0
"Ahyacinthus07612-RA","Ahyacinthus07612-RA","Ahya","OG_937",0,1,0
"Ahyacinthus07614-RA","Ahyacinthus07614-RA","Ahya","OG_165",1,1,1
"Ahyacinthus07615-RA","Ahyacinthus07615-RA","Ahya","OG_7310",1,1,0
"Ahyacinthus07618-RA","Ahyacinthus07618-RA","Ahya","OG_859",0,1,1
"Ahyacinthus07622-RA","Ahyacinthus07622-RA","Ahya","OG_1344",0,1,1
"Ahyacinthus07632-RA","Ahyacinthus07632-RA","Ahya","OG_3700",1,1,1
"Ahyacinthus07634-RA","Ahyacinthus07634-RA","Ahya","OG_5154",0,1,0
"Ahyacinthus07635-RA","Ahyacinthus07635-RA","Ahya","OG_206",0,1,0
"Ahyacinthus07639-RA","Ahyacinthus07639-RA","Ahya","OG_3701",0,1,0
"Ahyacinthus07641-RA","Ahyacinthus07641-RA","Ahya","OG_369",1,1,1
"Ahyacinthus07642-RA","Ahyacinthus07642-RA","Ahya","OG_369",1,1,1
"Ahyacinthus07647-RA","Ahyacinthus07647-RA","Ahya","OG_869",0,1,0
"Ahyacinthus07649-RA","Ahyacinthus07649-RA","Ahya","OG_170",1,1,1
"Ahyacinthus07650-RA","Ahyacinthus07650-RA","Ahya","OG_415",0,1,0
"Ahyacinthus07656-RA","Ahyacinthus07656-RA","Ahya","OG_7378",0,1,0
"Ahyacinthus07662-RA","Ahyacinthus07662-RA","Ahya","OG_7343",1,1,0
"Ahyacinthus07663-RA","Ahyacinthus07663-RA","Ahya","OG_3703",0,1,0
"Ahyacinthus07664-RA","Ahyacinthus07664-RA","Ahya","OG_3702",0,1,0
"Ahyacinthus07675-RA","Ahyacinthus07675-RA","Ahya","OG_332",0,1,1
"Ahyacinthus07676-RA","Ahyacinthus07676-RA","Ahya","OG_1120",1,1,0
"Ahyacinthus07683-RA","Ahyacinthus07683-RA","Ahya","OG_905",1,1,1
"Ahyacinthus07684-RA","Ahyacinthus07684-RA","Ahya","OG_905",1,1,1
"Ahyacinthus07689-RA","Ahyacinthus07689-RA","Ahya","OG_846",0,1,0
"Ahyacinthus07691-RA","Ahyacinthus07691-RA","Ahya","OG_6333",0,1,0
"Ahyacinthus07699-RA","Ahyacinthus07699-RA","Ahya","OG_770",1,1,0
"Ahyacinthus07709-RA","Ahyacinthus07709-RA","Ahya","OG_597",0,1,0
"Ahyacinthus07711-RA","Ahyacinthus07711-RA","Ahya","OG_5095",0,1,0
"Ahyacinthus07712-RA","Ahyacinthus07712-RA","Ahya","OG_406",1,1,1
"Ahyacinthus07716-RA","Ahyacinthus07716-RA","Ahya","OG_3705",0,1,0
"Ahyacinthus07717-RA","Ahyacinthus07717-RA","Ahya","OG_5095",0,1,0
"Ahyacinthus07722-RA","Ahyacinthus07722-RA","Ahya","OG_7313",0,1,0
"Ahyacinthus07725-RA","Ahyacinthus07725-RA","Ahya","OG_3706",0,1,0
"Ahyacinthus07726-RA","Ahyacinthus07726-RA","Ahya","OG_3708",0,1,1
"Ahyacinthus07727-RA","Ahyacinthus07727-RA","Ahya","OG_3708",0,1,1
"Ahyacinthus07730-RA","Ahyacinthus07730-RA","Ahya","OG_3709",0,1,0
"Ahyacinthus07733-RA","Ahyacinthus07733-RA","Ahya","OG_3713",0,1,0
"Ahyacinthus07739-RA","Ahyacinthus07739-RA","Ahya","OG_3714",0,1,1
"Ahyacinthus07753-RA","Ahyacinthus07753-RA","Ahya","OG_819",1,1,0
"Ahyacinthus07767-RA","Ahyacinthus07767-RA","Ahya","OG_3716",0,1,0
"Ahyacinthus07771-RA","Ahyacinthus07771-RA","Ahya","OG_7173",0,1,0
"Ahyacinthus07772-RA","Ahyacinthus07772-RA","Ahya","OG_7342",1,1,0
"Ahyacinthus07773-RA","Ahyacinthus07773-RA","Ahya","OG_6470",1,1,0
"Ahyacinthus07775-RA","Ahyacinthus07775-RA","Ahya","OG_3717",1,1,0
"Ahyacinthus07780-RA","Ahyacinthus07780-RA","Ahya","OG_3718",0,1,0
"Ahyacinthus07792-RA","Ahyacinthus07792-RA","Ahya","OG_909",0,1,1
"Ahyacinthus07799-RA","Ahyacinthus07799-RA","Ahya","OG_5125",1,1,1
"Ahyacinthus07800-RA","Ahyacinthus07800-RA","Ahya","OG_876",0,1,1
"Ahyacinthus07801-RA","Ahyacinthus07801-RA","Ahya","OG_238",0,1,1
"Ahyacinthus07802-RA","Ahyacinthus07802-RA","Ahya","OG_443",0,1,1
"Ahyacinthus07803-RA","Ahyacinthus07803-RA","Ahya","OG_825",0,1,1
"Ahyacinthus07808-RA","Ahyacinthus07808-RA","Ahya","OG_7193",0,1,0
"Ahyacinthus07811-RA","Ahyacinthus07811-RA","Ahya","OG_7194",1,1,0
"Ahyacinthus07815-RA","Ahyacinthus07815-RA","Ahya","OG_7236",1,1,0
"Ahyacinthus07817-RA","Ahyacinthus07817-RA","Ahya","OG_7235",1,1,0
"Ahyacinthus07818-RA","Ahyacinthus07818-RA","Ahya","OG_3720",0,1,0
"Ahyacinthus07820-RA","Ahyacinthus07820-RA","Ahya","OG_7283",0,1,0
"Ahyacinthus07821-RA","Ahyacinthus07821-RA","Ahya","OG_10967",0,1,0
"Ahyacinthus07823-RA","Ahyacinthus07823-RA","Ahya","OG_406",1,1,1
"Ahyacinthus07824-RA","Ahyacinthus07824-RA","Ahya","OG_3721",0,1,1
"Ahyacinthus07828-RA","Ahyacinthus07828-RA","Ahya","OG_257",1,1,1
"Ahyacinthus07834-RA","Ahyacinthus07834-RA","Ahya","OG_737",1,1,0
"Ahyacinthus07836-RA","Ahyacinthus07836-RA","Ahya","OG_7351",0,1,0
"Ahyacinthus07842-RA","Ahyacinthus07842-RA","Ahya","OG_1393",1,1,1
"Ahyacinthus07848-RA","Ahyacinthus07848-RA","Ahya","OG_7204",0,1,0
"Ahyacinthus07849-RA","Ahyacinthus07849-RA","Ahya","OG_7203",0,1,0
"Ahyacinthus07851-RA","Ahyacinthus07851-RA","Ahya","OG_847",1,1,0
"Ahyacinthus07852-RA","Ahyacinthus07852-RA","Ahya","OG_5193",1,1,0
"Ahyacinthus07853-RA","Ahyacinthus07853-RA","Ahya","OG_7167",0,1,0
"Ahyacinthus07855-RA","Ahyacinthus07855-RA","Ahya","OG_262",0,1,1
"Ahyacinthus07860-RA","Ahyacinthus07860-RA","Ahya","OG_761",1,1,0
"Ahyacinthus07865-RA","Ahyacinthus07865-RA","Ahya","OG_3723",0,1,0
"Ahyacinthus07866-RA","Ahyacinthus07866-RA","Ahya","OG_3723",0,1,0
"Ahyacinthus07867-RA","Ahyacinthus07867-RA","Ahya","OG_1051",1,1,1
"Ahyacinthus07869-RA","Ahyacinthus07869-RA","Ahya","OG_7146",1,1,0
"Ahyacinthus07870-RA","Ahyacinthus07870-RA","Ahya","OG_1118",0,1,0
"Ahyacinthus07886-RA","Ahyacinthus07886-RA","Ahya","OG_414",0,1,0
"Ahyacinthus07888-RA","Ahyacinthus07888-RA","Ahya","OG_414",0,1,0
"Ahyacinthus07889-RA","Ahyacinthus07889-RA","Ahya","OG_705",0,1,0
"Ahyacinthus07892-RA","Ahyacinthus07892-RA","Ahya","OG_414",0,1,0
"Ahyacinthus07900-RA","Ahyacinthus07900-RA","Ahya","OG_7145",0,1,1
"Ahyacinthus07902-RA","Ahyacinthus07902-RA","Ahya","OG_1168",0,1,0
"Ahyacinthus07904-RA","Ahyacinthus07904-RA","Ahya","OG_6434",1,1,0
"Ahyacinthus07906-RA","Ahyacinthus07906-RA","Ahya","OG_3724",1,1,0
"Ahyacinthus07908-RA","Ahyacinthus07908-RA","Ahya","OG_291",1,1,0
"Ahyacinthus07909-RA","Ahyacinthus07909-RA","Ahya","OG_8169",0,1,0
"Ahyacinthus07917-RA","Ahyacinthus07917-RA","Ahya","OG_7162",0,1,0
"Ahyacinthus07918-RA","Ahyacinthus07918-RA","Ahya","OG_7152",1,1,0
"Ahyacinthus07933-RA","Ahyacinthus07933-RA","Ahya","OG_3728",0,1,0
"Ahyacinthus07936-RA","Ahyacinthus07936-RA","Ahya","OG_6444",0,1,0
"Ahyacinthus07939-RA","Ahyacinthus07939-RA","Ahya","OG_6677",1,1,0
"Ahyacinthus07940-RA","Ahyacinthus07940-RA","Ahya","OG_6677",1,1,0
"Ahyacinthus07948-RA","Ahyacinthus07948-RA","Ahya","OG_7352",0,1,0
"Ahyacinthus07966-RA","Ahyacinthus07966-RA","Ahya","OG_6246",0,1,0
"Ahyacinthus07967-RA","Ahyacinthus07967-RA","Ahya","OG_386",0,1,1
"Ahyacinthus07971-RA","Ahyacinthus07971-RA","Ahya","OG_7261",0,1,0
"Ahyacinthus07979-RA","Ahyacinthus07979-RA","Ahya","OG_7263",1,1,1
"Ahyacinthus07980-RA","Ahyacinthus07980-RA","Ahya","OG_3732",0,1,0
"Ahyacinthus07984-RA","Ahyacinthus07984-RA","Ahya","OG_3733",0,1,0
"Ahyacinthus07985-RA","Ahyacinthus07985-RA","Ahya","OG_7199",0,1,0
"Ahyacinthus07986-RA","Ahyacinthus07986-RA","Ahya","OG_819",1,1,0
"Ahyacinthus07990-RA","Ahyacinthus07990-RA","Ahya","OG_6527",0,1,0
"Ahyacinthus07991-RA","Ahyacinthus07991-RA","Ahya","OG_3734",1,1,0
"Ahyacinthus07993-RA","Ahyacinthus07993-RA","Ahya","OG_7256",0,1,0
"Ahyacinthus07996-RA","Ahyacinthus07996-RA","Ahya","OG_1096",0,1,0
"Ahyacinthus07997-RA","Ahyacinthus07997-RA","Ahya","OG_1096",0,1,0
"Ahyacinthus08000-RA","Ahyacinthus08000-RA","Ahya","OG_786",0,1,0
"Ahyacinthus08001-RA","Ahyacinthus08001-RA","Ahya","OG_786",0,1,0
"Ahyacinthus08003-RA","Ahyacinthus08003-RA","Ahya","OG_925",0,1,0
"Ahyacinthus08008-RA","Ahyacinthus08008-RA","Ahya","OG_810",0,1,0
"Ahyacinthus08009-RA","Ahyacinthus08009-RA","Ahya","OG_503",0,1,0
"Ahyacinthus08011-RA","Ahyacinthus08011-RA","Ahya","OG_503",0,1,0
"Ahyacinthus08012-RA","Ahyacinthus08012-RA","Ahya","OG_382",0,1,0
"Ahyacinthus08013-RA","Ahyacinthus08013-RA","Ahya","OG_925",0,1,0
"Ahyacinthus08022-RA","Ahyacinthus08022-RA","Ahya","OG_1053",0,1,0
"Ahyacinthus08023-RA","Ahyacinthus08023-RA","Ahya","OG_7267",0,1,0
"Ahyacinthus08025-RA","Ahyacinthus08025-RA","Ahya","OG_7268",1,1,1
"Ahyacinthus08027-RA","Ahyacinthus08027-RA","Ahya","OG_7159",0,1,0
"Ahyacinthus08033-RA","Ahyacinthus08033-RA","Ahya","OG_37",0,1,0
"Ahyacinthus08036-RA","Ahyacinthus08036-RA","Ahya","OG_7172",0,1,0
"Ahyacinthus08037-RA","Ahyacinthus08037-RA","Ahya","OG_3741",0,1,0
"Ahyacinthus08040-RA","Ahyacinthus08040-RA","Ahya","OG_7237",1,1,0
"Ahyacinthus08041-RA","Ahyacinthus08041-RA","Ahya","OG_7166",0,1,0
"Ahyacinthus08042-RA","Ahyacinthus08042-RA","Ahya","OG_7255",0,1,0
"Ahyacinthus08043-RA","Ahyacinthus08043-RA","Ahya","OG_7336",0,1,0
"Ahyacinthus08048-RA","Ahyacinthus08048-RA","Ahya","OG_7335",0,1,0
"Ahyacinthus08056-RA","Ahyacinthus08056-RA","Ahya","OG_926",0,1,1
"Ahyacinthus08061-RA","Ahyacinthus08061-RA","Ahya","OG_6445",0,1,0
"Ahyacinthus08062-RA","Ahyacinthus08062-RA","Ahya","OG_5439",0,1,0
"Ahyacinthus08063-RA","Ahyacinthus08063-RA","Ahya","OG_7361",0,1,1
"Ahyacinthus08064-RA","Ahyacinthus08064-RA","Ahya","OG_7360",0,1,0
"Ahyacinthus08065-RA","Ahyacinthus08065-RA","Ahya","OG_7363",0,1,0
"Ahyacinthus08069-RA","Ahyacinthus08069-RA","Ahya","OG_926",0,1,1
"Ahyacinthus08071-RA","Ahyacinthus08071-RA","Ahya","OG_3747",0,1,0
"Ahyacinthus08073-RA","Ahyacinthus08073-RA","Ahya","OG_7219",0,1,0
"Ahyacinthus08074-RA","Ahyacinthus08074-RA","Ahya","OG_3748",0,1,0
"Ahyacinthus08075-RA","Ahyacinthus08075-RA","Ahya","OG_3745",0,1,0
"Ahyacinthus08078-RA","Ahyacinthus08078-RA","Ahya","OG_7253",0,1,0
"Ahyacinthus08079-RA","Ahyacinthus08079-RA","Ahya","OG_3746",0,1,0
"Ahyacinthus08088-RA","Ahyacinthus08088-RA","Ahya","OG_12727",1,1,0
"Ahyacinthus08090-RA","Ahyacinthus08090-RA","Ahya","OG_7327",1,1,0
"Ahyacinthus08093-RA","Ahyacinthus08093-RA","Ahya","OG_7329",0,1,0
"Ahyacinthus08096-RA","Ahyacinthus08096-RA","Ahya","OG_174",1,1,0
"Ahyacinthus08097-RA","Ahyacinthus08097-RA","Ahya","OG_6463",0,1,0
"Ahyacinthus08101-RA","Ahyacinthus08101-RA","Ahya","OG_3750",0,1,0
"Ahyacinthus08102-RA","Ahyacinthus08102-RA","Ahya","OG_7208",0,1,0
"Ahyacinthus08113-RA","Ahyacinthus08113-RA","Ahya","OG_205",0,1,0
"Ahyacinthus08114-RA","Ahyacinthus08114-RA","Ahya","OG_205",0,1,0
"Ahyacinthus08115-RA","Ahyacinthus08115-RA","Ahya","OG_3751",0,1,0
"Ahyacinthus08116-RA","Ahyacinthus08116-RA","Ahya","OG_7240",0,1,0
"Ahyacinthus08117-RA","Ahyacinthus08117-RA","Ahya","OG_3752",0,1,0
"Ahyacinthus08120-RA","Ahyacinthus08120-RA","Ahya","OG_3752",0,1,0
"Ahyacinthus08121-RA","Ahyacinthus08121-RA","Ahya","OG_3753",1,1,0
"Ahyacinthus08131-RA","Ahyacinthus08131-RA","Ahya","OG_979",0,1,0
"Ahyacinthus08134-RA","Ahyacinthus08134-RA","Ahya","OG_979",0,1,0
"Ahyacinthus08135-RA","Ahyacinthus08135-RA","Ahya","OG_979",0,1,0
"Ahyacinthus08136-RA","Ahyacinthus08136-RA","Ahya","OG_979",0,1,0
"Ahyacinthus08138-RA","Ahyacinthus08138-RA","Ahya","OG_979",0,1,0
"Ahyacinthus08139-RA","Ahyacinthus08139-RA","Ahya","OG_849",0,1,0
"Ahyacinthus08141-RA","Ahyacinthus08141-RA","Ahya","OG_5125",1,1,1
"Ahyacinthus08142-RA","Ahyacinthus08142-RA","Ahya","OG_7384",1,1,0
"Ahyacinthus08144-RA","Ahyacinthus08144-RA","Ahya","OG_158",0,1,0
"Ahyacinthus08145-RA","Ahyacinthus08145-RA","Ahya","OG_156",1,1,0
"Ahyacinthus08148-RA","Ahyacinthus08148-RA","Ahya","OG_3754",0,1,1
"Ahyacinthus08149-RA","Ahyacinthus08149-RA","Ahya","OG_3756",0,1,0
"Ahyacinthus08150-RA","Ahyacinthus08150-RA","Ahya","OG_6005",0,1,0
"Ahyacinthus08160-RA","Ahyacinthus08160-RA","Ahya","OG_3759",0,1,0
"Ahyacinthus08162-RA","Ahyacinthus08162-RA","Ahya","OG_6406",0,1,0
"Ahyacinthus08163-RA","Ahyacinthus08163-RA","Ahya","OG_3760",0,1,0
"Ahyacinthus08165-RA","Ahyacinthus08165-RA","Ahya","OG_5446",0,1,0
"Ahyacinthus08166-RA","Ahyacinthus08166-RA","Ahya","OG_7181",1,1,0
"Ahyacinthus08171-RA","Ahyacinthus08171-RA","Ahya","OG_6439",1,1,0
"Ahyacinthus08172-RA","Ahyacinthus08172-RA","Ahya","OG_7176",0,1,0
"Ahyacinthus08173-RA","Ahyacinthus08173-RA","Ahya","OG_3764",1,1,0
"Ahyacinthus08175-RA","Ahyacinthus08175-RA","Ahya","OG_7243",0,1,0
"Ahyacinthus08180-RA","Ahyacinthus08180-RA","Ahya","OG_7321",0,1,0
"Ahyacinthus08182-RA","Ahyacinthus08182-RA","Ahya","OG_3768",1,1,0
"Ahyacinthus08186-RA","Ahyacinthus08186-RA","Ahya","OG_3767",0,1,0
"Ahyacinthus08190-RA","Ahyacinthus08190-RA","Ahya","OG_5422",0,1,0
"Ahyacinthus08194-RA","Ahyacinthus08194-RA","Ahya","OG_12710",1,1,0
"Ahyacinthus08200-RA","Ahyacinthus08200-RA","Ahya","OG_12541",0,1,0
"Ahyacinthus08201-RA","Ahyacinthus08201-RA","Ahya","OG_12540",0,1,0
"Ahyacinthus08203-RA","Ahyacinthus08203-RA","Ahya","OG_3769",0,1,0
"Ahyacinthus08208-RA","Ahyacinthus08208-RA","Ahya","OG_5029",1,1,0
"Ahyacinthus08214-RA","Ahyacinthus08214-RA","Ahya","OG_3770",1,1,0
"Ahyacinthus08215-RA","Ahyacinthus08215-RA","Ahya","OG_7269",0,1,0
"Ahyacinthus08216-RA","Ahyacinthus08216-RA","Ahya","OG_6007",0,1,0
"Ahyacinthus08221-RA","Ahyacinthus08221-RA","Ahya","OG_7353",0,1,1
"Ahyacinthus08222-RA","Ahyacinthus08222-RA","Ahya","OG_12715",0,1,0
"Ahyacinthus08223-RA","Ahyacinthus08223-RA","Ahya","OG_7354",1,1,1
"Ahyacinthus08224-RA","Ahyacinthus08224-RA","Ahya","OG_9099",0,1,0
"Ahyacinthus08225-RA","Ahyacinthus08225-RA","Ahya","OG_10864",1,1,0
"Ahyacinthus08230-RA","Ahyacinthus08230-RA","Ahya","OG_3773",0,1,0
"Ahyacinthus08231-RA","Ahyacinthus08231-RA","Ahya","OG_7189",0,1,0
"Ahyacinthus08235-RA","Ahyacinthus08235-RA","Ahya","OG_3777",0,1,1
"Ahyacinthus08239-RA","Ahyacinthus08239-RA","Ahya","OG_3778",0,1,0
"Ahyacinthus08246-RA","Ahyacinthus08246-RA","Ahya","OG_7274",0,1,0
"Ahyacinthus08247-RA","Ahyacinthus08247-RA","Ahya","OG_7179",0,1,0
"Ahyacinthus08256-RA","Ahyacinthus08256-RA","Ahya","OG_6008",0,1,0
"Ahyacinthus08258-RA","Ahyacinthus08258-RA","Ahya","OG_875",0,1,0
"Ahyacinthus08259-RA","Ahyacinthus08259-RA","Ahya","OG_175",0,1,0
"Ahyacinthus08268-RA","Ahyacinthus08268-RA","Ahya","OG_7212",0,1,0
"Ahyacinthus08273-RA","Ahyacinthus08273-RA","Ahya","OG_7210",0,1,0
"Ahyacinthus08275-RA","Ahyacinthus08275-RA","Ahya","OG_1254",0,1,0
"Ahyacinthus08277-RA","Ahyacinthus08277-RA","Ahya","OG_3787",1,1,0
"Ahyacinthus08281-RA","Ahyacinthus08281-RA","Ahya","OG_7272",0,1,0
"Ahyacinthus08286-RA","Ahyacinthus08286-RA","Ahya","OG_7319",1,1,0
"Ahyacinthus08293-RA","Ahyacinthus08293-RA","Ahya","OG_849",0,1,0
"Ahyacinthus08296-RA","Ahyacinthus08296-RA","Ahya","OG_1198",1,1,0
"Ahyacinthus08297-RA","Ahyacinthus08297-RA","Ahya","OG_3790",0,1,0
"Ahyacinthus08298-RA","Ahyacinthus08298-RA","Ahya","OG_7266",1,1,0
"Ahyacinthus08302-RA","Ahyacinthus08302-RA","Ahya","OG_7266",1,1,0
"Ahyacinthus08304-RA","Ahyacinthus08304-RA","Ahya","OG_978",1,1,1
"Ahyacinthus08305-RA","Ahyacinthus08305-RA","Ahya","OG_3794",1,1,0
"Ahyacinthus08307-RA","Ahyacinthus08307-RA","Ahya","OG_3795",1,1,1
"Ahyacinthus08308-RA","Ahyacinthus08308-RA","Ahya","OG_3796",1,1,1
"Ahyacinthus08310-RA","Ahyacinthus08310-RA","Ahya","OG_7365",1,1,0
"Ahyacinthus08311-RA","Ahyacinthus08311-RA","Ahya","OG_3797",0,1,0
"Ahyacinthus08314-RA","Ahyacinthus08314-RA","Ahya","OG_7367",0,1,0
"Ahyacinthus08316-RA","Ahyacinthus08316-RA","Ahya","OG_3798",1,1,0
"Ahyacinthus08317-RA","Ahyacinthus08317-RA","Ahya","OG_7326",1,1,0
"Ahyacinthus08319-RA","Ahyacinthus08319-RA","Ahya","OG_7325",1,1,0
"Ahyacinthus08320-RA","Ahyacinthus08320-RA","Ahya","OG_11",0,1,0
"Ahyacinthus08321-RA","Ahyacinthus08321-RA","Ahya","OG_1247",1,1,1
"Ahyacinthus08324-RA","Ahyacinthus08324-RA","Ahya","OG_3800",0,1,0
"Ahyacinthus08328-RA","Ahyacinthus08328-RA","Ahya","OG_6453",0,1,0
"Ahyacinthus08335-RA","Ahyacinthus08335-RA","Ahya","OG_6675",0,1,0
"Ahyacinthus08336-RA","Ahyacinthus08336-RA","Ahya","OG_3803",1,1,1
"Ahyacinthus08337-RA","Ahyacinthus08337-RA","Ahya","OG_12711",0,1,0
"Ahyacinthus08338-RA","Ahyacinthus08338-RA","Ahya","OG_6474",1,1,0
"Ahyacinthus08339-RA","Ahyacinthus08339-RA","Ahya","OG_7376",0,1,0
"Ahyacinthus08340-RA","Ahyacinthus08340-RA","Ahya","OG_7375",1,1,0
"Ahyacinthus08342-RA","Ahyacinthus08342-RA","Ahya","OG_7316",1,1,0
"Ahyacinthus08343-RA","Ahyacinthus08343-RA","Ahya","OG_7227",0,1,1
"Ahyacinthus08344-RA","Ahyacinthus08344-RA","Ahya","OG_3806",0,1,0
"Ahyacinthus08345-RA","Ahyacinthus08345-RA","Ahya","OG_3805",0,1,0
"Ahyacinthus08347-RA","Ahyacinthus08347-RA","Ahya","OG_7174",1,1,0
"Ahyacinthus08348-RA","Ahyacinthus08348-RA","Ahya","OG_12547",0,1,0
"Ahyacinthus08351-RA","Ahyacinthus08351-RA","Ahya","OG_7223",0,1,0
"Ahyacinthus08363-RA","Ahyacinthus08363-RA","Ahya","OG_7175",0,1,0
"Ahyacinthus08369-RA","Ahyacinthus08369-RA","Ahya","OG_3808",0,1,0
"Ahyacinthus08409-RA","Ahyacinthus08409-RA","Ahya","OG_7180",0,1,0
"Ahyacinthus08417-RA","Ahyacinthus08417-RA","Ahya","OG_7280",1,1,1
"Ahyacinthus08419-RA","Ahyacinthus08419-RA","Ahya","OG_623",0,1,1
"Ahyacinthus08424-RA","Ahyacinthus08424-RA","Ahya","OG_782",0,1,0
"Ahyacinthus08425-RA","Ahyacinthus08425-RA","Ahya","OG_782",0,1,0
"Ahyacinthus08427-RA","Ahyacinthus08427-RA","Ahya","OG_782",0,1,0
"Ahyacinthus08428-RA","Ahyacinthus08428-RA","Ahya","OG_7245",0,1,0
"Ahyacinthus08436-RA","Ahyacinthus08436-RA","Ahya","OG_1067",1,1,1
"Ahyacinthus08437-RA","Ahyacinthus08437-RA","Ahya","OG_1067",1,1,1
"Ahyacinthus08439-RA","Ahyacinthus08439-RA","Ahya","OG_3817",0,1,0
"Ahyacinthus08459-RA","Ahyacinthus08459-RA","Ahya","OG_179",0,1,0
"Ahyacinthus08460-RA","Ahyacinthus08460-RA","Ahya","OG_6447",0,1,0
"Ahyacinthus08461-RA","Ahyacinthus08461-RA","Ahya","OG_3818",0,1,0
"Ahyacinthus08462-RA","Ahyacinthus08462-RA","Ahya","OG_7183",0,1,0
"Ahyacinthus08472-RA","Ahyacinthus08472-RA","Ahya","OG_3821",0,1,0
"Ahyacinthus08473-RA","Ahyacinthus08473-RA","Ahya","OG_7373",0,1,0
"Ahyacinthus08474-RA","Ahyacinthus08474-RA","Ahya","OG_3823",0,1,0
"Ahyacinthus08478-RA","Ahyacinthus08478-RA","Ahya","OG_3824",0,1,0
"Ahyacinthus08481-RA","Ahyacinthus08481-RA","Ahya","OG_7185",1,1,0
"Ahyacinthus08483-RA","Ahyacinthus08483-RA","Ahya","OG_3827",0,1,0
"Ahyacinthus08494-RA","Ahyacinthus08494-RA","Ahya","OG_3830",1,1,0
"Ahyacinthus08516-RA","Ahyacinthus08516-RA","Ahya","OG_7206",0,1,0
"Ahyacinthus08517-RA","Ahyacinthus08517-RA","Ahya","OG_7164",0,1,0
"Ahyacinthus08518-RA","Ahyacinthus08518-RA","Ahya","OG_12495",0,1,0
"Ahyacinthus08521-RA","Ahyacinthus08521-RA","Ahya","OG_3833",0,1,0
"Ahyacinthus08523-RA","Ahyacinthus08523-RA","Ahya","OG_7192",0,1,0
"Ahyacinthus08525-RA","Ahyacinthus08525-RA","Ahya","OG_8577",0,1,0
"Ahyacinthus08526-RA","Ahyacinthus08526-RA","Ahya","OG_7170",0,1,0
"Ahyacinthus08531-RA","Ahyacinthus08531-RA","Ahya","OG_7217",0,1,0
"Ahyacinthus08533-RA","Ahyacinthus08533-RA","Ahya","OG_12718",1,1,0
"Ahyacinthus08534-RA","Ahyacinthus08534-RA","Ahya","OG_802",1,1,0
"Ahyacinthus08535-RA","Ahyacinthus08535-RA","Ahya","OG_481",0,1,0
"Ahyacinthus08537-RA","Ahyacinthus08537-RA","Ahya","OG_1021",1,1,0
"Ahyacinthus08541-RA","Ahyacinthus08541-RA","Ahya","OG_7157",0,1,0
"Ahyacinthus08543-RA","Ahyacinthus08543-RA","Ahya","OG_7331",0,1,0
"Ahyacinthus08545-RA","Ahyacinthus08545-RA","Ahya","OG_6218",0,1,1
"Ahyacinthus08548-RA","Ahyacinthus08548-RA","Ahya","OG_180",0,1,0
"Ahyacinthus08550-RA","Ahyacinthus08550-RA","Ahya","OG_7230",0,1,0
"Ahyacinthus08553-RA","Ahyacinthus08553-RA","Ahya","OG_7345",0,1,0
"Ahyacinthus08554-RA","Ahyacinthus08554-RA","Ahya","OG_406",1,1,1
"Ahyacinthus08564-RA","Ahyacinthus08564-RA","Ahya","OG_1179",0,1,0
"Ahyacinthus08565-RA","Ahyacinthus08565-RA","Ahya","OG_1041",0,1,1
"Ahyacinthus08567-RA","Ahyacinthus08567-RA","Ahya","OG_124",0,1,0
"Ahyacinthus08568-RA","Ahyacinthus08568-RA","Ahya","OG_124",0,1,0
"Ahyacinthus08570-RA","Ahyacinthus08570-RA","Ahya","OG_124",0,1,0
"Ahyacinthus08572-RA","Ahyacinthus08572-RA","Ahya","OG_682",1,1,1
"Ahyacinthus08573-RA","Ahyacinthus08573-RA","Ahya","OG_124",0,1,0
"Ahyacinthus08574-RA","Ahyacinthus08574-RA","Ahya","OG_124",0,1,0
"Ahyacinthus08575-RA","Ahyacinthus08575-RA","Ahya","OG_7344",0,1,0
"Ahyacinthus08577-RA","Ahyacinthus08577-RA","Ahya","OG_7197",1,1,0
"Ahyacinthus08579-RA","Ahyacinthus08579-RA","Ahya","OG_3835",0,1,0
"Ahyacinthus08580-RA","Ahyacinthus08580-RA","Ahya","OG_7198",0,1,0
"Ahyacinthus08581-RA","Ahyacinthus08581-RA","Ahya","OG_7371",1,1,0
"Ahyacinthus08585-RA","Ahyacinthus08585-RA","Ahya","OG_1392",0,1,0
"Ahyacinthus08586-RA","Ahyacinthus08586-RA","Ahya","OG_7370",0,1,0
"Ahyacinthus08590-RA","Ahyacinthus08590-RA","Ahya","OG_653",0,1,1
"Ahyacinthus08591-RA","Ahyacinthus08591-RA","Ahya","OG_720",0,1,1
"Ahyacinthus08600-RA","Ahyacinthus08600-RA","Ahya","OG_5420",0,1,0
"Ahyacinthus08601-RA","Ahyacinthus08601-RA","Ahya","OG_7209",0,1,0
"Ahyacinthus08604-RA","Ahyacinthus08604-RA","Ahya","OG_12402",0,1,0
"Ahyacinthus08606-RA","Ahyacinthus08606-RA","Ahya","OG_6467",0,1,0
"Ahyacinthus08609-RA","Ahyacinthus08609-RA","Ahya","OG_6467",0,1,0
"Ahyacinthus08616-RA","Ahyacinthus08616-RA","Ahya","OG_12550",0,1,0
"Ahyacinthus08617-RA","Ahyacinthus08617-RA","Ahya","OG_176",1,1,1
"Ahyacinthus08618-RA","Ahyacinthus08618-RA","Ahya","OG_176",1,1,1
"Ahyacinthus08622-RA","Ahyacinthus08622-RA","Ahya","OG_4702",0,1,0
"Ahyacinthus08624-RA","Ahyacinthus08624-RA","Ahya","OG_11339",1,1,0
"Ahyacinthus08626-RA","Ahyacinthus08626-RA","Ahya","OG_3353",0,1,0
"Ahyacinthus08630-RA","Ahyacinthus08630-RA","Ahya","OG_11770",0,1,0
"Ahyacinthus08631-RA","Ahyacinthus08631-RA","Ahya","OG_6345",0,1,0
"Ahyacinthus08637-RA","Ahyacinthus08637-RA","Ahya","OG_3356",1,1,1
"Ahyacinthus08638-RA","Ahyacinthus08638-RA","Ahya","OG_6437",1,1,0
"Ahyacinthus08639-RA","Ahyacinthus08639-RA","Ahya","OG_11416",0,1,0
"Ahyacinthus08644-RA","Ahyacinthus08644-RA","Ahya","OG_6511",0,1,0
"Ahyacinthus08646-RA","Ahyacinthus08646-RA","Ahya","OG_5333",1,1,0
"Ahyacinthus08648-RA","Ahyacinthus08648-RA","Ahya","OG_11426",1,1,0
"Ahyacinthus08649-RA","Ahyacinthus08649-RA","Ahya","OG_3360",0,1,0
"Ahyacinthus08651-RA","Ahyacinthus08651-RA","Ahya","OG_11427",0,1,0
"Ahyacinthus08653-RA","Ahyacinthus08653-RA","Ahya","OG_11428",0,1,0
"Ahyacinthus08654-RA","Ahyacinthus08654-RA","Ahya","OG_971",0,1,0
"Ahyacinthus08658-RA","Ahyacinthus08658-RA","Ahya","OG_11571",0,1,0
"Ahyacinthus08659-RA","Ahyacinthus08659-RA","Ahya","OG_11570",0,1,0
"Ahyacinthus08664-RA","Ahyacinthus08664-RA","Ahya","OG_11573",0,1,0
"Ahyacinthus08665-RA","Ahyacinthus08665-RA","Ahya","OG_11572",0,1,1
"Ahyacinthus08675-RA","Ahyacinthus08675-RA","Ahya","OG_11363",1,1,0
"Ahyacinthus08682-RA","Ahyacinthus08682-RA","Ahya","OG_11362",0,1,0
"Ahyacinthus08683-RA","Ahyacinthus08683-RA","Ahya","OG_6175",1,1,0
"Ahyacinthus08685-RA","Ahyacinthus08685-RA","Ahya","OG_11477",0,1,0
"Ahyacinthus08686-RA","Ahyacinthus08686-RA","Ahya","OG_8888",1,1,0
"Ahyacinthus08692-RA","Ahyacinthus08692-RA","Ahya","OG_1350",0,1,0
"Ahyacinthus08695-RA","Ahyacinthus08695-RA","Ahya","OG_11476",0,1,0
"Ahyacinthus08696-RA","Ahyacinthus08696-RA","Ahya","OG_11476",0,1,0
"Ahyacinthus08701-RA","Ahyacinthus08701-RA","Ahya","OG_639",1,1,0
"Ahyacinthus08702-RA","Ahyacinthus08702-RA","Ahya","OG_6754",0,1,0
"Ahyacinthus08704-RA","Ahyacinthus08704-RA","Ahya","OG_655",0,1,1
"Ahyacinthus08705-RA","Ahyacinthus08705-RA","Ahya","OG_11747",0,1,0
"Ahyacinthus08712-RA","Ahyacinthus08712-RA","Ahya","OG_3362",0,1,0
"Ahyacinthus08713-RA","Ahyacinthus08713-RA","Ahya","OG_6321",0,1,0
"Ahyacinthus08750-RA","Ahyacinthus08750-RA","Ahya","OG_434",0,1,1
"Ahyacinthus08752-RA","Ahyacinthus08752-RA","Ahya","OG_12650",0,1,0
"Ahyacinthus08756-RA","Ahyacinthus08756-RA","Ahya","OG_12650",0,1,0
"Ahyacinthus08759-RA","Ahyacinthus08759-RA","Ahya","OG_6440",0,1,1
"Ahyacinthus08764-RA","Ahyacinthus08764-RA","Ahya","OG_3369",0,1,0
"Ahyacinthus08765-RA","Ahyacinthus08765-RA","Ahya","OG_3374",0,1,0
"Ahyacinthus08774-RA","Ahyacinthus08774-RA","Ahya","OG_11357",1,1,0
"Ahyacinthus08781-RA","Ahyacinthus08781-RA","Ahya","OG_3375",1,1,0
"Ahyacinthus08783-RA","Ahyacinthus08783-RA","Ahya","OG_6164",0,1,0
"Ahyacinthus08784-RA","Ahyacinthus08784-RA","Ahya","OG_11442",0,1,0
"Ahyacinthus08786-RA","Ahyacinthus08786-RA","Ahya","OG_11622",0,1,0
"Ahyacinthus08794-RA","Ahyacinthus08794-RA","Ahya","OG_868",1,1,1
"Ahyacinthus08802-RA","Ahyacinthus08802-RA","Ahya","OG_8622",0,1,0
"Ahyacinthus08803-RA","Ahyacinthus08803-RA","Ahya","OG_3379",1,1,0
"Ahyacinthus08807-RA","Ahyacinthus08807-RA","Ahya","OG_178",0,1,0
"Ahyacinthus08809-RA","Ahyacinthus08809-RA","Ahya","OG_178",0,1,0
"Ahyacinthus08810-RA","Ahyacinthus08810-RA","Ahya","OG_961",0,1,0
"Ahyacinthus08812-RA","Ahyacinthus08812-RA","Ahya","OG_11370",1,1,0
"Ahyacinthus08813-RA","Ahyacinthus08813-RA","Ahya","OG_438",1,1,1
"Ahyacinthus08815-RA","Ahyacinthus08815-RA","Ahya","OG_3382",0,1,0
"Ahyacinthus08819-RA","Ahyacinthus08819-RA","Ahya","OG_11505",0,1,0
"Ahyacinthus08820-RA","Ahyacinthus08820-RA","Ahya","OG_6417",0,1,0
"Ahyacinthus08822-RA","Ahyacinthus08822-RA","Ahya","OG_6333",0,1,0
"Ahyacinthus08823-RA","Ahyacinthus08823-RA","Ahya","OG_6426",0,1,1
"Ahyacinthus08826-RA","Ahyacinthus08826-RA","Ahya","OG_3383",1,1,1
"Ahyacinthus08827-RA","Ahyacinthus08827-RA","Ahya","OG_3383",1,1,1
"Ahyacinthus08828-RA","Ahyacinthus08828-RA","Ahya","OG_3384",0,1,1
"Ahyacinthus08833-RA","Ahyacinthus08833-RA","Ahya","OG_11327",1,1,0
"Ahyacinthus08837-RA","Ahyacinthus08837-RA","Ahya","OG_11326",1,1,0
"Ahyacinthus08840-RA","Ahyacinthus08840-RA","Ahya","OG_661",1,1,0
"Ahyacinthus08841-RA","Ahyacinthus08841-RA","Ahya","OG_227",1,1,1
"Ahyacinthus08843-RA","Ahyacinthus08843-RA","Ahya","OG_11653",1,1,0
"Ahyacinthus08844-RA","Ahyacinthus08844-RA","Ahya","OG_11396",1,1,1
"Ahyacinthus08849-RA","Ahyacinthus08849-RA","Ahya","OG_3387",0,1,0
"Ahyacinthus08850-RA","Ahyacinthus08850-RA","Ahya","OG_3389",1,1,0
"Ahyacinthus08852-RA","Ahyacinthus08852-RA","Ahya","OG_6503",0,1,0
"Ahyacinthus08856-RA","Ahyacinthus08856-RA","Ahya","OG_3391",0,1,0
"Ahyacinthus08855-RA","Ahyacinthus08855-RA","Ahya","OG_3393",0,1,0
"Ahyacinthus08857-RA","Ahyacinthus08857-RA","Ahya","OG_3392",0,1,0
"Ahyacinthus08862-RA","Ahyacinthus08862-RA","Ahya","OG_11475",0,1,0
"Ahyacinthus08868-RA","Ahyacinthus08868-RA","Ahya","OG_11617",0,1,0
"Ahyacinthus08869-RA","Ahyacinthus08869-RA","Ahya","OG_3395",1,1,0
"Ahyacinthus08875-RA","Ahyacinthus08875-RA","Ahya","OG_848",1,1,0
"Ahyacinthus08898-RA","Ahyacinthus08898-RA","Ahya","OG_3396",0,1,0
"Ahyacinthus08899-RA","Ahyacinthus08899-RA","Ahya","OG_11329",0,1,0
"Ahyacinthus08902-RA","Ahyacinthus08902-RA","Ahya","OG_1268",1,1,1
"Ahyacinthus08903-RA","Ahyacinthus08903-RA","Ahya","OG_1268",1,1,1
"Ahyacinthus08904-RA","Ahyacinthus08904-RA","Ahya","OG_775",1,1,0
"Ahyacinthus08905-RA","Ahyacinthus08905-RA","Ahya","OG_775",1,1,0
"Ahyacinthus08907-RA","Ahyacinthus08907-RA","Ahya","OG_665",1,1,1
"Ahyacinthus08908-RA","Ahyacinthus08908-RA","Ahya","OG_11699",0,1,0
"Ahyacinthus08909-RA","Ahyacinthus08909-RA","Ahya","OG_11701",1,1,0
"Ahyacinthus08910-RA","Ahyacinthus08910-RA","Ahya","OG_3397",0,1,0
"Ahyacinthus08920-RA","Ahyacinthus08920-RA","Ahya","OG_3399",0,1,0
"Ahyacinthus08922-RA","Ahyacinthus08922-RA","Ahya","OG_11305",0,1,1
"Ahyacinthus08923-RA","Ahyacinthus08923-RA","Ahya","OG_11307",0,1,0
"Ahyacinthus08928-RA","Ahyacinthus08928-RA","Ahya","OG_3402",0,1,0
"Ahyacinthus08930-RA","Ahyacinthus08930-RA","Ahya","OG_11491",0,1,0
"Ahyacinthus08932-RA","Ahyacinthus08932-RA","Ahya","OG_3400",1,1,0
"Ahyacinthus08937-RA","Ahyacinthus08937-RA","Ahya","OG_3401",1,1,1
"Ahyacinthus08942-RA","Ahyacinthus08942-RA","Ahya","OG_9906",0,1,0
"Ahyacinthus08950-RA","Ahyacinthus08950-RA","Ahya","OG_750",0,1,0
"Ahyacinthus08956-RA","Ahyacinthus08956-RA","Ahya","OG_11406",1,1,0
"Ahyacinthus08957-RA","Ahyacinthus08957-RA","Ahya","OG_3405",0,1,0
"Ahyacinthus08958-RA","Ahyacinthus08958-RA","Ahya","OG_3407",0,1,0
"Ahyacinthus08959-RA","Ahyacinthus08959-RA","Ahya","OG_11405",0,1,0
"Ahyacinthus08960-RA","Ahyacinthus08960-RA","Ahya","OG_11703",1,1,0
"Ahyacinthus08961-RA","Ahyacinthus08961-RA","Ahya","OG_3408",1,1,1
"Ahyacinthus08962-RA","Ahyacinthus08962-RA","Ahya","OG_3406",0,1,0
"Ahyacinthus08963-RA","Ahyacinthus08963-RA","Ahya","OG_11759",1,1,0
"Ahyacinthus08969-RA","Ahyacinthus08969-RA","Ahya","OG_3411",1,1,0
"Ahyacinthus08972-RA","Ahyacinthus08972-RA","Ahya","OG_3412",0,1,0
"Ahyacinthus08975-RA","Ahyacinthus08975-RA","Ahya","OG_11590",0,1,0
"Ahyacinthus08976-RA","Ahyacinthus08976-RA","Ahya","OG_6513",1,1,1
"Ahyacinthus08979-RA","Ahyacinthus08979-RA","Ahya","OG_11521",0,1,1
"Ahyacinthus08981-RA","Ahyacinthus08981-RA","Ahya","OG_1191",0,1,0
"Ahyacinthus08982-RA","Ahyacinthus08982-RA","Ahya","OG_11637",1,1,0
"Ahyacinthus08983-RA","Ahyacinthus08983-RA","Ahya","OG_3416",0,1,0
"Ahyacinthus08989-RA","Ahyacinthus08989-RA","Ahya","OG_11403",1,1,0
"Ahyacinthus08993-RA","Ahyacinthus08993-RA","Ahya","OG_11600",1,1,0
"Ahyacinthus08994-RA","Ahyacinthus08994-RA","Ahya","OG_3418",0,1,0
"Ahyacinthus09007-RA","Ahyacinthus09007-RA","Ahya","OG_1118",0,1,0
"Ahyacinthus09009-RA","Ahyacinthus09009-RA","Ahya","OG_11464",1,1,0
"Ahyacinthus09012-RA","Ahyacinthus09012-RA","Ahya","OG_11464",1,1,0
"Ahyacinthus09014-RA","Ahyacinthus09014-RA","Ahya","OG_805",1,1,0
"Ahyacinthus09024-RA","Ahyacinthus09024-RA","Ahya","OG_11400",0,1,0
"Ahyacinthus09027-RA","Ahyacinthus09027-RA","Ahya","OG_3419",0,1,0
"Ahyacinthus09028-RA","Ahyacinthus09028-RA","Ahya","OG_5339",0,1,0
"Ahyacinthus09029-RA","Ahyacinthus09029-RA","Ahya","OG_5341",0,1,1
"Ahyacinthus09031-RA","Ahyacinthus09031-RA","Ahya","OG_3422",1,1,0
"Ahyacinthus09034-RA","Ahyacinthus09034-RA","Ahya","OG_11681",0,1,0
"Ahyacinthus09042-RA","Ahyacinthus09042-RA","Ahya","OG_6168",1,1,1
"Ahyacinthus09050-RA","Ahyacinthus09050-RA","Ahya","OG_1034",0,1,0
"Ahyacinthus09052-RA","Ahyacinthus09052-RA","Ahya","OG_11314",0,1,0
"Ahyacinthus09057-RA","Ahyacinthus09057-RA","Ahya","OG_11591",1,1,0
"Ahyacinthus09058-RA","Ahyacinthus09058-RA","Ahya","OG_11739",1,1,0
"Ahyacinthus09061-RA","Ahyacinthus09061-RA","Ahya","OG_11319",1,1,0
"Ahyacinthus09062-RA","Ahyacinthus09062-RA","Ahya","OG_3425",1,1,0
"Ahyacinthus09070-RA","Ahyacinthus09070-RA","Ahya","OG_11518",0,1,0
"Ahyacinthus09074-RA","Ahyacinthus09074-RA","Ahya","OG_11513",1,1,1
"Ahyacinthus09078-RA","Ahyacinthus09078-RA","Ahya","OG_11659",0,1,0
"Ahyacinthus09080-RA","Ahyacinthus09080-RA","Ahya","OG_3426",0,1,0
"Ahyacinthus09081-RA","Ahyacinthus09081-RA","Ahya","OG_11731",0,1,0
"Ahyacinthus09082-RA","Ahyacinthus09082-RA","Ahya","OG_3427",0,1,1
"Ahyacinthus09083-RA","Ahyacinthus09083-RA","Ahya","OG_6477",0,1,0
"Ahyacinthus09086-RA","Ahyacinthus09086-RA","Ahya","OG_443",0,1,1
"Ahyacinthus09088-RA","Ahyacinthus09088-RA","Ahya","OG_1055",0,1,0
"Ahyacinthus09090-RA","Ahyacinthus09090-RA","Ahya","OG_126",1,1,1
"Ahyacinthus09092-RA","Ahyacinthus09092-RA","Ahya","OG_847",1,1,0
"Ahyacinthus09093-RA","Ahyacinthus09093-RA","Ahya","OG_652",0,1,1
"Ahyacinthus09095-RA","Ahyacinthus09095-RA","Ahya","OG_11647",0,1,0
"Ahyacinthus09100-RA","Ahyacinthus09100-RA","Ahya","OG_11763",1,1,0
"Ahyacinthus09101-RA","Ahyacinthus09101-RA","Ahya","OG_1422",0,1,0
"Ahyacinthus09103-RA","Ahyacinthus09103-RA","Ahya","OG_672",1,1,0
"Ahyacinthus09105-RA","Ahyacinthus09105-RA","Ahya","OG_11605",0,1,0
"Ahyacinthus09106-RA","Ahyacinthus09106-RA","Ahya","OG_11455",1,1,0
"Ahyacinthus09107-RA","Ahyacinthus09107-RA","Ahya","OG_11730",1,1,0
"Ahyacinthus09110-RA","Ahyacinthus09110-RA","Ahya","OG_11729",1,1,0
"Ahyacinthus09111-RA","Ahyacinthus09111-RA","Ahya","OG_11574",0,1,0
"Ahyacinthus09112-RA","Ahyacinthus09112-RA","Ahya","OG_3431",0,1,0
"Ahyacinthus09114-RA","Ahyacinthus09114-RA","Ahya","OG_11576",0,1,0
"Ahyacinthus09116-RA","Ahyacinthus09116-RA","Ahya","OG_11576",0,1,0
"Ahyacinthus09119-RA","Ahyacinthus09119-RA","Ahya","OG_5338",0,1,0
"Ahyacinthus09120-RA","Ahyacinthus09120-RA","Ahya","OG_3433",0,1,0
"Ahyacinthus09125-RA","Ahyacinthus09125-RA","Ahya","OG_903",0,1,0
"Ahyacinthus09133-RA","Ahyacinthus09133-RA","Ahya","OG_3434",0,1,0
"Ahyacinthus09134-RA","Ahyacinthus09134-RA","Ahya","OG_1",0,1,0
"Ahyacinthus09138-RA","Ahyacinthus09138-RA","Ahya","OG_6167",1,1,0
"Ahyacinthus09139-RA","Ahyacinthus09139-RA","Ahya","OG_12490",0,1,0
"Ahyacinthus09142-RA","Ahyacinthus09142-RA","Ahya","OG_639",1,1,0
"Ahyacinthus09144-RA","Ahyacinthus09144-RA","Ahya","OG_639",1,1,0
"Ahyacinthus09145-RA","Ahyacinthus09145-RA","Ahya","OG_639",1,1,0
"Ahyacinthus09149-RA","Ahyacinthus09149-RA","Ahya","OG_3436",1,1,0
"Ahyacinthus09152-RA","Ahyacinthus09152-RA","Ahya","OG_647",1,1,0
"Ahyacinthus09153-RA","Ahyacinthus09153-RA","Ahya","OG_876",0,1,1
"Ahyacinthus09154-RA","Ahyacinthus09154-RA","Ahya","OG_238",0,1,1
"Ahyacinthus09155-RA","Ahyacinthus09155-RA","Ahya","OG_3439",0,1,1
"Ahyacinthus09157-RA","Ahyacinthus09157-RA","Ahya","OG_11663",1,1,0
"Ahyacinthus09163-RA","Ahyacinthus09163-RA","Ahya","OG_5343",0,1,0
"Ahyacinthus09164-RA","Ahyacinthus09164-RA","Ahya","OG_161",0,1,1
"Ahyacinthus09166-RA","Ahyacinthus09166-RA","Ahya","OG_3442",1,1,0
"Ahyacinthus09177-RA","Ahyacinthus09177-RA","Ahya","OG_267",1,1,0
"Ahyacinthus09179-RA","Ahyacinthus09179-RA","Ahya","OG_3444",1,1,0
"Ahyacinthus09180-RA","Ahyacinthus09180-RA","Ahya","OG_239",0,1,0
"Ahyacinthus09182-RA","Ahyacinthus09182-RA","Ahya","OG_657",0,1,0
"Ahyacinthus09183-RA","Ahyacinthus09183-RA","Ahya","OG_657",0,1,0
"Ahyacinthus09193-RA","Ahyacinthus09193-RA","Ahya","OG_3447",0,1,0
"Ahyacinthus09194-RA","Ahyacinthus09194-RA","Ahya","OG_3448",0,1,0
"Ahyacinthus09196-RA","Ahyacinthus09196-RA","Ahya","OG_11787",0,1,0
"Ahyacinthus09202-RA","Ahyacinthus09202-RA","Ahya","OG_5021",0,1,0
"Ahyacinthus09204-RA","Ahyacinthus09204-RA","Ahya","OG_3454",0,1,0
"Ahyacinthus09207-RA","Ahyacinthus09207-RA","Ahya","OG_3455",0,1,0
"Ahyacinthus09210-RA","Ahyacinthus09210-RA","Ahya","OG_11372",0,1,0
"Ahyacinthus09213-RA","Ahyacinthus09213-RA","Ahya","OG_5691",1,1,1
"Ahyacinthus09215-RA","Ahyacinthus09215-RA","Ahya","OG_3456",0,1,0
"Ahyacinthus09216-RA","Ahyacinthus09216-RA","Ahya","OG_11443",0,1,0
"Ahyacinthus09217-RA","Ahyacinthus09217-RA","Ahya","OG_9154",0,1,0
"Ahyacinthus09218-RA","Ahyacinthus09218-RA","Ahya","OG_9154",0,1,0
"Ahyacinthus09219-RA","Ahyacinthus09219-RA","Ahya","OG_11736",0,1,0
"Ahyacinthus09221-RA","Ahyacinthus09221-RA","Ahya","OG_194",0,1,0
"Ahyacinthus09222-RA","Ahyacinthus09222-RA","Ahya","OG_3457",0,1,0
"Ahyacinthus09226-RA","Ahyacinthus09226-RA","Ahya","OG_5152",1,1,0
"Ahyacinthus09230-RA","Ahyacinthus09230-RA","Ahya","OG_793",0,1,0
"Ahyacinthus09238-RA","Ahyacinthus09238-RA","Ahya","OG_382",0,1,0
"Ahyacinthus09239-RA","Ahyacinthus09239-RA","Ahya","OG_296",0,1,0
"Ahyacinthus09241-RA","Ahyacinthus09241-RA","Ahya","OG_844",0,1,0
"Ahyacinthus09246-RA","Ahyacinthus09246-RA","Ahya","OG_11586",0,1,0
"Ahyacinthus09248-RA","Ahyacinthus09248-RA","Ahya","OG_3462",1,1,0
"Ahyacinthus09251-RA","Ahyacinthus09251-RA","Ahya","OG_3462",1,1,0
"Ahyacinthus09253-RA","Ahyacinthus09253-RA","Ahya","OG_3462",1,1,0
"Ahyacinthus09254-RA","Ahyacinthus09254-RA","Ahya","OG_3460",0,1,0
"Ahyacinthus09258-RA","Ahyacinthus09258-RA","Ahya","OG_11413",1,1,0
"Ahyacinthus09259-RA","Ahyacinthus09259-RA","Ahya","OG_1083",1,1,0
"Ahyacinthus09264-RA","Ahyacinthus09264-RA","Ahya","OG_818",1,1,0
"Ahyacinthus09265-RA","Ahyacinthus09265-RA","Ahya","OG_459",0,1,0
"Ahyacinthus09267-RA","Ahyacinthus09267-RA","Ahya","OG_1018",1,1,0
"Ahyacinthus09274-RA","Ahyacinthus09274-RA","Ahya","OG_811",0,1,0
"Ahyacinthus09277-RA","Ahyacinthus09277-RA","Ahya","OG_477",0,1,0
"Ahyacinthus09278-RA","Ahyacinthus09278-RA","Ahya","OG_757",1,1,1
"Ahyacinthus09279-RA","Ahyacinthus09279-RA","Ahya","OG_943",0,1,0
"Ahyacinthus09281-RA","Ahyacinthus09281-RA","Ahya","OG_382",0,1,0
"Ahyacinthus09285-RA","Ahyacinthus09285-RA","Ahya","OG_408",1,1,1
"Ahyacinthus09295-RA","Ahyacinthus09295-RA","Ahya","OG_3464",0,1,0
"Ahyacinthus09296-RA","Ahyacinthus09296-RA","Ahya","OG_3464",0,1,0
"Ahyacinthus09300-RA","Ahyacinthus09300-RA","Ahya","OG_369",1,1,1
"Ahyacinthus09301-RA","Ahyacinthus09301-RA","Ahya","OG_369",1,1,1
"Ahyacinthus09303-RA","Ahyacinthus09303-RA","Ahya","OG_277",0,1,0
"Ahyacinthus09305-RA","Ahyacinthus09305-RA","Ahya","OG_11585",1,1,0
"Ahyacinthus09312-RA","Ahyacinthus09312-RA","Ahya","OG_1657",0,1,0
"Ahyacinthus09311-RA","Ahyacinthus09311-RA","Ahya","OG_11387",0,1,0
"Ahyacinthus09313-RA","Ahyacinthus09313-RA","Ahya","OG_296",0,1,0
"Ahyacinthus09314-RA","Ahyacinthus09314-RA","Ahya","OG_277",0,1,0
"Ahyacinthus09315-RA","Ahyacinthus09315-RA","Ahya","OG_170",1,1,1
"Ahyacinthus09316-RA","Ahyacinthus09316-RA","Ahya","OG_170",1,1,1
"Ahyacinthus09319-RA","Ahyacinthus09319-RA","Ahya","OG_868",1,1,1
"Ahyacinthus09321-RA","Ahyacinthus09321-RA","Ahya","OG_3466",0,1,0
"Ahyacinthus09326-RA","Ahyacinthus09326-RA","Ahya","OG_643",1,1,0
"Ahyacinthus09328-RA","Ahyacinthus09328-RA","Ahya","OG_137",0,1,0
"Ahyacinthus09333-RA","Ahyacinthus09333-RA","Ahya","OG_802",1,1,0
"Ahyacinthus09335-RA","Ahyacinthus09335-RA","Ahya","OG_416",0,1,0
"Ahyacinthus09336-RA","Ahyacinthus09336-RA","Ahya","OG_1540",0,1,0
"Ahyacinthus09337-RA","Ahyacinthus09337-RA","Ahya","OG_5078",0,1,0
"Ahyacinthus09338-RA","Ahyacinthus09338-RA","Ahya","OG_871",0,1,0
"Ahyacinthus09339-RA","Ahyacinthus09339-RA","Ahya","OG_5113",0,1,0
"Ahyacinthus09342-RA","Ahyacinthus09342-RA","Ahya","OG_5113",0,1,0
"Ahyacinthus09346-RA","Ahyacinthus09346-RA","Ahya","OG_1194",0,1,1
"Ahyacinthus09348-RA","Ahyacinthus09348-RA","Ahya","OG_848",1,1,0
"Ahyacinthus09349-RA","Ahyacinthus09349-RA","Ahya","OG_1123",0,1,1
"Ahyacinthus09351-RA","Ahyacinthus09351-RA","Ahya","OG_757",1,1,1
"Ahyacinthus09352-RA","Ahyacinthus09352-RA","Ahya","OG_763",0,1,0
"Ahyacinthus09354-RA","Ahyacinthus09354-RA","Ahya","OG_257",1,1,1
"Ahyacinthus09355-RA","Ahyacinthus09355-RA","Ahya","OG_631",1,1,1
"Ahyacinthus09357-RA","Ahyacinthus09357-RA","Ahya","OG_901",0,1,1
"Ahyacinthus09362-RA","Ahyacinthus09362-RA","Ahya","OG_5102",0,1,0
"Ahyacinthus09364-RA","Ahyacinthus09364-RA","Ahya","OG_5075",0,1,0
"Ahyacinthus09366-RA","Ahyacinthus09366-RA","Ahya","OG_1029",0,1,0
"Ahyacinthus09370-RA","Ahyacinthus09370-RA","Ahya","OG_11672",0,1,0
"Ahyacinthus09377-RA","Ahyacinthus09377-RA","Ahya","OG_3468",0,1,0
"Ahyacinthus09379-RA","Ahyacinthus09379-RA","Ahya","OG_3470",1,1,0
"Ahyacinthus09386-RA","Ahyacinthus09386-RA","Ahya","OG_3472",1,1,0
"Ahyacinthus09387-RA","Ahyacinthus09387-RA","Ahya","OG_3472",1,1,0
"Ahyacinthus09391-RA","Ahyacinthus09391-RA","Ahya","OG_11785",0,1,0
"Ahyacinthus09392-RA","Ahyacinthus09392-RA","Ahya","OG_7601",1,1,0
"Ahyacinthus09393-RA","Ahyacinthus09393-RA","Ahya","OG_3474",1,1,0
"Ahyacinthus09394-RA","Ahyacinthus09394-RA","Ahya","OG_3475",0,1,0
"Ahyacinthus09397-RA","Ahyacinthus09397-RA","Ahya","OG_3477",0,1,0
"Ahyacinthus09398-RA","Ahyacinthus09398-RA","Ahya","OG_11524",0,1,0
"Ahyacinthus09399-RA","Ahyacinthus09399-RA","Ahya","OG_3476",0,1,0
"Ahyacinthus09403-RA","Ahyacinthus09403-RA","Ahya","OG_3478",0,1,0
"Ahyacinthus09405-RA","Ahyacinthus09405-RA","Ahya","OG_11523",1,1,0
"Ahyacinthus09411-RA","Ahyacinthus09411-RA","Ahya","OG_425",0,1,0
"Ahyacinthus09412-RA","Ahyacinthus09412-RA","Ahya","OG_425",0,1,0
"Ahyacinthus09424-RA","Ahyacinthus09424-RA","Ahya","OG_11410",0,1,1
"Ahyacinthus09428-RA","Ahyacinthus09428-RA","Ahya","OG_11751",0,1,0
"Ahyacinthus09429-RA","Ahyacinthus09429-RA","Ahya","OG_11771",1,1,0
"Ahyacinthus09430-RA","Ahyacinthus09430-RA","Ahya","OG_11713",0,1,1
"Ahyacinthus09431-RA","Ahyacinthus09431-RA","Ahya","OG_3480",0,1,0
"Ahyacinthus09433-RA","Ahyacinthus09433-RA","Ahya","OG_3479",0,1,0
"Ahyacinthus09434-RA","Ahyacinthus09434-RA","Ahya","OG_1211",0,1,0
"Ahyacinthus09441-RA","Ahyacinthus09441-RA","Ahya","OG_11484",1,1,0
"Ahyacinthus09442-RA","Ahyacinthus09442-RA","Ahya","OG_11484",1,1,0
"Ahyacinthus09451-RA","Ahyacinthus09451-RA","Ahya","OG_11752",1,1,0
"Ahyacinthus09452-RA","Ahyacinthus09452-RA","Ahya","OG_10559",0,1,1
"Ahyacinthus09454-RA","Ahyacinthus09454-RA","Ahya","OG_1083",1,1,0
"Ahyacinthus09457-RA","Ahyacinthus09457-RA","Ahya","OG_1328",0,1,1
"Ahyacinthus09459-RA","Ahyacinthus09459-RA","Ahya","OG_643",1,1,0
"Ahyacinthus09460-RA","Ahyacinthus09460-RA","Ahya","OG_377",1,1,0
"Ahyacinthus09463-RA","Ahyacinthus09463-RA","Ahya","OG_12498",0,1,0
"Ahyacinthus09465-RA","Ahyacinthus09465-RA","Ahya","OG_165",1,1,1
"Ahyacinthus09466-RA","Ahyacinthus09466-RA","Ahya","OG_12428",0,1,0
"Ahyacinthus09467-RA","Ahyacinthus09467-RA","Ahya","OG_169",0,1,1
"Ahyacinthus09469-RA","Ahyacinthus09469-RA","Ahya","OG_369",1,1,1
"Ahyacinthus09470-RA","Ahyacinthus09470-RA","Ahya","OG_386",0,1,1
"Ahyacinthus09473-RA","Ahyacinthus09473-RA","Ahya","OG_1177",0,1,1
"Ahyacinthus09474-RA","Ahyacinthus09474-RA","Ahya","OG_1128",0,1,0
"Ahyacinthus09475-RA","Ahyacinthus09475-RA","Ahya","OG_1098",0,1,1
"Ahyacinthus09476-RA","Ahyacinthus09476-RA","Ahya","OG_916",0,1,1
"Ahyacinthus09480-RA","Ahyacinthus09480-RA","Ahya","OG_353",0,1,0
"Ahyacinthus09481-RA","Ahyacinthus09481-RA","Ahya","OG_353",0,1,0
"Ahyacinthus09482-RA","Ahyacinthus09482-RA","Ahya","OG_353",0,1,0
"Ahyacinthus09484-RA","Ahyacinthus09484-RA","Ahya","OG_553",0,1,1
"Ahyacinthus09485-RA","Ahyacinthus09485-RA","Ahya","OG_467",0,1,0
"Ahyacinthus09487-RA","Ahyacinthus09487-RA","Ahya","OG_1018",1,1,0
"Ahyacinthus09488-RA","Ahyacinthus09488-RA","Ahya","OG_253",1,1,0
"Ahyacinthus09489-RA","Ahyacinthus09489-RA","Ahya","OG_253",1,1,0
"Ahyacinthus09490-RA","Ahyacinthus09490-RA","Ahya","OG_5114",0,1,0
"Ahyacinthus09492-RA","Ahyacinthus09492-RA","Ahya","OG_1087",0,1,0
"Ahyacinthus09494-RA","Ahyacinthus09494-RA","Ahya","OG_901",0,1,1
"Ahyacinthus09495-RA","Ahyacinthus09495-RA","Ahya","OG_8522",0,1,0
"Ahyacinthus09498-RA","Ahyacinthus09498-RA","Ahya","OG_9546",0,1,0
"Ahyacinthus09499-RA","Ahyacinthus09499-RA","Ahya","OG_170",1,1,1
"Ahyacinthus09500-RA","Ahyacinthus09500-RA","Ahya","OG_170",1,1,1
"Ahyacinthus09505-RA","Ahyacinthus09505-RA","Ahya","OG_11551",0,1,0
"Ahyacinthus09506-RA","Ahyacinthus09506-RA","Ahya","OG_3481",0,1,1
"Ahyacinthus09508-RA","Ahyacinthus09508-RA","Ahya","OG_3481",0,1,1
"Ahyacinthus09509-RA","Ahyacinthus09509-RA","Ahya","OG_3481",0,1,1
"Ahyacinthus09510-RA","Ahyacinthus09510-RA","Ahya","OG_722",0,1,1
"Ahyacinthus09513-RA","Ahyacinthus09513-RA","Ahya","OG_3483",0,1,0
"Ahyacinthus09516-RA","Ahyacinthus09516-RA","Ahya","OG_3485",1,1,0
"Ahyacinthus09517-RA","Ahyacinthus09517-RA","Ahya","OG_149",1,1,1
"Ahyacinthus09519-RA","Ahyacinthus09519-RA","Ahya","OG_755",0,1,1
"Ahyacinthus09527-RA","Ahyacinthus09527-RA","Ahya","OG_287",1,1,1
"Ahyacinthus09532-RA","Ahyacinthus09532-RA","Ahya","OG_144",1,1,0
"Ahyacinthus09533-RA","Ahyacinthus09533-RA","Ahya","OG_907",0,1,0
"Ahyacinthus09536-RA","Ahyacinthus09536-RA","Ahya","OG_1087",0,1,0
"Ahyacinthus09538-RA","Ahyacinthus09538-RA","Ahya","OG_418",0,1,0
"Ahyacinthus09540-RA","Ahyacinthus09540-RA","Ahya","OG_861",1,1,1
"Ahyacinthus09546-RA","Ahyacinthus09546-RA","Ahya","OG_257",1,1,1
"Ahyacinthus09551-RA","Ahyacinthus09551-RA","Ahya","OG_1218",0,1,0
"Ahyacinthus09552-RA","Ahyacinthus09552-RA","Ahya","OG_11519",1,1,0
"Ahyacinthus09556-RA","Ahyacinthus09556-RA","Ahya","OG_6519",0,1,0
"Ahyacinthus09558-RA","Ahyacinthus09558-RA","Ahya","OG_3487",1,1,0
"Ahyacinthus09559-RA","Ahyacinthus09559-RA","Ahya","OG_971",0,1,0
"Ahyacinthus09561-RA","Ahyacinthus09561-RA","Ahya","OG_155",1,1,1
"Ahyacinthus09565-RA","Ahyacinthus09565-RA","Ahya","OG_8947",0,1,0
"Ahyacinthus09567-RA","Ahyacinthus09567-RA","Ahya","OG_155",1,1,1
"Ahyacinthus09569-RA","Ahyacinthus09569-RA","Ahya","OG_155",1,1,1
"Ahyacinthus09574-RA","Ahyacinthus09574-RA","Ahya","OG_2301",0,1,0
"Ahyacinthus09576-RA","Ahyacinthus09576-RA","Ahya","OG_11342",0,1,0
"Ahyacinthus09577-RA","Ahyacinthus09577-RA","Ahya","OG_917",0,1,0
"Ahyacinthus09587-RA","Ahyacinthus09587-RA","Ahya","OG_11341",0,1,0
"Ahyacinthus09592-RA","Ahyacinthus09592-RA","Ahya","OG_462",0,1,0
"Ahyacinthus09597-RA","Ahyacinthus09597-RA","Ahya","OG_462",0,1,0
"Ahyacinthus09605-RA","Ahyacinthus09605-RA","Ahya","OG_427",0,1,1
"Ahyacinthus09607-RA","Ahyacinthus09607-RA","Ahya","OG_496",0,1,0
"Ahyacinthus09608-RA","Ahyacinthus09608-RA","Ahya","OG_720",0,1,1
"Ahyacinthus09611-RA","Ahyacinthus09611-RA","Ahya","OG_757",1,1,1
"Ahyacinthus09612-RA","Ahyacinthus09612-RA","Ahya","OG_6217",0,1,0
"Ahyacinthus09613-RA","Ahyacinthus09613-RA","Ahya","OG_11340",1,1,0
"Ahyacinthus09615-RA","Ahyacinthus09615-RA","Ahya","OG_11656",0,1,0
"Ahyacinthus09618-RA","Ahyacinthus09618-RA","Ahya","OG_130",0,1,1
"Ahyacinthus09619-RA","Ahyacinthus09619-RA","Ahya","OG_6366",0,1,1
"Ahyacinthus09627-RA","Ahyacinthus09627-RA","Ahya","OG_12642",1,1,0
"Ahyacinthus09629-RA","Ahyacinthus09629-RA","Ahya","OG_5342",1,1,1
"Ahyacinthus09642-RA","Ahyacinthus09642-RA","Ahya","OG_918",0,1,0
"Ahyacinthus09643-RA","Ahyacinthus09643-RA","Ahya","OG_9751",0,1,0
"Ahyacinthus09644-RA","Ahyacinthus09644-RA","Ahya","OG_9751",0,1,0
"Ahyacinthus09647-RA","Ahyacinthus09647-RA","Ahya","OG_3491",0,1,0
"Ahyacinthus09651-RA","Ahyacinthus09651-RA","Ahya","OG_6603",0,1,0
"Ahyacinthus09652-RA","Ahyacinthus09652-RA","Ahya","OG_11686",0,1,0
"Ahyacinthus09655-RA","Ahyacinthus09655-RA","Ahya","OG_632",0,1,0
"Ahyacinthus09666-RA","Ahyacinthus09666-RA","Ahya","OG_929",1,1,1
"Ahyacinthus09667-RA","Ahyacinthus09667-RA","Ahya","OG_6603",0,1,0
"Ahyacinthus09668-RA","Ahyacinthus09668-RA","Ahya","OG_6174",1,1,0
"Ahyacinthus09669-RA","Ahyacinthus09669-RA","Ahya","OG_5965",0,1,0
"Ahyacinthus09672-RA","Ahyacinthus09672-RA","Ahya","OG_301",0,1,1
"Ahyacinthus09674-RA","Ahyacinthus09674-RA","Ahya","OG_922",0,1,0
"Ahyacinthus09675-RA","Ahyacinthus09675-RA","Ahya","OG_771",1,1,1
"Ahyacinthus09677-RA","Ahyacinthus09677-RA","Ahya","OG_1177",0,1,1
"Ahyacinthus09678-RA","Ahyacinthus09678-RA","Ahya","OG_1177",0,1,1
"Ahyacinthus09679-RA","Ahyacinthus09679-RA","Ahya","OG_1128",0,1,0
"Ahyacinthus09680-RA","Ahyacinthus09680-RA","Ahya","OG_810",0,1,0
"Ahyacinthus09681-RA","Ahyacinthus09681-RA","Ahya","OG_503",0,1,0
"Ahyacinthus09684-RA","Ahyacinthus09684-RA","Ahya","OG_715",0,1,1
"Ahyacinthus09690-RA","Ahyacinthus09690-RA","Ahya","OG_176",1,1,1
"Ahyacinthus09691-RA","Ahyacinthus09691-RA","Ahya","OG_3492",1,1,0
"Ahyacinthus09692-RA","Ahyacinthus09692-RA","Ahya","OG_3492",1,1,0
"Ahyacinthus09693-RA","Ahyacinthus09693-RA","Ahya","OG_3492",1,1,0
"Ahyacinthus09694-RA","Ahyacinthus09694-RA","Ahya","OG_3492",1,1,0
"Ahyacinthus09697-RA","Ahyacinthus09697-RA","Ahya","OG_11470",0,1,0
"Ahyacinthus09698-RA","Ahyacinthus09698-RA","Ahya","OG_11323",0,1,0
"Ahyacinthus09699-RA","Ahyacinthus09699-RA","Ahya","OG_11324",0,1,0
"Ahyacinthus09700-RA","Ahyacinthus09700-RA","Ahya","OG_956",0,1,1
"Ahyacinthus09702-RA","Ahyacinthus09702-RA","Ahya","OG_956",0,1,1
"Ahyacinthus09704-RA","Ahyacinthus09704-RA","Ahya","OG_956",0,1,1
"Ahyacinthus09710-RA","Ahyacinthus09710-RA","Ahya","OG_3493",0,1,1
"Ahyacinthus09722-RA","Ahyacinthus09722-RA","Ahya","OG_11649",0,1,0
"Ahyacinthus09724-RA","Ahyacinthus09724-RA","Ahya","OG_12586",0,1,0
"Ahyacinthus09725-RA","Ahyacinthus09725-RA","Ahya","OG_3494",1,1,0
"Ahyacinthus09726-RA","Ahyacinthus09726-RA","Ahya","OG_6472",0,1,0
"Ahyacinthus09733-RA","Ahyacinthus09733-RA","Ahya","OG_11567",0,1,0
"Ahyacinthus09734-RA","Ahyacinthus09734-RA","Ahya","OG_3497",1,1,0
"Ahyacinthus09735-RA","Ahyacinthus09735-RA","Ahya","OG_11566",0,1,0
"Ahyacinthus09736-RA","Ahyacinthus09736-RA","Ahya","OG_11565",0,1,0
"Ahyacinthus09738-RA","Ahyacinthus09738-RA","Ahya","OG_11724",0,1,0
"Ahyacinthus09740-RA","Ahyacinthus09740-RA","Ahya","OG_11725",0,1,0
"Ahyacinthus09745-RA","Ahyacinthus09745-RA","Ahya","OG_11743",0,1,0
"Ahyacinthus09746-RA","Ahyacinthus09746-RA","Ahya","OG_150",1,1,1
"Ahyacinthus09753-RA","Ahyacinthus09753-RA","Ahya","OG_11791",0,1,0
"Ahyacinthus09754-RA","Ahyacinthus09754-RA","Ahya","OG_6521",0,1,1
"Ahyacinthus09755-RA","Ahyacinthus09755-RA","Ahya","OG_3500",1,1,0
"Ahyacinthus09759-RA","Ahyacinthus09759-RA","Ahya","OG_632",0,1,0
"Ahyacinthus09760-RA","Ahyacinthus09760-RA","Ahya","OG_11722",0,1,0
"Ahyacinthus09761-RA","Ahyacinthus09761-RA","Ahya","OG_10169",0,1,1
"Ahyacinthus09765-RA","Ahyacinthus09765-RA","Ahya","OG_861",1,1,1
"Ahyacinthus09769-RA","Ahyacinthus09769-RA","Ahya","OG_6554",0,1,0
"Ahyacinthus09770-RA","Ahyacinthus09770-RA","Ahya","OG_761",1,1,0
"Ahyacinthus09771-RA","Ahyacinthus09771-RA","Ahya","OG_5081",0,1,0
"Ahyacinthus09772-RA","Ahyacinthus09772-RA","Ahya","OG_12191",0,1,0
"Ahyacinthus09775-RA","Ahyacinthus09775-RA","Ahya","OG_5081",0,1,0
"Ahyacinthus09776-RA","Ahyacinthus09776-RA","Ahya","OG_5081",0,1,0
"Ahyacinthus09778-RA","Ahyacinthus09778-RA","Ahya","OG_856",0,1,1
"Ahyacinthus09781-RA","Ahyacinthus09781-RA","Ahya","OG_878",0,1,0
"Ahyacinthus09783-RA","Ahyacinthus09783-RA","Ahya","OG_11564",0,1,0
"Ahyacinthus09785-RA","Ahyacinthus09785-RA","Ahya","OG_333",1,1,1
"Ahyacinthus09786-RA","Ahyacinthus09786-RA","Ahya","OG_5340",1,1,0
"Ahyacinthus09792-RA","Ahyacinthus09792-RA","Ahya","OG_159",0,1,1
"Ahyacinthus09796-RA","Ahyacinthus09796-RA","Ahya","OG_846",0,1,0
"Ahyacinthus09801-RA","Ahyacinthus09801-RA","Ahya","OG_3503",0,1,0
"Ahyacinthus09803-RA","Ahyacinthus09803-RA","Ahya","OG_3502",0,1,0
"Ahyacinthus09804-RA","Ahyacinthus09804-RA","Ahya","OG_3505",0,1,0
"Ahyacinthus09813-RA","Ahyacinthus09813-RA","Ahya","OG_11679",0,1,0
"Ahyacinthus09818-RA","Ahyacinthus09818-RA","Ahya","OG_11680",1,1,0
"Ahyacinthus09819-RA","Ahyacinthus09819-RA","Ahya","OG_11677",0,1,0
"Ahyacinthus09821-RA","Ahyacinthus09821-RA","Ahya","OG_11488",0,1,0
"Ahyacinthus09822-RA","Ahyacinthus09822-RA","Ahya","OG_879",1,1,1
"Ahyacinthus09823-RA","Ahyacinthus09823-RA","Ahya","OG_644",0,1,0
"Ahyacinthus09824-RA","Ahyacinthus09824-RA","Ahya","OG_5078",0,1,0
"Ahyacinthus09828-RA","Ahyacinthus09828-RA","Ahya","OG_644",0,1,0
"Ahyacinthus09831-RA","Ahyacinthus09831-RA","Ahya","OG_992",0,1,0
"Ahyacinthus09832-RA","Ahyacinthus09832-RA","Ahya","OG_1159",0,1,0
"Ahyacinthus09834-RA","Ahyacinthus09834-RA","Ahya","OG_797",1,1,0
"Ahyacinthus09835-RA","Ahyacinthus09835-RA","Ahya","OG_797",1,1,0
"Ahyacinthus09839-RA","Ahyacinthus09839-RA","Ahya","OG_248",1,1,1
"Ahyacinthus09841-RA","Ahyacinthus09841-RA","Ahya","OG_797",1,1,0
"Ahyacinthus09848-RA","Ahyacinthus09848-RA","Ahya","OG_3508",0,1,0
"Ahyacinthus09849-RA","Ahyacinthus09849-RA","Ahya","OG_3507",0,1,0
"Ahyacinthus09857-RA","Ahyacinthus09857-RA","Ahya","OG_11746",1,1,1
"Ahyacinthus09858-RA","Ahyacinthus09858-RA","Ahya","OG_1013",0,1,1
"Ahyacinthus09860-RA","Ahyacinthus09860-RA","Ahya","OG_11745",0,1,0
"Ahyacinthus09861-RA","Ahyacinthus09861-RA","Ahya","OG_6173",0,1,0
"Ahyacinthus09866-RA","Ahyacinthus09866-RA","Ahya","OG_3509",1,1,0
"Ahyacinthus09869-RA","Ahyacinthus09869-RA","Ahya","OG_642",0,1,0
"Ahyacinthus09871-RA","Ahyacinthus09871-RA","Ahya","OG_1093",1,1,0
"Ahyacinthus09875-RA","Ahyacinthus09875-RA","Ahya","OG_11583",0,1,0
"Ahyacinthus09877-RA","Ahyacinthus09877-RA","Ahya","OG_11414",0,1,0
"Ahyacinthus09883-RA","Ahyacinthus09883-RA","Ahya","OG_11468",0,1,0
"Ahyacinthus09884-RA","Ahyacinthus09884-RA","Ahya","OG_11411",0,1,0
"Ahyacinthus09885-RA","Ahyacinthus09885-RA","Ahya","OG_11412",0,1,0
"Ahyacinthus09886-RA","Ahyacinthus09886-RA","Ahya","OG_11716",0,1,0
"Ahyacinthus09887-RA","Ahyacinthus09887-RA","Ahya","OG_3512",0,1,1
"Ahyacinthus09890-RA","Ahyacinthus09890-RA","Ahya","OG_5961",1,1,0
"Ahyacinthus09892-RA","Ahyacinthus09892-RA","Ahya","OG_11671",0,1,1
"Ahyacinthus09904-RA","Ahyacinthus09904-RA","Ahya","OG_12656",0,1,0
"Ahyacinthus09907-RA","Ahyacinthus09907-RA","Ahya","OG_640",1,1,1
"Ahyacinthus09917-RA","Ahyacinthus09917-RA","Ahya","OG_11533",0,1,0
"Ahyacinthus09919-RA","Ahyacinthus09919-RA","Ahya","OG_3516",0,1,1
"Ahyacinthus09923-RA","Ahyacinthus09923-RA","Ahya","OG_3517",1,1,0
"Ahyacinthus09925-RA","Ahyacinthus09925-RA","Ahya","OG_597",0,1,0
"Ahyacinthus09926-RA","Ahyacinthus09926-RA","Ahya","OG_6449",0,1,0
"Ahyacinthus09927-RA","Ahyacinthus09927-RA","Ahya","OG_11467",0,1,0
"Ahyacinthus09929-RA","Ahyacinthus09929-RA","Ahya","OG_3518",0,1,0
"Ahyacinthus09931-RA","Ahyacinthus09931-RA","Ahya","OG_11774",0,1,0
"Ahyacinthus09936-RA","Ahyacinthus09936-RA","Ahya","OG_298",1,1,0
"Ahyacinthus09938-RA","Ahyacinthus09938-RA","Ahya","OG_298",1,1,0
"Ahyacinthus09939-RA","Ahyacinthus09939-RA","Ahya","OG_298",1,1,0
"Ahyacinthus09945-RA","Ahyacinthus09945-RA","Ahya","OG_298",1,1,0
"Ahyacinthus09947-RA","Ahyacinthus09947-RA","Ahya","OG_298",1,1,0
"Ahyacinthus09951-RA","Ahyacinthus09951-RA","Ahya","OG_5969",0,1,0
"Ahyacinthus09953-RA","Ahyacinthus09953-RA","Ahya","OG_3520",0,1,0
"Ahyacinthus09957-RA","Ahyacinthus09957-RA","Ahya","OG_5140",0,1,0
"Ahyacinthus09958-RA","Ahyacinthus09958-RA","Ahya","OG_5140",0,1,0
"Ahyacinthus09959-RA","Ahyacinthus09959-RA","Ahya","OG_663",1,1,0
"Ahyacinthus09960-RA","Ahyacinthus09960-RA","Ahya","OG_663",1,1,0
"Ahyacinthus09961-RA","Ahyacinthus09961-RA","Ahya","OG_11788",0,1,0
"Ahyacinthus09968-RA","Ahyacinthus09968-RA","Ahya","OG_360",0,1,0
"Ahyacinthus09971-RA","Ahyacinthus09971-RA","Ahya","OG_11423",1,1,1
"Ahyacinthus09972-RA","Ahyacinthus09972-RA","Ahya","OG_3523",1,1,0
"Ahyacinthus09986-RA","Ahyacinthus09986-RA","Ahya","OG_3524",0,1,0
"Ahyacinthus09987-RA","Ahyacinthus09987-RA","Ahya","OG_3525",0,1,0
"Ahyacinthus09992-RA","Ahyacinthus09992-RA","Ahya","OG_6502",1,1,0
"Ahyacinthus09994-RA","Ahyacinthus09994-RA","Ahya","OG_165",1,1,1
"Ahyacinthus09996-RA","Ahyacinthus09996-RA","Ahya","OG_165",1,1,1
"Ahyacinthus10002-RA","Ahyacinthus10002-RA","Ahya","OG_645",0,1,0
"Ahyacinthus10005-RA","Ahyacinthus10005-RA","Ahya","OG_3526",0,1,0
"Ahyacinthus10004-RA","Ahyacinthus10004-RA","Ahya","OG_11510",0,1,1
"Ahyacinthus10006-RA","Ahyacinthus10006-RA","Ahya","OG_11446",1,1,0
"Ahyacinthus10016-RA","Ahyacinthus10016-RA","Ahya","OG_3527",1,1,0
"Ahyacinthus10018-RA","Ahyacinthus10018-RA","Ahya","OG_3528",1,1,1
"Ahyacinthus10021-RA","Ahyacinthus10021-RA","Ahya","OG_8432",0,1,0
"Ahyacinthus10022-RA","Ahyacinthus10022-RA","Ahya","OG_6340",1,1,1
"Ahyacinthus10025-RA","Ahyacinthus10025-RA","Ahya","OG_6340",1,1,1
"Ahyacinthus10031-RA","Ahyacinthus10031-RA","Ahya","OG_3529",0,1,0
"Ahyacinthus10032-RA","Ahyacinthus10032-RA","Ahya","OG_11793",0,1,0
"Ahyacinthus10035-RA","Ahyacinthus10035-RA","Ahya","OG_1110",0,1,0
"Ahyacinthus10036-RA","Ahyacinthus10036-RA","Ahya","OG_797",1,1,0
"Ahyacinthus10040-RA","Ahyacinthus10040-RA","Ahya","OG_242",1,1,0
"Ahyacinthus10041-RA","Ahyacinthus10041-RA","Ahya","OG_797",1,1,0
"Ahyacinthus10042-RA","Ahyacinthus10042-RA","Ahya","OG_664",0,1,0
"Ahyacinthus10043-RA","Ahyacinthus10043-RA","Ahya","OG_12035",0,1,1
"Ahyacinthus10044-RA","Ahyacinthus10044-RA","Ahya","OG_12035",0,1,1
"Ahyacinthus10046-RA","Ahyacinthus10046-RA","Ahya","OG_509",0,1,1
"Ahyacinthus10050-RA","Ahyacinthus10050-RA","Ahya","OG_916",0,1,1
"Ahyacinthus10065-RA","Ahyacinthus10065-RA","Ahya","OG_11351",0,1,0
"Ahyacinthus10067-RA","Ahyacinthus10067-RA","Ahya","OG_11350",0,1,0
"Ahyacinthus10068-RA","Ahyacinthus10068-RA","Ahya","OG_3531",0,1,0
"Ahyacinthus10069-RA","Ahyacinthus10069-RA","Ahya","OG_3532",1,1,0
"Ahyacinthus10072-RA","Ahyacinthus10072-RA","Ahya","OG_11349",1,1,0
"Ahyacinthus10074-RA","Ahyacinthus10074-RA","Ahya","OG_3533",0,1,0
"Ahyacinthus10075-RA","Ahyacinthus10075-RA","Ahya","OG_3533",0,1,0
"Ahyacinthus10079-RA","Ahyacinthus10079-RA","Ahya","OG_3536",0,1,0
"Ahyacinthus10080-RA","Ahyacinthus10080-RA","Ahya","OG_3537",0,1,0
"Ahyacinthus10081-RA","Ahyacinthus10081-RA","Ahya","OG_3537",0,1,0
"Ahyacinthus10085-RA","Ahyacinthus10085-RA","Ahya","OG_3538",0,1,0
"Ahyacinthus10086-RA","Ahyacinthus10086-RA","Ahya","OG_3538",0,1,0
"Ahyacinthus10087-RA","Ahyacinthus10087-RA","Ahya","OG_3539",0,1,0
"Ahyacinthus10090-RA","Ahyacinthus10090-RA","Ahya","OG_6486",0,1,0
"Ahyacinthus10091-RA","Ahyacinthus10091-RA","Ahya","OG_11666",0,1,0
"Ahyacinthus10095-RA","Ahyacinthus10095-RA","Ahya","OG_1188",0,1,0
"Ahyacinthus10096-RA","Ahyacinthus10096-RA","Ahya","OG_3540",1,1,0
"Ahyacinthus10100-RA","Ahyacinthus10100-RA","Ahya","OG_1523",0,1,0
"Ahyacinthus10101-RA","Ahyacinthus10101-RA","Ahya","OG_1523",0,1,0
"Ahyacinthus10102-RA","Ahyacinthus10102-RA","Ahya","OG_11757",0,1,0
"Ahyacinthus10106-RA","Ahyacinthus10106-RA","Ahya","OG_316",0,1,0
"Ahyacinthus10108-RA","Ahyacinthus10108-RA","Ahya","OG_5077",0,1,0
"Ahyacinthus10110-RA","Ahyacinthus10110-RA","Ahya","OG_11597",0,1,0
"Ahyacinthus10111-RA","Ahyacinthus10111-RA","Ahya","OG_3542",0,1,0
"Ahyacinthus10113-RA","Ahyacinthus10113-RA","Ahya","OG_3544",0,1,0
"Ahyacinthus10114-RA","Ahyacinthus10114-RA","Ahya","OG_3544",0,1,0
"Ahyacinthus10115-RA","Ahyacinthus10115-RA","Ahya","OG_1564",0,1,0
"Ahyacinthus10116-RA","Ahyacinthus10116-RA","Ahya","OG_11714",0,1,0
"Ahyacinthus10117-RA","Ahyacinthus10117-RA","Ahya","OG_1528",0,1,0
"Ahyacinthus10122-RA","Ahyacinthus10122-RA","Ahya","OG_11640",0,1,0
"Ahyacinthus10123-RA","Ahyacinthus10123-RA","Ahya","OG_11640",0,1,0
"Ahyacinthus10126-RA","Ahyacinthus10126-RA","Ahya","OG_3547",0,1,0
"Ahyacinthus10127-RA","Ahyacinthus10127-RA","Ahya","OG_3547",0,1,0
"Ahyacinthus10128-RA","Ahyacinthus10128-RA","Ahya","OG_6165",0,1,0
"Ahyacinthus10129-RA","Ahyacinthus10129-RA","Ahya","OG_11693",1,1,1
"Ahyacinthus10131-RA","Ahyacinthus10131-RA","Ahya","OG_11692",1,1,0
"Ahyacinthus10132-RA","Ahyacinthus10132-RA","Ahya","OG_3546",0,1,0
"Ahyacinthus10134-RA","Ahyacinthus10134-RA","Ahya","OG_3549",0,1,0
"Ahyacinthus10137-RA","Ahyacinthus10137-RA","Ahya","OG_11687",1,1,0
"Ahyacinthus10138-RA","Ahyacinthus10138-RA","Ahya","OG_1529",0,1,0
"Ahyacinthus10139-RA","Ahyacinthus10139-RA","Ahya","OG_3550",0,1,0
"Ahyacinthus10141-RA","Ahyacinthus10141-RA","Ahya","OG_11496",0,1,0
"Ahyacinthus10142-RA","Ahyacinthus10142-RA","Ahya","OG_9704",0,1,0
"Ahyacinthus10146-RA","Ahyacinthus10146-RA","Ahya","OG_693",0,1,0
"Ahyacinthus10150-RA","Ahyacinthus10150-RA","Ahya","OG_11311",1,1,0
"Ahyacinthus10152-RA","Ahyacinthus10152-RA","Ahya","OG_11309",1,1,1
"Ahyacinthus10153-RA","Ahyacinthus10153-RA","Ahya","OG_6415",1,1,1
"Ahyacinthus10159-RA","Ahyacinthus10159-RA","Ahya","OG_6416",0,1,0
"Ahyacinthus10160-RA","Ahyacinthus10160-RA","Ahya","OG_3554",1,1,0
"Ahyacinthus10162-RA","Ahyacinthus10162-RA","Ahya","OG_3552",0,1,0
"Ahyacinthus10165-RA","Ahyacinthus10165-RA","Ahya","OG_3553",0,1,0
"Ahyacinthus10167-RA","Ahyacinthus10167-RA","Ahya","OG_11646",0,1,0
"Ahyacinthus10168-RA","Ahyacinthus10168-RA","Ahya","OG_3556",0,1,0
"Ahyacinthus10169-RA","Ahyacinthus10169-RA","Ahya","OG_11321",1,1,0
"Ahyacinthus10171-RA","Ahyacinthus10171-RA","Ahya","OG_587",1,1,1
"Ahyacinthus10172-RA","Ahyacinthus10172-RA","Ahya","OG_3557",1,1,0
"Ahyacinthus10176-RA","Ahyacinthus10176-RA","Ahya","OG_955",0,1,0
"Ahyacinthus10179-RA","Ahyacinthus10179-RA","Ahya","OG_3559",1,1,0
"Ahyacinthus10183-RA","Ahyacinthus10183-RA","Ahya","OG_6614",1,1,0
"Ahyacinthus10186-RA","Ahyacinthus10186-RA","Ahya","OG_980",0,1,0
"Ahyacinthus10196-RA","Ahyacinthus10196-RA","Ahya","OG_10744",0,1,0
"Ahyacinthus10197-RA","Ahyacinthus10197-RA","Ahya","OG_11378",0,1,0
"Ahyacinthus10199-RA","Ahyacinthus10199-RA","Ahya","OG_11553",0,1,0
"Ahyacinthus10206-RA","Ahyacinthus10206-RA","Ahya","OG_3566",0,1,0
"Ahyacinthus10221-RA","Ahyacinthus10221-RA","Ahya","OG_11668",0,1,0
"Ahyacinthus10225-RA","Ahyacinthus10225-RA","Ahya","OG_11480",0,1,0
"Ahyacinthus10227-RA","Ahyacinthus10227-RA","Ahya","OG_11481",0,1,0
"Ahyacinthus10234-RA","Ahyacinthus10234-RA","Ahya","OG_453",0,1,0
"Ahyacinthus10236-RA","Ahyacinthus10236-RA","Ahya","OG_1112",0,1,0
"Ahyacinthus10245-RA","Ahyacinthus10245-RA","Ahya","OG_11619",0,1,0
"Ahyacinthus10246-RA","Ahyacinthus10246-RA","Ahya","OG_3567",0,1,0
"Ahyacinthus10252-RA","Ahyacinthus10252-RA","Ahya","OG_11429",0,1,0
"Ahyacinthus10253-RA","Ahyacinthus10253-RA","Ahya","OG_11429",0,1,0
"Ahyacinthus10256-RA","Ahyacinthus10256-RA","Ahya","OG_3571",0,1,0
"Ahyacinthus10259-RA","Ahyacinthus10259-RA","Ahya","OG_3574",0,1,0
"Ahyacinthus10260-RA","Ahyacinthus10260-RA","Ahya","OG_3574",0,1,0
"Ahyacinthus10261-RA","Ahyacinthus10261-RA","Ahya","OG_3573",1,1,0
"Ahyacinthus10262-RA","Ahyacinthus10262-RA","Ahya","OG_664",0,1,0
"Ahyacinthus10263-RA","Ahyacinthus10263-RA","Ahya","OG_664",0,1,0
"Ahyacinthus10265-RA","Ahyacinthus10265-RA","Ahya","OG_3577",1,1,0
"Ahyacinthus10266-RA","Ahyacinthus10266-RA","Ahya","OG_11772",0,1,0
"Ahyacinthus10276-RA","Ahyacinthus10276-RA","Ahya","OG_11626",0,1,0
"Ahyacinthus10279-RA","Ahyacinthus10279-RA","Ahya","OG_11630",1,1,0
"Ahyacinthus10280-RA","Ahyacinthus10280-RA","Ahya","OG_11630",1,1,0
"Ahyacinthus10281-RA","Ahyacinthus10281-RA","Ahya","OG_11697",0,1,0
"Ahyacinthus10282-RA","Ahyacinthus10282-RA","Ahya","OG_11696",1,1,0
"Ahyacinthus10285-RA","Ahyacinthus10285-RA","Ahya","OG_3582",0,1,0
"Ahyacinthus10286-RA","Ahyacinthus10286-RA","Ahya","OG_11631",0,1,0
"Ahyacinthus10288-RA","Ahyacinthus10288-RA","Ahya","OG_3580",1,1,0
"Ahyacinthus10291-RA","Ahyacinthus10291-RA","Ahya","OG_3581",1,1,0
"Ahyacinthus10295-RA","Ahyacinthus10295-RA","Ahya","OG_12218",0,1,0
"Ahyacinthus10303-RA","Ahyacinthus10303-RA","Ahya","OG_12651",0,1,0
"Ahyacinthus10305-RA","Ahyacinthus10305-RA","Ahya","OG_1113",0,1,0
"Ahyacinthus10306-RA","Ahyacinthus10306-RA","Ahya","OG_1113",0,1,0
"Ahyacinthus10308-RA","Ahyacinthus10308-RA","Ahya","OG_6520",0,1,0
"Ahyacinthus10310-RA","Ahyacinthus10310-RA","Ahya","OG_10771",1,1,0
"Ahyacinthus10312-RA","Ahyacinthus10312-RA","Ahya","OG_3588",0,1,1
"Ahyacinthus10320-RA","Ahyacinthus10320-RA","Ahya","OG_3589",1,1,0
"Ahyacinthus10321-RA","Ahyacinthus10321-RA","Ahya","OG_3590",1,1,1
"Ahyacinthus10324-RA","Ahyacinthus10324-RA","Ahya","OG_11381",1,1,0
"Ahyacinthus10327-RA","Ahyacinthus10327-RA","Ahya","OG_6592",0,1,0
"Ahyacinthus10328-RA","Ahyacinthus10328-RA","Ahya","OG_6592",0,1,0
"Ahyacinthus10329-RA","Ahyacinthus10329-RA","Ahya","OG_11469",0,1,0
"Ahyacinthus10330-RA","Ahyacinthus10330-RA","Ahya","OG_11436",0,1,0
"Ahyacinthus10334-RA","Ahyacinthus10334-RA","Ahya","OG_11438",0,1,0
"Ahyacinthus10336-RA","Ahyacinthus10336-RA","Ahya","OG_11439",0,1,0
"Ahyacinthus10337-RA","Ahyacinthus10337-RA","Ahya","OG_3594",0,1,0
"Ahyacinthus10339-RA","Ahyacinthus10339-RA","Ahya","OG_3595",0,1,0
"Ahyacinthus10340-RA","Ahyacinthus10340-RA","Ahya","OG_660",1,1,0
"Ahyacinthus10341-RA","Ahyacinthus10341-RA","Ahya","OG_11734",0,1,0
"Ahyacinthus10344-RA","Ahyacinthus10344-RA","Ahya","OG_3597",1,1,0
"Ahyacinthus10347-RA","Ahyacinthus10347-RA","Ahya","OG_11689",1,1,0
"Ahyacinthus10349-RA","Ahyacinthus10349-RA","Ahya","OG_3598",0,1,0
"Ahyacinthus10350-RA","Ahyacinthus10350-RA","Ahya","OG_3599",0,1,0
"Ahyacinthus10351-RA","Ahyacinthus10351-RA","Ahya","OG_5232",0,1,0
"Ahyacinthus10355-RA","Ahyacinthus10355-RA","Ahya","OG_5967",1,1,0
"Ahyacinthus10356-RA","Ahyacinthus10356-RA","Ahya","OG_3602",0,1,0
"Ahyacinthus10359-RA","Ahyacinthus10359-RA","Ahya","OG_3601",1,1,0
"Ahyacinthus10360-RA","Ahyacinthus10360-RA","Ahya","OG_3601",1,1,0
"Ahyacinthus10362-RA","Ahyacinthus10362-RA","Ahya","OG_316",0,1,0
"Ahyacinthus10366-RA","Ahyacinthus10366-RA","Ahya","OG_316",0,1,0
"Ahyacinthus10367-RA","Ahyacinthus10367-RA","Ahya","OG_876",0,1,1
"Ahyacinthus10369-RA","Ahyacinthus10369-RA","Ahya","OG_316",0,1,0
"Ahyacinthus10371-RA","Ahyacinthus10371-RA","Ahya","OG_316",0,1,0
"Ahyacinthus10372-RA","Ahyacinthus10372-RA","Ahya","OG_11408",1,1,0
"Ahyacinthus10378-RA","Ahyacinthus10378-RA","Ahya","OG_11642",0,1,0
"Ahyacinthus10381-RA","Ahyacinthus10381-RA","Ahya","OG_1210",0,1,0
"Ahyacinthus10388-RA","Ahyacinthus10388-RA","Ahya","OG_11361",0,1,0
"Ahyacinthus10397-RA","Ahyacinthus10397-RA","Ahya","OG_3605",1,1,0
"Ahyacinthus10398-RA","Ahyacinthus10398-RA","Ahya","OG_6172",1,1,0
"Ahyacinthus10402-RA","Ahyacinthus10402-RA","Ahya","OG_6510",0,1,1
"Ahyacinthus10404-RA","Ahyacinthus10404-RA","Ahya","OG_11424",1,1,0
"Ahyacinthus10405-RA","Ahyacinthus10405-RA","Ahya","OG_11425",0,1,0
"Ahyacinthus10406-RA","Ahyacinthus10406-RA","Ahya","OG_12589",0,1,0
"Ahyacinthus10410-RA","Ahyacinthus10410-RA","Ahya","OG_11618",0,1,0
"Ahyacinthus10412-RA","Ahyacinthus10412-RA","Ahya","OG_12662",0,1,0
"Ahyacinthus10414-RA","Ahyacinthus10414-RA","Ahya","OG_658",0,1,0
"Ahyacinthus10419-RA","Ahyacinthus10419-RA","Ahya","OG_3608",0,1,0
"Ahyacinthus10420-RA","Ahyacinthus10420-RA","Ahya","OG_3609",0,1,0
"Ahyacinthus10421-RA","Ahyacinthus10421-RA","Ahya","OG_11779",0,1,0
"Ahyacinthus10422-RA","Ahyacinthus10422-RA","Ahya","OG_11781",0,1,0
"Ahyacinthus10425-RA","Ahyacinthus10425-RA","Ahya","OG_11780",1,1,0
"Ahyacinthus10426-RA","Ahyacinthus10426-RA","Ahya","OG_11782",0,1,0
"Ahyacinthus10430-RA","Ahyacinthus10430-RA","Ahya","OG_5354",0,1,0
"Ahyacinthus10431-RA","Ahyacinthus10431-RA","Ahya","OG_11479",0,1,0
"Ahyacinthus10432-RA","Ahyacinthus10432-RA","Ahya","OG_11783",0,1,0
"Ahyacinthus10433-RA","Ahyacinthus10433-RA","Ahya","OG_144",1,1,0
"Ahyacinthus10435-RA","Ahyacinthus10435-RA","Ahya","OG_6483",0,1,0
"Ahyacinthus10436-RA","Ahyacinthus10436-RA","Ahya","OG_11348",0,1,0
"Ahyacinthus10437-RA","Ahyacinthus10437-RA","Ahya","OG_3612",0,1,0
"Ahyacinthus10440-RA","Ahyacinthus10440-RA","Ahya","OG_6166",0,1,0
"Ahyacinthus10445-RA","Ahyacinthus10445-RA","Ahya","OG_3614",1,1,0
"Ahyacinthus10446-RA","Ahyacinthus10446-RA","Ahya","OG_751",0,1,0
"Ahyacinthus10447-RA","Ahyacinthus10447-RA","Ahya","OG_3615",0,1,0
"Ahyacinthus10448-RA","Ahyacinthus10448-RA","Ahya","OG_3616",0,1,0
"Ahyacinthus10455-RA","Ahyacinthus10455-RA","Ahya","OG_9426",0,1,0
"Ahyacinthus10459-RA","Ahyacinthus10459-RA","Ahya","OG_11474",0,1,0
"Ahyacinthus10464-RA","Ahyacinthus10464-RA","Ahya","OG_11764",0,1,1
"Ahyacinthus10465-RA","Ahyacinthus10465-RA","Ahya","OG_11765",0,1,0
"Ahyacinthus10468-RA","Ahyacinthus10468-RA","Ahya","OG_6241",1,1,0
"Ahyacinthus10473-RA","Ahyacinthus10473-RA","Ahya","OG_6241",1,1,0
"Ahyacinthus10475-RA","Ahyacinthus10475-RA","Ahya","OG_919",0,1,0
"Ahyacinthus10477-RA","Ahyacinthus10477-RA","Ahya","OG_6514",0,1,0
"Ahyacinthus10479-RA","Ahyacinthus10479-RA","Ahya","OG_11767",0,1,0
"Ahyacinthus10480-RA","Ahyacinthus10480-RA","Ahya","OG_11766",1,1,0
"Ahyacinthus10484-RA","Ahyacinthus10484-RA","Ahya","OG_5352",0,1,0
"Ahyacinthus10485-RA","Ahyacinthus10485-RA","Ahya","OG_977",0,1,0
"Ahyacinthus10487-RA","Ahyacinthus10487-RA","Ahya","OG_3621",0,1,0
"Ahyacinthus10488-RA","Ahyacinthus10488-RA","Ahya","OG_3621",0,1,0
"Ahyacinthus10489-RA","Ahyacinthus10489-RA","Ahya","OG_3620",1,1,0
"Ahyacinthus10498-RA","Ahyacinthus10498-RA","Ahya","OG_12661",0,1,0
"Ahyacinthus10499-RA","Ahyacinthus10499-RA","Ahya","OG_8278",1,1,0
"Ahyacinthus10500-RA","Ahyacinthus10500-RA","Ahya","OG_12587",0,1,0
"Ahyacinthus10513-RA","Ahyacinthus10513-RA","Ahya","OG_11394",0,1,0
"Ahyacinthus10517-RA","Ahyacinthus10517-RA","Ahya","OG_3624",0,1,0
"Ahyacinthus10524-RA","Ahyacinthus10524-RA","Ahya","OG_6",1,1,0
"Ahyacinthus10525-RA","Ahyacinthus10525-RA","Ahya","OG_3625",0,1,0
"Ahyacinthus10526-RA","Ahyacinthus10526-RA","Ahya","OG_11316",0,1,0
"Ahyacinthus10531-RA","Ahyacinthus10531-RA","Ahya","OG_3627",0,1,0
"Ahyacinthus10532-RA","Ahyacinthus10532-RA","Ahya","OG_11421",0,1,0
"Ahyacinthus10537-RA","Ahyacinthus10537-RA","Ahya","OG_634",0,1,0
"Ahyacinthus10539-RA","Ahyacinthus10539-RA","Ahya","OG_634",0,1,0
"Ahyacinthus10549-RA","Ahyacinthus10549-RA","Ahya","OG_3630",0,1,0
"Ahyacinthus10551-RA","Ahyacinthus10551-RA","Ahya","OG_11579",1,1,0
"Ahyacinthus10557-RA","Ahyacinthus10557-RA","Ahya","OG_829",0,1,0
"Ahyacinthus10559-RA","Ahyacinthus10559-RA","Ahya","OG_3631",1,1,0
"Ahyacinthus10560-RA","Ahyacinthus10560-RA","Ahya","OG_3631",1,1,0
"Ahyacinthus10564-RA","Ahyacinthus10564-RA","Ahya","OG_3633",0,1,0
"Ahyacinthus10565-RA","Ahyacinthus10565-RA","Ahya","OG_11495",0,1,0
"Ahyacinthus10566-RA","Ahyacinthus10566-RA","Ahya","OG_11492",0,1,0
"Ahyacinthus10567-RA","Ahyacinthus10567-RA","Ahya","OG_11493",0,1,0
"Ahyacinthus10569-RA","Ahyacinthus10569-RA","Ahya","OG_3632",0,1,0
"Ahyacinthus10570-RA","Ahyacinthus10570-RA","Ahya","OG_11683",0,1,0
"Ahyacinthus10571-RA","Ahyacinthus10571-RA","Ahya","OG_11577",1,1,0
"Ahyacinthus10572-RA","Ahyacinthus10572-RA","Ahya","OG_11639",0,1,0
"Ahyacinthus10573-RA","Ahyacinthus10573-RA","Ahya","OG_1075",0,1,1
"Ahyacinthus10578-RA","Ahyacinthus10578-RA","Ahya","OG_3636",0,1,0
"Ahyacinthus10579-RA","Ahyacinthus10579-RA","Ahya","OG_11638",0,1,0
"Ahyacinthus10582-RA","Ahyacinthus10582-RA","Ahya","OG_5348",1,1,0
"Ahyacinthus10587-RA","Ahyacinthus10587-RA","Ahya","OG_495",0,1,1
"Ahyacinthus10588-RA","Ahyacinthus10588-RA","Ahya","OG_11353",0,1,0
"Ahyacinthus10592-RA","Ahyacinthus10592-RA","Ahya","OG_6809",0,1,0
"Ahyacinthus10594-RA","Ahyacinthus10594-RA","Ahya","OG_3639",0,1,0
"Ahyacinthus10606-RA","Ahyacinthus10606-RA","Ahya","OG_11609",0,1,0
"Ahyacinthus10607-RA","Ahyacinthus10607-RA","Ahya","OG_11608",0,1,0
"Ahyacinthus10608-RA","Ahyacinthus10608-RA","Ahya","OG_12591",1,1,0
"Ahyacinthus10612-RA","Ahyacinthus10612-RA","Ahya","OG_6251",0,1,0
"Ahyacinthus10613-RA","Ahyacinthus10613-RA","Ahya","OG_3640",0,1,0
"Ahyacinthus10614-RA","Ahyacinthus10614-RA","Ahya","OG_5350",0,1,0
"Ahyacinthus10617-RA","Ahyacinthus10617-RA","Ahya","OG_3641",0,1,1
"Ahyacinthus10618-RA","Ahyacinthus10618-RA","Ahya","OG_5141",1,1,0
"Ahyacinthus10621-RA","Ahyacinthus10621-RA","Ahya","OG_5141",1,1,0
"Ahyacinthus10622-RA","Ahyacinthus10622-RA","Ahya","OG_5345",0,1,0
"Ahyacinthus10624-RA","Ahyacinthus10624-RA","Ahya","OG_1378",0,1,0
"Ahyacinthus10626-RA","Ahyacinthus10626-RA","Ahya","OG_3642",0,1,0
"Ahyacinthus10627-RA","Ahyacinthus10627-RA","Ahya","OG_11462",0,1,0
"Ahyacinthus10629-RA","Ahyacinthus10629-RA","Ahya","OG_11461",1,1,1
"Ahyacinthus10631-RA","Ahyacinthus10631-RA","Ahya","OG_5362",0,1,0
"Ahyacinthus10632-RA","Ahyacinthus10632-RA","Ahya","OG_6420",1,1,0
"Ahyacinthus10640-RA","Ahyacinthus10640-RA","Ahya","OG_12653",0,1,0
"Ahyacinthus10641-RA","Ahyacinthus10641-RA","Ahya","OG_12492",0,1,0
"Ahyacinthus10643-RA","Ahyacinthus10643-RA","Ahya","OG_1891",0,1,0
"Ahyacinthus10644-RA","Ahyacinthus10644-RA","Ahya","OG_11587",0,1,0
"Ahyacinthus10645-RA","Ahyacinthus10645-RA","Ahya","OG_3645",1,1,0
"Ahyacinthus10649-RA","Ahyacinthus10649-RA","Ahya","OG_1051",1,1,1
"Ahyacinthus10653-RA","Ahyacinthus10653-RA","Ahya","OG_11738",0,1,0
"Ahyacinthus10654-RA","Ahyacinthus10654-RA","Ahya","OG_6418",0,1,0
"Ahyacinthus10656-RA","Ahyacinthus10656-RA","Ahya","OG_1308",0,1,0
"Ahyacinthus10658-RA","Ahyacinthus10658-RA","Ahya","OG_3648",1,1,0
"Ahyacinthus10659-RA","Ahyacinthus10659-RA","Ahya","OG_11508",1,1,1
"Ahyacinthus10660-RA","Ahyacinthus10660-RA","Ahya","OG_939",0,1,0
"Ahyacinthus10661-RA","Ahyacinthus10661-RA","Ahya","OG_939",0,1,0
"Ahyacinthus10665-RA","Ahyacinthus10665-RA","Ahya","OG_11691",1,1,0
"Ahyacinthus10666-RA","Ahyacinthus10666-RA","Ahya","OG_6433",1,1,0
"Ahyacinthus10667-RA","Ahyacinthus10667-RA","Ahya","OG_11690",0,1,0
"Ahyacinthus10668-RA","Ahyacinthus10668-RA","Ahya","OG_3650",0,1,0
"Ahyacinthus10669-RA","Ahyacinthus10669-RA","Ahya","OG_3649",0,1,0
"Ahyacinthus10671-RA","Ahyacinthus10671-RA","Ahya","OG_11522",0,1,0
"Ahyacinthus10684-RA","Ahyacinthus10684-RA","Ahya","OG_11391",1,1,0
"Ahyacinthus10685-RA","Ahyacinthus10685-RA","Ahya","OG_699",1,1,0
"Ahyacinthus10694-RA","Ahyacinthus10694-RA","Ahya","OG_3654",0,1,0
"Ahyacinthus10695-RA","Ahyacinthus10695-RA","Ahya","OG_11532",0,1,0
"Ahyacinthus10696-RA","Ahyacinthus10696-RA","Ahya","OG_6337",0,1,0
"Ahyacinthus10702-RA","Ahyacinthus10702-RA","Ahya","OG_11449",0,1,0
"Ahyacinthus10703-RA","Ahyacinthus10703-RA","Ahya","OG_3656",1,1,0
"Ahyacinthus10704-RA","Ahyacinthus10704-RA","Ahya","OG_11450",0,1,1
"Ahyacinthus10707-RA","Ahyacinthus10707-RA","Ahya","OG_721",1,1,0
"Ahyacinthus10708-RA","Ahyacinthus10708-RA","Ahya","OG_3657",0,1,0
"Ahyacinthus10710-RA","Ahyacinthus10710-RA","Ahya","OG_11643",0,1,0
"Ahyacinthus10711-RA","Ahyacinthus10711-RA","Ahya","OG_11599",0,1,0
"Ahyacinthus10712-RA","Ahyacinthus10712-RA","Ahya","OG_640",1,1,1
"Ahyacinthus10713-RA","Ahyacinthus10713-RA","Ahya","OG_640",1,1,1
"Ahyacinthus10716-RA","Ahyacinthus10716-RA","Ahya","OG_640",1,1,1
"Ahyacinthus10722-RA","Ahyacinthus10722-RA","Ahya","OG_6473",0,1,0
"Ahyacinthus10728-RA","Ahyacinthus10728-RA","Ahya","OG_6171",1,1,0
"Ahyacinthus10730-RA","Ahyacinthus10730-RA","Ahya","OG_3659",0,1,0
"Ahyacinthus10732-RA","Ahyacinthus10732-RA","Ahya","OG_5347",0,1,0
"Ahyacinthus10733-RA","Ahyacinthus10733-RA","Ahya","OG_11563",0,1,0
"Ahyacinthus10735-RA","Ahyacinthus10735-RA","Ahya","OG_1120",1,1,0
"Ahyacinthus10736-RA","Ahyacinthus10736-RA","Ahya","OG_1120",1,1,0
"Ahyacinthus10738-RA","Ahyacinthus10738-RA","Ahya","OG_640",1,1,1
"Ahyacinthus10744-RA","Ahyacinthus10744-RA","Ahya","OG_3661",1,1,0
"Ahyacinthus10745-RA","Ahyacinthus10745-RA","Ahya","OG_11417",0,1,0
"Ahyacinthus10746-RA","Ahyacinthus10746-RA","Ahya","OG_126",1,1,1
"Ahyacinthus10747-RA","Ahyacinthus10747-RA","Ahya","OG_1093",1,1,0
"Ahyacinthus10751-RA","Ahyacinthus10751-RA","Ahya","OG_11418",0,1,0
"Ahyacinthus10752-RA","Ahyacinthus10752-RA","Ahya","OG_3663",0,1,0
"Ahyacinthus10754-RA","Ahyacinthus10754-RA","Ahya","OG_3664",1,1,0
"Ahyacinthus10755-RA","Ahyacinthus10755-RA","Ahya","OG_11561",0,1,0
"Ahyacinthus10756-RA","Ahyacinthus10756-RA","Ahya","OG_11562",1,1,0
"Ahyacinthus10757-RA","Ahyacinthus10757-RA","Ahya","OG_11558",0,1,0
"Ahyacinthus10760-RA","Ahyacinthus10760-RA","Ahya","OG_6162",0,1,1
"Ahyacinthus10766-RA","Ahyacinthus10766-RA","Ahya","OG_165",1,1,1
"Ahyacinthus10767-RA","Ahyacinthus10767-RA","Ahya","OG_11652",0,1,0
"Ahyacinthus10769-RA","Ahyacinthus10769-RA","Ahya","OG_6476",0,1,1
"Ahyacinthus10770-RA","Ahyacinthus10770-RA","Ahya","OG_6334",0,1,0
"Ahyacinthus10771-RA","Ahyacinthus10771-RA","Ahya","OG_11346",0,1,0
"Ahyacinthus10773-RA","Ahyacinthus10773-RA","Ahya","OG_11457",0,1,0
"Ahyacinthus10775-RA","Ahyacinthus10775-RA","Ahya","OG_3669",0,1,0
"Ahyacinthus10777-RA","Ahyacinthus10777-RA","Ahya","OG_3669",0,1,0
"Ahyacinthus10787-RA","Ahyacinthus10787-RA","Ahya","OG_11768",0,1,0
"Ahyacinthus10788-RA","Ahyacinthus10788-RA","Ahya","OG_11768",0,1,0
"Ahyacinthus10790-RA","Ahyacinthus10790-RA","Ahya","OG_3672",0,1,0
"Ahyacinthus10791-RA","Ahyacinthus10791-RA","Ahya","OG_11607",0,1,0
"Ahyacinthus10796-RA","Ahyacinthus10796-RA","Ahya","OG_10415",0,1,0
"Ahyacinthus10801-RA","Ahyacinthus10801-RA","Ahya","OG_1030",1,1,0
"Ahyacinthus10802-RA","Ahyacinthus10802-RA","Ahya","OG_10415",0,1,0
"Ahyacinthus10803-RA","Ahyacinthus10803-RA","Ahya","OG_11898",0,1,1
"Ahyacinthus10804-RA","Ahyacinthus10804-RA","Ahya","OG_10415",0,1,0
"Ahyacinthus10811-RA","Ahyacinthus10811-RA","Ahya","OG_11545",0,1,0
"Ahyacinthus10816-RA","Ahyacinthus10816-RA","Ahya","OG_3675",1,1,0
"Ahyacinthus10817-RA","Ahyacinthus10817-RA","Ahya","OG_11527",1,1,0
"Ahyacinthus10819-RA","Ahyacinthus10819-RA","Ahya","OG_11528",0,1,0
"Ahyacinthus10820-RA","Ahyacinthus10820-RA","Ahya","OG_12595",0,1,0
"Ahyacinthus10821-RA","Ahyacinthus10821-RA","Ahya","OG_11530",1,1,0
"Ahyacinthus10822-RA","Ahyacinthus10822-RA","Ahya","OG_6340",1,1,1
"Ahyacinthus10825-RA","Ahyacinthus10825-RA","Ahya","OG_6340",1,1,1
"Ahyacinthus10828-RA","Ahyacinthus10828-RA","Ahya","OG_11499",0,1,0
"Ahyacinthus10831-RA","Ahyacinthus10831-RA","Ahya","OG_11501",0,1,0
"Ahyacinthus10832-RA","Ahyacinthus10832-RA","Ahya","OG_11502",1,1,0
"Ahyacinthus10834-RA","Ahyacinthus10834-RA","Ahya","OG_3680",0,1,0
"Ahyacinthus10837-RA","Ahyacinthus10837-RA","Ahya","OG_11333",1,1,0
"Ahyacinthus10838-RA","Ahyacinthus10838-RA","Ahya","OG_798",0,1,0
"Ahyacinthus10842-RA","Ahyacinthus10842-RA","Ahya","OG_11620",1,1,0
"Ahyacinthus10844-RA","Ahyacinthus10844-RA","Ahya","OG_3678",1,1,0
"Ahyacinthus10843-RA","Ahyacinthus10843-RA","Ahya","OG_11620",1,1,0
"Ahyacinthus10849-RA","Ahyacinthus10849-RA","Ahya","OG_3681",1,1,0
"Ahyacinthus10851-RA","Ahyacinthus10851-RA","Ahya","OG_11430",1,1,1
"Ahyacinthus10852-RA","Ahyacinthus10852-RA","Ahya","OG_11433",0,1,0
"Ahyacinthus10854-RA","Ahyacinthus10854-RA","Ahya","OG_11433",0,1,0
"Ahyacinthus10857-RA","Ahyacinthus10857-RA","Ahya","OG_11434",0,1,0
"Ahyacinthus10859-RA","Ahyacinthus10859-RA","Ahya","OG_11432",1,1,0
"Ahyacinthus10862-RA","Ahyacinthus10862-RA","Ahya","OG_11525",1,1,0
"Ahyacinthus10864-RA","Ahyacinthus10864-RA","Ahya","OG_11526",1,1,0
"Ahyacinthus10866-RA","Ahyacinthus10866-RA","Ahya","OG_8757",0,1,0
"Ahyacinthus10870-RA","Ahyacinthus10870-RA","Ahya","OG_8566",0,1,0
"Ahyacinthus10871-RA","Ahyacinthus10871-RA","Ahya","OG_11330",0,1,0
"Ahyacinthus10874-RA","Ahyacinthus10874-RA","Ahya","OG_11385",0,1,0
"Ahyacinthus10876-RA","Ahyacinthus10876-RA","Ahya","OG_3686",0,1,0
"Ahyacinthus10877-RA","Ahyacinthus10877-RA","Ahya","OG_3685",0,1,0
"Ahyacinthus10879-RA","Ahyacinthus10879-RA","Ahya","OG_11344",0,1,0
"Ahyacinthus10880-RA","Ahyacinthus10880-RA","Ahya","OG_5351",0,1,0
"Ahyacinthus10885-RA","Ahyacinthus10885-RA","Ahya","OG_6479",1,1,0
"Ahyacinthus10887-RA","Ahyacinthus10887-RA","Ahya","OG_11660",0,1,0
"Ahyacinthus10888-RA","Ahyacinthus10888-RA","Ahya","OG_11451",0,1,0
"Ahyacinthus10889-RA","Ahyacinthus10889-RA","Ahya","OG_3689",1,1,0
"Ahyacinthus10890-RA","Ahyacinthus10890-RA","Ahya","OG_11453",1,1,0
"Ahyacinthus10891-RA","Ahyacinthus10891-RA","Ahya","OG_11452",0,1,1
"Ahyacinthus10893-RA","Ahyacinthus10893-RA","Ahya","OG_741",1,1,1
"Ahyacinthus10895-RA","Ahyacinthus10895-RA","Ahya","OG_9132",0,1,0
"Ahyacinthus10897-RA","Ahyacinthus10897-RA","Ahya","OG_7",0,1,0
"Ahyacinthus10898-RA","Ahyacinthus10898-RA","Ahya","OG_10750",0,1,0
"Ahyacinthus10899-RA","Ahyacinthus10899-RA","Ahya","OG_1788",0,1,0
"Ahyacinthus10900-RA","Ahyacinthus10900-RA","Ahya","OG_5397",0,1,1
"Ahyacinthus10903-RA","Ahyacinthus10903-RA","Ahya","OG_1789",0,1,0
"Ahyacinthus10904-RA","Ahyacinthus10904-RA","Ahya","OG_11189",0,1,0
"Ahyacinthus10911-RA","Ahyacinthus10911-RA","Ahya","OG_6135",0,1,0
"Ahyacinthus10912-RA","Ahyacinthus10912-RA","Ahya","OG_6136",0,1,0
"Ahyacinthus10918-RA","Ahyacinthus10918-RA","Ahya","OG_11197",0,1,0
"Ahyacinthus10919-RA","Ahyacinthus10919-RA","Ahya","OG_1792",0,1,0
"Ahyacinthus10922-RA","Ahyacinthus10922-RA","Ahya","OG_11095",0,1,0
"Ahyacinthus10923-RA","Ahyacinthus10923-RA","Ahya","OG_11196",0,1,0
"Ahyacinthus10924-RA","Ahyacinthus10924-RA","Ahya","OG_11093",0,1,0
"Ahyacinthus10925-RA","Ahyacinthus10925-RA","Ahya","OG_1794",0,1,0
"Ahyacinthus10926-RA","Ahyacinthus10926-RA","Ahya","OG_10883",0,1,0
"Ahyacinthus10927-RA","Ahyacinthus10927-RA","Ahya","OG_1793",0,1,0
"Ahyacinthus10929-RA","Ahyacinthus10929-RA","Ahya","OG_873",0,1,1
"Ahyacinthus10930-RA","Ahyacinthus10930-RA","Ahya","OG_10884",0,1,0
"Ahyacinthus10935-RA","Ahyacinthus10935-RA","Ahya","OG_1515",0,1,0
"Ahyacinthus10956-RA","Ahyacinthus10956-RA","Ahya","OG_11246",0,1,0
"Ahyacinthus10964-RA","Ahyacinthus10964-RA","Ahya","OG_1800",0,1,0
"Ahyacinthus10965-RA","Ahyacinthus10965-RA","Ahya","OG_1800",0,1,0
"Ahyacinthus10966-RA","Ahyacinthus10966-RA","Ahya","OG_1800",0,1,0
"Ahyacinthus10976-RA","Ahyacinthus10976-RA","Ahya","OG_11243",0,1,0
"Ahyacinthus10980-RA","Ahyacinthus10980-RA","Ahya","OG_11245",0,1,0
"Ahyacinthus10983-RA","Ahyacinthus10983-RA","Ahya","OG_11242",0,1,0
"Ahyacinthus10991-RA","Ahyacinthus10991-RA","Ahya","OG_11104",0,1,0
"Ahyacinthus10992-RA","Ahyacinthus10992-RA","Ahya","OG_11101",0,1,0
"Ahyacinthus10993-RA","Ahyacinthus10993-RA","Ahya","OG_11102",0,1,0
"Ahyacinthus10998-RA","Ahyacinthus10998-RA","Ahya","OG_11098",0,1,0
"Ahyacinthus11000-RA","Ahyacinthus11000-RA","Ahya","OG_901",0,1,1
"Ahyacinthus11001-RA","Ahyacinthus11001-RA","Ahya","OG_11099",0,1,0
"Ahyacinthus11002-RA","Ahyacinthus11002-RA","Ahya","OG_1804",0,1,0
"Ahyacinthus11006-RA","Ahyacinthus11006-RA","Ahya","OG_1805",0,1,0
"Ahyacinthus11007-RA","Ahyacinthus11007-RA","Ahya","OG_11153",0,1,0
"Ahyacinthus11008-RA","Ahyacinthus11008-RA","Ahya","OG_1806",0,1,0
"Ahyacinthus11009-RA","Ahyacinthus11009-RA","Ahya","OG_11155",0,1,0
"Ahyacinthus11010-RA","Ahyacinthus11010-RA","Ahya","OG_1808",0,1,0
"Ahyacinthus11011-RA","Ahyacinthus11011-RA","Ahya","OG_1807",0,1,0
"Ahyacinthus11012-RA","Ahyacinthus11012-RA","Ahya","OG_743",0,1,0
"Ahyacinthus11015-RA","Ahyacinthus11015-RA","Ahya","OG_10967",0,1,0
"Ahyacinthus11017-RA","Ahyacinthus11017-RA","Ahya","OG_193",0,1,0
"Ahyacinthus11020-RA","Ahyacinthus11020-RA","Ahya","OG_193",0,1,0
"Ahyacinthus11021-RA","Ahyacinthus11021-RA","Ahya","OG_10966",0,1,0
"Ahyacinthus11022-RA","Ahyacinthus11022-RA","Ahya","OG_11026",0,1,0
"Ahyacinthus11029-RA","Ahyacinthus11029-RA","Ahya","OG_10828",0,1,0
"Ahyacinthus11030-RA","Ahyacinthus11030-RA","Ahya","OG_1810",0,1,0
"Ahyacinthus11032-RA","Ahyacinthus11032-RA","Ahya","OG_6139",0,1,1
"Ahyacinthus11033-RA","Ahyacinthus11033-RA","Ahya","OG_10829",0,1,0
"Ahyacinthus11034-RA","Ahyacinthus11034-RA","Ahya","OG_10887",0,1,0
"Ahyacinthus11035-RA","Ahyacinthus11035-RA","Ahya","OG_1811",0,1,0
"Ahyacinthus11037-RA","Ahyacinthus11037-RA","Ahya","OG_1811",0,1,0
"Ahyacinthus11040-RA","Ahyacinthus11040-RA","Ahya","OG_8522",0,1,0
"Ahyacinthus11044-RA","Ahyacinthus11044-RA","Ahya","OG_1812",0,1,0
"Ahyacinthus11050-RA","Ahyacinthus11050-RA","Ahya","OG_11575",0,1,0
"Ahyacinthus11055-RA","Ahyacinthus11055-RA","Ahya","OG_9831",0,1,0
"Ahyacinthus11057-RA","Ahyacinthus11057-RA","Ahya","OG_11222",0,1,0
"Ahyacinthus11059-RA","Ahyacinthus11059-RA","Ahya","OG_11223",0,1,0
"Ahyacinthus11060-RA","Ahyacinthus11060-RA","Ahya","OG_1814",0,1,0
"Ahyacinthus11061-RA","Ahyacinthus11061-RA","Ahya","OG_1814",0,1,0
"Ahyacinthus11068-RA","Ahyacinthus11068-RA","Ahya","OG_1818",0,1,0
"Ahyacinthus11069-RA","Ahyacinthus11069-RA","Ahya","OG_11123",0,1,0
"Ahyacinthus11077-RA","Ahyacinthus11077-RA","Ahya","OG_10872",0,1,0
"Ahyacinthus11080-RA","Ahyacinthus11080-RA","Ahya","OG_509",0,1,1
"Ahyacinthus11081-RA","Ahyacinthus11081-RA","Ahya","OG_12416",0,1,1
"Ahyacinthus11082-RA","Ahyacinthus11082-RA","Ahya","OG_1820",0,1,0
"Ahyacinthus11087-RA","Ahyacinthus11087-RA","Ahya","OG_6933",0,1,0
"Ahyacinthus11088-RA","Ahyacinthus11088-RA","Ahya","OG_10937",0,1,0
"Ahyacinthus11089-RA","Ahyacinthus11089-RA","Ahya","OG_1821",0,1,0
"Ahyacinthus11090-RA","Ahyacinthus11090-RA","Ahya","OG_1822",0,1,0
"Ahyacinthus11092-RA","Ahyacinthus11092-RA","Ahya","OG_166",0,1,0
"Ahyacinthus11093-RA","Ahyacinthus11093-RA","Ahya","OG_166",0,1,0
"Ahyacinthus11097-RA","Ahyacinthus11097-RA","Ahya","OG_10784",0,1,0
"Ahyacinthus11098-RA","Ahyacinthus11098-RA","Ahya","OG_9294",0,1,0
"Ahyacinthus11099-RA","Ahyacinthus11099-RA","Ahya","OG_1824",0,1,0
"Ahyacinthus11100-RA","Ahyacinthus11100-RA","Ahya","OG_1824",0,1,0
"Ahyacinthus11101-RA","Ahyacinthus11101-RA","Ahya","OG_1824",0,1,0
"Ahyacinthus11102-RA","Ahyacinthus11102-RA","Ahya","OG_10785",0,1,0
"Ahyacinthus11103-RA","Ahyacinthus11103-RA","Ahya","OG_1825",0,1,1
"Ahyacinthus11105-RA","Ahyacinthus11105-RA","Ahya","OG_1828",0,1,1
"Ahyacinthus11107-RA","Ahyacinthus11107-RA","Ahya","OG_1826",0,1,0
"Ahyacinthus11110-RA","Ahyacinthus11110-RA","Ahya","OG_5182",0,1,0
"Ahyacinthus11114-RA","Ahyacinthus11114-RA","Ahya","OG_1827",0,1,0
"Ahyacinthus11116-RA","Ahyacinthus11116-RA","Ahya","OG_1296",0,1,0
"Ahyacinthus11120-RA","Ahyacinthus11120-RA","Ahya","OG_11105",0,1,0
"Ahyacinthus11121-RA","Ahyacinthus11121-RA","Ahya","OG_5083",0,1,0
"Ahyacinthus11133-RA","Ahyacinthus11133-RA","Ahya","OG_11248",0,1,0
"Ahyacinthus11134-RA","Ahyacinthus11134-RA","Ahya","OG_11247",0,1,0
"Ahyacinthus11137-RA","Ahyacinthus11137-RA","Ahya","OG_6154",0,1,0
"Ahyacinthus11138-RA","Ahyacinthus11138-RA","Ahya","OG_12536",0,1,0
"Ahyacinthus11139-RA","Ahyacinthus11139-RA","Ahya","OG_12690",0,1,0
"Ahyacinthus11142-RA","Ahyacinthus11142-RA","Ahya","OG_12672",0,1,0
"Ahyacinthus11144-RA","Ahyacinthus11144-RA","Ahya","OG_12691",0,1,0
"Ahyacinthus11147-RA","Ahyacinthus11147-RA","Ahya","OG_6154",0,1,0
"Ahyacinthus11154-RA","Ahyacinthus11154-RA","Ahya","OG_1834",0,1,0
"Ahyacinthus11155-RA","Ahyacinthus11155-RA","Ahya","OG_10847",0,1,0
"Ahyacinthus11156-RA","Ahyacinthus11156-RA","Ahya","OG_6841",0,1,0
"Ahyacinthus11159-RA","Ahyacinthus11159-RA","Ahya","OG_10845",0,1,1
"Ahyacinthus11160-RA","Ahyacinthus11160-RA","Ahya","OG_11184",0,1,0
"Ahyacinthus11163-RA","Ahyacinthus11163-RA","Ahya","OG_1836",0,1,0
"Ahyacinthus11166-RA","Ahyacinthus11166-RA","Ahya","OG_1838",0,1,0
"Ahyacinthus11167-RA","Ahyacinthus11167-RA","Ahya","OG_1837",0,1,0
"Ahyacinthus11183-RA","Ahyacinthus11183-RA","Ahya","OG_10893",0,1,0
"Ahyacinthus11186-RA","Ahyacinthus11186-RA","Ahya","OG_1840",0,1,0
"Ahyacinthus11187-RA","Ahyacinthus11187-RA","Ahya","OG_11287",1,1,0
"Ahyacinthus11193-RA","Ahyacinthus11193-RA","Ahya","OG_11286",0,1,0
"Ahyacinthus11195-RA","Ahyacinthus11195-RA","Ahya","OG_6146",0,1,0
"Ahyacinthus11196-RA","Ahyacinthus11196-RA","Ahya","OG_10938",0,1,0
"Ahyacinthus11199-RA","Ahyacinthus11199-RA","Ahya","OG_1846",0,1,0
"Ahyacinthus11200-RA","Ahyacinthus11200-RA","Ahya","OG_1846",0,1,0
"Ahyacinthus11206-RA","Ahyacinthus11206-RA","Ahya","OG_5176",0,1,1
"Ahyacinthus11207-RA","Ahyacinthus11207-RA","Ahya","OG_1847",0,1,0
"Ahyacinthus11209-RA","Ahyacinthus11209-RA","Ahya","OG_1848",0,1,0
"Ahyacinthus11221-RA","Ahyacinthus11221-RA","Ahya","OG_11209",0,1,1
"Ahyacinthus11222-RA","Ahyacinthus11222-RA","Ahya","OG_1850",0,1,1
"Ahyacinthus11226-RA","Ahyacinthus11226-RA","Ahya","OG_11250",0,1,0
"Ahyacinthus11227-RA","Ahyacinthus11227-RA","Ahya","OG_7288",1,1,0
"Ahyacinthus11230-RA","Ahyacinthus11230-RA","Ahya","OG_11047",0,1,0
"Ahyacinthus11239-RA","Ahyacinthus11239-RA","Ahya","OG_616",0,1,0
"Ahyacinthus11240-RA","Ahyacinthus11240-RA","Ahya","OG_616",0,1,0
"Ahyacinthus11242-RA","Ahyacinthus11242-RA","Ahya","OG_11046",0,1,0
"Ahyacinthus11244-RA","Ahyacinthus11244-RA","Ahya","OG_1855",0,1,0
"Ahyacinthus11246-RA","Ahyacinthus11246-RA","Ahya","OG_10774",0,1,0
"Ahyacinthus11252-RA","Ahyacinthus11252-RA","Ahya","OG_1853",0,1,0
"Ahyacinthus11255-RA","Ahyacinthus11255-RA","Ahya","OG_1856",0,1,0
"Ahyacinthus11256-RA","Ahyacinthus11256-RA","Ahya","OG_6145",0,1,0
"Ahyacinthus11258-RA","Ahyacinthus11258-RA","Ahya","OG_10935",0,1,1
"Ahyacinthus11259-RA","Ahyacinthus11259-RA","Ahya","OG_11194",0,1,0
"Ahyacinthus11263-RA","Ahyacinthus11263-RA","Ahya","OG_973",0,1,1
"Ahyacinthus11267-RA","Ahyacinthus11267-RA","Ahya","OG_1857",0,1,0
"Ahyacinthus11269-RA","Ahyacinthus11269-RA","Ahya","OG_5407",0,1,0
"Ahyacinthus11272-RA","Ahyacinthus11272-RA","Ahya","OG_10804",0,1,0
"Ahyacinthus11273-RA","Ahyacinthus11273-RA","Ahya","OG_1083",1,1,0
"Ahyacinthus11275-RA","Ahyacinthus11275-RA","Ahya","OG_10804",0,1,0
"Ahyacinthus11276-RA","Ahyacinthus11276-RA","Ahya","OG_1859",0,1,0
"Ahyacinthus11278-RA","Ahyacinthus11278-RA","Ahya","OG_6842",0,1,0
"Ahyacinthus11279-RA","Ahyacinthus11279-RA","Ahya","OG_1858",0,1,0
"Ahyacinthus11286-RA","Ahyacinthus11286-RA","Ahya","OG_11081",0,1,0
"Ahyacinthus11287-RA","Ahyacinthus11287-RA","Ahya","OG_11080",0,1,0
"Ahyacinthus11288-RA","Ahyacinthus11288-RA","Ahya","OG_6837",0,1,1
"Ahyacinthus11289-RA","Ahyacinthus11289-RA","Ahya","OG_1861",0,1,0
"Ahyacinthus11291-RA","Ahyacinthus11291-RA","Ahya","OG_1862",0,1,0
"Ahyacinthus11292-RA","Ahyacinthus11292-RA","Ahya","OG_6147",0,1,0
"Ahyacinthus11296-RA","Ahyacinthus11296-RA","Ahya","OG_1863",0,1,0
"Ahyacinthus11297-RA","Ahyacinthus11297-RA","Ahya","OG_5984",0,1,1
"Ahyacinthus11301-RA","Ahyacinthus11301-RA","Ahya","OG_1865",0,1,1
"Ahyacinthus11302-RA","Ahyacinthus11302-RA","Ahya","OG_1866",0,1,0
"Ahyacinthus11306-RA","Ahyacinthus11306-RA","Ahya","OG_6399",0,1,0
"Ahyacinthus11307-RA","Ahyacinthus11307-RA","Ahya","OG_6399",0,1,0
"Ahyacinthus11312-RA","Ahyacinthus11312-RA","Ahya","OG_11108",0,1,0
"Ahyacinthus11315-RA","Ahyacinthus11315-RA","Ahya","OG_10921",0,1,1
"Ahyacinthus11316-RA","Ahyacinthus11316-RA","Ahya","OG_1868",0,1,0
"Ahyacinthus11317-RA","Ahyacinthus11317-RA","Ahya","OG_1869",0,1,0
"Ahyacinthus11321-RA","Ahyacinthus11321-RA","Ahya","OG_1872",0,1,0
"Ahyacinthus11322-RA","Ahyacinthus11322-RA","Ahya","OG_1873",0,1,0
"Ahyacinthus11329-RA","Ahyacinthus11329-RA","Ahya","OG_11192",0,1,0
"Ahyacinthus11330-RA","Ahyacinthus11330-RA","Ahya","OG_11192",0,1,0
"Ahyacinthus11333-RA","Ahyacinthus11333-RA","Ahya","OG_9352",0,1,1
"Ahyacinthus11336-RA","Ahyacinthus11336-RA","Ahya","OG_11001",0,1,0
"Ahyacinthus11342-RA","Ahyacinthus11342-RA","Ahya","OG_600",0,1,0
"Ahyacinthus11343-RA","Ahyacinthus11343-RA","Ahya","OG_600",0,1,0
"Ahyacinthus11350-RA","Ahyacinthus11350-RA","Ahya","OG_10913",0,1,0
"Ahyacinthus11351-RA","Ahyacinthus11351-RA","Ahya","OG_11260",0,1,1
"Ahyacinthus11352-RA","Ahyacinthus11352-RA","Ahya","OG_5403",0,1,1
"Ahyacinthus11353-RA","Ahyacinthus11353-RA","Ahya","OG_1878",0,1,0
"Ahyacinthus11356-RA","Ahyacinthus11356-RA","Ahya","OG_10813",0,1,0
"Ahyacinthus11357-RA","Ahyacinthus11357-RA","Ahya","OG_6927",0,1,0
"Ahyacinthus11374-RA","Ahyacinthus11374-RA","Ahya","OG_183",0,1,1
"Ahyacinthus11381-RA","Ahyacinthus11381-RA","Ahya","OG_1881",0,1,0
"Ahyacinthus11383-RA","Ahyacinthus11383-RA","Ahya","OG_10986",0,1,0
"Ahyacinthus11386-RA","Ahyacinthus11386-RA","Ahya","OG_991",1,1,0
"Ahyacinthus11407-RA","Ahyacinthus11407-RA","Ahya","OG_1262",0,1,0
"Ahyacinthus11414-RA","Ahyacinthus11414-RA","Ahya","OG_11200",0,1,0
"Ahyacinthus11415-RA","Ahyacinthus11415-RA","Ahya","OG_11199",0,1,1
"Ahyacinthus11417-RA","Ahyacinthus11417-RA","Ahya","OG_1887",0,1,0
"Ahyacinthus11428-RA","Ahyacinthus11428-RA","Ahya","OG_6855",0,1,0
"Ahyacinthus11438-RA","Ahyacinthus11438-RA","Ahya","OG_10943",0,1,0
"Ahyacinthus11445-RA","Ahyacinthus11445-RA","Ahya","OG_10952",0,1,0
"Ahyacinthus11450-RA","Ahyacinthus11450-RA","Ahya","OG_1893",0,1,0
"Ahyacinthus11451-RA","Ahyacinthus11451-RA","Ahya","OG_4980",0,1,0
"Ahyacinthus11456-RA","Ahyacinthus11456-RA","Ahya","OG_11029",0,1,0
"Ahyacinthus11459-RA","Ahyacinthus11459-RA","Ahya","OG_11225",0,1,0
"Ahyacinthus11460-RA","Ahyacinthus11460-RA","Ahya","OG_11224",0,1,0
"Ahyacinthus11461-RA","Ahyacinthus11461-RA","Ahya","OG_6413",0,1,0
"Ahyacinthus11463-RA","Ahyacinthus11463-RA","Ahya","OG_1894",0,1,0
"Ahyacinthus11465-RA","Ahyacinthus11465-RA","Ahya","OG_991",1,1,0
"Ahyacinthus11467-RA","Ahyacinthus11467-RA","Ahya","OG_11072",0,1,0
"Ahyacinthus11485-RA","Ahyacinthus11485-RA","Ahya","OG_12333",0,1,0
"Ahyacinthus11486-RA","Ahyacinthus11486-RA","Ahya","OG_6138",0,1,0
"Ahyacinthus11487-RA","Ahyacinthus11487-RA","Ahya","OG_10794",0,1,0
"Ahyacinthus11490-RA","Ahyacinthus11490-RA","Ahya","OG_6459",0,1,1
"Ahyacinthus11494-RA","Ahyacinthus11494-RA","Ahya","OG_1114",1,1,0
"Ahyacinthus11501-RA","Ahyacinthus11501-RA","Ahya","OG_583",0,1,0
"Ahyacinthus11512-RA","Ahyacinthus11512-RA","Ahya","OG_6160",0,1,0
"Ahyacinthus11513-RA","Ahyacinthus11513-RA","Ahya","OG_11217",0,1,0
"Ahyacinthus11514-RA","Ahyacinthus11514-RA","Ahya","OG_11216",0,1,0
"Ahyacinthus11516-RA","Ahyacinthus11516-RA","Ahya","OG_1898",0,1,0
"Ahyacinthus11519-RA","Ahyacinthus11519-RA","Ahya","OG_6851",0,1,0
"Ahyacinthus11521-RA","Ahyacinthus11521-RA","Ahya","OG_10830",0,1,0
"Ahyacinthus11523-RA","Ahyacinthus11523-RA","Ahya","OG_1901",0,1,0
"Ahyacinthus11525-RA","Ahyacinthus11525-RA","Ahya","OG_259",0,1,0
"Ahyacinthus11527-RA","Ahyacinthus11527-RA","Ahya","OG_440",0,1,0
"Ahyacinthus11528-RA","Ahyacinthus11528-RA","Ahya","OG_6730",0,1,0
"Ahyacinthus11530-RA","Ahyacinthus11530-RA","Ahya","OG_1903",0,1,0
"Ahyacinthus11532-RA","Ahyacinthus11532-RA","Ahya","OG_1902",0,1,0
"Ahyacinthus11538-RA","Ahyacinthus11538-RA","Ahya","OG_6531",0,1,0
"Ahyacinthus11543-RA","Ahyacinthus11543-RA","Ahya","OG_7522",0,1,0
"Ahyacinthus11544-RA","Ahyacinthus11544-RA","Ahya","OG_6394",0,1,0
"Ahyacinthus11545-RA","Ahyacinthus11545-RA","Ahya","OG_1906",0,1,0
"Ahyacinthus11549-RA","Ahyacinthus11549-RA","Ahya","OG_10833",0,1,0
"Ahyacinthus11550-RA","Ahyacinthus11550-RA","Ahya","OG_5125",1,1,1
"Ahyacinthus11551-RA","Ahyacinthus11551-RA","Ahya","OG_1135",0,1,0
"Ahyacinthus11555-RA","Ahyacinthus11555-RA","Ahya","OG_1908",0,1,0
"Ahyacinthus11556-RA","Ahyacinthus11556-RA","Ahya","OG_10849",0,1,0
"Ahyacinthus11557-RA","Ahyacinthus11557-RA","Ahya","OG_10850",0,1,0
"Ahyacinthus11559-RA","Ahyacinthus11559-RA","Ahya","OG_1911",0,1,0
"Ahyacinthus11560-RA","Ahyacinthus11560-RA","Ahya","OG_11147",0,1,0
"Ahyacinthus11563-RA","Ahyacinthus11563-RA","Ahya","OG_1049",0,1,0
"Ahyacinthus11564-RA","Ahyacinthus11564-RA","Ahya","OG_11262",0,1,0
"Ahyacinthus11565-RA","Ahyacinthus11565-RA","Ahya","OG_1049",0,1,0
"Ahyacinthus11568-RA","Ahyacinthus11568-RA","Ahya","OG_11262",0,1,0
"Ahyacinthus11569-RA","Ahyacinthus11569-RA","Ahya","OG_6833",0,1,0
"Ahyacinthus11571-RA","Ahyacinthus11571-RA","Ahya","OG_1912",0,1,0
"Ahyacinthus11574-RA","Ahyacinthus11574-RA","Ahya","OG_1913",0,1,0
"Ahyacinthus11575-RA","Ahyacinthus11575-RA","Ahya","OG_1914",0,1,0
"Ahyacinthus11576-RA","Ahyacinthus11576-RA","Ahya","OG_571",0,1,1
"Ahyacinthus11578-RA","Ahyacinthus11578-RA","Ahya","OG_509",0,1,1
"Ahyacinthus11583-RA","Ahyacinthus11583-RA","Ahya","OG_6835",0,1,0
"Ahyacinthus11584-RA","Ahyacinthus11584-RA","Ahya","OG_1915",0,1,1
"Ahyacinthus11585-RA","Ahyacinthus11585-RA","Ahya","OG_1915",0,1,1
"Ahyacinthus11586-RA","Ahyacinthus11586-RA","Ahya","OG_11136",0,1,0
"Ahyacinthus11587-RA","Ahyacinthus11587-RA","Ahya","OG_11135",0,1,0
"Ahyacinthus11589-RA","Ahyacinthus11589-RA","Ahya","OG_12694",0,1,0
"Ahyacinthus11591-RA","Ahyacinthus11591-RA","Ahya","OG_12696",0,1,0
"Ahyacinthus11597-RA","Ahyacinthus11597-RA","Ahya","OG_418",0,1,0
"Ahyacinthus11600-RA","Ahyacinthus11600-RA","Ahya","OG_533",0,1,0
"Ahyacinthus11608-RA","Ahyacinthus11608-RA","Ahya","OG_257",1,1,1
"Ahyacinthus11610-RA","Ahyacinthus11610-RA","Ahya","OG_1917",0,1,0
"Ahyacinthus11611-RA","Ahyacinthus11611-RA","Ahya","OG_12531",0,1,1
"Ahyacinthus11615-RA","Ahyacinthus11615-RA","Ahya","OG_11138",0,1,0
"Ahyacinthus11617-RA","Ahyacinthus11617-RA","Ahya","OG_6376",0,1,0
"Ahyacinthus11619-RA","Ahyacinthus11619-RA","Ahya","OG_1920",0,1,0
"Ahyacinthus11621-RA","Ahyacinthus11621-RA","Ahya","OG_1919",0,1,0
"Ahyacinthus11624-RA","Ahyacinthus11624-RA","Ahya","OG_11126",0,1,0
"Ahyacinthus11627-RA","Ahyacinthus11627-RA","Ahya","OG_11127",0,1,0
"Ahyacinthus11630-RA","Ahyacinthus11630-RA","Ahya","OG_1923",0,1,0
"Ahyacinthus11631-RA","Ahyacinthus11631-RA","Ahya","OG_248",1,1,1
"Ahyacinthus11634-RA","Ahyacinthus11634-RA","Ahya","OG_1924",0,1,0
"Ahyacinthus11636-RA","Ahyacinthus11636-RA","Ahya","OG_1922",0,1,0
"Ahyacinthus11641-RA","Ahyacinthus11641-RA","Ahya","OG_848",1,1,0
"Ahyacinthus11645-RA","Ahyacinthus11645-RA","Ahya","OG_10749",0,1,0
"Ahyacinthus11646-RA","Ahyacinthus11646-RA","Ahya","OG_1926",0,1,0
"Ahyacinthus11647-RA","Ahyacinthus11647-RA","Ahya","OG_10747",0,1,0
"Ahyacinthus11652-RA","Ahyacinthus11652-RA","Ahya","OG_9359",0,1,0
"Ahyacinthus11654-RA","Ahyacinthus11654-RA","Ahya","OG_324",0,1,1
"Ahyacinthus11655-RA","Ahyacinthus11655-RA","Ahya","OG_844",0,1,0
"Ahyacinthus11656-RA","Ahyacinthus11656-RA","Ahya","OG_170",1,1,1
"Ahyacinthus11668-RA","Ahyacinthus11668-RA","Ahya","OG_248",1,1,1
"Ahyacinthus11669-RA","Ahyacinthus11669-RA","Ahya","OG_828",0,1,0
"Ahyacinthus11670-RA","Ahyacinthus11670-RA","Ahya","OG_5124",0,1,0
"Ahyacinthus11671-RA","Ahyacinthus11671-RA","Ahya","OG_257",1,1,1
"Ahyacinthus11672-RA","Ahyacinthus11672-RA","Ahya","OG_257",1,1,1
"Ahyacinthus11676-RA","Ahyacinthus11676-RA","Ahya","OG_367",0,1,1
"Ahyacinthus11679-RA","Ahyacinthus11679-RA","Ahya","OG_1927",0,1,0
"Ahyacinthus11681-RA","Ahyacinthus11681-RA","Ahya","OG_496",0,1,0
"Ahyacinthus11683-RA","Ahyacinthus11683-RA","Ahya","OG_5367",0,1,0
"Ahyacinthus11684-RA","Ahyacinthus11684-RA","Ahya","OG_377",1,1,0
"Ahyacinthus11686-RA","Ahyacinthus11686-RA","Ahya","OG_7515",0,1,0
"Ahyacinthus11690-RA","Ahyacinthus11690-RA","Ahya","OG_10783",0,1,0
"Ahyacinthus11693-RA","Ahyacinthus11693-RA","Ahya","OG_448",1,1,1
"Ahyacinthus11697-RA","Ahyacinthus11697-RA","Ahya","OG_876",0,1,1
"Ahyacinthus11698-RA","Ahyacinthus11698-RA","Ahya","OG_238",0,1,1
"Ahyacinthus11699-RA","Ahyacinthus11699-RA","Ahya","OG_849",0,1,0
"Ahyacinthus11700-RA","Ahyacinthus11700-RA","Ahya","OG_5108",0,1,1
"Ahyacinthus11701-RA","Ahyacinthus11701-RA","Ahya","OG_741",1,1,1
"Ahyacinthus11703-RA","Ahyacinthus11703-RA","Ahya","OG_977",0,1,0
"Ahyacinthus11709-RA","Ahyacinthus11709-RA","Ahya","OG_5181",0,1,0
"Ahyacinthus11713-RA","Ahyacinthus11713-RA","Ahya","OG_737",1,1,0
"Ahyacinthus11715-RA","Ahyacinthus11715-RA","Ahya","OG_459",0,1,0
"Ahyacinthus11716-RA","Ahyacinthus11716-RA","Ahya","OG_848",1,1,0
"Ahyacinthus11717-RA","Ahyacinthus11717-RA","Ahya","OG_1929",0,1,0
"Ahyacinthus11718-RA","Ahyacinthus11718-RA","Ahya","OG_1929",0,1,0
"Ahyacinthus11720-RA","Ahyacinthus11720-RA","Ahya","OG_377",1,1,0
"Ahyacinthus11721-RA","Ahyacinthus11721-RA","Ahya","OG_186",1,1,1
"Ahyacinthus11722-RA","Ahyacinthus11722-RA","Ahya","OG_170",1,1,1
"Ahyacinthus11725-RA","Ahyacinthus11725-RA","Ahya","OG_1190",0,1,0
"Ahyacinthus11726-RA","Ahyacinthus11726-RA","Ahya","OG_1190",0,1,0
"Ahyacinthus11728-RA","Ahyacinthus11728-RA","Ahya","OG_709",0,1,1
"Ahyacinthus11729-RA","Ahyacinthus11729-RA","Ahya","OG_186",1,1,1
"Ahyacinthus11731-RA","Ahyacinthus11731-RA","Ahya","OG_282",0,1,0
"Ahyacinthus11734-RA","Ahyacinthus11734-RA","Ahya","OG_10769",0,1,0
"Ahyacinthus11735-RA","Ahyacinthus11735-RA","Ahya","OG_1278",0,1,0
"Ahyacinthus11736-RA","Ahyacinthus11736-RA","Ahya","OG_10768",0,1,0
"Ahyacinthus11749-RA","Ahyacinthus11749-RA","Ahya","OG_11177",0,1,0
"Ahyacinthus11750-RA","Ahyacinthus11750-RA","Ahya","OG_1218",0,1,0
"Ahyacinthus11751-RA","Ahyacinthus11751-RA","Ahya","OG_1180",0,1,0
"Ahyacinthus11755-RA","Ahyacinthus11755-RA","Ahya","OG_715",0,1,1
"Ahyacinthus11756-RA","Ahyacinthus11756-RA","Ahya","OG_716",0,1,1
"Ahyacinthus11758-RA","Ahyacinthus11758-RA","Ahya","OG_541",1,1,1
"Ahyacinthus11761-RA","Ahyacinthus11761-RA","Ahya","OG_1349",0,1,1
"Ahyacinthus11762-RA","Ahyacinthus11762-RA","Ahya","OG_606",0,1,0
"Ahyacinthus11763-RA","Ahyacinthus11763-RA","Ahya","OG_332",0,1,1
"Ahyacinthus11766-RA","Ahyacinthus11766-RA","Ahya","OG_899",0,1,0
"Ahyacinthus11767-RA","Ahyacinthus11767-RA","Ahya","OG_553",0,1,1
"Ahyacinthus11768-RA","Ahyacinthus11768-RA","Ahya","OG_369",1,1,1
"Ahyacinthus11769-RA","Ahyacinthus11769-RA","Ahya","OG_369",1,1,1
"Ahyacinthus11771-RA","Ahyacinthus11771-RA","Ahya","OG_270",1,1,1
"Ahyacinthus11773-RA","Ahyacinthus11773-RA","Ahya","OG_12639",0,1,0
"Ahyacinthus11777-RA","Ahyacinthus11777-RA","Ahya","OG_1162",0,1,1
"Ahyacinthus11778-RA","Ahyacinthus11778-RA","Ahya","OG_5945",0,1,0
"Ahyacinthus11781-RA","Ahyacinthus11781-RA","Ahya","OG_12329",0,1,0
"Ahyacinthus11785-RA","Ahyacinthus11785-RA","Ahya","OG_741",1,1,1
"Ahyacinthus11786-RA","Ahyacinthus11786-RA","Ahya","OG_5126",0,1,0
"Ahyacinthus11787-RA","Ahyacinthus11787-RA","Ahya","OG_868",1,1,1
"Ahyacinthus11788-RA","Ahyacinthus11788-RA","Ahya","OG_868",1,1,1
"Ahyacinthus11790-RA","Ahyacinthus11790-RA","Ahya","OG_849",0,1,0
"Ahyacinthus11791-RA","Ahyacinthus11791-RA","Ahya","OG_1231",0,1,1
"Ahyacinthus11793-RA","Ahyacinthus11793-RA","Ahya","OG_1079",0,1,1
"Ahyacinthus11796-RA","Ahyacinthus11796-RA","Ahya","OG_590",0,1,1
"Ahyacinthus11797-RA","Ahyacinthus11797-RA","Ahya","OG_590",0,1,1
"Ahyacinthus11798-RA","Ahyacinthus11798-RA","Ahya","OG_1015",0,1,1
"Ahyacinthus11799-RA","Ahyacinthus11799-RA","Ahya","OG_1086",0,1,0
"Ahyacinthus11800-RA","Ahyacinthus11800-RA","Ahya","OG_168",0,1,1
"Ahyacinthus11802-RA","Ahyacinthus11802-RA","Ahya","OG_851",1,1,0
"Ahyacinthus11803-RA","Ahyacinthus11803-RA","Ahya","OG_851",1,1,0
"Ahyacinthus11804-RA","Ahyacinthus11804-RA","Ahya","OG_408",1,1,1
"Ahyacinthus11805-RA","Ahyacinthus11805-RA","Ahya","OG_909",0,1,1
"Ahyacinthus11806-RA","Ahyacinthus11806-RA","Ahya","OG_353",0,1,0
"Ahyacinthus11808-RA","Ahyacinthus11808-RA","Ahya","OG_1933",0,1,0
"Ahyacinthus11811-RA","Ahyacinthus11811-RA","Ahya","OG_10877",0,1,0
"Ahyacinthus11812-RA","Ahyacinthus11812-RA","Ahya","OG_6143",0,1,0
"Ahyacinthus11813-RA","Ahyacinthus11813-RA","Ahya","OG_1934",0,1,0
"Ahyacinthus11814-RA","Ahyacinthus11814-RA","Ahya","OG_10940",0,1,0
"Ahyacinthus11815-RA","Ahyacinthus11815-RA","Ahya","OG_1935",0,1,0
"Ahyacinthus11816-RA","Ahyacinthus11816-RA","Ahya","OG_615",0,1,0
"Ahyacinthus11817-RA","Ahyacinthus11817-RA","Ahya","OG_6535",1,1,1
"Ahyacinthus11823-RA","Ahyacinthus11823-RA","Ahya","OG_853",0,1,0
"Ahyacinthus11824-RA","Ahyacinthus11824-RA","Ahya","OG_1295",0,1,0
"Ahyacinthus11829-RA","Ahyacinthus11829-RA","Ahya","OG_1936",0,1,0
"Ahyacinthus11830-RA","Ahyacinthus11830-RA","Ahya","OG_6854",0,1,0
"Ahyacinthus11834-RA","Ahyacinthus11834-RA","Ahya","OG_1939",0,1,0
"Ahyacinthus11835-RA","Ahyacinthus11835-RA","Ahya","OG_10862",0,1,0
"Ahyacinthus11836-RA","Ahyacinthus11836-RA","Ahya","OG_10863",0,1,0
"Ahyacinthus11839-RA","Ahyacinthus11839-RA","Ahya","OG_10865",0,1,0
"Ahyacinthus11843-RA","Ahyacinthus11843-RA","Ahya","OG_1014",0,1,0
"Ahyacinthus11844-RA","Ahyacinthus11844-RA","Ahya","OG_287",1,1,1
"Ahyacinthus11846-RA","Ahyacinthus11846-RA","Ahya","OG_682",1,1,1
"Ahyacinthus11853-RA","Ahyacinthus11853-RA","Ahya","OG_627",0,1,0
"Ahyacinthus11854-RA","Ahyacinthus11854-RA","Ahya","OG_627",0,1,0
"Ahyacinthus11864-RA","Ahyacinthus11864-RA","Ahya","OG_165",1,1,1
"Ahyacinthus11865-RA","Ahyacinthus11865-RA","Ahya","OG_6150",0,1,0
"Ahyacinthus11866-RA","Ahyacinthus11866-RA","Ahya","OG_10802",0,1,0
"Ahyacinthus11870-RA","Ahyacinthus11870-RA","Ahya","OG_6836",0,1,0
"Ahyacinthus11871-RA","Ahyacinthus11871-RA","Ahya","OG_471",0,1,0
"Ahyacinthus11875-RA","Ahyacinthus11875-RA","Ahya","OG_6834",0,1,0
"Ahyacinthus11888-RA","Ahyacinthus11888-RA","Ahya","OG_11180",0,1,0
"Ahyacinthus11890-RA","Ahyacinthus11890-RA","Ahya","OG_11181",0,1,0
"Ahyacinthus11891-RA","Ahyacinthus11891-RA","Ahya","OG_1946",0,1,0
"Ahyacinthus11892-RA","Ahyacinthus11892-RA","Ahya","OG_1945",0,1,1
"Ahyacinthus11894-RA","Ahyacinthus11894-RA","Ahya","OG_10839",0,1,0
"Ahyacinthus11901-RA","Ahyacinthus11901-RA","Ahya","OG_9143",0,1,0
"Ahyacinthus11906-RA","Ahyacinthus11906-RA","Ahya","OG_897",0,1,0
"Ahyacinthus11907-RA","Ahyacinthus11907-RA","Ahya","OG_7155",1,1,0
"Ahyacinthus11915-RA","Ahyacinthus11915-RA","Ahya","OG_1083",1,1,0
"Ahyacinthus11941-RA","Ahyacinthus11941-RA","Ahya","OG_1948",0,1,0
"Ahyacinthus11944-RA","Ahyacinthus11944-RA","Ahya","OG_1950",0,1,0
"Ahyacinthus11945-RA","Ahyacinthus11945-RA","Ahya","OG_5239",0,1,0
"Ahyacinthus11948-RA","Ahyacinthus11948-RA","Ahya","OG_10925",0,1,0
"Ahyacinthus11950-RA","Ahyacinthus11950-RA","Ahya","OG_1955",0,1,0
"Ahyacinthus11954-RA","Ahyacinthus11954-RA","Ahya","OG_11111",0,1,0
"Ahyacinthus11956-RA","Ahyacinthus11956-RA","Ahya","OG_1504",0,1,0
"Ahyacinthus11960-RA","Ahyacinthus11960-RA","Ahya","OG_1958",0,1,0
"Ahyacinthus11961-RA","Ahyacinthus11961-RA","Ahya","OG_1959",0,1,0
"Ahyacinthus11965-RA","Ahyacinthus11965-RA","Ahya","OG_1274",0,1,0
"Ahyacinthus11970-RA","Ahyacinthus11970-RA","Ahya","OG_1961",0,1,0
"Ahyacinthus11971-RA","Ahyacinthus11971-RA","Ahya","OG_1960",0,1,0
"Ahyacinthus11975-RA","Ahyacinthus11975-RA","Ahya","OG_5233",0,1,0
"Ahyacinthus11984-RA","Ahyacinthus11984-RA","Ahya","OG_5366",0,1,0
"Ahyacinthus11986-RA","Ahyacinthus11986-RA","Ahya","OG_1964",0,1,0
"Ahyacinthus11987-RA","Ahyacinthus11987-RA","Ahya","OG_8508",0,1,0
"Ahyacinthus11992-RA","Ahyacinthus11992-RA","Ahya","OG_563",0,1,1
"Ahyacinthus11996-RA","Ahyacinthus11996-RA","Ahya","OG_563",0,1,1
"Ahyacinthus12000-RA","Ahyacinthus12000-RA","Ahya","OG_905",1,1,1
"Ahyacinthus12003-RA","Ahyacinthus12003-RA","Ahya","OG_852",0,1,0
"Ahyacinthus12004-RA","Ahyacinthus12004-RA","Ahya","OG_10958",0,1,0
"Ahyacinthus12009-RA","Ahyacinthus12009-RA","Ahya","OG_5207",0,1,0
"Ahyacinthus12012-RA","Ahyacinthus12012-RA","Ahya","OG_1965",0,1,0
"Ahyacinthus12025-RA","Ahyacinthus12025-RA","Ahya","OG_11204",0,1,1
"Ahyacinthus12026-RA","Ahyacinthus12026-RA","Ahya","OG_11204",0,1,1
"Ahyacinthus12027-RA","Ahyacinthus12027-RA","Ahya","OG_11205",0,1,0
"Ahyacinthus12028-RA","Ahyacinthus12028-RA","Ahya","OG_11206",0,1,0
"Ahyacinthus12030-RA","Ahyacinthus12030-RA","Ahya","OG_1967",0,1,0
"Ahyacinthus12031-RA","Ahyacinthus12031-RA","Ahya","OG_1968",0,1,0
"Ahyacinthus12032-RA","Ahyacinthus12032-RA","Ahya","OG_5254",0,1,0
"Ahyacinthus12036-RA","Ahyacinthus12036-RA","Ahya","OG_11186",0,1,0
"Ahyacinthus12037-RA","Ahyacinthus12037-RA","Ahya","OG_5259",0,1,0
"Ahyacinthus12042-RA","Ahyacinthus12042-RA","Ahya","OG_1970",0,1,0
"Ahyacinthus12043-RA","Ahyacinthus12043-RA","Ahya","OG_1972",0,1,0
"Ahyacinthus12044-RA","Ahyacinthus12044-RA","Ahya","OG_1971",0,1,0
"Ahyacinthus12046-RA","Ahyacinthus12046-RA","Ahya","OG_1973",0,1,0
"Ahyacinthus12048-RA","Ahyacinthus12048-RA","Ahya","OG_11159",0,1,0
"Ahyacinthus12053-RA","Ahyacinthus12053-RA","Ahya","OG_1974",0,1,0
"Ahyacinthus12055-RA","Ahyacinthus12055-RA","Ahya","OG_5449",0,1,0
"Ahyacinthus12063-RA","Ahyacinthus12063-RA","Ahya","OG_7583",0,1,0
"Ahyacinthus12064-RA","Ahyacinthus12064-RA","Ahya","OG_10809",0,1,0
"Ahyacinthus12065-RA","Ahyacinthus12065-RA","Ahya","OG_10810",0,1,0
"Ahyacinthus12067-RA","Ahyacinthus12067-RA","Ahya","OG_1977",0,1,1
"Ahyacinthus12068-RA","Ahyacinthus12068-RA","Ahya","OG_10808",0,1,0
"Ahyacinthus12069-RA","Ahyacinthus12069-RA","Ahya","OG_1978",0,1,0
"Ahyacinthus12073-RA","Ahyacinthus12073-RA","Ahya","OG_11019",0,1,0
"Ahyacinthus12081-RA","Ahyacinthus12081-RA","Ahya","OG_1979",0,1,0
"Ahyacinthus12082-RA","Ahyacinthus12082-RA","Ahya","OG_11018",0,1,0
"Ahyacinthus12085-RA","Ahyacinthus12085-RA","Ahya","OG_415",0,1,0
"Ahyacinthus12087-RA","Ahyacinthus12087-RA","Ahya","OG_11017",0,1,0
"Ahyacinthus12095-RA","Ahyacinthus12095-RA","Ahya","OG_6857",0,1,0
"Ahyacinthus12096-RA","Ahyacinthus12096-RA","Ahya","OG_6137",0,1,0
"Ahyacinthus12104-RA","Ahyacinthus12104-RA","Ahya","OG_11182",0,1,0
"Ahyacinthus12105-RA","Ahyacinthus12105-RA","Ahya","OG_1980",0,1,0
"Ahyacinthus12106-RA","Ahyacinthus12106-RA","Ahya","OG_1985",0,1,0
"Ahyacinthus12108-RA","Ahyacinthus12108-RA","Ahya","OG_1985",0,1,0
"Ahyacinthus12111-RA","Ahyacinthus12111-RA","Ahya","OG_1984",0,1,0
"Ahyacinthus12115-RA","Ahyacinthus12115-RA","Ahya","OG_8984",0,1,0
"Ahyacinthus12120-RA","Ahyacinthus12120-RA","Ahya","OG_11043",0,1,1
"Ahyacinthus12125-RA","Ahyacinthus12125-RA","Ahya","OG_6858",0,1,0
"Ahyacinthus12126-RA","Ahyacinthus12126-RA","Ahya","OG_1987",0,1,0
"Ahyacinthus12130-RA","Ahyacinthus12130-RA","Ahya","OG_1988",0,1,0
"Ahyacinthus12131-RA","Ahyacinthus12131-RA","Ahya","OG_5937",0,1,0
"Ahyacinthus12133-RA","Ahyacinthus12133-RA","Ahya","OG_1990",0,1,0
"Ahyacinthus12134-RA","Ahyacinthus12134-RA","Ahya","OG_1991",0,1,0
"Ahyacinthus12135-RA","Ahyacinthus12135-RA","Ahya","OG_10909",0,1,0
"Ahyacinthus12137-RA","Ahyacinthus12137-RA","Ahya","OG_11134",0,1,0
"Ahyacinthus12148-RA","Ahyacinthus12148-RA","Ahya","OG_1993",0,1,0
"Ahyacinthus12149-RA","Ahyacinthus12149-RA","Ahya","OG_1994",0,1,0
"Ahyacinthus12150-RA","Ahyacinthus12150-RA","Ahya","OG_11296",0,1,1
"Ahyacinthus12151-RA","Ahyacinthus12151-RA","Ahya","OG_12412",0,1,0
"Ahyacinthus12153-RA","Ahyacinthus12153-RA","Ahya","OG_11297",0,1,0
"Ahyacinthus12155-RA","Ahyacinthus12155-RA","Ahya","OG_11297",0,1,0
"Ahyacinthus12163-RA","Ahyacinthus12163-RA","Ahya","OG_6549",0,1,0
"Ahyacinthus12167-RA","Ahyacinthus12167-RA","Ahya","OG_10857",0,1,0
"Ahyacinthus12169-RA","Ahyacinthus12169-RA","Ahya","OG_1997",0,1,0
"Ahyacinthus12171-RA","Ahyacinthus12171-RA","Ahya","OG_5179",0,1,0
"Ahyacinthus12172-RA","Ahyacinthus12172-RA","Ahya","OG_1996",0,1,0
"Ahyacinthus12175-RA","Ahyacinthus12175-RA","Ahya","OG_1998",0,1,0
"Ahyacinthus12176-RA","Ahyacinthus12176-RA","Ahya","OG_5957",0,1,0
"Ahyacinthus12180-RA","Ahyacinthus12180-RA","Ahya","OG_10801",0,1,0
"Ahyacinthus12181-RA","Ahyacinthus12181-RA","Ahya","OG_1999",0,1,0
"Ahyacinthus12182-RA","Ahyacinthus12182-RA","Ahya","OG_11015",0,1,0
"Ahyacinthus12184-RA","Ahyacinthus12184-RA","Ahya","OG_1316",0,1,0
"Ahyacinthus12186-RA","Ahyacinthus12186-RA","Ahya","OG_11014",0,1,0
"Ahyacinthus12189-RA","Ahyacinthus12189-RA","Ahya","OG_6850",0,1,0
"Ahyacinthus12191-RA","Ahyacinthus12191-RA","Ahya","OG_10973",0,1,0
"Ahyacinthus12192-RA","Ahyacinthus12192-RA","Ahya","OG_10972",0,1,0
"Ahyacinthus12193-RA","Ahyacinthus12193-RA","Ahya","OG_2001",0,1,1
"Ahyacinthus12199-RA","Ahyacinthus12199-RA","Ahya","OG_2003",0,1,0
"Ahyacinthus12201-RA","Ahyacinthus12201-RA","Ahya","OG_10998",0,1,0
"Ahyacinthus12202-RA","Ahyacinthus12202-RA","Ahya","OG_5255",0,1,0
"Ahyacinthus12203-RA","Ahyacinthus12203-RA","Ahya","OG_2005",0,1,0
"Ahyacinthus12205-RA","Ahyacinthus12205-RA","Ahya","OG_999",0,1,0
"Ahyacinthus12207-RA","Ahyacinthus12207-RA","Ahya","OG_563",0,1,1
"Ahyacinthus12208-RA","Ahyacinthus12208-RA","Ahya","OG_563",0,1,1
"Ahyacinthus12209-RA","Ahyacinthus12209-RA","Ahya","OG_10969",0,1,0
"Ahyacinthus12210-RA","Ahyacinthus12210-RA","Ahya","OG_10971",0,1,0
"Ahyacinthus12216-RA","Ahyacinthus12216-RA","Ahya","OG_2007",0,1,0
"Ahyacinthus12222-RA","Ahyacinthus12222-RA","Ahya","OG_10815",0,1,0
"Ahyacinthus12223-RA","Ahyacinthus12223-RA","Ahya","OG_10818",0,1,0
"Ahyacinthus12224-RA","Ahyacinthus12224-RA","Ahya","OG_10819",0,1,0
"Ahyacinthus12230-RA","Ahyacinthus12230-RA","Ahya","OG_2011",0,1,0
"Ahyacinthus12232-RA","Ahyacinthus12232-RA","Ahya","OG_11212",0,1,0
"Ahyacinthus12233-RA","Ahyacinthus12233-RA","Ahya","OG_7404",0,1,1
"Ahyacinthus12236-RA","Ahyacinthus12236-RA","Ahya","OG_2010",0,1,0
"Ahyacinthus12237-RA","Ahyacinthus12237-RA","Ahya","OG_6535",1,1,1
"Ahyacinthus12240-RA","Ahyacinthus12240-RA","Ahya","OG_475",1,1,0
"Ahyacinthus12241-RA","Ahyacinthus12241-RA","Ahya","OG_7291",0,1,0
"Ahyacinthus12242-RA","Ahyacinthus12242-RA","Ahya","OG_11088",0,1,0
"Ahyacinthus12244-RA","Ahyacinthus12244-RA","Ahya","OG_11088",0,1,0
"Ahyacinthus12249-RA","Ahyacinthus12249-RA","Ahya","OG_10743",0,1,0
"Ahyacinthus12250-RA","Ahyacinthus12250-RA","Ahya","OG_10745",0,1,0
"Ahyacinthus12251-RA","Ahyacinthus12251-RA","Ahya","OG_5256",0,1,0
"Ahyacinthus12254-RA","Ahyacinthus12254-RA","Ahya","OG_214",0,1,0
"Ahyacinthus12255-RA","Ahyacinthus12255-RA","Ahya","OG_10791",0,1,0
"Ahyacinthus12256-RA","Ahyacinthus12256-RA","Ahya","OG_11005",0,1,0
"Ahyacinthus12257-RA","Ahyacinthus12257-RA","Ahya","OG_10948",0,1,0
"Ahyacinthus12262-RA","Ahyacinthus12262-RA","Ahya","OG_2012",0,1,0
"Ahyacinthus12263-RA","Ahyacinthus12263-RA","Ahya","OG_5177",0,1,0
"Ahyacinthus12269-RA","Ahyacinthus12269-RA","Ahya","OG_2013",0,1,0
"Ahyacinthus12271-RA","Ahyacinthus12271-RA","Ahya","OG_11033",0,1,0
"Ahyacinthus12273-RA","Ahyacinthus12273-RA","Ahya","OG_10836",0,1,0
"Ahyacinthus12274-RA","Ahyacinthus12274-RA","Ahya","OG_10836",0,1,0
"Ahyacinthus12275-RA","Ahyacinthus12275-RA","Ahya","OG_10837",0,1,0
"Ahyacinthus12277-RA","Ahyacinthus12277-RA","Ahya","OG_687",0,1,1
"Ahyacinthus12280-RA","Ahyacinthus12280-RA","Ahya","OG_11172",0,1,0
"Ahyacinthus12286-RA","Ahyacinthus12286-RA","Ahya","OG_10497",0,1,0
"Ahyacinthus12287-RA","Ahyacinthus12287-RA","Ahya","OG_2017",0,1,0
"Ahyacinthus12288-RA","Ahyacinthus12288-RA","Ahya","OG_6332",0,1,0
"Ahyacinthus12291-RA","Ahyacinthus12291-RA","Ahya","OG_11056",0,1,0
"Ahyacinthus12293-RA","Ahyacinthus12293-RA","Ahya","OG_11055",0,1,0
"Ahyacinthus12294-RA","Ahyacinthus12294-RA","Ahya","OG_2019",0,1,0
"Ahyacinthus12295-RA","Ahyacinthus12295-RA","Ahya","OG_11114",0,1,0
"Ahyacinthus12296-RA","Ahyacinthus12296-RA","Ahya","OG_6156",0,1,0
"Ahyacinthus12297-RA","Ahyacinthus12297-RA","Ahya","OG_2020",0,1,0
"Ahyacinthus12301-RA","Ahyacinthus12301-RA","Ahya","OG_11003",0,1,0
"Ahyacinthus12318-RA","Ahyacinthus12318-RA","Ahya","OG_11165",0,1,1
"Ahyacinthus12319-RA","Ahyacinthus12319-RA","Ahya","OG_10868",0,1,0
"Ahyacinthus12321-RA","Ahyacinthus12321-RA","Ahya","OG_125",0,1,0
"Ahyacinthus12323-RA","Ahyacinthus12323-RA","Ahya","OG_125",0,1,0
"Ahyacinthus12326-RA","Ahyacinthus12326-RA","Ahya","OG_12606",0,1,0
"Ahyacinthus12329-RA","Ahyacinthus12329-RA","Ahya","OG_2025",0,1,0
"Ahyacinthus12331-RA","Ahyacinthus12331-RA","Ahya","OG_11278",0,1,0
"Ahyacinthus12333-RA","Ahyacinthus12333-RA","Ahya","OG_596",1,1,1
"Ahyacinthus12339-RA","Ahyacinthus12339-RA","Ahya","OG_596",1,1,1
"Ahyacinthus12342-RA","Ahyacinthus12342-RA","Ahya","OG_10997",0,1,0
"Ahyacinthus12343-RA","Ahyacinthus12343-RA","Ahya","OG_10759",0,1,0
"Ahyacinthus12347-RA","Ahyacinthus12347-RA","Ahya","OG_6375",0,1,0
"Ahyacinthus12348-RA","Ahyacinthus12348-RA","Ahya","OG_6375",0,1,0
"Ahyacinthus12349-RA","Ahyacinthus12349-RA","Ahya","OG_6375",0,1,0
"Ahyacinthus12353-RA","Ahyacinthus12353-RA","Ahya","OG_11107",0,1,0
"Ahyacinthus12355-RA","Ahyacinthus12355-RA","Ahya","OG_922",0,1,0
"Ahyacinthus12356-RA","Ahyacinthus12356-RA","Ahya","OG_840",1,1,0
"Ahyacinthus12357-RA","Ahyacinthus12357-RA","Ahya","OG_1271",0,1,0
"Ahyacinthus12360-RA","Ahyacinthus12360-RA","Ahya","OG_2028",0,1,1
"Ahyacinthus12364-RA","Ahyacinthus12364-RA","Ahya","OG_4986",0,1,0
"Ahyacinthus12366-RA","Ahyacinthus12366-RA","Ahya","OG_6157",0,1,0
"Ahyacinthus12367-RA","Ahyacinthus12367-RA","Ahya","OG_11195",0,1,0
"Ahyacinthus12370-RA","Ahyacinthus12370-RA","Ahya","OG_853",0,1,0
"Ahyacinthus12371-RA","Ahyacinthus12371-RA","Ahya","OG_615",0,1,0
"Ahyacinthus12375-RA","Ahyacinthus12375-RA","Ahya","OG_2029",0,1,0
"Ahyacinthus12376-RA","Ahyacinthus12376-RA","Ahya","OG_11034",0,1,0
"Ahyacinthus12377-RA","Ahyacinthus12377-RA","Ahya","OG_11235",0,1,1
"Ahyacinthus12379-RA","Ahyacinthus12379-RA","Ahya","OG_11234",0,1,0
"Ahyacinthus12380-RA","Ahyacinthus12380-RA","Ahya","OG_11232",0,1,0
"Ahyacinthus12381-RA","Ahyacinthus12381-RA","Ahya","OG_2030",0,1,0
"Ahyacinthus12382-RA","Ahyacinthus12382-RA","Ahya","OG_2031",0,1,0
"Ahyacinthus12387-RA","Ahyacinthus12387-RA","Ahya","OG_10880",0,1,0
"Ahyacinthus12391-RA","Ahyacinthus12391-RA","Ahya","OG_6331",0,1,0
"Ahyacinthus12392-RA","Ahyacinthus12392-RA","Ahya","OG_6331",0,1,0
"Ahyacinthus12395-RA","Ahyacinthus12395-RA","Ahya","OG_1339",0,1,0
"Ahyacinthus12398-RA","Ahyacinthus12398-RA","Ahya","OG_11058",0,1,0
"Ahyacinthus12400-RA","Ahyacinthus12400-RA","Ahya","OG_6852",0,1,0
"Ahyacinthus12401-RA","Ahyacinthus12401-RA","Ahya","OG_11060",0,1,0
"Ahyacinthus12402-RA","Ahyacinthus12402-RA","Ahya","OG_2034",0,1,0
"Ahyacinthus12403-RA","Ahyacinthus12403-RA","Ahya","OG_11059",0,1,0
"Ahyacinthus12404-RA","Ahyacinthus12404-RA","Ahya","OG_6853",0,1,0
"Ahyacinthus12406-RA","Ahyacinthus12406-RA","Ahya","OG_6141",0,1,0
"Ahyacinthus12407-RA","Ahyacinthus12407-RA","Ahya","OG_10855",0,1,1
"Ahyacinthus12408-RA","Ahyacinthus12408-RA","Ahya","OG_10855",0,1,1
"Ahyacinthus12409-RA","Ahyacinthus12409-RA","Ahya","OG_10856",0,1,0
"Ahyacinthus12410-RA","Ahyacinthus12410-RA","Ahya","OG_10856",0,1,0
"Ahyacinthus12412-RA","Ahyacinthus12412-RA","Ahya","OG_5253",0,1,0
"Ahyacinthus12413-RA","Ahyacinthus12413-RA","Ahya","OG_11084",0,1,0
"Ahyacinthus12420-RA","Ahyacinthus12420-RA","Ahya","OG_10856",0,1,0
"Ahyacinthus12421-RA","Ahyacinthus12421-RA","Ahya","OG_2036",0,1,0
"Ahyacinthus12422-RA","Ahyacinthus12422-RA","Ahya","OG_5369",0,1,0
"Ahyacinthus12429-RA","Ahyacinthus12429-RA","Ahya","OG_11290",0,1,0
"Ahyacinthus12430-RA","Ahyacinthus12430-RA","Ahya","OG_2038",0,1,0
"Ahyacinthus12431-RA","Ahyacinthus12431-RA","Ahya","OG_10962",0,1,0
"Ahyacinthus12436-RA","Ahyacinthus12436-RA","Ahya","OG_11148",0,1,0
"Ahyacinthus12437-RA","Ahyacinthus12437-RA","Ahya","OG_2041",0,1,1
"Ahyacinthus12438-RA","Ahyacinthus12438-RA","Ahya","OG_11149",0,1,0
"Ahyacinthus12439-RA","Ahyacinthus12439-RA","Ahya","OG_2042",0,1,0
"Ahyacinthus12441-RA","Ahyacinthus12441-RA","Ahya","OG_10806",0,1,0
"Ahyacinthus12442-RA","Ahyacinthus12442-RA","Ahya","OG_10805",0,1,0
"Ahyacinthus12444-RA","Ahyacinthus12444-RA","Ahya","OG_10807",0,1,0
"Ahyacinthus12450-RA","Ahyacinthus12450-RA","Ahya","OG_773",1,1,1
"Ahyacinthus12451-RA","Ahyacinthus12451-RA","Ahya","OG_1124",1,1,0
"Ahyacinthus12456-RA","Ahyacinthus12456-RA","Ahya","OG_2045",0,1,0
"Ahyacinthus12457-RA","Ahyacinthus12457-RA","Ahya","OG_11068",0,1,0
"Ahyacinthus12458-RA","Ahyacinthus12458-RA","Ahya","OG_11067",0,1,0
"Ahyacinthus12459-RA","Ahyacinthus12459-RA","Ahya","OG_11066",0,1,1
"Ahyacinthus12460-RA","Ahyacinthus12460-RA","Ahya","OG_2046",0,1,0
"Ahyacinthus12462-RA","Ahyacinthus12462-RA","Ahya","OG_10870",0,1,0
"Ahyacinthus12465-RA","Ahyacinthus12465-RA","Ahya","OG_5433",0,1,0
"Ahyacinthus12482-RA","Ahyacinthus12482-RA","Ahya","OG_11281",0,1,0
"Ahyacinthus12483-RA","Ahyacinthus12483-RA","Ahya","OG_6838",0,1,0
"Ahyacinthus12488-RA","Ahyacinthus12488-RA","Ahya","OG_11301",0,1,0
"Ahyacinthus12489-RA","Ahyacinthus12489-RA","Ahya","OG_11300",1,1,0
"Ahyacinthus12490-RA","Ahyacinthus12490-RA","Ahya","OG_11300",1,1,0
"Ahyacinthus12492-RA","Ahyacinthus12492-RA","Ahya","OG_10812",0,1,0
"Ahyacinthus12497-RA","Ahyacinthus12497-RA","Ahya","OG_2053",0,1,0
"Ahyacinthus12498-RA","Ahyacinthus12498-RA","Ahya","OG_2053",0,1,0
"Ahyacinthus12502-RA","Ahyacinthus12502-RA","Ahya","OG_5257",0,1,0
"Ahyacinthus12506-RA","Ahyacinthus12506-RA","Ahya","OG_5257",0,1,0
"Ahyacinthus12513-RA","Ahyacinthus12513-RA","Ahya","OG_2054",0,1,1
"Ahyacinthus12514-RA","Ahyacinthus12514-RA","Ahya","OG_6840",0,1,1
"Ahyacinthus12516-RA","Ahyacinthus12516-RA","Ahya","OG_11044",0,1,0
"Ahyacinthus12517-RA","Ahyacinthus12517-RA","Ahya","OG_6153",0,1,0
"Ahyacinthus12522-RA","Ahyacinthus12522-RA","Ahya","OG_2056",0,1,0
"Ahyacinthus12523-RA","Ahyacinthus12523-RA","Ahya","OG_10989",0,1,0
"Ahyacinthus12528-RA","Ahyacinthus12528-RA","Ahya","OG_12479",0,1,0
"Ahyacinthus12530-RA","Ahyacinthus12530-RA","Ahya","OG_12477",0,1,0
"Ahyacinthus12531-RA","Ahyacinthus12531-RA","Ahya","OG_6292",0,1,0
"Ahyacinthus12532-RA","Ahyacinthus12532-RA","Ahya","OG_11118",0,1,0
"Ahyacinthus12543-RA","Ahyacinthus12543-RA","Ahya","OG_10928",0,1,1
"Ahyacinthus12545-RA","Ahyacinthus12545-RA","Ahya","OG_1261",0,1,0
"Ahyacinthus12546-RA","Ahyacinthus12546-RA","Ahya","OG_1507",0,1,0
"Ahyacinthus12548-RA","Ahyacinthus12548-RA","Ahya","OG_11050",0,1,0
"Ahyacinthus12549-RA","Ahyacinthus12549-RA","Ahya","OG_11049",0,1,0
"Ahyacinthus12550-RA","Ahyacinthus12550-RA","Ahya","OG_2061",0,1,0
"Ahyacinthus12554-RA","Ahyacinthus12554-RA","Ahya","OG_2062",0,1,0
"Ahyacinthus12556-RA","Ahyacinthus12556-RA","Ahya","OG_2063",0,1,0
"Ahyacinthus12561-RA","Ahyacinthus12561-RA","Ahya","OG_1514",0,1,0
"Ahyacinthus12562-RA","Ahyacinthus12562-RA","Ahya","OG_212",0,1,0
"Ahyacinthus12565-RA","Ahyacinthus12565-RA","Ahya","OG_5371",0,1,0
"Ahyacinthus12566-RA","Ahyacinthus12566-RA","Ahya","OG_10760",0,1,0
"Ahyacinthus12567-RA","Ahyacinthus12567-RA","Ahya","OG_10981",0,1,0
"Ahyacinthus12568-RA","Ahyacinthus12568-RA","Ahya","OG_2067",0,1,0
"Ahyacinthus12570-RA","Ahyacinthus12570-RA","Ahya","OG_6845",0,1,0
"Ahyacinthus12577-RA","Ahyacinthus12577-RA","Ahya","OG_411",0,1,1
"Ahyacinthus12580-RA","Ahyacinthus12580-RA","Ahya","OG_411",0,1,1
"Ahyacinthus12582-RA","Ahyacinthus12582-RA","Ahya","OG_6155",0,1,0
"Ahyacinthus12583-RA","Ahyacinthus12583-RA","Ahya","OG_6277",0,1,0
"Ahyacinthus12584-RA","Ahyacinthus12584-RA","Ahya","OG_2070",0,1,0
"Ahyacinthus12585-RA","Ahyacinthus12585-RA","Ahya","OG_6387",0,1,0
"Ahyacinthus12589-RA","Ahyacinthus12589-RA","Ahya","OG_495",0,1,1
"Ahyacinthus12593-RA","Ahyacinthus12593-RA","Ahya","OG_10977",0,1,0
"Ahyacinthus12594-RA","Ahyacinthus12594-RA","Ahya","OG_6848",0,1,0
"Ahyacinthus12602-RA","Ahyacinthus12602-RA","Ahya","OG_6839",0,1,0
"Ahyacinthus12604-RA","Ahyacinthus12604-RA","Ahya","OG_1016",1,1,0
"Ahyacinthus12605-RA","Ahyacinthus12605-RA","Ahya","OG_847",1,1,0
"Ahyacinthus12607-RA","Ahyacinthus12607-RA","Ahya","OG_847",1,1,0
"Ahyacinthus12611-RA","Ahyacinthus12611-RA","Ahya","OG_2072",0,1,0
"Ahyacinthus12612-RA","Ahyacinthus12612-RA","Ahya","OG_2073",0,1,0
"Ahyacinthus12614-RA","Ahyacinthus12614-RA","Ahya","OG_5258",0,1,0
"Ahyacinthus12615-RA","Ahyacinthus12615-RA","Ahya","OG_4987",0,1,0
"Ahyacinthus12619-RA","Ahyacinthus12619-RA","Ahya","OG_6832",0,1,0
"Ahyacinthus12620-RA","Ahyacinthus12620-RA","Ahya","OG_10891",0,1,0
"Ahyacinthus12621-RA","Ahyacinthus12621-RA","Ahya","OG_2074",0,1,0
"Ahyacinthus12622-RA","Ahyacinthus12622-RA","Ahya","OG_10892",0,1,0
"Ahyacinthus12623-RA","Ahyacinthus12623-RA","Ahya","OG_10960",0,1,0
"Ahyacinthus12625-RA","Ahyacinthus12625-RA","Ahya","OG_11167",0,1,0
"Ahyacinthus12626-RA","Ahyacinthus12626-RA","Ahya","OG_4988",0,1,0
"Ahyacinthus12628-RA","Ahyacinthus12628-RA","Ahya","OG_6389",0,1,0
"Ahyacinthus12629-RA","Ahyacinthus12629-RA","Ahya","OG_6847",0,1,0
"Ahyacinthus12631-RA","Ahyacinthus12631-RA","Ahya","OG_2078",0,1,0
"Ahyacinthus12632-RA","Ahyacinthus12632-RA","Ahya","OG_10899",0,1,0
"Ahyacinthus12633-RA","Ahyacinthus12633-RA","Ahya","OG_2075",0,1,0
"Ahyacinthus12636-RA","Ahyacinthus12636-RA","Ahya","OG_6791",0,1,0
"Ahyacinthus12638-RA","Ahyacinthus12638-RA","Ahya","OG_2077",0,1,0
"Ahyacinthus12642-RA","Ahyacinthus12642-RA","Ahya","OG_11255",0,1,0
"Ahyacinthus12648-RA","Ahyacinthus12648-RA","Ahya","OG_829",0,1,0
"Ahyacinthus12649-RA","Ahyacinthus12649-RA","Ahya","OG_324",0,1,1
"Ahyacinthus12654-RA","Ahyacinthus12654-RA","Ahya","OG_2080",0,1,0
"Ahyacinthus12656-RA","Ahyacinthus12656-RA","Ahya","OG_10953",0,1,0
"Ahyacinthus12660-RA","Ahyacinthus12660-RA","Ahya","OG_10853",0,1,0
"Ahyacinthus12661-RA","Ahyacinthus12661-RA","Ahya","OG_2081",0,1,1
"Ahyacinthus12663-RA","Ahyacinthus12663-RA","Ahya","OG_2082",0,1,0
"Ahyacinthus12664-RA","Ahyacinthus12664-RA","Ahya","OG_2082",0,1,0
"Ahyacinthus12671-RA","Ahyacinthus12671-RA","Ahya","OG_2085",0,1,0
"Ahyacinthus12674-RA","Ahyacinthus12674-RA","Ahya","OG_2086",0,1,0
"Ahyacinthus12675-RA","Ahyacinthus12675-RA","Ahya","OG_495",0,1,1
"Ahyacinthus12676-RA","Ahyacinthus12676-RA","Ahya","OG_11128",0,1,0
"Ahyacinthus12679-RA","Ahyacinthus12679-RA","Ahya","OG_2087",0,1,0
"Ahyacinthus12680-RA","Ahyacinthus12680-RA","Ahya","OG_2087",0,1,0
"Ahyacinthus12682-RA","Ahyacinthus12682-RA","Ahya","OG_2090",0,1,0
"Ahyacinthus12683-RA","Ahyacinthus12683-RA","Ahya","OG_11130",0,1,1
"Ahyacinthus12688-RA","Ahyacinthus12688-RA","Ahya","OG_11129",0,1,0
"Ahyacinthus12689-RA","Ahyacinthus12689-RA","Ahya","OG_2091",0,1,0
"Ahyacinthus12694-RA","Ahyacinthus12694-RA","Ahya","OG_6158",0,1,0
"Ahyacinthus12696-RA","Ahyacinthus12696-RA","Ahya","OG_2092",0,1,0
"Ahyacinthus12701-RA","Ahyacinthus12701-RA","Ahya","OG_6976",0,1,0
"Ahyacinthus12702-RA","Ahyacinthus12702-RA","Ahya","OG_11258",0,1,0
"Ahyacinthus12707-RA","Ahyacinthus12707-RA","Ahya","OG_10761",0,1,0
"Ahyacinthus12708-RA","Ahyacinthus12708-RA","Ahya","OG_2097",0,1,0
"Ahyacinthus12709-RA","Ahyacinthus12709-RA","Ahya","OG_2096",0,1,0
"Ahyacinthus12717-RA","Ahyacinthus12717-RA","Ahya","OG_6226",0,1,1
"Ahyacinthus12718-RA","Ahyacinthus12718-RA","Ahya","OG_617",1,1,0
"Ahyacinthus12722-RA","Ahyacinthus12722-RA","Ahya","OG_11269",0,1,0
"Ahyacinthus12725-RA","Ahyacinthus12725-RA","Ahya","OG_11268",0,1,0
"Ahyacinthus12726-RA","Ahyacinthus12726-RA","Ahya","OG_11198",0,1,0
"Ahyacinthus12727-RA","Ahyacinthus12727-RA","Ahya","OG_11096",0,1,0
"Ahyacinthus12730-RA","Ahyacinthus12730-RA","Ahya","OG_2100",0,1,0
"Ahyacinthus12740-RA","Ahyacinthus12740-RA","Ahya","OG_5156",0,1,0
"Ahyacinthus12742-RA","Ahyacinthus12742-RA","Ahya","OG_11040",0,1,0
"Ahyacinthus12747-RA","Ahyacinthus12747-RA","Ahya","OG_10889",0,1,0
"Ahyacinthus12750-RA","Ahyacinthus12750-RA","Ahya","OG_2105",0,1,0
"Ahyacinthus12756-RA","Ahyacinthus12756-RA","Ahya","OG_563",0,1,1
"Ahyacinthus12757-RA","Ahyacinthus12757-RA","Ahya","OG_1066",0,1,0
"Ahyacinthus12758-RA","Ahyacinthus12758-RA","Ahya","OG_1066",0,1,0
"Ahyacinthus12760-RA","Ahyacinthus12760-RA","Ahya","OG_1066",0,1,0
"Ahyacinthus12761-RA","Ahyacinthus12761-RA","Ahya","OG_12652",0,1,0
"Ahyacinthus12763-RA","Ahyacinthus12763-RA","Ahya","OG_6535",1,1,1
"Ahyacinthus12767-RA","Ahyacinthus12767-RA","Ahya","OG_878",0,1,0
"Ahyacinthus12769-RA","Ahyacinthus12769-RA","Ahya","OG_1303",0,1,0
"Ahyacinthus12773-RA","Ahyacinthus12773-RA","Ahya","OG_10942",0,1,0
"Ahyacinthus12774-RA","Ahyacinthus12774-RA","Ahya","OG_10781",0,1,0
"Ahyacinthus12776-RA","Ahyacinthus12776-RA","Ahya","OG_11120",0,1,0
"Ahyacinthus12780-RA","Ahyacinthus12780-RA","Ahya","OG_2108",0,1,1
"Ahyacinthus12784-RA","Ahyacinthus12784-RA","Ahya","OG_5368",0,1,0
"Ahyacinthus12799-RA","Ahyacinthus12799-RA","Ahya","OG_2110",0,1,0
"Ahyacinthus12800-RA","Ahyacinthus12800-RA","Ahya","OG_11236",0,1,0
"Ahyacinthus12801-RA","Ahyacinthus12801-RA","Ahya","OG_5094",1,1,1
"Ahyacinthus12811-RA","Ahyacinthus12811-RA","Ahya","OG_5094",1,1,1
"Ahyacinthus12814-RA","Ahyacinthus12814-RA","Ahya","OG_5094",1,1,1
"Ahyacinthus12815-RA","Ahyacinthus12815-RA","Ahya","OG_5094",1,1,1
"Ahyacinthus12818-RA","Ahyacinthus12818-RA","Ahya","OG_8731",0,1,0
"Ahyacinthus12820-RA","Ahyacinthus12820-RA","Ahya","OG_673",0,1,1
"Ahyacinthus12822-RA","Ahyacinthus12822-RA","Ahya","OG_795",0,1,0
"Ahyacinthus12824-RA","Ahyacinthus12824-RA","Ahya","OG_11090",0,1,0
"Ahyacinthus12838-RA","Ahyacinthus12838-RA","Ahya","OG_2113",0,1,0
"Ahyacinthus12839-RA","Ahyacinthus12839-RA","Ahya","OG_11265",0,1,0
"Ahyacinthus12840-RA","Ahyacinthus12840-RA","Ahya","OG_352",0,1,0
"Ahyacinthus12841-RA","Ahyacinthus12841-RA","Ahya","OG_11266",0,1,0
"Ahyacinthus12842-RA","Ahyacinthus12842-RA","Ahya","OG_5236",0,1,0
"Ahyacinthus12845-RA","Ahyacinthus12845-RA","Ahya","OG_2114",0,1,0
"Ahyacinthus12849-RA","Ahyacinthus12849-RA","Ahya","OG_2118",0,1,0
"Ahyacinthus12852-RA","Ahyacinthus12852-RA","Ahya","OG_11092",0,1,0
"Ahyacinthus12855-RA","Ahyacinthus12855-RA","Ahya","OG_2117",0,1,0
"Ahyacinthus12856-RA","Ahyacinthus12856-RA","Ahya","OG_10904",0,1,0
"Ahyacinthus12862-RA","Ahyacinthus12862-RA","Ahya","OG_11239",0,1,0
"Ahyacinthus12871-RA","Ahyacinthus12871-RA","Ahya","OG_11170",0,1,0
"Ahyacinthus12872-RA","Ahyacinthus12872-RA","Ahya","OG_11171",0,1,0
"Ahyacinthus12874-RA","Ahyacinthus12874-RA","Ahya","OG_972",1,1,0
"Ahyacinthus12877-RA","Ahyacinthus12877-RA","Ahya","OG_2123",0,1,1
"Ahyacinthus12878-RA","Ahyacinthus12878-RA","Ahya","OG_1260",0,1,0
"Ahyacinthus12879-RA","Ahyacinthus12879-RA","Ahya","OG_10987",0,1,0
"Ahyacinthus12883-RA","Ahyacinthus12883-RA","Ahya","OG_564",0,1,1
"Ahyacinthus12884-RA","Ahyacinthus12884-RA","Ahya","OG_125",0,1,0
"Ahyacinthus12885-RA","Ahyacinthus12885-RA","Ahya","OG_4702",0,1,0
"Ahyacinthus12887-RA","Ahyacinthus12887-RA","Ahya","OG_587",1,1,1
"Ahyacinthus12888-RA","Ahyacinthus12888-RA","Ahya","OG_1368",0,1,0
"Ahyacinthus12889-RA","Ahyacinthus12889-RA","Ahya","OG_12476",0,1,0
"Ahyacinthus12890-RA","Ahyacinthus12890-RA","Ahya","OG_6984",0,1,0
"Ahyacinthus12891-RA","Ahyacinthus12891-RA","Ahya","OG_11112",0,1,0
"Ahyacinthus12892-RA","Ahyacinthus12892-RA","Ahya","OG_10094",0,1,0
"Ahyacinthus12893-RA","Ahyacinthus12893-RA","Ahya","OG_5128",0,1,0
"Ahyacinthus12895-RA","Ahyacinthus12895-RA","Ahya","OG_10932",0,1,0
"Ahyacinthus12896-RA","Ahyacinthus12896-RA","Ahya","OG_11227",0,1,0
"Ahyacinthus12898-RA","Ahyacinthus12898-RA","Ahya","OG_5357",0,1,0
"Ahyacinthus12901-RA","Ahyacinthus12901-RA","Ahya","OG_228",1,1,0
"Ahyacinthus12903-RA","Ahyacinthus12903-RA","Ahya","OG_228",1,1,0
"Ahyacinthus12906-RA","Ahyacinthus12906-RA","Ahya","OG_228",1,1,0
"Ahyacinthus12909-RA","Ahyacinthus12909-RA","Ahya","OG_10918",0,1,0
"Ahyacinthus12910-RA","Ahyacinthus12910-RA","Ahya","OG_228",1,1,0
"Ahyacinthus12911-RA","Ahyacinthus12911-RA","Ahya","OG_10917",0,1,0
"Ahyacinthus12912-RA","Ahyacinthus12912-RA","Ahya","OG_372",0,1,1
"Ahyacinthus12913-RA","Ahyacinthus12913-RA","Ahya","OG_10916",0,1,1
"Ahyacinthus12916-RA","Ahyacinthus12916-RA","Ahya","OG_5128",0,1,0
"Ahyacinthus12921-RA","Ahyacinthus12921-RA","Ahya","OG_2125",0,1,0
"Ahyacinthus12923-RA","Ahyacinthus12923-RA","Ahya","OG_2126",0,1,0
"Ahyacinthus12924-RA","Ahyacinthus12924-RA","Ahya","OG_1045",0,1,0
"Ahyacinthus12937-RA","Ahyacinthus12937-RA","Ahya","OG_2131",0,1,0
"Ahyacinthus12940-RA","Ahyacinthus12940-RA","Ahya","OG_10946",0,1,0
"Ahyacinthus12946-RA","Ahyacinthus12946-RA","Ahya","OG_2132",1,1,0
"Ahyacinthus12947-RA","Ahyacinthus12947-RA","Ahya","OG_10751",1,1,0
"Ahyacinthus12948-RA","Ahyacinthus12948-RA","Ahya","OG_10751",1,1,0
"Ahyacinthus12960-RA","Ahyacinthus12960-RA","Ahya","OG_10824",0,1,0
"Ahyacinthus12963-RA","Ahyacinthus12963-RA","Ahya","OG_10820",0,1,1
"Ahyacinthus12965-RA","Ahyacinthus12965-RA","Ahya","OG_2136",0,1,0
"Ahyacinthus12978-RA","Ahyacinthus12978-RA","Ahya","OG_6321",0,1,0
"Ahyacinthus12979-RA","Ahyacinthus12979-RA","Ahya","OG_11113",0,1,0
"Ahyacinthus12980-RA","Ahyacinthus12980-RA","Ahya","OG_10764",1,1,0
"Ahyacinthus12985-RA","Ahyacinthus12985-RA","Ahya","OG_10765",0,1,0
"Ahyacinthus12987-RA","Ahyacinthus12987-RA","Ahya","OG_929",1,1,1
"Ahyacinthus12988-RA","Ahyacinthus12988-RA","Ahya","OG_1334",0,1,0
"Ahyacinthus12989-RA","Ahyacinthus12989-RA","Ahya","OG_2142",0,1,0
"Ahyacinthus12990-RA","Ahyacinthus12990-RA","Ahya","OG_2143",0,1,0
"Ahyacinthus12994-RA","Ahyacinthus12994-RA","Ahya","OG_2140",0,1,1
"Ahyacinthus12995-RA","Ahyacinthus12995-RA","Ahya","OG_11283",0,1,0
"Ahyacinthus12997-RA","Ahyacinthus12997-RA","Ahya","OG_2147",0,1,0
"Ahyacinthus13003-RA","Ahyacinthus13003-RA","Ahya","OG_4702",0,1,0
"Ahyacinthus13004-RA","Ahyacinthus13004-RA","Ahya","OG_11070",0,1,0
"Ahyacinthus13005-RA","Ahyacinthus13005-RA","Ahya","OG_2149",0,1,0
"Ahyacinthus13006-RA","Ahyacinthus13006-RA","Ahya","OG_11069",0,1,0
"Ahyacinthus13007-RA","Ahyacinthus13007-RA","Ahya","OG_2150",0,1,0
"Ahyacinthus13010-RA","Ahyacinthus13010-RA","Ahya","OG_10871",0,1,0
"Ahyacinthus13012-RA","Ahyacinthus13012-RA","Ahya","OG_2152",0,1,0
"Ahyacinthus13015-RA","Ahyacinthus13015-RA","Ahya","OG_10000",0,1,0
"Ahyacinthus13027-RA","Ahyacinthus13027-RA","Ahya","OG_6497",0,1,0
"Ahyacinthus13030-RA","Ahyacinthus13030-RA","Ahya","OG_3838",1,1,0
"Ahyacinthus13032-RA","Ahyacinthus13032-RA","Ahya","OG_8846",0,1,0
"Ahyacinthus13031-RA","Ahyacinthus13031-RA","Ahya","OG_8992",0,1,0
"Ahyacinthus13033-RA","Ahyacinthus13033-RA","Ahya","OG_1276",1,1,0
"Ahyacinthus13036-RA","Ahyacinthus13036-RA","Ahya","OG_9005",1,1,0
"Ahyacinthus13038-RA","Ahyacinthus13038-RA","Ahya","OG_9001",0,1,0
"Ahyacinthus13040-RA","Ahyacinthus13040-RA","Ahya","OG_3841",0,1,0
"Ahyacinthus13041-RA","Ahyacinthus13041-RA","Ahya","OG_6264",0,1,0
"Ahyacinthus13047-RA","Ahyacinthus13047-RA","Ahya","OG_8848",1,1,0
"Ahyacinthus13050-RA","Ahyacinthus13050-RA","Ahya","OG_8786",0,1,0
"Ahyacinthus13054-RA","Ahyacinthus13054-RA","Ahya","OG_8673",0,1,0
"Ahyacinthus13055-RA","Ahyacinthus13055-RA","Ahya","OG_8674",0,1,0
"Ahyacinthus13057-RA","Ahyacinthus13057-RA","Ahya","OG_8956",0,1,0
"Ahyacinthus13056-RA","Ahyacinthus13056-RA","Ahya","OG_5292",0,1,0
"Ahyacinthus13061-RA","Ahyacinthus13061-RA","Ahya","OG_8799",0,1,0
"Ahyacinthus13062-RA","Ahyacinthus13062-RA","Ahya","OG_3843",1,1,0
"Ahyacinthus13069-RA","Ahyacinthus13069-RA","Ahya","OG_8802",0,1,0
"Ahyacinthus13070-RA","Ahyacinthus13070-RA","Ahya","OG_8800",0,1,0
"Ahyacinthus13079-RA","Ahyacinthus13079-RA","Ahya","OG_3846",0,1,0
"Ahyacinthus13080-RA","Ahyacinthus13080-RA","Ahya","OG_6658",1,1,0
"Ahyacinthus13081-RA","Ahyacinthus13081-RA","Ahya","OG_6664",0,1,0
"Ahyacinthus13082-RA","Ahyacinthus13082-RA","Ahya","OG_8868",1,1,0
"Ahyacinthus13083-RA","Ahyacinthus13083-RA","Ahya","OG_5299",0,1,0
"Ahyacinthus13091-RA","Ahyacinthus13091-RA","Ahya","OG_3849",0,1,0
"Ahyacinthus13092-RA","Ahyacinthus13092-RA","Ahya","OG_8911",1,1,0
"Ahyacinthus13094-RA","Ahyacinthus13094-RA","Ahya","OG_8810",0,1,0
"Ahyacinthus13093-RA","Ahyacinthus13093-RA","Ahya","OG_3850",0,1,0
"Ahyacinthus13097-RA","Ahyacinthus13097-RA","Ahya","OG_8811",0,1,0
"Ahyacinthus13098-RA","Ahyacinthus13098-RA","Ahya","OG_9771",0,1,1
"Ahyacinthus13100-RA","Ahyacinthus13100-RA","Ahya","OG_5144",0,1,0
"Ahyacinthus13101-RA","Ahyacinthus13101-RA","Ahya","OG_705",0,1,0
"Ahyacinthus13105-RA","Ahyacinthus13105-RA","Ahya","OG_3852",0,1,1
"Ahyacinthus13107-RA","Ahyacinthus13107-RA","Ahya","OG_8790",0,1,0
"Ahyacinthus13108-RA","Ahyacinthus13108-RA","Ahya","OG_8651",0,1,0
"Ahyacinthus13111-RA","Ahyacinthus13111-RA","Ahya","OG_472",0,1,0
"Ahyacinthus13115-RA","Ahyacinthus13115-RA","Ahya","OG_8653",0,1,0
"Ahyacinthus13118-RA","Ahyacinthus13118-RA","Ahya","OG_8890",1,1,0
"Ahyacinthus13119-RA","Ahyacinthus13119-RA","Ahya","OG_8891",0,1,0
"Ahyacinthus13121-RA","Ahyacinthus13121-RA","Ahya","OG_3853",0,1,0
"Ahyacinthus13124-RA","Ahyacinthus13124-RA","Ahya","OG_3854",1,1,0
"Ahyacinthus13135-RA","Ahyacinthus13135-RA","Ahya","OG_1352",1,1,0
"Ahyacinthus13138-RA","Ahyacinthus13138-RA","Ahya","OG_270",1,1,1
"Ahyacinthus13139-RA","Ahyacinthus13139-RA","Ahya","OG_8783",0,1,0
"Ahyacinthus13141-RA","Ahyacinthus13141-RA","Ahya","OG_8783",0,1,0
"Ahyacinthus13144-RA","Ahyacinthus13144-RA","Ahya","OG_935",0,1,0
"Ahyacinthus13148-RA","Ahyacinthus13148-RA","Ahya","OG_1335",1,1,0
"Ahyacinthus13151-RA","Ahyacinthus13151-RA","Ahya","OG_6660",0,1,0
"Ahyacinthus13152-RA","Ahyacinthus13152-RA","Ahya","OG_8920",0,1,0
"Ahyacinthus13159-RA","Ahyacinthus13159-RA","Ahya","OG_832",0,1,0
"Ahyacinthus13160-RA","Ahyacinthus13160-RA","Ahya","OG_332",0,1,1
"Ahyacinthus13188-RA","Ahyacinthus13188-RA","Ahya","OG_6271",0,1,0
"Ahyacinthus13189-RA","Ahyacinthus13189-RA","Ahya","OG_8628",0,1,0
"Ahyacinthus13201-RA","Ahyacinthus13201-RA","Ahya","OG_3860",0,1,1
"Ahyacinthus13202-RA","Ahyacinthus13202-RA","Ahya","OG_335",0,1,0
"Ahyacinthus13203-RA","Ahyacinthus13203-RA","Ahya","OG_8779",0,1,0
"Ahyacinthus13205-RA","Ahyacinthus13205-RA","Ahya","OG_3859",0,1,0
"Ahyacinthus13220-RA","Ahyacinthus13220-RA","Ahya","OG_447",0,1,1
"Ahyacinthus13223-RA","Ahyacinthus13223-RA","Ahya","OG_447",0,1,1
"Ahyacinthus13227-RA","Ahyacinthus13227-RA","Ahya","OG_1117",0,1,0
"Ahyacinthus13228-RA","Ahyacinthus13228-RA","Ahya","OG_6346",0,1,0
"Ahyacinthus13230-RA","Ahyacinthus13230-RA","Ahya","OG_1117",0,1,0
"Ahyacinthus13232-RA","Ahyacinthus13232-RA","Ahya","OG_3864",0,1,0
"Ahyacinthus13242-RA","Ahyacinthus13242-RA","Ahya","OG_3866",0,1,0
"Ahyacinthus13243-RA","Ahyacinthus13243-RA","Ahya","OG_3865",0,1,0
"Ahyacinthus13246-RA","Ahyacinthus13246-RA","Ahya","OG_6037",0,1,0
"Ahyacinthus13247-RA","Ahyacinthus13247-RA","Ahya","OG_129",0,1,1
"Ahyacinthus13248-RA","Ahyacinthus13248-RA","Ahya","OG_3867",0,1,0
"Ahyacinthus13249-RA","Ahyacinthus13249-RA","Ahya","OG_8886",0,1,0
"Ahyacinthus13250-RA","Ahyacinthus13250-RA","Ahya","OG_8885",1,1,0
"Ahyacinthus13252-RA","Ahyacinthus13252-RA","Ahya","OG_3869",0,1,0
"Ahyacinthus13253-RA","Ahyacinthus13253-RA","Ahya","OG_8730",0,1,0
"Ahyacinthus13261-RA","Ahyacinthus13261-RA","Ahya","OG_5305",1,1,0
"Ahyacinthus13263-RA","Ahyacinthus13263-RA","Ahya","OG_5305",1,1,0
"Ahyacinthus13264-RA","Ahyacinthus13264-RA","Ahya","OG_5305",1,1,0
"Ahyacinthus13271-RA","Ahyacinthus13271-RA","Ahya","OG_3874",0,1,0
"Ahyacinthus13272-RA","Ahyacinthus13272-RA","Ahya","OG_3875",0,1,0
"Ahyacinthus13277-RA","Ahyacinthus13277-RA","Ahya","OG_8837",0,1,0
"Ahyacinthus13278-RA","Ahyacinthus13278-RA","Ahya","OG_8836",0,1,0
"Ahyacinthus13279-RA","Ahyacinthus13279-RA","Ahya","OG_342",0,1,0
"Ahyacinthus13286-RA","Ahyacinthus13286-RA","Ahya","OG_406",1,1,1
"Ahyacinthus13295-RA","Ahyacinthus13295-RA","Ahya","OG_342",0,1,0
"Ahyacinthus13300-RA","Ahyacinthus13300-RA","Ahya","OG_8680",0,1,0
"Ahyacinthus13301-RA","Ahyacinthus13301-RA","Ahya","OG_3878",0,1,0
"Ahyacinthus13302-RA","Ahyacinthus13302-RA","Ahya","OG_3882",0,1,0
"Ahyacinthus13304-RA","Ahyacinthus13304-RA","Ahya","OG_3879",1,1,1
"Ahyacinthus13305-RA","Ahyacinthus13305-RA","Ahya","OG_7618",1,1,0
"Ahyacinthus13309-RA","Ahyacinthus13309-RA","Ahya","OG_7073",0,1,0
"Ahyacinthus13311-RA","Ahyacinthus13311-RA","Ahya","OG_3881",1,1,0
"Ahyacinthus13315-RA","Ahyacinthus13315-RA","Ahya","OG_7431",0,1,1
"Ahyacinthus13316-RA","Ahyacinthus13316-RA","Ahya","OG_8643",0,1,0
"Ahyacinthus13317-RA","Ahyacinthus13317-RA","Ahya","OG_5296",0,1,0
"Ahyacinthus13318-RA","Ahyacinthus13318-RA","Ahya","OG_8856",0,1,0
"Ahyacinthus13320-RA","Ahyacinthus13320-RA","Ahya","OG_8857",0,1,1
"Ahyacinthus13322-RA","Ahyacinthus13322-RA","Ahya","OG_5301",0,1,0
"Ahyacinthus13324-RA","Ahyacinthus13324-RA","Ahya","OG_6235",0,1,0
"Ahyacinthus13330-RA","Ahyacinthus13330-RA","Ahya","OG_1024",0,1,0
"Ahyacinthus13334-RA","Ahyacinthus13334-RA","Ahya","OG_8705",0,1,0
"Ahyacinthus13335-RA","Ahyacinthus13335-RA","Ahya","OG_8685",0,1,0
"Ahyacinthus13338-RA","Ahyacinthus13338-RA","Ahya","OG_8704",0,1,0
"Ahyacinthus13339-RA","Ahyacinthus13339-RA","Ahya","OG_3887",0,1,0
"Ahyacinthus13340-RA","Ahyacinthus13340-RA","Ahya","OG_9008",0,1,0
"Ahyacinthus13341-RA","Ahyacinthus13341-RA","Ahya","OG_9009",0,1,0
"Ahyacinthus13342-RA","Ahyacinthus13342-RA","Ahya","OG_3891",1,1,1
"Ahyacinthus13348-RA","Ahyacinthus13348-RA","Ahya","OG_9007",0,1,0
"Ahyacinthus13350-RA","Ahyacinthus13350-RA","Ahya","OG_6054",0,1,0
"Ahyacinthus13351-RA","Ahyacinthus13351-RA","Ahya","OG_1093",1,1,0
"Ahyacinthus13352-RA","Ahyacinthus13352-RA","Ahya","OG_8765",1,1,0
"Ahyacinthus13353-RA","Ahyacinthus13353-RA","Ahya","OG_8768",0,1,1
"Ahyacinthus13355-RA","Ahyacinthus13355-RA","Ahya","OG_8765",1,1,0
"Ahyacinthus13356-RA","Ahyacinthus13356-RA","Ahya","OG_3892",1,1,0
"Ahyacinthus13358-RA","Ahyacinthus13358-RA","Ahya","OG_8903",0,1,0
"Ahyacinthus13364-RA","Ahyacinthus13364-RA","Ahya","OG_8905",0,1,0
"Ahyacinthus13376-RA","Ahyacinthus13376-RA","Ahya","OG_3895",0,1,0
"Ahyacinthus13377-RA","Ahyacinthus13377-RA","Ahya","OG_8671",1,1,0
"Ahyacinthus13378-RA","Ahyacinthus13378-RA","Ahya","OG_3899",1,1,0
"Ahyacinthus13379-RA","Ahyacinthus13379-RA","Ahya","OG_8990",0,1,0
"Ahyacinthus13380-RA","Ahyacinthus13380-RA","Ahya","OG_170",1,1,1
"Ahyacinthus13381-RA","Ahyacinthus13381-RA","Ahya","OG_8637",1,1,0
"Ahyacinthus13382-RA","Ahyacinthus13382-RA","Ahya","OG_330",0,1,0
"Ahyacinthus13384-RA","Ahyacinthus13384-RA","Ahya","OG_3900",0,1,0
"Ahyacinthus13392-RA","Ahyacinthus13392-RA","Ahya","OG_8881",0,1,0
"Ahyacinthus13395-RA","Ahyacinthus13395-RA","Ahya","OG_8878",1,1,0
"Ahyacinthus13398-RA","Ahyacinthus13398-RA","Ahya","OG_3901",1,1,0
"Ahyacinthus13403-RA","Ahyacinthus13403-RA","Ahya","OG_3903",0,1,0
"Ahyacinthus13404-RA","Ahyacinthus13404-RA","Ahya","OG_3904",0,1,0
"Ahyacinthus13405-RA","Ahyacinthus13405-RA","Ahya","OG_5217",0,1,0
"Ahyacinthus13409-RA","Ahyacinthus13409-RA","Ahya","OG_8991",0,1,0
"Ahyacinthus13410-RA","Ahyacinthus13410-RA","Ahya","OG_8645",0,1,0
"Ahyacinthus13412-RA","Ahyacinthus13412-RA","Ahya","OG_6344",1,1,0
"Ahyacinthus13413-RA","Ahyacinthus13413-RA","Ahya","OG_3905",1,1,0
"Ahyacinthus13414-RA","Ahyacinthus13414-RA","Ahya","OG_12623",0,1,0
"Ahyacinthus13418-RA","Ahyacinthus13418-RA","Ahya","OG_8726",0,1,0
"Ahyacinthus13422-RA","Ahyacinthus13422-RA","Ahya","OG_8780",0,1,0
"Ahyacinthus13428-RA","Ahyacinthus13428-RA","Ahya","OG_8877",1,1,0
"Ahyacinthus13434-RA","Ahyacinthus13434-RA","Ahya","OG_8777",0,1,0
"Ahyacinthus13435-RA","Ahyacinthus13435-RA","Ahya","OG_3909",1,1,0
"Ahyacinthus13436-RA","Ahyacinthus13436-RA","Ahya","OG_8778",0,1,0
"Ahyacinthus13437-RA","Ahyacinthus13437-RA","Ahya","OG_3911",1,1,1
"Ahyacinthus13439-RA","Ahyacinthus13439-RA","Ahya","OG_12396",0,1,0
"Ahyacinthus13441-RA","Ahyacinthus13441-RA","Ahya","OG_878",0,1,0
"Ahyacinthus13451-RA","Ahyacinthus13451-RA","Ahya","OG_481",0,1,0
"Ahyacinthus13479-RA","Ahyacinthus13479-RA","Ahya","OG_5082",0,1,0
"Ahyacinthus13480-RA","Ahyacinthus13480-RA","Ahya","OG_1030",1,1,0
"Ahyacinthus13481-RA","Ahyacinthus13481-RA","Ahya","OG_912",0,1,0
"Ahyacinthus13492-RA","Ahyacinthus13492-RA","Ahya","OG_8982",0,1,0
"Ahyacinthus13496-RA","Ahyacinthus13496-RA","Ahya","OG_3912",0,1,0
"Ahyacinthus13499-RA","Ahyacinthus13499-RA","Ahya","OG_1089",0,1,0
"Ahyacinthus13502-RA","Ahyacinthus13502-RA","Ahya","OG_526",0,1,0
"Ahyacinthus13504-RA","Ahyacinthus13504-RA","Ahya","OG_8999",0,1,0
"Ahyacinthus13505-RA","Ahyacinthus13505-RA","Ahya","OG_8999",0,1,0
"Ahyacinthus13506-RA","Ahyacinthus13506-RA","Ahya","OG_8514",1,1,0
"Ahyacinthus13507-RA","Ahyacinthus13507-RA","Ahya","OG_8514",1,1,0
"Ahyacinthus13508-RA","Ahyacinthus13508-RA","Ahya","OG_3913",0,1,0
"Ahyacinthus13511-RA","Ahyacinthus13511-RA","Ahya","OG_8998",0,1,0
"Ahyacinthus13514-RA","Ahyacinthus13514-RA","Ahya","OG_8749",0,1,0
"Ahyacinthus13515-RA","Ahyacinthus13515-RA","Ahya","OG_3914",0,1,0
"Ahyacinthus13518-RA","Ahyacinthus13518-RA","Ahya","OG_3915",1,1,1
"Ahyacinthus13520-RA","Ahyacinthus13520-RA","Ahya","OG_5111",0,1,0
"Ahyacinthus13519-RA","Ahyacinthus13519-RA","Ahya","OG_3916",0,1,0
"Ahyacinthus13524-RA","Ahyacinthus13524-RA","Ahya","OG_354",1,1,0
"Ahyacinthus13526-RA","Ahyacinthus13526-RA","Ahya","OG_354",1,1,0
"Ahyacinthus13535-RA","Ahyacinthus13535-RA","Ahya","OG_347",0,1,0
"Ahyacinthus13538-RA","Ahyacinthus13538-RA","Ahya","OG_8770",0,1,0
"Ahyacinthus13539-RA","Ahyacinthus13539-RA","Ahya","OG_6666",0,1,0
"Ahyacinthus13540-RA","Ahyacinthus13540-RA","Ahya","OG_8893",0,1,0
"Ahyacinthus13544-RA","Ahyacinthus13544-RA","Ahya","OG_8759",0,1,0
"Ahyacinthus13550-RA","Ahyacinthus13550-RA","Ahya","OG_332",0,1,1
"Ahyacinthus13554-RA","Ahyacinthus13554-RA","Ahya","OG_477",0,1,0
"Ahyacinthus13555-RA","Ahyacinthus13555-RA","Ahya","OG_170",1,1,1
"Ahyacinthus13556-RA","Ahyacinthus13556-RA","Ahya","OG_170",1,1,1
"Ahyacinthus13557-RA","Ahyacinthus13557-RA","Ahya","OG_170",1,1,1
"Ahyacinthus13561-RA","Ahyacinthus13561-RA","Ahya","OG_350",0,1,1
"Ahyacinthus13562-RA","Ahyacinthus13562-RA","Ahya","OG_12217",0,1,0
"Ahyacinthus13564-RA","Ahyacinthus13564-RA","Ahya","OG_408",1,1,1
"Ahyacinthus13565-RA","Ahyacinthus13565-RA","Ahya","OG_8683",0,1,0
"Ahyacinthus13566-RA","Ahyacinthus13566-RA","Ahya","OG_5294",1,1,0
"Ahyacinthus13567-RA","Ahyacinthus13567-RA","Ahya","OG_3920",1,1,0
"Ahyacinthus13568-RA","Ahyacinthus13568-RA","Ahya","OG_3918",1,1,0
"Ahyacinthus13569-RA","Ahyacinthus13569-RA","Ahya","OG_8926",0,1,1
"Ahyacinthus13572-RA","Ahyacinthus13572-RA","Ahya","OG_3921",0,1,0
"Ahyacinthus13574-RA","Ahyacinthus13574-RA","Ahya","OG_3925",0,1,0
"Ahyacinthus13575-RA","Ahyacinthus13575-RA","Ahya","OG_3923",0,1,0
"Ahyacinthus13579-RA","Ahyacinthus13579-RA","Ahya","OG_3927",0,1,0
"Ahyacinthus13580-RA","Ahyacinthus13580-RA","Ahya","OG_3928",0,1,0
"Ahyacinthus13583-RA","Ahyacinthus13583-RA","Ahya","OG_416",0,1,0
"Ahyacinthus13584-RA","Ahyacinthus13584-RA","Ahya","OG_509",0,1,1
"Ahyacinthus13588-RA","Ahyacinthus13588-RA","Ahya","OG_416",0,1,0
"Ahyacinthus13596-RA","Ahyacinthus13596-RA","Ahya","OG_8834",1,1,0
"Ahyacinthus13597-RA","Ahyacinthus13597-RA","Ahya","OG_12573",0,1,0
"Ahyacinthus13602-RA","Ahyacinthus13602-RA","Ahya","OG_512",1,1,0
"Ahyacinthus13607-RA","Ahyacinthus13607-RA","Ahya","OG_636",0,1,1
"Ahyacinthus13608-RA","Ahyacinthus13608-RA","Ahya","OG_649",0,1,0
"Ahyacinthus13609-RA","Ahyacinthus13609-RA","Ahya","OG_5110",0,1,0
"Ahyacinthus13611-RA","Ahyacinthus13611-RA","Ahya","OG_477",0,1,0
"Ahyacinthus13617-RA","Ahyacinthus13617-RA","Ahya","OG_1048",0,1,1
"Ahyacinthus13623-RA","Ahyacinthus13623-RA","Ahya","OG_636",0,1,1
"Ahyacinthus13624-RA","Ahyacinthus13624-RA","Ahya","OG_148",0,1,1
"Ahyacinthus13627-RA","Ahyacinthus13627-RA","Ahya","OG_3931",0,1,0
"Ahyacinthus13630-RA","Ahyacinthus13630-RA","Ahya","OG_8724",0,1,1
"Ahyacinthus13631-RA","Ahyacinthus13631-RA","Ahya","OG_8724",0,1,1
"Ahyacinthus13635-RA","Ahyacinthus13635-RA","Ahya","OG_3932",0,1,0
"Ahyacinthus13636-RA","Ahyacinthus13636-RA","Ahya","OG_8646",0,1,0
"Ahyacinthus13637-RA","Ahyacinthus13637-RA","Ahya","OG_12388",0,1,0
"Ahyacinthus13638-RA","Ahyacinthus13638-RA","Ahya","OG_745",1,1,1
"Ahyacinthus13642-RA","Ahyacinthus13642-RA","Ahya","OG_3933",0,1,1
"Ahyacinthus13650-RA","Ahyacinthus13650-RA","Ahya","OG_3936",0,1,0
"Ahyacinthus13651-RA","Ahyacinthus13651-RA","Ahya","OG_8775",1,1,0
"Ahyacinthus13653-RA","Ahyacinthus13653-RA","Ahya","OG_8776",1,1,0
"Ahyacinthus13658-RA","Ahyacinthus13658-RA","Ahya","OG_3937",0,1,0
"Ahyacinthus13660-RA","Ahyacinthus13660-RA","Ahya","OG_8700",0,1,0
"Ahyacinthus13661-RA","Ahyacinthus13661-RA","Ahya","OG_6646",0,1,0
"Ahyacinthus13669-RA","Ahyacinthus13669-RA","Ahya","OG_8842",0,1,1
"Ahyacinthus13677-RA","Ahyacinthus13677-RA","Ahya","OG_8839",0,1,0
"Ahyacinthus13680-RA","Ahyacinthus13680-RA","Ahya","OG_992",0,1,0
"Ahyacinthus13692-RA","Ahyacinthus13692-RA","Ahya","OG_840",1,1,0
"Ahyacinthus13693-RA","Ahyacinthus13693-RA","Ahya","OG_892",0,1,0
"Ahyacinthus13694-RA","Ahyacinthus13694-RA","Ahya","OG_3941",0,1,0
"Ahyacinthus13695-RA","Ahyacinthus13695-RA","Ahya","OG_5297",1,1,0
"Ahyacinthus13696-RA","Ahyacinthus13696-RA","Ahya","OG_8841",1,1,0
"Ahyacinthus13697-RA","Ahyacinthus13697-RA","Ahya","OG_8714",1,1,0
"Ahyacinthus13699-RA","Ahyacinthus13699-RA","Ahya","OG_3942",0,1,1
"Ahyacinthus13698-RA","Ahyacinthus13698-RA","Ahya","OG_296",0,1,0
"Ahyacinthus13708-RA","Ahyacinthus13708-RA","Ahya","OG_5094",1,1,1
"Ahyacinthus13712-RA","Ahyacinthus13712-RA","Ahya","OG_3945",0,1,0
"Ahyacinthus13714-RA","Ahyacinthus13714-RA","Ahya","OG_592",0,1,1
"Ahyacinthus13726-RA","Ahyacinthus13726-RA","Ahya","OG_3948",0,1,0
"Ahyacinthus13728-RA","Ahyacinthus13728-RA","Ahya","OG_8791",1,1,0
"Ahyacinthus13729-RA","Ahyacinthus13729-RA","Ahya","OG_8830",0,1,0
"Ahyacinthus13732-RA","Ahyacinthus13732-RA","Ahya","OG_985",0,1,1
"Ahyacinthus13733-RA","Ahyacinthus13733-RA","Ahya","OG_985",0,1,1
"Ahyacinthus13735-RA","Ahyacinthus13735-RA","Ahya","OG_663",1,1,0
"Ahyacinthus13736-RA","Ahyacinthus13736-RA","Ahya","OG_985",0,1,1
"Ahyacinthus13739-RA","Ahyacinthus13739-RA","Ahya","OG_985",0,1,1
"Ahyacinthus13740-RA","Ahyacinthus13740-RA","Ahya","OG_1105",1,1,1
"Ahyacinthus13741-RA","Ahyacinthus13741-RA","Ahya","OG_1105",1,1,1
"Ahyacinthus13743-RA","Ahyacinthus13743-RA","Ahya","OG_849",0,1,0
"Ahyacinthus13744-RA","Ahyacinthus13744-RA","Ahya","OG_470",1,1,1
"Ahyacinthus13748-RA","Ahyacinthus13748-RA","Ahya","OG_901",0,1,1
"Ahyacinthus13749-RA","Ahyacinthus13749-RA","Ahya","OG_901",0,1,1
"Ahyacinthus13750-RA","Ahyacinthus13750-RA","Ahya","OG_985",0,1,1
"Ahyacinthus13765-RA","Ahyacinthus13765-RA","Ahya","OG_1020",1,1,0
"Ahyacinthus13767-RA","Ahyacinthus13767-RA","Ahya","OG_847",1,1,0
"Ahyacinthus13779-RA","Ahyacinthus13779-RA","Ahya","OG_8987",0,1,0
"Ahyacinthus13783-RA","Ahyacinthus13783-RA","Ahya","OG_3952",0,1,0
"Ahyacinthus13784-RA","Ahyacinthus13784-RA","Ahya","OG_12384",0,1,0
"Ahyacinthus13789-RA","Ahyacinthus13789-RA","Ahya","OG_728",0,1,0
"Ahyacinthus13790-RA","Ahyacinthus13790-RA","Ahya","OG_728",0,1,0
"Ahyacinthus13791-RA","Ahyacinthus13791-RA","Ahya","OG_728",0,1,0
"Ahyacinthus13803-RA","Ahyacinthus13803-RA","Ahya","OG_459",0,1,0
"Ahyacinthus13810-RA","Ahyacinthus13810-RA","Ahya","OG_7048",0,1,0
"Ahyacinthus13811-RA","Ahyacinthus13811-RA","Ahya","OG_333",1,1,1
"Ahyacinthus13817-RA","Ahyacinthus13817-RA","Ahya","OG_3954",0,1,0
"Ahyacinthus13818-RA","Ahyacinthus13818-RA","Ahya","OG_590",0,1,1
"Ahyacinthus13819-RA","Ahyacinthus13819-RA","Ahya","OG_248",1,1,1
"Ahyacinthus13821-RA","Ahyacinthus13821-RA","Ahya","OG_1020",1,1,0
"Ahyacinthus13827-RA","Ahyacinthus13827-RA","Ahya","OG_377",1,1,0
"Ahyacinthus13830-RA","Ahyacinthus13830-RA","Ahya","OG_1031",0,1,1
"Ahyacinthus13833-RA","Ahyacinthus13833-RA","Ahya","OG_12512",0,1,0
"Ahyacinthus13836-RA","Ahyacinthus13836-RA","Ahya","OG_427",0,1,1
"Ahyacinthus13838-RA","Ahyacinthus13838-RA","Ahya","OG_611",0,1,1
"Ahyacinthus13839-RA","Ahyacinthus13839-RA","Ahya","OG_611",0,1,1
"Ahyacinthus13840-RA","Ahyacinthus13840-RA","Ahya","OG_257",1,1,1
"Ahyacinthus13843-RA","Ahyacinthus13843-RA","Ahya","OG_867",0,1,1
"Ahyacinthus13844-RA","Ahyacinthus13844-RA","Ahya","OG_905",1,1,1
"Ahyacinthus13846-RA","Ahyacinthus13846-RA","Ahya","OG_722",0,1,1
"Ahyacinthus13847-RA","Ahyacinthus13847-RA","Ahya","OG_5412",0,1,0
"Ahyacinthus13849-RA","Ahyacinthus13849-RA","Ahya","OG_8994",0,1,0
"Ahyacinthus13850-RA","Ahyacinthus13850-RA","Ahya","OG_1048",0,1,1
"Ahyacinthus13851-RA","Ahyacinthus13851-RA","Ahya","OG_3956",1,1,0
"Ahyacinthus13852-RA","Ahyacinthus13852-RA","Ahya","OG_3956",1,1,0
"Ahyacinthus13856-RA","Ahyacinthus13856-RA","Ahya","OG_460",0,1,1
"Ahyacinthus13857-RA","Ahyacinthus13857-RA","Ahya","OG_277",0,1,0
"Ahyacinthus13861-RA","Ahyacinthus13861-RA","Ahya","OG_1031",0,1,1
"Ahyacinthus13862-RA","Ahyacinthus13862-RA","Ahya","OG_3959",0,1,0
"Ahyacinthus13867-RA","Ahyacinthus13867-RA","Ahya","OG_891",0,1,0
"Ahyacinthus13869-RA","Ahyacinthus13869-RA","Ahya","OG_3958",0,1,0
"Ahyacinthus13872-RA","Ahyacinthus13872-RA","Ahya","OG_3960",0,1,0
"Ahyacinthus13873-RA","Ahyacinthus13873-RA","Ahya","OG_700",0,1,0
"Ahyacinthus13874-RA","Ahyacinthus13874-RA","Ahya","OG_870",0,1,0
"Ahyacinthus13875-RA","Ahyacinthus13875-RA","Ahya","OG_386",0,1,1
"Ahyacinthus13878-RA","Ahyacinthus13878-RA","Ahya","OG_3961",0,1,1
"Ahyacinthus13891-RA","Ahyacinthus13891-RA","Ahya","OG_296",0,1,0
"Ahyacinthus13893-RA","Ahyacinthus13893-RA","Ahya","OG_762",0,1,0
"Ahyacinthus13894-RA","Ahyacinthus13894-RA","Ahya","OG_858",0,1,0
"Ahyacinthus13895-RA","Ahyacinthus13895-RA","Ahya","OG_324",0,1,1
"Ahyacinthus13898-RA","Ahyacinthus13898-RA","Ahya","OG_3962",0,1,0
"Ahyacinthus13900-RA","Ahyacinthus13900-RA","Ahya","OG_929",1,1,1
"Ahyacinthus13904-RA","Ahyacinthus13904-RA","Ahya","OG_8693",1,1,0
"Ahyacinthus13907-RA","Ahyacinthus13907-RA","Ahya","OG_353",0,1,0
"Ahyacinthus13908-RA","Ahyacinthus13908-RA","Ahya","OG_583",0,1,0
"Ahyacinthus13909-RA","Ahyacinthus13909-RA","Ahya","OG_920",0,1,0
"Ahyacinthus13910-RA","Ahyacinthus13910-RA","Ahya","OG_494",0,1,0
"Ahyacinthus13913-RA","Ahyacinthus13913-RA","Ahya","OG_8818",0,1,0
"Ahyacinthus13914-RA","Ahyacinthus13914-RA","Ahya","OG_832",0,1,0
"Ahyacinthus13915-RA","Ahyacinthus13915-RA","Ahya","OG_978",1,1,1
"Ahyacinthus13921-RA","Ahyacinthus13921-RA","Ahya","OG_3963",0,1,1
"Ahyacinthus13922-RA","Ahyacinthus13922-RA","Ahya","OG_3964",0,1,0
"Ahyacinthus13924-RA","Ahyacinthus13924-RA","Ahya","OG_5631",0,1,1
"Ahyacinthus13933-RA","Ahyacinthus13933-RA","Ahya","OG_851",1,1,0
"Ahyacinthus13935-RA","Ahyacinthus13935-RA","Ahya","OG_1050",0,1,1
"Ahyacinthus13936-RA","Ahyacinthus13936-RA","Ahya","OG_694",0,1,0
"Ahyacinthus13940-RA","Ahyacinthus13940-RA","Ahya","OG_883",0,1,0
"Ahyacinthus13942-RA","Ahyacinthus13942-RA","Ahya","OG_883",0,1,0
"Ahyacinthus13945-RA","Ahyacinthus13945-RA","Ahya","OG_1097",0,1,0
"Ahyacinthus13946-RA","Ahyacinthus13946-RA","Ahya","OG_3966",1,1,0
"Ahyacinthus13960-RA","Ahyacinthus13960-RA","Ahya","OG_743",0,1,0
"Ahyacinthus13961-RA","Ahyacinthus13961-RA","Ahya","OG_358",0,1,0
"Ahyacinthus13962-RA","Ahyacinthus13962-RA","Ahya","OG_835",0,1,0
"Ahyacinthus13963-RA","Ahyacinthus13963-RA","Ahya","OG_1436",0,1,0
"Ahyacinthus13967-RA","Ahyacinthus13967-RA","Ahya","OG_408",1,1,1
"Ahyacinthus13968-RA","Ahyacinthus13968-RA","Ahya","OG_408",1,1,1
"Ahyacinthus13971-RA","Ahyacinthus13971-RA","Ahya","OG_1100",0,1,0
"Ahyacinthus13974-RA","Ahyacinthus13974-RA","Ahya","OG_1443",0,1,0
"Ahyacinthus13976-RA","Ahyacinthus13976-RA","Ahya","OG_8817",0,1,0
"Ahyacinthus13985-RA","Ahyacinthus13985-RA","Ahya","OG_12571",0,1,0
"Ahyacinthus14000-RA","Ahyacinthus14000-RA","Ahya","OG_663",1,1,0
"Ahyacinthus14001-RA","Ahyacinthus14001-RA","Ahya","OG_5111",0,1,0
"Ahyacinthus14002-RA","Ahyacinthus14002-RA","Ahya","OG_12446",0,1,0
"Ahyacinthus14003-RA","Ahyacinthus14003-RA","Ahya","OG_12446",0,1,0
"Ahyacinthus14004-RA","Ahyacinthus14004-RA","Ahya","OG_149",1,1,1
"Ahyacinthus14005-RA","Ahyacinthus14005-RA","Ahya","OG_1052",1,1,0
"Ahyacinthus14006-RA","Ahyacinthus14006-RA","Ahya","OG_703",1,1,1
"Ahyacinthus14007-RA","Ahyacinthus14007-RA","Ahya","OG_170",1,1,1
"Ahyacinthus14008-RA","Ahyacinthus14008-RA","Ahya","OG_504",0,1,0
"Ahyacinthus14009-RA","Ahyacinthus14009-RA","Ahya","OG_332",0,1,1
"Ahyacinthus14010-RA","Ahyacinthus14010-RA","Ahya","OG_332",0,1,1
"Ahyacinthus14012-RA","Ahyacinthus14012-RA","Ahya","OG_140",0,1,0
"Ahyacinthus14015-RA","Ahyacinthus14015-RA","Ahya","OG_900",0,1,0
"Ahyacinthus14016-RA","Ahyacinthus14016-RA","Ahya","OG_568",1,1,1
"Ahyacinthus14017-RA","Ahyacinthus14017-RA","Ahya","OG_568",1,1,1
"Ahyacinthus14018-RA","Ahyacinthus14018-RA","Ahya","OG_900",0,1,0
"Ahyacinthus14023-RA","Ahyacinthus14023-RA","Ahya","OG_360",0,1,0
"Ahyacinthus14024-RA","Ahyacinthus14024-RA","Ahya","OG_3968",0,1,0
"Ahyacinthus14027-RA","Ahyacinthus14027-RA","Ahya","OG_823",0,1,1
"Ahyacinthus14028-RA","Ahyacinthus14028-RA","Ahya","OG_9771",0,1,1
"Ahyacinthus14030-RA","Ahyacinthus14030-RA","Ahya","OG_331",0,1,0
"Ahyacinthus14037-RA","Ahyacinthus14037-RA","Ahya","OG_5290",0,1,0
"Ahyacinthus14038-RA","Ahyacinthus14038-RA","Ahya","OG_8969",0,1,0
"Ahyacinthus14039-RA","Ahyacinthus14039-RA","Ahya","OG_6668",1,1,0
"Ahyacinthus14041-RA","Ahyacinthus14041-RA","Ahya","OG_5219",0,1,0
"Ahyacinthus14043-RA","Ahyacinthus14043-RA","Ahya","OG_1093",1,1,0
"Ahyacinthus14045-RA","Ahyacinthus14045-RA","Ahya","OG_3971",0,1,0
"Ahyacinthus14046-RA","Ahyacinthus14046-RA","Ahya","OG_5302",0,1,0
"Ahyacinthus14047-RA","Ahyacinthus14047-RA","Ahya","OG_3972",0,1,0
"Ahyacinthus14048-RA","Ahyacinthus14048-RA","Ahya","OG_8806",1,1,0
"Ahyacinthus14049-RA","Ahyacinthus14049-RA","Ahya","OG_8807",1,1,0
"Ahyacinthus14050-RA","Ahyacinthus14050-RA","Ahya","OG_6675",0,1,0
"Ahyacinthus14051-RA","Ahyacinthus14051-RA","Ahya","OG_6675",0,1,0
"Ahyacinthus14052-RA","Ahyacinthus14052-RA","Ahya","OG_1430",0,1,0
"Ahyacinthus14057-RA","Ahyacinthus14057-RA","Ahya","OG_3974",0,1,1
"Ahyacinthus14058-RA","Ahyacinthus14058-RA","Ahya","OG_3974",0,1,1
"Ahyacinthus14059-RA","Ahyacinthus14059-RA","Ahya","OG_8860",0,1,0
"Ahyacinthus14060-RA","Ahyacinthus14060-RA","Ahya","OG_8985",0,1,0
"Ahyacinthus14063-RA","Ahyacinthus14063-RA","Ahya","OG_8986",0,1,0
"Ahyacinthus14071-RA","Ahyacinthus14071-RA","Ahya","OG_8708",0,1,0
"Ahyacinthus14072-RA","Ahyacinthus14072-RA","Ahya","OG_12572",1,1,0
"Ahyacinthus14078-RA","Ahyacinthus14078-RA","Ahya","OG_972",1,1,0
"Ahyacinthus14079-RA","Ahyacinthus14079-RA","Ahya","OG_972",1,1,0
"Ahyacinthus14086-RA","Ahyacinthus14086-RA","Ahya","OG_972",1,1,0
"Ahyacinthus14088-RA","Ahyacinthus14088-RA","Ahya","OG_972",1,1,0
"Ahyacinthus14089-RA","Ahyacinthus14089-RA","Ahya","OG_176",1,1,1
"Ahyacinthus14090-RA","Ahyacinthus14090-RA","Ahya","OG_176",1,1,1
"Ahyacinthus14099-RA","Ahyacinthus14099-RA","Ahya","OG_3975",1,1,1
"Ahyacinthus14100-RA","Ahyacinthus14100-RA","Ahya","OG_3976",0,1,0
"Ahyacinthus14101-RA","Ahyacinthus14101-RA","Ahya","OG_1338",1,1,0
"Ahyacinthus14105-RA","Ahyacinthus14105-RA","Ahya","OG_12624",0,1,0
"Ahyacinthus14108-RA","Ahyacinthus14108-RA","Ahya","OG_3034",0,1,0
"Ahyacinthus14111-RA","Ahyacinthus14111-RA","Ahya","OG_1103",0,1,1
"Ahyacinthus14112-RA","Ahyacinthus14112-RA","Ahya","OG_8633",0,1,0
"Ahyacinthus14114-RA","Ahyacinthus14114-RA","Ahya","OG_8634",0,1,0
"Ahyacinthus14117-RA","Ahyacinthus14117-RA","Ahya","OG_1018",1,1,0
"Ahyacinthus14120-RA","Ahyacinthus14120-RA","Ahya","OG_804",0,1,0
"Ahyacinthus14121-RA","Ahyacinthus14121-RA","Ahya","OG_386",0,1,1
"Ahyacinthus14124-RA","Ahyacinthus14124-RA","Ahya","OG_702",0,1,1
"Ahyacinthus14126-RA","Ahyacinthus14126-RA","Ahya","OG_702",0,1,1
"Ahyacinthus14127-RA","Ahyacinthus14127-RA","Ahya","OG_8633",0,1,0
"Ahyacinthus14128-RA","Ahyacinthus14128-RA","Ahya","OG_257",1,1,1
"Ahyacinthus14134-RA","Ahyacinthus14134-RA","Ahya","OG_905",1,1,1
"Ahyacinthus14137-RA","Ahyacinthus14137-RA","Ahya","OG_898",0,1,0
"Ahyacinthus14138-RA","Ahyacinthus14138-RA","Ahya","OG_837",0,1,0
"Ahyacinthus14139-RA","Ahyacinthus14139-RA","Ahya","OG_1015",0,1,1
"Ahyacinthus14141-RA","Ahyacinthus14141-RA","Ahya","OG_8633",0,1,0
"Ahyacinthus14142-RA","Ahyacinthus14142-RA","Ahya","OG_3977",0,1,0
"Ahyacinthus14145-RA","Ahyacinthus14145-RA","Ahya","OG_8816",0,1,0
"Ahyacinthus14149-RA","Ahyacinthus14149-RA","Ahya","OG_3980",1,1,0
"Ahyacinthus14150-RA","Ahyacinthus14150-RA","Ahya","OG_3981",1,1,0
"Ahyacinthus14151-RA","Ahyacinthus14151-RA","Ahya","OG_3981",1,1,0
"Ahyacinthus14154-RA","Ahyacinthus14154-RA","Ahya","OG_1090",0,1,0
"Ahyacinthus14155-RA","Ahyacinthus14155-RA","Ahya","OG_775",1,1,0
"Ahyacinthus14156-RA","Ahyacinthus14156-RA","Ahya","OG_1066",0,1,0
"Ahyacinthus14157-RA","Ahyacinthus14157-RA","Ahya","OG_3983",1,1,0
"Ahyacinthus14159-RA","Ahyacinthus14159-RA","Ahya","OG_3982",1,1,1
"Ahyacinthus14160-RA","Ahyacinthus14160-RA","Ahya","OG_6053",0,1,0
"Ahyacinthus14161-RA","Ahyacinthus14161-RA","Ahya","OG_3984",0,1,0
"Ahyacinthus14163-RA","Ahyacinthus14163-RA","Ahya","OG_7382",0,1,0
"Ahyacinthus14167-RA","Ahyacinthus14167-RA","Ahya","OG_8850",1,1,1
"Ahyacinthus14172-RA","Ahyacinthus14172-RA","Ahya","OG_1274",0,1,0
"Ahyacinthus14173-RA","Ahyacinthus14173-RA","Ahya","OG_6674",0,1,0
"Ahyacinthus14178-RA","Ahyacinthus14178-RA","Ahya","OG_6270",0,1,0
"Ahyacinthus14184-RA","Ahyacinthus14184-RA","Ahya","OG_3988",1,1,0
"Ahyacinthus14187-RA","Ahyacinthus14187-RA","Ahya","OG_176",1,1,1
"Ahyacinthus14193-RA","Ahyacinthus14193-RA","Ahya","OG_8897",0,1,0
"Ahyacinthus14201-RA","Ahyacinthus14201-RA","Ahya","OG_655",0,1,1
"Ahyacinthus14205-RA","Ahyacinthus14205-RA","Ahya","OG_897",0,1,0
"Ahyacinthus14206-RA","Ahyacinthus14206-RA","Ahya","OG_270",1,1,1
"Ahyacinthus14207-RA","Ahyacinthus14207-RA","Ahya","OG_353",0,1,0
"Ahyacinthus14208-RA","Ahyacinthus14208-RA","Ahya","OG_416",0,1,0
"Ahyacinthus14211-RA","Ahyacinthus14211-RA","Ahya","OG_8979",0,1,0
"Ahyacinthus14216-RA","Ahyacinthus14216-RA","Ahya","OG_6655",0,1,0
"Ahyacinthus14218-RA","Ahyacinthus14218-RA","Ahya","OG_3991",0,1,0
"Ahyacinthus14219-RA","Ahyacinthus14219-RA","Ahya","OG_6055",0,1,0
"Ahyacinthus14220-RA","Ahyacinthus14220-RA","Ahya","OG_3992",0,1,0
"Ahyacinthus14222-RA","Ahyacinthus14222-RA","Ahya","OG_3993",0,1,0
"Ahyacinthus14228-RA","Ahyacinthus14228-RA","Ahya","OG_3994",0,1,0
"Ahyacinthus14229-RA","Ahyacinthus14229-RA","Ahya","OG_931",0,1,0
"Ahyacinthus14232-RA","Ahyacinthus14232-RA","Ahya","OG_931",0,1,0
"Ahyacinthus14234-RA","Ahyacinthus14234-RA","Ahya","OG_931",0,1,0
"Ahyacinthus14243-RA","Ahyacinthus14243-RA","Ahya","OG_8729",0,1,0
"Ahyacinthus14244-RA","Ahyacinthus14244-RA","Ahya","OG_3996",1,1,0
"Ahyacinthus14248-RA","Ahyacinthus14248-RA","Ahya","OG_8715",0,1,0
"Ahyacinthus14249-RA","Ahyacinthus14249-RA","Ahya","OG_3997",0,1,0
"Ahyacinthus14254-RA","Ahyacinthus14254-RA","Ahya","OG_8845",0,1,0
"Ahyacinthus14255-RA","Ahyacinthus14255-RA","Ahya","OG_4000",1,1,0
"Ahyacinthus14260-RA","Ahyacinthus14260-RA","Ahya","OG_8962",0,1,0
"Ahyacinthus14263-RA","Ahyacinthus14263-RA","Ahya","OG_8677",0,1,0
"Ahyacinthus14264-RA","Ahyacinthus14264-RA","Ahya","OG_8678",0,1,1
"Ahyacinthus14270-RA","Ahyacinthus14270-RA","Ahya","OG_8870",0,1,0
"Ahyacinthus14271-RA","Ahyacinthus14271-RA","Ahya","OG_4004",0,1,0
"Ahyacinthus14274-RA","Ahyacinthus14274-RA","Ahya","OG_4007",0,1,0
"Ahyacinthus14277-RA","Ahyacinthus14277-RA","Ahya","OG_4008",0,1,0
"Ahyacinthus14278-RA","Ahyacinthus14278-RA","Ahya","OG_8894",1,1,1
"Ahyacinthus14279-RA","Ahyacinthus14279-RA","Ahya","OG_848",1,1,0
"Ahyacinthus14285-RA","Ahyacinthus14285-RA","Ahya","OG_358",0,1,0
"Ahyacinthus14286-RA","Ahyacinthus14286-RA","Ahya","OG_386",0,1,1
"Ahyacinthus14288-RA","Ahyacinthus14288-RA","Ahya","OG_462",0,1,0
"Ahyacinthus14290-RA","Ahyacinthus14290-RA","Ahya","OG_503",0,1,0
"Ahyacinthus14292-RA","Ahyacinthus14292-RA","Ahya","OG_810",0,1,0
"Ahyacinthus14294-RA","Ahyacinthus14294-RA","Ahya","OG_720",0,1,1
"Ahyacinthus14295-RA","Ahyacinthus14295-RA","Ahya","OG_193",0,1,0
"Ahyacinthus14297-RA","Ahyacinthus14297-RA","Ahya","OG_4009",0,1,0
"Ahyacinthus14298-RA","Ahyacinthus14298-RA","Ahya","OG_5307",0,1,0
"Ahyacinthus14299-RA","Ahyacinthus14299-RA","Ahya","OG_8948",0,1,0
"Ahyacinthus14300-RA","Ahyacinthus14300-RA","Ahya","OG_223",0,1,0
"Ahyacinthus14301-RA","Ahyacinthus14301-RA","Ahya","OG_4011",0,1,0
"Ahyacinthus14302-RA","Ahyacinthus14302-RA","Ahya","OG_4010",0,1,0
"Ahyacinthus14304-RA","Ahyacinthus14304-RA","Ahya","OG_331",0,1,0
"Ahyacinthus14312-RA","Ahyacinthus14312-RA","Ahya","OG_8825",1,1,0
"Ahyacinthus14316-RA","Ahyacinthus14316-RA","Ahya","OG_6676",1,1,0
"Ahyacinthus14317-RA","Ahyacinthus14317-RA","Ahya","OG_8975",1,1,0
"Ahyacinthus14320-RA","Ahyacinthus14320-RA","Ahya","OG_8973",0,1,0
"Ahyacinthus14325-RA","Ahyacinthus14325-RA","Ahya","OG_8737",0,1,0
"Ahyacinthus14326-RA","Ahyacinthus14326-RA","Ahya","OG_4015",1,1,0
"Ahyacinthus14327-RA","Ahyacinthus14327-RA","Ahya","OG_8740",0,1,0
"Ahyacinthus14328-RA","Ahyacinthus14328-RA","Ahya","OG_4016",1,1,0
"Ahyacinthus14329-RA","Ahyacinthus14329-RA","Ahya","OG_8739",1,1,0
"Ahyacinthus14331-RA","Ahyacinthus14331-RA","Ahya","OG_4017",0,1,0
"Ahyacinthus14332-RA","Ahyacinthus14332-RA","Ahya","OG_8932",0,1,0
"Ahyacinthus14337-RA","Ahyacinthus14337-RA","Ahya","OG_526",0,1,0
"Ahyacinthus14352-RA","Ahyacinthus14352-RA","Ahya","OG_8745",0,1,0
"Ahyacinthus14353-RA","Ahyacinthus14353-RA","Ahya","OG_1062",0,1,1
"Ahyacinthus14355-RA","Ahyacinthus14355-RA","Ahya","OG_487",0,1,1
"Ahyacinthus14359-RA","Ahyacinthus14359-RA","Ahya","OG_828",0,1,0
"Ahyacinthus14360-RA","Ahyacinthus14360-RA","Ahya","OG_901",0,1,1
"Ahyacinthus14361-RA","Ahyacinthus14361-RA","Ahya","OG_5109",0,1,0
"Ahyacinthus14365-RA","Ahyacinthus14365-RA","Ahya","OG_1431",0,1,0
"Ahyacinthus14368-RA","Ahyacinthus14368-RA","Ahya","OG_8927",0,1,0
"Ahyacinthus14369-RA","Ahyacinthus14369-RA","Ahya","OG_8927",0,1,0
"Ahyacinthus14373-RA","Ahyacinthus14373-RA","Ahya","OG_6057",0,1,0
"Ahyacinthus14377-RA","Ahyacinthus14377-RA","Ahya","OG_4020",0,1,0
"Ahyacinthus14378-RA","Ahyacinthus14378-RA","Ahya","OG_8976",0,1,0
"Ahyacinthus14382-RA","Ahyacinthus14382-RA","Ahya","OG_6763",0,1,0
"Ahyacinthus14383-RA","Ahyacinthus14383-RA","Ahya","OG_6763",0,1,0
"Ahyacinthus14391-RA","Ahyacinthus14391-RA","Ahya","OG_8928",0,1,0
"Ahyacinthus14394-RA","Ahyacinthus14394-RA","Ahya","OG_103",0,1,0
"Ahyacinthus14395-RA","Ahyacinthus14395-RA","Ahya","OG_8924",0,1,0
"Ahyacinthus14396-RA","Ahyacinthus14396-RA","Ahya","OG_4023",0,1,1
"Ahyacinthus14401-RA","Ahyacinthus14401-RA","Ahya","OG_8959",0,1,0
"Ahyacinthus14403-RA","Ahyacinthus14403-RA","Ahya","OG_5037",1,1,0
"Ahyacinthus14405-RA","Ahyacinthus14405-RA","Ahya","OG_12626",0,1,0
"Ahyacinthus14407-RA","Ahyacinthus14407-RA","Ahya","OG_9011",0,1,0
"Ahyacinthus14411-RA","Ahyacinthus14411-RA","Ahya","OG_7422",0,1,0
"Ahyacinthus14412-RA","Ahyacinthus14412-RA","Ahya","OG_7422",0,1,0
"Ahyacinthus14418-RA","Ahyacinthus14418-RA","Ahya","OG_8703",0,1,0
"Ahyacinthus14419-RA","Ahyacinthus14419-RA","Ahya","OG_4026",1,1,0
"Ahyacinthus14420-RA","Ahyacinthus14420-RA","Ahya","OG_429",1,1,1
"Ahyacinthus14422-RA","Ahyacinthus14422-RA","Ahya","OG_150",1,1,1
"Ahyacinthus14423-RA","Ahyacinthus14423-RA","Ahya","OG_4025",0,1,0
"Ahyacinthus14424-RA","Ahyacinthus14424-RA","Ahya","OG_8712",1,1,0
"Ahyacinthus14425-RA","Ahyacinthus14425-RA","Ahya","OG_6648",1,1,0
"Ahyacinthus14437-RA","Ahyacinthus14437-RA","Ahya","OG_6647",0,1,0
"Ahyacinthus14438-RA","Ahyacinthus14438-RA","Ahya","OG_1032",0,1,0
"Ahyacinthus14443-RA","Ahyacinthus14443-RA","Ahya","OG_8931",0,1,0
"Ahyacinthus14445-RA","Ahyacinthus14445-RA","Ahya","OG_8915",0,1,0
"Ahyacinthus14451-RA","Ahyacinthus14451-RA","Ahya","OG_4028",0,1,0
"Ahyacinthus14455-RA","Ahyacinthus14455-RA","Ahya","OG_8804",0,1,0
"Ahyacinthus14456-RA","Ahyacinthus14456-RA","Ahya","OG_6665",1,1,0
"Ahyacinthus14464-RA","Ahyacinthus14464-RA","Ahya","OG_4032",1,1,0
"Ahyacinthus14469-RA","Ahyacinthus14469-RA","Ahya","OG_4031",0,1,0
"Ahyacinthus14471-RA","Ahyacinthus14471-RA","Ahya","OG_4033",0,1,0
"Ahyacinthus14473-RA","Ahyacinthus14473-RA","Ahya","OG_5291",0,1,1
"Ahyacinthus14477-RA","Ahyacinthus14477-RA","Ahya","OG_8771",0,1,0
"Ahyacinthus14478-RA","Ahyacinthus14478-RA","Ahya","OG_4035",1,1,0
"Ahyacinthus14481-RA","Ahyacinthus14481-RA","Ahya","OG_8772",0,1,0
"Ahyacinthus14482-RA","Ahyacinthus14482-RA","Ahya","OG_8773",1,1,0
"Ahyacinthus14485-RA","Ahyacinthus14485-RA","Ahya","OG_6657",0,1,0
"Ahyacinthus14497-RA","Ahyacinthus14497-RA","Ahya","OG_8874",0,1,0
"Ahyacinthus14498-RA","Ahyacinthus14498-RA","Ahya","OG_8883",0,1,0
"Ahyacinthus14499-RA","Ahyacinthus14499-RA","Ahya","OG_8688",1,1,0
"Ahyacinthus14502-RA","Ahyacinthus14502-RA","Ahya","OG_4037",0,1,0
"Ahyacinthus14503-RA","Ahyacinthus14503-RA","Ahya","OG_1332",0,1,0
"Ahyacinthus14504-RA","Ahyacinthus14504-RA","Ahya","OG_4038",0,1,0
"Ahyacinthus14505-RA","Ahyacinthus14505-RA","Ahya","OG_14",1,1,0
"Ahyacinthus14507-RA","Ahyacinthus14507-RA","Ahya","OG_362",0,1,0
"Ahyacinthus14513-RA","Ahyacinthus14513-RA","Ahya","OG_362",0,1,0
"Ahyacinthus14514-RA","Ahyacinthus14514-RA","Ahya","OG_362",0,1,0
"Ahyacinthus14516-RA","Ahyacinthus14516-RA","Ahya","OG_362",0,1,0
"Ahyacinthus14520-RA","Ahyacinthus14520-RA","Ahya","OG_362",0,1,0
"Ahyacinthus14523-RA","Ahyacinthus14523-RA","Ahya","OG_8861",0,1,0
"Ahyacinthus14524-RA","Ahyacinthus14524-RA","Ahya","OG_1099",1,1,0
"Ahyacinthus14527-RA","Ahyacinthus14527-RA","Ahya","OG_4039",0,1,0
"Ahyacinthus14528-RA","Ahyacinthus14528-RA","Ahya","OG_7387",0,1,0
"Ahyacinthus14531-RA","Ahyacinthus14531-RA","Ahya","OG_6662",0,1,0
"Ahyacinthus14537-RA","Ahyacinthus14537-RA","Ahya","OG_6659",0,1,0
"Ahyacinthus14540-RA","Ahyacinthus14540-RA","Ahya","OG_8869",0,1,0
"Ahyacinthus14541-RA","Ahyacinthus14541-RA","Ahya","OG_8869",0,1,0
"Ahyacinthus14543-RA","Ahyacinthus14543-RA","Ahya","OG_7679",1,1,0
"Ahyacinthus14544-RA","Ahyacinthus14544-RA","Ahya","OG_4040",0,1,0
"Ahyacinthus14546-RA","Ahyacinthus14546-RA","Ahya","OG_4041",0,1,0
"Ahyacinthus14547-RA","Ahyacinthus14547-RA","Ahya","OG_8827",0,1,0
"Ahyacinthus14550-RA","Ahyacinthus14550-RA","Ahya","OG_455",0,1,0
"Ahyacinthus14551-RA","Ahyacinthus14551-RA","Ahya","OG_4042",1,1,0
"Ahyacinthus14555-RA","Ahyacinthus14555-RA","Ahya","OG_4043",0,1,0
"Ahyacinthus14556-RA","Ahyacinthus14556-RA","Ahya","OG_8822",0,1,0
"Ahyacinthus14569-RA","Ahyacinthus14569-RA","Ahya","OG_8695",1,1,0
"Ahyacinthus14576-RA","Ahyacinthus14576-RA","Ahya","OG_4045",0,1,0
"Ahyacinthus14578-RA","Ahyacinthus14578-RA","Ahya","OG_8951",0,1,0
"Ahyacinthus14579-RA","Ahyacinthus14579-RA","Ahya","OG_282",0,1,0
"Ahyacinthus14580-RA","Ahyacinthus14580-RA","Ahya","OG_259",0,1,0
"Ahyacinthus14582-RA","Ahyacinthus14582-RA","Ahya","OG_8684",1,1,0
"Ahyacinthus14583-RA","Ahyacinthus14583-RA","Ahya","OG_3899",1,1,0
"Ahyacinthus14585-RA","Ahyacinthus14585-RA","Ahya","OG_8774",0,1,0
"Ahyacinthus14586-RA","Ahyacinthus14586-RA","Ahya","OG_8774",0,1,0
"Ahyacinthus14587-RA","Ahyacinthus14587-RA","Ahya","OG_8774",0,1,0
"Ahyacinthus14588-RA","Ahyacinthus14588-RA","Ahya","OG_8774",0,1,0
"Ahyacinthus14589-RA","Ahyacinthus14589-RA","Ahya","OG_1190",0,1,0
"Ahyacinthus14592-RA","Ahyacinthus14592-RA","Ahya","OG_8950",0,1,0
"Ahyacinthus14593-RA","Ahyacinthus14593-RA","Ahya","OG_8630",0,1,0
"Ahyacinthus14594-RA","Ahyacinthus14594-RA","Ahya","OG_4046",0,1,0
"Ahyacinthus14599-RA","Ahyacinthus14599-RA","Ahya","OG_8629",0,1,0
"Ahyacinthus14605-RA","Ahyacinthus14605-RA","Ahya","OG_364",0,1,0
"Ahyacinthus14612-RA","Ahyacinthus14612-RA","Ahya","OG_364",0,1,0
"Ahyacinthus14613-RA","Ahyacinthus14613-RA","Ahya","OG_8706",1,1,1
"Ahyacinthus14614-RA","Ahyacinthus14614-RA","Ahya","OG_8953",1,1,0
"Ahyacinthus14615-RA","Ahyacinthus14615-RA","Ahya","OG_4047",0,1,0
"Ahyacinthus14620-RA","Ahyacinthus14620-RA","Ahya","OG_8980",0,1,0
"Ahyacinthus14621-RA","Ahyacinthus14621-RA","Ahya","OG_4048",1,1,1
"Ahyacinthus14626-RA","Ahyacinthus14626-RA","Ahya","OG_286",0,1,1
"Ahyacinthus14629-RA","Ahyacinthus14629-RA","Ahya","OG_4050",0,1,0
"Ahyacinthus14630-RA","Ahyacinthus14630-RA","Ahya","OG_8946",0,1,0
"Ahyacinthus14631-RA","Ahyacinthus14631-RA","Ahya","OG_5221",0,1,0
"Ahyacinthus14632-RA","Ahyacinthus14632-RA","Ahya","OG_8788",0,1,0
"Ahyacinthus14634-RA","Ahyacinthus14634-RA","Ahya","OG_8636",0,1,0
"Ahyacinthus14636-RA","Ahyacinthus14636-RA","Ahya","OG_4052",1,1,0
"Ahyacinthus14637-RA","Ahyacinthus14637-RA","Ahya","OG_4053",1,1,0
"Ahyacinthus14638-RA","Ahyacinthus14638-RA","Ahya","OG_4054",0,1,0
"Ahyacinthus14640-RA","Ahyacinthus14640-RA","Ahya","OG_322",0,1,0
"Ahyacinthus14645-RA","Ahyacinthus14645-RA","Ahya","OG_1375",0,1,0
"Ahyacinthus14653-RA","Ahyacinthus14653-RA","Ahya","OG_356",0,1,0
"Ahyacinthus14654-RA","Ahyacinthus14654-RA","Ahya","OG_1063",0,1,0
"Ahyacinthus14661-RA","Ahyacinthus14661-RA","Ahya","OG_12743",0,1,0
"Ahyacinthus14670-RA","Ahyacinthus14670-RA","Ahya","OG_12499",0,1,1
"Ahyacinthus14672-RA","Ahyacinthus14672-RA","Ahya","OG_12743",0,1,0
"Ahyacinthus14673-RA","Ahyacinthus14673-RA","Ahya","OG_130",0,1,1
"Ahyacinthus14674-RA","Ahyacinthus14674-RA","Ahya","OG_12740",0,1,0
"Ahyacinthus14677-RA","Ahyacinthus14677-RA","Ahya","OG_362",0,1,0
"Ahyacinthus14678-RA","Ahyacinthus14678-RA","Ahya","OG_362",0,1,0
"Ahyacinthus14680-RA","Ahyacinthus14680-RA","Ahya","OG_362",0,1,0
"Ahyacinthus14683-RA","Ahyacinthus14683-RA","Ahya","OG_14",1,1,0
"Ahyacinthus14689-RA","Ahyacinthus14689-RA","Ahya","OG_702",0,1,1
"Ahyacinthus14694-RA","Ahyacinthus14694-RA","Ahya","OG_1063",0,1,0
"Ahyacinthus14695-RA","Ahyacinthus14695-RA","Ahya","OG_5218",0,1,0
"Ahyacinthus14699-RA","Ahyacinthus14699-RA","Ahya","OG_8949",0,1,0
"Ahyacinthus14700-RA","Ahyacinthus14700-RA","Ahya","OG_8735",0,1,0
"Ahyacinthus14704-RA","Ahyacinthus14704-RA","Ahya","OG_305",0,1,0
"Ahyacinthus14708-RA","Ahyacinthus14708-RA","Ahya","OG_4061",1,1,0
"Ahyacinthus14709-RA","Ahyacinthus14709-RA","Ahya","OG_6056",0,1,0
"Ahyacinthus14714-RA","Ahyacinthus14714-RA","Ahya","OG_8661",0,1,1
"Ahyacinthus14715-RA","Ahyacinthus14715-RA","Ahya","OG_4063",1,1,0
"Ahyacinthus14717-RA","Ahyacinthus14717-RA","Ahya","OG_4064",0,1,0
"Ahyacinthus14718-RA","Ahyacinthus14718-RA","Ahya","OG_8660",1,1,0
"Ahyacinthus14719-RA","Ahyacinthus14719-RA","Ahya","OG_8662",0,1,1
"Ahyacinthus14720-RA","Ahyacinthus14720-RA","Ahya","OG_8663",1,1,0
"Ahyacinthus14721-RA","Ahyacinthus14721-RA","Ahya","OG_4066",1,1,0
"Ahyacinthus14722-RA","Ahyacinthus14722-RA","Ahya","OG_4066",1,1,0
"Ahyacinthus14723-RA","Ahyacinthus14723-RA","Ahya","OG_4066",1,1,0
"Ahyacinthus14724-RA","Ahyacinthus14724-RA","Ahya","OG_4065",0,1,0
"Ahyacinthus14740-RA","Ahyacinthus14740-RA","Ahya","OG_8761",1,1,1
"Ahyacinthus14743-RA","Ahyacinthus14743-RA","Ahya","OG_8682",0,1,1
"Ahyacinthus14746-RA","Ahyacinthus14746-RA","Ahya","OG_828",0,1,0
"Ahyacinthus14747-RA","Ahyacinthus14747-RA","Ahya","OG_901",0,1,1
"Ahyacinthus14753-RA","Ahyacinthus14753-RA","Ahya","OG_4071",0,1,0
"Ahyacinthus14754-RA","Ahyacinthus14754-RA","Ahya","OG_4071",0,1,0
"Ahyacinthus14758-RA","Ahyacinthus14758-RA","Ahya","OG_1190",0,1,0
"Ahyacinthus14762-RA","Ahyacinthus14762-RA","Ahya","OG_8657",0,1,0
"Ahyacinthus14764-RA","Ahyacinthus14764-RA","Ahya","OG_8656",0,1,0
"Ahyacinthus14765-RA","Ahyacinthus14765-RA","Ahya","OG_8641",0,1,0
"Ahyacinthus14766-RA","Ahyacinthus14766-RA","Ahya","OG_4072",0,1,0
"Ahyacinthus14769-RA","Ahyacinthus14769-RA","Ahya","OG_8895",0,1,0
"Ahyacinthus14770-RA","Ahyacinthus14770-RA","Ahya","OG_8896",0,1,0
"Ahyacinthus14772-RA","Ahyacinthus14772-RA","Ahya","OG_928",0,1,0
"Ahyacinthus14773-RA","Ahyacinthus14773-RA","Ahya","OG_928",0,1,0
"Ahyacinthus14776-RA","Ahyacinthus14776-RA","Ahya","OG_369",1,1,1
"Ahyacinthus14782-RA","Ahyacinthus14782-RA","Ahya","OG_757",1,1,1
"Ahyacinthus14783-RA","Ahyacinthus14783-RA","Ahya","OG_1087",0,1,0
"Ahyacinthus14797-RA","Ahyacinthus14797-RA","Ahya","OG_830",0,1,0
"Ahyacinthus14801-RA","Ahyacinthus14801-RA","Ahya","OG_12009",0,1,0
"Ahyacinthus14807-RA","Ahyacinthus14807-RA","Ahya","OG_19",0,1,0
"Ahyacinthus14809-RA","Ahyacinthus14809-RA","Ahya","OG_21",0,1,0
"Ahyacinthus14811-RA","Ahyacinthus14811-RA","Ahya","OG_6579",0,1,0
"Ahyacinthus14812-RA","Ahyacinthus14812-RA","Ahya","OG_11942",0,1,0
"Ahyacinthus14813-RA","Ahyacinthus14813-RA","Ahya","OG_11942",0,1,0
"Ahyacinthus14816-RA","Ahyacinthus14816-RA","Ahya","OG_22",0,1,0
"Ahyacinthus14819-RA","Ahyacinthus14819-RA","Ahya","OG_23",0,1,0
"Ahyacinthus14820-RA","Ahyacinthus14820-RA","Ahya","OG_6546",0,1,0
"Ahyacinthus14821-RA","Ahyacinthus14821-RA","Ahya","OG_7201",1,1,1
"Ahyacinthus14823-RA","Ahyacinthus14823-RA","Ahya","OG_377",1,1,0
"Ahyacinthus14822-RA","Ahyacinthus14822-RA","Ahya","OG_12121",0,1,0
"Ahyacinthus14835-RA","Ahyacinthus14835-RA","Ahya","OG_12311",0,1,0
"Ahyacinthus14838-RA","Ahyacinthus14838-RA","Ahya","OG_6531",0,1,0
"Ahyacinthus14840-RA","Ahyacinthus14840-RA","Ahya","OG_12312",0,1,1
"Ahyacinthus14841-RA","Ahyacinthus14841-RA","Ahya","OG_12312",0,1,1
"Ahyacinthus14842-RA","Ahyacinthus14842-RA","Ahya","OG_10506",0,1,1
"Ahyacinthus14843-RA","Ahyacinthus14843-RA","Ahya","OG_1228",0,1,0
"Ahyacinthus14844-RA","Ahyacinthus14844-RA","Ahya","OG_1228",0,1,0
"Ahyacinthus14847-RA","Ahyacinthus14847-RA","Ahya","OG_7195",0,1,0
"Ahyacinthus14851-RA","Ahyacinthus14851-RA","Ahya","OG_11848",0,1,0
"Ahyacinthus14852-RA","Ahyacinthus14852-RA","Ahya","OG_1905",0,1,0
"Ahyacinthus14857-RA","Ahyacinthus14857-RA","Ahya","OG_28",0,1,0
"Ahyacinthus14858-RA","Ahyacinthus14858-RA","Ahya","OG_5375",0,1,0
"Ahyacinthus14859-RA","Ahyacinthus14859-RA","Ahya","OG_29",0,1,0
"Ahyacinthus14871-RA","Ahyacinthus14871-RA","Ahya","OG_9777",0,1,1
"Ahyacinthus14876-RA","Ahyacinthus14876-RA","Ahya","OG_4962",0,1,0
"Ahyacinthus14878-RA","Ahyacinthus14878-RA","Ahya","OG_12066",0,1,0
"Ahyacinthus14879-RA","Ahyacinthus14879-RA","Ahya","OG_12066",0,1,0
"Ahyacinthus14885-RA","Ahyacinthus14885-RA","Ahya","OG_5074",0,1,0
"Ahyacinthus14887-RA","Ahyacinthus14887-RA","Ahya","OG_11866",0,1,0
"Ahyacinthus14905-RA","Ahyacinthus14905-RA","Ahya","OG_7438",0,1,1
"Ahyacinthus14910-RA","Ahyacinthus14910-RA","Ahya","OG_34",0,1,0
"Ahyacinthus14912-RA","Ahyacinthus14912-RA","Ahya","OG_939",0,1,0
"Ahyacinthus14916-RA","Ahyacinthus14916-RA","Ahya","OG_11856",0,1,0
"Ahyacinthus14918-RA","Ahyacinthus14918-RA","Ahya","OG_12060",0,1,1
"Ahyacinthus14919-RA","Ahyacinthus14919-RA","Ahya","OG_12061",0,1,0
"Ahyacinthus14920-RA","Ahyacinthus14920-RA","Ahya","OG_12062",0,1,0
"Ahyacinthus14921-RA","Ahyacinthus14921-RA","Ahya","OG_35",0,1,0
"Ahyacinthus14926-RA","Ahyacinthus14926-RA","Ahya","OG_11803",0,1,0
"Ahyacinthus14927-RA","Ahyacinthus14927-RA","Ahya","OG_38",0,1,0
"Ahyacinthus14934-RA","Ahyacinthus14934-RA","Ahya","OG_40",0,1,0
"Ahyacinthus14935-RA","Ahyacinthus14935-RA","Ahya","OG_41",0,1,1
"Ahyacinthus14938-RA","Ahyacinthus14938-RA","Ahya","OG_176",1,1,1
"Ahyacinthus14947-RA","Ahyacinthus14947-RA","Ahya","OG_42",0,1,0
"Ahyacinthus14951-RA","Ahyacinthus14951-RA","Ahya","OG_46",0,1,0
"Ahyacinthus14953-RA","Ahyacinthus14953-RA","Ahya","OG_11889",0,1,0
"Ahyacinthus14959-RA","Ahyacinthus14959-RA","Ahya","OG_6582",0,1,0
"Ahyacinthus14960-RA","Ahyacinthus14960-RA","Ahya","OG_45",0,1,1
"Ahyacinthus14963-RA","Ahyacinthus14963-RA","Ahya","OG_49",0,1,0
"Ahyacinthus14966-RA","Ahyacinthus14966-RA","Ahya","OG_49",0,1,0
"Ahyacinthus14967-RA","Ahyacinthus14967-RA","Ahya","OG_49",0,1,0
"Ahyacinthus14969-RA","Ahyacinthus14969-RA","Ahya","OG_11928",0,1,0
"Ahyacinthus14975-RA","Ahyacinthus14975-RA","Ahya","OG_48",0,1,0
"Ahyacinthus14976-RA","Ahyacinthus14976-RA","Ahya","OG_12240",0,1,0
"Ahyacinthus14977-RA","Ahyacinthus14977-RA","Ahya","OG_12239",0,1,0
"Ahyacinthus14981-RA","Ahyacinthus14981-RA","Ahya","OG_50",0,1,0
"Ahyacinthus14993-RA","Ahyacinthus14993-RA","Ahya","OG_51",0,1,0
"Ahyacinthus14996-RA","Ahyacinthus14996-RA","Ahya","OG_11901",0,1,0
"Ahyacinthus14997-RA","Ahyacinthus14997-RA","Ahya","OG_848",1,1,0
"Ahyacinthus14999-RA","Ahyacinthus14999-RA","Ahya","OG_11901",0,1,0
"Ahyacinthus15000-RA","Ahyacinthus15000-RA","Ahya","OG_6613",0,1,0
"Ahyacinthus15013-RA","Ahyacinthus15013-RA","Ahya","OG_53",0,1,0
"Ahyacinthus15014-RA","Ahyacinthus15014-RA","Ahya","OG_53",0,1,0
"Ahyacinthus15015-RA","Ahyacinthus15015-RA","Ahya","OG_55",0,1,0
"Ahyacinthus15016-RA","Ahyacinthus15016-RA","Ahya","OG_56",0,1,0
"Ahyacinthus15019-RA","Ahyacinthus15019-RA","Ahya","OG_54",0,1,0
"Ahyacinthus15020-RA","Ahyacinthus15020-RA","Ahya","OG_11796",0,1,0
"Ahyacinthus15021-RA","Ahyacinthus15021-RA","Ahya","OG_11795",0,1,0
"Ahyacinthus15028-RA","Ahyacinthus15028-RA","Ahya","OG_12284",0,1,1
"Ahyacinthus15034-RA","Ahyacinthus15034-RA","Ahya","OG_58",0,1,0
"Ahyacinthus15035-RA","Ahyacinthus15035-RA","Ahya","OG_6555",0,1,0
"Ahyacinthus15036-RA","Ahyacinthus15036-RA","Ahya","OG_733",0,1,0
"Ahyacinthus15040-RA","Ahyacinthus15040-RA","Ahya","OG_876",0,1,1
"Ahyacinthus15047-RA","Ahyacinthus15047-RA","Ahya","OG_733",0,1,0
"Ahyacinthus15052-RA","Ahyacinthus15052-RA","Ahya","OG_5817",0,1,0
"Ahyacinthus15055-RA","Ahyacinthus15055-RA","Ahya","OG_11871",0,1,0
"Ahyacinthus15056-RA","Ahyacinthus15056-RA","Ahya","OG_4828",0,1,0
"Ahyacinthus15057-RA","Ahyacinthus15057-RA","Ahya","OG_59",0,1,1
"Ahyacinthus15061-RA","Ahyacinthus15061-RA","Ahya","OG_61",0,1,0
"Ahyacinthus15066-RA","Ahyacinthus15066-RA","Ahya","OG_12194",0,1,0
"Ahyacinthus15067-RA","Ahyacinthus15067-RA","Ahya","OG_12193",0,1,0
"Ahyacinthus15069-RA","Ahyacinthus15069-RA","Ahya","OG_9356",0,1,0
"Ahyacinthus15076-RA","Ahyacinthus15076-RA","Ahya","OG_63",0,1,0
"Ahyacinthus15078-RA","Ahyacinthus15078-RA","Ahya","OG_11952",0,1,0
"Ahyacinthus15079-RA","Ahyacinthus15079-RA","Ahya","OG_65",0,1,0
"Ahyacinthus15080-RA","Ahyacinthus15080-RA","Ahya","OG_12097",0,1,0
"Ahyacinthus15083-RA","Ahyacinthus15083-RA","Ahya","OG_64",0,1,0
"Ahyacinthus15084-RA","Ahyacinthus15084-RA","Ahya","OG_12031",0,1,0
"Ahyacinthus15085-RA","Ahyacinthus15085-RA","Ahya","OG_12030",0,1,0
"Ahyacinthus15094-RA","Ahyacinthus15094-RA","Ahya","OG_831",0,1,1
"Ahyacinthus15096-RA","Ahyacinthus15096-RA","Ahya","OG_67",0,1,0
"Ahyacinthus15098-RA","Ahyacinthus15098-RA","Ahya","OG_5235",0,1,0
"Ahyacinthus15099-RA","Ahyacinthus15099-RA","Ahya","OG_5235",0,1,0
"Ahyacinthus15101-RA","Ahyacinthus15101-RA","Ahya","OG_12167",0,1,0
"Ahyacinthus15102-RA","Ahyacinthus15102-RA","Ahya","OG_729",0,1,0
"Ahyacinthus15103-RA","Ahyacinthus15103-RA","Ahya","OG_729",0,1,0
"Ahyacinthus15107-RA","Ahyacinthus15107-RA","Ahya","OG_12010",0,1,0
"Ahyacinthus15123-RA","Ahyacinthus15123-RA","Ahya","OG_71",0,1,0
"Ahyacinthus15124-RA","Ahyacinthus15124-RA","Ahya","OG_1193",0,1,0
"Ahyacinthus15127-RA","Ahyacinthus15127-RA","Ahya","OG_5972",0,1,0
"Ahyacinthus15129-RA","Ahyacinthus15129-RA","Ahya","OG_6557",0,1,0
"Ahyacinthus15130-RA","Ahyacinthus15130-RA","Ahya","OG_72",0,1,0
"Ahyacinthus15131-RA","Ahyacinthus15131-RA","Ahya","OG_73",0,1,0
"Ahyacinthus15137-RA","Ahyacinthus15137-RA","Ahya","OG_75",0,1,0
"Ahyacinthus15142-RA","Ahyacinthus15142-RA","Ahya","OG_76",0,1,0
"Ahyacinthus15145-RA","Ahyacinthus15145-RA","Ahya","OG_6177",0,1,0
"Ahyacinthus15147-RA","Ahyacinthus15147-RA","Ahya","OG_6177",0,1,0
"Ahyacinthus15153-RA","Ahyacinthus15153-RA","Ahya","OG_79",0,1,1
"Ahyacinthus15155-RA","Ahyacinthus15155-RA","Ahya","OG_80",0,1,0
"Ahyacinthus15161-RA","Ahyacinthus15161-RA","Ahya","OG_82",0,1,0
"Ahyacinthus15163-RA","Ahyacinthus15163-RA","Ahya","OG_12145",0,1,1
"Ahyacinthus15165-RA","Ahyacinthus15165-RA","Ahya","OG_11951",0,1,0
"Ahyacinthus15166-RA","Ahyacinthus15166-RA","Ahya","OG_6604",1,1,0
"Ahyacinthus15168-RA","Ahyacinthus15168-RA","Ahya","OG_6604",1,1,0
"Ahyacinthus15173-RA","Ahyacinthus15173-RA","Ahya","OG_6604",1,1,0
"Ahyacinthus15180-RA","Ahyacinthus15180-RA","Ahya","OG_6604",1,1,0
"Ahyacinthus15181-RA","Ahyacinthus15181-RA","Ahya","OG_84",0,1,0
"Ahyacinthus15183-RA","Ahyacinthus15183-RA","Ahya","OG_5364",0,1,0
"Ahyacinthus15191-RA","Ahyacinthus15191-RA","Ahya","OG_833",0,1,0
"Ahyacinthus15192-RA","Ahyacinthus15192-RA","Ahya","OG_833",0,1,0
"Ahyacinthus15193-RA","Ahyacinthus15193-RA","Ahya","OG_801",0,1,0
"Ahyacinthus15194-RA","Ahyacinthus15194-RA","Ahya","OG_1458",0,1,0
"Ahyacinthus15195-RA","Ahyacinthus15195-RA","Ahya","OG_801",0,1,0
"Ahyacinthus15198-RA","Ahyacinthus15198-RA","Ahya","OG_833",0,1,0
"Ahyacinthus15199-RA","Ahyacinthus15199-RA","Ahya","OG_833",0,1,0
"Ahyacinthus15200-RA","Ahyacinthus15200-RA","Ahya","OG_801",0,1,0
"Ahyacinthus15202-RA","Ahyacinthus15202-RA","Ahya","OG_12278",0,1,0
"Ahyacinthus15203-RA","Ahyacinthus15203-RA","Ahya","OG_12277",0,1,0
"Ahyacinthus15204-RA","Ahyacinthus15204-RA","Ahya","OG_88",0,1,0
"Ahyacinthus15205-RA","Ahyacinthus15205-RA","Ahya","OG_12276",0,1,1
"Ahyacinthus15208-RA","Ahyacinthus15208-RA","Ahya","OG_12213",0,1,0
"Ahyacinthus15209-RA","Ahyacinthus15209-RA","Ahya","OG_12214",0,1,0
"Ahyacinthus15211-RA","Ahyacinthus15211-RA","Ahya","OG_12597",0,1,1
"Ahyacinthus15213-RA","Ahyacinthus15213-RA","Ahya","OG_91",0,1,0
"Ahyacinthus15216-RA","Ahyacinthus15216-RA","Ahya","OG_90",0,1,0
"Ahyacinthus15217-RA","Ahyacinthus15217-RA","Ahya","OG_11968",0,1,0
"Ahyacinthus15224-RA","Ahyacinthus15224-RA","Ahya","OG_11947",0,1,0
"Ahyacinthus15226-RA","Ahyacinthus15226-RA","Ahya","OG_12271",0,1,0
"Ahyacinthus15227-RA","Ahyacinthus15227-RA","Ahya","OG_1156",0,1,0
"Ahyacinthus15228-RA","Ahyacinthus15228-RA","Ahya","OG_94",0,1,0
"Ahyacinthus15229-RA","Ahyacinthus15229-RA","Ahya","OG_209",0,1,0
"Ahyacinthus15230-RA","Ahyacinthus15230-RA","Ahya","OG_209",0,1,0
"Ahyacinthus15231-RA","Ahyacinthus15231-RA","Ahya","OG_759",0,1,0
"Ahyacinthus15240-RA","Ahyacinthus15240-RA","Ahya","OG_759",0,1,0
"Ahyacinthus15241-RA","Ahyacinthus15241-RA","Ahya","OG_759",0,1,0
"Ahyacinthus15242-RA","Ahyacinthus15242-RA","Ahya","OG_1171",0,1,1
"Ahyacinthus15243-RA","Ahyacinthus15243-RA","Ahya","OG_11969",0,1,0
"Ahyacinthus15246-RA","Ahyacinthus15246-RA","Ahya","OG_95",0,1,0
"Ahyacinthus15247-RA","Ahyacinthus15247-RA","Ahya","OG_11972",0,1,0
"Ahyacinthus15248-RA","Ahyacinthus15248-RA","Ahya","OG_96",0,1,0
"Ahyacinthus15250-RA","Ahyacinthus15250-RA","Ahya","OG_97",0,1,0
"Ahyacinthus15253-RA","Ahyacinthus15253-RA","Ahya","OG_98",0,1,0
"Ahyacinthus15254-RA","Ahyacinthus15254-RA","Ahya","OG_12116",0,1,0
"Ahyacinthus15255-RA","Ahyacinthus15255-RA","Ahya","OG_12114",0,1,0
"Ahyacinthus15256-RA","Ahyacinthus15256-RA","Ahya","OG_6618",0,1,0
"Ahyacinthus15257-RA","Ahyacinthus15257-RA","Ahya","OG_101",0,1,0
"Ahyacinthus15261-RA","Ahyacinthus15261-RA","Ahya","OG_102",0,1,0
"Ahyacinthus15271-RA","Ahyacinthus15271-RA","Ahya","OG_833",0,1,0
"Ahyacinthus15272-RA","Ahyacinthus15272-RA","Ahya","OG_1031",0,1,1
"Ahyacinthus15277-RA","Ahyacinthus15277-RA","Ahya","OG_105",0,1,0
"Ahyacinthus15278-RA","Ahyacinthus15278-RA","Ahya","OG_11963",0,1,0
"Ahyacinthus15284-RA","Ahyacinthus15284-RA","Ahya","OG_12170",0,1,0
"Ahyacinthus15288-RA","Ahyacinthus15288-RA","Ahya","OG_692",0,1,0
"Ahyacinthus15290-RA","Ahyacinthus15290-RA","Ahya","OG_107",0,1,0
"Ahyacinthus15296-RA","Ahyacinthus15296-RA","Ahya","OG_108",0,1,0
"Ahyacinthus15302-RA","Ahyacinthus15302-RA","Ahya","OG_262",0,1,1
"Ahyacinthus15306-RA","Ahyacinthus15306-RA","Ahya","OG_10044",0,1,0
"Ahyacinthus15307-RA","Ahyacinthus15307-RA","Ahya","OG_109",0,1,0
"Ahyacinthus15312-RA","Ahyacinthus15312-RA","Ahya","OG_198",0,1,1
"Ahyacinthus15313-RA","Ahyacinthus15313-RA","Ahya","OG_879",1,1,1
"Ahyacinthus15314-RA","Ahyacinthus15314-RA","Ahya","OG_111",0,1,0
"Ahyacinthus15319-RA","Ahyacinthus15319-RA","Ahya","OG_110",0,1,0
"Ahyacinthus15325-RA","Ahyacinthus15325-RA","Ahya","OG_6575",0,1,0
"Ahyacinthus15331-RA","Ahyacinthus15331-RA","Ahya","OG_6575",0,1,0
"Ahyacinthus15338-RA","Ahyacinthus15338-RA","Ahya","OG_6575",0,1,0
"Ahyacinthus15346-RA","Ahyacinthus15346-RA","Ahya","OG_111",0,1,0
"Ahyacinthus15347-RA","Ahyacinthus15347-RA","Ahya","OG_12223",0,1,0
"Ahyacinthus15350-RA","Ahyacinthus15350-RA","Ahya","OG_11908",0,1,0
"Ahyacinthus15351-RA","Ahyacinthus15351-RA","Ahya","OG_5370",0,1,0
"Ahyacinthus15354-RA","Ahyacinthus15354-RA","Ahya","OG_113",0,1,0
"Ahyacinthus15355-RA","Ahyacinthus15355-RA","Ahya","OG_12091",0,1,0
"Ahyacinthus15357-RA","Ahyacinthus15357-RA","Ahya","OG_5373",0,1,0
"Ahyacinthus15359-RA","Ahyacinthus15359-RA","Ahya","OG_12089",0,1,0
"Ahyacinthus15363-RA","Ahyacinthus15363-RA","Ahya","OG_12296",0,1,0
"Ahyacinthus15367-RA","Ahyacinthus15367-RA","Ahya","OG_929",1,1,1
"Ahyacinthus15376-RA","Ahyacinthus15376-RA","Ahya","OG_11827",0,1,0
"Ahyacinthus15378-RA","Ahyacinthus15378-RA","Ahya","OG_12178",0,1,0
"Ahyacinthus15379-RA","Ahyacinthus15379-RA","Ahya","OG_12177",0,1,0
"Ahyacinthus15380-RA","Ahyacinthus15380-RA","Ahya","OG_12176",0,1,1
"Ahyacinthus15390-RA","Ahyacinthus15390-RA","Ahya","OG_12427",0,1,0
"Ahyacinthus15392-RA","Ahyacinthus15392-RA","Ahya","OG_5097",0,1,0
"Ahyacinthus15394-RA","Ahyacinthus15394-RA","Ahya","OG_118",0,1,0
"Ahyacinthus15403-RA","Ahyacinthus15403-RA","Ahya","OG_119",0,1,0
"Ahyacinthus15410-RA","Ahyacinthus15410-RA","Ahya","OG_9880",0,1,0
"Ahyacinthus15414-RA","Ahyacinthus15414-RA","Ahya","OG_525",0,1,0
"Ahyacinthus15421-RA","Ahyacinthus15421-RA","Ahya","OG_11937",0,1,0
"Ahyacinthus15422-RA","Ahyacinthus15422-RA","Ahya","OG_11935",0,1,0
"Ahyacinthus15424-RA","Ahyacinthus15424-RA","Ahya","OG_11936",0,1,0
"Ahyacinthus15426-RA","Ahyacinthus15426-RA","Ahya","OG_7422",0,1,0
"Ahyacinthus15428-RA","Ahyacinthus15428-RA","Ahya","OG_11938",0,1,0
"Ahyacinthus15433-RA","Ahyacinthus15433-RA","Ahya","OG_1575",0,1,0
"Ahyacinthus15434-RA","Ahyacinthus15434-RA","Ahya","OG_11879",0,1,0
"Ahyacinthus15436-RA","Ahyacinthus15436-RA","Ahya","OG_1099",1,1,0
"Ahyacinthus15442-RA","Ahyacinthus15442-RA","Ahya","OG_10954",0,1,0
"Ahyacinthus15444-RA","Ahyacinthus15444-RA","Ahya","OG_1577",0,1,0
"Ahyacinthus15446-RA","Ahyacinthus15446-RA","Ahya","OG_549",0,1,0
"Ahyacinthus15447-RA","Ahyacinthus15447-RA","Ahya","OG_828",0,1,0
"Ahyacinthus15448-RA","Ahyacinthus15448-RA","Ahya","OG_901",0,1,1
"Ahyacinthus15450-RA","Ahyacinthus15450-RA","Ahya","OG_248",1,1,1
"Ahyacinthus15453-RA","Ahyacinthus15453-RA","Ahya","OG_12259",1,1,0
"Ahyacinthus15455-RA","Ahyacinthus15455-RA","Ahya","OG_286",0,1,1
"Ahyacinthus15467-RA","Ahyacinthus15467-RA","Ahya","OG_881",0,1,0
"Ahyacinthus15475-RA","Ahyacinthus15475-RA","Ahya","OG_6185",0,1,0
"Ahyacinthus15477-RA","Ahyacinthus15477-RA","Ahya","OG_1579",1,1,1
"Ahyacinthus15478-RA","Ahyacinthus15478-RA","Ahya","OG_1579",1,1,1
"Ahyacinthus15480-RA","Ahyacinthus15480-RA","Ahya","OG_1580",0,1,0
"Ahyacinthus15481-RA","Ahyacinthus15481-RA","Ahya","OG_11854",1,1,0
"Ahyacinthus15483-RA","Ahyacinthus15483-RA","Ahya","OG_11853",0,1,0
"Ahyacinthus15485-RA","Ahyacinthus15485-RA","Ahya","OG_4702",0,1,0
"Ahyacinthus15486-RA","Ahyacinthus15486-RA","Ahya","OG_1583",0,1,0
"Ahyacinthus15492-RA","Ahyacinthus15492-RA","Ahya","OG_1583",0,1,0
"Ahyacinthus15493-RA","Ahyacinthus15493-RA","Ahya","OG_1582",0,1,0
"Ahyacinthus15496-RA","Ahyacinthus15496-RA","Ahya","OG_1584",0,1,0
"Ahyacinthus15497-RA","Ahyacinthus15497-RA","Ahya","OG_6195",0,1,0
"Ahyacinthus15498-RA","Ahyacinthus15498-RA","Ahya","OG_353",0,1,0
"Ahyacinthus15500-RA","Ahyacinthus15500-RA","Ahya","OG_916",0,1,1
"Ahyacinthus15503-RA","Ahyacinthus15503-RA","Ahya","OG_12366",0,1,0
"Ahyacinthus15504-RA","Ahyacinthus15504-RA","Ahya","OG_834",1,1,0
"Ahyacinthus15505-RA","Ahyacinthus15505-RA","Ahya","OG_5125",1,1,1
"Ahyacinthus15506-RA","Ahyacinthus15506-RA","Ahya","OG_849",0,1,0
"Ahyacinthus15514-RA","Ahyacinthus15514-RA","Ahya","OG_455",0,1,0
"Ahyacinthus15515-RA","Ahyacinthus15515-RA","Ahya","OG_6350",0,1,0
"Ahyacinthus15518-RA","Ahyacinthus15518-RA","Ahya","OG_1585",0,1,0
"Ahyacinthus15519-RA","Ahyacinthus15519-RA","Ahya","OG_889",0,1,0
"Ahyacinthus15521-RA","Ahyacinthus15521-RA","Ahya","OG_876",0,1,1
"Ahyacinthus15524-RA","Ahyacinthus15524-RA","Ahya","OG_5099",0,1,0
"Ahyacinthus15525-RA","Ahyacinthus15525-RA","Ahya","OG_5075",0,1,0
"Ahyacinthus15526-RA","Ahyacinthus15526-RA","Ahya","OG_1051",1,1,1
"Ahyacinthus15527-RA","Ahyacinthus15527-RA","Ahya","OG_279",0,1,0
"Ahyacinthus15528-RA","Ahyacinthus15528-RA","Ahya","OG_696",0,1,1
"Ahyacinthus15530-RA","Ahyacinthus15530-RA","Ahya","OG_1061",0,1,1
"Ahyacinthus15531-RA","Ahyacinthus15531-RA","Ahya","OG_503",0,1,0
"Ahyacinthus15535-RA","Ahyacinthus15535-RA","Ahya","OG_1174",0,1,0
"Ahyacinthus15536-RA","Ahyacinthus15536-RA","Ahya","OG_1174",0,1,0
"Ahyacinthus15537-RA","Ahyacinthus15537-RA","Ahya","OG_677",0,1,0
"Ahyacinthus15541-RA","Ahyacinthus15541-RA","Ahya","OG_719",1,1,0
"Ahyacinthus15542-RA","Ahyacinthus15542-RA","Ahya","OG_5076",1,1,0
"Ahyacinthus15545-RA","Ahyacinthus15545-RA","Ahya","OG_744",0,1,1
"Ahyacinthus15546-RA","Ahyacinthus15546-RA","Ahya","OG_1001",0,1,0
"Ahyacinthus15547-RA","Ahyacinthus15547-RA","Ahya","OG_1226",1,1,0
"Ahyacinthus15549-RA","Ahyacinthus15549-RA","Ahya","OG_156",1,1,0
"Ahyacinthus15551-RA","Ahyacinthus15551-RA","Ahya","OG_1229",0,1,0
"Ahyacinthus15553-RA","Ahyacinthus15553-RA","Ahya","OG_170",1,1,1
"Ahyacinthus15554-RA","Ahyacinthus15554-RA","Ahya","OG_170",1,1,1
"Ahyacinthus15556-RA","Ahyacinthus15556-RA","Ahya","OG_943",0,1,0
"Ahyacinthus15558-RA","Ahyacinthus15558-RA","Ahya","OG_462",0,1,0
"Ahyacinthus15559-RA","Ahyacinthus15559-RA","Ahya","OG_913",1,1,0
"Ahyacinthus15565-RA","Ahyacinthus15565-RA","Ahya","OG_386",0,1,1
"Ahyacinthus15566-RA","Ahyacinthus15566-RA","Ahya","OG_5147",0,1,0
"Ahyacinthus15567-RA","Ahyacinthus15567-RA","Ahya","OG_1086",0,1,0
"Ahyacinthus15572-RA","Ahyacinthus15572-RA","Ahya","OG_551",0,1,1
"Ahyacinthus15573-RA","Ahyacinthus15573-RA","Ahya","OG_1066",0,1,0
"Ahyacinthus15574-RA","Ahyacinthus15574-RA","Ahya","OG_1066",0,1,0
"Ahyacinthus15576-RA","Ahyacinthus15576-RA","Ahya","OG_836",0,1,0
"Ahyacinthus15579-RA","Ahyacinthus15579-RA","Ahya","OG_5077",0,1,0
"Ahyacinthus15583-RA","Ahyacinthus15583-RA","Ahya","OG_835",0,1,0
"Ahyacinthus15584-RA","Ahyacinthus15584-RA","Ahya","OG_835",0,1,0
"Ahyacinthus15585-RA","Ahyacinthus15585-RA","Ahya","OG_1369",0,1,0
"Ahyacinthus15586-RA","Ahyacinthus15586-RA","Ahya","OG_6298",0,1,0
"Ahyacinthus15588-RA","Ahyacinthus15588-RA","Ahya","OG_757",1,1,1
"Ahyacinthus15589-RA","Ahyacinthus15589-RA","Ahya","OG_235",0,1,0
"Ahyacinthus15593-RA","Ahyacinthus15593-RA","Ahya","OG_369",1,1,1
"Ahyacinthus15595-RA","Ahyacinthus15595-RA","Ahya","OG_353",0,1,0
"Ahyacinthus15599-RA","Ahyacinthus15599-RA","Ahya","OG_710",0,1,0
"Ahyacinthus15600-RA","Ahyacinthus15600-RA","Ahya","OG_455",0,1,0
"Ahyacinthus15602-RA","Ahyacinthus15602-RA","Ahya","OG_144",1,1,0
"Ahyacinthus15604-RA","Ahyacinthus15604-RA","Ahya","OG_282",0,1,0
"Ahyacinthus15607-RA","Ahyacinthus15607-RA","Ahya","OG_186",1,1,1
"Ahyacinthus15609-RA","Ahyacinthus15609-RA","Ahya","OG_149",1,1,1
"Ahyacinthus15610-RA","Ahyacinthus15610-RA","Ahya","OG_700",0,1,0
"Ahyacinthus15613-RA","Ahyacinthus15613-RA","Ahya","OG_1586",0,1,0
"Ahyacinthus15614-RA","Ahyacinthus15614-RA","Ahya","OG_1587",0,1,0
"Ahyacinthus15615-RA","Ahyacinthus15615-RA","Ahya","OG_12150",0,1,1
"Ahyacinthus15616-RA","Ahyacinthus15616-RA","Ahya","OG_1588",1,1,0
"Ahyacinthus15619-RA","Ahyacinthus15619-RA","Ahya","OG_1591",1,1,0
"Ahyacinthus15620-RA","Ahyacinthus15620-RA","Ahya","OG_1590",0,1,0
"Ahyacinthus15622-RA","Ahyacinthus15622-RA","Ahya","OG_837",0,1,0
"Ahyacinthus15624-RA","Ahyacinthus15624-RA","Ahya","OG_7836",0,1,0
"Ahyacinthus15625-RA","Ahyacinthus15625-RA","Ahya","OG_1592",1,1,0
"Ahyacinthus15627-RA","Ahyacinthus15627-RA","Ahya","OG_1592",1,1,0
"Ahyacinthus15628-RA","Ahyacinthus15628-RA","Ahya","OG_6184",0,1,0
"Ahyacinthus15629-RA","Ahyacinthus15629-RA","Ahya","OG_6184",0,1,0
"Ahyacinthus15630-RA","Ahyacinthus15630-RA","Ahya","OG_12232",1,1,0
"Ahyacinthus15632-RA","Ahyacinthus15632-RA","Ahya","OG_741",1,1,1
"Ahyacinthus15634-RA","Ahyacinthus15634-RA","Ahya","OG_970",0,1,1
"Ahyacinthus15635-RA","Ahyacinthus15635-RA","Ahya","OG_702",0,1,1
"Ahyacinthus15636-RA","Ahyacinthus15636-RA","Ahya","OG_568",1,1,1
"Ahyacinthus15637-RA","Ahyacinthus15637-RA","Ahya","OG_859",0,1,1
"Ahyacinthus15641-RA","Ahyacinthus15641-RA","Ahya","OG_1595",0,1,1
"Ahyacinthus15645-RA","Ahyacinthus15645-RA","Ahya","OG_1598",1,1,0
"Ahyacinthus15646-RA","Ahyacinthus15646-RA","Ahya","OG_1596",0,1,0
"Ahyacinthus15647-RA","Ahyacinthus15647-RA","Ahya","OG_12262",0,1,0
"Ahyacinthus15648-RA","Ahyacinthus15648-RA","Ahya","OG_11",0,1,0
"Ahyacinthus15650-RA","Ahyacinthus15650-RA","Ahya","OG_11909",1,1,0
"Ahyacinthus15654-RA","Ahyacinthus15654-RA","Ahya","OG_11909",1,1,0
"Ahyacinthus15655-RA","Ahyacinthus15655-RA","Ahya","OG_590",0,1,1
"Ahyacinthus15658-RA","Ahyacinthus15658-RA","Ahya","OG_11958",0,1,0
"Ahyacinthus15659-RA","Ahyacinthus15659-RA","Ahya","OG_476",0,1,0
"Ahyacinthus15662-RA","Ahyacinthus15662-RA","Ahya","OG_7422",0,1,0
"Ahyacinthus15666-RA","Ahyacinthus15666-RA","Ahya","OG_1601",0,1,0
"Ahyacinthus15667-RA","Ahyacinthus15667-RA","Ahya","OG_1602",0,1,0
"Ahyacinthus15668-RA","Ahyacinthus15668-RA","Ahya","OG_12274",0,1,0
"Ahyacinthus15670-RA","Ahyacinthus15670-RA","Ahya","OG_5074",0,1,0
"Ahyacinthus15676-RA","Ahyacinthus15676-RA","Ahya","OG_6193",0,1,0
"Ahyacinthus15678-RA","Ahyacinthus15678-RA","Ahya","OG_1604",0,1,0
"Ahyacinthus15679-RA","Ahyacinthus15679-RA","Ahya","OG_12275",0,1,0
"Ahyacinthus15680-RA","Ahyacinthus15680-RA","Ahya","OG_12575",0,1,0
"Ahyacinthus15684-RA","Ahyacinthus15684-RA","Ahya","OG_1603",0,1,0
"Ahyacinthus15685-RA","Ahyacinthus15685-RA","Ahya","OG_12094",0,1,0
"Ahyacinthus15686-RA","Ahyacinthus15686-RA","Ahya","OG_1608",0,1,0
"Ahyacinthus15687-RA","Ahyacinthus15687-RA","Ahya","OG_1606",1,1,0
"Ahyacinthus15692-RA","Ahyacinthus15692-RA","Ahya","OG_6180",1,1,0
"Ahyacinthus15693-RA","Ahyacinthus15693-RA","Ahya","OG_1609",0,1,0
"Ahyacinthus15694-RA","Ahyacinthus15694-RA","Ahya","OG_5313",0,1,0
"Ahyacinthus15698-RA","Ahyacinthus15698-RA","Ahya","OG_12221",0,1,0
"Ahyacinthus15702-RA","Ahyacinthus15702-RA","Ahya","OG_11906",0,1,0
"Ahyacinthus15705-RA","Ahyacinthus15705-RA","Ahya","OG_1610",0,1,0
"Ahyacinthus15710-RA","Ahyacinthus15710-RA","Ahya","OG_1612",0,1,0
"Ahyacinthus15711-RA","Ahyacinthus15711-RA","Ahya","OG_5311",0,1,0
"Ahyacinthus15713-RA","Ahyacinthus15713-RA","Ahya","OG_1613",0,1,1
"Ahyacinthus15714-RA","Ahyacinthus15714-RA","Ahya","OG_1614",0,1,0
"Ahyacinthus15715-RA","Ahyacinthus15715-RA","Ahya","OG_5224",1,1,0
"Ahyacinthus15721-RA","Ahyacinthus15721-RA","Ahya","OG_1355",0,1,0
"Ahyacinthus15725-RA","Ahyacinthus15725-RA","Ahya","OG_12135",0,1,1
"Ahyacinthus15726-RA","Ahyacinthus15726-RA","Ahya","OG_12205",0,1,0
"Ahyacinthus15727-RA","Ahyacinthus15727-RA","Ahya","OG_12628",0,1,0
"Ahyacinthus15728-RA","Ahyacinthus15728-RA","Ahya","OG_12132",0,1,0
"Ahyacinthus15731-RA","Ahyacinthus15731-RA","Ahya","OG_1615",0,1,0
"Ahyacinthus15732-RA","Ahyacinthus15732-RA","Ahya","OG_12033",0,1,0
"Ahyacinthus15733-RA","Ahyacinthus15733-RA","Ahya","OG_1055",0,1,0
"Ahyacinthus15738-RA","Ahyacinthus15738-RA","Ahya","OG_12229",0,1,0
"Ahyacinthus15739-RA","Ahyacinthus15739-RA","Ahya","OG_12173",0,1,0
"Ahyacinthus15740-RA","Ahyacinthus15740-RA","Ahya","OG_12174",0,1,0
"Ahyacinthus15741-RA","Ahyacinthus15741-RA","Ahya","OG_6631",1,1,1
"Ahyacinthus15742-RA","Ahyacinthus15742-RA","Ahya","OG_6631",1,1,1
"Ahyacinthus15743-RA","Ahyacinthus15743-RA","Ahya","OG_6631",1,1,1
"Ahyacinthus15746-RA","Ahyacinthus15746-RA","Ahya","OG_6240",1,1,0
"Ahyacinthus15752-RA","Ahyacinthus15752-RA","Ahya","OG_4966",0,1,0
"Ahyacinthus15753-RA","Ahyacinthus15753-RA","Ahya","OG_12629",0,1,0
"Ahyacinthus15754-RA","Ahyacinthus15754-RA","Ahya","OG_12630",0,1,0
"Ahyacinthus15759-RA","Ahyacinthus15759-RA","Ahya","OG_1617",0,1,0
"Ahyacinthus15764-RA","Ahyacinthus15764-RA","Ahya","OG_1619",0,1,0
"Ahyacinthus15765-RA","Ahyacinthus15765-RA","Ahya","OG_1621",0,1,0
"Ahyacinthus15767-RA","Ahyacinthus15767-RA","Ahya","OG_1620",0,1,0
"Ahyacinthus15770-RA","Ahyacinthus15770-RA","Ahya","OG_1623",0,1,0
"Ahyacinthus15771-RA","Ahyacinthus15771-RA","Ahya","OG_1623",0,1,0
"Ahyacinthus15773-RA","Ahyacinthus15773-RA","Ahya","OG_1622",0,1,0
"Ahyacinthus15779-RA","Ahyacinthus15779-RA","Ahya","OG_12100",0,1,0
"Ahyacinthus15780-RA","Ahyacinthus15780-RA","Ahya","OG_12100",0,1,0
"Ahyacinthus15782-RA","Ahyacinthus15782-RA","Ahya","OG_1625",0,1,0
"Ahyacinthus15800-RA","Ahyacinthus15800-RA","Ahya","OG_1626",1,1,0
"Ahyacinthus15801-RA","Ahyacinthus15801-RA","Ahya","OG_6340",1,1,1
"Ahyacinthus15802-RA","Ahyacinthus15802-RA","Ahya","OG_5074",0,1,0
"Ahyacinthus15803-RA","Ahyacinthus15803-RA","Ahya","OG_1627",1,1,0
"Ahyacinthus15806-RA","Ahyacinthus15806-RA","Ahya","OG_1629",0,1,0
"Ahyacinthus15807-RA","Ahyacinthus15807-RA","Ahya","OG_751",0,1,0
"Ahyacinthus15809-RA","Ahyacinthus15809-RA","Ahya","OG_751",0,1,0
"Ahyacinthus15810-RA","Ahyacinthus15810-RA","Ahya","OG_751",0,1,0
"Ahyacinthus15812-RA","Ahyacinthus15812-RA","Ahya","OG_10618",1,1,0
"Ahyacinthus15813-RA","Ahyacinthus15813-RA","Ahya","OG_12147",0,1,0
"Ahyacinthus15822-RA","Ahyacinthus15822-RA","Ahya","OG_1633",0,1,0
"Ahyacinthus15825-RA","Ahyacinthus15825-RA","Ahya","OG_12220",0,1,0
"Ahyacinthus15829-RA","Ahyacinthus15829-RA","Ahya","OG_1636",1,1,0
"Ahyacinthus15830-RA","Ahyacinthus15830-RA","Ahya","OG_11902",1,1,1
"Ahyacinthus15831-RA","Ahyacinthus15831-RA","Ahya","OG_1635",0,1,0
"Ahyacinthus15832-RA","Ahyacinthus15832-RA","Ahya","OG_11904",1,1,0
"Ahyacinthus15835-RA","Ahyacinthus15835-RA","Ahya","OG_718",0,1,0
"Ahyacinthus15841-RA","Ahyacinthus15841-RA","Ahya","OG_6358",1,1,0
"Ahyacinthus15845-RA","Ahyacinthus15845-RA","Ahya","OG_11998",0,1,0
"Ahyacinthus15851-RA","Ahyacinthus15851-RA","Ahya","OG_12461",0,1,0
"Ahyacinthus15852-RA","Ahyacinthus15852-RA","Ahya","OG_1640",0,1,0
"Ahyacinthus15853-RA","Ahyacinthus15853-RA","Ahya","OG_1638",0,1,0
"Ahyacinthus15855-RA","Ahyacinthus15855-RA","Ahya","OG_5250",0,1,0
"Ahyacinthus15856-RA","Ahyacinthus15856-RA","Ahya","OG_12192",0,1,0
"Ahyacinthus15861-RA","Ahyacinthus15861-RA","Ahya","OG_11835",0,1,0
"Ahyacinthus15863-RA","Ahyacinthus15863-RA","Ahya","OG_12513",0,1,0
"Ahyacinthus15865-RA","Ahyacinthus15865-RA","Ahya","OG_12051",0,1,0
"Ahyacinthus15866-RA","Ahyacinthus15866-RA","Ahya","OG_10211",0,1,0
"Ahyacinthus15870-RA","Ahyacinthus15870-RA","Ahya","OG_11867",0,1,0
"Ahyacinthus15871-RA","Ahyacinthus15871-RA","Ahya","OG_11868",1,1,0
"Ahyacinthus15885-RA","Ahyacinthus15885-RA","Ahya","OG_6182",1,1,0
"Ahyacinthus15887-RA","Ahyacinthus15887-RA","Ahya","OG_411",0,1,1
"Ahyacinthus15889-RA","Ahyacinthus15889-RA","Ahya","OG_12113",0,1,0
"Ahyacinthus15888-RA","Ahyacinthus15888-RA","Ahya","OG_1645",0,1,0
"Ahyacinthus15893-RA","Ahyacinthus15893-RA","Ahya","OG_12077",0,1,0
"Ahyacinthus15896-RA","Ahyacinthus15896-RA","Ahya","OG_1647",1,1,0
"Ahyacinthus15900-RA","Ahyacinthus15900-RA","Ahya","OG_1648",0,1,0
"Ahyacinthus15901-RA","Ahyacinthus15901-RA","Ahya","OG_1649",0,1,0
"Ahyacinthus15902-RA","Ahyacinthus15902-RA","Ahya","OG_6636",0,1,0
"Ahyacinthus15903-RA","Ahyacinthus15903-RA","Ahya","OG_6636",0,1,0
"Ahyacinthus15904-RA","Ahyacinthus15904-RA","Ahya","OG_12196",0,1,0
"Ahyacinthus15910-RA","Ahyacinthus15910-RA","Ahya","OG_1650",0,1,0
"Ahyacinthus15923-RA","Ahyacinthus15923-RA","Ahya","OG_1211",0,1,0
"Ahyacinthus15924-RA","Ahyacinthus15924-RA","Ahya","OG_1654",0,1,0
"Ahyacinthus15927-RA","Ahyacinthus15927-RA","Ahya","OG_1652",0,1,0
"Ahyacinthus15929-RA","Ahyacinthus15929-RA","Ahya","OG_12308",0,1,0
"Ahyacinthus15931-RA","Ahyacinthus15931-RA","Ahya","OG_1655",0,1,0
"Ahyacinthus15933-RA","Ahyacinthus15933-RA","Ahya","OG_1658",0,1,0
"Ahyacinthus15934-RA","Ahyacinthus15934-RA","Ahya","OG_11980",1,1,0
"Ahyacinthus15942-RA","Ahyacinthus15942-RA","Ahya","OG_11959",0,1,0
"Ahyacinthus15943-RA","Ahyacinthus15943-RA","Ahya","OG_11960",0,1,0
"Ahyacinthus15944-RA","Ahyacinthus15944-RA","Ahya","OG_6585",0,1,0
"Ahyacinthus15946-RA","Ahyacinthus15946-RA","Ahya","OG_12183",0,1,0
"Ahyacinthus15948-RA","Ahyacinthus15948-RA","Ahya","OG_1172",0,1,0
"Ahyacinthus15950-RA","Ahyacinthus15950-RA","Ahya","OG_11845",1,1,0
"Ahyacinthus15951-RA","Ahyacinthus15951-RA","Ahya","OG_928",0,1,0
"Ahyacinthus15955-RA","Ahyacinthus15955-RA","Ahya","OG_5930",0,1,0
"Ahyacinthus15956-RA","Ahyacinthus15956-RA","Ahya","OG_12038",1,1,0
"Ahyacinthus15963-RA","Ahyacinthus15963-RA","Ahya","OG_12007",0,1,0
"Ahyacinthus15964-RA","Ahyacinthus15964-RA","Ahya","OG_1666",0,1,0
"Ahyacinthus15976-RA","Ahyacinthus15976-RA","Ahya","OG_11934",0,1,0
"Ahyacinthus15979-RA","Ahyacinthus15979-RA","Ahya","OG_1669",1,1,0
"Ahyacinthus15982-RA","Ahyacinthus15982-RA","Ahya","OG_1668",0,1,0
"Ahyacinthus15984-RA","Ahyacinthus15984-RA","Ahya","OG_1671",0,1,0
"Ahyacinthus15985-RA","Ahyacinthus15985-RA","Ahya","OG_12105",1,1,0
"Ahyacinthus15989-RA","Ahyacinthus15989-RA","Ahya","OG_12104",1,1,1
"Ahyacinthus15995-RA","Ahyacinthus15995-RA","Ahya","OG_1086",0,1,0
"Ahyacinthus16000-RA","Ahyacinthus16000-RA","Ahya","OG_6179",0,1,0
"Ahyacinthus16003-RA","Ahyacinthus16003-RA","Ahya","OG_11915",0,1,0
"Ahyacinthus16005-RA","Ahyacinthus16005-RA","Ahya","OG_5419",0,1,0
"Ahyacinthus16008-RA","Ahyacinthus16008-RA","Ahya","OG_11873",1,1,0
"Ahyacinthus16009-RA","Ahyacinthus16009-RA","Ahya","OG_6178",1,1,0
"Ahyacinthus16017-RA","Ahyacinthus16017-RA","Ahya","OG_1674",0,1,0
"Ahyacinthus16019-RA","Ahyacinthus16019-RA","Ahya","OG_12059",0,1,1
"Ahyacinthus16021-RA","Ahyacinthus16021-RA","Ahya","OG_12058",0,1,1
"Ahyacinthus16022-RA","Ahyacinthus16022-RA","Ahya","OG_1675",0,1,0
"Ahyacinthus16024-RA","Ahyacinthus16024-RA","Ahya","OG_12055",0,1,0
"Ahyacinthus16030-RA","Ahyacinthus16030-RA","Ahya","OG_11976",0,1,0
"Ahyacinthus16032-RA","Ahyacinthus16032-RA","Ahya","OG_5128",0,1,0
"Ahyacinthus16033-RA","Ahyacinthus16033-RA","Ahya","OG_12299",0,1,0
"Ahyacinthus16034-RA","Ahyacinthus16034-RA","Ahya","OG_5128",0,1,0
"Ahyacinthus16035-RA","Ahyacinthus16035-RA","Ahya","OG_12299",0,1,0
"Ahyacinthus16043-RA","Ahyacinthus16043-RA","Ahya","OG_11924",0,1,0
"Ahyacinthus16044-RA","Ahyacinthus16044-RA","Ahya","OG_12117",0,1,0
"Ahyacinthus16045-RA","Ahyacinthus16045-RA","Ahya","OG_11830",0,1,0
"Ahyacinthus16047-RA","Ahyacinthus16047-RA","Ahya","OG_11828",0,1,0
"Ahyacinthus16048-RA","Ahyacinthus16048-RA","Ahya","OG_11829",0,1,0
"Ahyacinthus16049-RA","Ahyacinthus16049-RA","Ahya","OG_12202",0,1,0
"Ahyacinthus16050-RA","Ahyacinthus16050-RA","Ahya","OG_12203",0,1,0
"Ahyacinthus16052-RA","Ahyacinthus16052-RA","Ahya","OG_1678",0,1,0
"Ahyacinthus16059-RA","Ahyacinthus16059-RA","Ahya","OG_1681",1,1,0
"Ahyacinthus16061-RA","Ahyacinthus16061-RA","Ahya","OG_1681",1,1,0
"Ahyacinthus16062-RA","Ahyacinthus16062-RA","Ahya","OG_11814",1,1,1
"Ahyacinthus16073-RA","Ahyacinthus16073-RA","Ahya","OG_838",0,1,0
"Ahyacinthus16076-RA","Ahyacinthus16076-RA","Ahya","OG_1683",1,1,0
"Ahyacinthus16078-RA","Ahyacinthus16078-RA","Ahya","OG_11798",0,1,0
"Ahyacinthus16081-RA","Ahyacinthus16081-RA","Ahya","OG_1685",1,1,1
"Ahyacinthus16083-RA","Ahyacinthus16083-RA","Ahya","OG_1685",1,1,1
"Ahyacinthus16086-RA","Ahyacinthus16086-RA","Ahya","OG_11799",1,1,0
"Ahyacinthus16087-RA","Ahyacinthus16087-RA","Ahya","OG_11801",1,1,1
"Ahyacinthus16088-RA","Ahyacinthus16088-RA","Ahya","OG_11800",0,1,0
"Ahyacinthus16094-RA","Ahyacinthus16094-RA","Ahya","OG_6634",0,1,0
"Ahyacinthus16096-RA","Ahyacinthus16096-RA","Ahya","OG_6633",0,1,0
"Ahyacinthus16098-RA","Ahyacinthus16098-RA","Ahya","OG_11855",0,1,0
"Ahyacinthus16099-RA","Ahyacinthus16099-RA","Ahya","OG_11858",0,1,0
"Ahyacinthus16102-RA","Ahyacinthus16102-RA","Ahya","OG_718",0,1,0
"Ahyacinthus16103-RA","Ahyacinthus16103-RA","Ahya","OG_12125",0,1,0
"Ahyacinthus16104-RA","Ahyacinthus16104-RA","Ahya","OG_12125",0,1,0
"Ahyacinthus16105-RA","Ahyacinthus16105-RA","Ahya","OG_1686",0,1,0
"Ahyacinthus16106-RA","Ahyacinthus16106-RA","Ahya","OG_1686",0,1,0
"Ahyacinthus16107-RA","Ahyacinthus16107-RA","Ahya","OG_12124",0,1,0
"Ahyacinthus16108-RA","Ahyacinthus16108-RA","Ahya","OG_5667",0,1,0
"Ahyacinthus16109-RA","Ahyacinthus16109-RA","Ahya","OG_12316",0,1,0
"Ahyacinthus16111-RA","Ahyacinthus16111-RA","Ahya","OG_12317",0,1,0
"Ahyacinthus16112-RA","Ahyacinthus16112-RA","Ahya","OG_1688",0,1,0
"Ahyacinthus16113-RA","Ahyacinthus16113-RA","Ahya","OG_11990",0,1,0
"Ahyacinthus16117-RA","Ahyacinthus16117-RA","Ahya","OG_1689",0,1,0
"Ahyacinthus16118-RA","Ahyacinthus16118-RA","Ahya","OG_1072",0,1,0
"Ahyacinthus16119-RA","Ahyacinthus16119-RA","Ahya","OG_11987",0,1,0
"Ahyacinthus16123-RA","Ahyacinthus16123-RA","Ahya","OG_4970",0,1,0
"Ahyacinthus16127-RA","Ahyacinthus16127-RA","Ahya","OG_4971",0,1,0
"Ahyacinthus16129-RA","Ahyacinthus16129-RA","Ahya","OG_6365",0,1,0
"Ahyacinthus16131-RA","Ahyacinthus16131-RA","Ahya","OG_725",1,1,1
"Ahyacinthus16142-RA","Ahyacinthus16142-RA","Ahya","OG_761",1,1,0
"Ahyacinthus16147-RA","Ahyacinthus16147-RA","Ahya","OG_693",0,1,0
"Ahyacinthus16150-RA","Ahyacinthus16150-RA","Ahya","OG_1691",0,1,0
"Ahyacinthus16151-RA","Ahyacinthus16151-RA","Ahya","OG_1692",0,1,0
"Ahyacinthus16153-RA","Ahyacinthus16153-RA","Ahya","OG_6357",0,1,0
"Ahyacinthus16157-RA","Ahyacinthus16157-RA","Ahya","OG_6187",0,1,0
"Ahyacinthus16158-RA","Ahyacinthus16158-RA","Ahya","OG_12107",0,1,0
"Ahyacinthus16159-RA","Ahyacinthus16159-RA","Ahya","OG_1694",0,1,0
"Ahyacinthus16160-RA","Ahyacinthus16160-RA","Ahya","OG_1693",1,1,0
"Ahyacinthus16161-RA","Ahyacinthus16161-RA","Ahya","OG_6194",1,1,0
"Ahyacinthus16164-RA","Ahyacinthus16164-RA","Ahya","OG_1695",0,1,0
"Ahyacinthus16165-RA","Ahyacinthus16165-RA","Ahya","OG_670",0,1,0
"Ahyacinthus16166-RA","Ahyacinthus16166-RA","Ahya","OG_6356",0,1,1
"Ahyacinthus16168-RA","Ahyacinthus16168-RA","Ahya","OG_11933",0,1,0
"Ahyacinthus16176-RA","Ahyacinthus16176-RA","Ahya","OG_1012",0,1,0
"Ahyacinthus16177-RA","Ahyacinthus16177-RA","Ahya","OG_839",0,1,0
"Ahyacinthus16179-RA","Ahyacinthus16179-RA","Ahya","OG_839",0,1,0
"Ahyacinthus16182-RA","Ahyacinthus16182-RA","Ahya","OG_12048",0,1,0
"Ahyacinthus16185-RA","Ahyacinthus16185-RA","Ahya","OG_11929",0,1,0
"Ahyacinthus16186-RA","Ahyacinthus16186-RA","Ahya","OG_12241",0,1,0
"Ahyacinthus16187-RA","Ahyacinthus16187-RA","Ahya","OG_319",1,1,0
"Ahyacinthus16193-RA","Ahyacinthus16193-RA","Ahya","OG_319",1,1,0
"Ahyacinthus16199-RA","Ahyacinthus16199-RA","Ahya","OG_319",1,1,0
"Ahyacinthus16204-RA","Ahyacinthus16204-RA","Ahya","OG_319",1,1,0
"Ahyacinthus16205-RA","Ahyacinthus16205-RA","Ahya","OG_149",1,1,1
"Ahyacinthus16208-RA","Ahyacinthus16208-RA","Ahya","OG_386",0,1,1
"Ahyacinthus16213-RA","Ahyacinthus16213-RA","Ahya","OG_319",1,1,0
"Ahyacinthus16214-RA","Ahyacinthus16214-RA","Ahya","OG_11865",0,1,0
"Ahyacinthus16215-RA","Ahyacinthus16215-RA","Ahya","OG_11864",0,1,0
"Ahyacinthus16216-RA","Ahyacinthus16216-RA","Ahya","OG_1038",0,1,0
"Ahyacinthus16217-RA","Ahyacinthus16217-RA","Ahya","OG_1700",0,1,0
"Ahyacinthus16221-RA","Ahyacinthus16221-RA","Ahya","OG_5943",1,1,0
"Ahyacinthus16223-RA","Ahyacinthus16223-RA","Ahya","OG_11922",0,1,0
"Ahyacinthus16224-RA","Ahyacinthus16224-RA","Ahya","OG_11922",0,1,0
"Ahyacinthus16227-RA","Ahyacinthus16227-RA","Ahya","OG_12127",1,1,0
"Ahyacinthus16228-RA","Ahyacinthus16228-RA","Ahya","OG_1701",0,1,0
"Ahyacinthus16229-RA","Ahyacinthus16229-RA","Ahya","OG_12128",1,1,0
"Ahyacinthus16231-RA","Ahyacinthus16231-RA","Ahya","OG_1038",0,1,0
"Ahyacinthus16233-RA","Ahyacinthus16233-RA","Ahya","OG_1038",0,1,0
"Ahyacinthus16234-RA","Ahyacinthus16234-RA","Ahya","OG_12074",0,1,0
"Ahyacinthus16235-RA","Ahyacinthus16235-RA","Ahya","OG_12037",0,1,0
"Ahyacinthus16237-RA","Ahyacinthus16237-RA","Ahya","OG_1057",0,1,0
"Ahyacinthus16238-RA","Ahyacinthus16238-RA","Ahya","OG_12072",0,1,0
"Ahyacinthus16243-RA","Ahyacinthus16243-RA","Ahya","OG_10844",0,1,0
"Ahyacinthus16244-RA","Ahyacinthus16244-RA","Ahya","OG_1703",0,1,0
"Ahyacinthus16246-RA","Ahyacinthus16246-RA","Ahya","OG_1704",0,1,0
"Ahyacinthus16249-RA","Ahyacinthus16249-RA","Ahya","OG_617",1,1,0
"Ahyacinthus16250-RA","Ahyacinthus16250-RA","Ahya","OG_707",0,1,0
"Ahyacinthus16251-RA","Ahyacinthus16251-RA","Ahya","OG_11922",0,1,0
"Ahyacinthus16254-RA","Ahyacinthus16254-RA","Ahya","OG_1706",1,1,0
"Ahyacinthus16255-RA","Ahyacinthus16255-RA","Ahya","OG_12111",0,1,0
"Ahyacinthus16256-RA","Ahyacinthus16256-RA","Ahya","OG_1372",0,1,0
"Ahyacinthus16263-RA","Ahyacinthus16263-RA","Ahya","OG_12110",1,1,0
"Ahyacinthus16268-RA","Ahyacinthus16268-RA","Ahya","OG_1038",0,1,0
"Ahyacinthus16269-RA","Ahyacinthus16269-RA","Ahya","OG_7544",0,1,0
"Ahyacinthus16270-RA","Ahyacinthus16270-RA","Ahya","OG_11704",0,1,0
"Ahyacinthus16271-RA","Ahyacinthus16271-RA","Ahya","OG_11916",1,1,0
"Ahyacinthus16273-RA","Ahyacinthus16273-RA","Ahya","OG_1709",0,1,0
"Ahyacinthus16277-RA","Ahyacinthus16277-RA","Ahya","OG_12249",1,1,0
"Ahyacinthus16286-RA","Ahyacinthus16286-RA","Ahya","OG_1363",0,1,0
"Ahyacinthus16292-RA","Ahyacinthus16292-RA","Ahya","OG_6341",0,1,0
"Ahyacinthus16297-RA","Ahyacinthus16297-RA","Ahya","OG_1713",0,1,0
"Ahyacinthus16299-RA","Ahyacinthus16299-RA","Ahya","OG_11939",0,1,0
"Ahyacinthus16300-RA","Ahyacinthus16300-RA","Ahya","OG_12180",1,1,0
"Ahyacinthus16307-RA","Ahyacinthus16307-RA","Ahya","OG_11920",0,1,0
"Ahyacinthus16308-RA","Ahyacinthus16308-RA","Ahya","OG_1716",1,1,0
"Ahyacinthus16321-RA","Ahyacinthus16321-RA","Ahya","OG_1553",0,1,0
"Ahyacinthus16322-RA","Ahyacinthus16322-RA","Ahya","OG_1292",0,1,1
"Ahyacinthus16323-RA","Ahyacinthus16323-RA","Ahya","OG_12235",0,1,0
"Ahyacinthus16325-RA","Ahyacinthus16325-RA","Ahya","OG_12187",0,1,0
"Ahyacinthus16327-RA","Ahyacinthus16327-RA","Ahya","OG_683",1,1,0
"Ahyacinthus16331-RA","Ahyacinthus16331-RA","Ahya","OG_683",1,1,0
"Ahyacinthus16337-RA","Ahyacinthus16337-RA","Ahya","OG_1013",0,1,1
"Ahyacinthus16339-RA","Ahyacinthus16339-RA","Ahya","OG_5125",1,1,1
"Ahyacinthus16341-RA","Ahyacinthus16341-RA","Ahya","OG_344",0,1,0
"Ahyacinthus16343-RA","Ahyacinthus16343-RA","Ahya","OG_1718",1,1,0
"Ahyacinthus16345-RA","Ahyacinthus16345-RA","Ahya","OG_6181",0,1,0
"Ahyacinthus16354-RA","Ahyacinthus16354-RA","Ahya","OG_1066",0,1,0
"Ahyacinthus16356-RA","Ahyacinthus16356-RA","Ahya","OG_1320",0,1,0
"Ahyacinthus16360-RA","Ahyacinthus16360-RA","Ahya","OG_876",0,1,1
"Ahyacinthus16365-RA","Ahyacinthus16365-RA","Ahya","OG_744",0,1,1
"Ahyacinthus16368-RA","Ahyacinthus16368-RA","Ahya","OG_9924",0,1,0
"Ahyacinthus16372-RA","Ahyacinthus16372-RA","Ahya","OG_1720",0,1,0
"Ahyacinthus16373-RA","Ahyacinthus16373-RA","Ahya","OG_1127",1,1,0
"Ahyacinthus16374-RA","Ahyacinthus16374-RA","Ahya","OG_1721",0,1,0
"Ahyacinthus16375-RA","Ahyacinthus16375-RA","Ahya","OG_12293",1,1,0
"Ahyacinthus16376-RA","Ahyacinthus16376-RA","Ahya","OG_1722",0,1,0
"Ahyacinthus16377-RA","Ahyacinthus16377-RA","Ahya","OG_1726",1,1,0
"Ahyacinthus16379-RA","Ahyacinthus16379-RA","Ahya","OG_1724",0,1,0
"Ahyacinthus16381-RA","Ahyacinthus16381-RA","Ahya","OG_12295",0,1,0
"Ahyacinthus16383-RA","Ahyacinthus16383-RA","Ahya","OG_1725",0,1,0
"Ahyacinthus16385-RA","Ahyacinthus16385-RA","Ahya","OG_6189",0,1,0
"Ahyacinthus16388-RA","Ahyacinthus16388-RA","Ahya","OG_269",1,1,0
"Ahyacinthus16389-RA","Ahyacinthus16389-RA","Ahya","OG_269",1,1,0
"Ahyacinthus16390-RA","Ahyacinthus16390-RA","Ahya","OG_12160",0,1,0
"Ahyacinthus16394-RA","Ahyacinthus16394-RA","Ahya","OG_700",0,1,0
"Ahyacinthus16395-RA","Ahyacinthus16395-RA","Ahya","OG_12161",0,1,0
"Ahyacinthus16396-RA","Ahyacinthus16396-RA","Ahya","OG_12161",0,1,0
"Ahyacinthus16397-RA","Ahyacinthus16397-RA","Ahya","OG_12161",0,1,0
"Ahyacinthus16411-RA","Ahyacinthus16411-RA","Ahya","OG_12210",1,1,0
"Ahyacinthus16412-RA","Ahyacinthus16412-RA","Ahya","OG_1731",0,1,0
"Ahyacinthus16417-RA","Ahyacinthus16417-RA","Ahya","OG_11927",0,1,0
"Ahyacinthus16420-RA","Ahyacinthus16420-RA","Ahya","OG_6367",0,1,1
"Ahyacinthus16422-RA","Ahyacinthus16422-RA","Ahya","OG_12181",0,1,0
"Ahyacinthus16424-RA","Ahyacinthus16424-RA","Ahya","OG_1732",0,1,0
"Ahyacinthus16426-RA","Ahyacinthus16426-RA","Ahya","OG_12306",0,1,0
"Ahyacinthus16429-RA","Ahyacinthus16429-RA","Ahya","OG_10919",1,1,1
"Ahyacinthus16433-RA","Ahyacinthus16433-RA","Ahya","OG_11978",0,1,0
"Ahyacinthus16434-RA","Ahyacinthus16434-RA","Ahya","OG_11893",1,1,0
"Ahyacinthus16435-RA","Ahyacinthus16435-RA","Ahya","OG_11892",0,1,0
"Ahyacinthus16437-RA","Ahyacinthus16437-RA","Ahya","OG_748",0,1,1
"Ahyacinthus16439-RA","Ahyacinthus16439-RA","Ahya","OG_748",0,1,1
"Ahyacinthus16449-RA","Ahyacinthus16449-RA","Ahya","OG_11944",0,1,0
"Ahyacinthus16452-RA","Ahyacinthus16452-RA","Ahya","OG_1736",0,1,0
"Ahyacinthus16453-RA","Ahyacinthus16453-RA","Ahya","OG_12146",0,1,0
"Ahyacinthus16455-RA","Ahyacinthus16455-RA","Ahya","OG_922",0,1,0
"Ahyacinthus16456-RA","Ahyacinthus16456-RA","Ahya","OG_840",1,1,0
"Ahyacinthus16457-RA","Ahyacinthus16457-RA","Ahya","OG_1738",0,1,0
"Ahyacinthus16460-RA","Ahyacinthus16460-RA","Ahya","OG_751",0,1,0
"Ahyacinthus16461-RA","Ahyacinthus16461-RA","Ahya","OG_751",0,1,0
"Ahyacinthus16465-RA","Ahyacinthus16465-RA","Ahya","OG_12052",0,1,1
"Ahyacinthus16469-RA","Ahyacinthus16469-RA","Ahya","OG_6826",0,1,0
"Ahyacinthus16472-RA","Ahyacinthus16472-RA","Ahya","OG_12503",0,1,0
"Ahyacinthus16474-RA","Ahyacinthus16474-RA","Ahya","OG_1739",0,1,0
"Ahyacinthus16476-RA","Ahyacinthus16476-RA","Ahya","OG_11841",1,1,0
"Ahyacinthus16477-RA","Ahyacinthus16477-RA","Ahya","OG_5080",0,1,0
"Ahyacinthus16480-RA","Ahyacinthus16480-RA","Ahya","OG_1126",1,1,0
"Ahyacinthus16481-RA","Ahyacinthus16481-RA","Ahya","OG_1126",1,1,0
"Ahyacinthus16484-RA","Ahyacinthus16484-RA","Ahya","OG_409",0,1,0
"Ahyacinthus16485-RA","Ahyacinthus16485-RA","Ahya","OG_12265",1,1,0
"Ahyacinthus16486-RA","Ahyacinthus16486-RA","Ahya","OG_1740",1,1,1
"Ahyacinthus16488-RA","Ahyacinthus16488-RA","Ahya","OG_829",0,1,0
"Ahyacinthus16495-RA","Ahyacinthus16495-RA","Ahya","OG_332",0,1,1
"Ahyacinthus16504-RA","Ahyacinthus16504-RA","Ahya","OG_699",1,1,0
"Ahyacinthus16505-RA","Ahyacinthus16505-RA","Ahya","OG_699",1,1,0
"Ahyacinthus16506-RA","Ahyacinthus16506-RA","Ahya","OG_699",1,1,0
"Ahyacinthus16508-RA","Ahyacinthus16508-RA","Ahya","OG_699",1,1,0
"Ahyacinthus16509-RA","Ahyacinthus16509-RA","Ahya","OG_1040",0,1,0
"Ahyacinthus16511-RA","Ahyacinthus16511-RA","Ahya","OG_986",0,1,0
"Ahyacinthus16512-RA","Ahyacinthus16512-RA","Ahya","OG_11818",1,1,0
"Ahyacinthus16513-RA","Ahyacinthus16513-RA","Ahya","OG_12158",0,1,0
"Ahyacinthus16515-RA","Ahyacinthus16515-RA","Ahya","OG_12156",0,1,0
"Ahyacinthus16517-RA","Ahyacinthus16517-RA","Ahya","OG_1741",0,1,0
"Ahyacinthus16518-RA","Ahyacinthus16518-RA","Ahya","OG_1741",0,1,0
"Ahyacinthus16521-RA","Ahyacinthus16521-RA","Ahya","OG_11949",0,1,0
"Ahyacinthus16525-RA","Ahyacinthus16525-RA","Ahya","OG_1745",0,1,0
"Ahyacinthus16526-RA","Ahyacinthus16526-RA","Ahya","OG_1743",0,1,0
"Ahyacinthus16527-RA","Ahyacinthus16527-RA","Ahya","OG_11962",0,1,0
"Ahyacinthus16528-RA","Ahyacinthus16528-RA","Ahya","OG_10923",0,1,0
"Ahyacinthus16529-RA","Ahyacinthus16529-RA","Ahya","OG_575",0,1,0
"Ahyacinthus16533-RA","Ahyacinthus16533-RA","Ahya","OG_12070",0,1,0
"Ahyacinthus16536-RA","Ahyacinthus16536-RA","Ahya","OG_12067",0,1,0
"Ahyacinthus16544-RA","Ahyacinthus16544-RA","Ahya","OG_315",1,1,0
"Ahyacinthus16546-RA","Ahyacinthus16546-RA","Ahya","OG_11880",0,1,0
"Ahyacinthus16547-RA","Ahyacinthus16547-RA","Ahya","OG_11882",1,1,0
"Ahyacinthus16555-RA","Ahyacinthus16555-RA","Ahya","OG_12319",1,1,0
"Ahyacinthus16556-RA","Ahyacinthus16556-RA","Ahya","OG_1134",0,1,0
"Ahyacinthus16577-RA","Ahyacinthus16577-RA","Ahya","OG_11863",0,1,0
"Ahyacinthus16578-RA","Ahyacinthus16578-RA","Ahya","OG_563",0,1,1
"Ahyacinthus16579-RA","Ahyacinthus16579-RA","Ahya","OG_11861",0,1,0
"Ahyacinthus16580-RA","Ahyacinthus16580-RA","Ahya","OG_1750",0,1,0
"Ahyacinthus16582-RA","Ahyacinthus16582-RA","Ahya","OG_11862",0,1,0
"Ahyacinthus16584-RA","Ahyacinthus16584-RA","Ahya","OG_11860",1,1,0
"Ahyacinthus16587-RA","Ahyacinthus16587-RA","Ahya","OG_5951",0,1,0
"Ahyacinthus16591-RA","Ahyacinthus16591-RA","Ahya","OG_1554",0,1,0
"Ahyacinthus16592-RA","Ahyacinthus16592-RA","Ahya","OG_124",0,1,0
"Ahyacinthus16606-RA","Ahyacinthus16606-RA","Ahya","OG_6568",0,1,0
"Ahyacinthus16609-RA","Ahyacinthus16609-RA","Ahya","OG_12101",0,1,0
"Ahyacinthus16611-RA","Ahyacinthus16611-RA","Ahya","OG_11913",1,1,0
"Ahyacinthus16613-RA","Ahyacinthus16613-RA","Ahya","OG_12046",0,1,0
"Ahyacinthus16616-RA","Ahyacinthus16616-RA","Ahya","OG_7620",0,1,0
"Ahyacinthus16619-RA","Ahyacinthus16619-RA","Ahya","OG_12141",0,1,0
"Ahyacinthus16620-RA","Ahyacinthus16620-RA","Ahya","OG_11930",0,1,0
"Ahyacinthus16621-RA","Ahyacinthus16621-RA","Ahya","OG_1300",0,1,0
"Ahyacinthus16625-RA","Ahyacinthus16625-RA","Ahya","OG_6353",0,1,0
"Ahyacinthus16624-RA","Ahyacinthus16624-RA","Ahya","OG_1755",0,1,0
"Ahyacinthus16627-RA","Ahyacinthus16627-RA","Ahya","OG_1756",1,1,0
"Ahyacinthus16628-RA","Ahyacinthus16628-RA","Ahya","OG_12269",0,1,0
"Ahyacinthus16629-RA","Ahyacinthus16629-RA","Ahya","OG_6641",1,1,0
"Ahyacinthus16630-RA","Ahyacinthus16630-RA","Ahya","OG_12230",0,1,0
"Ahyacinthus16636-RA","Ahyacinthus16636-RA","Ahya","OG_12280",1,1,0
"Ahyacinthus16637-RA","Ahyacinthus16637-RA","Ahya","OG_1657",0,1,0
"Ahyacinthus16639-RA","Ahyacinthus16639-RA","Ahya","OG_1758",0,1,0
"Ahyacinthus16640-RA","Ahyacinthus16640-RA","Ahya","OG_12313",0,1,0
"Ahyacinthus16641-RA","Ahyacinthus16641-RA","Ahya","OG_12314",1,1,0
"Ahyacinthus16646-RA","Ahyacinthus16646-RA","Ahya","OG_1763",1,1,0
"Ahyacinthus16647-RA","Ahyacinthus16647-RA","Ahya","OG_1760",1,1,0
"Ahyacinthus16649-RA","Ahyacinthus16649-RA","Ahya","OG_11911",1,1,1
"Ahyacinthus16656-RA","Ahyacinthus16656-RA","Ahya","OG_1766",0,1,0
"Ahyacinthus16660-RA","Ahyacinthus16660-RA","Ahya","OG_6569",0,1,0
"Ahyacinthus16667-RA","Ahyacinthus16667-RA","Ahya","OG_841",0,1,0
"Ahyacinthus16669-RA","Ahyacinthus16669-RA","Ahya","OG_587",1,1,1
"Ahyacinthus16670-RA","Ahyacinthus16670-RA","Ahya","OG_986",0,1,0
"Ahyacinthus16675-RA","Ahyacinthus16675-RA","Ahya","OG_12184",0,1,0
"Ahyacinthus16676-RA","Ahyacinthus16676-RA","Ahya","OG_1767",0,1,1
"Ahyacinthus16679-RA","Ahyacinthus16679-RA","Ahya","OG_12186",1,1,0
"Ahyacinthus16680-RA","Ahyacinthus16680-RA","Ahya","OG_11982",1,1,0
"Ahyacinthus16681-RA","Ahyacinthus16681-RA","Ahya","OG_5225",0,1,0
"Ahyacinthus16682-RA","Ahyacinthus16682-RA","Ahya","OG_1769",1,1,0
"Ahyacinthus16683-RA","Ahyacinthus16683-RA","Ahya","OG_5955",0,1,1
"Ahyacinthus16686-RA","Ahyacinthus16686-RA","Ahya","OG_1770",0,1,0
"Ahyacinthus16691-RA","Ahyacinthus16691-RA","Ahya","OG_6183",0,1,0
"Ahyacinthus16692-RA","Ahyacinthus16692-RA","Ahya","OG_12136",0,1,0
"Ahyacinthus16694-RA","Ahyacinthus16694-RA","Ahya","OG_438",1,1,1
"Ahyacinthus16695-RA","Ahyacinthus16695-RA","Ahya","OG_1773",1,1,0
"Ahyacinthus16696-RA","Ahyacinthus16696-RA","Ahya","OG_1772",0,1,0
"Ahyacinthus16698-RA","Ahyacinthus16698-RA","Ahya","OG_1774",1,1,0
"Ahyacinthus16704-RA","Ahyacinthus16704-RA","Ahya","OG_895",1,1,1
"Ahyacinthus16707-RA","Ahyacinthus16707-RA","Ahya","OG_4977",1,1,0
"Ahyacinthus16710-RA","Ahyacinthus16710-RA","Ahya","OG_12627",1,1,0
"Ahyacinthus16712-RA","Ahyacinthus16712-RA","Ahya","OG_1173",0,1,0
"Ahyacinthus16713-RA","Ahyacinthus16713-RA","Ahya","OG_11810",0,1,0
"Ahyacinthus16715-RA","Ahyacinthus16715-RA","Ahya","OG_11810",0,1,0
"Ahyacinthus16716-RA","Ahyacinthus16716-RA","Ahya","OG_11810",0,1,0
"Ahyacinthus16719-RA","Ahyacinthus16719-RA","Ahya","OG_6188",1,1,1
"Ahyacinthus16720-RA","Ahyacinthus16720-RA","Ahya","OG_5308",1,1,0
"Ahyacinthus16721-RA","Ahyacinthus16721-RA","Ahya","OG_6478",0,1,0
"Ahyacinthus16722-RA","Ahyacinthus16722-RA","Ahya","OG_149",1,1,1
"Ahyacinthus16726-RA","Ahyacinthus16726-RA","Ahya","OG_11808",0,1,0
"Ahyacinthus16738-RA","Ahyacinthus16738-RA","Ahya","OG_12288",0,1,0
"Ahyacinthus16742-RA","Ahyacinthus16742-RA","Ahya","OG_149",1,1,1
"Ahyacinthus16741-RA","Ahyacinthus16741-RA","Ahya","OG_1783",1,1,0
"Ahyacinthus16743-RA","Ahyacinthus16743-RA","Ahya","OG_12188",1,1,1
"Ahyacinthus16745-RA","Ahyacinthus16745-RA","Ahya","OG_1777",0,1,0
"Ahyacinthus16746-RA","Ahyacinthus16746-RA","Ahya","OG_11850",0,1,0
"Ahyacinthus16748-RA","Ahyacinthus16748-RA","Ahya","OG_1778",0,1,0
"Ahyacinthus16747-RA","Ahyacinthus16747-RA","Ahya","OG_1784",0,1,0
"Ahyacinthus16749-RA","Ahyacinthus16749-RA","Ahya","OG_1778",0,1,0
"Ahyacinthus16750-RA","Ahyacinthus16750-RA","Ahya","OG_11852",1,1,0
"Ahyacinthus16751-RA","Ahyacinthus16751-RA","Ahya","OG_1785",0,1,0
"Ahyacinthus16753-RA","Ahyacinthus16753-RA","Ahya","OG_11851",0,1,1
"Ahyacinthus16757-RA","Ahyacinthus16757-RA","Ahya","OG_1781",0,1,0
"Ahyacinthus16759-RA","Ahyacinthus16759-RA","Ahya","OG_12024",1,1,0
"Ahyacinthus16760-RA","Ahyacinthus16760-RA","Ahya","OG_1786",1,1,0
"Ahyacinthus16761-RA","Ahyacinthus16761-RA","Ahya","OG_1782",0,1,1
"Ahyacinthus16772-RA","Ahyacinthus16772-RA","Ahya","OG_12085",0,1,0
"Ahyacinthus16773-RA","Ahyacinthus16773-RA","Ahya","OG_12086",1,1,1
"Ahyacinthus16774-RA","Ahyacinthus16774-RA","Ahya","OG_1321",0,1,0
"Ahyacinthus24512-RA","Ahyacinthus24512-RA","Ahya","OG_905",1,1,1
"Ahyacinthus24514-RA","Ahyacinthus24514-RA","Ahya","OG_837",0,1,0
"Ahyacinthus24518-RA","Ahyacinthus24518-RA","Ahya","OG_406",1,1,1
"Ahyacinthus24520-RA","Ahyacinthus24520-RA","Ahya","OG_843",1,1,0
"Ahyacinthus24525-RA","Ahyacinthus24525-RA","Ahya","OG_9185",1,1,0
"Ahyacinthus24529-RA","Ahyacinthus24529-RA","Ahya","OG_898",0,1,0
"Ahyacinthus24533-RA","Ahyacinthus24533-RA","Ahya","OG_216",1,1,1
"Ahyacinthus24534-RA","Ahyacinthus24534-RA","Ahya","OG_443",0,1,1
"Ahyacinthus24536-RA","Ahyacinthus24536-RA","Ahya","OG_299",0,1,0
"Ahyacinthus24545-RA","Ahyacinthus24545-RA","Ahya","OG_823",0,1,1
"Ahyacinthus24549-RA","Ahyacinthus24549-RA","Ahya","OG_923",0,1,1
"Ahyacinthus24551-RA","Ahyacinthus24551-RA","Ahya","OG_144",1,1,0
"Ahyacinthus24552-RA","Ahyacinthus24552-RA","Ahya","OG_590",0,1,1
"Ahyacinthus24561-RA","Ahyacinthus24561-RA","Ahya","OG_406",1,1,1
"Ahyacinthus24562-RA","Ahyacinthus24562-RA","Ahya","OG_5081",0,1,0
"Ahyacinthus24564-RA","Ahyacinthus24564-RA","Ahya","OG_5081",0,1,0
"Ahyacinthus24565-RA","Ahyacinthus24565-RA","Ahya","OG_1126",1,1,0
"Ahyacinthus24566-RA","Ahyacinthus24566-RA","Ahya","OG_1086",0,1,0
"Ahyacinthus24569-RA","Ahyacinthus24569-RA","Ahya","OG_186",1,1,1
"Ahyacinthus24571-RA","Ahyacinthus24571-RA","Ahya","OG_5138",0,1,1
"Ahyacinthus24572-RA","Ahyacinthus24572-RA","Ahya","OG_877",0,1,0
"Ahyacinthus24574-RA","Ahyacinthus24574-RA","Ahya","OG_12426",0,1,0
"Ahyacinthus24575-RA","Ahyacinthus24575-RA","Ahya","OG_9831",0,1,0
"Ahyacinthus24585-RA","Ahyacinthus24585-RA","Ahya","OG_12744",0,1,1
"Ahyacinthus24588-RA","Ahyacinthus24588-RA","Ahya","OG_12518",0,1,1
"Ahyacinthus24590-RA","Ahyacinthus24590-RA","Ahya","OG_802",1,1,0
"Ahyacinthus24591-RA","Ahyacinthus24591-RA","Ahya","OG_369",1,1,1
"Ahyacinthus24600-RA","Ahyacinthus24600-RA","Ahya","OG_845",0,1,0
"Ahyacinthus24608-RA","Ahyacinthus24608-RA","Ahya","OG_5124",0,1,0
"Ahyacinthus24613-RA","Ahyacinthus24613-RA","Ahya","OG_867",0,1,1
"Ahyacinthus24614-RA","Ahyacinthus24614-RA","Ahya","OG_1124",1,1,0
"Ahyacinthus24615-RA","Ahyacinthus24615-RA","Ahya","OG_868",1,1,1
"Ahyacinthus24617-RA","Ahyacinthus24617-RA","Ahya","OG_845",0,1,0
"Ahyacinthus24621-RA","Ahyacinthus24621-RA","Ahya","OG_1121",0,1,0
"Ahyacinthus24625-RA","Ahyacinthus24625-RA","Ahya","OG_921",1,1,1
"Ahyacinthus24626-RA","Ahyacinthus24626-RA","Ahya","OG_714",0,1,1
"Ahyacinthus24633-RA","Ahyacinthus24633-RA","Ahya","OG_859",0,1,1
"Ahyacinthus24634-RA","Ahyacinthus24634-RA","Ahya","OG_757",1,1,1
"Ahyacinthus24638-RA","Ahyacinthus24638-RA","Ahya","OG_828",0,1,0
"Ahyacinthus24640-RA","Ahyacinthus24640-RA","Ahya","OG_901",0,1,1
"Ahyacinthus24641-RA","Ahyacinthus24641-RA","Ahya","OG_1090",0,1,0
"Ahyacinthus24644-RA","Ahyacinthus24644-RA","Ahya","OG_914",0,1,1
"Ahyacinthus24652-RA","Ahyacinthus24652-RA","Ahya","OG_324",0,1,1
"Ahyacinthus24653-RA","Ahyacinthus24653-RA","Ahya","OG_324",0,1,1
"Ahyacinthus24656-RA","Ahyacinthus24656-RA","Ahya","OG_868",1,1,1
"Ahyacinthus24658-RA","Ahyacinthus24658-RA","Ahya","OG_726",0,1,1
"Ahyacinthus24664-RA","Ahyacinthus24664-RA","Ahya","OG_1168",0,1,0
"Ahyacinthus24663-RA","Ahyacinthus24663-RA","Ahya","OG_1346",0,1,0
"Ahyacinthus24665-RA","Ahyacinthus24665-RA","Ahya","OG_892",0,1,0
"Ahyacinthus24668-RA","Ahyacinthus24668-RA","Ahya","OG_889",0,1,0
"Ahyacinthus24670-RA","Ahyacinthus24670-RA","Ahya","OG_741",1,1,1
"Ahyacinthus24674-RA","Ahyacinthus24674-RA","Ahya","OG_257",1,1,1
"Ahyacinthus24678-RA","Ahyacinthus24678-RA","Ahya","OG_872",0,1,0
"Ahyacinthus24683-RA","Ahyacinthus24683-RA","Ahya","OG_631",1,1,1
"Ahyacinthus24685-RA","Ahyacinthus24685-RA","Ahya","OG_9278",1,1,0
"Ahyacinthus24693-RA","Ahyacinthus24693-RA","Ahya","OG_9278",1,1,0
"Ahyacinthus24708-RA","Ahyacinthus24708-RA","Ahya","OG_9278",1,1,0
"Ahyacinthus24710-RA","Ahyacinthus24710-RA","Ahya","OG_533",0,1,0
"Ahyacinthus24713-RA","Ahyacinthus24713-RA","Ahya","OG_571",0,1,1
"Ahyacinthus24714-RA","Ahyacinthus24714-RA","Ahya","OG_828",0,1,0
"Ahyacinthus24717-RA","Ahyacinthus24717-RA","Ahya","OG_512",1,1,0
"Ahyacinthus24718-RA","Ahyacinthus24718-RA","Ahya","OG_382",0,1,0
"Ahyacinthus24719-RA","Ahyacinthus24719-RA","Ahya","OG_895",1,1,1
"Ahyacinthus24721-RA","Ahyacinthus24721-RA","Ahya","OG_887",0,1,0
"Ahyacinthus24722-RA","Ahyacinthus24722-RA","Ahya","OG_1051",1,1,1
"Ahyacinthus24724-RA","Ahyacinthus24724-RA","Ahya","OG_416",0,1,0
"Ahyacinthus24727-RA","Ahyacinthus24727-RA","Ahya","OG_887",0,1,0
"Ahyacinthus24729-RA","Ahyacinthus24729-RA","Ahya","OG_264",0,1,1
"Ahyacinthus24731-RA","Ahyacinthus24731-RA","Ahya","OG_1047",0,1,0
"Ahyacinthus24732-RA","Ahyacinthus24732-RA","Ahya","OG_1277",0,1,0
"Ahyacinthus24735-RA","Ahyacinthus24735-RA","Ahya","OG_369",1,1,1
"Ahyacinthus24736-RA","Ahyacinthus24736-RA","Ahya","OG_844",0,1,0
"Ahyacinthus24737-RA","Ahyacinthus24737-RA","Ahya","OG_216",1,1,1
"Ahyacinthus24740-RA","Ahyacinthus24740-RA","Ahya","OG_1001",0,1,0
"Ahyacinthus24742-RA","Ahyacinthus24742-RA","Ahya","OG_1088",0,1,0
"Ahyacinthus24743-RA","Ahyacinthus24743-RA","Ahya","OG_859",0,1,1
"Ahyacinthus24744-RA","Ahyacinthus24744-RA","Ahya","OG_802",1,1,0
"Ahyacinthus24745-RA","Ahyacinthus24745-RA","Ahya","OG_137",0,1,0
"Ahyacinthus24748-RA","Ahyacinthus24748-RA","Ahya","OG_369",1,1,1
"Ahyacinthus24749-RA","Ahyacinthus24749-RA","Ahya","OG_1176",0,1,1
"Ahyacinthus24750-RA","Ahyacinthus24750-RA","Ahya","OG_314",0,1,0
"Ahyacinthus24751-RA","Ahyacinthus24751-RA","Ahya","OG_314",0,1,0
"Ahyacinthus24756-RA","Ahyacinthus24756-RA","Ahya","OG_277",0,1,0
"Ahyacinthus24758-RA","Ahyacinthus24758-RA","Ahya","OG_277",0,1,0
"Ahyacinthus24759-RA","Ahyacinthus24759-RA","Ahya","OG_766",1,1,0
"Ahyacinthus24760-RA","Ahyacinthus24760-RA","Ahya","OG_386",0,1,1
"Ahyacinthus24773-RA","Ahyacinthus24773-RA","Ahya","OG_421",0,1,1
"Ahyacinthus24774-RA","Ahyacinthus24774-RA","Ahya","OG_421",0,1,1
"Ahyacinthus24775-RA","Ahyacinthus24775-RA","Ahya","OG_757",1,1,1
"Ahyacinthus24777-RA","Ahyacinthus24777-RA","Ahya","OG_757",1,1,1
"Ahyacinthus24778-RA","Ahyacinthus24778-RA","Ahya","OG_1501",0,1,0
"Ahyacinthus24779-RA","Ahyacinthus24779-RA","Ahya","OG_848",1,1,0
"Ahyacinthus24785-RA","Ahyacinthus24785-RA","Ahya","OG_835",0,1,0
"Ahyacinthus24787-RA","Ahyacinthus24787-RA","Ahya","OG_835",0,1,0
"Ahyacinthus24788-RA","Ahyacinthus24788-RA","Ahya","OG_849",0,1,0
"Ahyacinthus24789-RA","Ahyacinthus24789-RA","Ahya","OG_5125",1,1,1
"Ahyacinthus24792-RA","Ahyacinthus24792-RA","Ahya","OG_835",0,1,0
"Ahyacinthus24796-RA","Ahyacinthus24796-RA","Ahya","OG_583",0,1,0
"Ahyacinthus24799-RA","Ahyacinthus24799-RA","Ahya","OG_871",0,1,0
"Ahyacinthus24802-RA","Ahyacinthus24802-RA","Ahya","OG_9185",1,1,0
"Ahyacinthus24805-RA","Ahyacinthus24805-RA","Ahya","OG_876",0,1,1
"Ahyacinthus24814-RA","Ahyacinthus24814-RA","Ahya","OG_983",0,1,1
"Ahyacinthus24819-RA","Ahyacinthus24819-RA","Ahya","OG_139",0,1,0
"Ahyacinthus24820-RA","Ahyacinthus24820-RA","Ahya","OG_536",0,1,0
"Ahyacinthus24821-RA","Ahyacinthus24821-RA","Ahya","OG_139",0,1,0
"Ahyacinthus24822-RA","Ahyacinthus24822-RA","Ahya","OG_257",1,1,1
"Ahyacinthus24824-RA","Ahyacinthus24824-RA","Ahya","OG_11898",0,1,1
"Ahyacinthus24826-RA","Ahyacinthus24826-RA","Ahya","OG_6388",0,1,1
"Ahyacinthus24827-RA","Ahyacinthus24827-RA","Ahya","OG_415",0,1,0
"Ahyacinthus24830-RA","Ahyacinthus24830-RA","Ahya","OG_1039",0,1,0
"Ahyacinthus24832-RA","Ahyacinthus24832-RA","Ahya","OG_6388",0,1,1
"Ahyacinthus24840-RA","Ahyacinthus24840-RA","Ahya","OG_6388",0,1,1
"Ahyacinthus24845-RA","Ahyacinthus24845-RA","Ahya","OG_369",1,1,1
"Ahyacinthus24857-RA","Ahyacinthus24857-RA","Ahya","OG_867",0,1,1
"Ahyacinthus24859-RA","Ahyacinthus24859-RA","Ahya","OG_358",0,1,0
"Ahyacinthus24870-RA","Ahyacinthus24870-RA","Ahya","OG_722",0,1,1
"Ahyacinthus24872-RA","Ahyacinthus24872-RA","Ahya","OG_353",0,1,0
"Ahyacinthus24874-RA","Ahyacinthus24874-RA","Ahya","OG_868",1,1,1
"Ahyacinthus24876-RA","Ahyacinthus24876-RA","Ahya","OG_216",1,1,1
"Ahyacinthus24892-RA","Ahyacinthus24892-RA","Ahya","OG_761",1,1,0
"Ahyacinthus24893-RA","Ahyacinthus24893-RA","Ahya","OG_1168",0,1,0
"Ahyacinthus24897-RA","Ahyacinthus24897-RA","Ahya","OG_900",0,1,0
"Ahyacinthus24899-RA","Ahyacinthus24899-RA","Ahya","OG_12415",0,1,0
"Ahyacinthus24900-RA","Ahyacinthus24900-RA","Ahya","OG_553",0,1,1
"Ahyacinthus24902-RA","Ahyacinthus24902-RA","Ahya","OG_900",0,1,0
"Ahyacinthus24906-RA","Ahyacinthus24906-RA","Ahya","OG_470",1,1,1
"Ahyacinthus24907-RA","Ahyacinthus24907-RA","Ahya","OG_470",1,1,1
"Ahyacinthus24908-RA","Ahyacinthus24908-RA","Ahya","OG_382",0,1,0
"Ahyacinthus24911-RA","Ahyacinthus24911-RA","Ahya","OG_760",1,1,0
"Ahyacinthus24914-RA","Ahyacinthus24914-RA","Ahya","OG_5081",0,1,0
"Ahyacinthus24920-RA","Ahyacinthus24920-RA","Ahya","OG_1103",0,1,1
"Ahyacinthus24922-RA","Ahyacinthus24922-RA","Ahya","OG_130",0,1,1
"Ahyacinthus24924-RA","Ahyacinthus24924-RA","Ahya","OG_5095",0,1,0
"Ahyacinthus24928-RA","Ahyacinthus24928-RA","Ahya","OG_12349",0,1,0
"Ahyacinthus24935-RA","Ahyacinthus24935-RA","Ahya","OG_783",0,1,0
"Ahyacinthus24936-RA","Ahyacinthus24936-RA","Ahya","OG_358",0,1,0
"Ahyacinthus24937-RA","Ahyacinthus24937-RA","Ahya","OG_878",0,1,0
"Ahyacinthus24938-RA","Ahyacinthus24938-RA","Ahya","OG_353",0,1,0
"Ahyacinthus24939-RA","Ahyacinthus24939-RA","Ahya","OG_353",0,1,0
"Ahyacinthus24940-RA","Ahyacinthus24940-RA","Ahya","OG_270",1,1,1
"Ahyacinthus24941-RA","Ahyacinthus24941-RA","Ahya","OG_533",0,1,0
"Ahyacinthus24948-RA","Ahyacinthus24948-RA","Ahya","OG_5113",0,1,0
"Ahyacinthus24952-RA","Ahyacinthus24952-RA","Ahya","OG_840",1,1,0
"Ahyacinthus24954-RA","Ahyacinthus24954-RA","Ahya","OG_12428",0,1,0
"Ahyacinthus24957-RA","Ahyacinthus24957-RA","Ahya","OG_5076",1,1,0
"Ahyacinthus24959-RA","Ahyacinthus24959-RA","Ahya","OG_677",0,1,0
"Ahyacinthus24961-RA","Ahyacinthus24961-RA","Ahya","OG_1186",0,1,0
"Ahyacinthus24962-RA","Ahyacinthus24962-RA","Ahya","OG_891",0,1,0
"Ahyacinthus24964-RA","Ahyacinthus24964-RA","Ahya","OG_5099",0,1,0
"Ahyacinthus24965-RA","Ahyacinthus24965-RA","Ahya","OG_860",1,1,1
"Ahyacinthus24966-RA","Ahyacinthus24966-RA","Ahya","OG_736",0,1,1
"Ahyacinthus24968-RA","Ahyacinthus24968-RA","Ahya","OG_957",0,1,1
"Ahyacinthus24969-RA","Ahyacinthus24969-RA","Ahya","OG_957",0,1,1
"Ahyacinthus24971-RA","Ahyacinthus24971-RA","Ahya","OG_198",0,1,1
"Ahyacinthus24972-RA","Ahyacinthus24972-RA","Ahya","OG_416",0,1,0
"Ahyacinthus24974-RA","Ahyacinthus24974-RA","Ahya","OG_283",0,1,0
"Ahyacinthus24975-RA","Ahyacinthus24975-RA","Ahya","OG_477",0,1,0
"Ahyacinthus24981-RA","Ahyacinthus24981-RA","Ahya","OG_155",1,1,1
"Ahyacinthus24987-RA","Ahyacinthus24987-RA","Ahya","OG_977",0,1,0
"Ahyacinthus24989-RA","Ahyacinthus24989-RA","Ahya","OG_5103",0,1,0
"Ahyacinthus24995-RA","Ahyacinthus24995-RA","Ahya","OG_125",0,1,0
"Ahyacinthus25001-RA","Ahyacinthus25001-RA","Ahya","OG_155",1,1,1
"Ahyacinthus25003-RA","Ahyacinthus25003-RA","Ahya","OG_823",0,1,1
"Ahyacinthus25010-RA","Ahyacinthus25010-RA","Ahya","OG_818",1,1,0
"Ahyacinthus25013-RA","Ahyacinthus25013-RA","Ahya","OG_685",0,1,1
"Ahyacinthus25020-RA","Ahyacinthus25020-RA","Ahya","OG_353",0,1,0
"Ahyacinthus25021-RA","Ahyacinthus25021-RA","Ahya","OG_418",0,1,0
"Ahyacinthus25022-RA","Ahyacinthus25022-RA","Ahya","OG_176",1,1,1
"Ahyacinthus25023-RA","Ahyacinthus25023-RA","Ahya","OG_442",1,1,1
"Ahyacinthus25024-RA","Ahyacinthus25024-RA","Ahya","OG_176",1,1,1
"Ahyacinthus25027-RA","Ahyacinthus25027-RA","Ahya","OG_176",1,1,1
"Ahyacinthus25028-RA","Ahyacinthus25028-RA","Ahya","OG_176",1,1,1
"Ahyacinthus25030-RA","Ahyacinthus25030-RA","Ahya","OG_898",0,1,0
"Ahyacinthus25034-RA","Ahyacinthus25034-RA","Ahya","OG_691",1,1,0
"Ahyacinthus25035-RA","Ahyacinthus25035-RA","Ahya","OG_10589",0,1,0
"Ahyacinthus25037-RA","Ahyacinthus25037-RA","Ahya","OG_929",1,1,1
"Ahyacinthus25047-RA","Ahyacinthus25047-RA","Ahya","OG_664",0,1,0
"Ahyacinthus25048-RA","Ahyacinthus25048-RA","Ahya","OG_1047",0,1,0
"Ahyacinthus25049-RA","Ahyacinthus25049-RA","Ahya","OG_869",0,1,0
"Ahyacinthus25050-RA","Ahyacinthus25050-RA","Ahya","OG_1263",0,1,1
"Ahyacinthus25052-RA","Ahyacinthus25052-RA","Ahya","OG_1039",0,1,0
"Ahyacinthus25053-RA","Ahyacinthus25053-RA","Ahya","OG_1090",0,1,0
"Ahyacinthus25054-RA","Ahyacinthus25054-RA","Ahya","OG_9484",0,1,0
"Ahyacinthus25055-RA","Ahyacinthus25055-RA","Ahya","OG_883",0,1,0
"Ahyacinthus25056-RA","Ahyacinthus25056-RA","Ahya","OG_883",0,1,0
"Ahyacinthus25059-RA","Ahyacinthus25059-RA","Ahya","OG_315",1,1,0
"Ahyacinthus25061-RA","Ahyacinthus25061-RA","Ahya","OG_12164",0,1,1
"Ahyacinthus25062-RA","Ahyacinthus25062-RA","Ahya","OG_12428",0,1,0
"Ahyacinthus25063-RA","Ahyacinthus25063-RA","Ahya","OG_12428",0,1,0
"Ahyacinthus25068-RA","Ahyacinthus25068-RA","Ahya","OG_390",0,1,0
"Ahyacinthus25069-RA","Ahyacinthus25069-RA","Ahya","OG_716",0,1,1
"Ahyacinthus25070-RA","Ahyacinthus25070-RA","Ahya","OG_6380",0,1,0
"Ahyacinthus25071-RA","Ahyacinthus25071-RA","Ahya","OG_469",0,1,0
"Ahyacinthus25072-RA","Ahyacinthus25072-RA","Ahya","OG_571",0,1,1
"Ahyacinthus25073-RA","Ahyacinthus25073-RA","Ahya","OG_559",0,1,1
"Ahyacinthus25074-RA","Ahyacinthus25074-RA","Ahya","OG_1243",0,1,0
"Ahyacinthus25078-RA","Ahyacinthus25078-RA","Ahya","OG_7022",0,1,0
"Ahyacinthus25080-RA","Ahyacinthus25080-RA","Ahya","OG_2374",0,1,0
"Ahyacinthus25088-RA","Ahyacinthus25088-RA","Ahya","OG_2374",0,1,0
"Ahyacinthus25089-RA","Ahyacinthus25089-RA","Ahya","OG_416",0,1,0
"Ahyacinthus25090-RA","Ahyacinthus25090-RA","Ahya","OG_5125",1,1,1
"Ahyacinthus25091-RA","Ahyacinthus25091-RA","Ahya","OG_1135",0,1,0
"Ahyacinthus25094-RA","Ahyacinthus25094-RA","Ahya","OG_891",0,1,0
"Ahyacinthus25096-RA","Ahyacinthus25096-RA","Ahya","OG_726",0,1,1
"Ahyacinthus25102-RA","Ahyacinthus25102-RA","Ahya","OG_1135",0,1,0
"Ahyacinthus25103-RA","Ahyacinthus25103-RA","Ahya","OG_5125",1,1,1
"Ahyacinthus25105-RA","Ahyacinthus25105-RA","Ahya","OG_5076",1,1,0
"Ahyacinthus25106-RA","Ahyacinthus25106-RA","Ahya","OG_533",0,1,0
"Ahyacinthus25107-RA","Ahyacinthus25107-RA","Ahya","OG_911",0,1,0
"Ahyacinthus25108-RA","Ahyacinthus25108-RA","Ahya","OG_680",1,1,1
"Ahyacinthus25110-RA","Ahyacinthus25110-RA","Ahya","OG_760",1,1,0
"Ahyacinthus25112-RA","Ahyacinthus25112-RA","Ahya","OG_5110",0,1,0
"Ahyacinthus25114-RA","Ahyacinthus25114-RA","Ahya","OG_682",1,1,1
"Ahyacinthus25116-RA","Ahyacinthus25116-RA","Ahya","OG_12499",0,1,1
"Ahyacinthus25118-RA","Ahyacinthus25118-RA","Ahya","OG_12428",0,1,0
"Ahyacinthus25119-RA","Ahyacinthus25119-RA","Ahya","OG_12428",0,1,0
"Ahyacinthus25120-RA","Ahyacinthus25120-RA","Ahya","OG_12164",0,1,1
"Ahyacinthus25122-RA","Ahyacinthus25122-RA","Ahya","OG_315",1,1,0
"Ahyacinthus25124-RA","Ahyacinthus25124-RA","Ahya","OG_883",0,1,0
"Ahyacinthus25125-RA","Ahyacinthus25125-RA","Ahya","OG_9484",0,1,0
"Ahyacinthus25126-RA","Ahyacinthus25126-RA","Ahya","OG_1090",0,1,0
"Ahyacinthus25127-RA","Ahyacinthus25127-RA","Ahya","OG_1039",0,1,0
"Ahyacinthus25130-RA","Ahyacinthus25130-RA","Ahya","OG_869",0,1,0
"Ahyacinthus25133-RA","Ahyacinthus25133-RA","Ahya","OG_901",0,1,1
"Ahyacinthus25135-RA","Ahyacinthus25135-RA","Ahya","OG_5946",0,1,0
"Ahyacinthus25136-RA","Ahyacinthus25136-RA","Ahya","OG_983",0,1,1
"Ahyacinthus25138-RA","Ahyacinthus25138-RA","Ahya","OG_369",1,1,1
"Ahyacinthus25139-RA","Ahyacinthus25139-RA","Ahya","OG_156",1,1,0
"Ahyacinthus25143-RA","Ahyacinthus25143-RA","Ahya","OG_9747",0,1,0
"Ahyacinthus25144-RA","Ahyacinthus25144-RA","Ahya","OG_6526",0,1,0
"Ahyacinthus25146-RA","Ahyacinthus25146-RA","Ahya","OG_899",0,1,0
"Ahyacinthus25147-RA","Ahyacinthus25147-RA","Ahya","OG_818",1,1,0
"Ahyacinthus25151-RA","Ahyacinthus25151-RA","Ahya","OG_805",1,1,0
"Ahyacinthus25154-RA","Ahyacinthus25154-RA","Ahya","OG_811",0,1,0
"Ahyacinthus25162-RA","Ahyacinthus25162-RA","Ahya","OG_843",1,1,0
"Ahyacinthus25163-RA","Ahyacinthus25163-RA","Ahya","OG_859",0,1,1
"Ahyacinthus25168-RA","Ahyacinthus25168-RA","Ahya","OG_455",0,1,0
"Ahyacinthus25179-RA","Ahyacinthus25179-RA","Ahya","OG_227",1,1,1
"Ahyacinthus25180-RA","Ahyacinthus25180-RA","Ahya","OG_900",0,1,0
"Ahyacinthus25181-RA","Ahyacinthus25181-RA","Ahya","OG_900",0,1,0
"Ahyacinthus25182-RA","Ahyacinthus25182-RA","Ahya","OG_227",1,1,1
"Ahyacinthus25183-RA","Ahyacinthus25183-RA","Ahya","OG_9109",0,1,0
"Ahyacinthus25185-RA","Ahyacinthus25185-RA","Ahya","OG_900",0,1,0
"Ahyacinthus25188-RA","Ahyacinthus25188-RA","Ahya","OG_296",0,1,0
"Ahyacinthus25196-RA","Ahyacinthus25196-RA","Ahya","OG_369",1,1,1
"Ahyacinthus25199-RA","Ahyacinthus25199-RA","Ahya","OG_288",0,1,1
"Ahyacinthus25200-RA","Ahyacinthus25200-RA","Ahya","OG_288",0,1,1
"Ahyacinthus25201-RA","Ahyacinthus25201-RA","Ahya","OG_559",0,1,1
"Ahyacinthus25202-RA","Ahyacinthus25202-RA","Ahya","OG_559",0,1,1
"Ahyacinthus25203-RA","Ahyacinthus25203-RA","Ahya","OG_559",0,1,1
"Ahyacinthus25204-RA","Ahyacinthus25204-RA","Ahya","OG_824",0,1,0
"Ahyacinthus25205-RA","Ahyacinthus25205-RA","Ahya","OG_861",1,1,1
"Ahyacinthus25206-RA","Ahyacinthus25206-RA","Ahya","OG_725",1,1,1
"Ahyacinthus25207-RA","Ahyacinthus25207-RA","Ahya","OG_1319",0,1,0
"Ahyacinthus25211-RA","Ahyacinthus25211-RA","Ahya","OG_170",1,1,1
"Ahyacinthus25213-RA","Ahyacinthus25213-RA","Ahya","OG_256",0,1,1
"Ahyacinthus25218-RA","Ahyacinthus25218-RA","Ahya","OG_264",0,1,1
"Ahyacinthus25224-RA","Ahyacinthus25224-RA","Ahya","OG_737",1,1,0
"Ahyacinthus25225-RA","Ahyacinthus25225-RA","Ahya","OG_139",0,1,0
"Ahyacinthus25226-RA","Ahyacinthus25226-RA","Ahya","OG_767",1,1,0
"Ahyacinthus25227-RA","Ahyacinthus25227-RA","Ahya","OG_471",0,1,0
"Ahyacinthus25231-RA","Ahyacinthus25231-RA","Ahya","OG_318",1,1,0
"Ahyacinthus25233-RA","Ahyacinthus25233-RA","Ahya","OG_4811",0,1,0
"Ahyacinthus25237-RA","Ahyacinthus25237-RA","Ahya","OG_4813",0,1,0
"Ahyacinthus25245-RA","Ahyacinthus25245-RA","Ahya","OG_606",0,1,0
"Ahyacinthus25250-RA","Ahyacinthus25250-RA","Ahya","OG_470",1,1,1
"Ahyacinthus25251-RA","Ahyacinthus25251-RA","Ahya","OG_5103",0,1,0
"Ahyacinthus25259-RA","Ahyacinthus25259-RA","Ahya","OG_1083",1,1,0
"Ahyacinthus25260-RA","Ahyacinthus25260-RA","Ahya","OG_1083",1,1,0
"Ahyacinthus25262-RA","Ahyacinthus25262-RA","Ahya","OG_369",1,1,1
"Ahyacinthus25263-RA","Ahyacinthus25263-RA","Ahya","OG_909",0,1,1
"Ahyacinthus25266-RA","Ahyacinthus25266-RA","Ahya","OG_848",1,1,0
"Ahyacinthus25273-RA","Ahyacinthus25273-RA","Ahya","OG_834",1,1,0
"Ahyacinthus25278-RA","Ahyacinthus25278-RA","Ahya","OG_235",0,1,0
"Ahyacinthus25287-RA","Ahyacinthus25287-RA","Ahya","OG_894",0,1,1
"Ahyacinthus25295-RA","Ahyacinthus25295-RA","Ahya","OG_773",1,1,1
"Ahyacinthus25297-RA","Ahyacinthus25297-RA","Ahya","OG_541",1,1,1
"Ahyacinthus25298-RA","Ahyacinthus25298-RA","Ahya","OG_719",1,1,0
"Ahyacinthus25299-RA","Ahyacinthus25299-RA","Ahya","OG_130",0,1,1
"Ahyacinthus25300-RA","Ahyacinthus25300-RA","Ahya","OG_153",1,1,0
"Ahyacinthus25301-RA","Ahyacinthus25301-RA","Ahya","OG_6347",0,1,0
"Ahyacinthus25302-RA","Ahyacinthus25302-RA","Ahya","OG_1015",0,1,1
"Ahyacinthus25303-RA","Ahyacinthus25303-RA","Ahya","OG_878",0,1,0
"Ahyacinthus25304-RA","Ahyacinthus25304-RA","Ahya","OG_599",0,1,0
"Ahyacinthus25305-RA","Ahyacinthus25305-RA","Ahya","OG_907",0,1,0
"Ahyacinthus25307-RA","Ahyacinthus25307-RA","Ahya","OG_1109",0,1,0
"Ahyacinthus25308-RA","Ahyacinthus25308-RA","Ahya","OG_1109",0,1,0
"Ahyacinthus25311-RA","Ahyacinthus25311-RA","Ahya","OG_130",0,1,1
"Ahyacinthus25312-RA","Ahyacinthus25312-RA","Ahya","OG_1158",0,1,0
"Ahyacinthus25314-RA","Ahyacinthus25314-RA","Ahya","OG_948",0,1,1
"Ahyacinthus25316-RA","Ahyacinthus25316-RA","Ahya","OG_948",0,1,1
"Ahyacinthus25319-RA","Ahyacinthus25319-RA","Ahya","OG_761",1,1,0
"Ahyacinthus25324-RA","Ahyacinthus25324-RA","Ahya","OG_5078",0,1,0
"Ahyacinthus25325-RA","Ahyacinthus25325-RA","Ahya","OG_126",1,1,1
"Ahyacinthus25329-RA","Ahyacinthus25329-RA","Ahya","OG_978",1,1,1
"Ahyacinthus25330-RA","Ahyacinthus25330-RA","Ahya","OG_5142",0,1,0
"Ahyacinthus25331-RA","Ahyacinthus25331-RA","Ahya","OG_1195",0,1,0
"Ahyacinthus25333-RA","Ahyacinthus25333-RA","Ahya","OG_905",1,1,1
"Ahyacinthus25334-RA","Ahyacinthus25334-RA","Ahya","OG_905",1,1,1
"Ahyacinthus25338-RA","Ahyacinthus25338-RA","Ahya","OG_416",0,1,0
"Ahyacinthus25342-RA","Ahyacinthus25342-RA","Ahya","OG_297",0,1,0
"Ahyacinthus25343-RA","Ahyacinthus25343-RA","Ahya","OG_297",0,1,0
"Ahyacinthus25346-RA","Ahyacinthus25346-RA","Ahya","OG_818",1,1,0
"Ahyacinthus25347-RA","Ahyacinthus25347-RA","Ahya","OG_297",0,1,0
"Ahyacinthus25349-RA","Ahyacinthus25349-RA","Ahya","OG_408",1,1,1
"Ahyacinthus25350-RA","Ahyacinthus25350-RA","Ahya","OG_905",1,1,1
"Ahyacinthus25362-RA","Ahyacinthus25362-RA","Ahya","OG_396",1,1,0
"Ahyacinthus25363-RA","Ahyacinthus25363-RA","Ahya","OG_1186",0,1,0
"Ahyacinthus25364-RA","Ahyacinthus25364-RA","Ahya","OG_879",1,1,1
"Ahyacinthus25365-RA","Ahyacinthus25365-RA","Ahya","OG_1344",0,1,1
"Ahyacinthus25366-RA","Ahyacinthus25366-RA","Ahya","OG_315",1,1,0
"Ahyacinthus25368-RA","Ahyacinthus25368-RA","Ahya","OG_703",1,1,1
"Ahyacinthus25369-RA","Ahyacinthus25369-RA","Ahya","OG_703",1,1,1
"Ahyacinthus25370-RA","Ahyacinthus25370-RA","Ahya","OG_912",0,1,0
"Ahyacinthus25371-RA","Ahyacinthus25371-RA","Ahya","OG_8522",0,1,0
"Ahyacinthus25372-RA","Ahyacinthus25372-RA","Ahya","OG_706",0,1,1
"Ahyacinthus25373-RA","Ahyacinthus25373-RA","Ahya","OG_5081",0,1,0
"Ahyacinthus25374-RA","Ahyacinthus25374-RA","Ahya","OG_716",0,1,1
"Ahyacinthus25377-RA","Ahyacinthus25377-RA","Ahya","OG_5145",0,1,0
"Ahyacinthus25378-RA","Ahyacinthus25378-RA","Ahya","OG_901",0,1,1
"Ahyacinthus25380-RA","Ahyacinthus25380-RA","Ahya","OG_5145",0,1,0
"Ahyacinthus25381-RA","Ahyacinthus25381-RA","Ahya","OG_12432",0,1,0
"Ahyacinthus25383-RA","Ahyacinthus25383-RA","Ahya","OG_5081",0,1,0
"Ahyacinthus25384-RA","Ahyacinthus25384-RA","Ahya","OG_5081",0,1,0
"Ahyacinthus25385-RA","Ahyacinthus25385-RA","Ahya","OG_1018",1,1,0
"Ahyacinthus25387-RA","Ahyacinthus25387-RA","Ahya","OG_856",0,1,1
"Ahyacinthus25389-RA","Ahyacinthus25389-RA","Ahya","OG_901",0,1,1
"Ahyacinthus25396-RA","Ahyacinthus25396-RA","Ahya","OG_5108",0,1,1
"Ahyacinthus25408-RA","Ahyacinthus25408-RA","Ahya","OG_12741",0,1,0
"Ahyacinthus25412-RA","Ahyacinthus25412-RA","Ahya","OG_1186",0,1,0
"Ahyacinthus25413-RA","Ahyacinthus25413-RA","Ahya","OG_382",0,1,0
"Ahyacinthus25414-RA","Ahyacinthus25414-RA","Ahya","OG_901",0,1,1
"Ahyacinthus25415-RA","Ahyacinthus25415-RA","Ahya","OG_901",0,1,1
"Ahyacinthus25422-RA","Ahyacinthus25422-RA","Ahya","OG_1274",0,1,0
"Ahyacinthus25423-RA","Ahyacinthus25423-RA","Ahya","OG_794",1,1,1
"Ahyacinthus25425-RA","Ahyacinthus25425-RA","Ahya","OG_5137",0,1,0
"Ahyacinthus25427-RA","Ahyacinthus25427-RA","Ahya","OG_415",0,1,0
"Ahyacinthus25428-RA","Ahyacinthus25428-RA","Ahya","OG_377",1,1,0
"Ahyacinthus25437-RA","Ahyacinthus25437-RA","Ahya","OG_6291",0,1,0
"Ahyacinthus25439-RA","Ahyacinthus25439-RA","Ahya","OG_1122",0,1,0
"Ahyacinthus25443-RA","Ahyacinthus25443-RA","Ahya","OG_5100",0,1,0
"Ahyacinthus25444-RA","Ahyacinthus25444-RA","Ahya","OG_959",0,1,0
"Ahyacinthus25446-RA","Ahyacinthus25446-RA","Ahya","OG_957",0,1,1
"Ahyacinthus25447-RA","Ahyacinthus25447-RA","Ahya","OG_1274",0,1,0
"Ahyacinthus25448-RA","Ahyacinthus25448-RA","Ahya","OG_1107",0,1,0
"Ahyacinthus25451-RA","Ahyacinthus25451-RA","Ahya","OG_848",1,1,0
"Ahyacinthus25454-RA","Ahyacinthus25454-RA","Ahya","OG_681",0,1,0
"Ahyacinthus25457-RA","Ahyacinthus25457-RA","Ahya","OG_224",0,1,0
"Ahyacinthus25458-RA","Ahyacinthus25458-RA","Ahya","OG_186",1,1,1
"Ahyacinthus25459-RA","Ahyacinthus25459-RA","Ahya","OG_1014",0,1,0
"Ahyacinthus25461-RA","Ahyacinthus25461-RA","Ahya","OG_12504",0,1,0
"Ahyacinthus25462-RA","Ahyacinthus25462-RA","Ahya","OG_762",0,1,0
"Ahyacinthus25464-RA","Ahyacinthus25464-RA","Ahya","OG_1039",0,1,0
"Ahyacinthus25468-RA","Ahyacinthus25468-RA","Ahya","OG_1039",0,1,0
"Ahyacinthus25469-RA","Ahyacinthus25469-RA","Ahya","OG_440",0,1,0
"Ahyacinthus25473-RA","Ahyacinthus25473-RA","Ahya","OG_5097",0,1,0
"Ahyacinthus25474-RA","Ahyacinthus25474-RA","Ahya","OG_5097",0,1,0
"Ahyacinthus25476-RA","Ahyacinthus25476-RA","Ahya","OG_860",1,1,1
"Ahyacinthus25477-RA","Ahyacinthus25477-RA","Ahya","OG_746",0,1,1
"Ahyacinthus25479-RA","Ahyacinthus25479-RA","Ahya","OG_1047",0,1,0
"Ahyacinthus25480-RA","Ahyacinthus25480-RA","Ahya","OG_1226",1,1,0
"Ahyacinthus25482-RA","Ahyacinthus25482-RA","Ahya","OG_1110",0,1,0
"Ahyacinthus25486-RA","Ahyacinthus25486-RA","Ahya","OG_914",0,1,1
"Ahyacinthus25487-RA","Ahyacinthus25487-RA","Ahya","OG_12352",0,1,0
"Ahyacinthus25492-RA","Ahyacinthus25492-RA","Ahya","OG_741",1,1,1
"Ahyacinthus25493-RA","Ahyacinthus25493-RA","Ahya","OG_961",0,1,0
"Ahyacinthus25498-RA","Ahyacinthus25498-RA","Ahya","OG_737",1,1,0
"Ahyacinthus25500-RA","Ahyacinthus25500-RA","Ahya","OG_1126",1,1,0
"Ahyacinthus25502-RA","Ahyacinthus25502-RA","Ahya","OG_6698",1,1,0
"Ahyacinthus25504-RA","Ahyacinthus25504-RA","Ahya","OG_5960",1,1,0
"Ahyacinthus25507-RA","Ahyacinthus25507-RA","Ahya","OG_889",0,1,0
"Ahyacinthus25508-RA","Ahyacinthus25508-RA","Ahya","OG_869",0,1,0
"Ahyacinthus25510-RA","Ahyacinthus25510-RA","Ahya","OG_881",0,1,0
"Ahyacinthus25511-RA","Ahyacinthus25511-RA","Ahya","OG_248",1,1,1
"Ahyacinthus25512-RA","Ahyacinthus25512-RA","Ahya","OG_477",0,1,0
"Ahyacinthus25513-RA","Ahyacinthus25513-RA","Ahya","OG_11967",0,1,0
"Ahyacinthus25514-RA","Ahyacinthus25514-RA","Ahya","OG_301",0,1,1
"Ahyacinthus25515-RA","Ahyacinthus25515-RA","Ahya","OG_1110",0,1,0
"Ahyacinthus25516-RA","Ahyacinthus25516-RA","Ahya","OG_156",1,1,0
"Ahyacinthus25517-RA","Ahyacinthus25517-RA","Ahya","OG_1039",0,1,0
"Ahyacinthus25518-RA","Ahyacinthus25518-RA","Ahya","OG_1098",0,1,1
"Ahyacinthus25519-RA","Ahyacinthus25519-RA","Ahya","OG_823",0,1,1
"Ahyacinthus25520-RA","Ahyacinthus25520-RA","Ahya","OG_286",0,1,1
"Ahyacinthus25523-RA","Ahyacinthus25523-RA","Ahya","OG_953",0,1,0
"Ahyacinthus25524-RA","Ahyacinthus25524-RA","Ahya","OG_953",0,1,0
"Ahyacinthus25528-RA","Ahyacinthus25528-RA","Ahya","OG_714",0,1,1
"Ahyacinthus25530-RA","Ahyacinthus25530-RA","Ahya","OG_494",0,1,0
"Ahyacinthus25531-RA","Ahyacinthus25531-RA","Ahya","OG_127",1,1,1
"Ahyacinthus25532-RA","Ahyacinthus25532-RA","Ahya","OG_559",0,1,1
"Ahyacinthus25533-RA","Ahyacinthus25533-RA","Ahya","OG_559",0,1,1
"Ahyacinthus25534-RA","Ahyacinthus25534-RA","Ahya","OG_559",0,1,1
"Ahyacinthus25535-RA","Ahyacinthus25535-RA","Ahya","OG_6547",0,1,0
"Ahyacinthus25536-RA","Ahyacinthus25536-RA","Ahya","OG_922",0,1,0
"Ahyacinthus25537-RA","Ahyacinthus25537-RA","Ahya","OG_840",1,1,0
"Ahyacinthus25538-RA","Ahyacinthus25538-RA","Ahya","OG_824",0,1,0
"Ahyacinthus25539-RA","Ahyacinthus25539-RA","Ahya","OG_861",1,1,1
"Ahyacinthus25542-RA","Ahyacinthus25542-RA","Ahya","OG_415",0,1,0
"Ahyacinthus25549-RA","Ahyacinthus25549-RA","Ahya","OG_509",0,1,1
"Ahyacinthus25550-RA","Ahyacinthus25550-RA","Ahya","OG_714",0,1,1
"Ahyacinthus25552-RA","Ahyacinthus25552-RA","Ahya","OG_857",0,1,0
"Ahyacinthus25553-RA","Ahyacinthus25553-RA","Ahya","OG_818",1,1,0
"Ahyacinthus25555-RA","Ahyacinthus25555-RA","Ahya","OG_12517",0,1,0
"Ahyacinthus25558-RA","Ahyacinthus25558-RA","Ahya","OG_606",0,1,0
"Ahyacinthus25560-RA","Ahyacinthus25560-RA","Ahya","OG_1217",0,1,0
"Ahyacinthus25561-RA","Ahyacinthus25561-RA","Ahya","OG_198",0,1,1
"Ahyacinthus25563-RA","Ahyacinthus25563-RA","Ahya","OG_5114",0,1,0
"Ahyacinthus25564-RA","Ahyacinthus25564-RA","Ahya","OG_12128",1,1,0
"Ahyacinthus25565-RA","Ahyacinthus25565-RA","Ahya","OG_12488",0,1,0
"Ahyacinthus25566-RA","Ahyacinthus25566-RA","Ahya","OG_270",1,1,1
"Ahyacinthus25569-RA","Ahyacinthus25569-RA","Ahya","OG_860",1,1,1
"Ahyacinthus25570-RA","Ahyacinthus25570-RA","Ahya","OG_850",0,1,0
"Ahyacinthus25571-RA","Ahyacinthus25571-RA","Ahya","OG_743",0,1,0
"Ahyacinthus25572-RA","Ahyacinthus25572-RA","Ahya","OG_11899",0,1,0
"Ahyacinthus25573-RA","Ahyacinthus25573-RA","Ahya","OG_1186",0,1,0
"Ahyacinthus25574-RA","Ahyacinthus25574-RA","Ahya","OG_913",1,1,0
"Ahyacinthus25578-RA","Ahyacinthus25578-RA","Ahya","OG_282",0,1,0
"Ahyacinthus25579-RA","Ahyacinthus25579-RA","Ahya","OG_369",1,1,1
"Ahyacinthus25580-RA","Ahyacinthus25580-RA","Ahya","OG_11650",0,1,0
"Ahyacinthus25581-RA","Ahyacinthus25581-RA","Ahya","OG_847",1,1,0
"Ahyacinthus25582-RA","Ahyacinthus25582-RA","Ahya","OG_848",1,1,0
"Ahyacinthus25583-RA","Ahyacinthus25583-RA","Ahya","OG_928",0,1,0
"Ahyacinthus25585-RA","Ahyacinthus25585-RA","Ahya","OG_840",1,1,0
"Ahyacinthus25587-RA","Ahyacinthus25587-RA","Ahya","OG_802",1,1,0
"Ahyacinthus25590-RA","Ahyacinthus25590-RA","Ahya","OG_332",0,1,1
"Ahyacinthus25591-RA","Ahyacinthus25591-RA","Ahya","OG_783",0,1,0
"Ahyacinthus25592-RA","Ahyacinthus25592-RA","Ahya","OG_353",0,1,0
"Ahyacinthus25594-RA","Ahyacinthus25594-RA","Ahya","OG_653",0,1,1
"Ahyacinthus25596-RA","Ahyacinthus25596-RA","Ahya","OG_369",1,1,1
"Ahyacinthus25598-RA","Ahyacinthus25598-RA","Ahya","OG_5165",0,1,0
"Ahyacinthus25601-RA","Ahyacinthus25601-RA","Ahya","OG_741",1,1,1
"Ahyacinthus25603-RA","Ahyacinthus25603-RA","Ahya","OG_12746",0,1,1
"Ahyacinthus25607-RA","Ahyacinthus25607-RA","Ahya","OG_832",0,1,0
"Ahyacinthus25608-RA","Ahyacinthus25608-RA","Ahya","OG_533",0,1,0
"Ahyacinthus25610-RA","Ahyacinthus25610-RA","Ahya","OG_901",0,1,1
"Ahyacinthus25612-RA","Ahyacinthus25612-RA","Ahya","OG_198",0,1,1
"Ahyacinthus25613-RA","Ahyacinthus25613-RA","Ahya","OG_367",0,1,1
"Ahyacinthus25614-RA","Ahyacinthus25614-RA","Ahya","OG_858",0,1,0
"Ahyacinthus25615-RA","Ahyacinthus25615-RA","Ahya","OG_332",0,1,1
"Ahyacinthus25616-RA","Ahyacinthus25616-RA","Ahya","OG_332",0,1,1
"Ahyacinthus25617-RA","Ahyacinthus25617-RA","Ahya","OG_12260",0,1,0
"Ahyacinthus25619-RA","Ahyacinthus25619-RA","Ahya","OG_760",1,1,0
"Ahyacinthus25621-RA","Ahyacinthus25621-RA","Ahya","OG_490",0,1,0
"Ahyacinthus25622-RA","Ahyacinthus25622-RA","Ahya","OG_1098",0,1,1
"Ahyacinthus25623-RA","Ahyacinthus25623-RA","Ahya","OG_509",0,1,1
"Ahyacinthus25624-RA","Ahyacinthus25624-RA","Ahya","OG_333",1,1,1
"Ahyacinthus25630-RA","Ahyacinthus25630-RA","Ahya","OG_856",0,1,1
"Ahyacinthus25631-RA","Ahyacinthus25631-RA","Ahya","OG_888",0,1,1
"Ahyacinthus25633-RA","Ahyacinthus25633-RA","Ahya","OG_12428",0,1,0
"Ahyacinthus25635-RA","Ahyacinthus25635-RA","Ahya","OG_990",0,1,0
"Ahyacinthus25637-RA","Ahyacinthus25637-RA","Ahya","OG_6347",0,1,0
"Ahyacinthus25638-RA","Ahyacinthus25638-RA","Ahya","OG_153",1,1,0
"Ahyacinthus25640-RA","Ahyacinthus25640-RA","Ahya","OG_946",0,1,1
"Ahyacinthus25641-RA","Ahyacinthus25641-RA","Ahya","OG_970",0,1,1
"Ahyacinthus25645-RA","Ahyacinthus25645-RA","Ahya","OG_978",1,1,1
"Ahyacinthus25646-RA","Ahyacinthus25646-RA","Ahya","OG_369",1,1,1
"Ahyacinthus25648-RA","Ahyacinthus25648-RA","Ahya","OG_5138",0,1,1
"Ahyacinthus25649-RA","Ahyacinthus25649-RA","Ahya","OG_12506",0,1,0
"Ahyacinthus25650-RA","Ahyacinthus25650-RA","Ahya","OG_377",1,1,0
"Ahyacinthus25651-RA","Ahyacinthus25651-RA","Ahya","OG_377",1,1,0
"Ahyacinthus25654-RA","Ahyacinthus25654-RA","Ahya","OG_448",1,1,1
"Ahyacinthus25655-RA","Ahyacinthus25655-RA","Ahya","OG_5100",0,1,0
"Ahyacinthus25657-RA","Ahyacinthus25657-RA","Ahya","OG_886",0,1,1
"Ahyacinthus25658-RA","Ahyacinthus25658-RA","Ahya","OG_916",0,1,1
"Ahyacinthus25659-RA","Ahyacinthus25659-RA","Ahya","OG_886",0,1,1
"Ahyacinthus25662-RA","Ahyacinthus25662-RA","Ahya","OG_905",1,1,1
"Ahyacinthus25663-RA","Ahyacinthus25663-RA","Ahya","OG_1079",0,1,1
"Ahyacinthus25664-RA","Ahyacinthus25664-RA","Ahya","OG_560",0,1,1
"Ahyacinthus25666-RA","Ahyacinthus25666-RA","Ahya","OG_604",1,1,1
"Ahyacinthus25667-RA","Ahyacinthus25667-RA","Ahya","OG_714",0,1,1
"Ahyacinthus25668-RA","Ahyacinthus25668-RA","Ahya","OG_921",1,1,1
"Ahyacinthus25669-RA","Ahyacinthus25669-RA","Ahya","OG_849",0,1,0
"Ahyacinthus25671-RA","Ahyacinthus25671-RA","Ahya","OG_5125",1,1,1
"Ahyacinthus25674-RA","Ahyacinthus25674-RA","Ahya","OG_1097",0,1,0
"Ahyacinthus25675-RA","Ahyacinthus25675-RA","Ahya","OG_382",0,1,0
"Ahyacinthus25676-RA","Ahyacinthus25676-RA","Ahya","OG_385",0,1,0
"Ahyacinthus25687-RA","Ahyacinthus25687-RA","Ahya","OG_533",0,1,0
"Ahyacinthus25689-RA","Ahyacinthus25689-RA","Ahya","OG_901",0,1,1
"Ahyacinthus25693-RA","Ahyacinthus25693-RA","Ahya","OG_198",0,1,1
"Ahyacinthus25694-RA","Ahyacinthus25694-RA","Ahya","OG_858",0,1,0
"Ahyacinthus25695-RA","Ahyacinthus25695-RA","Ahya","OG_1186",0,1,0
"Ahyacinthus25698-RA","Ahyacinthus25698-RA","Ahya","OG_8639",0,1,0
"Ahyacinthus25711-RA","Ahyacinthus25711-RA","Ahya","OG_1346",0,1,0
"Ahyacinthus25712-RA","Ahyacinthus25712-RA","Ahya","OG_1168",0,1,0
"Ahyacinthus25714-RA","Ahyacinthus25714-RA","Ahya","OG_699",1,1,0
"Ahyacinthus25715-RA","Ahyacinthus25715-RA","Ahya","OG_886",0,1,1
"Ahyacinthus25716-RA","Ahyacinthus25716-RA","Ahya","OG_959",0,1,0
"Ahyacinthus25720-RA","Ahyacinthus25720-RA","Ahya","OG_5165",0,1,0
"Ahyacinthus25726-RA","Ahyacinthus25726-RA","Ahya","OG_427",0,1,1
"Ahyacinthus25727-RA","Ahyacinthus25727-RA","Ahya","OG_8935",0,1,0
"Ahyacinthus25733-RA","Ahyacinthus25733-RA","Ahya","OG_1090",0,1,0
"Ahyacinthus25734-RA","Ahyacinthus25734-RA","Ahya","OG_1090",0,1,0
"Ahyacinthus25735-RA","Ahyacinthus25735-RA","Ahya","OG_555",0,1,1
"Ahyacinthus25737-RA","Ahyacinthus25737-RA","Ahya","OG_434",0,1,1
"Ahyacinthus25738-RA","Ahyacinthus25738-RA","Ahya","OG_694",0,1,0
"Ahyacinthus25739-RA","Ahyacinthus25739-RA","Ahya","OG_11899",0,1,0
"Ahyacinthus25740-RA","Ahyacinthus25740-RA","Ahya","OG_913",1,1,0
"Ahyacinthus25741-RA","Ahyacinthus25741-RA","Ahya","OG_802",1,1,0
"Ahyacinthus25743-RA","Ahyacinthus25743-RA","Ahya","OG_714",0,1,1
"Ahyacinthus25744-RA","Ahyacinthus25744-RA","Ahya","OG_714",0,1,1
"Ahyacinthus25745-RA","Ahyacinthus25745-RA","Ahya","OG_921",1,1,1
"Ahyacinthus25746-RA","Ahyacinthus25746-RA","Ahya","OG_6547",0,1,0
"Ahyacinthus25747-RA","Ahyacinthus25747-RA","Ahya","OG_6547",0,1,0
"Ahyacinthus25748-RA","Ahyacinthus25748-RA","Ahya","OG_824",0,1,0
"Ahyacinthus25749-RA","Ahyacinthus25749-RA","Ahya","OG_861",1,1,1
"Ahyacinthus25751-RA","Ahyacinthus25751-RA","Ahya","OG_840",1,1,0
"Ahyacinthus25752-RA","Ahyacinthus25752-RA","Ahya","OG_462",0,1,0
"Ahyacinthus25753-RA","Ahyacinthus25753-RA","Ahya","OG_881",0,1,0
"Ahyacinthus25755-RA","Ahyacinthus25755-RA","Ahya","OG_868",1,1,1
"Ahyacinthus25756-RA","Ahyacinthus25756-RA","Ahya","OG_296",0,1,0
"Ahyacinthus25758-RA","Ahyacinthus25758-RA","Ahya","OG_7464",0,1,0
"Ahyacinthus25762-RA","Ahyacinthus25762-RA","Ahya","OG_818",1,1,0
"Ahyacinthus25763-RA","Ahyacinthus25763-RA","Ahya","OG_1084",0,1,0
"Ahyacinthus25765-RA","Ahyacinthus25765-RA","Ahya","OG_901",0,1,1
"Ahyacinthus25773-RA","Ahyacinthus25773-RA","Ahya","OG_840",1,1,0
"Ahyacinthus25776-RA","Ahyacinthus25776-RA","Ahya","OG_868",1,1,1
"Ahyacinthus25777-RA","Ahyacinthus25777-RA","Ahya","OG_1178",0,1,0
"Ahyacinthus25778-RA","Ahyacinthus25778-RA","Ahya","OG_901",0,1,1
"Ahyacinthus25781-RA","Ahyacinthus25781-RA","Ahya","OG_702",0,1,1
"Ahyacinthus25783-RA","Ahyacinthus25783-RA","Ahya","OG_826",0,1,0
"Ahyacinthus25785-RA","Ahyacinthus25785-RA","Ahya","OG_6266",0,1,0
"Ahyacinthus25789-RA","Ahyacinthus25789-RA","Ahya","OG_7608",0,1,0
"Ahyacinthus25793-RA","Ahyacinthus25793-RA","Ahya","OG_5125",1,1,1
"Ahyacinthus25796-RA","Ahyacinthus25796-RA","Ahya","OG_7608",0,1,0
"Ahyacinthus25807-RA","Ahyacinthus25807-RA","Ahya","OG_382",0,1,0
"Ahyacinthus25809-RA","Ahyacinthus25809-RA","Ahya","OG_9831",0,1,0
"Ahyacinthus25810-RA","Ahyacinthus25810-RA","Ahya","OG_948",0,1,1
"Ahyacinthus25811-RA","Ahyacinthus25811-RA","Ahya","OG_424",0,1,1
"Ahyacinthus25812-RA","Ahyacinthus25812-RA","Ahya","OG_367",0,1,1
"Ahyacinthus25814-RA","Ahyacinthus25814-RA","Ahya","OG_12323",0,1,0
"Ahyacinthus25816-RA","Ahyacinthus25816-RA","Ahya","OG_526",0,1,0
"Ahyacinthus25818-RA","Ahyacinthus25818-RA","Ahya","OG_270",1,1,1
"Ahyacinthus25819-RA","Ahyacinthus25819-RA","Ahya","OG_186",1,1,1
"Ahyacinthus25820-RA","Ahyacinthus25820-RA","Ahya","OG_415",0,1,0
"Ahyacinthus25821-RA","Ahyacinthus25821-RA","Ahya","OG_320",0,1,0
"Ahyacinthus25822-RA","Ahyacinthus25822-RA","Ahya","OG_1205",0,1,0
"Ahyacinthus25823-RA","Ahyacinthus25823-RA","Ahya","OG_825",0,1,1
"Ahyacinthus25825-RA","Ahyacinthus25825-RA","Ahya","OG_868",1,1,1
"Ahyacinthus25826-RA","Ahyacinthus25826-RA","Ahya","OG_427",0,1,1
"Ahyacinthus25829-RA","Ahyacinthus25829-RA","Ahya","OG_5077",0,1,0
"Ahyacinthus25831-RA","Ahyacinthus25831-RA","Ahya","OG_1167",0,1,0
"Ahyacinthus25836-RA","Ahyacinthus25836-RA","Ahya","OG_957",0,1,1
"Ahyacinthus25838-RA","Ahyacinthus25838-RA","Ahya","OG_224",0,1,0
"Ahyacinthus25839-RA","Ahyacinthus25839-RA","Ahya","OG_892",0,1,0
"Ahyacinthus25840-RA","Ahyacinthus25840-RA","Ahya","OG_5125",1,1,1
"Ahyacinthus25841-RA","Ahyacinthus25841-RA","Ahya","OG_353",0,1,0
"Ahyacinthus25849-RA","Ahyacinthus25849-RA","Ahya","OG_12164",0,1,1
"Ahyacinthus25850-RA","Ahyacinthus25850-RA","Ahya","OG_761",1,1,0
"Ahyacinthus25852-RA","Ahyacinthus25852-RA","Ahya","OG_421",0,1,1
"Ahyacinthus25855-RA","Ahyacinthus25855-RA","Ahya","OG_315",1,1,0
"Ahyacinthus25860-RA","Ahyacinthus25860-RA","Ahya","OG_287",1,1,1
"Ahyacinthus25862-RA","Ahyacinthus25862-RA","Ahya","OG_276",0,1,1
"Ahyacinthus25864-RA","Ahyacinthus25864-RA","Ahya","OG_155",1,1,1
"Ahyacinthus25867-RA","Ahyacinthus25867-RA","Ahya","OG_279",0,1,0
"Ahyacinthus25870-RA","Ahyacinthus25870-RA","Ahya","OG_916",0,1,1
"Ahyacinthus25871-RA","Ahyacinthus25871-RA","Ahya","OG_916",0,1,1
"Ahyacinthus25876-RA","Ahyacinthus25876-RA","Ahya","OG_153",1,1,0
"Ahyacinthus25877-RA","Ahyacinthus25877-RA","Ahya","OG_6347",0,1,0
"Ahyacinthus25878-RA","Ahyacinthus25878-RA","Ahya","OG_1123",0,1,1
"Ahyacinthus25879-RA","Ahyacinthus25879-RA","Ahya","OG_503",0,1,0
"Ahyacinthus25881-RA","Ahyacinthus25881-RA","Ahya","OG_810",0,1,0
"Ahyacinthus25882-RA","Ahyacinthus25882-RA","Ahya","OG_288",0,1,1
"Ahyacinthus25883-RA","Ahyacinthus25883-RA","Ahya","OG_1052",1,1,0
"Ahyacinthus25884-RA","Ahyacinthus25884-RA","Ahya","OG_703",1,1,1
"Ahyacinthus25886-RA","Ahyacinthus25886-RA","Ahya","OG_12520",0,1,0
"Ahyacinthus25894-RA","Ahyacinthus25894-RA","Ahya","OG_1278",0,1,0
"Ahyacinthus25895-RA","Ahyacinthus25895-RA","Ahya","OG_684",0,1,0
"Ahyacinthus25897-RA","Ahyacinthus25897-RA","Ahya","OG_353",0,1,0
"Ahyacinthus25899-RA","Ahyacinthus25899-RA","Ahya","OG_473",0,1,0
"Ahyacinthus25900-RA","Ahyacinthus25900-RA","Ahya","OG_805",1,1,0
"Ahyacinthus25902-RA","Ahyacinthus25902-RA","Ahya","OG_1084",0,1,0
"Ahyacinthus25906-RA","Ahyacinthus25906-RA","Ahya","OG_1084",0,1,0
"Ahyacinthus25907-RA","Ahyacinthus25907-RA","Ahya","OG_1103",0,1,1
"Ahyacinthus25909-RA","Ahyacinthus25909-RA","Ahya","OG_813",0,1,0
"Ahyacinthus25911-RA","Ahyacinthus25911-RA","Ahya","OG_741",1,1,1
"Ahyacinthus25913-RA","Ahyacinthus25913-RA","Ahya","OG_901",0,1,1
"Ahyacinthus25915-RA","Ahyacinthus25915-RA","Ahya","OG_1098",0,1,1
"Ahyacinthus25923-RA","Ahyacinthus25923-RA","Ahya","OG_928",0,1,0
"Ahyacinthus25932-RA","Ahyacinthus25932-RA","Ahya","OG_130",0,1,1
"Ahyacinthus25934-RA","Ahyacinthus25934-RA","Ahya","OG_422",0,1,0
"Ahyacinthus25935-RA","Ahyacinthus25935-RA","Ahya","OG_12357",0,1,0
"Ahyacinthus25936-RA","Ahyacinthus25936-RA","Ahya","OG_913",1,1,0
"Ahyacinthus25937-RA","Ahyacinthus25937-RA","Ahya","OG_555",0,1,1
"Ahyacinthus25938-RA","Ahyacinthus25938-RA","Ahya","OG_828",0,1,0
"Ahyacinthus25940-RA","Ahyacinthus25940-RA","Ahya","OG_282",0,1,0
"Ahyacinthus25941-RA","Ahyacinthus25941-RA","Ahya","OG_270",1,1,1
"Ahyacinthus25946-RA","Ahyacinthus25946-RA","Ahya","OG_901",0,1,1
"Ahyacinthus25947-RA","Ahyacinthus25947-RA","Ahya","OG_9771",0,1,1
"Ahyacinthus25948-RA","Ahyacinthus25948-RA","Ahya","OG_493",0,1,0
"Ahyacinthus25950-RA","Ahyacinthus25950-RA","Ahya","OG_845",0,1,0
"Ahyacinthus25949-RA","Ahyacinthus25949-RA","Ahya","OG_828",0,1,0
"Ahyacinthus25955-RA","Ahyacinthus25955-RA","Ahya","OG_871",0,1,0
"Ahyacinthus25956-RA","Ahyacinthus25956-RA","Ahya","OG_825",0,1,1
"Ahyacinthus25960-RA","Ahyacinthus25960-RA","Ahya","OG_288",0,1,1
"Ahyacinthus25961-RA","Ahyacinthus25961-RA","Ahya","OG_736",0,1,1
"Ahyacinthus25962-RA","Ahyacinthus25962-RA","Ahya","OG_156",1,1,0
"Ahyacinthus25963-RA","Ahyacinthus25963-RA","Ahya","OG_1016",1,1,0
"Ahyacinthus25966-RA","Ahyacinthus25966-RA","Ahya","OG_377",1,1,0
"Ahyacinthus25970-RA","Ahyacinthus25970-RA","Ahya","OG_12520",0,1,0
"Ahyacinthus25976-RA","Ahyacinthus25976-RA","Ahya","OG_717",0,1,0
"Ahyacinthus25977-RA","Ahyacinthus25977-RA","Ahya","OG_933",0,1,0
"Ahyacinthus25979-RA","Ahyacinthus25979-RA","Ahya","OG_369",1,1,1
"Ahyacinthus25983-RA","Ahyacinthus25983-RA","Ahya","OG_720",0,1,1
"Ahyacinthus25984-RA","Ahyacinthus25984-RA","Ahya","OG_315",1,1,0
"Ahyacinthus25985-RA","Ahyacinthus25985-RA","Ahya","OG_5098",0,1,0
"Ahyacinthus25986-RA","Ahyacinthus25986-RA","Ahya","OG_990",0,1,0
"Ahyacinthus25987-RA","Ahyacinthus25987-RA","Ahya","OG_715",0,1,1
"Ahyacinthus25989-RA","Ahyacinthus25989-RA","Ahya","OG_390",0,1,0
"Ahyacinthus25991-RA","Ahyacinthus25991-RA","Ahya","OG_324",0,1,1
"Ahyacinthus25992-RA","Ahyacinthus25992-RA","Ahya","OG_282",0,1,0
"Ahyacinthus25993-RA","Ahyacinthus25993-RA","Ahya","OG_1274",0,1,0
"Ahyacinthus25994-RA","Ahyacinthus25994-RA","Ahya","OG_914",0,1,1
"Ahyacinthus25995-RA","Ahyacinthus25995-RA","Ahya","OG_1322",0,1,0
"Ahyacinthus25996-RA","Ahyacinthus25996-RA","Ahya","OG_914",0,1,1
"Ahyacinthus25997-RA","Ahyacinthus25997-RA","Ahya","OG_677",0,1,0
"Ahyacinthus25998-RA","Ahyacinthus25998-RA","Ahya","OG_677",0,1,0
"Ahyacinthus25999-RA","Ahyacinthus25999-RA","Ahya","OG_369",1,1,1
"Ahyacinthus26003-RA","Ahyacinthus26003-RA","Ahya","OG_5128",0,1,0
"Ahyacinthus26002-RA","Ahyacinthus26002-RA","Ahya","OG_12299",0,1,0
"Ahyacinthus26004-RA","Ahyacinthus26004-RA","Ahya","OG_12299",0,1,0
"Ahyacinthus26006-RA","Ahyacinthus26006-RA","Ahya","OG_894",0,1,1
"Ahyacinthus26007-RA","Ahyacinthus26007-RA","Ahya","OG_801",0,1,0
"Ahyacinthus26009-RA","Ahyacinthus26009-RA","Ahya","OG_833",0,1,0
"Ahyacinthus26015-RA","Ahyacinthus26015-RA","Ahya","OG_144",1,1,0
"Ahyacinthus26018-RA","Ahyacinthus26018-RA","Ahya","OG_416",0,1,0
"Ahyacinthus26021-RA","Ahyacinthus26021-RA","Ahya","OG_153",1,1,0
"Ahyacinthus26022-RA","Ahyacinthus26022-RA","Ahya","OG_6347",0,1,0
"Ahyacinthus26025-RA","Ahyacinthus26025-RA","Ahya","OG_386",0,1,1
"Ahyacinthus26027-RA","Ahyacinthus26027-RA","Ahya","OG_439",0,1,0
"Ahyacinthus26032-RA","Ahyacinthus26032-RA","Ahya","OG_5126",0,1,0
"Ahyacinthus26034-RA","Ahyacinthus26034-RA","Ahya","OG_860",1,1,1
"Ahyacinthus26035-RA","Ahyacinthus26035-RA","Ahya","OG_850",0,1,0
"Ahyacinthus26036-RA","Ahyacinthus26036-RA","Ahya","OG_743",0,1,0
"Ahyacinthus26039-RA","Ahyacinthus26039-RA","Ahya","OG_606",0,1,0
"Ahyacinthus26041-RA","Ahyacinthus26041-RA","Ahya","OG_653",0,1,1
"Ahyacinthus26047-RA","Ahyacinthus26047-RA","Ahya","OG_1016",1,1,0
"Ahyacinthus26048-RA","Ahyacinthus26048-RA","Ahya","OG_901",0,1,1
"Ahyacinthus26050-RA","Ahyacinthus26050-RA","Ahya","OG_439",0,1,0
"Ahyacinthus26051-RA","Ahyacinthus26051-RA","Ahya","OG_425",0,1,0
"Ahyacinthus26052-RA","Ahyacinthus26052-RA","Ahya","OG_849",0,1,0
"Ahyacinthus26054-RA","Ahyacinthus26054-RA","Ahya","OG_5125",1,1,1
"Ahyacinthus26055-RA","Ahyacinthus26055-RA","Ahya","OG_673",0,1,1
"Ahyacinthus26060-RA","Ahyacinthus26060-RA","Ahya","OG_382",0,1,0
"Ahyacinthus26061-RA","Ahyacinthus26061-RA","Ahya","OG_8251",0,1,0
"Ahyacinthus26062-RA","Ahyacinthus26062-RA","Ahya","OG_1263",0,1,1
"Ahyacinthus26063-RA","Ahyacinthus26063-RA","Ahya","OG_170",1,1,1
"Ahyacinthus26069-RA","Ahyacinthus26069-RA","Ahya","OG_957",0,1,1
"Ahyacinthus26071-RA","Ahyacinthus26071-RA","Ahya","OG_415",0,1,0
"Ahyacinthus26072-RA","Ahyacinthus26072-RA","Ahya","OG_990",0,1,0
"Ahyacinthus26074-RA","Ahyacinthus26074-RA","Ahya","OG_5097",0,1,0
"Ahyacinthus26077-RA","Ahyacinthus26077-RA","Ahya","OG_901",0,1,1
"Ahyacinthus26078-RA","Ahyacinthus26078-RA","Ahya","OG_279",0,1,0
"Ahyacinthus26080-RA","Ahyacinthus26080-RA","Ahya","OG_156",1,1,0
"Ahyacinthus26081-RA","Ahyacinthus26081-RA","Ahya","OG_978",1,1,1
"Ahyacinthus26087-RA","Ahyacinthus26087-RA","Ahya","OG_1121",0,1,0
"Ahyacinthus26088-RA","Ahyacinthus26088-RA","Ahya","OG_170",1,1,1
"Ahyacinthus26095-RA","Ahyacinthus26095-RA","Ahya","OG_905",1,1,1
"Ahyacinthus26096-RA","Ahyacinthus26096-RA","Ahya","OG_8936",0,1,0
"Ahyacinthus26097-RA","Ahyacinthus26097-RA","Ahya","OG_8935",0,1,0
"Ahyacinthus26098-RA","Ahyacinthus26098-RA","Ahya","OG_8935",0,1,0
"Ahyacinthus26100-RA","Ahyacinthus26100-RA","Ahya","OG_889",0,1,0
"Ahyacinthus26103-RA","Ahyacinthus26103-RA","Ahya","OG_12506",0,1,0
"Ahyacinthus26104-RA","Ahyacinthus26104-RA","Ahya","OG_5138",0,1,1
"Ahyacinthus26105-RA","Ahyacinthus26105-RA","Ahya","OG_403",1,1,0
"Ahyacinthus26106-RA","Ahyacinthus26106-RA","Ahya","OG_922",0,1,0
"Ahyacinthus26108-RA","Ahyacinthus26108-RA","Ahya","OG_655",0,1,1
"Ahyacinthus26110-RA","Ahyacinthus26110-RA","Ahya","OG_804",0,1,0
"Ahyacinthus26111-RA","Ahyacinthus26111-RA","Ahya","OG_739",0,1,0
"Ahyacinthus26112-RA","Ahyacinthus26112-RA","Ahya","OG_739",0,1,0
"Ahyacinthus26113-RA","Ahyacinthus26113-RA","Ahya","OG_739",0,1,0
"Ahyacinthus26114-RA","Ahyacinthus26114-RA","Ahya","OG_302",0,1,0
"Ahyacinthus26115-RA","Ahyacinthus26115-RA","Ahya","OG_825",0,1,1
"Ahyacinthus26116-RA","Ahyacinthus26116-RA","Ahya","OG_12460",0,1,0
"Ahyacinthus26117-RA","Ahyacinthus26117-RA","Ahya","OG_283",0,1,0
"Ahyacinthus26119-RA","Ahyacinthus26119-RA","Ahya","OG_9282",0,1,0
"Ahyacinthus26120-RA","Ahyacinthus26120-RA","Ahya","OG_745",1,1,1
"Ahyacinthus26121-RA","Ahyacinthus26121-RA","Ahya","OG_284",1,1,1
"Ahyacinthus26124-RA","Ahyacinthus26124-RA","Ahya","OG_951",0,1,0
"Ahyacinthus26129-RA","Ahyacinthus26129-RA","Ahya","OG_720",0,1,1
"Ahyacinthus26134-RA","Ahyacinthus26134-RA","Ahya","OG_367",0,1,1
"Ahyacinthus26136-RA","Ahyacinthus26136-RA","Ahya","OG_923",0,1,1
"Ahyacinthus26137-RA","Ahyacinthus26137-RA","Ahya","OG_9185",1,1,0
"Ahyacinthus26138-RA","Ahyacinthus26138-RA","Ahya","OG_1018",1,1,0
"Ahyacinthus26139-RA","Ahyacinthus26139-RA","Ahya","OG_5081",0,1,0
"Ahyacinthus26141-RA","Ahyacinthus26141-RA","Ahya","OG_894",0,1,1
"Ahyacinthus26142-RA","Ahyacinthus26142-RA","Ahya","OG_9855",0,1,0
"Ahyacinthus26144-RA","Ahyacinthus26144-RA","Ahya","OG_568",1,1,1
"Ahyacinthus26145-RA","Ahyacinthus26145-RA","Ahya","OG_568",1,1,1
"Ahyacinthus26146-RA","Ahyacinthus26146-RA","Ahya","OG_868",1,1,1
"Ahyacinthus26150-RA","Ahyacinthus26150-RA","Ahya","OG_854",0,1,0
"Ahyacinthus26151-RA","Ahyacinthus26151-RA","Ahya","OG_836",0,1,0
"Ahyacinthus26152-RA","Ahyacinthus26152-RA","Ahya","OG_1000",1,1,0
"Ahyacinthus26155-RA","Ahyacinthus26155-RA","Ahya","OG_5077",0,1,0
"Ahyacinthus26156-RA","Ahyacinthus26156-RA","Ahya","OG_1191",0,1,0
"Ahyacinthus26157-RA","Ahyacinthus26157-RA","Ahya","OG_705",0,1,0
"Ahyacinthus26158-RA","Ahyacinthus26158-RA","Ahya","OG_770",1,1,0
"Ahyacinthus26163-RA","Ahyacinthus26163-RA","Ahya","OG_990",0,1,0
"Ahyacinthus26165-RA","Ahyacinthus26165-RA","Ahya","OG_9385",0,1,0
"Ahyacinthus26167-RA","Ahyacinthus26167-RA","Ahya","OG_715",0,1,1
"Ahyacinthus26168-RA","Ahyacinthus26168-RA","Ahya","OG_1339",0,1,0
"Ahyacinthus26169-RA","Ahyacinthus26169-RA","Ahya","OG_959",0,1,0
"Ahyacinthus26184-RA","Ahyacinthus26184-RA","Ahya","OG_228",1,1,0
"Ahyacinthus26186-RA","Ahyacinthus26186-RA","Ahya","OG_880",0,1,0
"Ahyacinthus26192-RA","Ahyacinthus26192-RA","Ahya","OG_688",0,1,0
"Ahyacinthus26194-RA","Ahyacinthus26194-RA","Ahya","OG_155",1,1,1
"Ahyacinthus26195-RA","Ahyacinthus26195-RA","Ahya","OG_825",0,1,1
"Ahyacinthus26196-RA","Ahyacinthus26196-RA","Ahya","OG_4702",0,1,0
"Ahyacinthus26197-RA","Ahyacinthus26197-RA","Ahya","OG_1098",0,1,1
"Ahyacinthus26199-RA","Ahyacinthus26199-RA","Ahya","OG_279",0,1,0
"Ahyacinthus26200-RA","Ahyacinthus26200-RA","Ahya","OG_216",1,1,1
"Ahyacinthus26201-RA","Ahyacinthus26201-RA","Ahya","OG_978",1,1,1
"Ahyacinthus26202-RA","Ahyacinthus26202-RA","Ahya","OG_5078",0,1,0
"Ahyacinthus26206-RA","Ahyacinthus26206-RA","Ahya","OG_957",0,1,1
"Ahyacinthus26207-RA","Ahyacinthus26207-RA","Ahya","OG_9746",0,1,0
"Ahyacinthus26208-RA","Ahyacinthus26208-RA","Ahya","OG_842",0,1,0
"Ahyacinthus26209-RA","Ahyacinthus26209-RA","Ahya","OG_216",1,1,1
"Ahyacinthus26210-RA","Ahyacinthus26210-RA","Ahya","OG_216",1,1,1
"Ahyacinthus26211-RA","Ahyacinthus26211-RA","Ahya","OG_1126",1,1,0
"Ahyacinthus26212-RA","Ahyacinthus26212-RA","Ahya","OG_427",0,1,1
"Ahyacinthus26213-RA","Ahyacinthus26213-RA","Ahya","OG_1079",0,1,1
"Ahyacinthus26214-RA","Ahyacinthus26214-RA","Ahya","OG_1274",0,1,0
"Ahyacinthus26216-RA","Ahyacinthus26216-RA","Ahya","OG_1243",0,1,0
"Ahyacinthus26218-RA","Ahyacinthus26218-RA","Ahya","OG_1041",0,1,1
"Ahyacinthus26219-RA","Ahyacinthus26219-RA","Ahya","OG_12753",0,1,1
"Ahyacinthus26220-RA","Ahyacinthus26220-RA","Ahya","OG_406",1,1,1
"Ahyacinthus26221-RA","Ahyacinthus26221-RA","Ahya","OG_848",1,1,0
"Ahyacinthus26222-RA","Ahyacinthus26222-RA","Ahya","OG_377",1,1,0
"Ahyacinthus26225-RA","Ahyacinthus26225-RA","Ahya","OG_901",0,1,1
"Ahyacinthus26234-RA","Ahyacinthus26234-RA","Ahya","OG_1381",0,1,0
"Ahyacinthus26235-RA","Ahyacinthus26235-RA","Ahya","OG_5156",0,1,0
"Ahyacinthus26240-RA","Ahyacinthus26240-RA","Ahya","OG_469",0,1,0
"Ahyacinthus26241-RA","Ahyacinthus26241-RA","Ahya","OG_901",0,1,1
"Ahyacinthus26242-RA","Ahyacinthus26242-RA","Ahya","OG_917",0,1,0
"Ahyacinthus26246-RA","Ahyacinthus26246-RA","Ahya","OG_901",0,1,1
"Ahyacinthus26247-RA","Ahyacinthus26247-RA","Ahya","OG_959",0,1,0
"Ahyacinthus26249-RA","Ahyacinthus26249-RA","Ahya","OG_989",0,1,0
"Ahyacinthus26250-RA","Ahyacinthus26250-RA","Ahya","OG_923",0,1,1
"Ahyacinthus26252-RA","Ahyacinthus26252-RA","Ahya","OG_892",0,1,0
"Ahyacinthus26253-RA","Ahyacinthus26253-RA","Ahya","OG_212",0,1,0
"Ahyacinthus26255-RA","Ahyacinthus26255-RA","Ahya","OG_702",0,1,1
"Ahyacinthus26256-RA","Ahyacinthus26256-RA","Ahya","OG_868",1,1,1
"Ahyacinthus26257-RA","Ahyacinthus26257-RA","Ahya","OG_462",0,1,0
"Ahyacinthus26260-RA","Ahyacinthus26260-RA","Ahya","OG_846",0,1,0
"Ahyacinthus26262-RA","Ahyacinthus26262-RA","Ahya","OG_9771",0,1,1
"Ahyacinthus26263-RA","Ahyacinthus26263-RA","Ahya","OG_823",0,1,1
"Ahyacinthus26266-RA","Ahyacinthus26266-RA","Ahya","OG_699",1,1,0
"Ahyacinthus26268-RA","Ahyacinthus26268-RA","Ahya","OG_1040",0,1,0
"Ahyacinthus26269-RA","Ahyacinthus26269-RA","Ahya","OG_699",1,1,0
"Ahyacinthus26270-RA","Ahyacinthus26270-RA","Ahya","OG_5143",0,1,0
"Ahyacinthus26272-RA","Ahyacinthus26272-RA","Ahya","OG_377",1,1,0
"Ahyacinthus26277-RA","Ahyacinthus26277-RA","Ahya","OG_315",1,1,0
"Ahyacinthus26279-RA","Ahyacinthus26279-RA","Ahya","OG_719",1,1,0
"Ahyacinthus26280-RA","Ahyacinthus26280-RA","Ahya","OG_741",1,1,1
"Ahyacinthus26281-RA","Ahyacinthus26281-RA","Ahya","OG_270",1,1,1
"Ahyacinthus26282-RA","Ahyacinthus26282-RA","Ahya","OG_448",1,1,1
"Ahyacinthus26283-RA","Ahyacinthus26283-RA","Ahya","OG_5100",0,1,0
"Ahyacinthus26285-RA","Ahyacinthus26285-RA","Ahya","OG_469",0,1,0
"Ahyacinthus26286-RA","Ahyacinthus26286-RA","Ahya","OG_469",0,1,0
"Ahyacinthus26287-RA","Ahyacinthus26287-RA","Ahya","OG_469",0,1,0
"Ahyacinthus26288-RA","Ahyacinthus26288-RA","Ahya","OG_1078",0,1,1
"Ahyacinthus26289-RA","Ahyacinthus26289-RA","Ahya","OG_1297",0,1,0
"Ahyacinthus26290-RA","Ahyacinthus26290-RA","Ahya","OG_5126",0,1,0
"Ahyacinthus26291-RA","Ahyacinthus26291-RA","Ahya","OG_849",0,1,0
"Ahyacinthus26292-RA","Ahyacinthus26292-RA","Ahya","OG_709",0,1,1
"Ahyacinthus26293-RA","Ahyacinthus26293-RA","Ahya","OG_709",0,1,1
"Ahyacinthus26296-RA","Ahyacinthus26296-RA","Ahya","OG_12165",0,1,1
"Ahyacinthus26297-RA","Ahyacinthus26297-RA","Ahya","OG_664",0,1,0
"Ahyacinthus26298-RA","Ahyacinthus26298-RA","Ahya","OG_1274",0,1,0
"Ahyacinthus26301-RA","Ahyacinthus26301-RA","Ahya","OG_1090",0,1,0
"Ahyacinthus26303-RA","Ahyacinthus26303-RA","Ahya","OG_834",1,1,0
"Ahyacinthus26304-RA","Ahyacinthus26304-RA","Ahya","OG_757",1,1,1
"Ahyacinthus26305-RA","Ahyacinthus26305-RA","Ahya","OG_1168",0,1,0
"Ahyacinthus26306-RA","Ahyacinthus26306-RA","Ahya","OG_6554",0,1,0
"Ahyacinthus26308-RA","Ahyacinthus26308-RA","Ahya","OG_834",1,1,0
"Ahyacinthus26311-RA","Ahyacinthus26311-RA","Ahya","OG_901",0,1,1
"Ahyacinthus26312-RA","Ahyacinthus26312-RA","Ahya","OG_1123",0,1,1
"Ahyacinthus26315-RA","Ahyacinthus26315-RA","Ahya","OG_496",0,1,0
"Ahyacinthus26317-RA","Ahyacinthus26317-RA","Ahya","OG_828",0,1,0
"Ahyacinthus26319-RA","Ahyacinthus26319-RA","Ahya","OG_5082",0,1,0
"Ahyacinthus26320-RA","Ahyacinthus26320-RA","Ahya","OG_870",0,1,0
"Ahyacinthus26322-RA","Ahyacinthus26322-RA","Ahya","OG_332",0,1,1
"Ahyacinthus26325-RA","Ahyacinthus26325-RA","Ahya","OG_757",1,1,1
"Ahyacinthus26327-RA","Ahyacinthus26327-RA","Ahya","OG_12381",0,1,0
"Ahyacinthus26328-RA","Ahyacinthus26328-RA","Ahya","OG_717",0,1,0
"Ahyacinthus26331-RA","Ahyacinthus26331-RA","Ahya","OG_9386",0,1,0
"Ahyacinthus26341-RA","Ahyacinthus26341-RA","Ahya","OG_386",0,1,1
"Ahyacinthus26342-RA","Ahyacinthus26342-RA","Ahya","OG_386",0,1,1
"Ahyacinthus26344-RA","Ahyacinthus26344-RA","Ahya","OG_5110",0,1,0
"Ahyacinthus26346-RA","Ahyacinthus26346-RA","Ahya","OG_5075",0,1,0
"Ahyacinthus26348-RA","Ahyacinthus26348-RA","Ahya","OG_462",0,1,0
"Ahyacinthus26349-RA","Ahyacinthus26349-RA","Ahya","OG_1051",1,1,1
"Ahyacinthus26352-RA","Ahyacinthus26352-RA","Ahya","OG_854",0,1,0
"Ahyacinthus26364-RA","Ahyacinthus26364-RA","Ahya","OG_1194",0,1,1
"Ahyacinthus26365-RA","Ahyacinthus26365-RA","Ahya","OG_130",0,1,1
"Ahyacinthus26366-RA","Ahyacinthus26366-RA","Ahya","OG_353",0,1,0
"Ahyacinthus26370-RA","Ahyacinthus26370-RA","Ahya","OG_905",1,1,1
"Ahyacinthus26374-RA","Ahyacinthus26374-RA","Ahya","OG_922",0,1,0
"Ahyacinthus26375-RA","Ahyacinthus26375-RA","Ahya","OG_386",0,1,1
"Ahyacinthus26377-RA","Ahyacinthus26377-RA","Ahya","OG_227",1,1,1
"Ahyacinthus26383-RA","Ahyacinthus26383-RA","Ahya","OG_425",0,1,0
"Ahyacinthus26386-RA","Ahyacinthus26386-RA","Ahya","OG_5126",0,1,0
"Ahyacinthus26392-RA","Ahyacinthus26392-RA","Ahya","OG_578",0,1,0
"Ahyacinthus26394-RA","Ahyacinthus26394-RA","Ahya","OG_553",0,1,1
"Ahyacinthus26398-RA","Ahyacinthus26398-RA","Ahya","OG_825",0,1,1
"Ahyacinthus26399-RA","Ahyacinthus26399-RA","Ahya","OG_1205",0,1,0
"Ahyacinthus26401-RA","Ahyacinthus26401-RA","Ahya","OG_813",0,1,0
"Ahyacinthus26403-RA","Ahyacinthus26403-RA","Ahya","OG_881",0,1,0
"Ahyacinthus26404-RA","Ahyacinthus26404-RA","Ahya","OG_1182",0,1,0
"Ahyacinthus26408-RA","Ahyacinthus26408-RA","Ahya","OG_170",1,1,1
"Ahyacinthus26409-RA","Ahyacinthus26409-RA","Ahya","OG_324",0,1,1
"Ahyacinthus26410-RA","Ahyacinthus26410-RA","Ahya","OG_382",0,1,0
"Ahyacinthus26411-RA","Ahyacinthus26411-RA","Ahya","OG_867",0,1,1
"Ahyacinthus26412-RA","Ahyacinthus26412-RA","Ahya","OG_901",0,1,1
"Ahyacinthus26413-RA","Ahyacinthus26413-RA","Ahya","OG_823",0,1,1
"Ahyacinthus26422-RA","Ahyacinthus26422-RA","Ahya","OG_949",0,1,0
"Ahyacinthus26428-RA","Ahyacinthus26428-RA","Ahya","OG_503",0,1,0
"Ahyacinthus26431-RA","Ahyacinthus26431-RA","Ahya","OG_882",0,1,1
"Ahyacinthus26432-RA","Ahyacinthus26432-RA","Ahya","OG_882",0,1,1
"Ahyacinthus26434-RA","Ahyacinthus26434-RA","Ahya","OG_882",0,1,1
"Ahyacinthus26437-RA","Ahyacinthus26437-RA","Ahya","OG_699",1,1,0
"Ahyacinthus26440-RA","Ahyacinthus26440-RA","Ahya","OG_549",0,1,0
"Ahyacinthus26445-RA","Ahyacinthus26445-RA","Ahya","OG_189",0,1,1
"Ahyacinthus26446-RA","Ahyacinthus26446-RA","Ahya","OG_842",0,1,0
"Ahyacinthus26449-RA","Ahyacinthus26449-RA","Ahya","OG_771",1,1,1
"Ahyacinthus26452-RA","Ahyacinthus26452-RA","Ahya","OG_834",1,1,0
"Ahyacinthus26457-RA","Ahyacinthus26457-RA","Ahya","OG_9474",0,1,0
"Ahyacinthus26458-RA","Ahyacinthus26458-RA","Ahya","OG_1014",0,1,0
"Ahyacinthus26463-RA","Ahyacinthus26463-RA","Ahya","OG_1107",0,1,0
"Ahyacinthus26465-RA","Ahyacinthus26465-RA","Ahya","OG_416",0,1,0
"Ahyacinthus26466-RA","Ahyacinthus26466-RA","Ahya","OG_848",1,1,0
"Ahyacinthus26468-RA","Ahyacinthus26468-RA","Ahya","OG_434",0,1,1
"Ahyacinthus26469-RA","Ahyacinthus26469-RA","Ahya","OG_1014",0,1,0
"Ahyacinthus26476-RA","Ahyacinthus26476-RA","Ahya","OG_1066",0,1,0
"Ahyacinthus26485-RA","Ahyacinthus26485-RA","Ahya","OG_9385",0,1,0
"Ahyacinthus26486-RA","Ahyacinthus26486-RA","Ahya","OG_959",0,1,0
"Ahyacinthus26487-RA","Ahyacinthus26487-RA","Ahya","OG_856",0,1,1
"Ahyacinthus26488-RA","Ahyacinthus26488-RA","Ahya","OG_500",0,1,1
"Ahyacinthus26491-RA","Ahyacinthus26491-RA","Ahya","OG_725",1,1,1
"Ahyacinthus26493-RA","Ahyacinthus26493-RA","Ahya","OG_677",0,1,0
"Ahyacinthus26494-RA","Ahyacinthus26494-RA","Ahya","OG_477",0,1,0
"Ahyacinthus26495-RA","Ahyacinthus26495-RA","Ahya","OG_5102",0,1,0
"Ahyacinthus26497-RA","Ahyacinthus26497-RA","Ahya","OG_835",0,1,0
"Ahyacinthus26498-RA","Ahyacinthus26498-RA","Ahya","OG_1001",0,1,0
"Ahyacinthus26499-RA","Ahyacinthus26499-RA","Ahya","OG_170",1,1,1
"Ahyacinthus26501-RA","Ahyacinthus26501-RA","Ahya","OG_353",0,1,0
"Ahyacinthus26502-RA","Ahyacinthus26502-RA","Ahya","OG_891",0,1,0
"Ahyacinthus26503-RA","Ahyacinthus26503-RA","Ahya","OG_891",0,1,0
"Ahyacinthus26513-RA","Ahyacinthus26513-RA","Ahya","OG_851",1,1,0
"Ahyacinthus26514-RA","Ahyacinthus26514-RA","Ahya","OG_369",1,1,1
"Ahyacinthus26527-RA","Ahyacinthus26527-RA","Ahya","OG_168",0,1,1
"Ahyacinthus26529-RA","Ahyacinthus26529-RA","Ahya","OG_865",0,1,0
"Ahyacinthus26532-RA","Ahyacinthus26532-RA","Ahya","OG_377",1,1,0
"Ahyacinthus26534-RA","Ahyacinthus26534-RA","Ahya","OG_813",0,1,0
"Ahyacinthus26538-RA","Ahyacinthus26538-RA","Ahya","OG_868",1,1,1
"Ahyacinthus26540-RA","Ahyacinthus26540-RA","Ahya","OG_12115",0,1,1
"Ahyacinthus26542-RA","Ahyacinthus26542-RA","Ahya","OG_901",0,1,1
"Ahyacinthus26548-RA","Ahyacinthus26548-RA","Ahya","OG_559",0,1,1
"Ahyacinthus26549-RA","Ahyacinthus26549-RA","Ahya","OG_559",0,1,1
"Ahyacinthus26550-RA","Ahyacinthus26550-RA","Ahya","OG_5125",1,1,1
"Ahyacinthus26551-RA","Ahyacinthus26551-RA","Ahya","OG_716",0,1,1
"Ahyacinthus26552-RA","Ahyacinthus26552-RA","Ahya","OG_716",0,1,1
"Ahyacinthus26556-RA","Ahyacinthus26556-RA","Ahya","OG_901",0,1,1
"Ahyacinthus26558-RA","Ahyacinthus26558-RA","Ahya","OG_301",0,1,1
"Ahyacinthus26560-RA","Ahyacinthus26560-RA","Ahya","OG_315",1,1,0
"Ahyacinthus26561-RA","Ahyacinthus26561-RA","Ahya","OG_861",1,1,1
"Ahyacinthus26563-RA","Ahyacinthus26563-RA","Ahya","OG_6547",0,1,0
"Ahyacinthus26564-RA","Ahyacinthus26564-RA","Ahya","OG_6547",0,1,0
"Ahyacinthus26565-RA","Ahyacinthus26565-RA","Ahya","OG_6547",0,1,0
"Ahyacinthus26566-RA","Ahyacinthus26566-RA","Ahya","OG_978",1,1,1
"Ahyacinthus26567-RA","Ahyacinthus26567-RA","Ahya","OG_825",0,1,1
"Ahyacinthus26568-RA","Ahyacinthus26568-RA","Ahya","OG_462",0,1,0
"Ahyacinthus26569-RA","Ahyacinthus26569-RA","Ahya","OG_189",0,1,1
"Ahyacinthus26570-RA","Ahyacinthus26570-RA","Ahya","OG_186",1,1,1
"Ahyacinthus26571-RA","Ahyacinthus26571-RA","Ahya","OG_186",1,1,1
"Ahyacinthus26572-RA","Ahyacinthus26572-RA","Ahya","OG_1016",1,1,0
"Ahyacinthus26573-RA","Ahyacinthus26573-RA","Ahya","OG_825",0,1,1
"Ahyacinthus26586-RA","Ahyacinthus26586-RA","Ahya","OG_16",0,1,0
"Ahyacinthus26587-RA","Ahyacinthus26587-RA","Ahya","OG_901",0,1,1
"Ahyacinthus26588-RA","Ahyacinthus26588-RA","Ahya","OG_493",0,1,0
"Ahyacinthus26589-RA","Ahyacinthus26589-RA","Ahya","OG_804",0,1,0
"Ahyacinthus26590-RA","Ahyacinthus26590-RA","Ahya","OG_901",0,1,1
"Ahyacinthus26591-RA","Ahyacinthus26591-RA","Ahya","OG_235",0,1,0
"Ahyacinthus26592-RA","Ahyacinthus26592-RA","Ahya","OG_702",0,1,1
"Ahyacinthus26597-RA","Ahyacinthus26597-RA","Ahya","OG_415",0,1,0
"Ahyacinthus26599-RA","Ahyacinthus26599-RA","Ahya","OG_5156",0,1,0
"Ahyacinthus26600-RA","Ahyacinthus26600-RA","Ahya","OG_5156",0,1,0
"Ahyacinthus26603-RA","Ahyacinthus26603-RA","Ahya","OG_631",1,1,1
"Ahyacinthus26606-RA","Ahyacinthus26606-RA","Ahya","OG_1349",0,1,1
"Ahyacinthus26607-RA","Ahyacinthus26607-RA","Ahya","OG_296",0,1,0
"Ahyacinthus26610-RA","Ahyacinthus26610-RA","Ahya","OG_216",1,1,1
"Ahyacinthus26611-RA","Ahyacinthus26611-RA","Ahya","OG_858",0,1,0
"Ahyacinthus26613-RA","Ahyacinthus26613-RA","Ahya","OG_771",1,1,1
"Ahyacinthus26614-RA","Ahyacinthus26614-RA","Ahya","OG_465",0,1,0
"Ahyacinthus26615-RA","Ahyacinthus26615-RA","Ahya","OG_604",1,1,1
"Ahyacinthus26616-RA","Ahyacinthus26616-RA","Ahya","OG_804",0,1,0
"Ahyacinthus26618-RA","Ahyacinthus26618-RA","Ahya","OG_6849",1,1,0
"Ahyacinthus26619-RA","Ahyacinthus26619-RA","Ahya","OG_10978",0,1,0
"Ahyacinthus26620-RA","Ahyacinthus26620-RA","Ahya","OG_10978",0,1,0
"Ahyacinthus26626-RA","Ahyacinthus26626-RA","Ahya","OG_176",1,1,1
"Ahyacinthus26632-RA","Ahyacinthus26632-RA","Ahya","OG_7310",1,1,0
"Ahyacinthus26633-RA","Ahyacinthus26633-RA","Ahya","OG_7312",1,1,0
"Ahyacinthus26635-RA","Ahyacinthus26635-RA","Ahya","OG_7311",1,1,1
"Ahyacinthus26638-RA","Ahyacinthus26638-RA","Ahya","OG_8897",0,1,0
"Ahyacinthus26644-RA","Ahyacinthus26644-RA","Ahya","OG_1018",1,1,0
"Ahyacinthus26647-RA","Ahyacinthus26647-RA","Ahya","OG_702",0,1,1
"Ahyacinthus26652-RA","Ahyacinthus26652-RA","Ahya","OG_353",0,1,0
"Ahyacinthus26654-RA","Ahyacinthus26654-RA","Ahya","OG_418",0,1,0
"Ahyacinthus26657-RA","Ahyacinthus26657-RA","Ahya","OG_5099",0,1,0
"Ahyacinthus26660-RA","Ahyacinthus26660-RA","Ahya","OG_659",1,1,0
"Ahyacinthus26664-RA","Ahyacinthus26664-RA","Ahya","OG_369",1,1,1
"Ahyacinthus26672-RA","Ahyacinthus26672-RA","Ahya","OG_901",0,1,1
"Ahyacinthus26676-RA","Ahyacinthus26676-RA","Ahya","OG_849",0,1,0
"Ahyacinthus26677-RA","Ahyacinthus26677-RA","Ahya","OG_1005",0,1,0
"Ahyacinthus26680-RA","Ahyacinthus26680-RA","Ahya","OG_377",1,1,0
"Ahyacinthus26681-RA","Ahyacinthus26681-RA","Ahya","OG_377",1,1,0
"Ahyacinthus26682-RA","Ahyacinthus26682-RA","Ahya","OG_762",0,1,0
"Ahyacinthus26687-RA","Ahyacinthus26687-RA","Ahya","OG_353",0,1,0
"Ahyacinthus26690-RA","Ahyacinthus26690-RA","Ahya","OG_12355",0,1,1
"Ahyacinthus26691-RA","Ahyacinthus26691-RA","Ahya","OG_12115",0,1,1
"Ahyacinthus26693-RA","Ahyacinthus26693-RA","Ahya","OG_856",0,1,1
"Ahyacinthus26695-RA","Ahyacinthus26695-RA","Ahya","OG_959",0,1,0
"Ahyacinthus26699-RA","Ahyacinthus26699-RA","Ahya","OG_868",1,1,1
"Ahyacinthus26700-RA","Ahyacinthus26700-RA","Ahya","OG_277",0,1,0
"Ahyacinthus26701-RA","Ahyacinthus26701-RA","Ahya","OG_870",0,1,0
"Ahyacinthus26702-RA","Ahyacinthus26702-RA","Ahya","OG_888",0,1,1
"Ahyacinthus26703-RA","Ahyacinthus26703-RA","Ahya","OG_279",0,1,0
"Ahyacinthus26704-RA","Ahyacinthus26704-RA","Ahya","OG_843",1,1,0
"Ahyacinthus26708-RA","Ahyacinthus26708-RA","Ahya","OG_170",1,1,1
"Ahyacinthus26709-RA","Ahyacinthus26709-RA","Ahya","OG_869",0,1,0
"Ahyacinthus26710-RA","Ahyacinthus26710-RA","Ahya","OG_869",0,1,0
"Ahyacinthus26713-RA","Ahyacinthus26713-RA","Ahya","OG_425",0,1,0
"Ahyacinthus26714-RA","Ahyacinthus26714-RA","Ahya","OG_702",0,1,1
"Ahyacinthus26716-RA","Ahyacinthus26716-RA","Ahya","OG_597",0,1,0
"Ahyacinthus26721-RA","Ahyacinthus26721-RA","Ahya","OG_526",0,1,0
"Ahyacinthus26723-RA","Ahyacinthus26723-RA","Ahya","OG_923",0,1,1
"Ahyacinthus26724-RA","Ahyacinthus26724-RA","Ahya","OG_715",0,1,1
"Ahyacinthus26727-RA","Ahyacinthus26727-RA","Ahya","OG_745",1,1,1
"Ahyacinthus26729-RA","Ahyacinthus26729-RA","Ahya","OG_764",0,1,0
"Ahyacinthus26730-RA","Ahyacinthus26730-RA","Ahya","OG_155",1,1,1
"Ahyacinthus26736-RA","Ahyacinthus26736-RA","Ahya","OG_810",0,1,0
"Ahyacinthus26737-RA","Ahyacinthus26737-RA","Ahya","OG_503",0,1,0
"Ahyacinthus26738-RA","Ahyacinthus26738-RA","Ahya","OG_170",1,1,1
"Ahyacinthus26739-RA","Ahyacinthus26739-RA","Ahya","OG_859",0,1,1
"Ahyacinthus26741-RA","Ahyacinthus26741-RA","Ahya","OG_840",1,1,0
"Ahyacinthus26742-RA","Ahyacinthus26742-RA","Ahya","OG_892",0,1,0
"Ahyacinthus26744-RA","Ahyacinthus26744-RA","Ahya","OG_902",1,1,0
"Ahyacinthus26745-RA","Ahyacinthus26745-RA","Ahya","OG_844",0,1,0
"Ahyacinthus26746-RA","Ahyacinthus26746-RA","Ahya","OG_1016",1,1,0
"Ahyacinthus26747-RA","Ahyacinthus26747-RA","Ahya","OG_526",0,1,0
"Ahyacinthus26748-RA","Ahyacinthus26748-RA","Ahya","OG_741",1,1,1
"Ahyacinthus26749-RA","Ahyacinthus26749-RA","Ahya","OG_823",0,1,1
"Ahyacinthus26753-RA","Ahyacinthus26753-RA","Ahya","OG_176",1,1,1
"Ahyacinthus26756-RA","Ahyacinthus26756-RA","Ahya","OG_757",1,1,1
"Ahyacinthus26757-RA","Ahyacinthus26757-RA","Ahya","OG_871",0,1,0
"Ahyacinthus26759-RA","Ahyacinthus26759-RA","Ahya","OG_757",1,1,1
"Ahyacinthus26760-RA","Ahyacinthus26760-RA","Ahya","OG_702",0,1,1
"Ahyacinthus26761-RA","Ahyacinthus26761-RA","Ahya","OG_702",0,1,1
"Ahyacinthus26762-RA","Ahyacinthus26762-RA","Ahya","OG_590",0,1,1
"Ahyacinthus26765-RA","Ahyacinthus26765-RA","Ahya","OG_5081",0,1,0
"Ahyacinthus26769-RA","Ahyacinthus26769-RA","Ahya","OG_1274",0,1,0
"Ahyacinthus26770-RA","Ahyacinthus26770-RA","Ahya","OG_5156",0,1,0
"Ahyacinthus26774-RA","Ahyacinthus26774-RA","Ahya","OG_1090",0,1,0
"Ahyacinthus26777-RA","Ahyacinthus26777-RA","Ahya","OG_887",0,1,0
"Ahyacinthus26779-RA","Ahyacinthus26779-RA","Ahya","OG_156",1,1,0
"Ahyacinthus26780-RA","Ahyacinthus26780-RA","Ahya","OG_235",0,1,0
"Ahyacinthus26783-RA","Ahyacinthus26783-RA","Ahya","OG_5081",0,1,0
"Ahyacinthus26784-RA","Ahyacinthus26784-RA","Ahya","OG_170",1,1,1
"Ahyacinthus26785-RA","Ahyacinthus26785-RA","Ahya","OG_1123",0,1,1
"Ahyacinthus26786-RA","Ahyacinthus26786-RA","Ahya","OG_270",1,1,1
"Ahyacinthus26788-RA","Ahyacinthus26788-RA","Ahya","OG_494",0,1,0
"Ahyacinthus26789-RA","Ahyacinthus26789-RA","Ahya","OG_494",0,1,0
"Ahyacinthus26790-RA","Ahyacinthus26790-RA","Ahya","OG_818",1,1,0
"Ahyacinthus26791-RA","Ahyacinthus26791-RA","Ahya","OG_369",1,1,1
"Ahyacinthus26792-RA","Ahyacinthus26792-RA","Ahya","OG_286",0,1,1
"Ahyacinthus26796-RA","Ahyacinthus26796-RA","Ahya","OG_494",0,1,0
"Ahyacinthus26797-RA","Ahyacinthus26797-RA","Ahya","OG_861",1,1,1
"Ahyacinthus26799-RA","Ahyacinthus26799-RA","Ahya","OG_3352",0,1,0
"Ahyacinthus26800-RA","Ahyacinthus26800-RA","Ahya","OG_7862",0,1,0
"Ahyacinthus26802-RA","Ahyacinthus26802-RA","Ahya","OG_12431",0,1,0
"Ahyacinthus26803-RA","Ahyacinthus26803-RA","Ahya","OG_606",0,1,0
"Ahyacinthus26804-RA","Ahyacinthus26804-RA","Ahya","OG_288",0,1,1
"Ahyacinthus26805-RA","Ahyacinthus26805-RA","Ahya","OG_288",0,1,1
"Ahyacinthus26806-RA","Ahyacinthus26806-RA","Ahya","OG_509",0,1,1
"Ahyacinthus26813-RA","Ahyacinthus26813-RA","Ahya","OG_771",1,1,1
"Ahyacinthus26814-RA","Ahyacinthus26814-RA","Ahya","OG_353",0,1,0
"Ahyacinthus26815-RA","Ahyacinthus26815-RA","Ahya","OG_7689",0,1,0
"Ahyacinthus26819-RA","Ahyacinthus26819-RA","Ahya","OG_905",1,1,1
"Ahyacinthus26820-RA","Ahyacinthus26820-RA","Ahya","OG_1277",0,1,0
"Ahyacinthus26822-RA","Ahyacinthus26822-RA","Ahya","OG_1121",0,1,0
"Ahyacinthus26825-RA","Ahyacinthus26825-RA","Ahya","OG_416",0,1,0
"Ahyacinthus26826-RA","Ahyacinthus26826-RA","Ahya","OG_408",1,1,1
"Ahyacinthus26828-RA","Ahyacinthus26828-RA","Ahya","OG_150",1,1,1
"Ahyacinthus26829-RA","Ahyacinthus26829-RA","Ahya","OG_850",0,1,0
"Ahyacinthus26832-RA","Ahyacinthus26832-RA","Ahya","OG_270",1,1,1
"Ahyacinthus26833-RA","Ahyacinthus26833-RA","Ahya","OG_12639",0,1,0
"Ahyacinthus26835-RA","Ahyacinthus26835-RA","Ahya","OG_611",0,1,1
"Ahyacinthus26841-RA","Ahyacinthus26841-RA","Ahya","OG_903",0,1,0
"Ahyacinthus26844-RA","Ahyacinthus26844-RA","Ahya","OG_425",0,1,0
"Ahyacinthus26846-RA","Ahyacinthus26846-RA","Ahya","OG_1117",0,1,0
"Ahyacinthus26847-RA","Ahyacinthus26847-RA","Ahya","OG_12410",0,1,0
"Ahyacinthus26848-RA","Ahyacinthus26848-RA","Ahya","OG_2",0,1,0
"Ahyacinthus26849-RA","Ahyacinthus26849-RA","Ahya","OG_150",1,1,1
"Ahyacinthus26859-RA","Ahyacinthus26859-RA","Ahya","OG_6697",0,1,0
"Ahyacinthus26860-RA","Ahyacinthus26860-RA","Ahya","OG_332",0,1,1
"Ahyacinthus26861-RA","Ahyacinthus26861-RA","Ahya","OG_889",0,1,0
"Ahyacinthus26878-RA","Ahyacinthus26878-RA","Ahya","OG_6406",0,1,0
"Ahyacinthus26879-RA","Ahyacinthus26879-RA","Ahya","OG_6836",0,1,0
"Ahyacinthus26885-RA","Ahyacinthus26885-RA","Ahya","OG_504",0,1,0
"Ahyacinthus26888-RA","Ahyacinthus26888-RA","Ahya","OG_224",0,1,0
"Ahyacinthus26891-RA","Ahyacinthus26891-RA","Ahya","OG_382",0,1,0
"Ahyacinthus26893-RA","Ahyacinthus26893-RA","Ahya","OG_978",1,1,1
"Ahyacinthus26899-RA","Ahyacinthus26899-RA","Ahya","OG_170",1,1,1
"Ahyacinthus26901-RA","Ahyacinthus26901-RA","Ahya","OG_643",1,1,0
"Ahyacinthus26905-RA","Ahyacinthus26905-RA","Ahya","OG_5075",0,1,0
"Ahyacinthus26908-RA","Ahyacinthus26908-RA","Ahya","OG_8935",0,1,0
"Ahyacinthus26909-RA","Ahyacinthus26909-RA","Ahya","OG_8936",0,1,0
"Ahyacinthus26910-RA","Ahyacinthus26910-RA","Ahya","OG_912",0,1,0
"Ahyacinthus26913-RA","Ahyacinthus26913-RA","Ahya","OG_6547",0,1,0
"Ahyacinthus26914-RA","Ahyacinthus26914-RA","Ahya","OG_6547",0,1,0
"Ahyacinthus26917-RA","Ahyacinthus26917-RA","Ahya","OG_5078",0,1,0
"Ahyacinthus26920-RA","Ahyacinthus26920-RA","Ahya","OG_526",0,1,0
"Ahyacinthus26921-RA","Ahyacinthus26921-RA","Ahya","OG_270",1,1,1
"Ahyacinthus26923-RA","Ahyacinthus26923-RA","Ahya","OG_494",0,1,0
"Ahyacinthus26925-RA","Ahyacinthus26925-RA","Ahya","OG_286",0,1,1
"Ahyacinthus26927-RA","Ahyacinthus26927-RA","Ahya","OG_864",1,1,0
"Ahyacinthus26929-RA","Ahyacinthus26929-RA","Ahya","OG_287",1,1,1
"Ahyacinthus26933-RA","Ahyacinthus26933-RA","Ahya","OG_737",1,1,0
"Ahyacinthus26936-RA","Ahyacinthus26936-RA","Ahya","OG_659",1,1,0
"Ahyacinthus26937-RA","Ahyacinthus26937-RA","Ahya","OG_10820",0,1,1
"Ahyacinthus26940-RA","Ahyacinthus26940-RA","Ahya","OG_176",1,1,1
"Ahyacinthus26945-RA","Ahyacinthus26945-RA","Ahya","OG_6547",0,1,0
"Ahyacinthus26946-RA","Ahyacinthus26946-RA","Ahya","OG_6547",0,1,0
"Ahyacinthus26948-RA","Ahyacinthus26948-RA","Ahya","OG_520",0,1,0
"Ahyacinthus26949-RA","Ahyacinthus26949-RA","Ahya","OG_279",0,1,0
"Ahyacinthus26953-RA","Ahyacinthus26953-RA","Ahya","OG_738",0,1,0
"Ahyacinthus26960-RA","Ahyacinthus26960-RA","Ahya","OG_526",0,1,0
"Ahyacinthus26963-RA","Ahyacinthus26963-RA","Ahya","OG_257",1,1,1
"Ahyacinthus26964-RA","Ahyacinthus26964-RA","Ahya","OG_353",0,1,0
"Ahyacinthus26966-RA","Ahyacinthus26966-RA","Ahya","OG_6037",0,1,0
"Ahyacinthus26967-RA","Ahyacinthus26967-RA","Ahya","OG_1032",0,1,0
"Ahyacinthus26968-RA","Ahyacinthus26968-RA","Ahya","OG_1001",0,1,0
"Ahyacinthus26971-RA","Ahyacinthus26971-RA","Ahya","OG_1074",0,1,0
"Ahyacinthus26973-RA","Ahyacinthus26973-RA","Ahya","OG_353",0,1,0
"Ahyacinthus26974-RA","Ahyacinthus26974-RA","Ahya","OG_912",0,1,0
"Ahyacinthus26981-RA","Ahyacinthus26981-RA","Ahya","OG_715",0,1,1
"Ahyacinthus26983-RA","Ahyacinthus26983-RA","Ahya","OG_892",0,1,0
"Ahyacinthus26987-RA","Ahyacinthus26987-RA","Ahya","OG_1121",0,1,0
"Ahyacinthus26988-RA","Ahyacinthus26988-RA","Ahya","OG_2153",0,1,0
"Ahyacinthus26991-RA","Ahyacinthus26991-RA","Ahya","OG_818",1,1,0
"Ahyacinthus26992-RA","Ahyacinthus26992-RA","Ahya","OG_818",1,1,0
"Ahyacinthus26995-RA","Ahyacinthus26995-RA","Ahya","OG_859",0,1,1
"Ahyacinthus26997-RA","Ahyacinthus26997-RA","Ahya","OG_3352",0,1,0
"Ahyacinthus27000-RA","Ahyacinthus27000-RA","Ahya","OG_606",0,1,0
"Ahyacinthus27001-RA","Ahyacinthus27001-RA","Ahya","OG_4074",1,1,0
"Ahyacinthus27003-RA","Ahyacinthus27003-RA","Ahya","OG_425",0,1,0
"Ahyacinthus27004-RA","Ahyacinthus27004-RA","Ahya","OG_10421",0,1,0
"Ahyacinthus27008-RA","Ahyacinthus27008-RA","Ahya","OG_705",0,1,0
"Ahyacinthus27009-RA","Ahyacinthus27009-RA","Ahya","OG_1083",1,1,0
"Ahyacinthus27011-RA","Ahyacinthus27011-RA","Ahya","OG_176",1,1,1
"Ahyacinthus27014-RA","Ahyacinthus27014-RA","Ahya","OG_216",1,1,1
"Ahyacinthus27016-RA","Ahyacinthus27016-RA","Ahya","OG_533",0,1,0
"Ahyacinthus27018-RA","Ahyacinthus27018-RA","Ahya","OG_5126",0,1,0
"Ahyacinthus27019-RA","Ahyacinthus27019-RA","Ahya","OG_1168",0,1,0
"Ahyacinthus27020-RA","Ahyacinthus27020-RA","Ahya","OG_12507",0,1,1
"Ahyacinthus27021-RA","Ahyacinthus27021-RA","Ahya","OG_1346",0,1,0
"Ahyacinthus27022-RA","Ahyacinthus27022-RA","Ahya","OG_1346",0,1,0
"Ahyacinthus27024-RA","Ahyacinthus27024-RA","Ahya","OG_944",0,1,0
"Ahyacinthus27026-RA","Ahyacinthus27026-RA","Ahya","OG_568",1,1,1
"Ahyacinthus27027-RA","Ahyacinthus27027-RA","Ahya","OG_353",0,1,0
"Ahyacinthus27035-RA","Ahyacinthus27035-RA","Ahya","OG_408",1,1,1
"Ahyacinthus27040-RA","Ahyacinthus27040-RA","Ahya","OG_12514",0,1,0
"Ahyacinthus27041-RA","Ahyacinthus27041-RA","Ahya","OG_10646",0,1,0
"Ahyacinthus27042-RA","Ahyacinthus27042-RA","Ahya","OG_2300",0,1,0
"Ahyacinthus27047-RA","Ahyacinthus27047-RA","Ahya","OG_176",1,1,1
"Ahyacinthus27057-RA","Ahyacinthus27057-RA","Ahya","OG_871",0,1,0
"Ahyacinthus27059-RA","Ahyacinthus27059-RA","Ahya","OG_9759",0,1,0
"Ahyacinthus27064-RA","Ahyacinthus27064-RA","Ahya","OG_11447",0,1,0
"Ahyacinthus27065-RA","Ahyacinthus27065-RA","Ahya","OG_369",1,1,1
"Ahyacinthus27070-RA","Ahyacinthus27070-RA","Ahya","OG_8",1,1,1
"Ahyacinthus27074-RA","Ahyacinthus27074-RA","Ahya","OG_757",1,1,1
"Ahyacinthus27076-RA","Ahyacinthus27076-RA","Ahya","OG_715",0,1,1
"Ahyacinthus27077-RA","Ahyacinthus27077-RA","Ahya","OG_1174",0,1,0
"Ahyacinthus27078-RA","Ahyacinthus27078-RA","Ahya","OG_496",0,1,0
"Ahyacinthus27088-RA","Ahyacinthus27088-RA","Ahya","OG_176",1,1,1
"Ahyacinthus27096-RA","Ahyacinthus27096-RA","Ahya","OG_826",0,1,0
"Ahyacinthus27101-RA","Ahyacinthus27101-RA","Ahya","OG_170",1,1,1
"evm.model.Ap1.15","evm.model.Ap1.15","Apoc","OG_3356",1,1,1
"evm.model.Ap1.19","evm.model.Ap1.19","Apoc","OG_5697",1,0,1
"evm.model.Ap1.121","evm.model.Ap1.121","Apoc","OG_5691",1,1,1
"evm.model.Ap1.224","evm.model.Ap1.224","Apoc","OG_6397",1,1,1
"evm.model.Ap1.365","evm.model.Ap1.365","Apoc","OG_3432",0,0,1
"evm.model.Ap1.387_evm.model.Ap1.380","evm.model.Ap1.387_evm.model.Ap1.380","Apoc","OG_3427",0,1,1
"evm.model.Ap1.402","evm.model.Ap1.402","Apoc","OG_424",0,1,1
"evm.model.Ap1.412","evm.model.Ap1.412","Apoc","OG_652",0,1,1
"evm.model.Ap1.444","evm.model.Ap1.444","Apoc","OG_11513",1,1,1
"evm.model.Ap1.445","evm.model.Ap1.445","Apoc","OG_11514",1,0,1
"evm.model.Ap1.509","evm.model.Ap1.509","Apoc","OG_11645",1,0,1
"evm.model.Ap1.524","evm.model.Ap1.524","Apoc","OG_6513",1,1,1
"evm.model.Ap1.528","evm.model.Ap1.528","Apoc","OG_11521",0,1,1
"evm.model.Ap1.550","evm.model.Ap1.550","Apoc","OG_11402",0,0,1
"evm.model.Ap1.581","evm.model.Ap1.581","Apoc","OG_424",0,1,1
"evm.model.Ap1.612","evm.model.Ap1.612","Apoc","OG_446",0,1,1
"evm.model.Ap1.636","evm.model.Ap1.636","Apoc","OG_5341",0,1,1
"evm.model.Ap1.670","evm.model.Ap1.670","Apoc","OG_3439",0,1,1
"evm.model.Ap1.708","evm.model.Ap1.708","Apoc","OG_655",0,1,1
"evm.model.Ap1.812","evm.model.Ap1.812","Apoc","OG_1031",0,1,1
"evm.model.Ap1.851","evm.model.Ap1.851","Apoc","OG_3512",0,1,1
"evm.model.Ap1.886","evm.model.Ap1.886","Apoc","OG_11671",0,1,1
"evm.model.Ap1.942","evm.model.Ap1.942","Apoc","OG_333",1,1,1
"evm.model.Ap1.1015","evm.model.Ap1.1015","Apoc","OG_6521",0,1,1
"evm.model.Ap1.1090","evm.model.Ap1.1090","Apoc","OG_3493",0,1,1
"evm.model.Ap1.1098","evm.model.Ap1.1098","Apoc","OG_655",0,1,1
"evm.model.Ap1.1124","evm.model.Ap1.1124","Apoc","OG_5342",1,1,1
"evm.model.Ap1.1161","evm.model.Ap1.1161","Apoc","OG_11343",0,0,1
"evm.model.Ap1.1202","evm.model.Ap1.1202","Apoc","OG_386",0,1,1
"evm.model.Ap1.1220","evm.model.Ap1.1220","Apoc","OG_11584",0,0,1
"evm.model.Ap1.1224","evm.model.Ap1.1224","Apoc","OG_876",0,1,1
"evm.model.Ap1.1283","evm.model.Ap1.1283","Apoc","OG_11410",0,1,1
"evm.model.Ap1.1309","evm.model.Ap1.1309","Apoc","OG_4335",1,0,1
"evm.model.Ap1.1343","evm.model.Ap1.1343","Apoc","OG_470",1,1,1
"evm.model.Ap1.1344","evm.model.Ap1.1344","Apoc","OG_3481",0,1,1
"evm.model.Ap1.1349","evm.model.Ap1.1349","Apoc","OG_424",0,1,1
"evm.model.Ap1.1379","evm.model.Ap1.1379","Apoc","OG_11713",0,1,1
"evm.model.Ap1.1399","evm.model.Ap1.1399","Apoc","OG_172",0,0,1
"evm.model.Ap1.1421","evm.model.Ap1.1421","Apoc","OG_3408",1,1,1
"evm.model.Ap1.1468","evm.model.Ap1.1468","Apoc","OG_5690",1,0,1
"evm.model.Ap1.1471","evm.model.Ap1.1471","Apoc","OG_10789",0,1,1
"evm.model.Ap1.1480","evm.model.Ap1.1480","Apoc","OG_11407",0,0,1
"evm.model.Ap1.1529","evm.model.Ap1.1529","Apoc","OG_11572",0,1,1
"evm.model.Ap1.1581","evm.model.Ap1.1581","Apoc","OG_6168",1,1,1
"evm.model.Ap1.1603","evm.model.Ap1.1603","Apoc","OG_11305",0,1,1
"evm.model.Ap1.1633","evm.model.Ap1.1633","Apoc","OG_3401",1,1,1
"evm.model.Ap1.1667","evm.model.Ap1.1667","Apoc","OG_665",1,1,1
"evm.model.Ap1.1668","evm.model.Ap1.1668","Apoc","OG_1268",1,1,1
"evm.model.Ap1.1713","evm.model.Ap1.1713","Apoc","OG_11557",0,0,1
"evm.model.Ap1.1738","evm.model.Ap1.1738","Apoc","OG_487",0,1,1
"evm.model.Ap1.1828","evm.model.Ap1.1828","Apoc","OG_11396",1,1,1
"evm.model.Ap1.1867","evm.model.Ap1.1867","Apoc","OG_427",0,1,1
"evm.model.Ap1.1877","evm.model.Ap1.1877","Apoc","OG_3384",0,1,1
"evm.model.Ap1.1878","evm.model.Ap1.1878","Apoc","OG_3383",1,1,1
"evm.model.Ap1.1900","evm.model.Ap1.1900","Apoc","OG_245",1,1,1
"evm.model.Ap1.1933_evm.model.Ap1.1929_evm.model.Ap1.1934","evm.model.Ap1.1933_evm.model.Ap1.1929_evm.model.Ap1.1934","Apoc","OG_6426",0,1,1
"evm.model.Ap1.2012","evm.model.Ap1.2012","Apoc","OG_6440",0,1,1
"evm.model.Ap1.2054","evm.model.Ap1.2054","Apoc","OG_424",0,1,1
"evm.model.Ap1.2079","evm.model.Ap1.2079","Apoc","OG_3361",0,0,1
"evm.model.Ap1.2102","evm.model.Ap1.2102","Apoc","OG_1013",0,1,1
"evm.model.Ap1.2103","evm.model.Ap1.2103","Apoc","OG_11746",1,1,1
"evm.model.Ap1.2160","evm.model.Ap1.2160","Apoc","OG_3506",0,0,1
"evm.model.Ap1.2233","evm.model.Ap1.2233","Apoc","OG_3516",0,1,1
"evm.model.Ap1.2236","evm.model.Ap1.2236","Apoc","OG_1177",0,1,1
"evm.model.Ap1.2323","evm.model.Ap1.2323","Apoc","OG_157",0,0,1
"evm.model.Ap1.2353","evm.model.Ap1.2353","Apoc","OG_11423",1,1,1
"evm.model.Ap1.2388","evm.model.Ap1.2388","Apoc","OG_11510",0,1,1
"evm.model.Ap1.2394","evm.model.Ap1.2394","Apoc","OG_11693",1,1,1
"evm.model.Ap1.2408","evm.model.Ap1.2408","Apoc","OG_742",0,0,1
"evm.model.Ap1.2495","evm.model.Ap1.2495","Apoc","OG_11309",1,1,1
"evm.model.Ap1.2496","evm.model.Ap1.2496","Apoc","OG_6415",1,1,1
"evm.model.Ap1.2571","evm.model.Ap1.2571","Apoc","OG_11452",0,1,1
"evm.model.Ap1.2659","evm.model.Ap1.2659","Apoc","OG_5717",0,0,1
"evm.model.Ap1.2686","evm.model.Ap1.2686","Apoc","OG_6340",1,1,1
"evm.model.Ap1.2694","evm.model.Ap1.2694","Apoc","OG_3528",1,1,1
"evm.model.Ap1.2788","evm.model.Ap1.2788","Apoc","OG_11430",1,1,1
"evm.model.Ap1.2878","evm.model.Ap1.2878","Apoc","OG_6340",1,1,1
"evm.model.Ap1.2907","evm.model.Ap1.2907","Apoc","OG_286",0,1,1
"evm.model.Ap1.2916","evm.model.Ap1.2916","Apoc","OG_11544",1,0,1
"evm.model.Ap1.2942","evm.model.Ap1.2942","Apoc","OG_9211",0,1,1
"evm.model.Ap1.2961","evm.model.Ap1.2961","Apoc","OG_7088",1,0,1
"evm.model.Ap1.2974","evm.model.Ap1.2974","Apoc","OG_6476",0,1,1
"evm.model.Ap1.2981","evm.model.Ap1.2981","Apoc","OG_3667",0,0,1
"evm.model.Ap1.2986","evm.model.Ap1.2986","Apoc","OG_6162",0,1,1
"evm.model.Ap1.3061","evm.model.Ap1.3061","Apoc","OG_640",1,1,1
"evm.model.Ap1.3123","evm.model.Ap1.3123","Apoc","OG_1263",0,1,1
"evm.model.Ap1.3135","evm.model.Ap1.3135","Apoc","OG_11450",0,1,1
"evm.model.Ap1.3162","evm.model.Ap1.3162","Apoc","OG_3651",0,0,1
"evm.model.Ap1.3163","evm.model.Ap1.3163","Apoc","OG_5344",0,0,1
"evm.model.Ap1.3232","evm.model.Ap1.3232","Apoc","OG_6510",0,1,1
"evm.model.Ap1.3341","evm.model.Ap1.3341","Apoc","OG_11764",0,1,1
"evm.model.Ap1.3426","evm.model.Ap1.3426","Apoc","OG_716",0,1,1
"evm.model.Ap1.3442","evm.model.Ap1.3442","Apoc","OG_1075",0,1,1
"evm.model.Ap1.3443","evm.model.Ap1.3443","Apoc","OG_1075",0,1,1
"evm.model.Ap1.3483","evm.model.Ap1.3483","Apoc","OG_861",1,1,1
"evm.model.Ap1.3532","evm.model.Ap1.3532","Apoc","OG_3641",0,1,1
"evm.model.Ap1.3548","evm.model.Ap1.3548","Apoc","OG_11461",1,1,1
"evm.model.Ap1.3652","evm.model.Ap1.3652","Apoc","OG_11508",1,1,1
"evm.model.Ap1.3751","evm.model.Ap1.3751","Apoc","OG_1185",0,0,1
"evm.model.Ap1.3891","evm.model.Ap1.3891","Apoc","OG_901",0,1,1
"evm.model.Ap1.3892","evm.model.Ap1.3892","Apoc","OG_12499",0,1,1
"evm.model.Ap1.3900","evm.model.Ap1.3900","Apoc","OG_127",1,1,1
"evm.model.Ap1.3966","evm.model.Ap1.3966","Apoc","OG_324",0,1,1
"evm.model.Ap1.3972","evm.model.Ap1.3972","Apoc","OG_6663",0,0,1
"evm.model.Ap1.3976_evm.model.Ap1.3979","evm.model.Ap1.3976_evm.model.Ap1.3979","Apoc","OG_633",0,0,1
"evm.model.Ap1.4003","evm.model.Ap1.4003","Apoc","OG_636",0,1,1
"evm.model.Ap1.4105","evm.model.Ap1.4105","Apoc","OG_257",1,1,1
"evm.model.Ap1.4146","evm.model.Ap1.4146","Apoc","OG_3590",1,1,1
"evm.model.Ap1.4173","evm.model.Ap1.4173","Apoc","OG_3588",0,1,1
"evm.model.Ap10.15","evm.model.Ap10.15","Apoc","OG_7280",1,1,1
"evm.model.Ap10.27","evm.model.Ap10.27","Apoc","OG_6442",0,0,1
"evm.model.Ap10.73","evm.model.Ap10.73","Apoc","OG_7227",0,1,1
"evm.model.Ap10.85","evm.model.Ap10.85","Apoc","OG_3803",1,1,1
"evm.model.Ap10.89","evm.model.Ap10.89","Apoc","OG_6324",0,0,1
"evm.model.Ap10.118","evm.model.Ap10.118","Apoc","OG_1247",1,1,1
"evm.model.Ap10.153","evm.model.Ap10.153","Apoc","OG_126",1,1,1
"evm.model.Ap10.167","evm.model.Ap10.167","Apoc","OG_5466",0,1,1
"evm.model.Ap10.195","evm.model.Ap10.195","Apoc","OG_1067",1,1,1
"evm.model.Ap10.215","evm.model.Ap10.215","Apoc","OG_7184",1,0,1
"evm.model.Ap10.328","evm.model.Ap10.328","Apoc","OG_3796",1,1,1
"evm.model.Ap10.330","evm.model.Ap10.330","Apoc","OG_3795",1,1,1
"evm.model.Ap10.486","evm.model.Ap10.486","Apoc","OG_7354",1,1,1
"evm.model.Ap10.488","evm.model.Ap10.488","Apoc","OG_7353",0,1,1
"evm.model.Ap10.534","evm.model.Ap10.534","Apoc","OG_227",1,1,1
"evm.model.Ap10.576","evm.model.Ap10.576","Apoc","OG_3777",0,1,1
"evm.model.Ap10.599","evm.model.Ap10.599","Apoc","OG_655",0,1,1
"evm.model.Ap10.625","evm.model.Ap10.625","Apoc","OG_926",0,1,1
"evm.model.Ap10.668","evm.model.Ap10.668","Apoc","OG_3708",0,1,1
"evm.model.Ap10.730","evm.model.Ap10.730","Apoc","OG_130",0,1,1
"evm.model.Ap10.758","evm.model.Ap10.758","Apoc","OG_3714",0,1,1
"evm.model.Ap10.839","evm.model.Ap10.839","Apoc","OG_756",0,0,1
"evm.model.Ap10.849","evm.model.Ap10.849","Apoc","OG_3695",1,1,1
"evm.model.Ap10.857","evm.model.Ap10.857","Apoc","OG_7300",1,1,1
"evm.model.Ap10.909","evm.model.Ap10.909","Apoc","OG_3700",1,1,1
"evm.model.Ap10.910","evm.model.Ap10.910","Apoc","OG_7311",1,1,1
"evm.model.Ap10.964","evm.model.Ap10.964","Apoc","OG_6220",0,0,1
"evm.model.Ap10.1009","evm.model.Ap10.1009","Apoc","OG_6218",0,1,1
"evm.model.Ap10.1010","evm.model.Ap10.1010","Apoc","OG_6218",0,1,1
"evm.model.Ap10.1034","evm.model.Ap10.1034","Apoc","OG_6218",0,1,1
"evm.model.Ap10.1179","evm.model.Ap10.1179","Apoc","OG_176",1,1,1
"evm.model.Ap10.1186","evm.model.Ap10.1186","Apoc","OG_176",1,1,1
"evm.model.Ap10.1410","evm.model.Ap10.1410","Apoc","OG_332",0,1,1
"evm.model.Ap10.1484","evm.model.Ap10.1484","Apoc","OG_7263",1,1,1
"evm.model.Ap10.1557_evm.model.Ap10.1544","evm.model.Ap10.1557_evm.model.Ap10.1544","Apoc","OG_1850",0,1,1
"evm.model.Ap10.1559","evm.model.Ap10.1559","Apoc","OG_905",1,1,1
"evm.model.Ap10.1639","evm.model.Ap10.1639","Apoc","OG_7268",1,1,1
"evm.model.Ap10.1685","evm.model.Ap10.1685","Apoc","OG_7238",0,0,1
"evm.model.Ap10.1698","evm.model.Ap10.1698","Apoc","OG_4133",0,1,1
"evm.model.Ap10.1771","evm.model.Ap10.1771","Apoc","OG_621",0,0,1
"evm.model.Ap10.1817","evm.model.Ap10.1817","Apoc","OG_470",1,1,1
"evm.model.Ap10.1879","evm.model.Ap10.1879","Apoc","OG_7361",0,1,1
"evm.model.Ap10.1902","evm.model.Ap10.1902","Apoc","OG_424",0,1,1
"evm.model.Ap10.1925","evm.model.Ap10.1925","Apoc","OG_1393",1,1,1
"evm.model.Ap10.1942","evm.model.Ap10.1942","Apoc","OG_7145",0,1,1
"evm.model.Ap10.1957","evm.model.Ap10.1957","Apoc","OG_1059",0,0,1
"evm.model.Ap10.1992","evm.model.Ap10.1992","Apoc","OG_4619",0,0,1
"evm.model.Ap10.2015","evm.model.Ap10.2015","Apoc","OG_161",0,1,1
"evm.model.Ap10.2054","evm.model.Ap10.2054","Apoc","OG_3754",0,1,1
"evm.model.Ap11.159_evm.model.Ap11.139_evm.model.Ap11.140_evm.model.Ap11.148","evm.model.Ap11.159_evm.model.Ap11.139_evm.model.Ap11.140_evm.model.Ap11.148","Apoc","OG_155",1,1,1
"evm.model.Ap11.205","evm.model.Ap11.205","Apoc","OG_6386",0,1,1
"evm.model.Ap11.327","evm.model.Ap11.327","Apoc","OG_5894",0,0,1
"evm.model.Ap11.332_evm.model.Ap11.328","evm.model.Ap11.332_evm.model.Ap11.328","Apoc","OG_7092",0,1,1
"evm.model.Ap11.422","evm.model.Ap11.422","Apoc","OG_938",0,1,1
"evm.model.Ap11.487","evm.model.Ap11.487","Apoc","OG_916",0,1,1
"evm.model.Ap11.496","evm.model.Ap11.496","Apoc","OG_7142",0,1,1
"evm.model.Ap11.529","evm.model.Ap11.529","Apoc","OG_868",1,1,1
"evm.model.Ap11.658","evm.model.Ap11.658","Apoc","OG_5332",0,1,1
"evm.model.Ap11.693","evm.model.Ap11.693","Apoc","OG_424",0,1,1
"evm.model.Ap11.701","evm.model.Ap11.701","Apoc","OG_859",0,1,1
"evm.model.Ap11.795","evm.model.Ap11.795","Apoc","OG_2701",0,0,1
"evm.model.Ap11.806","evm.model.Ap11.806","Apoc","OG_4171",0,0,1
"evm.model.Ap11.840","evm.model.Ap11.840","Apoc","OG_122",0,1,1
"evm.model.Ap11.864","evm.model.Ap11.864","Apoc","OG_7065",0,1,1
"evm.model.Ap11.867","evm.model.Ap11.867","Apoc","OG_7064",0,0,1
"evm.model.Ap11.1012","evm.model.Ap11.1012","Apoc","OG_6366",0,1,1
"evm.model.Ap11.1023","evm.model.Ap11.1023","Apoc","OG_5466",0,1,1
"evm.model.Ap11.1024","evm.model.Ap11.1024","Apoc","OG_6968",0,0,1
"evm.model.Ap11.1029","evm.model.Ap11.1029","Apoc","OG_6388",0,1,1
"evm.model.Ap11.1093","evm.model.Ap11.1093","Apoc","OG_6944",0,0,1
"evm.model.Ap11.1102","evm.model.Ap11.1102","Apoc","OG_6224",0,0,1
"evm.model.Ap11.1151","evm.model.Ap11.1151","Apoc","OG_2679",0,1,1
"evm.model.Ap11.1255","evm.model.Ap11.1255","Apoc","OG_151",0,0,1
"evm.model.Ap11.1408","evm.model.Ap11.1408","Apoc","OG_2376",0,1,1
"evm.model.Ap11.1414_evm.model.Ap11.1407","evm.model.Ap11.1414_evm.model.Ap11.1407","Apoc","OG_5893",0,0,1
"evm.model.Ap11.1453","evm.model.Ap11.1453","Apoc","OG_148",0,1,1
"evm.model.Ap11.1455","evm.model.Ap11.1455","Apoc","OG_148",0,1,1
"evm.model.Ap11.1457","evm.model.Ap11.1457","Apoc","OG_148",0,1,1
"evm.model.Ap11.1459","evm.model.Ap11.1459","Apoc","OG_5478",0,1,1
"evm.model.Ap11.1460","evm.model.Ap11.1460","Apoc","OG_7056",0,1,1
"evm.model.Ap11.1466","evm.model.Ap11.1466","Apoc","OG_2742",0,0,1
"evm.model.Ap11.1472","evm.model.Ap11.1472","Apoc","OG_6940",0,1,1
"evm.model.Ap11.1533","evm.model.Ap11.1533","Apoc","OG_6993",0,1,1
"evm.model.Ap11.1627","evm.model.Ap11.1627","Apoc","OG_5472",0,1,1
"evm.model.Ap11.1628","evm.model.Ap11.1628","Apoc","OG_6859",0,1,1
"evm.model.Ap11.1655","evm.model.Ap11.1655","Apoc","OG_6879",0,1,1
"evm.model.Ap11.1667_evm.model.Ap11.1672","evm.model.Ap11.1667_evm.model.Ap11.1672","Apoc","OG_12736",0,1,1
"evm.model.Ap11.1687","evm.model.Ap11.1687","Apoc","OG_2750",0,1,1
"evm.model.Ap11.1694","evm.model.Ap11.1694","Apoc","OG_2735",0,1,1
"evm.model.Ap11.1702","evm.model.Ap11.1702","Apoc","OG_2738",0,1,1
"evm.model.Ap11.1730_evm.model.Ap11.1731","evm.model.Ap11.1730_evm.model.Ap11.1731","Apoc","OG_6979",0,1,1
"evm.model.Ap11.1792","evm.model.Ap11.1792","Apoc","OG_2640",0,0,1
"evm.model.Ap11.1794","evm.model.Ap11.1794","Apoc","OG_2639",0,0,1
"evm.model.Ap11.1802","evm.model.Ap11.1802","Apoc","OG_1232",0,1,1
"evm.model.Ap11.1830","evm.model.Ap11.1830","Apoc","OG_6951",1,1,1
"evm.model.Ap11.1880","evm.model.Ap11.1880","Apoc","OG_5452",0,0,1
"evm.model.Ap11.1891","evm.model.Ap11.1891","Apoc","OG_6397",1,1,1
"evm.model.Ap12.5","evm.model.Ap12.5","Apoc","OG_8427",1,1,1
"evm.model.Ap12.65","evm.model.Ap12.65","Apoc","OG_198",0,1,1
"evm.model.Ap12.80","evm.model.Ap12.80","Apoc","OG_966",0,0,1
"evm.model.Ap12.84","evm.model.Ap12.84","Apoc","OG_8395",1,1,1
"evm.model.Ap12.87","evm.model.Ap12.87","Apoc","OG_8281",0,0,1
"evm.model.Ap12.111","evm.model.Ap12.111","Apoc","OG_8347",1,1,1
"evm.model.Ap12.132","evm.model.Ap12.132","Apoc","OG_8463",0,1,1
"evm.model.Ap12.216_evm.model.Ap12.217_evm.model.Ap12.219","evm.model.Ap12.216_evm.model.Ap12.217_evm.model.Ap12.219","Apoc","OG_304",1,1,1
"evm.model.Ap12.261","evm.model.Ap12.261","Apoc","OG_740",0,0,1
"evm.model.Ap12.285","evm.model.Ap12.285","Apoc","OG_245",1,1,1
"evm.model.Ap12.335","evm.model.Ap12.335","Apoc","OG_5284",1,1,1
"evm.model.Ap12.377","evm.model.Ap12.377","Apoc","OG_8529",0,1,1
"evm.model.Ap12.412","evm.model.Ap12.412","Apoc","OG_198",0,1,1
"evm.model.Ap12.472","evm.model.Ap12.472","Apoc","OG_6625",0,1,1
"evm.model.Ap12.475","evm.model.Ap12.475","Apoc","OG_8452",1,1,1
"evm.model.Ap12.507","evm.model.Ap12.507","Apoc","OG_3107",1,1,1
"evm.model.Ap12.538","evm.model.Ap12.538","Apoc","OG_8173",1,1,1
"evm.model.Ap12.540","evm.model.Ap12.540","Apoc","OG_3113",0,1,1
"evm.model.Ap12.641","evm.model.Ap12.641","Apoc","OG_780",0,1,1
"evm.model.Ap12.657","evm.model.Ap12.657","Apoc","OG_771",1,1,1
"evm.model.Ap12.662","evm.model.Ap12.662","Apoc","OG_1146",0,1,1
"evm.model.Ap12.665","evm.model.Ap12.665","Apoc","OG_8440",0,1,1
"evm.model.Ap12.680","evm.model.Ap12.680","Apoc","OG_8353",0,1,1
"evm.model.Ap12.777","evm.model.Ap12.777","Apoc","OG_8393",0,1,1
"evm.model.Ap12.779","evm.model.Ap12.779","Apoc","OG_3155",0,0,1
"evm.model.Ap12.820","evm.model.Ap12.820","Apoc","OG_129",0,1,1
"evm.model.Ap12.827","evm.model.Ap12.827","Apoc","OG_8259",0,1,1
"evm.model.Ap12.871","evm.model.Ap12.871","Apoc","OG_8192",0,0,1
"evm.model.Ap12.874","evm.model.Ap12.874","Apoc","OG_8193",0,0,1
"evm.model.Ap12.896","evm.model.Ap12.896","Apoc","OG_3081",0,1,1
"evm.model.Ap12.934","evm.model.Ap12.934","Apoc","OG_8609",1,1,1
"evm.model.Ap12.1045","evm.model.Ap12.1045","Apoc","OG_8563",1,1,1
"evm.model.Ap12.1046","evm.model.Ap12.1046","Apoc","OG_8563",1,1,1
"evm.model.Ap12.1142","evm.model.Ap12.1142","Apoc","OG_5270",0,1,1
"evm.model.Ap12.1160","evm.model.Ap12.1160","Apoc","OG_227",1,1,1
"evm.model.Ap12.1162","evm.model.Ap12.1162","Apoc","OG_3057",0,1,1
"evm.model.Ap12.1169","evm.model.Ap12.1169","Apoc","OG_3051",1,1,1
"evm.model.Ap12.1176","evm.model.Ap12.1176","Apoc","OG_3041",0,1,1
"evm.model.Ap12.1195","evm.model.Ap12.1195","Apoc","OG_553",0,1,1
"evm.model.Ap12.1194_evm.model.Ap12.1196","evm.model.Ap12.1194_evm.model.Ap12.1196","Apoc","OG_8467",0,1,1
"evm.model.Ap12.1280","evm.model.Ap12.1280","Apoc","OG_170",1,1,1
"evm.model.Ap12.1281","evm.model.Ap12.1281","Apoc","OG_8411",0,0,1
"evm.model.Ap12.1292","evm.model.Ap12.1292","Apoc","OG_8299",0,1,1
"evm.model.Ap12.1359","evm.model.Ap12.1359","Apoc","OG_12375",0,0,1
"evm.model.Ap12.1402","evm.model.Ap12.1402","Apoc","OG_248",1,1,1
"evm.model.Ap12.1419","evm.model.Ap12.1419","Apoc","OG_5273",1,1,1
"evm.model.Ap12.1420","evm.model.Ap12.1420","Apoc","OG_5273",1,1,1
"evm.model.Ap12.1518","evm.model.Ap12.1518","Apoc","OG_248",1,1,1
"evm.model.Ap12.1529","evm.model.Ap12.1529","Apoc","OG_3211",1,1,1
"evm.model.Ap12.1542","evm.model.Ap12.1542","Apoc","OG_3216",1,1,1
"evm.model.Ap12.1583","evm.model.Ap12.1583","Apoc","OG_3342",1,1,1
"evm.model.Ap12.1601","evm.model.Ap12.1601","Apoc","OG_187",1,0,1
"evm.model.Ap12.1605","evm.model.Ap12.1605","Apoc","OG_424",0,1,1
"evm.model.Ap12.1612","evm.model.Ap12.1612","Apoc","OG_243",0,0,1
"evm.model.Ap12.1665","evm.model.Ap12.1665","Apoc","OG_8333",0,0,1
"evm.model.Ap12.1667","evm.model.Ap12.1667","Apoc","OG_3349",1,1,1
"evm.model.Ap12.1684","evm.model.Ap12.1684","Apoc","OG_336",0,1,1
"evm.model.Ap12.1737","evm.model.Ap12.1737","Apoc","OG_424",0,1,1
"evm.model.Ap12.1762","evm.model.Ap12.1762","Apoc","OG_427",0,1,1
"evm.model.Ap12.1764","evm.model.Ap12.1764","Apoc","OG_8477",0,1,1
"evm.model.Ap12.1824","evm.model.Ap12.1824","Apoc","OG_424",0,1,1
"evm.model.Ap12.1821_evm.model.Ap12.1830","evm.model.Ap12.1821_evm.model.Ap12.1830","Apoc","OG_8613",0,1,1
"evm.model.Ap12.1831","evm.model.Ap12.1831","Apoc","OG_3327",0,0,1
"evm.model.Ap12.1855","evm.model.Ap12.1855","Apoc","OG_1146",0,1,1
"evm.model.Ap12.1904","evm.model.Ap12.1904","Apoc","OG_367",0,1,1
"evm.model.Ap12.1981","evm.model.Ap12.1981","Apoc","OG_367",0,1,1
"evm.model.Ap12.2057","evm.model.Ap12.2057","Apoc","OG_1445",0,0,1
"evm.model.Ap12.2127_evm.model.Ap12.2128","evm.model.Ap12.2127_evm.model.Ap12.2128","Apoc","OG_312",0,1,1
"evm.model.Ap12.2235","evm.model.Ap12.2235","Apoc","OG_6638",0,1,1
"evm.model.Ap12.2249","evm.model.Ap12.2249","Apoc","OG_1008",0,0,1
"evm.model.Ap12.2253","evm.model.Ap12.2253","Apoc","OG_8489",0,0,1
"evm.model.Ap12.2263","evm.model.Ap12.2263","Apoc","OG_3234",0,0,1
"evm.model.Ap12.2315","evm.model.Ap12.2315","Apoc","OG_441",1,1,1
"evm.model.Ap12.2338","evm.model.Ap12.2338","Apoc","OG_8371",0,1,1
"evm.model.Ap12.2421","evm.model.Ap12.2421","Apoc","OG_916",0,1,1
"evm.model.Ap12.2423","evm.model.Ap12.2423","Apoc","OG_916",0,1,1
"evm.model.Ap12.2465","evm.model.Ap12.2465","Apoc","OG_8603",0,1,1
"evm.model.Ap12.2468","evm.model.Ap12.2468","Apoc","OG_8208",0,1,1
"evm.model.Ap12.2472","evm.model.Ap12.2472","Apoc","OG_3292",0,1,1
"evm.model.Ap12.2538","evm.model.Ap12.2538","Apoc","OG_3281",0,1,1
"evm.model.Ap12.2556","evm.model.Ap12.2556","Apoc","OG_8245",0,1,1
"evm.model.Ap12.2559","evm.model.Ap12.2559","Apoc","OG_8242",0,1,1
"evm.model.Ap12.2571","evm.model.Ap12.2571","Apoc","OG_868",1,1,1
"evm.model.Ap12.2604","evm.model.Ap12.2604","Apoc","OG_8507",0,1,1
"evm.model.Ap12.2609","evm.model.Ap12.2609","Apoc","OG_3268",0,1,1
"evm.model.Ap12.2614","evm.model.Ap12.2614","Apoc","OG_8212",0,1,1
"evm.model.Ap12.2759","evm.model.Ap12.2759","Apoc","OG_3256",0,1,1
"evm.model.Ap13.3","evm.model.Ap13.3","Apoc","OG_10398",0,1,1
"evm.model.Ap13.46","evm.model.Ap13.46","Apoc","OG_6799",0,1,1
"evm.model.Ap13.48","evm.model.Ap13.48","Apoc","OG_10416",0,1,1
"evm.model.Ap13.59","evm.model.Ap13.59","Apoc","OG_10645",0,1,1
"evm.model.Ap13.94","evm.model.Ap13.94","Apoc","OG_10462",0,0,1
"evm.model.Ap13.106","evm.model.Ap13.106","Apoc","OG_159",0,1,1
"evm.model.Ap13.112","evm.model.Ap13.112","Apoc","OG_10650",0,1,1
"evm.model.Ap13.137","evm.model.Ap13.137","Apoc","OG_10559",0,1,1
"evm.model.Ap13.166","evm.model.Ap13.166","Apoc","OG_10606",1,1,1
"evm.model.Ap13.389","evm.model.Ap13.389","Apoc","OG_2860",0,0,1
"evm.model.Ap13.393","evm.model.Ap13.393","Apoc","OG_2868",1,1,1
"evm.model.Ap13.435","evm.model.Ap13.435","Apoc","OG_2862",0,0,1
"evm.model.Ap13.436","evm.model.Ap13.436","Apoc","OG_10696",0,0,1
"evm.model.Ap13.511","evm.model.Ap13.511","Apoc","OG_2848",0,0,1
"evm.model.Ap13.521_evm.model.Ap13.512","evm.model.Ap13.521_evm.model.Ap13.512","Apoc","OG_6822",0,0,1
"evm.model.Ap13.514","evm.model.Ap13.514","Apoc","OG_2851",1,0,1
"evm.model.Ap13.515","evm.model.Ap13.515","Apoc","OG_10619",0,0,1
"evm.model.Ap13.523","evm.model.Ap13.523","Apoc","OG_10619",0,0,1
"evm.model.Ap13.859","evm.model.Ap13.859","Apoc","OG_424",0,1,1
"evm.model.Ap13.884","evm.model.Ap13.884","Apoc","OG_10683",0,1,1
"evm.model.Ap13.1016","evm.model.Ap13.1016","Apoc","OG_10503",0,0,1
"evm.model.Ap13.1138","evm.model.Ap13.1138","Apoc","OG_929",1,1,1
"evm.model.Ap13.1159_evm.model.Ap13.1156","evm.model.Ap13.1159_evm.model.Ap13.1156","Apoc","OG_6811",0,1,1
"evm.model.Ap13.1222","evm.model.Ap13.1222","Apoc","OG_3018",0,1,1
"evm.model.Ap13.1291","evm.model.Ap13.1291","Apoc","OG_10673",0,1,1
"evm.model.Ap13.1342","evm.model.Ap13.1342","Apoc","OG_1496",0,0,1
"evm.model.Ap13.1360","evm.model.Ap13.1360","Apoc","OG_555",0,1,1
"evm.model.Ap13.1405","evm.model.Ap13.1405","Apoc","OG_655",0,1,1
"evm.model.Ap13.1406","evm.model.Ap13.1406","Apoc","OG_655",0,1,1
"evm.model.Ap13.1411","evm.model.Ap13.1411","Apoc","OG_2779",1,0,1
"evm.model.Ap13.1759_evm.model.Ap13.1760","evm.model.Ap13.1759_evm.model.Ap13.1760","Apoc","OG_6825",0,1,1
"evm.model.Ap13.2005","evm.model.Ap13.2005","Apoc","OG_487",0,1,1
"evm.model.Ap13.2126","evm.model.Ap13.2126","Apoc","OG_10432",1,1,1
"evm.model.Ap13.2127","evm.model.Ap13.2127","Apoc","OG_10433",0,0,1
"evm.model.Ap13.2149","evm.model.Ap13.2149","Apoc","OG_2875",1,1,1
"evm.model.Ap13.2230","evm.model.Ap13.2230","Apoc","OG_592",0,1,1
"evm.model.Ap13.2303","evm.model.Ap13.2303","Apoc","OG_165",1,1,1
"evm.model.Ap13.2302_evm.model.Ap13.2307","evm.model.Ap13.2302_evm.model.Ap13.2307","Apoc","OG_10611",0,1,1
"evm.model.Ap13.2309","evm.model.Ap13.2309","Apoc","OG_165",1,1,1
"evm.model.Ap13.2310","evm.model.Ap13.2310","Apoc","OG_367",0,1,1
"evm.model.Ap13.2323","evm.model.Ap13.2323","Apoc","OG_165",1,1,1
"evm.model.Ap13.2324","evm.model.Ap13.2324","Apoc","OG_165",1,1,1
"evm.model.Ap13.2328","evm.model.Ap13.2328","Apoc","OG_165",1,1,1
"evm.model.Ap13.2329","evm.model.Ap13.2329","Apoc","OG_10437",0,1,1
"evm.model.Ap13.2334","evm.model.Ap13.2334","Apoc","OG_1051",1,1,1
"evm.model.Ap13.2337","evm.model.Ap13.2337","Apoc","OG_10583",0,1,1
"evm.model.Ap13.2353","evm.model.Ap13.2353","Apoc","OG_165",1,1,1
"evm.model.Ap13.2383","evm.model.Ap13.2383","Apoc","OG_596",1,1,1
"evm.model.Ap13.2444","evm.model.Ap13.2444","Apoc","OG_10507",0,1,1
"evm.model.Ap13.2472","evm.model.Ap13.2472","Apoc","OG_6128",0,0,1
"evm.model.Ap13.2497","evm.model.Ap13.2497","Apoc","OG_1292",0,1,1
"evm.model.Ap13.2501","evm.model.Ap13.2501","Apoc","OG_10423",0,0,1
"evm.model.Ap13.2531","evm.model.Ap13.2531","Apoc","OG_2963",0,1,1
"evm.model.Ap13.2532","evm.model.Ap13.2532","Apoc","OG_6818",0,1,1
"evm.model.Ap13.2594","evm.model.Ap13.2594","Apoc","OG_682",1,1,1
"evm.model.Ap13.2599_evm.model.Ap13.2590","evm.model.Ap13.2599_evm.model.Ap13.2590","Apoc","OG_5418",0,1,1
"evm.model.Ap13.2634","evm.model.Ap13.2634","Apoc","OG_2982",0,1,1
"evm.model.Ap13.2637","evm.model.Ap13.2637","Apoc","OG_12447",0,0,1
"evm.model.Ap13.2655","evm.model.Ap13.2655","Apoc","OG_427",0,1,1
"evm.model.Ap13.2723","evm.model.Ap13.2723","Apoc","OG_2921",0,1,1
"evm.model.Ap13.2760","evm.model.Ap13.2760","Apoc","OG_562",0,1,1
"evm.model.Ap13.2781","evm.model.Ap13.2781","Apoc","OG_198",0,1,1
"evm.model.Ap13.2812","evm.model.Ap13.2812","Apoc","OG_553",0,1,1
"evm.model.Ap13.2818","evm.model.Ap13.2818","Apoc","OG_6828",0,1,1
"evm.model.Ap13.2860","evm.model.Ap13.2860","Apoc","OG_2904",0,1,1
"evm.model.Ap13.2921","evm.model.Ap13.2921","Apoc","OG_5184",0,1,1
"evm.model.Ap13.2923","evm.model.Ap13.2923","Apoc","OG_2915",0,0,1
"evm.model.Ap13.2925","evm.model.Ap13.2925","Apoc","OG_2916",0,0,1
"evm.model.Ap13.2979","evm.model.Ap13.2979","Apoc","OG_2923",0,0,1
"evm.model.Ap13.3026","evm.model.Ap13.3026","Apoc","OG_1169",0,1,1
"evm.model.Ap13.3112","evm.model.Ap13.3112","Apoc","OG_3000",0,0,1
"evm.model.Ap13.3140","evm.model.Ap13.3140","Apoc","OG_10588",0,0,1
"evm.model.Ap13.3147","evm.model.Ap13.3147","Apoc","OG_8762",0,1,1
"evm.model.Ap13.3179","evm.model.Ap13.3179","Apoc","OG_10542",1,1,1
"evm.model.Ap14.9","evm.model.Ap14.9","Apoc","OG_7609",1,1,1
"evm.model.Ap14.78","evm.model.Ap14.78","Apoc","OG_7572",1,0,1
"evm.model.Ap14.127","evm.model.Ap14.127","Apoc","OG_559",0,1,1
"evm.model.Ap14.148","evm.model.Ap14.148","Apoc","OG_4133",0,1,1
"evm.model.Ap14.162","evm.model.Ap14.162","Apoc","OG_219",0,0,1
"evm.model.Ap14.235","evm.model.Ap14.235","Apoc","OG_369",1,1,1
"evm.model.Ap14.247","evm.model.Ap14.247","Apoc","OG_6515",1,1,1
"evm.model.Ap14.326","evm.model.Ap14.326","Apoc","OG_2172",0,1,1
"evm.model.Ap14.396","evm.model.Ap14.396","Apoc","OG_966",0,0,1
"evm.model.Ap14.503","evm.model.Ap14.503","Apoc","OG_2286",0,1,1
"evm.model.Ap14.562","evm.model.Ap14.562","Apoc","OG_248",1,1,1
"evm.model.Ap14.649","evm.model.Ap14.649","Apoc","OG_1162",0,1,1
"evm.model.Ap14.755","evm.model.Ap14.755","Apoc","OG_7446",0,0,1
"evm.model.Ap14.923","evm.model.Ap14.923","Apoc","OG_6488",0,0,1
"evm.model.Ap14.951","evm.model.Ap14.951","Apoc","OG_218",1,1,1
"evm.model.Ap14.974","evm.model.Ap14.974","Apoc","OG_7624",1,0,1
"evm.model.Ap14.976","evm.model.Ap14.976","Apoc","OG_2241",1,1,1
"evm.model.Ap14.999","evm.model.Ap14.999","Apoc","OG_424",0,1,1
"evm.model.Ap14.995","evm.model.Ap14.995","Apoc","OG_7460",0,0,1
"evm.model.Ap14.1100","evm.model.Ap14.1100","Apoc","OG_1103",0,1,1
"evm.model.Ap14.1233","evm.model.Ap14.1233","Apoc","OG_6480",0,0,1
"evm.model.Ap14.1236","evm.model.Ap14.1236","Apoc","OG_12358",0,0,1
"evm.model.Ap14.1255","evm.model.Ap14.1255","Apoc","OG_227",1,1,1
"evm.model.Ap14.1278","evm.model.Ap14.1278","Apoc","OG_5440",0,0,1
"evm.model.Ap14.1289","evm.model.Ap14.1289","Apoc","OG_7443",0,1,1
"evm.model.Ap14.1290","evm.model.Ap14.1290","Apoc","OG_1146",0,1,1
"evm.model.Ap14.1330","evm.model.Ap14.1330","Apoc","OG_7388",1,0,1
"evm.model.Ap14.1355","evm.model.Ap14.1355","Apoc","OG_6500",1,1,1
"evm.model.Ap14.1361","evm.model.Ap14.1361","Apoc","OG_7456",1,1,1
"evm.model.Ap14.1386","evm.model.Ap14.1386","Apoc","OG_238",0,1,1
"evm.model.Ap14.1389","evm.model.Ap14.1389","Apoc","OG_6500",1,1,1
"evm.model.Ap14.1434","evm.model.Ap14.1434","Apoc","OG_7581",0,1,1
"evm.model.Ap14.1491","evm.model.Ap14.1491","Apoc","OG_7486",0,1,1
"evm.model.Ap14.1547","evm.model.Ap14.1547","Apoc","OG_5443",0,1,1
"evm.model.Ap14.1559","evm.model.Ap14.1559","Apoc","OG_1402",0,1,1
"evm.model.Ap14.1598","evm.model.Ap14.1598","Apoc","OG_7498",1,1,1
"evm.model.Ap14.1660","evm.model.Ap14.1660","Apoc","OG_7539",0,1,1
"evm.model.Ap14.1678","evm.model.Ap14.1678","Apoc","OG_6014",0,1,1
"evm.model.Ap14.1722_evm.model.Ap14.1743","evm.model.Ap14.1722_evm.model.Ap14.1743","Apoc","OG_220",0,0,1
"evm.model.Ap14.1751","evm.model.Ap14.1751","Apoc","OG_487",0,1,1
"evm.model.Ap14.1795","evm.model.Ap14.1795","Apoc","OG_2200",0,1,1
"evm.model.Ap14.1811","evm.model.Ap14.1811","Apoc","OG_555",0,1,1
"evm.model.Ap14.1858","evm.model.Ap14.1858","Apoc","OG_6475",0,0,1
"evm.model.Ap14.1896","evm.model.Ap14.1896","Apoc","OG_2282",0,1,1
"evm.model.Ap14.1984","evm.model.Ap14.1984","Apoc","OG_7423",0,0,1
"evm.model.Ap14.2023","evm.model.Ap14.2023","Apoc","OG_7614",0,0,1
"evm.model.Ap14.2025","evm.model.Ap14.2025","Apoc","OG_7523",1,1,1
"evm.model.Ap14.2026","evm.model.Ap14.2026","Apoc","OG_2192",0,1,1
"evm.model.Ap14.2063","evm.model.Ap14.2063","Apoc","OG_170",1,1,1
"evm.model.Ap14.2065","evm.model.Ap14.2065","Apoc","OG_170",1,1,1
"evm.model.Ap2.48","evm.model.Ap2.48","Apoc","OG_186",1,1,1
"evm.model.Ap2.123","evm.model.Ap2.123","Apoc","OG_264",0,1,1
"evm.model.Ap2.210","evm.model.Ap2.210","Apoc","OG_6459",0,1,1
"evm.model.Ap2.223","evm.model.Ap2.223","Apoc","OG_11199",0,1,1
"evm.model.Ap2.336","evm.model.Ap2.336","Apoc","OG_1871",0,0,1
"evm.model.Ap2.352","evm.model.Ap2.352","Apoc","OG_1865",0,1,1
"evm.model.Ap2.356","evm.model.Ap2.356","Apoc","OG_1864",0,0,1
"evm.model.Ap2.357","evm.model.Ap2.357","Apoc","OG_5984",0,1,1
"evm.model.Ap2.417","evm.model.Ap2.417","Apoc","OG_248",1,1,1
"evm.model.Ap2.415_evm.model.Ap2.424","evm.model.Ap2.415_evm.model.Ap2.424","Apoc","OG_6837",0,1,1
"evm.model.Ap2.418","evm.model.Ap2.418","Apoc","OG_248",1,1,1
"evm.model.Ap2.481","evm.model.Ap2.481","Apoc","OG_10935",0,1,1
"evm.model.Ap2.522","evm.model.Ap2.522","Apoc","OG_187",1,0,1
"evm.model.Ap2.588","evm.model.Ap2.588","Apoc","OG_12500",0,0,1
"evm.model.Ap2.591","evm.model.Ap2.591","Apoc","OG_1214",0,1,1
"evm.model.Ap2.637","evm.model.Ap2.637","Apoc","OG_11209",0,1,1
"evm.model.Ap2.711","evm.model.Ap2.711","Apoc","OG_558",0,0,1
"evm.model.Ap2.802","evm.model.Ap2.802","Apoc","OG_238",0,1,1
"evm.model.Ap2.822","evm.model.Ap2.822","Apoc","OG_372",0,1,1
"evm.model.Ap2.850","evm.model.Ap2.850","Apoc","OG_5792",0,0,1
"evm.model.Ap2.855","evm.model.Ap2.855","Apoc","OG_10848",0,0,1
"evm.model.Ap2.866","evm.model.Ap2.866","Apoc","OG_682",1,1,1
"evm.model.Ap2.929","evm.model.Ap2.929","Apoc","OG_9352",0,1,1
"evm.model.Ap2.975","evm.model.Ap2.975","Apoc","OG_11260",0,1,1
"evm.model.Ap2.977","evm.model.Ap2.977","Apoc","OG_5403",0,1,1
"evm.model.Ap2.998","evm.model.Ap2.998","Apoc","OG_1880",0,0,1
"evm.model.Ap2.1039","evm.model.Ap2.1039","Apoc","OG_1915",0,1,1
"evm.model.Ap2.1075","evm.model.Ap2.1075","Apoc","OG_703",1,1,1
"evm.model.Ap2.1072_evm.model.Ap2.1076","evm.model.Ap2.1072_evm.model.Ap2.1076","Apoc","OG_1916",0,0,1
"evm.model.Ap2.1104","evm.model.Ap2.1104","Apoc","OG_424",0,1,1
"evm.model.Ap2.1148","evm.model.Ap2.1148","Apoc","OG_12531",0,1,1
"evm.model.Ap2.1203","evm.model.Ap2.1203","Apoc","OG_5397",0,1,1
"evm.model.Ap2.1224","evm.model.Ap2.1224","Apoc","OG_1791",0,0,1
"evm.model.Ap2.1378","evm.model.Ap2.1378","Apoc","OG_238",0,1,1
"evm.model.Ap2.1477","evm.model.Ap2.1477","Apoc","OG_6139",0,1,1
"evm.model.Ap2.1533","evm.model.Ap2.1533","Apoc","OG_1825",0,1,1
"evm.model.Ap2.1563","evm.model.Ap2.1563","Apoc","OG_10874",0,0,1
"evm.model.Ap2.1570","evm.model.Ap2.1570","Apoc","OG_1828",0,1,1
"evm.model.Ap2.1643","evm.model.Ap2.1643","Apoc","OG_264",0,1,1
"evm.model.Ap2.1649","evm.model.Ap2.1649","Apoc","OG_10845",0,1,1
"evm.model.Ap2.1666","evm.model.Ap2.1666","Apoc","OG_722",0,1,1
"evm.model.Ap2.1780","evm.model.Ap2.1780","Apoc","OG_5176",0,1,1
"evm.model.Ap2.1791","evm.model.Ap2.1791","Apoc","OG_10921",0,1,1
"evm.model.Ap2.1854","evm.model.Ap2.1854","Apoc","OG_2081",0,1,1
"evm.model.Ap2.1897","evm.model.Ap2.1897","Apoc","OG_11130",0,1,1
"evm.model.Ap2.1930","evm.model.Ap2.1930","Apoc","OG_11296",0,1,1
"evm.model.Ap2.1983","evm.model.Ap2.1983","Apoc","OG_2001",0,1,1
"evm.model.Ap2.2028","evm.model.Ap2.2028","Apoc","OG_11208",0,0,1
"evm.model.Ap2.2046","evm.model.Ap2.2046","Apoc","OG_1977",0,1,1
"evm.model.Ap2.2096","evm.model.Ap2.2096","Apoc","OG_500",0,1,1
"evm.model.Ap2.2135","evm.model.Ap2.2135","Apoc","OG_1513",0,0,1
"evm.model.Ap2.2153","evm.model.Ap2.2153","Apoc","OG_11043",0,1,1
"evm.model.Ap2.2230","evm.model.Ap2.2230","Apoc","OG_12470",0,0,1
"evm.model.Ap2.2380","evm.model.Ap2.2380","Apoc","OG_11165",0,1,1
"evm.model.Ap2.2385","evm.model.Ap2.2385","Apoc","OG_198",0,1,1
"evm.model.Ap2.2425","evm.model.Ap2.2425","Apoc","OG_10788",0,0,1
"evm.model.Ap2.2622","evm.model.Ap2.2622","Apoc","OG_11273",0,0,1
"evm.model.Ap2.2650","evm.model.Ap2.2650","Apoc","OG_2108",0,1,1
"evm.model.Ap2.2772","evm.model.Ap2.2772","Apoc","OG_541",1,1,1
"evm.model.Ap2.2781","evm.model.Ap2.2781","Apoc","OG_628",0,0,1
"evm.model.Ap2.2816","evm.model.Ap2.2816","Apoc","OG_948",0,1,1
"evm.model.Ap2.2819","evm.model.Ap2.2819","Apoc","OG_895",1,1,1
"evm.model.Ap2.2853","evm.model.Ap2.2853","Apoc","OG_6227",0,0,1
"evm.model.Ap2.2895","evm.model.Ap2.2895","Apoc","OG_2041",0,1,1
"evm.model.Ap2.2940","evm.model.Ap2.2940","Apoc","OG_791",0,1,1
"evm.model.Ap2.2946","evm.model.Ap2.2946","Apoc","OG_11066",0,1,1
"evm.model.Ap2.2953","evm.model.Ap2.2953","Apoc","OG_1125",1,0,1
"evm.model.Ap2.2989","evm.model.Ap2.2989","Apoc","OG_1263",0,1,1
"evm.model.Ap2.2993","evm.model.Ap2.2993","Apoc","OG_655",0,1,1
"evm.model.Ap2.3007","evm.model.Ap2.3007","Apoc","OG_7404",0,1,1
"evm.model.Ap2.3011","evm.model.Ap2.3011","Apoc","OG_10531",0,0,1
"evm.model.Ap2.3019","evm.model.Ap2.3019","Apoc","OG_12471",0,0,1
"evm.model.Ap2.3024","evm.model.Ap2.3024","Apoc","OG_10910",0,0,1
"evm.model.Ap2.3030","evm.model.Ap2.3030","Apoc","OG_11204",0,1,1
"evm.model.Ap2.3172","evm.model.Ap2.3172","Apoc","OG_11235",0,1,1
"evm.model.Ap2.3175","evm.model.Ap2.3175","Apoc","OG_680",1,1,1
"evm.model.Ap2.3215","evm.model.Ap2.3215","Apoc","OG_10855",0,1,1
"evm.model.Ap2.3225","evm.model.Ap2.3225","Apoc","OG_10928",0,1,1
"evm.model.Ap2.3291","evm.model.Ap2.3291","Apoc","OG_6840",0,1,1
"evm.model.Ap2.3292","evm.model.Ap2.3292","Apoc","OG_2054",0,1,1
"evm.model.Ap2.3317","evm.model.Ap2.3317","Apoc","OG_189",0,1,1
"evm.model.Ap2.3349","evm.model.Ap2.3349","Apoc","OG_10898",0,0,1
"evm.model.Ap2.3389","evm.model.Ap2.3389","Apoc","OG_1956",0,0,1
"evm.model.Ap2.3457","evm.model.Ap2.3457","Apoc","OG_1945",0,1,1
"evm.model.Ap2.3535","evm.model.Ap2.3535","Apoc","OG_861",1,1,1
"evm.model.Ap2.3549","evm.model.Ap2.3549","Apoc","OG_1941",0,0,1
"evm.model.Ap2.3550","evm.model.Ap2.3550","Apoc","OG_372",0,1,1
"evm.model.Ap2.3561","evm.model.Ap2.3561","Apoc","OG_1103",0,1,1
"evm.model.Ap2.3573","evm.model.Ap2.3573","Apoc","OG_1103",0,1,1
"evm.model.Ap2.3611","evm.model.Ap2.3611","Apoc","OG_2068",0,0,1
"evm.model.Ap2.3665","evm.model.Ap2.3665","Apoc","OG_6766",0,0,1
"evm.model.Ap2.3677","evm.model.Ap2.3677","Apoc","OG_5463",0,1,1
"evm.model.Ap2.3702","evm.model.Ap2.3702","Apoc","OG_572",0,0,1
"evm.model.Ap2.3703","evm.model.Ap2.3703","Apoc","OG_372",0,1,1
"evm.model.Ap2.3742","evm.model.Ap2.3742","Apoc","OG_6535",1,1,1
"evm.model.Ap2.3780","evm.model.Ap2.3780","Apoc","OG_2028",0,1,1
"evm.model.Ap2.3855","evm.model.Ap2.3855","Apoc","OG_424",0,1,1
"evm.model.Ap2.3860","evm.model.Ap2.3860","Apoc","OG_2123",0,1,1
"evm.model.Ap2.3868","evm.model.Ap2.3868","Apoc","OG_916",0,1,1
"evm.model.Ap2.3895","evm.model.Ap2.3895","Apoc","OG_10916",0,1,1
"evm.model.Ap2.3897","evm.model.Ap2.3897","Apoc","OG_372",0,1,1
"evm.model.Ap2.3903","evm.model.Ap2.3903","Apoc","OG_10093",0,0,1
"evm.model.Ap2.4041","evm.model.Ap2.4041","Apoc","OG_10820",0,1,1
"evm.model.Ap2.4061","evm.model.Ap2.4061","Apoc","OG_2139",0,0,1
"evm.model.Ap2.4118","evm.model.Ap2.4118","Apoc","OG_2140",0,1,1
"evm.model.Ap2.4141","evm.model.Ap2.4141","Apoc","OG_9999",0,0,1
"evm.model.Ap3.10","evm.model.Ap3.10","Apoc","OG_2305",0,0,1
"evm.model.Ap3.24","evm.model.Ap3.24","Apoc","OG_6205",0,1,1
"evm.model.Ap3.31","evm.model.Ap3.31","Apoc","OG_5782",0,0,1
"evm.model.Ap3.133","evm.model.Ap3.133","Apoc","OG_8092",0,0,1
"evm.model.Ap3.148","evm.model.Ap3.148","Apoc","OG_8037",0,0,1
"evm.model.Ap3.195","evm.model.Ap3.195","Apoc","OG_882",0,1,1
"evm.model.Ap3.208","evm.model.Ap3.208","Apoc","OG_8102",0,1,1
"evm.model.Ap3.209","evm.model.Ap3.209","Apoc","OG_8101",0,1,1
"evm.model.Ap3.215","evm.model.Ap3.215","Apoc","OG_7914",0,1,1
"evm.model.Ap3.235","evm.model.Ap3.235","Apoc","OG_5775",0,0,1
"evm.model.Ap3.238","evm.model.Ap3.238","Apoc","OG_2323",0,1,1
"evm.model.Ap3.239","evm.model.Ap3.239","Apoc","OG_8051",0,1,1
"evm.model.Ap3.287","evm.model.Ap3.287","Apoc","OG_929",1,1,1
"evm.model.Ap3.364","evm.model.Ap3.364","Apoc","OG_2378",0,1,1
"evm.model.Ap3.367","evm.model.Ap3.367","Apoc","OG_7884",0,1,1
"evm.model.Ap3.465","evm.model.Ap3.465","Apoc","OG_2385",0,1,1
"evm.model.Ap3.491","evm.model.Ap3.491","Apoc","OG_2392",0,1,1
"evm.model.Ap3.602","evm.model.Ap3.602","Apoc","OG_2402",0,1,1
"evm.model.Ap3.667","evm.model.Ap3.667","Apoc","OG_7810",0,0,1
"evm.model.Ap3.686","evm.model.Ap3.686","Apoc","OG_1263",0,1,1
"evm.model.Ap3.718","evm.model.Ap3.718","Apoc","OG_7783",0,1,1
"evm.model.Ap3.746","evm.model.Ap3.746","Apoc","OG_7844",0,1,1
"evm.model.Ap3.747","evm.model.Ap3.747","Apoc","OG_5380",0,1,1
"evm.model.Ap3.849","evm.model.Ap3.849","Apoc","OG_2419",0,1,1
"evm.model.Ap3.854","evm.model.Ap3.854","Apoc","OG_2418",0,1,1
"evm.model.Ap3.1061","evm.model.Ap3.1061","Apoc","OG_7088",1,0,1
"evm.model.Ap3.1062","evm.model.Ap3.1062","Apoc","OG_6537",0,0,1
"evm.model.Ap3.1097","evm.model.Ap3.1097","Apoc","OG_564",0,1,1
"evm.model.Ap3.1107","evm.model.Ap3.1107","Apoc","OG_2618",0,1,1
"evm.model.Ap3.1127","evm.model.Ap3.1127","Apoc","OG_8021",0,0,1
"evm.model.Ap3.1162","evm.model.Ap3.1162","Apoc","OG_2467",0,0,1
"evm.model.Ap3.1176","evm.model.Ap3.1176","Apoc","OG_7724",0,0,1
"evm.model.Ap3.1210","evm.model.Ap3.1210","Apoc","OG_8043",0,1,1
"evm.model.Ap3.1289","evm.model.Ap3.1289","Apoc","OG_6565",0,1,1
"evm.model.Ap3.1309","evm.model.Ap3.1309","Apoc","OG_914",0,1,1
"evm.model.Ap3.1323","evm.model.Ap3.1323","Apoc","OG_8070",0,1,1
"evm.model.Ap3.1327","evm.model.Ap3.1327","Apoc","OG_368",0,0,1
"evm.model.Ap3.1328","evm.model.Ap3.1328","Apoc","OG_367",0,1,1
"evm.model.Ap3.1360","evm.model.Ap3.1360","Apoc","OG_2505",0,1,1
"evm.model.Ap3.1401","evm.model.Ap3.1401","Apoc","OG_2446",0,0,1
"evm.model.Ap3.1409","evm.model.Ap3.1409","Apoc","OG_5395",0,1,1
"evm.model.Ap3.1410","evm.model.Ap3.1410","Apoc","OG_12683",0,1,1
"evm.model.Ap3.1412","evm.model.Ap3.1412","Apoc","OG_722",0,1,1
"evm.model.Ap3.1421","evm.model.Ap3.1421","Apoc","OG_555",0,1,1
"evm.model.Ap3.1435","evm.model.Ap3.1435","Apoc","OG_7739",0,0,1
"evm.model.Ap3.1496","evm.model.Ap3.1496","Apoc","OG_285",0,1,1
"evm.model.Ap3.1601","evm.model.Ap3.1601","Apoc","OG_7897",0,1,1
"evm.model.Ap3.1604","evm.model.Ap3.1604","Apoc","OG_7896",0,1,1
"evm.model.Ap3.1605","evm.model.Ap3.1605","Apoc","OG_2523",0,1,1
"evm.model.Ap3.1663","evm.model.Ap3.1663","Apoc","OG_186",1,1,1
"evm.model.Ap3.1755","evm.model.Ap3.1755","Apoc","OG_2514",0,1,1
"evm.model.Ap3.1806","evm.model.Ap3.1806","Apoc","OG_2513",0,1,1
"evm.model.Ap3.1824","evm.model.Ap3.1824","Apoc","OG_8078",0,1,1
"evm.model.Ap3.1825","evm.model.Ap3.1825","Apoc","OG_2510",0,0,1
"evm.model.Ap3.1831","evm.model.Ap3.1831","Apoc","OG_7732",0,1,1
"evm.model.Ap3.1905","evm.model.Ap3.1905","Apoc","OG_8056",0,1,1
"evm.model.Ap3.1935","evm.model.Ap3.1935","Apoc","OG_6397",1,1,1
"evm.model.Ap3.1994","evm.model.Ap3.1994","Apoc","OG_7756",1,1,1
"evm.model.Ap3.2057","evm.model.Ap3.2057","Apoc","OG_7211",0,1,1
"evm.model.Ap3.2059","evm.model.Ap3.2059","Apoc","OG_2558",0,1,1
"evm.model.Ap3.2093","evm.model.Ap3.2093","Apoc","OG_2562",0,1,1
"evm.model.Ap3.2101","evm.model.Ap3.2101","Apoc","OG_7777",0,1,1
"evm.model.Ap3.2102","evm.model.Ap3.2102","Apoc","OG_7779",0,0,1
"evm.model.Ap3.2109","evm.model.Ap3.2109","Apoc","OG_7776",0,1,1
"evm.model.Ap3.2129","evm.model.Ap3.2129","Apoc","OG_7841",0,1,1
"evm.model.Ap3.2136","evm.model.Ap3.2136","Apoc","OG_7841",0,1,1
"evm.model.Ap3.2137","evm.model.Ap3.2137","Apoc","OG_6594",0,0,1
"evm.model.Ap3.2173","evm.model.Ap3.2173","Apoc","OG_8084",0,1,1
"evm.model.Ap3.2218","evm.model.Ap3.2218","Apoc","OG_555",0,1,1
"evm.model.Ap3.2267","evm.model.Ap3.2267","Apoc","OG_1315",0,1,1
"evm.model.Ap3.2363","evm.model.Ap3.2363","Apoc","OG_2603",0,1,1
"evm.model.Ap3.2413","evm.model.Ap3.2413","Apoc","OG_7965",0,1,1
"evm.model.Ap3.2431","evm.model.Ap3.2431","Apoc","OG_6397",1,1,1
"evm.model.Ap3.2432","evm.model.Ap3.2432","Apoc","OG_6397",1,1,1
"evm.model.Ap3.2433","evm.model.Ap3.2433","Apoc","OG_284",1,1,1
"evm.model.Ap3.2440","evm.model.Ap3.2440","Apoc","OG_8045",0,0,1
"evm.model.Ap3.2443","evm.model.Ap3.2443","Apoc","OG_7905",0,1,1
"evm.model.Ap3.2503","evm.model.Ap3.2503","Apoc","OG_7830",0,1,1
"evm.model.Ap4.13","evm.model.Ap4.13","Apoc","OG_12060",0,1,1
"evm.model.Ap4.21","evm.model.Ap4.21","Apoc","OG_7438",0,1,1
"evm.model.Ap4.71","evm.model.Ap4.71","Apoc","OG_687",0,1,1
"evm.model.Ap4.99","evm.model.Ap4.99","Apoc","OG_5734",0,0,1
"evm.model.Ap4.104","evm.model.Ap4.104","Apoc","OG_873",0,1,1
"evm.model.Ap4.107","evm.model.Ap4.107","Apoc","OG_596",1,1,1
"evm.model.Ap4.111","evm.model.Ap4.111","Apoc","OG_1349",0,1,1
"evm.model.Ap4.115","evm.model.Ap4.115","Apoc","OG_1445",0,0,1
"evm.model.Ap4.171","evm.model.Ap4.171","Apoc","OG_6320",0,0,1
"evm.model.Ap4.217","evm.model.Ap4.217","Apoc","OG_516",1,0,1
"evm.model.Ap4.268","evm.model.Ap4.268","Apoc","OG_5751",0,0,1
"evm.model.Ap4.410","evm.model.Ap4.410","Apoc","OG_41",0,1,1
"evm.model.Ap4.433","evm.model.Ap4.433","Apoc","OG_44",0,0,1
"evm.model.Ap4.472","evm.model.Ap4.472","Apoc","OG_257",1,1,1
"evm.model.Ap4.521","evm.model.Ap4.521","Apoc","OG_10506",0,1,1
"evm.model.Ap4.522","evm.model.Ap4.522","Apoc","OG_12312",0,1,1
"evm.model.Ap4.540","evm.model.Ap4.540","Apoc","OG_7201",1,1,1
"evm.model.Ap4.545","evm.model.Ap4.545","Apoc","OG_623",0,1,1
"evm.model.Ap4.558","evm.model.Ap4.558","Apoc","OG_9777",0,1,1
"evm.model.Ap4.573","evm.model.Ap4.573","Apoc","OG_6543",0,0,1
"evm.model.Ap4.785","evm.model.Ap4.785","Apoc","OG_11953",0,0,1
"evm.model.Ap4.825","evm.model.Ap4.825","Apoc","OG_59",0,1,1
"evm.model.Ap4.828","evm.model.Ap4.828","Apoc","OG_11870",0,0,1
"evm.model.Ap4.834","evm.model.Ap4.834","Apoc","OG_5101",0,1,1
"evm.model.Ap4.873","evm.model.Ap4.873","Apoc","OG_264",0,1,1
"evm.model.Ap4.893","evm.model.Ap4.893","Apoc","OG_12176",0,1,1
"evm.model.Ap4.917","evm.model.Ap4.917","Apoc","OG_12162",0,0,1
"evm.model.Ap4.922","evm.model.Ap4.922","Apoc","OG_11965",1,0,1
"evm.model.Ap4.1007","evm.model.Ap4.1007","Apoc","OG_301",0,1,1
"evm.model.Ap4.1023","evm.model.Ap4.1023","Apoc","OG_176",1,1,1
"evm.model.Ap4.1025","evm.model.Ap4.1025","Apoc","OG_12207",0,0,1
"evm.model.Ap4.1137","evm.model.Ap4.1137","Apoc","OG_12284",0,1,1
"evm.model.Ap4.1147","evm.model.Ap4.1147","Apoc","OG_45",0,1,1
"evm.model.Ap4.1287","evm.model.Ap4.1287","Apoc","OG_79",0,1,1
"evm.model.Ap4.1296","evm.model.Ap4.1296","Apoc","OG_12145",0,1,1
"evm.model.Ap4.1338","evm.model.Ap4.1338","Apoc","OG_12276",0,1,1
"evm.model.Ap4.1356","evm.model.Ap4.1356","Apoc","OG_12597",0,1,1
"evm.model.Ap4.1364","evm.model.Ap4.1364","Apoc","OG_487",0,1,1
"evm.model.Ap4.1385","evm.model.Ap4.1385","Apoc","OG_744",0,1,1
"evm.model.Ap4.1389","evm.model.Ap4.1389","Apoc","OG_910",1,0,1
"evm.model.Ap4.1391","evm.model.Ap4.1391","Apoc","OG_910",1,0,1
"evm.model.Ap4.1394","evm.model.Ap4.1394","Apoc","OG_901",0,1,1
"evm.model.Ap4.1397","evm.model.Ap4.1397","Apoc","OG_1362",1,0,1
"evm.model.Ap4.1455","evm.model.Ap4.1455","Apoc","OG_12386",0,1,1
"evm.model.Ap4.1513","evm.model.Ap4.1513","Apoc","OG_6534",0,0,1
"evm.model.Ap4.1539","evm.model.Ap4.1539","Apoc","OG_454",1,1,1
"evm.model.Ap4.1543","evm.model.Ap4.1543","Apoc","OG_12746",0,1,1
"evm.model.Ap4.1545","evm.model.Ap4.1545","Apoc","OG_406",1,1,1
"evm.model.Ap4.1568","evm.model.Ap4.1568","Apoc","OG_876",0,1,1
"evm.model.Ap4.1572","evm.model.Ap4.1572","Apoc","OG_860",1,1,1
"evm.model.Ap4.1613","evm.model.Ap4.1613","Apoc","OG_186",1,1,1
"evm.model.Ap4.1821","evm.model.Ap4.1821","Apoc","OG_690",0,0,1
"evm.model.Ap4.1872","evm.model.Ap4.1872","Apoc","OG_714",0,1,1
"evm.model.Ap4.1934","evm.model.Ap4.1934","Apoc","OG_993",1,1,1
"evm.model.Ap4.1941","evm.model.Ap4.1941","Apoc","OG_1105",1,1,1
"evm.model.Ap4.1950","evm.model.Ap4.1950","Apoc","OG_1105",1,1,1
"evm.model.Ap4.1961","evm.model.Ap4.1961","Apoc","OG_1104",0,0,1
"evm.model.Ap4.1990","evm.model.Ap4.1990","Apoc","OG_301",0,1,1
"evm.model.Ap4.2017","evm.model.Ap4.2017","Apoc","OG_571",0,1,1
"evm.model.Ap4.2035","evm.model.Ap4.2035","Apoc","OG_12753",0,1,1
"evm.model.Ap4.2045","evm.model.Ap4.2045","Apoc","OG_1214",0,1,1
"evm.model.Ap4.2050","evm.model.Ap4.2050","Apoc","OG_1558",0,0,1
"evm.model.Ap4.2074","evm.model.Ap4.2074","Apoc","OG_406",1,1,1
"evm.model.Ap4.2082","evm.model.Ap4.2082","Apoc","OG_704",1,1,1
"evm.model.Ap4.2110","evm.model.Ap4.2110","Apoc","OG_6609",0,0,1
"evm.model.Ap4.2112","evm.model.Ap4.2112","Apoc","OG_6609",0,0,1
"evm.model.Ap4.2114","evm.model.Ap4.2114","Apoc","OG_6609",0,0,1
"evm.model.Ap4.2116","evm.model.Ap4.2116","Apoc","OG_6609",0,0,1
"evm.model.Ap4.2117","evm.model.Ap4.2117","Apoc","OG_12035",0,1,1
"evm.model.Ap4.2119","evm.model.Ap4.2119","Apoc","OG_6355",0,0,1
"evm.model.Ap4.2130","evm.model.Ap4.2130","Apoc","OG_5125",1,1,1
"evm.model.Ap4.2179","evm.model.Ap4.2179","Apoc","OG_424",0,1,1
"evm.model.Ap4.2190","evm.model.Ap4.2190","Apoc","OG_755",0,1,1
"evm.model.Ap4.2204","evm.model.Ap4.2204","Apoc","OG_711",0,1,1
"evm.model.Ap4.2219","evm.model.Ap4.2219","Apoc","OG_946",0,1,1
"evm.model.Ap4.2251","evm.model.Ap4.2251","Apoc","OG_6226",0,1,1
"evm.model.Ap4.2262","evm.model.Ap4.2262","Apoc","OG_894",0,1,1
"evm.model.Ap4.2271","evm.model.Ap4.2271","Apoc","OG_560",0,1,1
"evm.model.Ap4.2291","evm.model.Ap4.2291","Apoc","OG_12502",0,0,1
"evm.model.Ap4.2309","evm.model.Ap4.2309","Apoc","OG_746",0,1,1
"evm.model.Ap4.2311","evm.model.Ap4.2311","Apoc","OG_1344",0,1,1
"evm.model.Ap4.2314","evm.model.Ap4.2314","Apoc","OG_680",1,1,1
"evm.model.Ap4.2318","evm.model.Ap4.2318","Apoc","OG_199",0,1,1
"evm.model.Ap4.2321","evm.model.Ap4.2321","Apoc","OG_1078",0,1,1
"evm.model.Ap4.2344","evm.model.Ap4.2344","Apoc","OG_946",0,1,1
"evm.model.Ap4.2426","evm.model.Ap4.2426","Apoc","OG_1537",0,1,1
"evm.model.Ap4.2435","evm.model.Ap4.2435","Apoc","OG_149",1,1,1
"evm.model.Ap4.2443","evm.model.Ap4.2443","Apoc","OG_745",1,1,1
"evm.model.Ap4.2446","evm.model.Ap4.2446","Apoc","OG_568",1,1,1
"evm.model.Ap4.2454","evm.model.Ap4.2454","Apoc","OG_744",0,1,1
"evm.model.Ap4.2490","evm.model.Ap4.2490","Apoc","OG_714",0,1,1
"evm.model.Ap4.2496","evm.model.Ap4.2496","Apoc","OG_773",1,1,1
"evm.model.Ap4.2502","evm.model.Ap4.2502","Apoc","OG_568",1,1,1
"evm.model.Ap4.2511","evm.model.Ap4.2511","Apoc","OG_12215",0,0,1
"evm.model.Ap4.2524","evm.model.Ap4.2524","Apoc","OG_286",0,1,1
"evm.model.Ap4.2526","evm.model.Ap4.2526","Apoc","OG_682",1,1,1
"evm.model.Ap4.2530","evm.model.Ap4.2530","Apoc","OG_856",0,1,1
"evm.model.Ap4.2534","evm.model.Ap4.2534","Apoc","OG_171",0,1,1
"evm.model.Ap4.2535","evm.model.Ap4.2535","Apoc","OG_1078",0,1,1
"evm.model.Ap4.2540","evm.model.Ap4.2540","Apoc","OG_470",1,1,1
"evm.model.Ap4.2559","evm.model.Ap4.2559","Apoc","OG_698",0,1,1
"evm.model.Ap4.2579","evm.model.Ap4.2579","Apoc","OG_803",0,0,1
"evm.model.Ap4.2624","evm.model.Ap4.2624","Apoc","OG_332",0,1,1
"evm.model.Ap4.2635","evm.model.Ap4.2635","Apoc","OG_771",1,1,1
"evm.model.Ap4.2659","evm.model.Ap4.2659","Apoc","OG_714",0,1,1
"evm.model.Ap4.2687","evm.model.Ap4.2687","Apoc","OG_1050",0,1,1
"evm.model.Ap4.2692","evm.model.Ap4.2692","Apoc","OG_516",1,0,1
"evm.model.Ap4.2702","evm.model.Ap4.2702","Apoc","OG_879",1,1,1
"evm.model.Ap4.2743","evm.model.Ap4.2743","Apoc","OG_480",0,0,1
"evm.model.Ap4.2747","evm.model.Ap4.2747","Apoc","OG_757",1,1,1
"evm.model.Ap4.2795","evm.model.Ap4.2795","Apoc","OG_725",1,1,1
"evm.model.Ap4.2799","evm.model.Ap4.2799","Apoc","OG_773",1,1,1
"evm.model.Ap4.2816","evm.model.Ap4.2816","Apoc","OG_509",0,1,1
"evm.model.Ap4.2820","evm.model.Ap4.2820","Apoc","OG_509",0,1,1
"evm.model.Ap4.2821","evm.model.Ap4.2821","Apoc","OG_509",0,1,1
"evm.model.Ap4.2828","evm.model.Ap4.2828","Apoc","OG_256",0,1,1
"evm.model.Ap4.2859","evm.model.Ap4.2859","Apoc","OG_434",0,1,1
"evm.model.Ap4.2860","evm.model.Ap4.2860","Apoc","OG_736",0,1,1
"evm.model.Ap4.2867","evm.model.Ap4.2867","Apoc","OG_731",0,0,1
"evm.model.Ap4.2868","evm.model.Ap4.2868","Apoc","OG_682",1,1,1
"evm.model.Ap4.2869","evm.model.Ap4.2869","Apoc","OG_434",0,1,1
"evm.model.Ap4.2915","evm.model.Ap4.2915","Apoc","OG_12165",0,1,1
"evm.model.Ap4.2918","evm.model.Ap4.2918","Apoc","OG_12164",0,1,1
"evm.model.Ap4.2936","evm.model.Ap4.2936","Apoc","OG_431",1,0,1
"evm.model.Ap4.2944","evm.model.Ap4.2944","Apoc","OG_355",0,0,1
"evm.model.Ap4.2965","evm.model.Ap4.2965","Apoc","OG_555",0,1,1
"evm.model.Ap4.2968","evm.model.Ap4.2968","Apoc","OG_216",1,1,1
"evm.model.Ap4.3017","evm.model.Ap4.3017","Apoc","OG_1171",0,1,1
"evm.model.Ap4.3018","evm.model.Ap4.3018","Apoc","OG_1171",0,1,1
"evm.model.Ap4.3021","evm.model.Ap4.3021","Apoc","OG_216",1,1,1
"evm.model.Ap4.3029","evm.model.Ap4.3029","Apoc","OG_653",0,1,1
"evm.model.Ap4.3035","evm.model.Ap4.3035","Apoc","OG_443",0,1,1
"evm.model.Ap4.3055","evm.model.Ap4.3055","Apoc","OG_551",0,1,1
"evm.model.Ap4.3056","evm.model.Ap4.3056","Apoc","OG_324",0,1,1
"evm.model.Ap4.3098","evm.model.Ap4.3098","Apoc","OG_1048",0,1,1
"evm.model.Ap4.3113","evm.model.Ap4.3113","Apoc","OG_6368",0,1,1
"evm.model.Ap4.3114","evm.model.Ap4.3114","Apoc","OG_6368",0,1,1
"evm.model.Ap4.3118","evm.model.Ap4.3118","Apoc","OG_11898",0,1,1
"evm.model.Ap4.3120","evm.model.Ap4.3120","Apoc","OG_6368",0,1,1
"evm.model.Ap4.3121","evm.model.Ap4.3121","Apoc","OG_6368",0,1,1
"evm.model.Ap4.3135","evm.model.Ap4.3135","Apoc","OG_1537",0,1,1
"evm.model.Ap4.3147","evm.model.Ap4.3147","Apoc","OG_1123",0,1,1
"evm.model.Ap4.3179","evm.model.Ap4.3179","Apoc","OG_673",0,1,1
"evm.model.Ap4.3195","evm.model.Ap4.3195","Apoc","OG_631",1,1,1
"evm.model.Ap4.3199","evm.model.Ap4.3199","Apoc","OG_794",1,1,1
"evm.model.Ap4.3232","evm.model.Ap4.3232","Apoc","OG_725",1,1,1
"evm.model.Ap4.3237","evm.model.Ap4.3237","Apoc","OG_5138",0,1,1
"evm.model.Ap4.3238","evm.model.Ap4.3238","Apoc","OG_1194",0,1,1
"evm.model.Ap4.3255","evm.model.Ap4.3255","Apoc","OG_12744",0,1,1
"evm.model.Ap4.3265","evm.model.Ap4.3265","Apoc","OG_993",1,1,1
"evm.model.Ap4.3272","evm.model.Ap4.3272","Apoc","OG_771",1,1,1
"evm.model.Ap4.3288","evm.model.Ap4.3288","Apoc","OG_701",1,0,1
"evm.model.Ap4.3334","evm.model.Ap4.3334","Apoc","OG_867",0,1,1
"evm.model.Ap4.3337","evm.model.Ap4.3337","Apoc","OG_509",0,1,1
"evm.model.Ap4.3361","evm.model.Ap4.3361","Apoc","OG_208",0,1,1
"evm.model.Ap4.3394","evm.model.Ap4.3394","Apoc","OG_172",0,0,1
"evm.model.Ap4.3424","evm.model.Ap4.3424","Apoc","OG_983",0,1,1
"evm.model.Ap4.3428","evm.model.Ap4.3428","Apoc","OG_198",0,1,1
"evm.model.Ap4.3470","evm.model.Ap4.3470","Apoc","OG_424",0,1,1
"evm.model.Ap4.3493","evm.model.Ap4.3493","Apoc","OG_288",0,1,1
"evm.model.Ap4.3520","evm.model.Ap4.3520","Apoc","OG_270",1,1,1
"evm.model.Ap4.3531","evm.model.Ap4.3531","Apoc","OG_1079",0,1,1
"evm.model.Ap4.3609","evm.model.Ap4.3609","Apoc","OG_1163",0,0,1
"evm.model.Ap4.3622","evm.model.Ap4.3622","Apoc","OG_408",1,1,1
"evm.model.Ap4.3640","evm.model.Ap4.3640","Apoc","OG_921",1,1,1
"evm.model.Ap4.3645","evm.model.Ap4.3645","Apoc","OG_1015",0,1,1
"evm.model.Ap4.3647","evm.model.Ap4.3647","Apoc","OG_715",0,1,1
"evm.model.Ap4.3648","evm.model.Ap4.3648","Apoc","OG_276",0,1,1
"evm.model.Ap4.3698","evm.model.Ap4.3698","Apoc","OG_867",0,1,1
"evm.model.Ap4.3719","evm.model.Ap4.3719","Apoc","OG_12518",0,1,1
"evm.model.Ap4.3742","evm.model.Ap4.3742","Apoc","OG_448",1,1,1
"evm.model.Ap4.3750","evm.model.Ap4.3750","Apoc","OG_5071",0,1,1
"evm.model.Ap4.3751","evm.model.Ap4.3751","Apoc","OG_702",0,1,1
"evm.model.Ap4.3752","evm.model.Ap4.3752","Apoc","OG_741",1,1,1
"evm.model.Ap4.3753","evm.model.Ap4.3753","Apoc","OG_823",0,1,1
"evm.model.Ap4.3764","evm.model.Ap4.3764","Apoc","OG_720",0,1,1
"evm.model.Ap4.3772","evm.model.Ap4.3772","Apoc","OG_867",0,1,1
"evm.model.Ap4.3778","evm.model.Ap4.3778","Apoc","OG_238",0,1,1
"evm.model.Ap4.3779","evm.model.Ap4.3779","Apoc","OG_704",1,1,1
"evm.model.Ap4.3801","evm.model.Ap4.3801","Apoc","OG_170",1,1,1
"evm.model.Ap4.3834","evm.model.Ap4.3834","Apoc","OG_706",0,1,1
"evm.model.Ap4.3841","evm.model.Ap4.3841","Apoc","OG_867",0,1,1
"evm.model.Ap4.3843","evm.model.Ap4.3843","Apoc","OG_6316",0,0,1
"evm.model.Ap4.3848","evm.model.Ap4.3848","Apoc","OG_6316",0,0,1
"evm.model.Ap4.3852","evm.model.Ap4.3852","Apoc","OG_6316",0,0,1
"evm.model.Ap4.3866","evm.model.Ap4.3866","Apoc","OG_12355",0,1,1
"evm.model.Ap4.3867","evm.model.Ap4.3867","Apoc","OG_983",0,1,1
"evm.model.Ap4.3868","evm.model.Ap4.3868","Apoc","OG_12355",0,1,1
"evm.model.Ap4.3881","evm.model.Ap4.3881","Apoc","OG_957",0,1,1
"evm.model.Ap4.3886","evm.model.Ap4.3886","Apoc","OG_5108",0,1,1
"evm.model.Ap4.3889","evm.model.Ap4.3889","Apoc","OG_9748",0,1,1
"evm.model.Ap4.3901","evm.model.Ap4.3901","Apoc","OG_12507",0,1,1
"evm.model.Ap4.3922","evm.model.Ap4.3922","Apoc","OG_12507",0,1,1
"evm.model.Ap4.3927","evm.model.Ap4.3927","Apoc","OG_901",0,1,1
"evm.model.Ap4.3941","evm.model.Ap4.3941","Apoc","OG_713",0,1,1
"evm.model.Ap4.3942","evm.model.Ap4.3942","Apoc","OG_957",0,1,1
"evm.model.Ap4.3964","evm.model.Ap4.3964","Apoc","OG_241",1,1,1
"evm.model.Ap4.4012","evm.model.Ap4.4012","Apoc","OG_698",0,1,1
"evm.model.Ap4.4015","evm.model.Ap4.4015","Apoc","OG_909",0,1,1
"evm.model.Ap4.4019","evm.model.Ap4.4019","Apoc","OG_443",0,1,1
"evm.model.Ap4.4032","evm.model.Ap4.4032","Apoc","OG_1041",0,1,1
"evm.model.Ap4.4035","evm.model.Ap4.4035","Apoc","OG_1041",0,1,1
"evm.model.Ap4.4043","evm.model.Ap4.4043","Apoc","OG_736",0,1,1
"evm.model.Ap4.4112","evm.model.Ap4.4112","Apoc","OG_867",0,1,1
"evm.model.Ap4.4127","evm.model.Ap4.4127","Apoc","OG_724",0,0,1
"evm.model.Ap4.4148","evm.model.Ap4.4148","Apoc","OG_12211",0,1,1
"evm.model.Ap4.4152","evm.model.Ap4.4152","Apoc","OG_6366",0,1,1
"evm.model.Ap4.4167","evm.model.Ap4.4167","Apoc","OG_709",0,1,1
"evm.model.Ap4.4169","evm.model.Ap4.4169","Apoc","OG_12744",0,1,1
"evm.model.Ap4.4175","evm.model.Ap4.4175","Apoc","OG_726",0,1,1
"evm.model.Ap4.4270","evm.model.Ap4.4270","Apoc","OG_157",0,0,1
"evm.model.Ap4.4294","evm.model.Ap4.4294","Apoc","OG_970",0,1,1
"evm.model.Ap4.4303","evm.model.Ap4.4303","Apoc","OG_12416",0,1,1
"evm.model.Ap4.4313","evm.model.Ap4.4313","Apoc","OG_1082",1,0,1
"evm.model.Ap4.4330","evm.model.Ap4.4330","Apoc","OG_993",1,1,1
"evm.model.Ap4.4334","evm.model.Ap4.4334","Apoc","OG_332",0,1,1
"evm.model.Ap4.4337","evm.model.Ap4.4337","Apoc","OG_286",0,1,1
"evm.model.Ap4.4366","evm.model.Ap4.4366","Apoc","OG_12522",0,1,1
"evm.model.Ap4.4378","evm.model.Ap4.4378","Apoc","OG_742",0,0,1
"evm.model.Ap4.4386","evm.model.Ap4.4386","Apoc","OG_916",0,1,1
"evm.model.Ap4.4388","evm.model.Ap4.4388","Apoc","OG_742",0,0,1
"evm.model.Ap4.4427","evm.model.Ap4.4427","Apoc","OG_276",0,1,1
"evm.model.Ap4.4450","evm.model.Ap4.4450","Apoc","OG_725",1,1,1
"evm.model.Ap4.4460","evm.model.Ap4.4460","Apoc","OG_771",1,1,1
"evm.model.Ap4.4469","evm.model.Ap4.4469","Apoc","OG_216",1,1,1
"evm.model.Ap4.4500","evm.model.Ap4.4500","Apoc","OG_559",0,1,1
"evm.model.Ap4.4506","evm.model.Ap4.4506","Apoc","OG_1176",0,1,1
"evm.model.Ap4.4522","evm.model.Ap4.4522","Apoc","OG_731",0,0,1
"evm.model.Ap4.4531","evm.model.Ap4.4531","Apoc","OG_1231",0,1,1
"evm.model.Ap4.4532","evm.model.Ap4.4532","Apoc","OG_745",1,1,1
"evm.model.Ap4.4544","evm.model.Ap4.4544","Apoc","OG_541",1,1,1
"evm.model.Ap4.4562","evm.model.Ap4.4562","Apoc","OG_1104",0,0,1
"evm.model.Ap4.4598","evm.model.Ap4.4598","Apoc","OG_948",0,1,1
"evm.model.Ap4.4599","evm.model.Ap4.4599","Apoc","OG_604",1,1,1
"evm.model.Ap4.4651","evm.model.Ap4.4651","Apoc","OG_876",0,1,1
"evm.model.Ap4.4668","evm.model.Ap4.4668","Apoc","OG_685",0,1,1
"evm.model.Ap4.4672","evm.model.Ap4.4672","Apoc","OG_685",0,1,1
"evm.model.Ap4.4673","evm.model.Ap4.4673","Apoc","OG_685",0,1,1
"evm.model.Ap4.4674","evm.model.Ap4.4674","Apoc","OG_685",0,1,1
"evm.model.Ap4.4676","evm.model.Ap4.4676","Apoc","OG_685",0,1,1
"evm.model.Ap4.4677","evm.model.Ap4.4677","Apoc","OG_685",0,1,1
"evm.model.Ap4.4678","evm.model.Ap4.4678","Apoc","OG_685",0,1,1
"evm.model.Ap4.4679","evm.model.Ap4.4679","Apoc","OG_685",0,1,1
"evm.model.Ap4.4687","evm.model.Ap4.4687","Apoc","OG_682",1,1,1
"evm.model.Ap4.4693","evm.model.Ap4.4693","Apoc","OG_1104",0,0,1
"evm.model.Ap4.4697","evm.model.Ap4.4697","Apoc","OG_1263",0,1,1
"evm.model.Ap4.4716","evm.model.Ap4.4716","Apoc","OG_238",0,1,1
"evm.model.Ap4.4727","evm.model.Ap4.4727","Apoc","OG_1579",1,1,1
"evm.model.Ap4.4782","evm.model.Ap4.4782","Apoc","OG_696",0,1,1
"evm.model.Ap4.4785","evm.model.Ap4.4785","Apoc","OG_470",1,1,1
"evm.model.Ap4.4791","evm.model.Ap4.4791","Apoc","OG_6367",0,1,1
"evm.model.Ap4.4792","evm.model.Ap4.4792","Apoc","OG_1555",0,1,1
"evm.model.Ap4.4813","evm.model.Ap4.4813","Apoc","OG_888",0,1,1
"evm.model.Ap4.4814","evm.model.Ap4.4814","Apoc","OG_859",0,1,1
"evm.model.Ap4.4823","evm.model.Ap4.4823","Apoc","OG_470",1,1,1
"evm.model.Ap4.4830","evm.model.Ap4.4830","Apoc","OG_682",1,1,1
"evm.model.Ap4.4848","evm.model.Ap4.4848","Apoc","OG_169",0,1,1
"evm.model.Ap4.4861","evm.model.Ap4.4861","Apoc","OG_725",1,1,1
"evm.model.Ap4.4875","evm.model.Ap4.4875","Apoc","OG_1177",0,1,1
"evm.model.Ap4.4879","evm.model.Ap4.4879","Apoc","OG_11832",0,1,1
"evm.model.Ap4.4936","evm.model.Ap4.4936","Apoc","OG_730",0,0,1
"evm.model.Ap4.4962","evm.model.Ap4.4962","Apoc","OG_8648",0,0,1
"evm.model.Ap4.4972","evm.model.Ap4.4972","Apoc","OG_11988",0,1,1
"evm.model.Ap4.4986","evm.model.Ap4.4986","Apoc","OG_1103",0,1,1
"evm.model.Ap4.5012","evm.model.Ap4.5012","Apoc","OG_1595",0,1,1
"evm.model.Ap4.5023","evm.model.Ap4.5023","Apoc","OG_198",0,1,1
"evm.model.Ap4.5071","evm.model.Ap4.5071","Apoc","OG_163",0,0,1
"evm.model.Ap4.5079","evm.model.Ap4.5079","Apoc","OG_12150",0,1,1
"evm.model.Ap4.5143","evm.model.Ap4.5143","Apoc","OG_11844",1,0,1
"evm.model.Ap4.5236","evm.model.Ap4.5236","Apoc","OG_421",0,1,1
"evm.model.Ap4.5323","evm.model.Ap4.5323","Apoc","OG_6356",0,1,1
"evm.model.Ap4.5493","evm.model.Ap4.5493","Apoc","OG_11801",1,1,1
"evm.model.Ap4.5496","evm.model.Ap4.5496","Apoc","OG_1685",1,1,1
"evm.model.Ap4.5514","evm.model.Ap4.5514","Apoc","OG_11814",1,1,1
"evm.model.Ap4.5542","evm.model.Ap4.5542","Apoc","OG_157",0,0,1
"evm.model.Ap4.5543","evm.model.Ap4.5543","Apoc","OG_825",0,1,1
"evm.model.Ap4.5553","evm.model.Ap4.5553","Apoc","OG_12142",0,1,1
"evm.model.Ap4.5646","evm.model.Ap4.5646","Apoc","OG_12058",0,1,1
"evm.model.Ap4.5649","evm.model.Ap4.5649","Apoc","OG_12059",0,1,1
"evm.model.Ap4.5690","evm.model.Ap4.5690","Apoc","OG_12104",1,1,1
"evm.model.Ap4.5731","evm.model.Ap4.5731","Apoc","OG_264",0,1,1
"evm.model.Ap4.5749","evm.model.Ap4.5749","Apoc","OG_198",0,1,1
"evm.model.Ap4.5791","evm.model.Ap4.5791","Apoc","OG_757",1,1,1
"evm.model.Ap4.5869","evm.model.Ap4.5869","Apoc","OG_10651",1,0,1
"evm.model.Ap4.5992","evm.model.Ap4.5992","Apoc","OG_886",0,1,1
"evm.model.Ap4.5999","evm.model.Ap4.5999","Apoc","OG_748",0,1,1
"evm.model.Ap4.6028","evm.model.Ap4.6028","Apoc","OG_12052",0,1,1
"evm.model.Ap4.6075","evm.model.Ap4.6075","Apoc","OG_12115",0,1,1
"evm.model.Ap4.6111","evm.model.Ap4.6111","Apoc","OG_372",0,1,1
"evm.model.Ap4.6112","evm.model.Ap4.6112","Apoc","OG_372",0,1,1
"evm.model.Ap4.6310","evm.model.Ap4.6310","Apoc","OG_155",1,1,1
"evm.model.Ap4.6371","evm.model.Ap4.6371","Apoc","OG_1740",1,1,1
"evm.model.Ap4.6381","evm.model.Ap4.6381","Apoc","OG_11842",0,0,1
"evm.model.Ap4.6406","evm.model.Ap4.6406","Apoc","OG_10919",1,1,1
"evm.model.Ap4.6516","evm.model.Ap4.6516","Apoc","OG_703",1,1,1
"evm.model.Ap4.6560","evm.model.Ap4.6560","Apoc","OG_1613",0,1,1
"evm.model.Ap4.6582","evm.model.Ap4.6582","Apoc","OG_12135",0,1,1
"evm.model.Ap4.6590","evm.model.Ap4.6590","Apoc","OG_11926",0,0,1
"evm.model.Ap4.6622","evm.model.Ap4.6622","Apoc","OG_6631",1,1,1
"evm.model.Ap4.6699","evm.model.Ap4.6699","Apoc","OG_10241",0,0,1
"evm.model.Ap4.6785","evm.model.Ap4.6785","Apoc","OG_11905",0,0,1
"evm.model.Ap4.6792","evm.model.Ap4.6792","Apoc","OG_1017",0,1,1
"evm.model.Ap4.6836","evm.model.Ap4.6836","Apoc","OG_11902",1,1,1
"evm.model.Ap4.6846","evm.model.Ap4.6846","Apoc","OG_794",1,1,1
"evm.model.Ap4.6873","evm.model.Ap4.6873","Apoc","OG_6188",1,1,1
"evm.model.Ap4.6963","evm.model.Ap4.6963","Apoc","OG_5955",0,1,1
"evm.model.Ap4.6968","evm.model.Ap4.6968","Apoc","OG_427",0,1,1
"evm.model.Ap4.6984","evm.model.Ap4.6984","Apoc","OG_1767",0,1,1
"evm.model.Ap4.6985","evm.model.Ap4.6985","Apoc","OG_12185",0,0,1
"evm.model.Ap4.7000","evm.model.Ap4.7000","Apoc","OG_587",1,1,1
"evm.model.Ap4.7040","evm.model.Ap4.7040","Apoc","OG_11911",1,1,1
"evm.model.Ap4.7193","evm.model.Ap4.7193","Apoc","OG_678",0,1,1
"evm.model.Ap4.7223","evm.model.Ap4.7223","Apoc","OG_6586",1,0,1
"evm.model.Ap4.7242","evm.model.Ap4.7242","Apoc","OG_1264",0,1,1
"evm.model.Ap4.7247","evm.model.Ap4.7247","Apoc","OG_12086",1,1,1
"evm.model.Ap4.7268","evm.model.Ap4.7268","Apoc","OG_1782",0,1,1
"evm.model.Ap4.7280","evm.model.Ap4.7280","Apoc","OG_11851",0,1,1
"evm.model.Ap4.7291","evm.model.Ap4.7291","Apoc","OG_12188",1,1,1
"evm.model.Ap5.90","evm.model.Ap5.90","Apoc","OG_563",0,1,1
"evm.model.Ap5.137_evm.model.Ap5.140","evm.model.Ap5.137_evm.model.Ap5.140","Apoc","OG_8792",0,0,1
"evm.model.Ap5.160","evm.model.Ap5.160","Apoc","OG_8635",0,0,1
"evm.model.Ap5.203","evm.model.Ap5.203","Apoc","OG_7431",0,1,1
"evm.model.Ap5.206","evm.model.Ap5.206","Apoc","OG_3879",1,1,1
"evm.model.Ap5.227","evm.model.Ap5.227","Apoc","OG_424",0,1,1
"evm.model.Ap5.263","evm.model.Ap5.263","Apoc","OG_8854",0,0,1
"evm.model.Ap5.327","evm.model.Ap5.327","Apoc","OG_6669",1,0,1
"evm.model.Ap5.364","evm.model.Ap5.364","Apoc","OG_1062",0,1,1
"evm.model.Ap5.382","evm.model.Ap5.382","Apoc","OG_8746",0,0,1
"evm.model.Ap5.463","evm.model.Ap5.463","Apoc","OG_916",0,1,1
"evm.model.Ap5.465","evm.model.Ap5.465","Apoc","OG_916",0,1,1
"evm.model.Ap5.535","evm.model.Ap5.535","Apoc","OG_3891",1,1,1
"evm.model.Ap5.543","evm.model.Ap5.543","Apoc","OG_8768",0,1,1
"evm.model.Ap5.611","evm.model.Ap5.611","Apoc","OG_3915",1,1,1
"evm.model.Ap5.618","evm.model.Ap5.618","Apoc","OG_424",0,1,1
"evm.model.Ap5.646","evm.model.Ap5.646","Apoc","OG_227",1,1,1
"evm.model.Ap5.659_evm.model.Ap5.657","evm.model.Ap5.659_evm.model.Ap5.657","Apoc","OG_350",0,1,1
"evm.model.Ap5.690","evm.model.Ap5.690","Apoc","OG_8926",0,1,1
"evm.model.Ap5.735","evm.model.Ap5.735","Apoc","OG_8724",0,1,1
"evm.model.Ap5.736","evm.model.Ap5.736","Apoc","OG_8819",0,0,1
"evm.model.Ap5.777","evm.model.Ap5.777","Apoc","OG_8857",0,1,1
"evm.model.Ap5.906","evm.model.Ap5.906","Apoc","OG_5094",1,1,1
"evm.model.Ap5.928","evm.model.Ap5.928","Apoc","OG_3942",0,1,1
"evm.model.Ap5.938","evm.model.Ap5.938","Apoc","OG_8842",0,1,1
"evm.model.Ap5.941","evm.model.Ap5.941","Apoc","OG_8996",0,0,1
"evm.model.Ap5.974","evm.model.Ap5.974","Apoc","OG_3933",0,1,1
"evm.model.Ap5.987","evm.model.Ap5.987","Apoc","OG_6640",0,0,1
"evm.model.Ap5.1002","evm.model.Ap5.1002","Apoc","OG_5448",0,0,1
"evm.model.Ap5.1054","evm.model.Ap5.1054","Apoc","OG_3844",0,0,1
"evm.model.Ap5.1075","evm.model.Ap5.1075","Apoc","OG_424",0,1,1
"evm.model.Ap5.1111","evm.model.Ap5.1111","Apoc","OG_8638",1,0,1
"evm.model.Ap5.1112","evm.model.Ap5.1112","Apoc","OG_8760",1,0,1
"evm.model.Ap5.1119","evm.model.Ap5.1119","Apoc","OG_367",0,1,1
"evm.model.Ap5.1131","evm.model.Ap5.1131","Apoc","OG_5631",0,1,1
"evm.model.Ap5.1142","evm.model.Ap5.1142","Apoc","OG_3963",0,1,1
"evm.model.Ap5.1175","evm.model.Ap5.1175","Apoc","OG_3961",0,1,1
"evm.model.Ap5.1261","evm.model.Ap5.1261","Apoc","OG_3848",0,0,1
"evm.model.Ap5.1291","evm.model.Ap5.1291","Apoc","OG_3852",0,1,1
"evm.model.Ap5.1304","evm.model.Ap5.1304","Apoc","OG_368",0,0,1
"evm.model.Ap5.1408","evm.model.Ap5.1408","Apoc","OG_778",1,1,1
"evm.model.Ap5.1413","evm.model.Ap5.1413","Apoc","OG_778",1,1,1
"evm.model.Ap5.1421","evm.model.Ap5.1421","Apoc","OG_611",0,1,1
"evm.model.Ap5.1423","evm.model.Ap5.1423","Apoc","OG_778",1,1,1
"evm.model.Ap5.1458","evm.model.Ap5.1458","Apoc","OG_1263",0,1,1
"evm.model.Ap5.1459","evm.model.Ap5.1459","Apoc","OG_704",1,1,1
"evm.model.Ap5.1460","evm.model.Ap5.1460","Apoc","OG_704",1,1,1
"evm.model.Ap5.1525","evm.model.Ap5.1525","Apoc","OG_3860",0,1,1
"evm.model.Ap5.1902","evm.model.Ap5.1902","Apoc","OG_8821",0,0,1
"evm.model.Ap5.1984","evm.model.Ap5.1984","Apoc","OG_932",0,1,1
"evm.model.Ap5.2020","evm.model.Ap5.2020","Apoc","OG_555",0,1,1
"evm.model.Ap5.2061","evm.model.Ap5.2061","Apoc","OG_725",1,1,1
"evm.model.Ap5.2063","evm.model.Ap5.2063","Apoc","OG_4023",0,1,1
"evm.model.Ap5.2067","evm.model.Ap5.2067","Apoc","OG_8923",0,0,1
"evm.model.Ap5.2114","evm.model.Ap5.2114","Apoc","OG_424",0,1,1
"evm.model.Ap5.2110_evm.model.Ap5.2111_evm.model.Ap5.2120","evm.model.Ap5.2110_evm.model.Ap5.2111_evm.model.Ap5.2120","Apoc","OG_370",0,0,1
"evm.model.Ap5.2137","evm.model.Ap5.2137","Apoc","OG_8748",0,0,1
"evm.model.Ap5.2166","evm.model.Ap5.2166","Apoc","OG_3911",1,1,1
"evm.model.Ap5.2215","evm.model.Ap5.2215","Apoc","OG_5291",0,1,1
"evm.model.Ap5.2254","evm.model.Ap5.2254","Apoc","OG_1106",1,0,1
"evm.model.Ap5.2347","evm.model.Ap5.2347","Apoc","OG_227",1,1,1
"evm.model.Ap5.2475","evm.model.Ap5.2475","Apoc","OG_6343",0,0,1
"evm.model.Ap5.2476","evm.model.Ap5.2476","Apoc","OG_8682",0,1,1
"evm.model.Ap5.2506","evm.model.Ap5.2506","Apoc","OG_867",0,1,1
"evm.model.Ap5.2553","evm.model.Ap5.2553","Apoc","OG_424",0,1,1
"evm.model.Ap5.2579","evm.model.Ap5.2579","Apoc","OG_8843",1,0,1
"evm.model.Ap5.2585","evm.model.Ap5.2585","Apoc","OG_8966",0,0,1
"evm.model.Ap5.2591","evm.model.Ap5.2591","Apoc","OG_8678",0,1,1
"evm.model.Ap5.2593","evm.model.Ap5.2593","Apoc","OG_438",1,1,1
"evm.model.Ap5.2603","evm.model.Ap5.2603","Apoc","OG_424",0,1,1
"evm.model.Ap5.2605","evm.model.Ap5.2605","Apoc","OG_4001",0,0,1
"evm.model.Ap5.2722","evm.model.Ap5.2722","Apoc","OG_8894",1,1,1
"evm.model.Ap5.2738","evm.model.Ap5.2738","Apoc","OG_3987",0,0,1
"evm.model.Ap5.2772","evm.model.Ap5.2772","Apoc","OG_8850",1,1,1
"evm.model.Ap5.2792","evm.model.Ap5.2792","Apoc","OG_3982",1,1,1
"evm.model.Ap5.2820","evm.model.Ap5.2820","Apoc","OG_3975",1,1,1
"evm.model.Ap5.2879","evm.model.Ap5.2879","Apoc","OG_12395",0,0,1
"evm.model.Ap5.2882","evm.model.Ap5.2882","Apoc","OG_8661",0,1,1
"evm.model.Ap5.2888","evm.model.Ap5.2888","Apoc","OG_8662",0,1,1
"evm.model.Ap5.2907","evm.model.Ap5.2907","Apoc","OG_8761",1,1,1
"evm.model.Ap5.2924","evm.model.Ap5.2924","Apoc","OG_3974",0,1,1
"evm.model.Ap5.2936","evm.model.Ap5.2936","Apoc","OG_4048",1,1,1
"evm.model.Ap5.2942_evm.model.Ap5.2944","evm.model.Ap5.2942_evm.model.Ap5.2944","Apoc","OG_8706",1,1,1
"evm.model.Ap5.2943","evm.model.Ap5.2943","Apoc","OG_421",0,1,1
"evm.model.Ap6.20","evm.model.Ap6.20","Apoc","OG_5754",0,0,1
"evm.model.Ap6.32","evm.model.Ap6.32","Apoc","OG_10306",0,1,1
"evm.model.Ap6.55","evm.model.Ap6.55","Apoc","OG_5159",0,1,1
"evm.model.Ap6.72","evm.model.Ap6.72","Apoc","OG_940",0,1,1
"evm.model.Ap6.75","evm.model.Ap6.75","Apoc","OG_940",0,1,1
"evm.model.Ap6.146","evm.model.Ap6.146","Apoc","OG_4343",0,1,1
"evm.model.Ap6.153","evm.model.Ap6.153","Apoc","OG_4344",0,0,1
"evm.model.Ap6.199","evm.model.Ap6.199","Apoc","OG_6091",0,1,1
"evm.model.Ap6.203","evm.model.Ap6.203","Apoc","OG_4353",0,1,1
"evm.model.Ap6.224","evm.model.Ap6.224","Apoc","OG_2835",0,0,1
"evm.model.Ap6.318_evm.model.Ap6.320","evm.model.Ap6.318_evm.model.Ap6.320","Apoc","OG_545",0,0,1
"evm.model.Ap6.413","evm.model.Ap6.413","Apoc","OG_10054",0,0,1
"evm.model.Ap6.415","evm.model.Ap6.415","Apoc","OG_4371",0,0,1
"evm.model.Ap6.580","evm.model.Ap6.580","Apoc","OG_10221",0,0,1
"evm.model.Ap6.622","evm.model.Ap6.622","Apoc","OG_1209",0,1,1
"evm.model.Ap6.642","evm.model.Ap6.642","Apoc","OG_814",0,1,1
"evm.model.Ap6.806","evm.model.Ap6.806","Apoc","OG_5968",0,0,1
"evm.model.Ap6.856","evm.model.Ap6.856","Apoc","OG_6759",0,0,1
"evm.model.Ap6.905","evm.model.Ap6.905","Apoc","OG_6765",0,1,1
"evm.model.Ap6.918_evm.model.Ap6.906","evm.model.Ap6.918_evm.model.Ap6.906","Apoc","OG_10021",0,1,1
"evm.model.Ap6.1008","evm.model.Ap6.1008","Apoc","OG_1106",1,0,1
"evm.model.Ap6.1076","evm.model.Ap6.1076","Apoc","OG_427",0,1,1
"evm.model.Ap6.1086_evm.model.Ap6.1082","evm.model.Ap6.1086_evm.model.Ap6.1082","Apoc","OG_985",0,1,1
"evm.model.Ap6.1150","evm.model.Ap6.1150","Apoc","OG_238",0,1,1
"evm.model.Ap6.1261","evm.model.Ap6.1261","Apoc","OG_10361",0,0,1
"evm.model.Ap6.1262","evm.model.Ap6.1262","Apoc","OG_10363",0,1,1
"evm.model.Ap6.1264","evm.model.Ap6.1264","Apoc","OG_10364",0,1,1
"evm.model.Ap6.1270","evm.model.Ap6.1270","Apoc","OG_4459",0,0,1
"evm.model.Ap6.1271","evm.model.Ap6.1271","Apoc","OG_10206",0,1,1
"evm.model.Ap6.1276","evm.model.Ap6.1276","Apoc","OG_4457",0,1,1
"evm.model.Ap6.1277","evm.model.Ap6.1277","Apoc","OG_10207",0,1,1
"evm.model.Ap6.1280","evm.model.Ap6.1280","Apoc","OG_10207",0,1,1
"evm.model.Ap6.1297_evm.model.Ap6.1298","evm.model.Ap6.1297_evm.model.Ap6.1298","Apoc","OG_10316",0,1,1
"evm.model.Ap6.1305","evm.model.Ap6.1305","Apoc","OG_4453",0,1,1
"evm.model.Ap6.1308","evm.model.Ap6.1308","Apoc","OG_10333",0,1,1
"evm.model.Ap6.1382","evm.model.Ap6.1382","Apoc","OG_10256",0,1,1
"evm.model.Ap6.1467","evm.model.Ap6.1467","Apoc","OG_10356",0,1,1
"evm.model.Ap6.1522","evm.model.Ap6.1522","Apoc","OG_10048",0,0,1
"evm.model.Ap6.1528","evm.model.Ap6.1528","Apoc","OG_4435",0,1,1
"evm.model.Ap6.1530","evm.model.Ap6.1530","Apoc","OG_12665",0,1,1
"evm.model.Ap6.1581","evm.model.Ap6.1581","Apoc","OG_4428",0,0,1
"evm.model.Ap6.1654","evm.model.Ap6.1654","Apoc","OG_429",1,1,1
"evm.model.Ap6.1713","evm.model.Ap6.1713","Apoc","OG_12500",0,0,1
"evm.model.Ap6.1747","evm.model.Ap6.1747","Apoc","OG_4390",0,1,1
"evm.model.Ap6.1750_evm.model.Ap6.1753","evm.model.Ap6.1750_evm.model.Ap6.1753","Apoc","OG_4393",0,1,1
"evm.model.Ap6.1765","evm.model.Ap6.1765","Apoc","OG_10325",0,1,1
"evm.model.Ap6.1790","evm.model.Ap6.1790","Apoc","OG_6776",0,0,1
"evm.model.Ap6.1922","evm.model.Ap6.1922","Apoc","OG_10063",0,0,1
"evm.model.Ap6.1923","evm.model.Ap6.1923","Apoc","OG_4468",0,1,1
"evm.model.Ap6.1924","evm.model.Ap6.1924","Apoc","OG_10064",0,1,1
"evm.model.Ap6.1926","evm.model.Ap6.1926","Apoc","OG_10064",0,1,1
"evm.model.Ap6.1942","evm.model.Ap6.1942","Apoc","OG_421",0,1,1
"evm.model.Ap6.1974","evm.model.Ap6.1974","Apoc","OG_10019",0,1,1
"evm.model.Ap6.1976","evm.model.Ap6.1976","Apoc","OG_6262",0,0,1
"evm.model.Ap6.1989","evm.model.Ap6.1989","Apoc","OG_4447",0,1,1
"evm.model.Ap6.2033","evm.model.Ap6.2033","Apoc","OG_8070",0,1,1
"evm.model.Ap6.2088","evm.model.Ap6.2088","Apoc","OG_1103",0,1,1
"evm.model.Ap6.2132","evm.model.Ap6.2132","Apoc","OG_740",0,0,1
"evm.model.Ap6.2163","evm.model.Ap6.2163","Apoc","OG_1146",0,1,1
"evm.model.Ap6.2165","evm.model.Ap6.2165","Apoc","OG_12417",0,1,1
"evm.model.Ap6.2221","evm.model.Ap6.2221","Apoc","OG_4587",0,1,1
"evm.model.Ap6.2258","evm.model.Ap6.2258","Apoc","OG_1077",0,1,1
"evm.model.Ap6.2287","evm.model.Ap6.2287","Apoc","OG_10026",0,1,1
"evm.model.Ap6.2301","evm.model.Ap6.2301","Apoc","OG_1485",0,1,1
"evm.model.Ap6.2336","evm.model.Ap6.2336","Apoc","OG_10060",0,0,1
"evm.model.Ap6.2367","evm.model.Ap6.2367","Apoc","OG_10001",0,1,1
"evm.model.Ap6.2373","evm.model.Ap6.2373","Apoc","OG_9993",0,1,1
"evm.model.Ap6.2378","evm.model.Ap6.2378","Apoc","OG_4577",0,1,1
"evm.model.Ap6.2390","evm.model.Ap6.2390","Apoc","OG_4575",0,1,1
"evm.model.Ap6.2458","evm.model.Ap6.2458","Apoc","OG_6782",0,1,1
"evm.model.Ap6.2480","evm.model.Ap6.2480","Apoc","OG_10295",0,0,1
"evm.model.Ap6.2494","evm.model.Ap6.2494","Apoc","OG_12584",1,1,1
"evm.model.Ap6.2537","evm.model.Ap6.2537","Apoc","OG_10117",0,1,1
"evm.model.Ap6.2557","evm.model.Ap6.2557","Apoc","OG_6780",0,0,1
"evm.model.Ap6.2558","evm.model.Ap6.2558","Apoc","OG_6781",0,1,1
"evm.model.Ap6.2573","evm.model.Ap6.2573","Apoc","OG_655",0,1,1
"evm.model.Ap6.2591","evm.model.Ap6.2591","Apoc","OG_9988",0,1,1
"evm.model.Ap6.2592","evm.model.Ap6.2592","Apoc","OG_4511",0,1,1
"evm.model.Ap6.2599","evm.model.Ap6.2599","Apoc","OG_5244",0,1,1
"evm.model.Ap6.2600","evm.model.Ap6.2600","Apoc","OG_5244",0,1,1
"evm.model.Ap6.2602","evm.model.Ap6.2602","Apoc","OG_6450",0,0,1
"evm.model.Ap6.2612","evm.model.Ap6.2612","Apoc","OG_10074",0,0,1
"evm.model.Ap6.2668","evm.model.Ap6.2668","Apoc","OG_973",0,1,1
"evm.model.Ap6.2719","evm.model.Ap6.2719","Apoc","OG_4615",0,1,1
"evm.model.Ap6.2740","evm.model.Ap6.2740","Apoc","OG_10169",0,1,1
"evm.model.Ap6.2757","evm.model.Ap6.2757","Apoc","OG_4603",0,0,1
"evm.model.Ap6.2794","evm.model.Ap6.2794","Apoc","OG_10248",0,0,1
"evm.model.Ap6.2826","evm.model.Ap6.2826","Apoc","OG_4492",0,0,1
"evm.model.Ap6.2955","evm.model.Ap6.2955","Apoc","OG_10289",0,0,1
"evm.model.Ap6.2994","evm.model.Ap6.2994","Apoc","OG_876",0,1,1
"evm.model.Ap6.3002","evm.model.Ap6.3002","Apoc","OG_10176",0,1,1
"evm.model.Ap6.3016","evm.model.Ap6.3016","Apoc","OG_4489",0,1,1
"evm.model.Ap6.3026","evm.model.Ap6.3026","Apoc","OG_4489",0,1,1
"evm.model.Ap6.3028","evm.model.Ap6.3028","Apoc","OG_2865",1,0,1
"evm.model.Ap6.3049","evm.model.Ap6.3049","Apoc","OG_426",1,1,1
"evm.model.Ap6.3094","evm.model.Ap6.3094","Apoc","OG_1475",0,0,1
"evm.model.Ap6.3101","evm.model.Ap6.3101","Apoc","OG_4526",0,1,1
"evm.model.Ap6.3120","evm.model.Ap6.3120","Apoc","OG_4524",0,1,1
"evm.model.Ap6.3136","evm.model.Ap6.3136","Apoc","OG_537",0,0,1
"evm.model.Ap6.3147","evm.model.Ap6.3147","Apoc","OG_5203",0,1,1
"evm.model.Ap6.3159","evm.model.Ap6.3159","Apoc","OG_10265",0,1,1
"evm.model.Ap6.3172","evm.model.Ap6.3172","Apoc","OG_5202",0,1,1
"evm.model.Ap6.3229","evm.model.Ap6.3229","Apoc","OG_10020",0,1,1
"evm.model.Ap6.3234","evm.model.Ap6.3234","Apoc","OG_5205",0,1,1
"evm.model.Ap6.3235","evm.model.Ap6.3235","Apoc","OG_5205",0,1,1
"evm.model.Ap6.3241","evm.model.Ap6.3241","Apoc","OG_10112",0,1,1
"evm.model.Ap6.3242","evm.model.Ap6.3242","Apoc","OG_4476",0,1,1
"evm.model.Ap6.3267","evm.model.Ap6.3267","Apoc","OG_4488",0,0,1
"evm.model.Ap7.39","evm.model.Ap7.39","Apoc","OG_4275",0,0,1
"evm.model.Ap7.113","evm.model.Ap7.113","Apoc","OG_9744",0,1,1
"evm.model.Ap7.133","evm.model.Ap7.133","Apoc","OG_488",0,1,1
"evm.model.Ap7.167","evm.model.Ap7.167","Apoc","OG_4323",0,1,1
"evm.model.Ap7.218","evm.model.Ap7.218","Apoc","OG_271",0,0,1
"evm.model.Ap7.278","evm.model.Ap7.278","Apoc","OG_4312",0,1,1
"evm.model.Ap7.288","evm.model.Ap7.288","Apoc","OG_9760",0,1,1
"evm.model.Ap7.405","evm.model.Ap7.405","Apoc","OG_9639",0,1,1
"evm.model.Ap7.449","evm.model.Ap7.449","Apoc","OG_157",0,0,1
"evm.model.Ap7.483","evm.model.Ap7.483","Apoc","OG_590",0,1,1
"evm.model.Ap7.525","evm.model.Ap7.525","Apoc","OG_9826",0,1,1
"evm.model.Ap7.537","evm.model.Ap7.537","Apoc","OG_248",1,1,1
"evm.model.Ap7.552","evm.model.Ap7.552","Apoc","OG_923",0,1,1
"evm.model.Ap7.553","evm.model.Ap7.553","Apoc","OG_923",0,1,1
"evm.model.Ap7.555","evm.model.Ap7.555","Apoc","OG_168",0,1,1
"evm.model.Ap7.624","evm.model.Ap7.624","Apoc","OG_198",0,1,1
"evm.model.Ap7.746","evm.model.Ap7.746","Apoc","OG_163",0,0,1
"evm.model.Ap7.753","evm.model.Ap7.753","Apoc","OG_9835",0,1,1
"evm.model.Ap7.780","evm.model.Ap7.780","Apoc","OG_680",1,1,1
"evm.model.Ap7.813","evm.model.Ap7.813","Apoc","OG_424",0,1,1
"evm.model.Ap7.838","evm.model.Ap7.838","Apoc","OG_1076",1,1,1
"evm.model.Ap7.854","evm.model.Ap7.854","Apoc","OG_408",1,1,1
"evm.model.Ap7.957","evm.model.Ap7.957","Apoc","OG_460",0,1,1
"evm.model.Ap7.1228","evm.model.Ap7.1228","Apoc","OG_12429",0,1,1
"evm.model.Ap7.1260","evm.model.Ap7.1260","Apoc","OG_703",1,1,1
"evm.model.Ap7.1322","evm.model.Ap7.1322","Apoc","OG_4243",0,1,1
"evm.model.Ap7.1362","evm.model.Ap7.1362","Apoc","OG_4246",0,1,1
"evm.model.Ap7.1400","evm.model.Ap7.1400","Apoc","OG_9965",0,0,1
"evm.model.Ap7.1439","evm.model.Ap7.1439","Apoc","OG_4249",0,0,1
"evm.model.Ap7.1500","evm.model.Ap7.1500","Apoc","OG_4197",0,1,1
"evm.model.Ap7.1519","evm.model.Ap7.1519","Apoc","OG_9823",0,1,1
"evm.model.Ap7.1523","evm.model.Ap7.1523","Apoc","OG_6744",0,1,1
"evm.model.Ap7.1529","evm.model.Ap7.1529","Apoc","OG_4203",0,1,1
"evm.model.Ap7.1530","evm.model.Ap7.1530","Apoc","OG_163",0,0,1
"evm.model.Ap7.1549","evm.model.Ap7.1549","Apoc","OG_9874",0,1,1
"evm.model.Ap7.1558","evm.model.Ap7.1558","Apoc","OG_5199",0,1,1
"evm.model.Ap7.1604","evm.model.Ap7.1604","Apoc","OG_9771",0,1,1
"evm.model.Ap7.1688","evm.model.Ap7.1688","Apoc","OG_421",0,1,1
"evm.model.Ap7.1718","evm.model.Ap7.1718","Apoc","OG_3721",0,1,1
"evm.model.Ap7.1775","evm.model.Ap7.1775","Apoc","OG_9740",0,1,1
"evm.model.Ap7.1810","evm.model.Ap7.1810","Apoc","OG_876",0,1,1
"evm.model.Ap7.1842","evm.model.Ap7.1842","Apoc","OG_1015",0,1,1
"evm.model.Ap7.1843","evm.model.Ap7.1843","Apoc","OG_1015",0,1,1
"evm.model.Ap7.2089","evm.model.Ap7.2089","Apoc","OG_543",0,0,1
"evm.model.Ap7.2108","evm.model.Ap7.2108","Apoc","OG_170",1,1,1
"evm.model.Ap7.2156","evm.model.Ap7.2156","Apoc","OG_9718",0,1,1
"evm.model.Ap7.2221","evm.model.Ap7.2221","Apoc","OG_9841",0,0,1
"evm.model.Ap7.2235","evm.model.Ap7.2235","Apoc","OG_6397",1,1,1
"evm.model.Ap7.2243","evm.model.Ap7.2243","Apoc","OG_4128",0,1,1
"evm.model.Ap7.2355","evm.model.Ap7.2355","Apoc","OG_4134",0,0,1
"evm.model.Ap7.2354","evm.model.Ap7.2354","Apoc","OG_9870",0,1,1
"evm.model.Ap7.2357","evm.model.Ap7.2357","Apoc","OG_9869",0,0,1
"evm.model.Ap7.2365","evm.model.Ap7.2365","Apoc","OG_4088",0,1,1
"evm.model.Ap7.2444","evm.model.Ap7.2444","Apoc","OG_411",0,1,1
"evm.model.Ap7.2499","evm.model.Ap7.2499","Apoc","OG_441",1,1,1
"evm.model.Ap7.2530","evm.model.Ap7.2530","Apoc","OG_183",0,1,1
"evm.model.Ap7.2531","evm.model.Ap7.2531","Apoc","OG_183",0,1,1
"evm.model.Ap7.2538","evm.model.Ap7.2538","Apoc","OG_495",0,1,1
"evm.model.Ap7.2606","evm.model.Ap7.2606","Apoc","OG_186",1,1,1
"evm.model.Ap7.2616","evm.model.Ap7.2616","Apoc","OG_4190",0,1,1
"evm.model.Ap7.2624","evm.model.Ap7.2624","Apoc","OG_9864",0,1,1
"evm.model.Ap7.2645","evm.model.Ap7.2645","Apoc","OG_831",0,1,1
"evm.model.Ap7.2698","evm.model.Ap7.2698","Apoc","OG_4148",0,1,1
"evm.model.Ap7.2705","evm.model.Ap7.2705","Apoc","OG_4639",0,1,1
"evm.model.Ap7.2776","evm.model.Ap7.2776","Apoc","OG_4160",0,1,1
"evm.model.Ap7.2827","evm.model.Ap7.2827","Apoc","OG_9662",0,1,1
"evm.model.Ap7.2847","evm.model.Ap7.2847","Apoc","OG_4174",0,1,1
"evm.model.Ap7.2852","evm.model.Ap7.2852","Apoc","OG_6745",0,1,1
"evm.model.Ap7.2903","evm.model.Ap7.2903","Apoc","OG_511",0,1,1
"evm.model.Ap7.2934","evm.model.Ap7.2934","Apoc","OG_9688",0,1,1
"evm.model.Ap8.54","evm.model.Ap8.54","Apoc","OG_9033",0,1,1
"evm.model.Ap8.86","evm.model.Ap8.86","Apoc","OG_9104",0,1,1
"evm.model.Ap8.108","evm.model.Ap8.108","Apoc","OG_1328",0,1,1
"evm.model.Ap8.124","evm.model.Ap8.124","Apoc","OG_9076",0,0,1
"evm.model.Ap8.152","evm.model.Ap8.152","Apoc","OG_9330",0,1,1
"evm.model.Ap8.177","evm.model.Ap8.177","Apoc","OG_6690",1,1,1
"evm.model.Ap8.228","evm.model.Ap8.228","Apoc","OG_9080",1,1,1
"evm.model.Ap8.233","evm.model.Ap8.233","Apoc","OG_4770",1,1,1
"evm.model.Ap8.258","evm.model.Ap8.258","Apoc","OG_9067",1,0,1
"evm.model.Ap8.259","evm.model.Ap8.259","Apoc","OG_1574",0,0,1
"evm.model.Ap8.316","evm.model.Ap8.316","Apoc","OG_5328",1,1,1
"evm.model.Ap8.361","evm.model.Ap8.361","Apoc","OG_5323",1,1,1
"evm.model.Ap8.437","evm.model.Ap8.437","Apoc","OG_9155",0,1,1
"evm.model.Ap8.449","evm.model.Ap8.449","Apoc","OG_9166",0,0,1
"evm.model.Ap8.450","evm.model.Ap8.450","Apoc","OG_9288",1,1,1
"evm.model.Ap8.458","evm.model.Ap8.458","Apoc","OG_12641",0,0,1
"evm.model.Ap8.483","evm.model.Ap8.483","Apoc","OG_9024",1,1,1
"evm.model.Ap8.489","evm.model.Ap8.489","Apoc","OG_426",1,1,1
"evm.model.Ap8.490","evm.model.Ap8.490","Apoc","OG_5331",0,1,1
"evm.model.Ap8.637","evm.model.Ap8.637","Apoc","OG_9096",0,0,1
"evm.model.Ap8.682","evm.model.Ap8.682","Apoc","OG_9189",0,1,1
"evm.model.Ap8.697","evm.model.Ap8.697","Apoc","OG_8",1,1,1
"evm.model.Ap8.729","evm.model.Ap8.729","Apoc","OG_9014",1,1,1
"evm.model.Ap8.803","evm.model.Ap8.803","Apoc","OG_905",1,1,1
"evm.model.Ap8.822","evm.model.Ap8.822","Apoc","OG_6062",1,1,1
"evm.model.Ap8.870","evm.model.Ap8.870","Apoc","OG_6070",0,1,1
"evm.model.Ap8.881","evm.model.Ap8.881","Apoc","OG_4643",1,1,1
"evm.model.Ap8.884","evm.model.Ap8.884","Apoc","OG_9152",0,0,1
"evm.model.Ap8.886","evm.model.Ap8.886","Apoc","OG_4243",0,1,1
"evm.model.Ap8.961","evm.model.Ap8.961","Apoc","OG_722",0,1,1
"evm.model.Ap8.1084","evm.model.Ap8.1084","Apoc","OG_978",1,1,1
"evm.model.Ap8.1235","evm.model.Ap8.1235","Apoc","OG_9248",0,1,1
"evm.model.Ap8.1243","evm.model.Ap8.1243","Apoc","OG_6631",1,1,1
"evm.model.Ap8.1295","evm.model.Ap8.1295","Apoc","OG_9308",0,0,1
"evm.model.Ap8.1528","evm.model.Ap8.1528","Apoc","OG_424",0,1,1
"evm.model.Ap8.1546","evm.model.Ap8.1546","Apoc","OG_741",1,1,1
"evm.model.Ap8.1536_evm.model.Ap8.1571","evm.model.Ap8.1536_evm.model.Ap8.1571","Apoc","OG_956",0,1,1
"evm.model.Ap8.1689","evm.model.Ap8.1689","Apoc","OG_4622",0,0,1
"evm.model.Ap8.1708","evm.model.Ap8.1708","Apoc","OG_9149",0,0,1
"evm.model.Ap8.1829","evm.model.Ap8.1829","Apoc","OG_421",0,1,1
"evm.model.Ap8.1906","evm.model.Ap8.1906","Apoc","OG_1348",0,1,1
"evm.model.Ap8.1956","evm.model.Ap8.1956","Apoc","OG_9290",1,1,1
"evm.model.Ap8.2015","evm.model.Ap8.2015","Apoc","OG_1445",0,0,1
"evm.model.Ap8.2016","evm.model.Ap8.2016","Apoc","OG_262",0,1,1
"evm.model.Ap8.2051","evm.model.Ap8.2051","Apoc","OG_4727",0,1,1
"evm.model.Ap8.2057","evm.model.Ap8.2057","Apoc","OG_1263",0,1,1
"evm.model.Ap8.2118","evm.model.Ap8.2118","Apoc","OG_9213",0,1,1
"evm.model.Ap8.2156","evm.model.Ap8.2156","Apoc","OG_369",1,1,1
"evm.model.Ap8.2161","evm.model.Ap8.2161","Apoc","OG_394",0,0,1
"evm.model.Ap8.2295","evm.model.Ap8.2295","Apoc","OG_424",0,1,1
"evm.model.Ap8.2362","evm.model.Ap8.2362","Apoc","OG_264",0,1,1
"evm.model.Ap8.2442","evm.model.Ap8.2442","Apoc","OG_4653",1,1,1
"evm.model.Ap8.2577","evm.model.Ap8.2577","Apoc","OG_5320",1,1,1
"evm.model.Ap8.2582","evm.model.Ap8.2582","Apoc","OG_9115",0,0,1
"evm.model.Ap8.2586","evm.model.Ap8.2586","Apoc","OG_9116",1,1,1
"evm.model.Ap8.2624","evm.model.Ap8.2624","Apoc","OG_1449",0,1,1
"evm.model.Ap8.2649","evm.model.Ap8.2649","Apoc","OG_9227",0,0,1
"evm.model.Ap8.2677","evm.model.Ap8.2677","Apoc","OG_4741",0,1,1
"evm.model.Ap8.2697","evm.model.Ap8.2697","Apoc","OG_4743",1,1,1
"evm.model.Ap8.2728","evm.model.Ap8.2728","Apoc","OG_4736",1,1,1
"evm.model.Ap8.2793","evm.model.Ap8.2793","Apoc","OG_868",1,1,1
"evm.model.Ap8.2813","evm.model.Ap8.2813","Apoc","OG_9298",0,1,1
"evm.model.Ap8.2816_evm.model.Ap8.2817","evm.model.Ap8.2816_evm.model.Ap8.2817","Apoc","OG_4676",1,1,1
"evm.model.Ap9.4","evm.model.Ap9.4","Apoc","OG_6726",0,1,1
"evm.model.Ap9.5","evm.model.Ap9.5","Apoc","OG_4919",0,1,1
"evm.model.Ap9.26","evm.model.Ap9.26","Apoc","OG_424",0,1,1
"evm.model.Ap9.28","evm.model.Ap9.28","Apoc","OG_9562",1,0,1
"evm.model.Ap9.55","evm.model.Ap9.55","Apoc","OG_6198",1,1,1
"evm.model.Ap9.69","evm.model.Ap9.69","Apoc","OG_9427",1,1,1
"evm.model.Ap9.105","evm.model.Ap9.105","Apoc","OG_9490",0,1,1
"evm.model.Ap9.118","evm.model.Ap9.118","Apoc","OG_4909",1,1,1
"evm.model.Ap9.124","evm.model.Ap9.124","Apoc","OG_4905",1,1,1
"evm.model.Ap9.127","evm.model.Ap9.127","Apoc","OG_227",1,1,1
"evm.model.Ap9.142","evm.model.Ap9.142","Apoc","OG_5513",1,0,1
"evm.model.Ap9.208","evm.model.Ap9.208","Apoc","OG_6725",0,1,1
"evm.model.Ap9.233","evm.model.Ap9.233","Apoc","OG_447",0,1,1
"evm.model.Ap9.298","evm.model.Ap9.298","Apoc","OG_198",0,1,1
"evm.model.Ap9.540","evm.model.Ap9.540","Apoc","OG_12330",0,1,1
"evm.model.Ap9.615","evm.model.Ap9.615","Apoc","OG_1263",0,1,1
"evm.model.Ap9.643","evm.model.Ap9.643","Apoc","OG_442",1,1,1
"evm.model.Ap9.673","evm.model.Ap9.673","Apoc","OG_967",0,1,1
"evm.model.Ap9.778","evm.model.Ap9.778","Apoc","OG_332",0,1,1
"evm.model.Ap9.817","evm.model.Ap9.817","Apoc","OG_756",0,0,1
"evm.model.Ap9.961","evm.model.Ap9.961","Apoc","OG_366",0,1,1
"evm.model.Ap9.1014","evm.model.Ap9.1014","Apoc","OG_6728",1,1,1
"evm.model.Ap9.1020","evm.model.Ap9.1020","Apoc","OG_9564",1,1,1
"evm.model.Ap9.1062","evm.model.Ap9.1062","Apoc","OG_4957",0,1,1
"evm.model.Ap9.1067","evm.model.Ap9.1067","Apoc","OG_7432",0,1,1
"evm.model.Ap9.1107","evm.model.Ap9.1107","Apoc","OG_1098",0,1,1
"evm.model.Ap9.1126","evm.model.Ap9.1126","Apoc","OG_9465",0,1,1
"evm.model.Ap9.1179","evm.model.Ap9.1179","Apoc","OG_5514",1,0,1
"evm.model.Ap9.1183","evm.model.Ap9.1183","Apoc","OG_4826",1,1,1
"evm.model.Ap9.1193_evm.model.Ap9.1194","evm.model.Ap9.1193_evm.model.Ap9.1194","Apoc","OG_4830",1,1,1
"evm.model.Ap9.1283","evm.model.Ap9.1283","Apoc","OG_5979",0,0,1
"evm.model.Ap9.1292","evm.model.Ap9.1292","Apoc","OG_246",0,0,1
"evm.model.Ap9.1293","evm.model.Ap9.1293","Apoc","OG_456",0,1,1
"evm.model.Ap9.1428","evm.model.Ap9.1428","Apoc","OG_470",1,1,1
"evm.model.Ap9.1549","evm.model.Ap9.1549","Apoc","OG_150",1,1,1
"evm.model.Ap9.1588","evm.model.Ap9.1588","Apoc","OG_9477",0,0,1
"evm.model.Ap9.1791","evm.model.Ap9.1791","Apoc","OG_189",0,1,1
"evm.model.Ap9.1807","evm.model.Ap9.1807","Apoc","OG_9468",1,1,1
"evm.model.Ap9.1963","evm.model.Ap9.1963","Apoc","OG_4645",0,0,1
"evm.model.Ap9.1991","evm.model.Ap9.1991","Apoc","OG_757",1,1,1
"evm.model.Ap9.2015","evm.model.Ap9.2015","Apoc","OG_424",0,1,1
"evm.model.Ap9.2097","evm.model.Ap9.2097","Apoc","OG_186",1,1,1
"evm.model.Ap9.2110","evm.model.Ap9.2110","Apoc","OG_4836",0,0,1
"evm.model.Ap9.2137","evm.model.Ap9.2137","Apoc","OG_445",0,1,1
"evm.model.Ap9.2153","evm.model.Ap9.2153","Apoc","OG_4841",1,0,1
"evm.model.Ap9.2175","evm.model.Ap9.2175","Apoc","OG_963",1,1,1
"evm.model.Ap9.2206","evm.model.Ap9.2206","Apoc","OG_429",1,1,1
"evm.model.Ap9.2242","evm.model.Ap9.2242","Apoc","OG_287",1,1,1
"evm.model.Ap9.2258","evm.model.Ap9.2258","Apoc","OG_9480",1,0,1
"evm.model.Ap9.2382","evm.model.Ap9.2382","Apoc","OG_742",0,0,1
"evm.model.Ap9.2390","evm.model.Ap9.2390","Apoc","OG_9360",1,1,1
"evm.model.Ap9.2523","evm.model.Ap9.2523","Apoc","OG_1061",0,1,1
"evm.model.Ap9.2543","evm.model.Ap9.2543","Apoc","OG_424",0,1,1
"evm.model.Ap9.2645","evm.model.Ap9.2645","Apoc","OG_9547",0,1,1
"evm.model.Ap9.2696","evm.model.Ap9.2696","Apoc","OG_458",0,1,1
"evm.model.Ap9.2727","evm.model.Ap9.2727","Apoc","OG_408",1,1,1
"evm.model.Ap9.2731","evm.model.Ap9.2731","Apoc","OG_5596",1,0,1
"evm.model.Ap9.2735","evm.model.Ap9.2735","Apoc","OG_9396",0,0,1
