"","GO.ID","Term","Annotated","Significant","Expected","Fisher","Genes","ontology","Protein","Protein_abbrv"
"1","GO:0008266","poly(U) RNA binding",58,26,1.1,9e-30,"NV2t005899001.1","Molecular Functions","Polyadenylate-binding protein 1A (PABP-1A) (Poly(A)-binding protein 1A)","pabpc1a"
"2","GO:0008266","poly(U) RNA binding",58,26,1.1,9e-30,"NV2t005899002.1","Molecular Functions","Polyadenylate-binding protein 1A (PABP-1A) (Poly(A)-binding protein 1A)","pabpc1a"
"3","GO:0008266","poly(U) RNA binding",58,26,1.1,9e-30,"NV2t005899003.1","Molecular Functions","Polyadenylate-binding protein 1 (PABP-1) (Poly(A)-binding protein 1)","Pabpc1 Pabp1"
"4","GO:0008266","poly(U) RNA binding",58,26,1.1,9e-30,"NV2t005899004.1","Molecular Functions","Polyadenylate-binding protein 4 (PABP-4) (Poly(A)-binding protein 4) (Activated-platelet protein 1) (APP-1) (Inducible poly(A)-binding protein) (iPABP)","PABPC4 APP1 PABP4"
"5","GO:0008266","poly(U) RNA binding",58,26,1.1,9e-30,"NV2t005899005.1","Molecular Functions","Polyadenylate-binding protein 1A (PABP-1A) (Poly(A)-binding protein 1A)","pabpc1a"
"6","GO:0008266","poly(U) RNA binding",58,26,1.1,9e-30,"NV2t005899006.1","Molecular Functions","Polyadenylate-binding protein 1 (PABP-1) (Poly(A)-binding protein 1)","Pabpc1 Pabp1"
"7","GO:0008266","poly(U) RNA binding",58,26,1.1,9e-30,"NV2t005899007.1","Molecular Functions","Polyadenylate-binding protein 1A (PABP-1A) (Poly(A)-binding protein 1A)","pabpc1a"
"8","GO:0008266","poly(U) RNA binding",58,26,1.1,9e-30,"NV2t005899008.1","Molecular Functions","Polyadenylate-binding protein 4 (PABP-4) (Poly(A)-binding protein 4) (Activated-platelet protein 1) (APP-1) (Inducible poly(A)-binding protein) (iPABP)","PABPC4 APP1 PABP4"
"9","GO:0008266","poly(U) RNA binding",58,26,1.1,9e-30,"NV2t005899009.1","Molecular Functions","Polyadenylate-binding protein 1-A (PABP-1-A) (Poly(A)-binding protein 1-A) (xPABP1-A) (Cytoplasmic poly(A)-binding protein 1-A)","pabpc1-a pabp pabp1"
"10","GO:0008266","poly(U) RNA binding",58,26,1.1,9e-30,"NV2t005899010.1","Molecular Functions","Polyadenylate-binding protein 4 (PABP-4) (Poly(A)-binding protein 4) (Activated-platelet protein 1) (APP-1) (Inducible poly(A)-binding protein) (iPABP)","PABPC4 APP1 PABP4"
"11","GO:0008266","poly(U) RNA binding",58,26,1.1,9e-30,"NV2t005899011.1","Molecular Functions","Polyadenylate-binding protein 4 (PABP-4) (Poly(A)-binding protein 4) (Activated-platelet protein 1) (APP-1) (Inducible poly(A)-binding protein) (iPABP)","PABPC4 APP1 PABP4"
"12","GO:0008266","poly(U) RNA binding",58,26,1.1,9e-30,"NV2t005899012.1","Molecular Functions","Polyadenylate-binding protein 4 (PABP-4) (Poly(A)-binding protein 4) (Activated-platelet protein 1) (APP-1) (Inducible poly(A)-binding protein) (iPABP)","PABPC4 APP1 PABP4"
"13","GO:0008266","poly(U) RNA binding",58,26,1.1,9e-30,"NV2t005899013.1","Molecular Functions","Polyadenylate-binding protein 4 (PABP-4) (Poly(A)-binding protein 4) (Activated-platelet protein 1) (APP-1) (Inducible poly(A)-binding protein) (iPABP)","PABPC4 APP1 PABP4"
"14","GO:0008266","poly(U) RNA binding",58,26,1.1,9e-30,"NV2t005899014.1","Molecular Functions","Polyadenylate-binding protein 4 (PABP-4) (Poly(A)-binding protein 4) (Activated-platelet protein 1) (APP-1) (Inducible poly(A)-binding protein) (iPABP)","PABPC4 APP1 PABP4"
"15","GO:0008266","poly(U) RNA binding",58,26,1.1,9e-30,"NV2t005899015.1","Molecular Functions","Polyadenylate-binding protein 4 (PABP-4) (Poly(A)-binding protein 4) (Activated-platelet protein 1) (APP-1) (Inducible poly(A)-binding protein) (iPABP)","PABPC4 APP1 PABP4"
"16","GO:0008266","poly(U) RNA binding",58,26,1.1,9e-30,"NV2t005899016.1","Molecular Functions","Polyadenylate-binding protein 4 (PABP-4) (Poly(A)-binding protein 4) (Activated-platelet protein 1) (APP-1) (Inducible poly(A)-binding protein) (iPABP)","PABPC4 APP1 PABP4"
"17","GO:0008266","poly(U) RNA binding",58,26,1.1,9e-30,"NV2t005899017.1","Molecular Functions","Polyadenylate-binding protein 4 (PABP-4) (Poly(A)-binding protein 4) (Activated-platelet protein 1) (APP-1) (Inducible poly(A)-binding protein) (iPABP)","PABPC4 APP1 PABP4"
"18","GO:0008266","poly(U) RNA binding",58,26,1.1,9e-30,"NV2t005899018.1","Molecular Functions","Polyadenylate-binding protein 4 (PABP-4) (Poly(A)-binding protein 4) (Activated-platelet protein 1) (APP-1) (Inducible poly(A)-binding protein) (iPABP)","PABPC4 APP1 PABP4"
"19","GO:0008266","poly(U) RNA binding",58,26,1.1,9e-30,"NV2t005899019.1","Molecular Functions","Polyadenylate-binding protein 4 (PABP-4) (Poly(A)-binding protein 4) (Activated-platelet protein 1) (APP-1) (Inducible poly(A)-binding protein) (iPABP)","PABPC4 APP1 PABP4"
"20","GO:0008266","poly(U) RNA binding",58,26,1.1,9e-30,"NV2t005899020.1","Molecular Functions","Polyadenylate-binding protein 4 (PABP-4) (Poly(A)-binding protein 4) (Activated-platelet protein 1) (APP-1) (Inducible poly(A)-binding protein) (iPABP)","PABPC4 APP1 PABP4"
"21","GO:0008266","poly(U) RNA binding",58,26,1.1,9e-30,"NV2t005899021.1","Molecular Functions","Polyadenylate-binding protein 4 (PABP-4) (Poly(A)-binding protein 4) (Activated-platelet protein 1) (APP-1) (Inducible poly(A)-binding protein) (iPABP)","PABPC4 APP1 PABP4"
"22","GO:0008266","poly(U) RNA binding",58,26,1.1,9e-30,"NV2t005899022.1","Molecular Functions","Polyadenylate-binding protein 4 (PABP-4) (Poly(A)-binding protein 4) (Activated-platelet protein 1) (APP-1) (Inducible poly(A)-binding protein) (iPABP)","PABPC4 APP1 PABP4"
"23","GO:0008266","poly(U) RNA binding",58,26,1.1,9e-30,"NV2t005899023.1","Molecular Functions","Polyadenylate-binding protein 4 (PABP-4) (Poly(A)-binding protein 4) (Activated-platelet protein 1) (APP-1) (Inducible poly(A)-binding protein) (iPABP)","PABPC4 APP1 PABP4"
"24","GO:0008266","poly(U) RNA binding",58,26,1.1,9e-30,"NV2t005899024.1","Molecular Functions","Polyadenylate-binding protein 1 (PABP-1) (Poly(A)-binding protein 1)","Pabpc1 Pabp1"
"25","GO:0008266","poly(U) RNA binding",58,26,1.1,9e-30,"NV2t023798001.1","Molecular Functions","DAZ-associated protein 1 (Deleted in azoospermia-associated protein 1)","Dazap1"
"26","GO:0008266","poly(U) RNA binding",58,26,1.1,9e-30,"NV2t023798002.1","Molecular Functions","DAZ-associated protein 1 (Deleted in azoospermia-associated protein 1)","Dazap1"
"27","GO:0008143","poly(A) binding",48,24,0.91,4.8e-29,"NV2t005899001.1","Molecular Functions","Polyadenylate-binding protein 1A (PABP-1A) (Poly(A)-binding protein 1A)","pabpc1a"
"28","GO:0008143","poly(A) binding",48,24,0.91,4.8e-29,"NV2t005899002.1","Molecular Functions","Polyadenylate-binding protein 1A (PABP-1A) (Poly(A)-binding protein 1A)","pabpc1a"
"29","GO:0008143","poly(A) binding",48,24,0.91,4.8e-29,"NV2t005899003.1","Molecular Functions","Polyadenylate-binding protein 1 (PABP-1) (Poly(A)-binding protein 1)","Pabpc1 Pabp1"
"30","GO:0008143","poly(A) binding",48,24,0.91,4.8e-29,"NV2t005899004.1","Molecular Functions","Polyadenylate-binding protein 4 (PABP-4) (Poly(A)-binding protein 4) (Activated-platelet protein 1) (APP-1) (Inducible poly(A)-binding protein) (iPABP)","PABPC4 APP1 PABP4"
"31","GO:0008143","poly(A) binding",48,24,0.91,4.8e-29,"NV2t005899005.1","Molecular Functions","Polyadenylate-binding protein 1A (PABP-1A) (Poly(A)-binding protein 1A)","pabpc1a"
"32","GO:0008143","poly(A) binding",48,24,0.91,4.8e-29,"NV2t005899006.1","Molecular Functions","Polyadenylate-binding protein 1 (PABP-1) (Poly(A)-binding protein 1)","Pabpc1 Pabp1"
"33","GO:0008143","poly(A) binding",48,24,0.91,4.8e-29,"NV2t005899007.1","Molecular Functions","Polyadenylate-binding protein 1A (PABP-1A) (Poly(A)-binding protein 1A)","pabpc1a"
"34","GO:0008143","poly(A) binding",48,24,0.91,4.8e-29,"NV2t005899008.1","Molecular Functions","Polyadenylate-binding protein 4 (PABP-4) (Poly(A)-binding protein 4) (Activated-platelet protein 1) (APP-1) (Inducible poly(A)-binding protein) (iPABP)","PABPC4 APP1 PABP4"
"35","GO:0008143","poly(A) binding",48,24,0.91,4.8e-29,"NV2t005899009.1","Molecular Functions","Polyadenylate-binding protein 1-A (PABP-1-A) (Poly(A)-binding protein 1-A) (xPABP1-A) (Cytoplasmic poly(A)-binding protein 1-A)","pabpc1-a pabp pabp1"
"36","GO:0008143","poly(A) binding",48,24,0.91,4.8e-29,"NV2t005899010.1","Molecular Functions","Polyadenylate-binding protein 4 (PABP-4) (Poly(A)-binding protein 4) (Activated-platelet protein 1) (APP-1) (Inducible poly(A)-binding protein) (iPABP)","PABPC4 APP1 PABP4"
"37","GO:0008143","poly(A) binding",48,24,0.91,4.8e-29,"NV2t005899011.1","Molecular Functions","Polyadenylate-binding protein 4 (PABP-4) (Poly(A)-binding protein 4) (Activated-platelet protein 1) (APP-1) (Inducible poly(A)-binding protein) (iPABP)","PABPC4 APP1 PABP4"
"38","GO:0008143","poly(A) binding",48,24,0.91,4.8e-29,"NV2t005899012.1","Molecular Functions","Polyadenylate-binding protein 4 (PABP-4) (Poly(A)-binding protein 4) (Activated-platelet protein 1) (APP-1) (Inducible poly(A)-binding protein) (iPABP)","PABPC4 APP1 PABP4"
"39","GO:0008143","poly(A) binding",48,24,0.91,4.8e-29,"NV2t005899013.1","Molecular Functions","Polyadenylate-binding protein 4 (PABP-4) (Poly(A)-binding protein 4) (Activated-platelet protein 1) (APP-1) (Inducible poly(A)-binding protein) (iPABP)","PABPC4 APP1 PABP4"
"40","GO:0008143","poly(A) binding",48,24,0.91,4.8e-29,"NV2t005899014.1","Molecular Functions","Polyadenylate-binding protein 4 (PABP-4) (Poly(A)-binding protein 4) (Activated-platelet protein 1) (APP-1) (Inducible poly(A)-binding protein) (iPABP)","PABPC4 APP1 PABP4"
"41","GO:0008143","poly(A) binding",48,24,0.91,4.8e-29,"NV2t005899015.1","Molecular Functions","Polyadenylate-binding protein 4 (PABP-4) (Poly(A)-binding protein 4) (Activated-platelet protein 1) (APP-1) (Inducible poly(A)-binding protein) (iPABP)","PABPC4 APP1 PABP4"
"42","GO:0008143","poly(A) binding",48,24,0.91,4.8e-29,"NV2t005899016.1","Molecular Functions","Polyadenylate-binding protein 4 (PABP-4) (Poly(A)-binding protein 4) (Activated-platelet protein 1) (APP-1) (Inducible poly(A)-binding protein) (iPABP)","PABPC4 APP1 PABP4"
"43","GO:0008143","poly(A) binding",48,24,0.91,4.8e-29,"NV2t005899017.1","Molecular Functions","Polyadenylate-binding protein 4 (PABP-4) (Poly(A)-binding protein 4) (Activated-platelet protein 1) (APP-1) (Inducible poly(A)-binding protein) (iPABP)","PABPC4 APP1 PABP4"
"44","GO:0008143","poly(A) binding",48,24,0.91,4.8e-29,"NV2t005899018.1","Molecular Functions","Polyadenylate-binding protein 4 (PABP-4) (Poly(A)-binding protein 4) (Activated-platelet protein 1) (APP-1) (Inducible poly(A)-binding protein) (iPABP)","PABPC4 APP1 PABP4"
"45","GO:0008143","poly(A) binding",48,24,0.91,4.8e-29,"NV2t005899019.1","Molecular Functions","Polyadenylate-binding protein 4 (PABP-4) (Poly(A)-binding protein 4) (Activated-platelet protein 1) (APP-1) (Inducible poly(A)-binding protein) (iPABP)","PABPC4 APP1 PABP4"
"46","GO:0008143","poly(A) binding",48,24,0.91,4.8e-29,"NV2t005899020.1","Molecular Functions","Polyadenylate-binding protein 4 (PABP-4) (Poly(A)-binding protein 4) (Activated-platelet protein 1) (APP-1) (Inducible poly(A)-binding protein) (iPABP)","PABPC4 APP1 PABP4"
"47","GO:0008143","poly(A) binding",48,24,0.91,4.8e-29,"NV2t005899021.1","Molecular Functions","Polyadenylate-binding protein 4 (PABP-4) (Poly(A)-binding protein 4) (Activated-platelet protein 1) (APP-1) (Inducible poly(A)-binding protein) (iPABP)","PABPC4 APP1 PABP4"
"48","GO:0008143","poly(A) binding",48,24,0.91,4.8e-29,"NV2t005899022.1","Molecular Functions","Polyadenylate-binding protein 4 (PABP-4) (Poly(A)-binding protein 4) (Activated-platelet protein 1) (APP-1) (Inducible poly(A)-binding protein) (iPABP)","PABPC4 APP1 PABP4"
"49","GO:0008143","poly(A) binding",48,24,0.91,4.8e-29,"NV2t005899023.1","Molecular Functions","Polyadenylate-binding protein 4 (PABP-4) (Poly(A)-binding protein 4) (Activated-platelet protein 1) (APP-1) (Inducible poly(A)-binding protein) (iPABP)","PABPC4 APP1 PABP4"
"50","GO:0008143","poly(A) binding",48,24,0.91,4.8e-29,"NV2t005899024.1","Molecular Functions","Polyadenylate-binding protein 1 (PABP-1) (Poly(A)-binding protein 1)","Pabpc1 Pabp1"
"51","GO:0003746","translation elongation factor activity",35,20,0.66,5.5e-26,"NV2t005887001.1","Molecular Functions","Elongation factor 1-alpha, oocyte form (EF-1-alpha-O1) (EF-1AO1)",""
"52","GO:0003746","translation elongation factor activity",35,20,0.66,5.5e-26,"NV2t005887002.1","Molecular Functions","Elongation factor 1-alpha, oocyte form (EF-1-alpha-O) (EF-1AO) (42S p48)","eef1ao"
"53","GO:0003746","translation elongation factor activity",35,20,0.66,5.5e-26,"NV2t005887003.1","Molecular Functions","Elongation factor 1-alpha, oocyte form (EF-1-alpha-O1) (EF-1AO1)",""
"54","GO:0003746","translation elongation factor activity",35,20,0.66,5.5e-26,"NV2t005887004.1","Molecular Functions","Elongation factor 1-alpha, oocyte form (EF-1-alpha-O1) (EF-1AO1)",""
"55","GO:0003746","translation elongation factor activity",35,20,0.66,5.5e-26,"NV2t005887005.1","Molecular Functions","Elongation factor 1-alpha, oocyte form (EF-1-alpha-O1) (EF-1AO1)",""
"56","GO:0003746","translation elongation factor activity",35,20,0.66,5.5e-26,"NV2t005887006.1","Molecular Functions","Elongation factor 1-alpha, oocyte form (EF-1-alpha-O) (EF-1AO) (42S p48)","eef1ao"
"57","GO:0003746","translation elongation factor activity",35,20,0.66,5.5e-26,"NV2t023410001.1","Molecular Functions","Elongation factor 2 (EF-2) (EC 3.6.5.-)","EEF2"
"58","GO:0003746","translation elongation factor activity",35,20,0.66,5.5e-26,"NV2t023410002.1","Molecular Functions","Elongation factor 2 (EF-2) (EC 3.6.5.-)","EEF2"
"59","GO:0003746","translation elongation factor activity",35,20,0.66,5.5e-26,"NV2t023410003.1","Molecular Functions","Elongation factor 2 (EF-2) (EC 3.6.5.-)","EEF2"
"60","GO:0003746","translation elongation factor activity",35,20,0.66,5.5e-26,"NV2t023410004.1","Molecular Functions","Elongation factor 2 (EF-2) (EC 3.6.5.-)","EEF2"
"61","GO:0003746","translation elongation factor activity",35,20,0.66,5.5e-26,"NV2t023410005.1","Molecular Functions","Elongation factor 2 (EF-2) (EC 3.6.5.-)","EEF2"
"62","GO:0003746","translation elongation factor activity",35,20,0.66,5.5e-26,"NV2t023410006.1","Molecular Functions","Elongation factor 2 (EF-2) (EC 3.6.5.-)","EEF2"
"63","GO:0003746","translation elongation factor activity",35,20,0.66,5.5e-26,"NV2t023410007.1","Molecular Functions","Elongation factor 2 (EF-2) (EC 3.6.5.-)","EEF2"
"64","GO:0003746","translation elongation factor activity",35,20,0.66,5.5e-26,"NV2t023410008.1","Molecular Functions","Eukaryotic translation elongation factor 2 (EC 3.6.5.-) (Elongation factor 2) (EF-2)","eEF2 EF2 Ef2b CG2238"
"65","GO:0003746","translation elongation factor activity",35,20,0.66,5.5e-26,"NV2t023410009.1","Molecular Functions","Eukaryotic translation elongation factor 2 (EC 3.6.5.-) (Elongation factor 2) (EF-2)","eEF2 EF2 Ef2b CG2238"
"66","GO:0003746","translation elongation factor activity",35,20,0.66,5.5e-26,"NV2t023410010.1","Molecular Functions","Elongation factor 2 (EF-2) (EC 3.6.5.-)","EEF2"
"67","GO:0003746","translation elongation factor activity",35,20,0.66,5.5e-26,"NV2t023410011.1","Molecular Functions","Eukaryotic translation elongation factor 2 (EC 3.6.5.-) (Elongation factor 2) (EF-2)","eEF2 EF2 Ef2b CG2238"
"68","GO:0003746","translation elongation factor activity",35,20,0.66,5.5e-26,"NV2t023410012.1","Molecular Functions","Eukaryotic translation elongation factor 2 (EC 3.6.5.-) (Elongation factor 2) (EF-2)","eEF2 EF2 Ef2b CG2238"
"69","GO:0003746","translation elongation factor activity",35,20,0.66,5.5e-26,"NV2t023410013.1","Molecular Functions","Elongation factor 2 (EF-2) (EC 3.6.5.-)","EEF2"
"70","GO:0003746","translation elongation factor activity",35,20,0.66,5.5e-26,"NV2t023410014.1","Molecular Functions","Eukaryotic translation elongation factor 2 (EC 3.6.5.-) (Elongation factor 2) (EF-2)","eEF2 EF2 Ef2b CG2238"
"71","GO:0003730","mRNA 3'-UTR binding",128,30,2.43,2e-24,"NV2t005899001.1","Molecular Functions","Polyadenylate-binding protein 1A (PABP-1A) (Poly(A)-binding protein 1A)","pabpc1a"
"72","GO:0003730","mRNA 3'-UTR binding",128,30,2.43,2e-24,"NV2t005899002.1","Molecular Functions","Polyadenylate-binding protein 1A (PABP-1A) (Poly(A)-binding protein 1A)","pabpc1a"
"73","GO:0003730","mRNA 3'-UTR binding",128,30,2.43,2e-24,"NV2t005899003.1","Molecular Functions","Polyadenylate-binding protein 1 (PABP-1) (Poly(A)-binding protein 1)","Pabpc1 Pabp1"
"74","GO:0003730","mRNA 3'-UTR binding",128,30,2.43,2e-24,"NV2t005899004.1","Molecular Functions","Polyadenylate-binding protein 4 (PABP-4) (Poly(A)-binding protein 4) (Activated-platelet protein 1) (APP-1) (Inducible poly(A)-binding protein) (iPABP)","PABPC4 APP1 PABP4"
"75","GO:0003730","mRNA 3'-UTR binding",128,30,2.43,2e-24,"NV2t005899005.1","Molecular Functions","Polyadenylate-binding protein 1A (PABP-1A) (Poly(A)-binding protein 1A)","pabpc1a"
"76","GO:0003730","mRNA 3'-UTR binding",128,30,2.43,2e-24,"NV2t005899006.1","Molecular Functions","Polyadenylate-binding protein 1 (PABP-1) (Poly(A)-binding protein 1)","Pabpc1 Pabp1"
"77","GO:0003730","mRNA 3'-UTR binding",128,30,2.43,2e-24,"NV2t005899007.1","Molecular Functions","Polyadenylate-binding protein 1A (PABP-1A) (Poly(A)-binding protein 1A)","pabpc1a"
"78","GO:0003730","mRNA 3'-UTR binding",128,30,2.43,2e-24,"NV2t005899008.1","Molecular Functions","Polyadenylate-binding protein 4 (PABP-4) (Poly(A)-binding protein 4) (Activated-platelet protein 1) (APP-1) (Inducible poly(A)-binding protein) (iPABP)","PABPC4 APP1 PABP4"
"79","GO:0003730","mRNA 3'-UTR binding",128,30,2.43,2e-24,"NV2t005899009.1","Molecular Functions","Polyadenylate-binding protein 1-A (PABP-1-A) (Poly(A)-binding protein 1-A) (xPABP1-A) (Cytoplasmic poly(A)-binding protein 1-A)","pabpc1-a pabp pabp1"
"80","GO:0003730","mRNA 3'-UTR binding",128,30,2.43,2e-24,"NV2t005899010.1","Molecular Functions","Polyadenylate-binding protein 4 (PABP-4) (Poly(A)-binding protein 4) (Activated-platelet protein 1) (APP-1) (Inducible poly(A)-binding protein) (iPABP)","PABPC4 APP1 PABP4"
"81","GO:0003730","mRNA 3'-UTR binding",128,30,2.43,2e-24,"NV2t005899011.1","Molecular Functions","Polyadenylate-binding protein 4 (PABP-4) (Poly(A)-binding protein 4) (Activated-platelet protein 1) (APP-1) (Inducible poly(A)-binding protein) (iPABP)","PABPC4 APP1 PABP4"
"82","GO:0003730","mRNA 3'-UTR binding",128,30,2.43,2e-24,"NV2t005899012.1","Molecular Functions","Polyadenylate-binding protein 4 (PABP-4) (Poly(A)-binding protein 4) (Activated-platelet protein 1) (APP-1) (Inducible poly(A)-binding protein) (iPABP)","PABPC4 APP1 PABP4"
"83","GO:0003730","mRNA 3'-UTR binding",128,30,2.43,2e-24,"NV2t005899013.1","Molecular Functions","Polyadenylate-binding protein 4 (PABP-4) (Poly(A)-binding protein 4) (Activated-platelet protein 1) (APP-1) (Inducible poly(A)-binding protein) (iPABP)","PABPC4 APP1 PABP4"
"84","GO:0003730","mRNA 3'-UTR binding",128,30,2.43,2e-24,"NV2t005899014.1","Molecular Functions","Polyadenylate-binding protein 4 (PABP-4) (Poly(A)-binding protein 4) (Activated-platelet protein 1) (APP-1) (Inducible poly(A)-binding protein) (iPABP)","PABPC4 APP1 PABP4"
"85","GO:0003730","mRNA 3'-UTR binding",128,30,2.43,2e-24,"NV2t005899015.1","Molecular Functions","Polyadenylate-binding protein 4 (PABP-4) (Poly(A)-binding protein 4) (Activated-platelet protein 1) (APP-1) (Inducible poly(A)-binding protein) (iPABP)","PABPC4 APP1 PABP4"
"86","GO:0003730","mRNA 3'-UTR binding",128,30,2.43,2e-24,"NV2t005899016.1","Molecular Functions","Polyadenylate-binding protein 4 (PABP-4) (Poly(A)-binding protein 4) (Activated-platelet protein 1) (APP-1) (Inducible poly(A)-binding protein) (iPABP)","PABPC4 APP1 PABP4"
"87","GO:0003730","mRNA 3'-UTR binding",128,30,2.43,2e-24,"NV2t005899017.1","Molecular Functions","Polyadenylate-binding protein 4 (PABP-4) (Poly(A)-binding protein 4) (Activated-platelet protein 1) (APP-1) (Inducible poly(A)-binding protein) (iPABP)","PABPC4 APP1 PABP4"
"88","GO:0003730","mRNA 3'-UTR binding",128,30,2.43,2e-24,"NV2t005899018.1","Molecular Functions","Polyadenylate-binding protein 4 (PABP-4) (Poly(A)-binding protein 4) (Activated-platelet protein 1) (APP-1) (Inducible poly(A)-binding protein) (iPABP)","PABPC4 APP1 PABP4"
"89","GO:0003730","mRNA 3'-UTR binding",128,30,2.43,2e-24,"NV2t005899019.1","Molecular Functions","Polyadenylate-binding protein 4 (PABP-4) (Poly(A)-binding protein 4) (Activated-platelet protein 1) (APP-1) (Inducible poly(A)-binding protein) (iPABP)","PABPC4 APP1 PABP4"
"90","GO:0003730","mRNA 3'-UTR binding",128,30,2.43,2e-24,"NV2t005899020.1","Molecular Functions","Polyadenylate-binding protein 4 (PABP-4) (Poly(A)-binding protein 4) (Activated-platelet protein 1) (APP-1) (Inducible poly(A)-binding protein) (iPABP)","PABPC4 APP1 PABP4"
"91","GO:0003730","mRNA 3'-UTR binding",128,30,2.43,2e-24,"NV2t005899021.1","Molecular Functions","Polyadenylate-binding protein 4 (PABP-4) (Poly(A)-binding protein 4) (Activated-platelet protein 1) (APP-1) (Inducible poly(A)-binding protein) (iPABP)","PABPC4 APP1 PABP4"
"92","GO:0003730","mRNA 3'-UTR binding",128,30,2.43,2e-24,"NV2t005899022.1","Molecular Functions","Polyadenylate-binding protein 4 (PABP-4) (Poly(A)-binding protein 4) (Activated-platelet protein 1) (APP-1) (Inducible poly(A)-binding protein) (iPABP)","PABPC4 APP1 PABP4"
"93","GO:0003730","mRNA 3'-UTR binding",128,30,2.43,2e-24,"NV2t005899023.1","Molecular Functions","Polyadenylate-binding protein 4 (PABP-4) (Poly(A)-binding protein 4) (Activated-platelet protein 1) (APP-1) (Inducible poly(A)-binding protein) (iPABP)","PABPC4 APP1 PABP4"
"94","GO:0003730","mRNA 3'-UTR binding",128,30,2.43,2e-24,"NV2t005899024.1","Molecular Functions","Polyadenylate-binding protein 1 (PABP-1) (Poly(A)-binding protein 1)","Pabpc1 Pabp1"
"95","GO:0003730","mRNA 3'-UTR binding",128,30,2.43,2e-24,"NV2t007890001.1","Molecular Functions","Probable ATP-dependent RNA helicase DDX5 (EC 3.6.4.13) (DEAD box RNA helicase DEAD1) (mDEAD1) (DEAD box protein 5) (RNA helicase p68)","Ddx5 Tnz2"
"96","GO:0003730","mRNA 3'-UTR binding",128,30,2.43,2e-24,"NV2t007890002.1","Molecular Functions","Probable ATP-dependent RNA helicase DDX5 (EC 3.6.4.13) (DEAD box RNA helicase DEAD1) (mDEAD1) (DEAD box protein 5) (RNA helicase p68)","Ddx5 Tnz2"
"97","GO:0003730","mRNA 3'-UTR binding",128,30,2.43,2e-24,"NV2t007890003.1","Molecular Functions","Probable ATP-dependent RNA helicase DDX5 (EC 3.6.4.13) (DEAD box RNA helicase DEAD1) (mDEAD1) (DEAD box protein 5) (RNA helicase p68)","Ddx5 Tnz2"
"98","GO:0003730","mRNA 3'-UTR binding",128,30,2.43,2e-24,"NV2t007890004.1","Molecular Functions","Probable ATP-dependent RNA helicase DDX5 (EC 3.6.4.13) (DEAD box RNA helicase DEAD1) (mDEAD1) (DEAD box protein 5) (RNA helicase p68)","Ddx5 Tnz2"
"99","GO:0003730","mRNA 3'-UTR binding",128,30,2.43,2e-24,"NV2t023798001.1","Molecular Functions","DAZ-associated protein 1 (Deleted in azoospermia-associated protein 1)","Dazap1"
"100","GO:0003730","mRNA 3'-UTR binding",128,30,2.43,2e-24,"NV2t023798002.1","Molecular Functions","DAZ-associated protein 1 (Deleted in azoospermia-associated protein 1)","Dazap1"
"101","GO:0003735","structural constituent of ribosome",183,29,3.47,1.2e-18,"NV2t000132001.1","Molecular Functions","Large ribosomal subunit protein eL20 (60S ribosomal protein L18a)","RPL18A"
"102","GO:0003735","structural constituent of ribosome",183,29,3.47,1.2e-18,"NV2t003097001.1","Molecular Functions","Small ribosomal subunit protein eS1 (40S ribosomal protein S3a)","v1g242621"
"103","GO:0003735","structural constituent of ribosome",183,29,3.47,1.2e-18,"NV2t003454001.1","Molecular Functions","Small ribosomal subunit protein uS3 (EC 4.2.99.18) (40S ribosomal protein S3)","RPS3"
"104","GO:0003735","structural constituent of ribosome",183,29,3.47,1.2e-18,"NV2t003883001.1","Molecular Functions","Large ribosomal subunit protein eL31 (60S ribosomal protein L31)","rpl31"
"105","GO:0003735","structural constituent of ribosome",183,29,3.47,1.2e-18,"NV2t005292001.1","Molecular Functions","Small ribosomal subunit protein eS7 (40S ribosomal protein S7)","rps7 zgc:73216"
"106","GO:0003735","structural constituent of ribosome",183,29,3.47,1.2e-18,"NV2t005947001.1","Molecular Functions","Small ribosomal subunit protein eS8 (40S ribosomal protein S8)","RpS8"
"107","GO:0003735","structural constituent of ribosome",183,29,3.47,1.2e-18,"NV2t006419001.1","Molecular Functions","Large ribosomal subunit protein uL10 (60S acidic ribosomal protein P0) (60S ribosomal protein L10E)","RPLP0"
"108","GO:0003735","structural constituent of ribosome",183,29,3.47,1.2e-18,"NV2t006672001.1","Molecular Functions","Large ribosomal subunit protein eL19 (60S ribosomal protein L19)","RpL19 M(2)60E CG2746"
"109","GO:0003735","structural constituent of ribosome",183,29,3.47,1.2e-18,"NV2t006921001.1","Molecular Functions","Small ribosomal subunit protein uS2 (40S ribosomal protein SA)","v1g198553"
"110","GO:0003735","structural constituent of ribosome",183,29,3.47,1.2e-18,"NV2t007077001.1","Molecular Functions","Large ribosomal subunit protein uL16 (60S ribosomal protein L10) (Protein QM homolog) (Ribosomal protein L10)","RPL10 QM"
"111","GO:0003735","structural constituent of ribosome",183,29,3.47,1.2e-18,"NV2t007080001.1","Molecular Functions","Large ribosomal subunit protein eL18 (60S ribosomal protein L18)","RpL18"
"112","GO:0003735","structural constituent of ribosome",183,29,3.47,1.2e-18,"NV2t007107001.1","Molecular Functions","Small ribosomal subunit protein uS5 (40S ribosomal protein S2)","rps2"
"113","GO:0003735","structural constituent of ribosome",183,29,3.47,1.2e-18,"NV2t007223001.1","Molecular Functions","Small ribosomal subunit protein uS8 (40S ribosomal protein S15a)","Rps15a"
"114","GO:0003735","structural constituent of ribosome",183,29,3.47,1.2e-18,"NV2t007223002.1","Molecular Functions","Small ribosomal subunit protein uS8 (40S ribosomal protein S15a)","Rps15a"
"115","GO:0003735","structural constituent of ribosome",183,29,3.47,1.2e-18,"NV2t007223003.1","Molecular Functions","Small ribosomal subunit protein uS8 (40S ribosomal protein S15a)","Rps15a"
"116","GO:0003735","structural constituent of ribosome",183,29,3.47,1.2e-18,"NV2t007636001.1","Molecular Functions","Large ribosomal subunit protein uL3 (60S ribosomal protein L3) (J1 protein)","Rpl3"
"117","GO:0003735","structural constituent of ribosome",183,29,3.47,1.2e-18,"NV2t007636002.1","Molecular Functions","Large ribosomal subunit protein uL3 (60S ribosomal protein L3)","RpL3 CG4863"
"118","GO:0003735","structural constituent of ribosome",183,29,3.47,1.2e-18,"NV2t007636003.1","Molecular Functions","Large ribosomal subunit protein uL3 (60S ribosomal protein L3) (J1 protein)","Rpl3"
"119","GO:0003735","structural constituent of ribosome",183,29,3.47,1.2e-18,"NV2t007636004.1","Molecular Functions","Large ribosomal subunit protein uL3 (60S ribosomal protein L3)","RPL3"
"120","GO:0003735","structural constituent of ribosome",183,29,3.47,1.2e-18,"NV2t007636005.1","Molecular Functions","Large ribosomal subunit protein uL3 (60S ribosomal protein L3)","RPL3"
"121","GO:0003735","structural constituent of ribosome",183,29,3.47,1.2e-18,"NV2t007636006.1","Molecular Functions","Large ribosomal subunit protein uL3 (60S ribosomal protein L3)","RpL3 CG4863"
"122","GO:0003735","structural constituent of ribosome",183,29,3.47,1.2e-18,"NV2t007821001.1","Molecular Functions","Small ribosomal subunit protein uS4 (40S ribosomal protein S9)","Rps9"
"123","GO:0003735","structural constituent of ribosome",183,29,3.47,1.2e-18,"NV2t020473001.1","Molecular Functions","Ubiquitin-ribosomal protein eS31 fusion protein (Ubiquitin carboxyl extension protein 80) [Cleaved into: Ubiquitin; Small ribosomal subunit protein eS31 (40S ribosomal protein S27a)]","RPS27A UBA80"
"124","GO:0003735","structural constituent of ribosome",183,29,3.47,1.2e-18,"NV2t021707001.1","Molecular Functions","Large ribosomal subunit protein uL2 (60S ribosomal protein L8)","rpl8 TTpA008p15.1"
"125","GO:0003735","structural constituent of ribosome",183,29,3.47,1.2e-18,"NV2t021794001.1","Molecular Functions","Small ribosomal subunit protein eS19 (40S ribosomal protein S19)","RPS19"
"126","GO:0003735","structural constituent of ribosome",183,29,3.47,1.2e-18,"NV2t022034001.1","Molecular Functions","Large ribosomal subunit protein eL33 (60S ribosomal protein L35a)","RPL35A"
"127","GO:0003735","structural constituent of ribosome",183,29,3.47,1.2e-18,"NV2t022804001.1","Molecular Functions","Ubiquitin-ribosomal protein eL40 fusion protein (CEP52) [Cleaved into: Ubiquitin; Large ribosomal subunit protein eL40 (60S ribosomal protein L40)]","RpL40 Ubi-f UBI-F52 CG2960"
"128","GO:0003735","structural constituent of ribosome",183,29,3.47,1.2e-18,"NV2t023687001.1","Molecular Functions","Large ribosomal subunit protein eL36 (60S ribosomal protein L36)","RpL36"
"129","GO:0003735","structural constituent of ribosome",183,29,3.47,1.2e-18,"NV2t025163001.1","Molecular Functions","Large ribosomal subunit protein uL18B (60S ribosomal protein L5-B)","rpl5-b"
"130","GO:0005525","GTP binding",502,39,9.53,8.5e-14,"NV2t000681001.1","Molecular Functions","Guanine nucleotide-binding protein-like 3 homolog (Nucleostemin-1)","nst-1 K01C8.9"
"131","GO:0005525","GTP binding",502,39,9.53,8.5e-14,"NV2t000681002.1","Molecular Functions","Guanine nucleotide-binding protein-like 3 homolog (Nucleostemin-1)","nst-1 K01C8.9"
"132","GO:0005525","GTP binding",502,39,9.53,8.5e-14,"NV2t000681003.1","Molecular Functions","Guanine nucleotide-binding protein-like 3 homolog (Nucleostemin-1)","nst-1 K01C8.9"
"133","GO:0005525","GTP binding",502,39,9.53,8.5e-14,"NV2t002714001.1","Molecular Functions","Tubulin alpha-1A chain (EC 3.6.5.-) (Alpha-tubulin 1) (Tubulin alpha-1 chain) [Cleaved into: Detyrosinated tubulin alpha-1A chain]","Tuba1a Tuba1"
"134","GO:0005525","GTP binding",502,39,9.53,8.5e-14,"NV2t002716001.1","Molecular Functions","Tubulin alpha-1 chain (EC 3.6.5.-)",""
"135","GO:0005525","GTP binding",502,39,9.53,8.5e-14,"NV2t002717001.1","Molecular Functions","Tubulin alpha-1A chain (EC 3.6.5.-) (Alpha-tubulin 1) (Tubulin alpha-1 chain) [Cleaved into: Detyrosinated tubulin alpha-1A chain]","Tuba1a Tuba1"
"136","GO:0005525","GTP binding",502,39,9.53,8.5e-14,"NV2t002717002.1","Molecular Functions","Tubulin alpha-1A chain (EC 3.6.5.-) (Alpha-tubulin 1) (Tubulin alpha-1 chain) [Cleaved into: Detyrosinated tubulin alpha-1A chain]","Tuba1a Tuba1"
"137","GO:0005525","GTP binding",502,39,9.53,8.5e-14,"NV2t002717003.1","Molecular Functions","Tubulin alpha-2/alpha-4 chain (EC 3.6.5.-)","TUB2; TUB4"
"138","GO:0005525","GTP binding",502,39,9.53,8.5e-14,"NV2t002718001.1","Molecular Functions","Tubulin alpha chain (EC 3.6.5.-) [Cleaved into: Detyrosinated tubulin alpha chain]","tuba tuba1"
"139","GO:0005525","GTP binding",502,39,9.53,8.5e-14,"NV2t002719001.1","Molecular Functions","Tubulin alpha-2/alpha-4 chain (EC 3.6.5.-)","TUB2; TUB4"
"140","GO:0005525","GTP binding",502,39,9.53,8.5e-14,"NV2t002719002.1","Molecular Functions","Tubulin alpha-1A chain (EC 3.6.5.-) (Alpha-tubulin 1) (Tubulin alpha-1 chain) [Cleaved into: Detyrosinated tubulin alpha-1A chain]","Tuba1a Tuba1"
"141","GO:0005525","GTP binding",502,39,9.53,8.5e-14,"NV2t003145001.1","Molecular Functions","Tubulin alpha-3 chain (EC 3.6.5.-) (Alpha-tubulin 3) [Cleaved into: Detyrosinated tubulin alpha-3 chain]","Tuba3a Tuba3; Tuba3b Tuba3"
"142","GO:0005525","GTP binding",502,39,9.53,8.5e-14,"NV2t004257001.1","Molecular Functions","Tubulin beta chain (Beta-tubulin)",""
"143","GO:0005525","GTP binding",502,39,9.53,8.5e-14,"NV2t004259001.1","Molecular Functions","Tubulin beta chain (Beta-tubulin)",""
"144","GO:0005525","GTP binding",502,39,9.53,8.5e-14,"NV2t005887001.1","Molecular Functions","Elongation factor 1-alpha, oocyte form (EF-1-alpha-O1) (EF-1AO1)",""
"145","GO:0005525","GTP binding",502,39,9.53,8.5e-14,"NV2t005887002.1","Molecular Functions","Elongation factor 1-alpha, oocyte form (EF-1-alpha-O) (EF-1AO) (42S p48)","eef1ao"
"146","GO:0005525","GTP binding",502,39,9.53,8.5e-14,"NV2t005887003.1","Molecular Functions","Elongation factor 1-alpha, oocyte form (EF-1-alpha-O1) (EF-1AO1)",""
"147","GO:0005525","GTP binding",502,39,9.53,8.5e-14,"NV2t005887004.1","Molecular Functions","Elongation factor 1-alpha, oocyte form (EF-1-alpha-O1) (EF-1AO1)",""
"148","GO:0005525","GTP binding",502,39,9.53,8.5e-14,"NV2t005887005.1","Molecular Functions","Elongation factor 1-alpha, oocyte form (EF-1-alpha-O1) (EF-1AO1)",""
"149","GO:0005525","GTP binding",502,39,9.53,8.5e-14,"NV2t005887006.1","Molecular Functions","Elongation factor 1-alpha, oocyte form (EF-1-alpha-O) (EF-1AO) (42S p48)","eef1ao"
"150","GO:0005525","GTP binding",502,39,9.53,8.5e-14,"NV2t007878001.1","Molecular Functions","Tubulin alpha-1A chain (EC 3.6.5.-) (Alpha-tubulin 1) (Tubulin alpha-1 chain) [Cleaved into: Detyrosinated tubulin alpha-1A chain]","Tuba1a Tuba1"
"151","GO:0005525","GTP binding",502,39,9.53,8.5e-14,"NV2t007880001.1","Molecular Functions","Tubulin alpha-1A chain (EC 3.6.5.-) (Alpha-tubulin 1) (Tubulin alpha-1 chain) [Cleaved into: Detyrosinated tubulin alpha-1A chain]","Tuba1a Tuba1"
"152","GO:0005525","GTP binding",502,39,9.53,8.5e-14,"NV2t007884001.1","Molecular Functions","Tubulin alpha-1 chain (EC 3.6.5.-)",""
"153","GO:0005525","GTP binding",502,39,9.53,8.5e-14,"NV2t007886001.1","Molecular Functions","Tubulin alpha-2/alpha-4 chain (EC 3.6.5.-)","TUB2; TUB4"
"154","GO:0005525","GTP binding",502,39,9.53,8.5e-14,"NV2t022542001.1","Molecular Functions","Tubulin beta chain (Beta-tubulin)",""
"155","GO:0005525","GTP binding",502,39,9.53,8.5e-14,"NV2t023410001.1","Molecular Functions","Elongation factor 2 (EF-2) (EC 3.6.5.-)","EEF2"
"156","GO:0005525","GTP binding",502,39,9.53,8.5e-14,"NV2t023410002.1","Molecular Functions","Elongation factor 2 (EF-2) (EC 3.6.5.-)","EEF2"
"157","GO:0005525","GTP binding",502,39,9.53,8.5e-14,"NV2t023410003.1","Molecular Functions","Elongation factor 2 (EF-2) (EC 3.6.5.-)","EEF2"
"158","GO:0005525","GTP binding",502,39,9.53,8.5e-14,"NV2t023410004.1","Molecular Functions","Elongation factor 2 (EF-2) (EC 3.6.5.-)","EEF2"
"159","GO:0005525","GTP binding",502,39,9.53,8.5e-14,"NV2t023410005.1","Molecular Functions","Elongation factor 2 (EF-2) (EC 3.6.5.-)","EEF2"
"160","GO:0005525","GTP binding",502,39,9.53,8.5e-14,"NV2t023410006.1","Molecular Functions","Elongation factor 2 (EF-2) (EC 3.6.5.-)","EEF2"
"161","GO:0005525","GTP binding",502,39,9.53,8.5e-14,"NV2t023410007.1","Molecular Functions","Elongation factor 2 (EF-2) (EC 3.6.5.-)","EEF2"
"162","GO:0005525","GTP binding",502,39,9.53,8.5e-14,"NV2t023410008.1","Molecular Functions","Eukaryotic translation elongation factor 2 (EC 3.6.5.-) (Elongation factor 2) (EF-2)","eEF2 EF2 Ef2b CG2238"
"163","GO:0005525","GTP binding",502,39,9.53,8.5e-14,"NV2t023410009.1","Molecular Functions","Eukaryotic translation elongation factor 2 (EC 3.6.5.-) (Elongation factor 2) (EF-2)","eEF2 EF2 Ef2b CG2238"
"164","GO:0005525","GTP binding",502,39,9.53,8.5e-14,"NV2t023410010.1","Molecular Functions","Elongation factor 2 (EF-2) (EC 3.6.5.-)","EEF2"
"165","GO:0005525","GTP binding",502,39,9.53,8.5e-14,"NV2t023410011.1","Molecular Functions","Eukaryotic translation elongation factor 2 (EC 3.6.5.-) (Elongation factor 2) (EF-2)","eEF2 EF2 Ef2b CG2238"
"166","GO:0005525","GTP binding",502,39,9.53,8.5e-14,"NV2t023410012.1","Molecular Functions","Eukaryotic translation elongation factor 2 (EC 3.6.5.-) (Elongation factor 2) (EF-2)","eEF2 EF2 Ef2b CG2238"
"167","GO:0005525","GTP binding",502,39,9.53,8.5e-14,"NV2t023410013.1","Molecular Functions","Elongation factor 2 (EF-2) (EC 3.6.5.-)","EEF2"
"168","GO:0005525","GTP binding",502,39,9.53,8.5e-14,"NV2t023410014.1","Molecular Functions","Eukaryotic translation elongation factor 2 (EC 3.6.5.-) (Elongation factor 2) (EF-2)","eEF2 EF2 Ef2b CG2238"
"169","GO:0004345","glucose-6-phosphate dehydrogenase activity",9,8,0.17,1.4e-13,"NV2t000281001.1","Molecular Functions","Glucose-6-phosphate 1-dehydrogenase (G6PD) (EC 1.-.-.-) (EC 1.1.1.49)","G6PD"
"170","GO:0004345","glucose-6-phosphate dehydrogenase activity",9,8,0.17,1.4e-13,"NV2t000281002.1","Molecular Functions","Glucose-6-phosphate 1-dehydrogenase (G6PD) (EC 1.-.-.-) (EC 1.1.1.49)","G6pdx G6pd"
"171","GO:0004345","glucose-6-phosphate dehydrogenase activity",9,8,0.17,1.4e-13,"NV2t000281003.1","Molecular Functions","Glucose-6-phosphate 1-dehydrogenase (G6PD) (EC 1.-.-.-) (EC 1.1.1.49)","G6pdx G6pd"
"172","GO:0004345","glucose-6-phosphate dehydrogenase activity",9,8,0.17,1.4e-13,"NV2t000281004.1","Molecular Functions","Glucose-6-phosphate 1-dehydrogenase (G6PD) (EC 1.-.-.-) (EC 1.1.1.49)","G6PD"
"173","GO:0004345","glucose-6-phosphate dehydrogenase activity",9,8,0.17,1.4e-13,"NV2t000281005.1","Molecular Functions","Glucose-6-phosphate 1-dehydrogenase (G6PD) (EC 1.-.-.-) (EC 1.1.1.49)","G6PD"
"174","GO:0004345","glucose-6-phosphate dehydrogenase activity",9,8,0.17,1.4e-13,"NV2t000281006.1","Molecular Functions","Glucose-6-phosphate 1-dehydrogenase (G6PD) (EC 1.-.-.-) (EC 1.1.1.49)","G6PD"
"175","GO:0004345","glucose-6-phosphate dehydrogenase activity",9,8,0.17,1.4e-13,"NV2t000281007.1","Molecular Functions","Glucose-6-phosphate 1-dehydrogenase (G6PD) (EC 1.-.-.-) (EC 1.1.1.49)","G6PD"
"176","GO:0004345","glucose-6-phosphate dehydrogenase activity",9,8,0.17,1.4e-13,"NV2t000281008.1","Molecular Functions","Glucose-6-phosphate 1-dehydrogenase (G6PD) (EC 1.-.-.-) (EC 1.1.1.49)","G6pdx G6pd"
"177","GO:0033229","cysteine transmembrane transporter activity",19,10,0.36,4.3e-13,"NV2t003410001.1","Molecular Functions","Major facilitator superfamily domain-containing protein 12","MFSD12 C19orf28"
"178","GO:0033229","cysteine transmembrane transporter activity",19,10,0.36,4.3e-13,"NV2t003410002.1","Molecular Functions","Major facilitator superfamily domain-containing protein 12","MFSD12 C19orf28"
"179","GO:0033229","cysteine transmembrane transporter activity",19,10,0.36,4.3e-13,"NV2t003410003.1","Molecular Functions","Major facilitator superfamily domain-containing protein 12","MFSD12 C19orf28"
"180","GO:0033229","cysteine transmembrane transporter activity",19,10,0.36,4.3e-13,"NV2t003410004.1","Molecular Functions","Major facilitator superfamily domain-containing protein 12","MFSD12 C19orf28"
"181","GO:0033229","cysteine transmembrane transporter activity",19,10,0.36,4.3e-13,"NV2t003410005.1","Molecular Functions","Major facilitator superfamily domain-containing protein 12","MFSD12 C19orf28"
"182","GO:0033229","cysteine transmembrane transporter activity",19,10,0.36,4.3e-13,"NV2t003410006.1","Molecular Functions","Major facilitator superfamily domain-containing protein 12","MFSD12 C19orf28"
"183","GO:0033229","cysteine transmembrane transporter activity",19,10,0.36,4.3e-13,"NV2t007258001.1","Molecular Functions","Major facilitator superfamily domain-containing protein 12","MFSD12 C19orf28"
"184","GO:0033229","cysteine transmembrane transporter activity",19,10,0.36,4.3e-13,"NV2t023688001.1","Molecular Functions","Major facilitator superfamily domain-containing protein 12","MFSD12 C19orf28"
"185","GO:0033229","cysteine transmembrane transporter activity",19,10,0.36,4.3e-13,"NV2t023688002.1","Molecular Functions","Major facilitator superfamily domain-containing protein 12","MFSD12 C19orf28"
"186","GO:0033229","cysteine transmembrane transporter activity",19,10,0.36,4.3e-13,"NV2t023688003.1","Molecular Functions","Major facilitator superfamily domain-containing protein 12","MFSD12"
"187","GO:0043022","ribosome binding",123,17,2.33,3.3e-11,"NV2t007076001.1","Molecular Functions","Acyl carrier protein, mitochondrial (ACP) (CI-SDAP) (NADH-ubiquinone oxidoreductase 9.6 kDa subunit)","Ndufab1"
"188","GO:0043022","ribosome binding",123,17,2.33,3.3e-11,"NV2t023410001.1","Molecular Functions","Elongation factor 2 (EF-2) (EC 3.6.5.-)","EEF2"
"189","GO:0043022","ribosome binding",123,17,2.33,3.3e-11,"NV2t023410002.1","Molecular Functions","Elongation factor 2 (EF-2) (EC 3.6.5.-)","EEF2"
"190","GO:0043022","ribosome binding",123,17,2.33,3.3e-11,"NV2t023410003.1","Molecular Functions","Elongation factor 2 (EF-2) (EC 3.6.5.-)","EEF2"
"191","GO:0043022","ribosome binding",123,17,2.33,3.3e-11,"NV2t023410004.1","Molecular Functions","Elongation factor 2 (EF-2) (EC 3.6.5.-)","EEF2"
"192","GO:0043022","ribosome binding",123,17,2.33,3.3e-11,"NV2t023410005.1","Molecular Functions","Elongation factor 2 (EF-2) (EC 3.6.5.-)","EEF2"
"193","GO:0043022","ribosome binding",123,17,2.33,3.3e-11,"NV2t023410006.1","Molecular Functions","Elongation factor 2 (EF-2) (EC 3.6.5.-)","EEF2"
"194","GO:0043022","ribosome binding",123,17,2.33,3.3e-11,"NV2t023410007.1","Molecular Functions","Elongation factor 2 (EF-2) (EC 3.6.5.-)","EEF2"
"195","GO:0043022","ribosome binding",123,17,2.33,3.3e-11,"NV2t023410008.1","Molecular Functions","Eukaryotic translation elongation factor 2 (EC 3.6.5.-) (Elongation factor 2) (EF-2)","eEF2 EF2 Ef2b CG2238"
"196","GO:0043022","ribosome binding",123,17,2.33,3.3e-11,"NV2t023410009.1","Molecular Functions","Eukaryotic translation elongation factor 2 (EC 3.6.5.-) (Elongation factor 2) (EF-2)","eEF2 EF2 Ef2b CG2238"
"197","GO:0043022","ribosome binding",123,17,2.33,3.3e-11,"NV2t023410010.1","Molecular Functions","Elongation factor 2 (EF-2) (EC 3.6.5.-)","EEF2"
"198","GO:0043022","ribosome binding",123,17,2.33,3.3e-11,"NV2t023410011.1","Molecular Functions","Eukaryotic translation elongation factor 2 (EC 3.6.5.-) (Elongation factor 2) (EF-2)","eEF2 EF2 Ef2b CG2238"
"199","GO:0043022","ribosome binding",123,17,2.33,3.3e-11,"NV2t023410012.1","Molecular Functions","Eukaryotic translation elongation factor 2 (EC 3.6.5.-) (Elongation factor 2) (EF-2)","eEF2 EF2 Ef2b CG2238"
"200","GO:0043022","ribosome binding",123,17,2.33,3.3e-11,"NV2t023410013.1","Molecular Functions","Elongation factor 2 (EF-2) (EC 3.6.5.-)","EEF2"
"201","GO:0043022","ribosome binding",123,17,2.33,3.3e-11,"NV2t023410014.1","Molecular Functions","Eukaryotic translation elongation factor 2 (EC 3.6.5.-) (Elongation factor 2) (EF-2)","eEF2 EF2 Ef2b CG2238"
"202","GO:0043022","ribosome binding",123,17,2.33,3.3e-11,"NV2t023683001.1","Molecular Functions","BOS complex subunit ncln (Nicalin-1) (Nicastrin-like protein 1)","ncln ncl1"
"203","GO:0043022","ribosome binding",123,17,2.33,3.3e-11,"NV2t024797001.1","Molecular Functions","Endoplasmic reticulum chaperone BiP (EC 3.6.4.10) (78 kDa glucose-regulated protein) (GRP-78) (Binding-immunoglobulin protein) (BiP) (Heat shock protein 70 family protein 5) (HSP70 family protein 5) (Heat shock protein family A member 5) (Immunoglobulin heavy chain-binding protein)","HSPA5 GRP78"
"204","GO:0016230","sphingomyelin phosphodiesterase activator activity",7,6,0.13,3.1e-10,"NV2t004603001.1","Molecular Functions","Protein FAN (Factor associated with neutral sphingomyelinase activation) (Factor associated with N-SMase activation)","Nsmaf Fan"
"205","GO:0016230","sphingomyelin phosphodiesterase activator activity",7,6,0.13,3.1e-10,"NV2t004603002.1","Molecular Functions","Protein FAN (Factor associated with neutral sphingomyelinase activation) (Factor associated with N-SMase activation)","Nsmaf Fan"
"206","GO:0016230","sphingomyelin phosphodiesterase activator activity",7,6,0.13,3.1e-10,"NV2t004603003.1","Molecular Functions","Protein FAN (Factor associated with neutral sphingomyelinase activation) (Factor associated with N-SMase activation)","Nsmaf Fan"
"207","GO:0016230","sphingomyelin phosphodiesterase activator activity",7,6,0.13,3.1e-10,"NV2t004603004.1","Molecular Functions","Protein FAN (Factor associated with neutral sphingomyelinase activation) (Factor associated with N-SMase activation)","Nsmaf Fan"
"208","GO:0016230","sphingomyelin phosphodiesterase activator activity",7,6,0.13,3.1e-10,"NV2t004603005.1","Molecular Functions","Protein FAN (Factor associated with neutral sphingomyelinase activation) (Factor associated with N-SMase activation)","Nsmaf Fan"
"209","GO:0016230","sphingomyelin phosphodiesterase activator activity",7,6,0.13,3.1e-10,"NV2t004603006.1","Molecular Functions","Protein FAN (Factor associated with neutral sphingomyelinase activation) (Factor associated with N-SMase activation)","Nsmaf Fan"
"210","GO:0097363","protein O-acetylglucosaminyltransferase activity",12,7,0.23,6.1e-10,"NV2t002880001.1","Molecular Functions","UDP-N-acetylglucosamine--peptide N-acetylglucosaminyltransferase (EC 2.4.1.255) (O-GlcNAc) (OGT)","ogt-1 K04G7.3"
"211","GO:0097363","protein O-acetylglucosaminyltransferase activity",12,7,0.23,6.1e-10,"NV2t002880002.1","Molecular Functions","UDP-N-acetylglucosamine--peptide N-acetylglucosaminyltransferase 110 kDa subunit (EC 2.4.1.255) (O-GlcNAc transferase subunit p110) (O-linked N-acetylglucosamine transferase 110 kDa subunit) (OGT)","Ogt"
"212","GO:0097363","protein O-acetylglucosaminyltransferase activity",12,7,0.23,6.1e-10,"NV2t002880003.1","Molecular Functions","UDP-N-acetylglucosamine--peptide N-acetylglucosaminyltransferase 110 kDa subunit (EC 2.4.1.255) (O-GlcNAc transferase subunit p110) (O-linked N-acetylglucosamine transferase 110 kDa subunit) (OGT)","Ogt"
"213","GO:0097363","protein O-acetylglucosaminyltransferase activity",12,7,0.23,6.1e-10,"NV2t002880004.1","Molecular Functions","UDP-N-acetylglucosamine--peptide N-acetylglucosaminyltransferase (EC 2.4.1.255) (O-GlcNAc) (OGT)","ogt-1 K04G7.3"
"214","GO:0097363","protein O-acetylglucosaminyltransferase activity",12,7,0.23,6.1e-10,"NV2t002880005.1","Molecular Functions","UDP-N-acetylglucosamine--peptide N-acetylglucosaminyltransferase 110 kDa subunit (EC 2.4.1.255) (O-GlcNAc transferase subunit p110) (O-linked N-acetylglucosamine transferase 110 kDa subunit) (OGT)","Ogt"
"215","GO:0097363","protein O-acetylglucosaminyltransferase activity",12,7,0.23,6.1e-10,"NV2t002880006.1","Molecular Functions","UDP-N-acetylglucosamine--peptide N-acetylglucosaminyltransferase 110 kDa subunit (EC 2.4.1.255) (O-GlcNAc transferase subunit p110) (O-linked N-acetylglucosamine transferase 110 kDa subunit) (OGT)","Ogt"
"216","GO:0097363","protein O-acetylglucosaminyltransferase activity",12,7,0.23,6.1e-10,"NV2t002880007.1","Molecular Functions","UDP-N-acetylglucosamine--peptide N-acetylglucosaminyltransferase 110 kDa subunit (EC 2.4.1.255) (O-GlcNAc transferase subunit p110) (O-linked N-acetylglucosamine transferase 110 kDa subunit) (OGT)","Ogt"
"217","GO:0043008","ATP-dependent protein binding",8,6,0.15,1.2e-09,"NV2t025357001.1","Molecular Functions","Spliceosome RNA helicase Ddx39b (EC 3.6.4.13) (56 kDa U2AF65-associated protein) (ATP-dependent RNA helicase p47) (DEAD box protein Uap56)","Ddx39b Bat1 Bat1a Uap56"
"218","GO:0043008","ATP-dependent protein binding",8,6,0.15,1.2e-09,"NV2t025357002.1","Molecular Functions","Spliceosome RNA helicase Ddx39b (EC 3.6.4.13) (56 kDa U2AF65-associated protein) (ATP-dependent RNA helicase p47) (DEAD box protein Uap56)","Ddx39b Bat1 Bat1a Uap56"
"219","GO:0043008","ATP-dependent protein binding",8,6,0.15,1.2e-09,"NV2t025357003.1","Molecular Functions","Spliceosome RNA helicase Ddx39b (EC 3.6.4.13) (56 kDa U2AF65-associated protein) (ATP-dependent RNA helicase p47) (DEAD box protein Uap56)","Ddx39b Bat1 Bat1a Uap56"
"220","GO:0043008","ATP-dependent protein binding",8,6,0.15,1.2e-09,"NV2t025357004.1","Molecular Functions","Spliceosome RNA helicase Ddx39b (EC 3.6.4.13) (56 kDa U2AF65-associated protein) (ATP-dependent RNA helicase p47) (DEAD box protein Uap56)","Ddx39b Bat1 Bat1a Uap56"
"221","GO:0043008","ATP-dependent protein binding",8,6,0.15,1.2e-09,"NV2t025357005.1","Molecular Functions","Spliceosome RNA helicase Ddx39b (EC 3.6.4.13) (56 kDa U2AF65-associated protein) (ATP-dependent RNA helicase p47) (DEAD box protein Uap56)","Ddx39b Bat1 Bat1a Uap56"
"222","GO:0043008","ATP-dependent protein binding",8,6,0.15,1.2e-09,"NV2t025357006.1","Molecular Functions","Spliceosome RNA helicase Ddx39b (EC 3.6.4.13) (56 kDa U2AF65-associated protein) (ATP-dependent RNA helicase p47) (DEAD box protein Uap56)","Ddx39b Bat1 Bat1a Uap56"
"223","GO:0120020","cholesterol transfer activity",20,8,0.38,1.6e-09,"NV2t023331002.1","Molecular Functions","Protein Aster-A (GRAM domain-containing protein 1A)","GRAMD1A KIAA1533"
"224","GO:0120020","cholesterol transfer activity",20,8,0.38,1.6e-09,"NV2t023331003.1","Molecular Functions","Protein Aster-A (GRAM domain-containing protein 1A)","GRAMD1A KIAA1533"
"225","GO:0120020","cholesterol transfer activity",20,8,0.38,1.6e-09,"NV2t023331004.1","Molecular Functions","Protein Aster-A (EG1RVC) (GRAM domain-containing protein 1A)","Gramd1a"
"226","GO:0120020","cholesterol transfer activity",20,8,0.38,1.6e-09,"NV2t023331005.1","Molecular Functions","Protein Aster-A (GRAM domain-containing protein 1A)","GRAMD1A KIAA1533"
"227","GO:0120020","cholesterol transfer activity",20,8,0.38,1.6e-09,"NV2t023331006.1","Molecular Functions","Protein Aster-A (GRAM domain-containing protein 1A)","GRAMD1A KIAA1533"
"228","GO:0120020","cholesterol transfer activity",20,8,0.38,1.6e-09,"NV2t023331007.1","Molecular Functions","Protein Aster-A (GRAM domain-containing protein 1A)","GRAMD1A KIAA1533"
"229","GO:0120020","cholesterol transfer activity",20,8,0.38,1.6e-09,"NV2t023331008.1","Molecular Functions","Protein Aster-A (GRAM domain-containing protein 1A)","GRAMD1A KIAA1533"
"230","GO:0120020","cholesterol transfer activity",20,8,0.38,1.6e-09,"NV2t023331009.1","Molecular Functions","Protein Aster-A (GRAM domain-containing protein 1A)","Gramd1a D7Bwg0611e Kiaa1533"
"231","GO:0005200","structural constituent of cytoskeleton",138,16,2.62,8.4e-09,"NV2t002714001.1","Molecular Functions","Tubulin alpha-1A chain (EC 3.6.5.-) (Alpha-tubulin 1) (Tubulin alpha-1 chain) [Cleaved into: Detyrosinated tubulin alpha-1A chain]","Tuba1a Tuba1"
"232","GO:0005200","structural constituent of cytoskeleton",138,16,2.62,8.4e-09,"NV2t002716001.1","Molecular Functions","Tubulin alpha-1 chain (EC 3.6.5.-)",""
"233","GO:0005200","structural constituent of cytoskeleton",138,16,2.62,8.4e-09,"NV2t002717001.1","Molecular Functions","Tubulin alpha-1A chain (EC 3.6.5.-) (Alpha-tubulin 1) (Tubulin alpha-1 chain) [Cleaved into: Detyrosinated tubulin alpha-1A chain]","Tuba1a Tuba1"
"234","GO:0005200","structural constituent of cytoskeleton",138,16,2.62,8.4e-09,"NV2t002717002.1","Molecular Functions","Tubulin alpha-1A chain (EC 3.6.5.-) (Alpha-tubulin 1) (Tubulin alpha-1 chain) [Cleaved into: Detyrosinated tubulin alpha-1A chain]","Tuba1a Tuba1"
"235","GO:0005200","structural constituent of cytoskeleton",138,16,2.62,8.4e-09,"NV2t002717003.1","Molecular Functions","Tubulin alpha-2/alpha-4 chain (EC 3.6.5.-)","TUB2; TUB4"
"236","GO:0005200","structural constituent of cytoskeleton",138,16,2.62,8.4e-09,"NV2t002718001.1","Molecular Functions","Tubulin alpha chain (EC 3.6.5.-) [Cleaved into: Detyrosinated tubulin alpha chain]","tuba tuba1"
"237","GO:0005200","structural constituent of cytoskeleton",138,16,2.62,8.4e-09,"NV2t002719001.1","Molecular Functions","Tubulin alpha-2/alpha-4 chain (EC 3.6.5.-)","TUB2; TUB4"
"238","GO:0005200","structural constituent of cytoskeleton",138,16,2.62,8.4e-09,"NV2t002719002.1","Molecular Functions","Tubulin alpha-1A chain (EC 3.6.5.-) (Alpha-tubulin 1) (Tubulin alpha-1 chain) [Cleaved into: Detyrosinated tubulin alpha-1A chain]","Tuba1a Tuba1"
"239","GO:0005200","structural constituent of cytoskeleton",138,16,2.62,8.4e-09,"NV2t003145001.1","Molecular Functions","Tubulin alpha-3 chain (EC 3.6.5.-) (Alpha-tubulin 3) [Cleaved into: Detyrosinated tubulin alpha-3 chain]","Tuba3a Tuba3; Tuba3b Tuba3"
"240","GO:0005200","structural constituent of cytoskeleton",138,16,2.62,8.4e-09,"NV2t004257001.1","Molecular Functions","Tubulin beta chain (Beta-tubulin)",""
"241","GO:0005200","structural constituent of cytoskeleton",138,16,2.62,8.4e-09,"NV2t004259001.1","Molecular Functions","Tubulin beta chain (Beta-tubulin)",""
"242","GO:0005200","structural constituent of cytoskeleton",138,16,2.62,8.4e-09,"NV2t007878001.1","Molecular Functions","Tubulin alpha-1A chain (EC 3.6.5.-) (Alpha-tubulin 1) (Tubulin alpha-1 chain) [Cleaved into: Detyrosinated tubulin alpha-1A chain]","Tuba1a Tuba1"
"243","GO:0005200","structural constituent of cytoskeleton",138,16,2.62,8.4e-09,"NV2t007880001.1","Molecular Functions","Tubulin alpha-1A chain (EC 3.6.5.-) (Alpha-tubulin 1) (Tubulin alpha-1 chain) [Cleaved into: Detyrosinated tubulin alpha-1A chain]","Tuba1a Tuba1"
"244","GO:0005200","structural constituent of cytoskeleton",138,16,2.62,8.4e-09,"NV2t007884001.1","Molecular Functions","Tubulin alpha-1 chain (EC 3.6.5.-)",""
"245","GO:0005200","structural constituent of cytoskeleton",138,16,2.62,8.4e-09,"NV2t007886001.1","Molecular Functions","Tubulin alpha-2/alpha-4 chain (EC 3.6.5.-)","TUB2; TUB4"
"246","GO:0005200","structural constituent of cytoskeleton",138,16,2.62,8.4e-09,"NV2t022542001.1","Molecular Functions","Tubulin beta chain (Beta-tubulin)",""
"247","GO:0016887","ATP hydrolysis activity",652,36,12.37,1.1e-08,"NV2t000946001.1","Molecular Functions","SWI/SNF-related matrix-associated actin-dependent regulator of chromatin subfamily A member 4 (SMARCA4) (EC 3.6.4.-) (BRG1-associated factor 190A) (BAF190A) (Mitotic growth and transcription activator) (Protein BRG-1) (Protein brahma homolog 1) (SNF2-beta) (Transcription activator BRG1)","SMARCA4 BAF190A BRG1 SNF2B SNF2L4"
"248","GO:0016887","ATP hydrolysis activity",652,36,12.37,1.1e-08,"NV2t001169001.1","Molecular Functions","Endoplasmin (EC 3.6.4.-) (Heat shock 108 kDa protein) (HSP 108) (HSP108) (Heat shock protein 90 kDa beta member 1) (Transferrin-binding protein)","HSP90B1 HSPC4 TRA1"
"249","GO:0016887","ATP hydrolysis activity",652,36,12.37,1.1e-08,"NV2t001169002.1","Molecular Functions","Endoplasmin (94 kDa glucose-regulated protein) (GRP-94) (EC 3.6.4.-) (Heat shock protein 90 kDa beta member 1)","HSP90B1 GRP94 HSPC4"
"250","GO:0016887","ATP hydrolysis activity",652,36,12.37,1.1e-08,"NV2t001169003.1","Molecular Functions","Endoplasmin (EC 3.6.4.-) (94 kDa glucose-regulated protein) (GRP-94) (Heat shock protein 90 kDa beta member 1)","Hsp90b1 Grp94 Hspc4 Tra1"
"251","GO:0016887","ATP hydrolysis activity",652,36,12.37,1.1e-08,"NV2t001808001.1","Molecular Functions","Probable ATP-dependent RNA helicase DDX4 (EC 3.6.4.13) (DEAD box protein 4) (Vasa homolog)","ddx4 vlg"
"252","GO:0016887","ATP hydrolysis activity",652,36,12.37,1.1e-08,"NV2t001808002.1","Molecular Functions","Probable ATP-dependent RNA helicase DDX4 (EC 3.6.4.13) (DEAD box protein 4) (Vasa homolog)","ddx4 vlg"
"253","GO:0016887","ATP hydrolysis activity",652,36,12.37,1.1e-08,"NV2t002068001.1","Molecular Functions","Transitional endoplasmic reticulum ATPase (TER ATPase) (EC 3.6.4.6) (15S Mg(2+)-ATPase p97 subunit) (p97) (Valosin-containing protein) (VCP)","vcp"
"254","GO:0016887","ATP hydrolysis activity",652,36,12.37,1.1e-08,"NV2t003298001.1","Molecular Functions","97 kDa heat shock protein (Heat shock protein 110)","HSP110"
"255","GO:0016887","ATP hydrolysis activity",652,36,12.37,1.1e-08,"NV2t003955001.1","Molecular Functions","ATP-dependent DNA helicase hus2/rqh1 (EC 5.6.2.4) (DNA 3'-5' helicase Rqh1)","rqh1 hus2 rad12 rec9 SPAC2G11.12"
"256","GO:0016887","ATP hydrolysis activity",652,36,12.37,1.1e-08,"NV2t004463001.1","Molecular Functions","Mitochondrial inner membrane m-AAA protease component AFG3L2 (EC 3.4.24.-) (EC 3.6.-.-) (AFG3-like protein 2)","AFG3L2"
"257","GO:0016887","ATP hydrolysis activity",652,36,12.37,1.1e-08,"NV2t004892001.1","Molecular Functions","ATP-dependent helicase wrn-1 (EC 5.6.2.4) (DNA 3'-5' helicase wrn) (Werner syndrome protein homolog)","wrn-1 F18C5.2"
"258","GO:0016887","ATP hydrolysis activity",652,36,12.37,1.1e-08,"NV2t005242001.1","Molecular Functions","ATP-dependent chromatin remodeler CHD7 (EC 3.6.4.-) (Chromo domain-containing protein 7) (CHD-7)","CHD7"
"259","GO:0016887","ATP hydrolysis activity",652,36,12.37,1.1e-08,"NV2t005242002.1","Molecular Functions","ATP-dependent chromatin remodeler CHD7 (EC 3.6.4.-) (Chromo domain-containing protein 7) (CHD-7)","CHD7"
"260","GO:0016887","ATP hydrolysis activity",652,36,12.37,1.1e-08,"NV2t005242003.1","Molecular Functions","ATP-dependent chromatin remodeler CHD7 (EC 3.6.4.-) (Chromo domain-containing protein 7) (CHD-7)","Chd7"
"261","GO:0016887","ATP hydrolysis activity",652,36,12.37,1.1e-08,"NV2t007890001.1","Molecular Functions","Probable ATP-dependent RNA helicase DDX5 (EC 3.6.4.13) (DEAD box RNA helicase DEAD1) (mDEAD1) (DEAD box protein 5) (RNA helicase p68)","Ddx5 Tnz2"
"262","GO:0016887","ATP hydrolysis activity",652,36,12.37,1.1e-08,"NV2t007890002.1","Molecular Functions","Probable ATP-dependent RNA helicase DDX5 (EC 3.6.4.13) (DEAD box RNA helicase DEAD1) (mDEAD1) (DEAD box protein 5) (RNA helicase p68)","Ddx5 Tnz2"
"263","GO:0016887","ATP hydrolysis activity",652,36,12.37,1.1e-08,"NV2t007890003.1","Molecular Functions","Probable ATP-dependent RNA helicase DDX5 (EC 3.6.4.13) (DEAD box RNA helicase DEAD1) (mDEAD1) (DEAD box protein 5) (RNA helicase p68)","Ddx5 Tnz2"
"264","GO:0016887","ATP hydrolysis activity",652,36,12.37,1.1e-08,"NV2t007890004.1","Molecular Functions","Probable ATP-dependent RNA helicase DDX5 (EC 3.6.4.13) (DEAD box RNA helicase DEAD1) (mDEAD1) (DEAD box protein 5) (RNA helicase p68)","Ddx5 Tnz2"
"265","GO:0016887","ATP hydrolysis activity",652,36,12.37,1.1e-08,"NV2t020404001.1","Molecular Functions","Heat shock protein HSP 90-alpha 1","hsp90a.1 hsp90 hsp90a hsp90aa1 zgc:86652"
"266","GO:0016887","ATP hydrolysis activity",652,36,12.37,1.1e-08,"NV2t020404002.1","Molecular Functions","Heat shock protein HSP 90-alpha 1","hsp90a.1 hsp90 hsp90a hsp90aa1 zgc:86652"
"267","GO:0016887","ATP hydrolysis activity",652,36,12.37,1.1e-08,"NV2t020404003.1","Molecular Functions","Heat shock protein HSP 90-alpha 1","hsp90a.1 hsp90 hsp90a hsp90aa1 zgc:86652"
"268","GO:0016887","ATP hydrolysis activity",652,36,12.37,1.1e-08,"NV2t020404004.1","Molecular Functions","Heat shock protein HSP 90-alpha 1","hsp90a.1 hsp90 hsp90a hsp90aa1 zgc:86652"
"269","GO:0016887","ATP hydrolysis activity",652,36,12.37,1.1e-08,"NV2t021241001.1","Molecular Functions","ATP-dependent RNA helicase DDX3Y (EC 3.6.4.13) (DEAD box protein 3, Y-chromosomal)","DDX3Y"
"270","GO:0016887","ATP hydrolysis activity",652,36,12.37,1.1e-08,"NV2t021241002.1","Molecular Functions","ATP-dependent RNA helicase DDX3Y (EC 3.6.4.13) (D1Pas1-related sequence 1) (DEAD box protein 3, Y-chromosomal) (DEAD-box RNA helicase DEAD2) (mDEAD2)","Ddx3y D1Pas1-rs1 Dead2"
"271","GO:0016887","ATP hydrolysis activity",652,36,12.37,1.1e-08,"NV2t024797001.1","Molecular Functions","Endoplasmic reticulum chaperone BiP (EC 3.6.4.10) (78 kDa glucose-regulated protein) (GRP-78) (Binding-immunoglobulin protein) (BiP) (Heat shock protein 70 family protein 5) (HSP70 family protein 5) (Heat shock protein family A member 5) (Immunoglobulin heavy chain-binding protein)","HSPA5 GRP78"
"272","GO:0016887","ATP hydrolysis activity",652,36,12.37,1.1e-08,"NV2t025221001.1","Molecular Functions","E3 ubiquitin-protein ligase RNF213 (EC 2.3.2.27) (EC 3.6.4.-) (E3 ubiquitin-lipopolysaccharide ligase RNF213) (EC 2.3.2.-) (Mysterin) (RING finger protein 213)","Rnf213 Mystr"
"273","GO:0016887","ATP hydrolysis activity",652,36,12.37,1.1e-08,"NV2t025221002.1","Molecular Functions","E3 ubiquitin-protein ligase RNF213 (EC 2.3.2.27) (EC 3.6.4.-) (E3 ubiquitin-lipopolysaccharide ligase RNF213) (EC 2.3.2.-) (Mysterin) (RING finger protein 213)","Rnf213 Mystr"
"274","GO:0016887","ATP hydrolysis activity",652,36,12.37,1.1e-08,"NV2t025221003.1","Molecular Functions","E3 ubiquitin-protein ligase RNF213 (EC 2.3.2.27) (EC 3.6.4.-) (ALK lymphoma oligomerization partner on chromosome 17) (E3 ubiquitin-lipopolysaccharide ligase RNF213) (EC 2.3.2.-) (Mysterin) (RING finger protein 213)","RNF213 ALO17 C17orf27 KIAA1554 KIAA1618 MYSTR"
"275","GO:0016887","ATP hydrolysis activity",652,36,12.37,1.1e-08,"NV2t025224001.1","Molecular Functions","E3 ubiquitin-protein ligase rnf213-alpha (EC 2.3.2.27) (EC 3.6.4.-) (E3 ubiquitin-lipopolysaccharide ligase rnf213-alpha) (EC 2.3.2.-) (Mysterin-A) (Mysterin-alpha) (RING finger protein 213-A) (RING finger protein 213-alpha)","rnf213a"
"276","GO:0016887","ATP hydrolysis activity",652,36,12.37,1.1e-08,"NV2t025225001.1","Molecular Functions","E3 ubiquitin-protein ligase rnf213-alpha (EC 2.3.2.27) (EC 3.6.4.-) (E3 ubiquitin-lipopolysaccharide ligase rnf213-alpha) (EC 2.3.2.-) (Mysterin-A) (Mysterin-alpha) (RING finger protein 213-A) (RING finger protein 213-alpha)","rnf213a"
"277","GO:0016887","ATP hydrolysis activity",652,36,12.37,1.1e-08,"NV2t025357001.1","Molecular Functions","Spliceosome RNA helicase Ddx39b (EC 3.6.4.13) (56 kDa U2AF65-associated protein) (ATP-dependent RNA helicase p47) (DEAD box protein Uap56)","Ddx39b Bat1 Bat1a Uap56"
"278","GO:0016887","ATP hydrolysis activity",652,36,12.37,1.1e-08,"NV2t025357002.1","Molecular Functions","Spliceosome RNA helicase Ddx39b (EC 3.6.4.13) (56 kDa U2AF65-associated protein) (ATP-dependent RNA helicase p47) (DEAD box protein Uap56)","Ddx39b Bat1 Bat1a Uap56"
"279","GO:0016887","ATP hydrolysis activity",652,36,12.37,1.1e-08,"NV2t025357003.1","Molecular Functions","Spliceosome RNA helicase Ddx39b (EC 3.6.4.13) (56 kDa U2AF65-associated protein) (ATP-dependent RNA helicase p47) (DEAD box protein Uap56)","Ddx39b Bat1 Bat1a Uap56"
"280","GO:0016887","ATP hydrolysis activity",652,36,12.37,1.1e-08,"NV2t025357004.1","Molecular Functions","Spliceosome RNA helicase Ddx39b (EC 3.6.4.13) (56 kDa U2AF65-associated protein) (ATP-dependent RNA helicase p47) (DEAD box protein Uap56)","Ddx39b Bat1 Bat1a Uap56"
"281","GO:0016887","ATP hydrolysis activity",652,36,12.37,1.1e-08,"NV2t025357005.1","Molecular Functions","Spliceosome RNA helicase Ddx39b (EC 3.6.4.13) (56 kDa U2AF65-associated protein) (ATP-dependent RNA helicase p47) (DEAD box protein Uap56)","Ddx39b Bat1 Bat1a Uap56"
"282","GO:0016887","ATP hydrolysis activity",652,36,12.37,1.1e-08,"NV2t025357006.1","Molecular Functions","Spliceosome RNA helicase Ddx39b (EC 3.6.4.13) (56 kDa U2AF65-associated protein) (ATP-dependent RNA helicase p47) (DEAD box protein Uap56)","Ddx39b Bat1 Bat1a Uap56"
"283","GO:0005123","death receptor binding",12,6,0.23,3.8e-08,"NV2t004603001.1","Molecular Functions","Protein FAN (Factor associated with neutral sphingomyelinase activation) (Factor associated with N-SMase activation)","Nsmaf Fan"
"284","GO:0005123","death receptor binding",12,6,0.23,3.8e-08,"NV2t004603002.1","Molecular Functions","Protein FAN (Factor associated with neutral sphingomyelinase activation) (Factor associated with N-SMase activation)","Nsmaf Fan"
"285","GO:0005123","death receptor binding",12,6,0.23,3.8e-08,"NV2t004603003.1","Molecular Functions","Protein FAN (Factor associated with neutral sphingomyelinase activation) (Factor associated with N-SMase activation)","Nsmaf Fan"
"286","GO:0005123","death receptor binding",12,6,0.23,3.8e-08,"NV2t004603004.1","Molecular Functions","Protein FAN (Factor associated with neutral sphingomyelinase activation) (Factor associated with N-SMase activation)","Nsmaf Fan"
"287","GO:0005123","death receptor binding",12,6,0.23,3.8e-08,"NV2t004603005.1","Molecular Functions","Protein FAN (Factor associated with neutral sphingomyelinase activation) (Factor associated with N-SMase activation)","Nsmaf Fan"
"288","GO:0005123","death receptor binding",12,6,0.23,3.8e-08,"NV2t004603006.1","Molecular Functions","Protein FAN (Factor associated with neutral sphingomyelinase activation) (Factor associated with N-SMase activation)","Nsmaf Fan"
"289","GO:0030621","U4 snRNA binding",13,6,0.25,6.9e-08,"NV2t025357001.1","Molecular Functions","Spliceosome RNA helicase Ddx39b (EC 3.6.4.13) (56 kDa U2AF65-associated protein) (ATP-dependent RNA helicase p47) (DEAD box protein Uap56)","Ddx39b Bat1 Bat1a Uap56"
"290","GO:0030621","U4 snRNA binding",13,6,0.25,6.9e-08,"NV2t025357002.1","Molecular Functions","Spliceosome RNA helicase Ddx39b (EC 3.6.4.13) (56 kDa U2AF65-associated protein) (ATP-dependent RNA helicase p47) (DEAD box protein Uap56)","Ddx39b Bat1 Bat1a Uap56"
"291","GO:0030621","U4 snRNA binding",13,6,0.25,6.9e-08,"NV2t025357003.1","Molecular Functions","Spliceosome RNA helicase Ddx39b (EC 3.6.4.13) (56 kDa U2AF65-associated protein) (ATP-dependent RNA helicase p47) (DEAD box protein Uap56)","Ddx39b Bat1 Bat1a Uap56"
"292","GO:0030621","U4 snRNA binding",13,6,0.25,6.9e-08,"NV2t025357004.1","Molecular Functions","Spliceosome RNA helicase Ddx39b (EC 3.6.4.13) (56 kDa U2AF65-associated protein) (ATP-dependent RNA helicase p47) (DEAD box protein Uap56)","Ddx39b Bat1 Bat1a Uap56"
"293","GO:0030621","U4 snRNA binding",13,6,0.25,6.9e-08,"NV2t025357005.1","Molecular Functions","Spliceosome RNA helicase Ddx39b (EC 3.6.4.13) (56 kDa U2AF65-associated protein) (ATP-dependent RNA helicase p47) (DEAD box protein Uap56)","Ddx39b Bat1 Bat1a Uap56"
"294","GO:0030621","U4 snRNA binding",13,6,0.25,6.9e-08,"NV2t025357006.1","Molecular Functions","Spliceosome RNA helicase Ddx39b (EC 3.6.4.13) (56 kDa U2AF65-associated protein) (ATP-dependent RNA helicase p47) (DEAD box protein Uap56)","Ddx39b Bat1 Bat1a Uap56"
"295","GO:0003724","RNA helicase activity",126,14,2.39,1.2e-07,"NV2t001808001.1","Molecular Functions","Probable ATP-dependent RNA helicase DDX4 (EC 3.6.4.13) (DEAD box protein 4) (Vasa homolog)","ddx4 vlg"
"296","GO:0003724","RNA helicase activity",126,14,2.39,1.2e-07,"NV2t001808002.1","Molecular Functions","Probable ATP-dependent RNA helicase DDX4 (EC 3.6.4.13) (DEAD box protein 4) (Vasa homolog)","ddx4 vlg"
"297","GO:0003724","RNA helicase activity",126,14,2.39,1.2e-07,"NV2t007890001.1","Molecular Functions","Probable ATP-dependent RNA helicase DDX5 (EC 3.6.4.13) (DEAD box RNA helicase DEAD1) (mDEAD1) (DEAD box protein 5) (RNA helicase p68)","Ddx5 Tnz2"
"298","GO:0003724","RNA helicase activity",126,14,2.39,1.2e-07,"NV2t007890002.1","Molecular Functions","Probable ATP-dependent RNA helicase DDX5 (EC 3.6.4.13) (DEAD box RNA helicase DEAD1) (mDEAD1) (DEAD box protein 5) (RNA helicase p68)","Ddx5 Tnz2"
"299","GO:0003724","RNA helicase activity",126,14,2.39,1.2e-07,"NV2t007890003.1","Molecular Functions","Probable ATP-dependent RNA helicase DDX5 (EC 3.6.4.13) (DEAD box RNA helicase DEAD1) (mDEAD1) (DEAD box protein 5) (RNA helicase p68)","Ddx5 Tnz2"
"300","GO:0003724","RNA helicase activity",126,14,2.39,1.2e-07,"NV2t007890004.1","Molecular Functions","Probable ATP-dependent RNA helicase DDX5 (EC 3.6.4.13) (DEAD box RNA helicase DEAD1) (mDEAD1) (DEAD box protein 5) (RNA helicase p68)","Ddx5 Tnz2"
"301","GO:0003724","RNA helicase activity",126,14,2.39,1.2e-07,"NV2t021241001.1","Molecular Functions","ATP-dependent RNA helicase DDX3Y (EC 3.6.4.13) (DEAD box protein 3, Y-chromosomal)","DDX3Y"
"302","GO:0003724","RNA helicase activity",126,14,2.39,1.2e-07,"NV2t021241002.1","Molecular Functions","ATP-dependent RNA helicase DDX3Y (EC 3.6.4.13) (D1Pas1-related sequence 1) (DEAD box protein 3, Y-chromosomal) (DEAD-box RNA helicase DEAD2) (mDEAD2)","Ddx3y D1Pas1-rs1 Dead2"
"303","GO:0003724","RNA helicase activity",126,14,2.39,1.2e-07,"NV2t025357001.1","Molecular Functions","Spliceosome RNA helicase Ddx39b (EC 3.6.4.13) (56 kDa U2AF65-associated protein) (ATP-dependent RNA helicase p47) (DEAD box protein Uap56)","Ddx39b Bat1 Bat1a Uap56"
"304","GO:0003724","RNA helicase activity",126,14,2.39,1.2e-07,"NV2t025357002.1","Molecular Functions","Spliceosome RNA helicase Ddx39b (EC 3.6.4.13) (56 kDa U2AF65-associated protein) (ATP-dependent RNA helicase p47) (DEAD box protein Uap56)","Ddx39b Bat1 Bat1a Uap56"
"305","GO:0003724","RNA helicase activity",126,14,2.39,1.2e-07,"NV2t025357003.1","Molecular Functions","Spliceosome RNA helicase Ddx39b (EC 3.6.4.13) (56 kDa U2AF65-associated protein) (ATP-dependent RNA helicase p47) (DEAD box protein Uap56)","Ddx39b Bat1 Bat1a Uap56"
"306","GO:0003724","RNA helicase activity",126,14,2.39,1.2e-07,"NV2t025357004.1","Molecular Functions","Spliceosome RNA helicase Ddx39b (EC 3.6.4.13) (56 kDa U2AF65-associated protein) (ATP-dependent RNA helicase p47) (DEAD box protein Uap56)","Ddx39b Bat1 Bat1a Uap56"
"307","GO:0003724","RNA helicase activity",126,14,2.39,1.2e-07,"NV2t025357005.1","Molecular Functions","Spliceosome RNA helicase Ddx39b (EC 3.6.4.13) (56 kDa U2AF65-associated protein) (ATP-dependent RNA helicase p47) (DEAD box protein Uap56)","Ddx39b Bat1 Bat1a Uap56"
"308","GO:0003724","RNA helicase activity",126,14,2.39,1.2e-07,"NV2t025357006.1","Molecular Functions","Spliceosome RNA helicase Ddx39b (EC 3.6.4.13) (56 kDa U2AF65-associated protein) (ATP-dependent RNA helicase p47) (DEAD box protein Uap56)","Ddx39b Bat1 Bat1a Uap56"
"309","GO:0035500","MH2 domain binding",4,4,0.08,1.3e-07,"NV2t007890001.1","Molecular Functions","Probable ATP-dependent RNA helicase DDX5 (EC 3.6.4.13) (DEAD box RNA helicase DEAD1) (mDEAD1) (DEAD box protein 5) (RNA helicase p68)","Ddx5 Tnz2"
"310","GO:0035500","MH2 domain binding",4,4,0.08,1.3e-07,"NV2t007890002.1","Molecular Functions","Probable ATP-dependent RNA helicase DDX5 (EC 3.6.4.13) (DEAD box RNA helicase DEAD1) (mDEAD1) (DEAD box protein 5) (RNA helicase p68)","Ddx5 Tnz2"
"311","GO:0035500","MH2 domain binding",4,4,0.08,1.3e-07,"NV2t007890003.1","Molecular Functions","Probable ATP-dependent RNA helicase DDX5 (EC 3.6.4.13) (DEAD box RNA helicase DEAD1) (mDEAD1) (DEAD box protein 5) (RNA helicase p68)","Ddx5 Tnz2"
"312","GO:0035500","MH2 domain binding",4,4,0.08,1.3e-07,"NV2t007890004.1","Molecular Functions","Probable ATP-dependent RNA helicase DDX5 (EC 3.6.4.13) (DEAD box RNA helicase DEAD1) (mDEAD1) (DEAD box protein 5) (RNA helicase p68)","Ddx5 Tnz2"
"313","GO:0045503","dynein light chain binding",15,6,0.28,1.9e-07,"NV2t023175001.1","Molecular Functions","Dynein intermediate chain 2, ciliary",""
"314","GO:0045503","dynein light chain binding",15,6,0.28,1.9e-07,"NV2t023175002.1","Molecular Functions","Dynein intermediate chain 2, ciliary",""
"315","GO:0045503","dynein light chain binding",15,6,0.28,1.9e-07,"NV2t023175003.1","Molecular Functions","Dynein intermediate chain 2, ciliary",""
"316","GO:0045503","dynein light chain binding",15,6,0.28,1.9e-07,"NV2t023175004.1","Molecular Functions","Dynein intermediate chain 2, ciliary",""
"317","GO:0045503","dynein light chain binding",15,6,0.28,1.9e-07,"NV2t023175005.1","Molecular Functions","Dynein intermediate chain 2, ciliary",""
"318","GO:0045503","dynein light chain binding",15,6,0.28,1.9e-07,"NV2t023175006.1","Molecular Functions","Dynein intermediate chain 2, ciliary",""
"319","GO:0140662","ATP-dependent protein folding chaperone",26,7,0.49,4e-07,"NV2t001169001.1","Molecular Functions","Endoplasmin (EC 3.6.4.-) (Heat shock 108 kDa protein) (HSP 108) (HSP108) (Heat shock protein 90 kDa beta member 1) (Transferrin-binding protein)","HSP90B1 HSPC4 TRA1"
"320","GO:0140662","ATP-dependent protein folding chaperone",26,7,0.49,4e-07,"NV2t001169002.1","Molecular Functions","Endoplasmin (94 kDa glucose-regulated protein) (GRP-94) (EC 3.6.4.-) (Heat shock protein 90 kDa beta member 1)","HSP90B1 GRP94 HSPC4"
"321","GO:0140662","ATP-dependent protein folding chaperone",26,7,0.49,4e-07,"NV2t001169003.1","Molecular Functions","Endoplasmin (EC 3.6.4.-) (94 kDa glucose-regulated protein) (GRP-94) (Heat shock protein 90 kDa beta member 1)","Hsp90b1 Grp94 Hspc4 Tra1"
"322","GO:0140662","ATP-dependent protein folding chaperone",26,7,0.49,4e-07,"NV2t020404001.1","Molecular Functions","Heat shock protein HSP 90-alpha 1","hsp90a.1 hsp90 hsp90a hsp90aa1 zgc:86652"
"323","GO:0140662","ATP-dependent protein folding chaperone",26,7,0.49,4e-07,"NV2t020404002.1","Molecular Functions","Heat shock protein HSP 90-alpha 1","hsp90a.1 hsp90 hsp90a hsp90aa1 zgc:86652"
"324","GO:0140662","ATP-dependent protein folding chaperone",26,7,0.49,4e-07,"NV2t020404003.1","Molecular Functions","Heat shock protein HSP 90-alpha 1","hsp90a.1 hsp90 hsp90a hsp90aa1 zgc:86652"
"325","GO:0140662","ATP-dependent protein folding chaperone",26,7,0.49,4e-07,"NV2t020404004.1","Molecular Functions","Heat shock protein HSP 90-alpha 1","hsp90a.1 hsp90 hsp90a hsp90aa1 zgc:86652"
"326","GO:0003924","GTPase activity",359,23,6.81,4.2e-07,"NV2t004257001.1","Molecular Functions","Tubulin beta chain (Beta-tubulin)",""
"327","GO:0003924","GTPase activity",359,23,6.81,4.2e-07,"NV2t004259001.1","Molecular Functions","Tubulin beta chain (Beta-tubulin)",""
"328","GO:0003924","GTPase activity",359,23,6.81,4.2e-07,"NV2t005887001.1","Molecular Functions","Elongation factor 1-alpha, oocyte form (EF-1-alpha-O1) (EF-1AO1)",""
"329","GO:0003924","GTPase activity",359,23,6.81,4.2e-07,"NV2t005887002.1","Molecular Functions","Elongation factor 1-alpha, oocyte form (EF-1-alpha-O) (EF-1AO) (42S p48)","eef1ao"
"330","GO:0003924","GTPase activity",359,23,6.81,4.2e-07,"NV2t005887003.1","Molecular Functions","Elongation factor 1-alpha, oocyte form (EF-1-alpha-O1) (EF-1AO1)",""
"331","GO:0003924","GTPase activity",359,23,6.81,4.2e-07,"NV2t005887004.1","Molecular Functions","Elongation factor 1-alpha, oocyte form (EF-1-alpha-O1) (EF-1AO1)",""
"332","GO:0003924","GTPase activity",359,23,6.81,4.2e-07,"NV2t005887005.1","Molecular Functions","Elongation factor 1-alpha, oocyte form (EF-1-alpha-O1) (EF-1AO1)",""
"333","GO:0003924","GTPase activity",359,23,6.81,4.2e-07,"NV2t005887006.1","Molecular Functions","Elongation factor 1-alpha, oocyte form (EF-1-alpha-O) (EF-1AO) (42S p48)","eef1ao"
"334","GO:0003924","GTPase activity",359,23,6.81,4.2e-07,"NV2t022542001.1","Molecular Functions","Tubulin beta chain (Beta-tubulin)",""
"335","GO:0003924","GTPase activity",359,23,6.81,4.2e-07,"NV2t023410001.1","Molecular Functions","Elongation factor 2 (EF-2) (EC 3.6.5.-)","EEF2"
"336","GO:0003924","GTPase activity",359,23,6.81,4.2e-07,"NV2t023410002.1","Molecular Functions","Elongation factor 2 (EF-2) (EC 3.6.5.-)","EEF2"
"337","GO:0003924","GTPase activity",359,23,6.81,4.2e-07,"NV2t023410003.1","Molecular Functions","Elongation factor 2 (EF-2) (EC 3.6.5.-)","EEF2"
"338","GO:0003924","GTPase activity",359,23,6.81,4.2e-07,"NV2t023410004.1","Molecular Functions","Elongation factor 2 (EF-2) (EC 3.6.5.-)","EEF2"
"339","GO:0003924","GTPase activity",359,23,6.81,4.2e-07,"NV2t023410005.1","Molecular Functions","Elongation factor 2 (EF-2) (EC 3.6.5.-)","EEF2"
"340","GO:0003924","GTPase activity",359,23,6.81,4.2e-07,"NV2t023410006.1","Molecular Functions","Elongation factor 2 (EF-2) (EC 3.6.5.-)","EEF2"
"341","GO:0003924","GTPase activity",359,23,6.81,4.2e-07,"NV2t023410007.1","Molecular Functions","Elongation factor 2 (EF-2) (EC 3.6.5.-)","EEF2"
"342","GO:0003924","GTPase activity",359,23,6.81,4.2e-07,"NV2t023410008.1","Molecular Functions","Eukaryotic translation elongation factor 2 (EC 3.6.5.-) (Elongation factor 2) (EF-2)","eEF2 EF2 Ef2b CG2238"
"343","GO:0003924","GTPase activity",359,23,6.81,4.2e-07,"NV2t023410009.1","Molecular Functions","Eukaryotic translation elongation factor 2 (EC 3.6.5.-) (Elongation factor 2) (EF-2)","eEF2 EF2 Ef2b CG2238"
"344","GO:0003924","GTPase activity",359,23,6.81,4.2e-07,"NV2t023410010.1","Molecular Functions","Elongation factor 2 (EF-2) (EC 3.6.5.-)","EEF2"
"345","GO:0003924","GTPase activity",359,23,6.81,4.2e-07,"NV2t023410011.1","Molecular Functions","Eukaryotic translation elongation factor 2 (EC 3.6.5.-) (Elongation factor 2) (EF-2)","eEF2 EF2 Ef2b CG2238"
"346","GO:0003924","GTPase activity",359,23,6.81,4.2e-07,"NV2t023410012.1","Molecular Functions","Eukaryotic translation elongation factor 2 (EC 3.6.5.-) (Elongation factor 2) (EF-2)","eEF2 EF2 Ef2b CG2238"
"347","GO:0003924","GTPase activity",359,23,6.81,4.2e-07,"NV2t023410013.1","Molecular Functions","Elongation factor 2 (EF-2) (EC 3.6.5.-)","EEF2"
"348","GO:0003924","GTPase activity",359,23,6.81,4.2e-07,"NV2t023410014.1","Molecular Functions","Eukaryotic translation elongation factor 2 (EC 3.6.5.-) (Elongation factor 2) (EF-2)","eEF2 EF2 Ef2b CG2238"
"349","GO:1990841","promoter-specific chromatin binding",84,11,1.59,5.3e-07,"NV2t004905001.1","Molecular Functions","Retinoblastoma-like protein 1 (107 kDa retinoblastoma-associated protein) (p107) (pRb1)","RBL1"
"350","GO:1990841","promoter-specific chromatin binding",84,11,1.59,5.3e-07,"NV2t004905002.1","Molecular Functions","Retinoblastoma-like protein 1 (107 kDa retinoblastoma-associated protein) (p107) (pRb1)","RBL1"
"351","GO:1990841","promoter-specific chromatin binding",84,11,1.59,5.3e-07,"NV2t004905003.1","Molecular Functions","Retinoblastoma-like protein 1 (107 kDa retinoblastoma-associated protein) (p107) (pRb1)","RBL1"
"352","GO:1990841","promoter-specific chromatin binding",84,11,1.59,5.3e-07,"NV2t005242001.1","Molecular Functions","ATP-dependent chromatin remodeler CHD7 (EC 3.6.4.-) (Chromo domain-containing protein 7) (CHD-7)","CHD7"
"353","GO:1990841","promoter-specific chromatin binding",84,11,1.59,5.3e-07,"NV2t005242002.1","Molecular Functions","ATP-dependent chromatin remodeler CHD7 (EC 3.6.4.-) (Chromo domain-containing protein 7) (CHD-7)","CHD7"
"354","GO:1990841","promoter-specific chromatin binding",84,11,1.59,5.3e-07,"NV2t005242003.1","Molecular Functions","ATP-dependent chromatin remodeler CHD7 (EC 3.6.4.-) (Chromo domain-containing protein 7) (CHD-7)","Chd7"
"355","GO:1990841","promoter-specific chromatin binding",84,11,1.59,5.3e-07,"NV2t005663001.1","Molecular Functions","Core histone macro-H2A.1 (Histone macroH2A1) (mH2A1) (H2A.y) (H2A/y)","Macroh2a1 H2afy"
"356","GO:1990841","promoter-specific chromatin binding",84,11,1.59,5.3e-07,"NV2t007890001.1","Molecular Functions","Probable ATP-dependent RNA helicase DDX5 (EC 3.6.4.13) (DEAD box RNA helicase DEAD1) (mDEAD1) (DEAD box protein 5) (RNA helicase p68)","Ddx5 Tnz2"
"357","GO:1990841","promoter-specific chromatin binding",84,11,1.59,5.3e-07,"NV2t007890002.1","Molecular Functions","Probable ATP-dependent RNA helicase DDX5 (EC 3.6.4.13) (DEAD box RNA helicase DEAD1) (mDEAD1) (DEAD box protein 5) (RNA helicase p68)","Ddx5 Tnz2"
"358","GO:1990841","promoter-specific chromatin binding",84,11,1.59,5.3e-07,"NV2t007890003.1","Molecular Functions","Probable ATP-dependent RNA helicase DDX5 (EC 3.6.4.13) (DEAD box RNA helicase DEAD1) (mDEAD1) (DEAD box protein 5) (RNA helicase p68)","Ddx5 Tnz2"
"359","GO:1990841","promoter-specific chromatin binding",84,11,1.59,5.3e-07,"NV2t007890004.1","Molecular Functions","Probable ATP-dependent RNA helicase DDX5 (EC 3.6.4.13) (DEAD box RNA helicase DEAD1) (mDEAD1) (DEAD box protein 5) (RNA helicase p68)","Ddx5 Tnz2"
"360","GO:0003723","RNA binding",1770,98,33.59,8e-07,"NV2t000036002.1","Molecular Functions","E3 ubiquitin-protein ligase HUWE1 (EC 2.3.2.26) (ARF-binding protein 1) (ARF-BP1) (HECT, UBA and WWE domain-containing protein 1) (HECT-type E3 ubiquitin transferase HUWE1) (Homologous to E6AP carboxyl terminus homologous protein 9) (HectH9) (Large structure of UREB1) (LASU1) (Mcl-1 ubiquitin ligase E3) (Mule) (Upstream regulatory element-binding protein 1) (URE-B1) (URE-binding protein 1)","HUWE1 KIAA0312 KIAA1578 UREB1 HSPC272"
"361","GO:0003723","RNA binding",1770,98,33.59,8e-07,"NV2t000132001.1","Molecular Functions","Large ribosomal subunit protein eL20 (60S ribosomal protein L18a)","RPL18A"
"362","GO:0003723","RNA binding",1770,98,33.59,8e-07,"NV2t000251001.1","Molecular Functions","HEAT repeat-containing protein 1 (Protein BAP28)","heatr1 zgc:63510"
"363","GO:0003723","RNA binding",1770,98,33.59,8e-07,"NV2t000483001.1","Molecular Functions","Transposon Tf1-107 polyprotein (EC 2.7.7.49) (EC 2.7.7.7) (EC 3.4.23.-)","Tf1-107"
"364","GO:0003723","RNA binding",1770,98,33.59,8e-07,"NV2t000731001.1","Molecular Functions","Transposon Tf1-107 polyprotein (EC 2.7.7.49) (EC 2.7.7.7) (EC 3.4.23.-)","Tf1-107"
"365","GO:0003723","RNA binding",1770,98,33.59,8e-07,"NV2t000946001.1","Molecular Functions","SWI/SNF-related matrix-associated actin-dependent regulator of chromatin subfamily A member 4 (SMARCA4) (EC 3.6.4.-) (BRG1-associated factor 190A) (BAF190A) (Mitotic growth and transcription activator) (Protein BRG-1) (Protein brahma homolog 1) (SNF2-beta) (Transcription activator BRG1)","SMARCA4 BAF190A BRG1 SNF2B SNF2L4"
"366","GO:0003723","RNA binding",1770,98,33.59,8e-07,"NV2t001169003.1","Molecular Functions","Endoplasmin (EC 3.6.4.-) (94 kDa glucose-regulated protein) (GRP-94) (Heat shock protein 90 kDa beta member 1)","Hsp90b1 Grp94 Hspc4 Tra1"
"367","GO:0003723","RNA binding",1770,98,33.59,8e-07,"NV2t001671002.1","Molecular Functions","Gag-Pol polyprotein (Pr160Gag-Pol) [Cleaved into: Matrix protein p17 (MA); Capsid protein p24 (CA); Spacer peptide 1 (SP1) (p2); Nucleocapsid protein p7 (NC); Transframe peptide (TF); p6-pol (p6*); Protease (EC 3.4.23.16) (PR) (Retropepsin); Reverse transcriptase/ribonuclease H (EC 2.7.7.49) (EC 2.7.7.7) (EC 3.1.26.13) (Exoribonuclease H) (EC 3.1.13.2) (p66 RT); p51 RT; p15; Integrase (IN) (EC 2.7.7.-) (EC 3.1.-.-)]","gag-pol"
"368","GO:0003723","RNA binding",1770,98,33.59,8e-07,"NV2t001671003.1","Molecular Functions","Gag-Pol polyprotein (Pr160Gag-Pol) [Cleaved into: Matrix protein p17 (MA); Capsid protein p24 (CA); Spacer peptide 1 (SP1) (p2); Nucleocapsid protein p7 (NC); Transframe peptide (TF); p6-pol (p6*); Protease (EC 3.4.23.16) (PR) (Retropepsin); Reverse transcriptase/ribonuclease H (EC 2.7.7.49) (EC 2.7.7.7) (EC 3.1.26.13) (Exoribonuclease H) (EC 3.1.13.2) (p66 RT); p51 RT; p15; Integrase (IN) (EC 2.7.7.-) (EC 3.1.-.-)]","gag-pol"
"369","GO:0003723","RNA binding",1770,98,33.59,8e-07,"NV2t001899001.1","Molecular Functions","Transposon Tf1-107 polyprotein (EC 2.7.7.49) (EC 2.7.7.7) (EC 3.4.23.-)","Tf1-107"
"370","GO:0003723","RNA binding",1770,98,33.59,8e-07,"NV2t003148001.1","Molecular Functions","Histidine--tRNA ligase (EC 6.1.1.21)","hars"
"371","GO:0003723","RNA binding",1770,98,33.59,8e-07,"NV2t003229001.1","Molecular Functions","THO complex subunit 2 (Tho2)","THOC2"
"372","GO:0003723","RNA binding",1770,98,33.59,8e-07,"NV2t003454001.1","Molecular Functions","Small ribosomal subunit protein uS3 (EC 4.2.99.18) (40S ribosomal protein S3)","RPS3"
"373","GO:0003723","RNA binding",1770,98,33.59,8e-07,"NV2t004685001.1","Molecular Functions","Lysine--tRNA ligase (EC 2.7.7.-) (EC 6.1.1.6) (Lysyl-tRNA synthetase) (LysRS)","Kars1 Kars"
"374","GO:0003723","RNA binding",1770,98,33.59,8e-07,"NV2t004987001.1","Molecular Functions","Protein virilizer homolog","VIRMA KIAA1429 MSTP054"
"375","GO:0003723","RNA binding",1770,98,33.59,8e-07,"NV2t005899001.1","Molecular Functions","Polyadenylate-binding protein 1A (PABP-1A) (Poly(A)-binding protein 1A)","pabpc1a"
"376","GO:0003723","RNA binding",1770,98,33.59,8e-07,"NV2t005899002.1","Molecular Functions","Polyadenylate-binding protein 1A (PABP-1A) (Poly(A)-binding protein 1A)","pabpc1a"
"377","GO:0003723","RNA binding",1770,98,33.59,8e-07,"NV2t005899003.1","Molecular Functions","Polyadenylate-binding protein 1 (PABP-1) (Poly(A)-binding protein 1)","Pabpc1 Pabp1"
"378","GO:0003723","RNA binding",1770,98,33.59,8e-07,"NV2t005899004.1","Molecular Functions","Polyadenylate-binding protein 4 (PABP-4) (Poly(A)-binding protein 4) (Activated-platelet protein 1) (APP-1) (Inducible poly(A)-binding protein) (iPABP)","PABPC4 APP1 PABP4"
"379","GO:0003723","RNA binding",1770,98,33.59,8e-07,"NV2t005899005.1","Molecular Functions","Polyadenylate-binding protein 1A (PABP-1A) (Poly(A)-binding protein 1A)","pabpc1a"
"380","GO:0003723","RNA binding",1770,98,33.59,8e-07,"NV2t005899006.1","Molecular Functions","Polyadenylate-binding protein 1 (PABP-1) (Poly(A)-binding protein 1)","Pabpc1 Pabp1"
"381","GO:0003723","RNA binding",1770,98,33.59,8e-07,"NV2t005899007.1","Molecular Functions","Polyadenylate-binding protein 1A (PABP-1A) (Poly(A)-binding protein 1A)","pabpc1a"
"382","GO:0003723","RNA binding",1770,98,33.59,8e-07,"NV2t005899008.1","Molecular Functions","Polyadenylate-binding protein 4 (PABP-4) (Poly(A)-binding protein 4) (Activated-platelet protein 1) (APP-1) (Inducible poly(A)-binding protein) (iPABP)","PABPC4 APP1 PABP4"
"383","GO:0003723","RNA binding",1770,98,33.59,8e-07,"NV2t005899009.1","Molecular Functions","Polyadenylate-binding protein 1-A (PABP-1-A) (Poly(A)-binding protein 1-A) (xPABP1-A) (Cytoplasmic poly(A)-binding protein 1-A)","pabpc1-a pabp pabp1"
"384","GO:0003723","RNA binding",1770,98,33.59,8e-07,"NV2t005899010.1","Molecular Functions","Polyadenylate-binding protein 4 (PABP-4) (Poly(A)-binding protein 4) (Activated-platelet protein 1) (APP-1) (Inducible poly(A)-binding protein) (iPABP)","PABPC4 APP1 PABP4"
"385","GO:0003723","RNA binding",1770,98,33.59,8e-07,"NV2t005899011.1","Molecular Functions","Polyadenylate-binding protein 4 (PABP-4) (Poly(A)-binding protein 4) (Activated-platelet protein 1) (APP-1) (Inducible poly(A)-binding protein) (iPABP)","PABPC4 APP1 PABP4"
"386","GO:0003723","RNA binding",1770,98,33.59,8e-07,"NV2t005899012.1","Molecular Functions","Polyadenylate-binding protein 4 (PABP-4) (Poly(A)-binding protein 4) (Activated-platelet protein 1) (APP-1) (Inducible poly(A)-binding protein) (iPABP)","PABPC4 APP1 PABP4"
"387","GO:0003723","RNA binding",1770,98,33.59,8e-07,"NV2t005899013.1","Molecular Functions","Polyadenylate-binding protein 4 (PABP-4) (Poly(A)-binding protein 4) (Activated-platelet protein 1) (APP-1) (Inducible poly(A)-binding protein) (iPABP)","PABPC4 APP1 PABP4"
"388","GO:0003723","RNA binding",1770,98,33.59,8e-07,"NV2t005899014.1","Molecular Functions","Polyadenylate-binding protein 4 (PABP-4) (Poly(A)-binding protein 4) (Activated-platelet protein 1) (APP-1) (Inducible poly(A)-binding protein) (iPABP)","PABPC4 APP1 PABP4"
"389","GO:0003723","RNA binding",1770,98,33.59,8e-07,"NV2t005899015.1","Molecular Functions","Polyadenylate-binding protein 4 (PABP-4) (Poly(A)-binding protein 4) (Activated-platelet protein 1) (APP-1) (Inducible poly(A)-binding protein) (iPABP)","PABPC4 APP1 PABP4"
"390","GO:0003723","RNA binding",1770,98,33.59,8e-07,"NV2t005899016.1","Molecular Functions","Polyadenylate-binding protein 4 (PABP-4) (Poly(A)-binding protein 4) (Activated-platelet protein 1) (APP-1) (Inducible poly(A)-binding protein) (iPABP)","PABPC4 APP1 PABP4"
"391","GO:0003723","RNA binding",1770,98,33.59,8e-07,"NV2t005899017.1","Molecular Functions","Polyadenylate-binding protein 4 (PABP-4) (Poly(A)-binding protein 4) (Activated-platelet protein 1) (APP-1) (Inducible poly(A)-binding protein) (iPABP)","PABPC4 APP1 PABP4"
"392","GO:0003723","RNA binding",1770,98,33.59,8e-07,"NV2t005899018.1","Molecular Functions","Polyadenylate-binding protein 4 (PABP-4) (Poly(A)-binding protein 4) (Activated-platelet protein 1) (APP-1) (Inducible poly(A)-binding protein) (iPABP)","PABPC4 APP1 PABP4"
"393","GO:0003723","RNA binding",1770,98,33.59,8e-07,"NV2t005899019.1","Molecular Functions","Polyadenylate-binding protein 4 (PABP-4) (Poly(A)-binding protein 4) (Activated-platelet protein 1) (APP-1) (Inducible poly(A)-binding protein) (iPABP)","PABPC4 APP1 PABP4"
"394","GO:0003723","RNA binding",1770,98,33.59,8e-07,"NV2t005899020.1","Molecular Functions","Polyadenylate-binding protein 4 (PABP-4) (Poly(A)-binding protein 4) (Activated-platelet protein 1) (APP-1) (Inducible poly(A)-binding protein) (iPABP)","PABPC4 APP1 PABP4"
"395","GO:0003723","RNA binding",1770,98,33.59,8e-07,"NV2t005899021.1","Molecular Functions","Polyadenylate-binding protein 4 (PABP-4) (Poly(A)-binding protein 4) (Activated-platelet protein 1) (APP-1) (Inducible poly(A)-binding protein) (iPABP)","PABPC4 APP1 PABP4"
"396","GO:0003723","RNA binding",1770,98,33.59,8e-07,"NV2t005899022.1","Molecular Functions","Polyadenylate-binding protein 4 (PABP-4) (Poly(A)-binding protein 4) (Activated-platelet protein 1) (APP-1) (Inducible poly(A)-binding protein) (iPABP)","PABPC4 APP1 PABP4"
"397","GO:0003723","RNA binding",1770,98,33.59,8e-07,"NV2t005899023.1","Molecular Functions","Polyadenylate-binding protein 4 (PABP-4) (Poly(A)-binding protein 4) (Activated-platelet protein 1) (APP-1) (Inducible poly(A)-binding protein) (iPABP)","PABPC4 APP1 PABP4"
"398","GO:0003723","RNA binding",1770,98,33.59,8e-07,"NV2t005899024.1","Molecular Functions","Polyadenylate-binding protein 1 (PABP-1) (Poly(A)-binding protein 1)","Pabpc1 Pabp1"
"399","GO:0003723","RNA binding",1770,98,33.59,8e-07,"NV2t005965001.1","Molecular Functions","Probable ribonuclease ZC3H12C (EC 3.1.-.-) (Zinc finger CCCH domain-containing protein 12C)","Zc3h12c Kiaa1726"
"400","GO:0003723","RNA binding",1770,98,33.59,8e-07,"NV2t005965002.1","Molecular Functions","Probable ribonuclease ZC3H12D (EC 3.1.-.-) (MCP-induced protein 4) (Transformed follicular lymphoma) (Zinc finger CCCH domain-containing protein 12D) (p34)","ZC3H12D C6orf95 MCPIP4 TFL"
"401","GO:0003723","RNA binding",1770,98,33.59,8e-07,"NV2t005965003.1","Molecular Functions","Probable ribonuclease ZC3H12D (EC 3.1.-.-) (MCP-induced protein 4) (Transformed follicular lymphoma) (Zinc finger CCCH domain-containing protein 12D) (p34)","ZC3H12D C6orf95 MCPIP4 TFL"
"402","GO:0003723","RNA binding",1770,98,33.59,8e-07,"NV2t005969001.1","Molecular Functions","E3 ubiquitin-protein ligase DZIP3 (EC 2.3.2.27) (DAZ-interacting protein 3 homolog) (RING-type E3 ubiquitin transferase DZIP3)","Dzip3 Kiaa0675"
"403","GO:0003723","RNA binding",1770,98,33.59,8e-07,"NV2t005969003.1","Molecular Functions","E3 ubiquitin-protein ligase DZIP3 (EC 2.3.2.27) (DAZ-interacting protein 3 homolog) (RING-type E3 ubiquitin transferase DZIP3)","Dzip3 Kiaa0675"
"404","GO:0003723","RNA binding",1770,98,33.59,8e-07,"NV2t005969004.1","Molecular Functions","E3 ubiquitin-protein ligase DZIP3 (EC 2.3.2.27) (DAZ-interacting protein 3 homolog) (RING-type E3 ubiquitin transferase DZIP3)","Dzip3 Kiaa0675"
"405","GO:0003723","RNA binding",1770,98,33.59,8e-07,"NV2t005969009.1","Molecular Functions","E3 ubiquitin-protein ligase DZIP3 (EC 2.3.2.27) (DAZ-interacting protein 3 homolog) (RING-type E3 ubiquitin transferase DZIP3)","Dzip3 Kiaa0675"
"406","GO:0003723","RNA binding",1770,98,33.59,8e-07,"NV2t006280003.1","Molecular Functions","E3 ubiquitin-protein ligase DZIP3 (EC 2.3.2.27) (DAZ-interacting protein 3 homolog) (RING-type E3 ubiquitin transferase DZIP3)","Dzip3 Kiaa0675"
"407","GO:0003723","RNA binding",1770,98,33.59,8e-07,"NV2t006419001.1","Molecular Functions","Large ribosomal subunit protein uL10 (60S acidic ribosomal protein P0) (60S ribosomal protein L10E)","RPLP0"
"408","GO:0003723","RNA binding",1770,98,33.59,8e-07,"NV2t006672001.1","Molecular Functions","Large ribosomal subunit protein eL19 (60S ribosomal protein L19)","RpL19 M(2)60E CG2746"
"409","GO:0003723","RNA binding",1770,98,33.59,8e-07,"NV2t007080001.1","Molecular Functions","Large ribosomal subunit protein eL18 (60S ribosomal protein L18)","RpL18"
"410","GO:0003723","RNA binding",1770,98,33.59,8e-07,"NV2t007107001.1","Molecular Functions","Small ribosomal subunit protein uS5 (40S ribosomal protein S2)","rps2"
"411","GO:0003723","RNA binding",1770,98,33.59,8e-07,"NV2t007410002.1","Molecular Functions","Myosin-10 (Cellular myosin heavy chain, type B) (Myosin heavy chain 10) (Myosin heavy chain, non-muscle IIb) (Non-muscle myosin heavy chain B) (NMMHC-B) (Non-muscle myosin heavy chain IIb) (NMMHC II-b) (NMMHC-IIB)","Myh10"
"412","GO:0003723","RNA binding",1770,98,33.59,8e-07,"NV2t007506001.1","Molecular Functions","E3 ubiquitin-protein ligase DZIP3 (EC 2.3.2.27) (DAZ-interacting protein 3 homolog) (RING-type E3 ubiquitin transferase DZIP3)","Dzip3 Kiaa0675"
"413","GO:0003723","RNA binding",1770,98,33.59,8e-07,"NV2t007507001.1","Molecular Functions","E3 ubiquitin-protein ligase DZIP3 (EC 2.3.2.27) (DAZ-interacting protein 3 homolog) (RING-type E3 ubiquitin transferase DZIP3)","Dzip3 Kiaa0675"
"414","GO:0003723","RNA binding",1770,98,33.59,8e-07,"NV2t007507002.1","Molecular Functions","E3 ubiquitin-protein ligase DZIP3 (EC 2.3.2.27) (DAZ-interacting protein 3 homolog) (RING-type E3 ubiquitin transferase DZIP3)","Dzip3 Kiaa0675"
"415","GO:0003723","RNA binding",1770,98,33.59,8e-07,"NV2t007636001.1","Molecular Functions","Large ribosomal subunit protein uL3 (60S ribosomal protein L3) (J1 protein)","Rpl3"
"416","GO:0003723","RNA binding",1770,98,33.59,8e-07,"NV2t007636002.1","Molecular Functions","Large ribosomal subunit protein uL3 (60S ribosomal protein L3)","RpL3 CG4863"
"417","GO:0003723","RNA binding",1770,98,33.59,8e-07,"NV2t007636003.1","Molecular Functions","Large ribosomal subunit protein uL3 (60S ribosomal protein L3) (J1 protein)","Rpl3"
"418","GO:0003723","RNA binding",1770,98,33.59,8e-07,"NV2t007636004.1","Molecular Functions","Large ribosomal subunit protein uL3 (60S ribosomal protein L3)","RPL3"
"419","GO:0003723","RNA binding",1770,98,33.59,8e-07,"NV2t007636005.1","Molecular Functions","Large ribosomal subunit protein uL3 (60S ribosomal protein L3)","RPL3"
"420","GO:0003723","RNA binding",1770,98,33.59,8e-07,"NV2t007636006.1","Molecular Functions","Large ribosomal subunit protein uL3 (60S ribosomal protein L3)","RpL3 CG4863"
"421","GO:0003723","RNA binding",1770,98,33.59,8e-07,"NV2t007668001.1","Molecular Functions","Eukaryotic translation initiation factor 3 subunit B (eIF3b) (Eukaryotic translation initiation factor 3 subunit 9) (eIF-3-eta)","Eif3b Eif3s9"
"422","GO:0003723","RNA binding",1770,98,33.59,8e-07,"NV2t007821001.1","Molecular Functions","Small ribosomal subunit protein uS4 (40S ribosomal protein S9)","Rps9"
"423","GO:0003723","RNA binding",1770,98,33.59,8e-07,"NV2t007890001.1","Molecular Functions","Probable ATP-dependent RNA helicase DDX5 (EC 3.6.4.13) (DEAD box RNA helicase DEAD1) (mDEAD1) (DEAD box protein 5) (RNA helicase p68)","Ddx5 Tnz2"
"424","GO:0003723","RNA binding",1770,98,33.59,8e-07,"NV2t007890002.1","Molecular Functions","Probable ATP-dependent RNA helicase DDX5 (EC 3.6.4.13) (DEAD box RNA helicase DEAD1) (mDEAD1) (DEAD box protein 5) (RNA helicase p68)","Ddx5 Tnz2"
"425","GO:0003723","RNA binding",1770,98,33.59,8e-07,"NV2t007890003.1","Molecular Functions","Probable ATP-dependent RNA helicase DDX5 (EC 3.6.4.13) (DEAD box RNA helicase DEAD1) (mDEAD1) (DEAD box protein 5) (RNA helicase p68)","Ddx5 Tnz2"
"426","GO:0003723","RNA binding",1770,98,33.59,8e-07,"NV2t007890004.1","Molecular Functions","Probable ATP-dependent RNA helicase DDX5 (EC 3.6.4.13) (DEAD box RNA helicase DEAD1) (mDEAD1) (DEAD box protein 5) (RNA helicase p68)","Ddx5 Tnz2"
"427","GO:0003723","RNA binding",1770,98,33.59,8e-07,"NV2t020356001.1","Molecular Functions","Protein Smaug homolog 1 (Smaug 1) (Sterile alpha motif domain-containing protein 4A)","samd4a smaug1"
"428","GO:0003723","RNA binding",1770,98,33.59,8e-07,"NV2t021241001.1","Molecular Functions","ATP-dependent RNA helicase DDX3Y (EC 3.6.4.13) (DEAD box protein 3, Y-chromosomal)","DDX3Y"
"429","GO:0003723","RNA binding",1770,98,33.59,8e-07,"NV2t021241002.1","Molecular Functions","ATP-dependent RNA helicase DDX3Y (EC 3.6.4.13) (D1Pas1-related sequence 1) (DEAD box protein 3, Y-chromosomal) (DEAD-box RNA helicase DEAD2) (mDEAD2)","Ddx3y D1Pas1-rs1 Dead2"
"430","GO:0003723","RNA binding",1770,98,33.59,8e-07,"NV2t021707001.1","Molecular Functions","Large ribosomal subunit protein uL2 (60S ribosomal protein L8)","rpl8 TTpA008p15.1"
"431","GO:0003723","RNA binding",1770,98,33.59,8e-07,"NV2t021794001.1","Molecular Functions","Small ribosomal subunit protein eS19 (40S ribosomal protein S19)","RPS19"
"432","GO:0003723","RNA binding",1770,98,33.59,8e-07,"NV2t022034001.1","Molecular Functions","Large ribosomal subunit protein eL33 (60S ribosomal protein L35a)","RPL35A"
"433","GO:0003723","RNA binding",1770,98,33.59,8e-07,"NV2t022514001.1","Molecular Functions","rRNA 2'-O-methyltransferase fibrillarin (EC 2.1.1.-) (Histone-glutamine methyltransferase)","Fib CG9888"
"434","GO:0003723","RNA binding",1770,98,33.59,8e-07,"NV2t022633001.1","Molecular Functions","Transposon Ty3-G Gag-Pol polyprotein (Gag3-Pol3) (Transposon Ty3-1 TYA-TYB polyprotein) [Cleaved into: Capsid protein (CA) (p24); Spacer peptide p3; Nucleocapsid protein p11 (NC); Ty3 protease (PR) (EC 3.4.23.-) (p16); Spacer peptide J; Reverse transcriptase/ribonuclease H (RT) (RT-RH) (EC 2.7.7.49) (EC 2.7.7.7) (EC 3.1.26.4) (p55); Integrase p61 (IN); Integrase p58 (IN)]","TY3B-G YGRWTy3-1 POL YGR109W-B G5984"
"435","GO:0003723","RNA binding",1770,98,33.59,8e-07,"NV2t022833001.1","Molecular Functions","Transposon Ty3-I Gag-Pol polyprotein (Gag3-Pol3) (Transposon Ty3-2 TYA-TYB polyprotein) [Cleaved into: Capsid protein (CA) (p24); Spacer peptide p3; Nucleocapsid protein p11 (NC); Ty3 protease (PR) (EC 3.4.23.-) (p16); Spacer peptide J; Reverse transcriptase/ribonuclease H (RT) (RT-RH) (EC 2.7.7.49) (EC 2.7.7.7) (EC 3.1.26.4) (p55); Integrase p52 (IN); Integrase p49 (IN)]","TY3B-I YILWTy3-1 POL YIL082W-A"
"436","GO:0003723","RNA binding",1770,98,33.59,8e-07,"NV2t023108001.1","Molecular Functions","Zinc finger RNA-binding protein (hZFR) (M-phase phosphoprotein homolog)","ZFR"
"437","GO:0003723","RNA binding",1770,98,33.59,8e-07,"NV2t023108002.1","Molecular Functions","Zinc finger RNA-binding protein","zfr"
"438","GO:0003723","RNA binding",1770,98,33.59,8e-07,"NV2t023108003.1","Molecular Functions","Zinc finger RNA-binding protein","zfr"
"439","GO:0003723","RNA binding",1770,98,33.59,8e-07,"NV2t023108004.1","Molecular Functions","Zinc finger RNA-binding protein","zfr"
"440","GO:0003723","RNA binding",1770,98,33.59,8e-07,"NV2t023582001.1","Molecular Functions","KH homology domain-containing protein 4 (Brings lots of money 7) (Pre-mRNA splicing factor protein khdc4)","khdc4 blom7"
"441","GO:0003723","RNA binding",1770,98,33.59,8e-07,"NV2t023582002.1","Molecular Functions","KH homology domain-containing protein 4 (Brings lots of money 7) (Pre-mRNA splicing factor protein khdc4)","khdc4 blom7"
"442","GO:0003723","RNA binding",1770,98,33.59,8e-07,"NV2t023631001.1","Molecular Functions","Ubiquitin-associated protein 2 (UBAP-2) (RNA polymerase II degradation factor UBAP2)","UBAP2 KIAA1491"
"443","GO:0003723","RNA binding",1770,98,33.59,8e-07,"NV2t023797001.1","Molecular Functions","DAZ-associated protein 1 (Deleted in azoospermia-associated protein 1) (Proline-rich Vg1 mRNA-binding protein)","dazap1 prrp"
"444","GO:0003723","RNA binding",1770,98,33.59,8e-07,"NV2t023797002.1","Molecular Functions","DAZ-associated protein 1 (Deleted in azoospermia-associated protein 1) (Proline-rich Vg1 mRNA-binding protein)","dazap1 prrp"
"445","GO:0003723","RNA binding",1770,98,33.59,8e-07,"NV2t023798001.1","Molecular Functions","DAZ-associated protein 1 (Deleted in azoospermia-associated protein 1)","Dazap1"
"446","GO:0003723","RNA binding",1770,98,33.59,8e-07,"NV2t023798002.1","Molecular Functions","DAZ-associated protein 1 (Deleted in azoospermia-associated protein 1)","Dazap1"
"447","GO:0003723","RNA binding",1770,98,33.59,8e-07,"NV2t023798003.1","Molecular Functions","DAZ-associated protein 1 (Deleted in azoospermia-associated protein 1) (Proline-rich Vg1 mRNA-binding protein)","dazap1 prrp"
"448","GO:0003723","RNA binding",1770,98,33.59,8e-07,"NV2t023798004.1","Molecular Functions","DAZ-associated protein 1 (Deleted in azoospermia-associated protein 1) (Proline-rich Vg1 mRNA-binding protein)","dazap1 prrp"
"449","GO:0003723","RNA binding",1770,98,33.59,8e-07,"NV2t024553001.1","Molecular Functions","LINE-1 retrotransposable element ORF2 protein (ORF2p) [Includes: Reverse transcriptase (EC 2.7.7.49); Endonuclease (EC 3.1.21.-)]",""
"450","GO:0003723","RNA binding",1770,98,33.59,8e-07,"NV2t024556001.1","Molecular Functions","Transposon Ty3-I Gag-Pol polyprotein (Gag3-Pol3) (Transposon Ty3-2 TYA-TYB polyprotein) [Cleaved into: Capsid protein (CA) (p24); Spacer peptide p3; Nucleocapsid protein p11 (NC); Ty3 protease (PR) (EC 3.4.23.-) (p16); Spacer peptide J; Reverse transcriptase/ribonuclease H (RT) (RT-RH) (EC 2.7.7.49) (EC 2.7.7.7) (EC 3.1.26.4) (p55); Integrase p52 (IN); Integrase p49 (IN)]","TY3B-I YILWTy3-1 POL YIL082W-A"
"451","GO:0003723","RNA binding",1770,98,33.59,8e-07,"NV2t025163001.1","Molecular Functions","Large ribosomal subunit protein uL18B (60S ribosomal protein L5-B)","rpl5-b"
"452","GO:0003723","RNA binding",1770,98,33.59,8e-07,"NV2t025357001.1","Molecular Functions","Spliceosome RNA helicase Ddx39b (EC 3.6.4.13) (56 kDa U2AF65-associated protein) (ATP-dependent RNA helicase p47) (DEAD box protein Uap56)","Ddx39b Bat1 Bat1a Uap56"
"453","GO:0003723","RNA binding",1770,98,33.59,8e-07,"NV2t025357002.1","Molecular Functions","Spliceosome RNA helicase Ddx39b (EC 3.6.4.13) (56 kDa U2AF65-associated protein) (ATP-dependent RNA helicase p47) (DEAD box protein Uap56)","Ddx39b Bat1 Bat1a Uap56"
"454","GO:0003723","RNA binding",1770,98,33.59,8e-07,"NV2t025357003.1","Molecular Functions","Spliceosome RNA helicase Ddx39b (EC 3.6.4.13) (56 kDa U2AF65-associated protein) (ATP-dependent RNA helicase p47) (DEAD box protein Uap56)","Ddx39b Bat1 Bat1a Uap56"
"455","GO:0003723","RNA binding",1770,98,33.59,8e-07,"NV2t025357004.1","Molecular Functions","Spliceosome RNA helicase Ddx39b (EC 3.6.4.13) (56 kDa U2AF65-associated protein) (ATP-dependent RNA helicase p47) (DEAD box protein Uap56)","Ddx39b Bat1 Bat1a Uap56"
"456","GO:0003723","RNA binding",1770,98,33.59,8e-07,"NV2t025357005.1","Molecular Functions","Spliceosome RNA helicase Ddx39b (EC 3.6.4.13) (56 kDa U2AF65-associated protein) (ATP-dependent RNA helicase p47) (DEAD box protein Uap56)","Ddx39b Bat1 Bat1a Uap56"
"457","GO:0003723","RNA binding",1770,98,33.59,8e-07,"NV2t025357006.1","Molecular Functions","Spliceosome RNA helicase Ddx39b (EC 3.6.4.13) (56 kDa U2AF65-associated protein) (ATP-dependent RNA helicase p47) (DEAD box protein Uap56)","Ddx39b Bat1 Bat1a Uap56"
"458","GO:0017070","U6 snRNA binding",19,6,0.36,9.9e-07,"NV2t025357001.1","Molecular Functions","Spliceosome RNA helicase Ddx39b (EC 3.6.4.13) (56 kDa U2AF65-associated protein) (ATP-dependent RNA helicase p47) (DEAD box protein Uap56)","Ddx39b Bat1 Bat1a Uap56"
"459","GO:0017070","U6 snRNA binding",19,6,0.36,9.9e-07,"NV2t025357002.1","Molecular Functions","Spliceosome RNA helicase Ddx39b (EC 3.6.4.13) (56 kDa U2AF65-associated protein) (ATP-dependent RNA helicase p47) (DEAD box protein Uap56)","Ddx39b Bat1 Bat1a Uap56"
"460","GO:0017070","U6 snRNA binding",19,6,0.36,9.9e-07,"NV2t025357003.1","Molecular Functions","Spliceosome RNA helicase Ddx39b (EC 3.6.4.13) (56 kDa U2AF65-associated protein) (ATP-dependent RNA helicase p47) (DEAD box protein Uap56)","Ddx39b Bat1 Bat1a Uap56"
"461","GO:0017070","U6 snRNA binding",19,6,0.36,9.9e-07,"NV2t025357004.1","Molecular Functions","Spliceosome RNA helicase Ddx39b (EC 3.6.4.13) (56 kDa U2AF65-associated protein) (ATP-dependent RNA helicase p47) (DEAD box protein Uap56)","Ddx39b Bat1 Bat1a Uap56"
"462","GO:0017070","U6 snRNA binding",19,6,0.36,9.9e-07,"NV2t025357005.1","Molecular Functions","Spliceosome RNA helicase Ddx39b (EC 3.6.4.13) (56 kDa U2AF65-associated protein) (ATP-dependent RNA helicase p47) (DEAD box protein Uap56)","Ddx39b Bat1 Bat1a Uap56"
"463","GO:0017070","U6 snRNA binding",19,6,0.36,9.9e-07,"NV2t025357006.1","Molecular Functions","Spliceosome RNA helicase Ddx39b (EC 3.6.4.13) (56 kDa U2AF65-associated protein) (ATP-dependent RNA helicase p47) (DEAD box protein Uap56)","Ddx39b Bat1 Bat1a Uap56"
"464","GO:0045504","dynein heavy chain binding",19,6,0.36,9.9e-07,"NV2t023175001.1","Molecular Functions","Dynein intermediate chain 2, ciliary",""
"465","GO:0045504","dynein heavy chain binding",19,6,0.36,9.9e-07,"NV2t023175002.1","Molecular Functions","Dynein intermediate chain 2, ciliary",""
"466","GO:0045504","dynein heavy chain binding",19,6,0.36,9.9e-07,"NV2t023175003.1","Molecular Functions","Dynein intermediate chain 2, ciliary",""
"467","GO:0045504","dynein heavy chain binding",19,6,0.36,9.9e-07,"NV2t023175004.1","Molecular Functions","Dynein intermediate chain 2, ciliary",""
"468","GO:0045504","dynein heavy chain binding",19,6,0.36,9.9e-07,"NV2t023175005.1","Molecular Functions","Dynein intermediate chain 2, ciliary",""
"469","GO:0045504","dynein heavy chain binding",19,6,0.36,9.9e-07,"NV2t023175006.1","Molecular Functions","Dynein intermediate chain 2, ciliary",""
"470","GO:0030235","nitric-oxide synthase regulator activity",6,4,0.11,1.9e-06,"NV2t020404001.1","Molecular Functions","Heat shock protein HSP 90-alpha 1","hsp90a.1 hsp90 hsp90a hsp90aa1 zgc:86652"
"471","GO:0030235","nitric-oxide synthase regulator activity",6,4,0.11,1.9e-06,"NV2t020404002.1","Molecular Functions","Heat shock protein HSP 90-alpha 1","hsp90a.1 hsp90 hsp90a hsp90aa1 zgc:86652"
"472","GO:0030235","nitric-oxide synthase regulator activity",6,4,0.11,1.9e-06,"NV2t020404003.1","Molecular Functions","Heat shock protein HSP 90-alpha 1","hsp90a.1 hsp90 hsp90a hsp90aa1 zgc:86652"
"473","GO:0030235","nitric-oxide synthase regulator activity",6,4,0.11,1.9e-06,"NV2t020404004.1","Molecular Functions","Heat shock protein HSP 90-alpha 1","hsp90a.1 hsp90 hsp90a hsp90aa1 zgc:86652"
"474","GO:0005524","ATP binding",2297,74,43.59,3.1e-06,"NV2t000946001.1","Molecular Functions","SWI/SNF-related matrix-associated actin-dependent regulator of chromatin subfamily A member 4 (SMARCA4) (EC 3.6.4.-) (BRG1-associated factor 190A) (BAF190A) (Mitotic growth and transcription activator) (Protein BRG-1) (Protein brahma homolog 1) (SNF2-beta) (Transcription activator BRG1)","SMARCA4 BAF190A BRG1 SNF2B SNF2L4"
"475","GO:0005524","ATP binding",2297,74,43.59,3.1e-06,"NV2t001169001.1","Molecular Functions","Endoplasmin (EC 3.6.4.-) (Heat shock 108 kDa protein) (HSP 108) (HSP108) (Heat shock protein 90 kDa beta member 1) (Transferrin-binding protein)","HSP90B1 HSPC4 TRA1"
"476","GO:0005524","ATP binding",2297,74,43.59,3.1e-06,"NV2t001169002.1","Molecular Functions","Endoplasmin (94 kDa glucose-regulated protein) (GRP-94) (EC 3.6.4.-) (Heat shock protein 90 kDa beta member 1)","HSP90B1 GRP94 HSPC4"
"477","GO:0005524","ATP binding",2297,74,43.59,3.1e-06,"NV2t001169003.1","Molecular Functions","Endoplasmin (EC 3.6.4.-) (94 kDa glucose-regulated protein) (GRP-94) (Heat shock protein 90 kDa beta member 1)","Hsp90b1 Grp94 Hspc4 Tra1"
"478","GO:0005524","ATP binding",2297,74,43.59,3.1e-06,"NV2t001273001.1","Molecular Functions","Titin (EC 2.7.11.1) (Connectin) (Rhabdomyosarcoma antigen MU-RMS-40.14)","TTN"
"479","GO:0005524","ATP binding",2297,74,43.59,3.1e-06,"NV2t001273003.1","Molecular Functions","Titin (EC 2.7.11.1) (Connectin) (Rhabdomyosarcoma antigen MU-RMS-40.14)","TTN"
"480","GO:0005524","ATP binding",2297,74,43.59,3.1e-06,"NV2t001600001.1","Molecular Functions","Protein kinase C delta type (EC 2.7.11.13) (Tyrosine-protein kinase PRKCD) (EC 2.7.10.2) (nPKC-delta) [Cleaved into: Protein kinase C delta type regulatory subunit; Protein kinase C delta type catalytic subunit (Sphingosine-dependent protein kinase-1) (SDK1)]","PRKCD PKCD"
"481","GO:0005524","ATP binding",2297,74,43.59,3.1e-06,"NV2t001600002.1","Molecular Functions","Protein kinase C delta type (EC 2.7.11.13) (Tyrosine-protein kinase PRKCD) (EC 2.7.10.2) (nPKC-delta) [Cleaved into: Protein kinase C delta type regulatory subunit; Protein kinase C delta type catalytic subunit (Sphingosine-dependent protein kinase-1) (SDK1)]","PRKCD PKCD"
"482","GO:0005524","ATP binding",2297,74,43.59,3.1e-06,"NV2t001600003.1","Molecular Functions","Protein kinase C delta type (EC 2.7.11.13) (Tyrosine-protein kinase PRKCD) (EC 2.7.10.2) (nPKC-delta) [Cleaved into: Protein kinase C delta type regulatory subunit; Protein kinase C delta type catalytic subunit (Sphingosine-dependent protein kinase-1) (SDK1)]","PRKCD PKCD"
"483","GO:0005524","ATP binding",2297,74,43.59,3.1e-06,"NV2t001764001.1","Molecular Functions","Dynein axonemal heavy chain 6 (Axonemal beta dynein heavy chain 6) (Ciliary dynein heavy chain 6)","DNAH6 DNAHC6 DNHL1 HL2 KIAA1697"
"484","GO:0005524","ATP binding",2297,74,43.59,3.1e-06,"NV2t001808001.1","Molecular Functions","Probable ATP-dependent RNA helicase DDX4 (EC 3.6.4.13) (DEAD box protein 4) (Vasa homolog)","ddx4 vlg"
"485","GO:0005524","ATP binding",2297,74,43.59,3.1e-06,"NV2t001808002.1","Molecular Functions","Probable ATP-dependent RNA helicase DDX4 (EC 3.6.4.13) (DEAD box protein 4) (Vasa homolog)","ddx4 vlg"
"486","GO:0005524","ATP binding",2297,74,43.59,3.1e-06,"NV2t001891001.1","Molecular Functions","Serine/threonine-protein kinase WNK3 (EC 2.7.11.1) (Protein kinase lysine-deficient 3) (Protein kinase with no lysine 3)","Wnk3"
"487","GO:0005524","ATP binding",2297,74,43.59,3.1e-06,"NV2t001891002.1","Molecular Functions","Serine/threonine-protein kinase WNK3 (EC 2.7.11.1) (Protein kinase lysine-deficient 3) (Protein kinase with no lysine 3)","Wnk3"
"488","GO:0005524","ATP binding",2297,74,43.59,3.1e-06,"NV2t001891003.1","Molecular Functions","Serine/threonine-protein kinase WNK3 (EC 2.7.11.1) (Protein kinase lysine-deficient 3) (Protein kinase with no lysine 3)","Wnk3"
"489","GO:0005524","ATP binding",2297,74,43.59,3.1e-06,"NV2t002068001.1","Molecular Functions","Transitional endoplasmic reticulum ATPase (TER ATPase) (EC 3.6.4.6) (15S Mg(2+)-ATPase p97 subunit) (p97) (Valosin-containing protein) (VCP)","vcp"
"490","GO:0005524","ATP binding",2297,74,43.59,3.1e-06,"NV2t002867001.1","Molecular Functions","Activated Cdc42 kinase-like (EC 2.7.10.2) (Tyrosine-protein kinase PR2)","Ack-like PR2 CG43741"
"491","GO:0005524","ATP binding",2297,74,43.59,3.1e-06,"NV2t003148001.1","Molecular Functions","Histidine--tRNA ligase (EC 6.1.1.21)","hars"
"492","GO:0005524","ATP binding",2297,74,43.59,3.1e-06,"NV2t003298001.1","Molecular Functions","97 kDa heat shock protein (Heat shock protein 110)","HSP110"
"493","GO:0005524","ATP binding",2297,74,43.59,3.1e-06,"NV2t003691001.1","Molecular Functions","Dynein axonemal heavy chain 7 (Axonemal beta dynein heavy chain 7) (Ciliary dynein heavy chain 7) (Dynein heavy chain-like protein 2) (hDHC2)","DNAH7 KIAA0944"
"494","GO:0005524","ATP binding",2297,74,43.59,3.1e-06,"NV2t003692001.1","Molecular Functions","Dynein axonemal heavy chain 12 (Axonemal beta dynein heavy chain 12) (Axonemal dynein heavy chain 12-like protein) (Axonemal dynein heavy chain 7-like protein) (Ciliary dynein heavy chain 12)","Dnah12 Dnah12l Dnah7l Dnahc12 Dnahc7l"
"495","GO:0005524","ATP binding",2297,74,43.59,3.1e-06,"NV2t003693001.1","Molecular Functions","Dynein axonemal heavy chain 12 (Axonemal beta dynein heavy chain 12) (Axonemal dynein heavy chain 12-like protein) (Axonemal dynein heavy chain 7-like protein) (Ciliary dynein heavy chain 12) (Dynein axonemal heavy chain 7-like) (Dynein heavy chain domain-containing protein 2)","DNAH12 DHC3 DLP12 DNAH12L DNAH7L DNAHC3 DNHD2 HDHC3 HL19"
"496","GO:0005524","ATP binding",2297,74,43.59,3.1e-06,"NV2t003955001.1","Molecular Functions","ATP-dependent DNA helicase hus2/rqh1 (EC 5.6.2.4) (DNA 3'-5' helicase Rqh1)","rqh1 hus2 rad12 rec9 SPAC2G11.12"
"497","GO:0005524","ATP binding",2297,74,43.59,3.1e-06,"NV2t004463001.1","Molecular Functions","Mitochondrial inner membrane m-AAA protease component AFG3L2 (EC 3.4.24.-) (EC 3.6.-.-) (AFG3-like protein 2)","AFG3L2"
"498","GO:0005524","ATP binding",2297,74,43.59,3.1e-06,"NV2t004685001.1","Molecular Functions","Lysine--tRNA ligase (EC 2.7.7.-) (EC 6.1.1.6) (Lysyl-tRNA synthetase) (LysRS)","Kars1 Kars"
"499","GO:0005524","ATP binding",2297,74,43.59,3.1e-06,"NV2t004892001.1","Molecular Functions","ATP-dependent helicase wrn-1 (EC 5.6.2.4) (DNA 3'-5' helicase wrn) (Werner syndrome protein homolog)","wrn-1 F18C5.2"
"500","GO:0005524","ATP binding",2297,74,43.59,3.1e-06,"NV2t005242001.1","Molecular Functions","ATP-dependent chromatin remodeler CHD7 (EC 3.6.4.-) (Chromo domain-containing protein 7) (CHD-7)","CHD7"
"501","GO:0005524","ATP binding",2297,74,43.59,3.1e-06,"NV2t005242002.1","Molecular Functions","ATP-dependent chromatin remodeler CHD7 (EC 3.6.4.-) (Chromo domain-containing protein 7) (CHD-7)","CHD7"
"502","GO:0005524","ATP binding",2297,74,43.59,3.1e-06,"NV2t005242003.1","Molecular Functions","ATP-dependent chromatin remodeler CHD7 (EC 3.6.4.-) (Chromo domain-containing protein 7) (CHD-7)","Chd7"
"503","GO:0005524","ATP binding",2297,74,43.59,3.1e-06,"NV2t005969002.1","Molecular Functions","NLR family CARD domain-containing protein 3 (CARD15-like protein) (Caterpiller protein 16.2) (CLR16.2) (NACHT, LRR and CARD domains-containing protein 3) (Nucleotide-binding oligomerization domain protein 3)","NLRC3 NOD3"
"504","GO:0005524","ATP binding",2297,74,43.59,3.1e-06,"NV2t005969006.1","Molecular Functions","NLR family CARD domain-containing protein 3 (CARD15-like protein) (Caterpiller protein 16.2) (CLR16.2) (NACHT, LRR and CARD domains-containing protein 3) (Nucleotide-binding oligomerization domain protein 3)","NLRC3 NOD3"
"505","GO:0005524","ATP binding",2297,74,43.59,3.1e-06,"NV2t005969007.1","Molecular Functions","NLR family CARD domain-containing protein 3 (CARD15-like protein) (Caterpiller protein 16.2) (CLR16.2) (NACHT, LRR and CARD domains-containing protein 3) (Nucleotide-binding oligomerization domain protein 3)","NLRC3 NOD3"
"506","GO:0005524","ATP binding",2297,74,43.59,3.1e-06,"NV2t005969008.1","Molecular Functions","NLR family CARD domain-containing protein 3 (CARD15-like protein) (Caterpiller protein 16.2) (CLR16.2) (NACHT, LRR and CARD domains-containing protein 3) (Nucleotide-binding oligomerization domain protein 3)","NLRC3 NOD3"
"507","GO:0005524","ATP binding",2297,74,43.59,3.1e-06,"NV2t005969011.1","Molecular Functions","NLR family CARD domain-containing protein 3 (CARD15-like protein) (Caterpiller protein 16.2) (CLR16.2) (NACHT, LRR and CARD domains-containing protein 3) (Nucleotide-binding oligomerization domain protein 3)","NLRC3 NOD3"
"508","GO:0005524","ATP binding",2297,74,43.59,3.1e-06,"NV2t006280001.1","Molecular Functions","NLR family CARD domain-containing protein 3 (CARD15-like protein) (Caterpiller protein 16.2) (CLR16.2) (NACHT, LRR and CARD domains-containing protein 3) (Nucleotide-binding oligomerization domain protein 3)","NLRC3 NOD3"
"509","GO:0005524","ATP binding",2297,74,43.59,3.1e-06,"NV2t006280002.1","Molecular Functions","Nucleotide-binding oligomerization domain-containing protein 2 (Caspase recruitment domain-containing protein 15)","NOD2 CARD15"
"510","GO:0005524","ATP binding",2297,74,43.59,3.1e-06,"NV2t007410001.1","Molecular Functions","Myosin-10 (Cellular myosin heavy chain, type B) (Myosin heavy chain 10) (Myosin heavy chain, non-muscle IIb) (Non-muscle myosin heavy chain B) (NMMHC-B) (Non-muscle myosin heavy chain IIb) (NMMHC II-b) (NMMHC-IIB)","MYH10"
"511","GO:0005524","ATP binding",2297,74,43.59,3.1e-06,"NV2t007410002.1","Molecular Functions","Myosin-10 (Cellular myosin heavy chain, type B) (Myosin heavy chain 10) (Myosin heavy chain, non-muscle IIb) (Non-muscle myosin heavy chain B) (NMMHC-B) (Non-muscle myosin heavy chain IIb) (NMMHC II-b) (NMMHC-IIB)","Myh10"
"512","GO:0005524","ATP binding",2297,74,43.59,3.1e-06,"NV2t007509001.1","Molecular Functions","Protein NLRC3","Nlrc3"
"513","GO:0005524","ATP binding",2297,74,43.59,3.1e-06,"NV2t007890001.1","Molecular Functions","Probable ATP-dependent RNA helicase DDX5 (EC 3.6.4.13) (DEAD box RNA helicase DEAD1) (mDEAD1) (DEAD box protein 5) (RNA helicase p68)","Ddx5 Tnz2"
"514","GO:0005524","ATP binding",2297,74,43.59,3.1e-06,"NV2t007890002.1","Molecular Functions","Probable ATP-dependent RNA helicase DDX5 (EC 3.6.4.13) (DEAD box RNA helicase DEAD1) (mDEAD1) (DEAD box protein 5) (RNA helicase p68)","Ddx5 Tnz2"
"515","GO:0005524","ATP binding",2297,74,43.59,3.1e-06,"NV2t007890003.1","Molecular Functions","Probable ATP-dependent RNA helicase DDX5 (EC 3.6.4.13) (DEAD box RNA helicase DEAD1) (mDEAD1) (DEAD box protein 5) (RNA helicase p68)","Ddx5 Tnz2"
"516","GO:0005524","ATP binding",2297,74,43.59,3.1e-06,"NV2t007890004.1","Molecular Functions","Probable ATP-dependent RNA helicase DDX5 (EC 3.6.4.13) (DEAD box RNA helicase DEAD1) (mDEAD1) (DEAD box protein 5) (RNA helicase p68)","Ddx5 Tnz2"
"517","GO:0005524","ATP binding",2297,74,43.59,3.1e-06,"NV2t020404001.1","Molecular Functions","Heat shock protein HSP 90-alpha 1","hsp90a.1 hsp90 hsp90a hsp90aa1 zgc:86652"
"518","GO:0005524","ATP binding",2297,74,43.59,3.1e-06,"NV2t020404002.1","Molecular Functions","Heat shock protein HSP 90-alpha 1","hsp90a.1 hsp90 hsp90a hsp90aa1 zgc:86652"
"519","GO:0005524","ATP binding",2297,74,43.59,3.1e-06,"NV2t020404003.1","Molecular Functions","Heat shock protein HSP 90-alpha 1","hsp90a.1 hsp90 hsp90a hsp90aa1 zgc:86652"
"520","GO:0005524","ATP binding",2297,74,43.59,3.1e-06,"NV2t020404004.1","Molecular Functions","Heat shock protein HSP 90-alpha 1","hsp90a.1 hsp90 hsp90a hsp90aa1 zgc:86652"
"521","GO:0005524","ATP binding",2297,74,43.59,3.1e-06,"NV2t021241001.1","Molecular Functions","ATP-dependent RNA helicase DDX3Y (EC 3.6.4.13) (DEAD box protein 3, Y-chromosomal)","DDX3Y"
"522","GO:0005524","ATP binding",2297,74,43.59,3.1e-06,"NV2t021241002.1","Molecular Functions","ATP-dependent RNA helicase DDX3Y (EC 3.6.4.13) (D1Pas1-related sequence 1) (DEAD box protein 3, Y-chromosomal) (DEAD-box RNA helicase DEAD2) (mDEAD2)","Ddx3y D1Pas1-rs1 Dead2"
"523","GO:0005524","ATP binding",2297,74,43.59,3.1e-06,"NV2t021615001.1","Molecular Functions","Glycogen synthase kinase-3 beta (GSK-3 beta) (EC 2.7.11.26) (Serine/threonine-protein kinase GSK3B) (EC 2.7.11.1)","GSK3B"
"524","GO:0005524","ATP binding",2297,74,43.59,3.1e-06,"NV2t021943001.1","Molecular Functions","Dynein axonemal heavy chain 11 (Axonemal beta dynein heavy chain 11) (Ciliary dynein heavy chain 11)","DNAH11"
"525","GO:0005524","ATP binding",2297,74,43.59,3.1e-06,"NV2t021943002.1","Molecular Functions","Dynein axonemal heavy chain 11 (Axonemal beta dynein heavy chain 11) (Ciliary dynein heavy chain 11)","DNAH11"
"526","GO:0005524","ATP binding",2297,74,43.59,3.1e-06,"NV2t022589001.1","Molecular Functions","Structural maintenance of chromosomes protein 6 (SMC protein 6) (SMC-6) (xSMC6)","smc6 smc6l1"
"527","GO:0005524","ATP binding",2297,74,43.59,3.1e-06,"NV2t022589002.1","Molecular Functions","Structural maintenance of chromosomes protein 6 (SMC protein 6) (SMC-6) (xSMC6)","smc6 smc6l1"
"528","GO:0005524","ATP binding",2297,74,43.59,3.1e-06,"NV2t022589003.1","Molecular Functions","Structural maintenance of chromosomes protein 6 (SMC protein 6) (SMC-6) (xSMC6)","smc6 smc6l1"
"529","GO:0005524","ATP binding",2297,74,43.59,3.1e-06,"NV2t022589004.1","Molecular Functions","Structural maintenance of chromosomes protein 6 (SMC protein 6) (SMC-6) (xSMC6)","smc6 smc6l1"
"530","GO:0005524","ATP binding",2297,74,43.59,3.1e-06,"NV2t022633001.1","Molecular Functions","Transposon Ty3-G Gag-Pol polyprotein (Gag3-Pol3) (Transposon Ty3-1 TYA-TYB polyprotein) [Cleaved into: Capsid protein (CA) (p24); Spacer peptide p3; Nucleocapsid protein p11 (NC); Ty3 protease (PR) (EC 3.4.23.-) (p16); Spacer peptide J; Reverse transcriptase/ribonuclease H (RT) (RT-RH) (EC 2.7.7.49) (EC 2.7.7.7) (EC 3.1.26.4) (p55); Integrase p61 (IN); Integrase p58 (IN)]","TY3B-G YGRWTy3-1 POL YGR109W-B G5984"
"531","GO:0005524","ATP binding",2297,74,43.59,3.1e-06,"NV2t022772001.1","Molecular Functions","Dynein axonemal heavy chain 2 (Axonemal beta dynein heavy chain 2) (Ciliary dynein heavy chain 2)","Dnah2 Dnahc2"
"532","GO:0005524","ATP binding",2297,74,43.59,3.1e-06,"NV2t022833001.1","Molecular Functions","Transposon Ty3-I Gag-Pol polyprotein (Gag3-Pol3) (Transposon Ty3-2 TYA-TYB polyprotein) [Cleaved into: Capsid protein (CA) (p24); Spacer peptide p3; Nucleocapsid protein p11 (NC); Ty3 protease (PR) (EC 3.4.23.-) (p16); Spacer peptide J; Reverse transcriptase/ribonuclease H (RT) (RT-RH) (EC 2.7.7.49) (EC 2.7.7.7) (EC 3.1.26.4) (p55); Integrase p52 (IN); Integrase p49 (IN)]","TY3B-I YILWTy3-1 POL YIL082W-A"
"533","GO:0005524","ATP binding",2297,74,43.59,3.1e-06,"NV2t024556001.1","Molecular Functions","Transposon Ty3-I Gag-Pol polyprotein (Gag3-Pol3) (Transposon Ty3-2 TYA-TYB polyprotein) [Cleaved into: Capsid protein (CA) (p24); Spacer peptide p3; Nucleocapsid protein p11 (NC); Ty3 protease (PR) (EC 3.4.23.-) (p16); Spacer peptide J; Reverse transcriptase/ribonuclease H (RT) (RT-RH) (EC 2.7.7.49) (EC 2.7.7.7) (EC 3.1.26.4) (p55); Integrase p52 (IN); Integrase p49 (IN)]","TY3B-I YILWTy3-1 POL YIL082W-A"
"534","GO:0005524","ATP binding",2297,74,43.59,3.1e-06,"NV2t024797001.1","Molecular Functions","Endoplasmic reticulum chaperone BiP (EC 3.6.4.10) (78 kDa glucose-regulated protein) (GRP-78) (Binding-immunoglobulin protein) (BiP) (Heat shock protein 70 family protein 5) (HSP70 family protein 5) (Heat shock protein family A member 5) (Immunoglobulin heavy chain-binding protein)","HSPA5 GRP78"
"535","GO:0005524","ATP binding",2297,74,43.59,3.1e-06,"NV2t025221001.1","Molecular Functions","E3 ubiquitin-protein ligase RNF213 (EC 2.3.2.27) (EC 3.6.4.-) (E3 ubiquitin-lipopolysaccharide ligase RNF213) (EC 2.3.2.-) (Mysterin) (RING finger protein 213)","Rnf213 Mystr"
"536","GO:0005524","ATP binding",2297,74,43.59,3.1e-06,"NV2t025221002.1","Molecular Functions","E3 ubiquitin-protein ligase RNF213 (EC 2.3.2.27) (EC 3.6.4.-) (E3 ubiquitin-lipopolysaccharide ligase RNF213) (EC 2.3.2.-) (Mysterin) (RING finger protein 213)","Rnf213 Mystr"
"537","GO:0005524","ATP binding",2297,74,43.59,3.1e-06,"NV2t025221003.1","Molecular Functions","E3 ubiquitin-protein ligase RNF213 (EC 2.3.2.27) (EC 3.6.4.-) (ALK lymphoma oligomerization partner on chromosome 17) (E3 ubiquitin-lipopolysaccharide ligase RNF213) (EC 2.3.2.-) (Mysterin) (RING finger protein 213)","RNF213 ALO17 C17orf27 KIAA1554 KIAA1618 MYSTR"
"538","GO:0005524","ATP binding",2297,74,43.59,3.1e-06,"NV2t025224001.1","Molecular Functions","E3 ubiquitin-protein ligase rnf213-alpha (EC 2.3.2.27) (EC 3.6.4.-) (E3 ubiquitin-lipopolysaccharide ligase rnf213-alpha) (EC 2.3.2.-) (Mysterin-A) (Mysterin-alpha) (RING finger protein 213-A) (RING finger protein 213-alpha)","rnf213a"
"539","GO:0005524","ATP binding",2297,74,43.59,3.1e-06,"NV2t025225001.1","Molecular Functions","E3 ubiquitin-protein ligase rnf213-alpha (EC 2.3.2.27) (EC 3.6.4.-) (E3 ubiquitin-lipopolysaccharide ligase rnf213-alpha) (EC 2.3.2.-) (Mysterin-A) (Mysterin-alpha) (RING finger protein 213-A) (RING finger protein 213-alpha)","rnf213a"
"540","GO:0005524","ATP binding",2297,74,43.59,3.1e-06,"NV2t025357001.1","Molecular Functions","Spliceosome RNA helicase Ddx39b (EC 3.6.4.13) (56 kDa U2AF65-associated protein) (ATP-dependent RNA helicase p47) (DEAD box protein Uap56)","Ddx39b Bat1 Bat1a Uap56"
"541","GO:0005524","ATP binding",2297,74,43.59,3.1e-06,"NV2t025357002.1","Molecular Functions","Spliceosome RNA helicase Ddx39b (EC 3.6.4.13) (56 kDa U2AF65-associated protein) (ATP-dependent RNA helicase p47) (DEAD box protein Uap56)","Ddx39b Bat1 Bat1a Uap56"
"542","GO:0005524","ATP binding",2297,74,43.59,3.1e-06,"NV2t025357003.1","Molecular Functions","Spliceosome RNA helicase Ddx39b (EC 3.6.4.13) (56 kDa U2AF65-associated protein) (ATP-dependent RNA helicase p47) (DEAD box protein Uap56)","Ddx39b Bat1 Bat1a Uap56"
"543","GO:0005524","ATP binding",2297,74,43.59,3.1e-06,"NV2t025357004.1","Molecular Functions","Spliceosome RNA helicase Ddx39b (EC 3.6.4.13) (56 kDa U2AF65-associated protein) (ATP-dependent RNA helicase p47) (DEAD box protein Uap56)","Ddx39b Bat1 Bat1a Uap56"
"544","GO:0005524","ATP binding",2297,74,43.59,3.1e-06,"NV2t025357005.1","Molecular Functions","Spliceosome RNA helicase Ddx39b (EC 3.6.4.13) (56 kDa U2AF65-associated protein) (ATP-dependent RNA helicase p47) (DEAD box protein Uap56)","Ddx39b Bat1 Bat1a Uap56"
"545","GO:0005524","ATP binding",2297,74,43.59,3.1e-06,"NV2t025357006.1","Molecular Functions","Spliceosome RNA helicase Ddx39b (EC 3.6.4.13) (56 kDa U2AF65-associated protein) (ATP-dependent RNA helicase p47) (DEAD box protein Uap56)","Ddx39b Bat1 Bat1a Uap56"
"546","GO:0005524","ATP binding",2297,74,43.59,3.1e-06,"NV2t025616001.1","Molecular Functions","Valine--tRNA ligase (EC 6.1.1.9) (Valyl-tRNA synthetase) (ValRS)","Vars1 Vars Vars2"
"547","GO:0005524","ATP binding",2297,74,43.59,3.1e-06,"NV2t025616002.1","Molecular Functions","Valine--tRNA ligase (EC 6.1.1.9) (Protein G7a) (Valyl-tRNA synthetase) (ValRS)","VARS1 G7A VARS VARS2"
"548","GO:0051059","NF-kappaB binding",37,7,0.7,5.3e-06,"NV2t020721001.1","Molecular Functions","Nuclear factor NF-kappa-B p105 subunit (Nuclear factor of kappa light polypeptide gene enhancer in B-cells 1) [Cleaved into: Nuclear factor NF-kappa-B p50 subunit]","NFKB1"
"549","GO:0051059","NF-kappaB binding",37,7,0.7,5.3e-06,"NV2t020721002.1","Molecular Functions","Nuclear factor NF-kappa-B p105 subunit (Nuclear factor of kappa light polypeptide gene enhancer in B-cells 1) [Cleaved into: Nuclear factor NF-kappa-B p50 subunit]","NFKB1"
"550","GO:0051059","NF-kappaB binding",37,7,0.7,5.3e-06,"NV2t020721003.1","Molecular Functions","Nuclear factor NF-kappa-B p105 subunit (Nuclear factor of kappa light polypeptide gene enhancer in B-cells 1) [Cleaved into: Nuclear factor NF-kappa-B p50 subunit]","NFKB1"
"551","GO:0051059","NF-kappaB binding",37,7,0.7,5.3e-06,"NV2t020721004.1","Molecular Functions","Nuclear factor NF-kappa-B p105 subunit (Nuclear factor of kappa light polypeptide gene enhancer in B-cells 1) [Cleaved into: Nuclear factor NF-kappa-B p50 subunit]","NFKB1"
"552","GO:0051059","NF-kappaB binding",37,7,0.7,5.3e-06,"NV2t020721006.1","Molecular Functions","Nuclear factor NF-kappa-B p105 subunit (Nuclear factor of kappa light polypeptide gene enhancer in B-cells 1) [Cleaved into: Nuclear factor NF-kappa-B p50 subunit]","NFKB1"
"553","GO:0051059","NF-kappaB binding",37,7,0.7,5.3e-06,"NV2t020721007.1","Molecular Functions","Nuclear factor NF-kappa-B p105 subunit (Nuclear factor of kappa light polypeptide gene enhancer in B-cells 1) [Cleaved into: Nuclear factor NF-kappa-B p50 subunit]","NFKB1"
"554","GO:0051059","NF-kappaB binding",37,7,0.7,5.3e-06,"NV2t021615001.1","Molecular Functions","Glycogen synthase kinase-3 beta (GSK-3 beta) (EC 2.7.11.26) (Serine/threonine-protein kinase GSK3B) (EC 2.7.11.1)","GSK3B"
"555","GO:0008836","diaminopimelate decarboxylase activity",3,3,0.06,6.8e-06,"NV2t004240001.1","Molecular Functions","Diaminopimelate decarboxylase (DAP decarboxylase) (DAPDC) (EC 4.1.1.20)","lysA"
"556","GO:0008836","diaminopimelate decarboxylase activity",3,3,0.06,6.8e-06,"NV2t004240002.1","Molecular Functions","Diaminopimelate decarboxylase (DAP decarboxylase) (DAPDC) (EC 4.1.1.20)","lysA jhp_0275"
"557","GO:0008836","diaminopimelate decarboxylase activity",3,3,0.06,6.8e-06,"NV2t004240003.1","Molecular Functions","Diaminopimelate decarboxylase (DAP decarboxylase) (DAPDC) (EC 4.1.1.20)","lysA"
"558","GO:0015293","symporter activity",269,11,5.1,8.4e-06,"NV2t001758001.1","Molecular Functions","Solute carrier family 25 member 3 (Phosphate carrier protein, mitochondrial) (Phosphate transport protein) (PTP)","Slc25a3"
"559","GO:0015293","symporter activity",269,11,5.1,8.4e-06,"NV2t003410001.1","Molecular Functions","Major facilitator superfamily domain-containing protein 12","MFSD12 C19orf28"
"560","GO:0015293","symporter activity",269,11,5.1,8.4e-06,"NV2t003410002.1","Molecular Functions","Major facilitator superfamily domain-containing protein 12","MFSD12 C19orf28"
"561","GO:0015293","symporter activity",269,11,5.1,8.4e-06,"NV2t003410003.1","Molecular Functions","Major facilitator superfamily domain-containing protein 12","MFSD12 C19orf28"
"562","GO:0015293","symporter activity",269,11,5.1,8.4e-06,"NV2t003410004.1","Molecular Functions","Major facilitator superfamily domain-containing protein 12","MFSD12 C19orf28"
"563","GO:0015293","symporter activity",269,11,5.1,8.4e-06,"NV2t003410005.1","Molecular Functions","Major facilitator superfamily domain-containing protein 12","MFSD12 C19orf28"
"564","GO:0015293","symporter activity",269,11,5.1,8.4e-06,"NV2t003410006.1","Molecular Functions","Major facilitator superfamily domain-containing protein 12","MFSD12 C19orf28"
"565","GO:0015293","symporter activity",269,11,5.1,8.4e-06,"NV2t007258001.1","Molecular Functions","Major facilitator superfamily domain-containing protein 12","MFSD12 C19orf28"
"566","GO:0015293","symporter activity",269,11,5.1,8.4e-06,"NV2t023688001.1","Molecular Functions","Major facilitator superfamily domain-containing protein 12","MFSD12 C19orf28"
"567","GO:0015293","symporter activity",269,11,5.1,8.4e-06,"NV2t023688002.1","Molecular Functions","Major facilitator superfamily domain-containing protein 12","MFSD12 C19orf28"
"568","GO:0015293","symporter activity",269,11,5.1,8.4e-06,"NV2t023688003.1","Molecular Functions","Major facilitator superfamily domain-containing protein 12","MFSD12"
"569","GO:0015485","cholesterol binding",55,8,1.04,8.7e-06,"NV2t023331002.1","Molecular Functions","Protein Aster-A (GRAM domain-containing protein 1A)","GRAMD1A KIAA1533"
"570","GO:0015485","cholesterol binding",55,8,1.04,8.7e-06,"NV2t023331003.1","Molecular Functions","Protein Aster-A (GRAM domain-containing protein 1A)","GRAMD1A KIAA1533"
"571","GO:0015485","cholesterol binding",55,8,1.04,8.7e-06,"NV2t023331004.1","Molecular Functions","Protein Aster-A (EG1RVC) (GRAM domain-containing protein 1A)","Gramd1a"
"572","GO:0015485","cholesterol binding",55,8,1.04,8.7e-06,"NV2t023331005.1","Molecular Functions","Protein Aster-A (GRAM domain-containing protein 1A)","GRAMD1A KIAA1533"
"573","GO:0015485","cholesterol binding",55,8,1.04,8.7e-06,"NV2t023331006.1","Molecular Functions","Protein Aster-A (GRAM domain-containing protein 1A)","GRAMD1A KIAA1533"
"574","GO:0015485","cholesterol binding",55,8,1.04,8.7e-06,"NV2t023331007.1","Molecular Functions","Protein Aster-A (GRAM domain-containing protein 1A)","GRAMD1A KIAA1533"
"575","GO:0015485","cholesterol binding",55,8,1.04,8.7e-06,"NV2t023331008.1","Molecular Functions","Protein Aster-A (GRAM domain-containing protein 1A)","GRAMD1A KIAA1533"
"576","GO:0015485","cholesterol binding",55,8,1.04,8.7e-06,"NV2t023331009.1","Molecular Functions","Protein Aster-A (GRAM domain-containing protein 1A)","Gramd1a D7Bwg0611e Kiaa1533"
"577","GO:0050681","nuclear androgen receptor binding",29,6,0.55,1.5e-05,"NV2t000946001.1","Molecular Functions","SWI/SNF-related matrix-associated actin-dependent regulator of chromatin subfamily A member 4 (SMARCA4) (EC 3.6.4.-) (BRG1-associated factor 190A) (BAF190A) (Mitotic growth and transcription activator) (Protein BRG-1) (Protein brahma homolog 1) (SNF2-beta) (Transcription activator BRG1)","SMARCA4 BAF190A BRG1 SNF2B SNF2L4"
"578","GO:0050681","nuclear androgen receptor binding",29,6,0.55,1.5e-05,"NV2t007890001.1","Molecular Functions","Probable ATP-dependent RNA helicase DDX5 (EC 3.6.4.13) (DEAD box RNA helicase DEAD1) (mDEAD1) (DEAD box protein 5) (RNA helicase p68)","Ddx5 Tnz2"
"579","GO:0050681","nuclear androgen receptor binding",29,6,0.55,1.5e-05,"NV2t007890002.1","Molecular Functions","Probable ATP-dependent RNA helicase DDX5 (EC 3.6.4.13) (DEAD box RNA helicase DEAD1) (mDEAD1) (DEAD box protein 5) (RNA helicase p68)","Ddx5 Tnz2"
"580","GO:0050681","nuclear androgen receptor binding",29,6,0.55,1.5e-05,"NV2t007890003.1","Molecular Functions","Probable ATP-dependent RNA helicase DDX5 (EC 3.6.4.13) (DEAD box RNA helicase DEAD1) (mDEAD1) (DEAD box protein 5) (RNA helicase p68)","Ddx5 Tnz2"
"581","GO:0050681","nuclear androgen receptor binding",29,6,0.55,1.5e-05,"NV2t007890004.1","Molecular Functions","Probable ATP-dependent RNA helicase DDX5 (EC 3.6.4.13) (DEAD box RNA helicase DEAD1) (mDEAD1) (DEAD box protein 5) (RNA helicase p68)","Ddx5 Tnz2"
"582","GO:0050681","nuclear androgen receptor binding",29,6,0.55,1.5e-05,"NV2t023438001.1","Molecular Functions","E3 SUMO-protein ligase PIAS2 (EC 2.3.2.-) (Androgen receptor-interacting protein 3) (ARIP3) (DAB2-interacting protein) (DIP) (E3 SUMO-protein transferase PIAS2) (Msx-interacting-zinc finger protein) (Protein inhibitor of activated STAT x) (Protein inhibitor of activated STAT2)","Pias2 Miz1 Piasx"
"583","GO:0004190","aspartic-type endopeptidase activity",186,13,3.53,5.8e-05,"NV2t000395001.1","Molecular Functions","Retrovirus-related Pol polyprotein from transposon 412 [Includes: Protease (EC 3.4.23.-); Reverse transcriptase (EC 2.7.7.49); Endonuclease]","POL ORF3"
"584","GO:0004190","aspartic-type endopeptidase activity",186,13,3.53,5.8e-05,"NV2t000483001.1","Molecular Functions","Transposon Tf1-107 polyprotein (EC 2.7.7.49) (EC 2.7.7.7) (EC 3.4.23.-)","Tf1-107"
"585","GO:0004190","aspartic-type endopeptidase activity",186,13,3.53,5.8e-05,"NV2t000731001.1","Molecular Functions","Transposon Tf1-107 polyprotein (EC 2.7.7.49) (EC 2.7.7.7) (EC 3.4.23.-)","Tf1-107"
"586","GO:0004190","aspartic-type endopeptidase activity",186,13,3.53,5.8e-05,"NV2t000885001.1","Molecular Functions","Retrovirus-related Pol polyprotein from transposon 17.6 [Includes: Protease (EC 3.4.23.-); Reverse transcriptase (EC 2.7.7.49); Endonuclease]","pol"
"587","GO:0004190","aspartic-type endopeptidase activity",186,13,3.53,5.8e-05,"NV2t001671002.1","Molecular Functions","Gag-Pol polyprotein (Pr160Gag-Pol) [Cleaved into: Matrix protein p17 (MA); Capsid protein p24 (CA); Spacer peptide 1 (SP1) (p2); Nucleocapsid protein p7 (NC); Transframe peptide (TF); p6-pol (p6*); Protease (EC 3.4.23.16) (PR) (Retropepsin); Reverse transcriptase/ribonuclease H (EC 2.7.7.49) (EC 2.7.7.7) (EC 3.1.26.13) (Exoribonuclease H) (EC 3.1.13.2) (p66 RT); p51 RT; p15; Integrase (IN) (EC 2.7.7.-) (EC 3.1.-.-)]","gag-pol"
"588","GO:0004190","aspartic-type endopeptidase activity",186,13,3.53,5.8e-05,"NV2t001671003.1","Molecular Functions","Gag-Pol polyprotein (Pr160Gag-Pol) [Cleaved into: Matrix protein p17 (MA); Capsid protein p24 (CA); Spacer peptide 1 (SP1) (p2); Nucleocapsid protein p7 (NC); Transframe peptide (TF); p6-pol (p6*); Protease (EC 3.4.23.16) (PR) (Retropepsin); Reverse transcriptase/ribonuclease H (EC 2.7.7.49) (EC 2.7.7.7) (EC 3.1.26.13) (Exoribonuclease H) (EC 3.1.13.2) (p66 RT); p51 RT; p15; Integrase (IN) (EC 2.7.7.-) (EC 3.1.-.-)]","gag-pol"
"589","GO:0004190","aspartic-type endopeptidase activity",186,13,3.53,5.8e-05,"NV2t001899001.1","Molecular Functions","Transposon Tf1-107 polyprotein (EC 2.7.7.49) (EC 2.7.7.7) (EC 3.4.23.-)","Tf1-107"
"590","GO:0004190","aspartic-type endopeptidase activity",186,13,3.53,5.8e-05,"NV2t021268001.1","Molecular Functions","Retrovirus-related Pol polyprotein from transposon 17.6 [Includes: Protease (EC 3.4.23.-); Reverse transcriptase (EC 2.7.7.49); Endonuclease]","pol"
"591","GO:0004190","aspartic-type endopeptidase activity",186,13,3.53,5.8e-05,"NV2t022633001.1","Molecular Functions","Transposon Ty3-G Gag-Pol polyprotein (Gag3-Pol3) (Transposon Ty3-1 TYA-TYB polyprotein) [Cleaved into: Capsid protein (CA) (p24); Spacer peptide p3; Nucleocapsid protein p11 (NC); Ty3 protease (PR) (EC 3.4.23.-) (p16); Spacer peptide J; Reverse transcriptase/ribonuclease H (RT) (RT-RH) (EC 2.7.7.49) (EC 2.7.7.7) (EC 3.1.26.4) (p55); Integrase p61 (IN); Integrase p58 (IN)]","TY3B-G YGRWTy3-1 POL YGR109W-B G5984"
"592","GO:0004190","aspartic-type endopeptidase activity",186,13,3.53,5.8e-05,"NV2t022833001.1","Molecular Functions","Transposon Ty3-I Gag-Pol polyprotein (Gag3-Pol3) (Transposon Ty3-2 TYA-TYB polyprotein) [Cleaved into: Capsid protein (CA) (p24); Spacer peptide p3; Nucleocapsid protein p11 (NC); Ty3 protease (PR) (EC 3.4.23.-) (p16); Spacer peptide J; Reverse transcriptase/ribonuclease H (RT) (RT-RH) (EC 2.7.7.49) (EC 2.7.7.7) (EC 3.1.26.4) (p55); Integrase p52 (IN); Integrase p49 (IN)]","TY3B-I YILWTy3-1 POL YIL082W-A"
"593","GO:0004190","aspartic-type endopeptidase activity",186,13,3.53,5.8e-05,"NV2t024556001.1","Molecular Functions","Transposon Ty3-I Gag-Pol polyprotein (Gag3-Pol3) (Transposon Ty3-2 TYA-TYB polyprotein) [Cleaved into: Capsid protein (CA) (p24); Spacer peptide p3; Nucleocapsid protein p11 (NC); Ty3 protease (PR) (EC 3.4.23.-) (p16); Spacer peptide J; Reverse transcriptase/ribonuclease H (RT) (RT-RH) (EC 2.7.7.49) (EC 2.7.7.7) (EC 3.1.26.4) (p55); Integrase p52 (IN); Integrase p49 (IN)]","TY3B-I YILWTy3-1 POL YIL082W-A"
"594","GO:0004190","aspartic-type endopeptidase activity",186,13,3.53,5.8e-05,"NV2t024626001.1","Molecular Functions","Retrovirus-related Pol polyprotein from transposon 17.6 [Includes: Protease (EC 3.4.23.-); Reverse transcriptase (EC 2.7.7.49); Endonuclease]","pol"
"595","GO:0004190","aspartic-type endopeptidase activity",186,13,3.53,5.8e-05,"NV2t025035001.1","Molecular Functions","Retrovirus-related Pol polyprotein from transposon 17.6 [Includes: Protease (EC 3.4.23.-); Reverse transcriptase (EC 2.7.7.49); Endonuclease]","pol"
"596","GO:0050661","NADP binding",73,8,1.39,7.2e-05,"NV2t000281001.1","Molecular Functions","Glucose-6-phosphate 1-dehydrogenase (G6PD) (EC 1.-.-.-) (EC 1.1.1.49)","G6PD"
"597","GO:0050661","NADP binding",73,8,1.39,7.2e-05,"NV2t000281002.1","Molecular Functions","Glucose-6-phosphate 1-dehydrogenase (G6PD) (EC 1.-.-.-) (EC 1.1.1.49)","G6pdx G6pd"
"598","GO:0050661","NADP binding",73,8,1.39,7.2e-05,"NV2t000281003.1","Molecular Functions","Glucose-6-phosphate 1-dehydrogenase (G6PD) (EC 1.-.-.-) (EC 1.1.1.49)","G6pdx G6pd"
"599","GO:0050661","NADP binding",73,8,1.39,7.2e-05,"NV2t000281004.1","Molecular Functions","Glucose-6-phosphate 1-dehydrogenase (G6PD) (EC 1.-.-.-) (EC 1.1.1.49)","G6PD"
"600","GO:0050661","NADP binding",73,8,1.39,7.2e-05,"NV2t000281005.1","Molecular Functions","Glucose-6-phosphate 1-dehydrogenase (G6PD) (EC 1.-.-.-) (EC 1.1.1.49)","G6PD"
"601","GO:0050661","NADP binding",73,8,1.39,7.2e-05,"NV2t000281006.1","Molecular Functions","Glucose-6-phosphate 1-dehydrogenase (G6PD) (EC 1.-.-.-) (EC 1.1.1.49)","G6PD"
"602","GO:0050661","NADP binding",73,8,1.39,7.2e-05,"NV2t000281007.1","Molecular Functions","Glucose-6-phosphate 1-dehydrogenase (G6PD) (EC 1.-.-.-) (EC 1.1.1.49)","G6PD"
"603","GO:0050661","NADP binding",73,8,1.39,7.2e-05,"NV2t000281008.1","Molecular Functions","Glucose-6-phosphate 1-dehydrogenase (G6PD) (EC 1.-.-.-) (EC 1.1.1.49)","G6pdx G6pd"
"604","GO:0031490","chromatin DNA binding",76,8,1.44,8.6e-05,"NV2t002880002.1","Molecular Functions","UDP-N-acetylglucosamine--peptide N-acetylglucosaminyltransferase 110 kDa subunit (EC 2.4.1.255) (O-GlcNAc transferase subunit p110) (O-linked N-acetylglucosamine transferase 110 kDa subunit) (OGT)","Ogt"
"605","GO:0031490","chromatin DNA binding",76,8,1.44,8.6e-05,"NV2t002880003.1","Molecular Functions","UDP-N-acetylglucosamine--peptide N-acetylglucosaminyltransferase 110 kDa subunit (EC 2.4.1.255) (O-GlcNAc transferase subunit p110) (O-linked N-acetylglucosamine transferase 110 kDa subunit) (OGT)","Ogt"
"606","GO:0031490","chromatin DNA binding",76,8,1.44,8.6e-05,"NV2t002880005.1","Molecular Functions","UDP-N-acetylglucosamine--peptide N-acetylglucosaminyltransferase 110 kDa subunit (EC 2.4.1.255) (O-GlcNAc transferase subunit p110) (O-linked N-acetylglucosamine transferase 110 kDa subunit) (OGT)","Ogt"
"607","GO:0031490","chromatin DNA binding",76,8,1.44,8.6e-05,"NV2t002880006.1","Molecular Functions","UDP-N-acetylglucosamine--peptide N-acetylglucosaminyltransferase 110 kDa subunit (EC 2.4.1.255) (O-GlcNAc transferase subunit p110) (O-linked N-acetylglucosamine transferase 110 kDa subunit) (OGT)","Ogt"
"608","GO:0031490","chromatin DNA binding",76,8,1.44,8.6e-05,"NV2t002880007.1","Molecular Functions","UDP-N-acetylglucosamine--peptide N-acetylglucosaminyltransferase 110 kDa subunit (EC 2.4.1.255) (O-GlcNAc transferase subunit p110) (O-linked N-acetylglucosamine transferase 110 kDa subunit) (OGT)","Ogt"
"609","GO:0031490","chromatin DNA binding",76,8,1.44,8.6e-05,"NV2t005166001.1","Molecular Functions","Heat shock factor protein 1 (HSF 1) (HSF 3A) (HSTF 3A) (Heat shock transcription factor 1) (HSTF 1)","HSF1"
"610","GO:0031490","chromatin DNA binding",76,8,1.44,8.6e-05,"NV2t005166002.1","Molecular Functions","Heat shock factor protein 1 (HSF 1) (HSF 3A) (HSTF 3A) (Heat shock transcription factor 1) (HSTF 1)","HSF1"
"611","GO:0031490","chromatin DNA binding",76,8,1.44,8.6e-05,"NV2t005663001.1","Molecular Functions","Core histone macro-H2A.1 (Histone macroH2A1) (mH2A1) (H2A.y) (H2A/y)","Macroh2a1 H2afy"
"612","GO:0003964","RNA-directed DNA polymerase activity",252,15,4.78,1e-04,"NV2t000395001.1","Molecular Functions","Retrovirus-related Pol polyprotein from transposon 412 [Includes: Protease (EC 3.4.23.-); Reverse transcriptase (EC 2.7.7.49); Endonuclease]","POL ORF3"
"613","GO:0003964","RNA-directed DNA polymerase activity",252,15,4.78,1e-04,"NV2t000483001.1","Molecular Functions","Transposon Tf1-107 polyprotein (EC 2.7.7.49) (EC 2.7.7.7) (EC 3.4.23.-)","Tf1-107"
"614","GO:0003964","RNA-directed DNA polymerase activity",252,15,4.78,1e-04,"NV2t000731001.1","Molecular Functions","Transposon Tf1-107 polyprotein (EC 2.7.7.49) (EC 2.7.7.7) (EC 3.4.23.-)","Tf1-107"
"615","GO:0003964","RNA-directed DNA polymerase activity",252,15,4.78,1e-04,"NV2t000885001.1","Molecular Functions","Retrovirus-related Pol polyprotein from transposon 17.6 [Includes: Protease (EC 3.4.23.-); Reverse transcriptase (EC 2.7.7.49); Endonuclease]","pol"
"616","GO:0003964","RNA-directed DNA polymerase activity",252,15,4.78,1e-04,"NV2t001671002.1","Molecular Functions","Gag-Pol polyprotein (Pr160Gag-Pol) [Cleaved into: Matrix protein p17 (MA); Capsid protein p24 (CA); Spacer peptide 1 (SP1) (p2); Nucleocapsid protein p7 (NC); Transframe peptide (TF); p6-pol (p6*); Protease (EC 3.4.23.16) (PR) (Retropepsin); Reverse transcriptase/ribonuclease H (EC 2.7.7.49) (EC 2.7.7.7) (EC 3.1.26.13) (Exoribonuclease H) (EC 3.1.13.2) (p66 RT); p51 RT; p15; Integrase (IN) (EC 2.7.7.-) (EC 3.1.-.-)]","gag-pol"
"617","GO:0003964","RNA-directed DNA polymerase activity",252,15,4.78,1e-04,"NV2t001671003.1","Molecular Functions","Gag-Pol polyprotein (Pr160Gag-Pol) [Cleaved into: Matrix protein p17 (MA); Capsid protein p24 (CA); Spacer peptide 1 (SP1) (p2); Nucleocapsid protein p7 (NC); Transframe peptide (TF); p6-pol (p6*); Protease (EC 3.4.23.16) (PR) (Retropepsin); Reverse transcriptase/ribonuclease H (EC 2.7.7.49) (EC 2.7.7.7) (EC 3.1.26.13) (Exoribonuclease H) (EC 3.1.13.2) (p66 RT); p51 RT; p15; Integrase (IN) (EC 2.7.7.-) (EC 3.1.-.-)]","gag-pol"
"618","GO:0003964","RNA-directed DNA polymerase activity",252,15,4.78,1e-04,"NV2t001899001.1","Molecular Functions","Transposon Tf1-107 polyprotein (EC 2.7.7.49) (EC 2.7.7.7) (EC 3.4.23.-)","Tf1-107"
"619","GO:0003964","RNA-directed DNA polymerase activity",252,15,4.78,1e-04,"NV2t021268001.1","Molecular Functions","Retrovirus-related Pol polyprotein from transposon 17.6 [Includes: Protease (EC 3.4.23.-); Reverse transcriptase (EC 2.7.7.49); Endonuclease]","pol"
"620","GO:0003964","RNA-directed DNA polymerase activity",252,15,4.78,1e-04,"NV2t022633001.1","Molecular Functions","Transposon Ty3-G Gag-Pol polyprotein (Gag3-Pol3) (Transposon Ty3-1 TYA-TYB polyprotein) [Cleaved into: Capsid protein (CA) (p24); Spacer peptide p3; Nucleocapsid protein p11 (NC); Ty3 protease (PR) (EC 3.4.23.-) (p16); Spacer peptide J; Reverse transcriptase/ribonuclease H (RT) (RT-RH) (EC 2.7.7.49) (EC 2.7.7.7) (EC 3.1.26.4) (p55); Integrase p61 (IN); Integrase p58 (IN)]","TY3B-G YGRWTy3-1 POL YGR109W-B G5984"
"621","GO:0003964","RNA-directed DNA polymerase activity",252,15,4.78,1e-04,"NV2t022833001.1","Molecular Functions","Transposon Ty3-I Gag-Pol polyprotein (Gag3-Pol3) (Transposon Ty3-2 TYA-TYB polyprotein) [Cleaved into: Capsid protein (CA) (p24); Spacer peptide p3; Nucleocapsid protein p11 (NC); Ty3 protease (PR) (EC 3.4.23.-) (p16); Spacer peptide J; Reverse transcriptase/ribonuclease H (RT) (RT-RH) (EC 2.7.7.49) (EC 2.7.7.7) (EC 3.1.26.4) (p55); Integrase p52 (IN); Integrase p49 (IN)]","TY3B-I YILWTy3-1 POL YIL082W-A"
"622","GO:0003964","RNA-directed DNA polymerase activity",252,15,4.78,1e-04,"NV2t024553001.1","Molecular Functions","LINE-1 retrotransposable element ORF2 protein (ORF2p) [Includes: Reverse transcriptase (EC 2.7.7.49); Endonuclease (EC 3.1.21.-)]",""
"623","GO:0003964","RNA-directed DNA polymerase activity",252,15,4.78,1e-04,"NV2t024556001.1","Molecular Functions","Transposon Ty3-I Gag-Pol polyprotein (Gag3-Pol3) (Transposon Ty3-2 TYA-TYB polyprotein) [Cleaved into: Capsid protein (CA) (p24); Spacer peptide p3; Nucleocapsid protein p11 (NC); Ty3 protease (PR) (EC 3.4.23.-) (p16); Spacer peptide J; Reverse transcriptase/ribonuclease H (RT) (RT-RH) (EC 2.7.7.49) (EC 2.7.7.7) (EC 3.1.26.4) (p55); Integrase p52 (IN); Integrase p49 (IN)]","TY3B-I YILWTy3-1 POL YIL082W-A"
"624","GO:0003964","RNA-directed DNA polymerase activity",252,15,4.78,1e-04,"NV2t024626001.1","Molecular Functions","Retrovirus-related Pol polyprotein from transposon 17.6 [Includes: Protease (EC 3.4.23.-); Reverse transcriptase (EC 2.7.7.49); Endonuclease]","pol"
"625","GO:0003964","RNA-directed DNA polymerase activity",252,15,4.78,1e-04,"NV2t025035001.1","Molecular Functions","Retrovirus-related Pol polyprotein from transposon 17.6 [Includes: Protease (EC 3.4.23.-); Reverse transcriptase (EC 2.7.7.49); Endonuclease]","pol"
"626","GO:0003964","RNA-directed DNA polymerase activity",252,15,4.78,1e-04,"NV2t025374001.1","Molecular Functions","RNA-directed DNA polymerase from mobile element jockey (EC 2.7.7.49) (Reverse transcriptase)","pol"
"627","GO:0019902","phosphatase binding",246,11,4.67,1e-04,"NV2t001169003.1","Molecular Functions","Endoplasmin (EC 3.6.4.-) (94 kDa glucose-regulated protein) (GRP-94) (Heat shock protein 90 kDa beta member 1)","Hsp90b1 Grp94 Hspc4 Tra1"
"628","GO:0019902","phosphatase binding",246,11,4.67,1e-04,"NV2t005086002.1","Molecular Functions","Centrosomal protein of 192 kDa (Cep192) (Cep192/SPD-2)","CEP192 KIAA1569 PP8407"
"629","GO:0019902","phosphatase binding",246,11,4.67,1e-04,"NV2t005969001.1","Molecular Functions","E3 ubiquitin-protein ligase DZIP3 (EC 2.3.2.27) (DAZ-interacting protein 3 homolog) (RING-type E3 ubiquitin transferase DZIP3)","Dzip3 Kiaa0675"
"630","GO:0019902","phosphatase binding",246,11,4.67,1e-04,"NV2t005969003.1","Molecular Functions","E3 ubiquitin-protein ligase DZIP3 (EC 2.3.2.27) (DAZ-interacting protein 3 homolog) (RING-type E3 ubiquitin transferase DZIP3)","Dzip3 Kiaa0675"
"631","GO:0019902","phosphatase binding",246,11,4.67,1e-04,"NV2t005969004.1","Molecular Functions","E3 ubiquitin-protein ligase DZIP3 (EC 2.3.2.27) (DAZ-interacting protein 3 homolog) (RING-type E3 ubiquitin transferase DZIP3)","Dzip3 Kiaa0675"
"632","GO:0019902","phosphatase binding",246,11,4.67,1e-04,"NV2t005969009.1","Molecular Functions","E3 ubiquitin-protein ligase DZIP3 (EC 2.3.2.27) (DAZ-interacting protein 3 homolog) (RING-type E3 ubiquitin transferase DZIP3)","Dzip3 Kiaa0675"
"633","GO:0019902","phosphatase binding",246,11,4.67,1e-04,"NV2t006280003.1","Molecular Functions","E3 ubiquitin-protein ligase DZIP3 (EC 2.3.2.27) (DAZ-interacting protein 3 homolog) (RING-type E3 ubiquitin transferase DZIP3)","Dzip3 Kiaa0675"
"634","GO:0019902","phosphatase binding",246,11,4.67,1e-04,"NV2t007506001.1","Molecular Functions","E3 ubiquitin-protein ligase DZIP3 (EC 2.3.2.27) (DAZ-interacting protein 3 homolog) (RING-type E3 ubiquitin transferase DZIP3)","Dzip3 Kiaa0675"
"635","GO:0019902","phosphatase binding",246,11,4.67,1e-04,"NV2t007507001.1","Molecular Functions","E3 ubiquitin-protein ligase DZIP3 (EC 2.3.2.27) (DAZ-interacting protein 3 homolog) (RING-type E3 ubiquitin transferase DZIP3)","Dzip3 Kiaa0675"
"636","GO:0019902","phosphatase binding",246,11,4.67,1e-04,"NV2t007507002.1","Molecular Functions","E3 ubiquitin-protein ligase DZIP3 (EC 2.3.2.27) (DAZ-interacting protein 3 homolog) (RING-type E3 ubiquitin transferase DZIP3)","Dzip3 Kiaa0675"
"637","GO:0019902","phosphatase binding",246,11,4.67,1e-04,"NV2t022177004.1","Molecular Functions","B-cell receptor CD22 (Sialic acid-binding Ig-like lectin 2) (Siglec-2) (CD antigen CD22)","CD22 SIGLEC2"
"638","GO:0035613","RNA stem-loop binding",26,5,0.49,0.00011,"NV2t001671002.1","Molecular Functions","Gag-Pol polyprotein (Pr160Gag-Pol) [Cleaved into: Matrix protein p17 (MA); Capsid protein p24 (CA); Spacer peptide 1 (SP1) (p2); Nucleocapsid protein p7 (NC); Transframe peptide (TF); p6-pol (p6*); Protease (EC 3.4.23.16) (PR) (Retropepsin); Reverse transcriptase/ribonuclease H (EC 2.7.7.49) (EC 2.7.7.7) (EC 3.1.26.13) (Exoribonuclease H) (EC 3.1.13.2) (p66 RT); p51 RT; p15; Integrase (IN) (EC 2.7.7.-) (EC 3.1.-.-)]","gag-pol"
"639","GO:0035613","RNA stem-loop binding",26,5,0.49,0.00011,"NV2t001671003.1","Molecular Functions","Gag-Pol polyprotein (Pr160Gag-Pol) [Cleaved into: Matrix protein p17 (MA); Capsid protein p24 (CA); Spacer peptide 1 (SP1) (p2); Nucleocapsid protein p7 (NC); Transframe peptide (TF); p6-pol (p6*); Protease (EC 3.4.23.16) (PR) (Retropepsin); Reverse transcriptase/ribonuclease H (EC 2.7.7.49) (EC 2.7.7.7) (EC 3.1.26.13) (Exoribonuclease H) (EC 3.1.13.2) (p66 RT); p51 RT; p15; Integrase (IN) (EC 2.7.7.-) (EC 3.1.-.-)]","gag-pol"
"640","GO:0035613","RNA stem-loop binding",26,5,0.49,0.00011,"NV2t007410002.1","Molecular Functions","Myosin-10 (Cellular myosin heavy chain, type B) (Myosin heavy chain 10) (Myosin heavy chain, non-muscle IIb) (Non-muscle myosin heavy chain B) (NMMHC-B) (Non-muscle myosin heavy chain IIb) (NMMHC II-b) (NMMHC-IIB)","Myh10"
"641","GO:0035613","RNA stem-loop binding",26,5,0.49,0.00011,"NV2t023798001.1","Molecular Functions","DAZ-associated protein 1 (Deleted in azoospermia-associated protein 1)","Dazap1"
"642","GO:0035613","RNA stem-loop binding",26,5,0.49,0.00011,"NV2t023798002.1","Molecular Functions","DAZ-associated protein 1 (Deleted in azoospermia-associated protein 1)","Dazap1"
"643","GO:0008569","minus-end-directed microtubule motor activity",61,7,1.16,0.00015,"NV2t001764001.1","Molecular Functions","Dynein axonemal heavy chain 6 (Axonemal beta dynein heavy chain 6) (Ciliary dynein heavy chain 6)","DNAH6 DNAHC6 DNHL1 HL2 KIAA1697"
"644","GO:0008569","minus-end-directed microtubule motor activity",61,7,1.16,0.00015,"NV2t003691001.1","Molecular Functions","Dynein axonemal heavy chain 7 (Axonemal beta dynein heavy chain 7) (Ciliary dynein heavy chain 7) (Dynein heavy chain-like protein 2) (hDHC2)","DNAH7 KIAA0944"
"645","GO:0008569","minus-end-directed microtubule motor activity",61,7,1.16,0.00015,"NV2t003692001.1","Molecular Functions","Dynein axonemal heavy chain 12 (Axonemal beta dynein heavy chain 12) (Axonemal dynein heavy chain 12-like protein) (Axonemal dynein heavy chain 7-like protein) (Ciliary dynein heavy chain 12)","Dnah12 Dnah12l Dnah7l Dnahc12 Dnahc7l"
"646","GO:0008569","minus-end-directed microtubule motor activity",61,7,1.16,0.00015,"NV2t003693001.1","Molecular Functions","Dynein axonemal heavy chain 12 (Axonemal beta dynein heavy chain 12) (Axonemal dynein heavy chain 12-like protein) (Axonemal dynein heavy chain 7-like protein) (Ciliary dynein heavy chain 12) (Dynein axonemal heavy chain 7-like) (Dynein heavy chain domain-containing protein 2)","DNAH12 DHC3 DLP12 DNAH12L DNAH7L DNAHC3 DNHD2 HDHC3 HL19"
"647","GO:0008569","minus-end-directed microtubule motor activity",61,7,1.16,0.00015,"NV2t021943001.1","Molecular Functions","Dynein axonemal heavy chain 11 (Axonemal beta dynein heavy chain 11) (Ciliary dynein heavy chain 11)","DNAH11"
"648","GO:0008569","minus-end-directed microtubule motor activity",61,7,1.16,0.00015,"NV2t021943002.1","Molecular Functions","Dynein axonemal heavy chain 11 (Axonemal beta dynein heavy chain 11) (Ciliary dynein heavy chain 11)","DNAH11"
"649","GO:0008569","minus-end-directed microtubule motor activity",61,7,1.16,0.00015,"NV2t022772001.1","Molecular Functions","Dynein axonemal heavy chain 2 (Axonemal beta dynein heavy chain 2) (Ciliary dynein heavy chain 2)","Dnah2 Dnahc2"
"650","GO:0003677","DNA binding",2152,60,40.84,0.00017,"NV2t000036001.1","Molecular Functions","E3 ubiquitin-protein ligase HUWE1 (EC 2.3.2.26) (E3Histone) (HECT, UBA and WWE domain-containing protein 1) (HECT-type E3 ubiquitin transferase HUWE1) (Upstream regulatory element-binding protein 1) (URE-B1) (URE-binding protein 1)","Huwe1 Kiaa0312 Ureb1"
"651","GO:0003677","DNA binding",2152,60,40.84,0.00017,"NV2t000036002.1","Molecular Functions","E3 ubiquitin-protein ligase HUWE1 (EC 2.3.2.26) (ARF-binding protein 1) (ARF-BP1) (HECT, UBA and WWE domain-containing protein 1) (HECT-type E3 ubiquitin transferase HUWE1) (Homologous to E6AP carboxyl terminus homologous protein 9) (HectH9) (Large structure of UREB1) (LASU1) (Mcl-1 ubiquitin ligase E3) (Mule) (Upstream regulatory element-binding protein 1) (URE-B1) (URE-binding protein 1)","HUWE1 KIAA0312 KIAA1578 UREB1 HSPC272"
"652","GO:0003677","DNA binding",2152,60,40.84,0.00017,"NV2t000483001.1","Molecular Functions","Transposon Tf1-107 polyprotein (EC 2.7.7.49) (EC 2.7.7.7) (EC 3.4.23.-)","Tf1-107"
"653","GO:0003677","DNA binding",2152,60,40.84,0.00017,"NV2t000731001.1","Molecular Functions","Transposon Tf1-107 polyprotein (EC 2.7.7.49) (EC 2.7.7.7) (EC 3.4.23.-)","Tf1-107"
"654","GO:0003677","DNA binding",2152,60,40.84,0.00017,"NV2t000946001.1","Molecular Functions","SWI/SNF-related matrix-associated actin-dependent regulator of chromatin subfamily A member 4 (SMARCA4) (EC 3.6.4.-) (BRG1-associated factor 190A) (BAF190A) (Mitotic growth and transcription activator) (Protein BRG-1) (Protein brahma homolog 1) (SNF2-beta) (Transcription activator BRG1)","SMARCA4 BAF190A BRG1 SNF2B SNF2L4"
"655","GO:0003677","DNA binding",2152,60,40.84,0.00017,"NV2t001671002.1","Molecular Functions","Gag-Pol polyprotein (Pr160Gag-Pol) [Cleaved into: Matrix protein p17 (MA); Capsid protein p24 (CA); Spacer peptide 1 (SP1) (p2); Nucleocapsid protein p7 (NC); Transframe peptide (TF); p6-pol (p6*); Protease (EC 3.4.23.16) (PR) (Retropepsin); Reverse transcriptase/ribonuclease H (EC 2.7.7.49) (EC 2.7.7.7) (EC 3.1.26.13) (Exoribonuclease H) (EC 3.1.13.2) (p66 RT); p51 RT; p15; Integrase (IN) (EC 2.7.7.-) (EC 3.1.-.-)]","gag-pol"
"656","GO:0003677","DNA binding",2152,60,40.84,0.00017,"NV2t001671003.1","Molecular Functions","Gag-Pol polyprotein (Pr160Gag-Pol) [Cleaved into: Matrix protein p17 (MA); Capsid protein p24 (CA); Spacer peptide 1 (SP1) (p2); Nucleocapsid protein p7 (NC); Transframe peptide (TF); p6-pol (p6*); Protease (EC 3.4.23.16) (PR) (Retropepsin); Reverse transcriptase/ribonuclease H (EC 2.7.7.49) (EC 2.7.7.7) (EC 3.1.26.13) (Exoribonuclease H) (EC 3.1.13.2) (p66 RT); p51 RT; p15; Integrase (IN) (EC 2.7.7.-) (EC 3.1.-.-)]","gag-pol"
"657","GO:0003677","DNA binding",2152,60,40.84,0.00017,"NV2t001725001.1","Molecular Functions","DNA-directed RNA polymerase I subunit RPA1 (RNA polymerase I subunit A1) (EC 2.7.7.6) (A190) (DNA-directed RNA polymerase I largest subunit) (DNA-directed RNA polymerase I subunit A) (RNA polymerase I 194 kDa subunit) (RPA194)","POLR1A"
"658","GO:0003677","DNA binding",2152,60,40.84,0.00017,"NV2t001899001.1","Molecular Functions","Transposon Tf1-107 polyprotein (EC 2.7.7.49) (EC 2.7.7.7) (EC 3.4.23.-)","Tf1-107"
"659","GO:0003677","DNA binding",2152,60,40.84,0.00017,"NV2t002880002.1","Molecular Functions","UDP-N-acetylglucosamine--peptide N-acetylglucosaminyltransferase 110 kDa subunit (EC 2.4.1.255) (O-GlcNAc transferase subunit p110) (O-linked N-acetylglucosamine transferase 110 kDa subunit) (OGT)","Ogt"
"660","GO:0003677","DNA binding",2152,60,40.84,0.00017,"NV2t002880003.1","Molecular Functions","UDP-N-acetylglucosamine--peptide N-acetylglucosaminyltransferase 110 kDa subunit (EC 2.4.1.255) (O-GlcNAc transferase subunit p110) (O-linked N-acetylglucosamine transferase 110 kDa subunit) (OGT)","Ogt"
"661","GO:0003677","DNA binding",2152,60,40.84,0.00017,"NV2t002880005.1","Molecular Functions","UDP-N-acetylglucosamine--peptide N-acetylglucosaminyltransferase 110 kDa subunit (EC 2.4.1.255) (O-GlcNAc transferase subunit p110) (O-linked N-acetylglucosamine transferase 110 kDa subunit) (OGT)","Ogt"
"662","GO:0003677","DNA binding",2152,60,40.84,0.00017,"NV2t002880006.1","Molecular Functions","UDP-N-acetylglucosamine--peptide N-acetylglucosaminyltransferase 110 kDa subunit (EC 2.4.1.255) (O-GlcNAc transferase subunit p110) (O-linked N-acetylglucosamine transferase 110 kDa subunit) (OGT)","Ogt"
"663","GO:0003677","DNA binding",2152,60,40.84,0.00017,"NV2t002880007.1","Molecular Functions","UDP-N-acetylglucosamine--peptide N-acetylglucosaminyltransferase 110 kDa subunit (EC 2.4.1.255) (O-GlcNAc transferase subunit p110) (O-linked N-acetylglucosamine transferase 110 kDa subunit) (OGT)","Ogt"
"664","GO:0003677","DNA binding",2152,60,40.84,0.00017,"NV2t003384001.1","Molecular Functions","Apoptosis-inducing factor 1, mitochondrial (EC 1.6.99.-) (Programmed cell death protein 8)","AIFM1 AIF PDCD8"
"665","GO:0003677","DNA binding",2152,60,40.84,0.00017,"NV2t003454001.1","Molecular Functions","Small ribosomal subunit protein uS3 (EC 4.2.99.18) (40S ribosomal protein S3)","RPS3"
"666","GO:0003677","DNA binding",2152,60,40.84,0.00017,"NV2t003955001.1","Molecular Functions","ATP-dependent DNA helicase hus2/rqh1 (EC 5.6.2.4) (DNA 3'-5' helicase Rqh1)","rqh1 hus2 rad12 rec9 SPAC2G11.12"
"667","GO:0003677","DNA binding",2152,60,40.84,0.00017,"NV2t004452001.1","Molecular Functions","Histone H3",""
"668","GO:0003677","DNA binding",2152,60,40.84,0.00017,"NV2t004892001.1","Molecular Functions","ATP-dependent helicase wrn-1 (EC 5.6.2.4) (DNA 3'-5' helicase wrn) (Werner syndrome protein homolog)","wrn-1 F18C5.2"
"669","GO:0003677","DNA binding",2152,60,40.84,0.00017,"NV2t004905001.1","Molecular Functions","Retinoblastoma-like protein 1 (107 kDa retinoblastoma-associated protein) (p107) (pRb1)","RBL1"
"670","GO:0003677","DNA binding",2152,60,40.84,0.00017,"NV2t004905002.1","Molecular Functions","Retinoblastoma-like protein 1 (107 kDa retinoblastoma-associated protein) (p107) (pRb1)","RBL1"
"671","GO:0003677","DNA binding",2152,60,40.84,0.00017,"NV2t004905003.1","Molecular Functions","Retinoblastoma-like protein 1 (107 kDa retinoblastoma-associated protein) (p107) (pRb1)","RBL1"
"672","GO:0003677","DNA binding",2152,60,40.84,0.00017,"NV2t005166001.1","Molecular Functions","Heat shock factor protein 1 (HSF 1) (HSF 3A) (HSTF 3A) (Heat shock transcription factor 1) (HSTF 1)","HSF1"
"673","GO:0003677","DNA binding",2152,60,40.84,0.00017,"NV2t005166002.1","Molecular Functions","Heat shock factor protein 1 (HSF 1) (HSF 3A) (HSTF 3A) (Heat shock transcription factor 1) (HSTF 1)","HSF1"
"674","GO:0003677","DNA binding",2152,60,40.84,0.00017,"NV2t005242001.1","Molecular Functions","ATP-dependent chromatin remodeler CHD7 (EC 3.6.4.-) (Chromo domain-containing protein 7) (CHD-7)","CHD7"
"675","GO:0003677","DNA binding",2152,60,40.84,0.00017,"NV2t005242002.1","Molecular Functions","ATP-dependent chromatin remodeler CHD7 (EC 3.6.4.-) (Chromo domain-containing protein 7) (CHD-7)","CHD7"
"676","GO:0003677","DNA binding",2152,60,40.84,0.00017,"NV2t005242003.1","Molecular Functions","ATP-dependent chromatin remodeler CHD7 (EC 3.6.4.-) (Chromo domain-containing protein 7) (CHD-7)","Chd7"
"677","GO:0003677","DNA binding",2152,60,40.84,0.00017,"NV2t005663001.1","Molecular Functions","Core histone macro-H2A.1 (Histone macroH2A1) (mH2A1) (H2A.y) (H2A/y)","Macroh2a1 H2afy"
"678","GO:0003677","DNA binding",2152,60,40.84,0.00017,"NV2t006169001.1","Molecular Functions","Serrate RNA effector molecule homolog (Arsenite-resistance protein 2)","SRRT ARS2"
"679","GO:0003677","DNA binding",2152,60,40.84,0.00017,"NV2t006169002.1","Molecular Functions","Serrate RNA effector molecule homolog (Arsenite-resistance protein 2)","SRRT ARS2"
"680","GO:0003677","DNA binding",2152,60,40.84,0.00017,"NV2t006253001.1","Molecular Functions","Histone H2A.V (H2A.F/Z)","H2A.F/Z"
"681","GO:0003677","DNA binding",2152,60,40.84,0.00017,"NV2t007120001.1","Molecular Functions","Histone H3",""
"682","GO:0003677","DNA binding",2152,60,40.84,0.00017,"NV2t020721001.1","Molecular Functions","Nuclear factor NF-kappa-B p105 subunit (Nuclear factor of kappa light polypeptide gene enhancer in B-cells 1) [Cleaved into: Nuclear factor NF-kappa-B p50 subunit]","NFKB1"
"683","GO:0003677","DNA binding",2152,60,40.84,0.00017,"NV2t020721002.1","Molecular Functions","Nuclear factor NF-kappa-B p105 subunit (Nuclear factor of kappa light polypeptide gene enhancer in B-cells 1) [Cleaved into: Nuclear factor NF-kappa-B p50 subunit]","NFKB1"
"684","GO:0003677","DNA binding",2152,60,40.84,0.00017,"NV2t020721003.1","Molecular Functions","Nuclear factor NF-kappa-B p105 subunit (Nuclear factor of kappa light polypeptide gene enhancer in B-cells 1) [Cleaved into: Nuclear factor NF-kappa-B p50 subunit]","NFKB1"
"685","GO:0003677","DNA binding",2152,60,40.84,0.00017,"NV2t020721004.1","Molecular Functions","Nuclear factor NF-kappa-B p105 subunit (Nuclear factor of kappa light polypeptide gene enhancer in B-cells 1) [Cleaved into: Nuclear factor NF-kappa-B p50 subunit]","NFKB1"
"686","GO:0003677","DNA binding",2152,60,40.84,0.00017,"NV2t020721005.1","Molecular Functions","Nuclear factor NF-kappa-B p100 subunit (DNA-binding factor KBF2) (H2TF1) (Lymphocyte translocation chromosome 10 protein) (Nuclear factor of kappa light polypeptide gene enhancer in B-cells 2) (Oncogene Lyt-10) (Lyt10) [Cleaved into: Nuclear factor NF-kappa-B p52 subunit]","NFKB2 LYT10"
"687","GO:0003677","DNA binding",2152,60,40.84,0.00017,"NV2t020721006.1","Molecular Functions","Nuclear factor NF-kappa-B p105 subunit (Nuclear factor of kappa light polypeptide gene enhancer in B-cells 1) [Cleaved into: Nuclear factor NF-kappa-B p50 subunit]","NFKB1"
"688","GO:0003677","DNA binding",2152,60,40.84,0.00017,"NV2t020721007.1","Molecular Functions","Nuclear factor NF-kappa-B p105 subunit (Nuclear factor of kappa light polypeptide gene enhancer in B-cells 1) [Cleaved into: Nuclear factor NF-kappa-B p50 subunit]","NFKB1"
"689","GO:0003677","DNA binding",2152,60,40.84,0.00017,"NV2t020741001.1","Molecular Functions","AT-rich interactive domain-containing protein 4B (ARID domain-containing protein 4B) (180 kDa Sin3-associated polypeptide) (Sin3-associated polypeptide p180) (Histone deacetylase complex subunit SAP180) (Retinoblastoma-binding protein 1-like 1)","Arid4b Rbbp1l1 Sap180"
"690","GO:0003677","DNA binding",2152,60,40.84,0.00017,"NV2t020741002.1","Molecular Functions","AT-rich interactive domain-containing protein 4B (ARID domain-containing protein 4B) (180 kDa Sin3-associated polypeptide) (Sin3-associated polypeptide p180) (Histone deacetylase complex subunit SAP180) (Retinoblastoma-binding protein 1-like 1)","Arid4b Rbbp1l1 Sap180"
"691","GO:0003677","DNA binding",2152,60,40.84,0.00017,"NV2t021241001.1","Molecular Functions","ATP-dependent RNA helicase DDX3Y (EC 3.6.4.13) (DEAD box protein 3, Y-chromosomal)","DDX3Y"
"692","GO:0003677","DNA binding",2152,60,40.84,0.00017,"NV2t022363001.1","Molecular Functions","Amyloid-beta precursor protein (ABPP) (APP) (Alzheimer disease amyloid A4 protein homolog) (Alzheimer disease amyloid protein) (Amyloid precursor protein) (Amyloid-beta (A4) precursor protein) (Amyloid-beta A4 protein) (Amyloidogenic glycoprotein) (AG) [Cleaved into: N-APP; Soluble APP-alpha (S-APP-alpha); Soluble APP-beta (S-APP-beta); C99 (Beta-secretase C-terminal fragment) (Beta-CTF); Amyloid-beta protein 42 (Abeta42) (Beta-APP42); Amyloid-beta protein 40 (Abeta40) (Beta-APP40); C83 (Alpha-secretase C-terminal fragment) (Alpha-CTF); P3(42); P3(40); C80; Gamma-secretase C-terminal fragment 59 (Gamma-CTF(59)); Gamma-secretase C-terminal fragment 57 (Gamma-CTF(57)); Gamma-secretase C-terminal fragment 50 (Gamma-CTF(50)); C31]","App A4 AD1"
"693","GO:0003677","DNA binding",2152,60,40.84,0.00017,"NV2t022412001.1","Molecular Functions","DNA excision repair protein ERCC-5 homolog (EC 3.1.-.-) (DNA repair protein complementing XP-G cells homolog) (Xeroderma pigmentosum group G-complementing protein homolog)","ercc5 xpg xpgc"
"694","GO:0003677","DNA binding",2152,60,40.84,0.00017,"NV2t022508001.1","Molecular Functions","Transcriptional regulator Erg","ERG"
"695","GO:0003677","DNA binding",2152,60,40.84,0.00017,"NV2t022512001.1","Molecular Functions","DNA-directed RNA polymerase II subunit RPB1 (RNA polymerase II subunit B1) (EC 2.7.7.6) (DNA-directed RNA polymerase III largest subunit) (RNA polymerase II subunit A)","Polr2A RPB1 RpII215 CG1554"
"696","GO:0003677","DNA binding",2152,60,40.84,0.00017,"NV2t022589001.1","Molecular Functions","Structural maintenance of chromosomes protein 6 (SMC protein 6) (SMC-6) (xSMC6)","smc6 smc6l1"
"697","GO:0003677","DNA binding",2152,60,40.84,0.00017,"NV2t022589002.1","Molecular Functions","Structural maintenance of chromosomes protein 6 (SMC protein 6) (SMC-6) (xSMC6)","smc6 smc6l1"
"698","GO:0003677","DNA binding",2152,60,40.84,0.00017,"NV2t022589003.1","Molecular Functions","Structural maintenance of chromosomes protein 6 (SMC protein 6) (SMC-6) (xSMC6)","smc6 smc6l1"
"699","GO:0003677","DNA binding",2152,60,40.84,0.00017,"NV2t022589004.1","Molecular Functions","Structural maintenance of chromosomes protein 6 (SMC protein 6) (SMC-6) (xSMC6)","smc6 smc6l1"
"700","GO:0003677","DNA binding",2152,60,40.84,0.00017,"NV2t022633001.1","Molecular Functions","Transposon Ty3-G Gag-Pol polyprotein (Gag3-Pol3) (Transposon Ty3-1 TYA-TYB polyprotein) [Cleaved into: Capsid protein (CA) (p24); Spacer peptide p3; Nucleocapsid protein p11 (NC); Ty3 protease (PR) (EC 3.4.23.-) (p16); Spacer peptide J; Reverse transcriptase/ribonuclease H (RT) (RT-RH) (EC 2.7.7.49) (EC 2.7.7.7) (EC 3.1.26.4) (p55); Integrase p61 (IN); Integrase p58 (IN)]","TY3B-G YGRWTy3-1 POL YGR109W-B G5984"
"701","GO:0003677","DNA binding",2152,60,40.84,0.00017,"NV2t022833001.1","Molecular Functions","Transposon Ty3-I Gag-Pol polyprotein (Gag3-Pol3) (Transposon Ty3-2 TYA-TYB polyprotein) [Cleaved into: Capsid protein (CA) (p24); Spacer peptide p3; Nucleocapsid protein p11 (NC); Ty3 protease (PR) (EC 3.4.23.-) (p16); Spacer peptide J; Reverse transcriptase/ribonuclease H (RT) (RT-RH) (EC 2.7.7.49) (EC 2.7.7.7) (EC 3.1.26.4) (p55); Integrase p52 (IN); Integrase p49 (IN)]","TY3B-I YILWTy3-1 POL YIL082W-A"
"702","GO:0003677","DNA binding",2152,60,40.84,0.00017,"NV2t023108001.1","Molecular Functions","Zinc finger RNA-binding protein (hZFR) (M-phase phosphoprotein homolog)","ZFR"
"703","GO:0003677","DNA binding",2152,60,40.84,0.00017,"NV2t023108002.1","Molecular Functions","Zinc finger RNA-binding protein","zfr"
"704","GO:0003677","DNA binding",2152,60,40.84,0.00017,"NV2t023108003.1","Molecular Functions","Zinc finger RNA-binding protein","zfr"
"705","GO:0003677","DNA binding",2152,60,40.84,0.00017,"NV2t023108004.1","Molecular Functions","Zinc finger RNA-binding protein","zfr"
"706","GO:0003677","DNA binding",2152,60,40.84,0.00017,"NV2t023438001.1","Molecular Functions","E3 SUMO-protein ligase PIAS2 (EC 2.3.2.-) (Androgen receptor-interacting protein 3) (ARIP3) (DAB2-interacting protein) (DIP) (E3 SUMO-protein transferase PIAS2) (Msx-interacting-zinc finger protein) (Protein inhibitor of activated STAT x) (Protein inhibitor of activated STAT2)","Pias2 Miz1 Piasx"
"707","GO:0003677","DNA binding",2152,60,40.84,0.00017,"NV2t024239001.1","Molecular Functions","Paired box protein Pax-3-B (xPax3-B) (Paired-domain transcription factor Pax3-B)","pax3-b pax3 pax3B"
"708","GO:0003677","DNA binding",2152,60,40.84,0.00017,"NV2t024556001.1","Molecular Functions","Transposon Ty3-I Gag-Pol polyprotein (Gag3-Pol3) (Transposon Ty3-2 TYA-TYB polyprotein) [Cleaved into: Capsid protein (CA) (p24); Spacer peptide p3; Nucleocapsid protein p11 (NC); Ty3 protease (PR) (EC 3.4.23.-) (p16); Spacer peptide J; Reverse transcriptase/ribonuclease H (RT) (RT-RH) (EC 2.7.7.49) (EC 2.7.7.7) (EC 3.1.26.4) (p55); Integrase p52 (IN); Integrase p49 (IN)]","TY3B-I YILWTy3-1 POL YIL082W-A"
"709","GO:0003677","DNA binding",2152,60,40.84,0.00017,"NV2t025040001.1","Molecular Functions","52 kDa repressor of the inhibitor of the protein kinase (p52rIPK) (58 kDa interferon-induced protein kinase-interacting protein) (p58IPK-interacting protein) (Death-associated protein 4) (THAP domain-containing protein 0) (THAP domain-containing protein 12)","THAP12 DAP4 P52RIPK PRKRIR THAP0"
"710","GO:0031593","polyubiquitin modification-dependent protein bindin...",109,9,2.07,0.00023,"NV2t002068001.1","Molecular Functions","Transitional endoplasmic reticulum ATPase (TER ATPase) (EC 3.6.4.6) (15S Mg(2+)-ATPase p97 subunit) (p97) (Valosin-containing protein) (VCP)","vcp"
"711","GO:0031593","polyubiquitin modification-dependent protein bindin...",109,9,2.07,0.00023,"NV2t005969001.1","Molecular Functions","E3 ubiquitin-protein ligase DZIP3 (EC 2.3.2.27) (DAZ-interacting protein 3 homolog) (RING-type E3 ubiquitin transferase DZIP3)","Dzip3 Kiaa0675"
"712","GO:0031593","polyubiquitin modification-dependent protein bindin...",109,9,2.07,0.00023,"NV2t005969003.1","Molecular Functions","E3 ubiquitin-protein ligase DZIP3 (EC 2.3.2.27) (DAZ-interacting protein 3 homolog) (RING-type E3 ubiquitin transferase DZIP3)","Dzip3 Kiaa0675"
"713","GO:0031593","polyubiquitin modification-dependent protein bindin...",109,9,2.07,0.00023,"NV2t005969004.1","Molecular Functions","E3 ubiquitin-protein ligase DZIP3 (EC 2.3.2.27) (DAZ-interacting protein 3 homolog) (RING-type E3 ubiquitin transferase DZIP3)","Dzip3 Kiaa0675"
"714","GO:0031593","polyubiquitin modification-dependent protein bindin...",109,9,2.07,0.00023,"NV2t005969009.1","Molecular Functions","E3 ubiquitin-protein ligase DZIP3 (EC 2.3.2.27) (DAZ-interacting protein 3 homolog) (RING-type E3 ubiquitin transferase DZIP3)","Dzip3 Kiaa0675"
"715","GO:0031593","polyubiquitin modification-dependent protein bindin...",109,9,2.07,0.00023,"NV2t006280003.1","Molecular Functions","E3 ubiquitin-protein ligase DZIP3 (EC 2.3.2.27) (DAZ-interacting protein 3 homolog) (RING-type E3 ubiquitin transferase DZIP3)","Dzip3 Kiaa0675"
"716","GO:0031593","polyubiquitin modification-dependent protein bindin...",109,9,2.07,0.00023,"NV2t007506001.1","Molecular Functions","E3 ubiquitin-protein ligase DZIP3 (EC 2.3.2.27) (DAZ-interacting protein 3 homolog) (RING-type E3 ubiquitin transferase DZIP3)","Dzip3 Kiaa0675"
"717","GO:0031593","polyubiquitin modification-dependent protein bindin...",109,9,2.07,0.00023,"NV2t007507001.1","Molecular Functions","E3 ubiquitin-protein ligase DZIP3 (EC 2.3.2.27) (DAZ-interacting protein 3 homolog) (RING-type E3 ubiquitin transferase DZIP3)","Dzip3 Kiaa0675"
"718","GO:0031593","polyubiquitin modification-dependent protein bindin...",109,9,2.07,0.00023,"NV2t007507002.1","Molecular Functions","E3 ubiquitin-protein ligase DZIP3 (EC 2.3.2.27) (DAZ-interacting protein 3 homolog) (RING-type E3 ubiquitin transferase DZIP3)","Dzip3 Kiaa0675"
"719","GO:0070878","primary miRNA binding",17,4,0.32,0.00025,"NV2t007890001.1","Molecular Functions","Probable ATP-dependent RNA helicase DDX5 (EC 3.6.4.13) (DEAD box RNA helicase DEAD1) (mDEAD1) (DEAD box protein 5) (RNA helicase p68)","Ddx5 Tnz2"
"720","GO:0070878","primary miRNA binding",17,4,0.32,0.00025,"NV2t007890002.1","Molecular Functions","Probable ATP-dependent RNA helicase DDX5 (EC 3.6.4.13) (DEAD box RNA helicase DEAD1) (mDEAD1) (DEAD box protein 5) (RNA helicase p68)","Ddx5 Tnz2"
"721","GO:0070878","primary miRNA binding",17,4,0.32,0.00025,"NV2t007890003.1","Molecular Functions","Probable ATP-dependent RNA helicase DDX5 (EC 3.6.4.13) (DEAD box RNA helicase DEAD1) (mDEAD1) (DEAD box protein 5) (RNA helicase p68)","Ddx5 Tnz2"
"722","GO:0070878","primary miRNA binding",17,4,0.32,0.00025,"NV2t007890004.1","Molecular Functions","Probable ATP-dependent RNA helicase DDX5 (EC 3.6.4.13) (DEAD box RNA helicase DEAD1) (mDEAD1) (DEAD box protein 5) (RNA helicase p68)","Ddx5 Tnz2"
"723","GO:0003676","nucleic acid binding",3838,154,72.83,0.00025,"NV2t000036001.1","Molecular Functions","E3 ubiquitin-protein ligase HUWE1 (EC 2.3.2.26) (E3Histone) (HECT, UBA and WWE domain-containing protein 1) (HECT-type E3 ubiquitin transferase HUWE1) (Upstream regulatory element-binding protein 1) (URE-B1) (URE-binding protein 1)","Huwe1 Kiaa0312 Ureb1"
"724","GO:0003676","nucleic acid binding",3838,154,72.83,0.00025,"NV2t000036002.1","Molecular Functions","E3 ubiquitin-protein ligase HUWE1 (EC 2.3.2.26) (ARF-binding protein 1) (ARF-BP1) (HECT, UBA and WWE domain-containing protein 1) (HECT-type E3 ubiquitin transferase HUWE1) (Homologous to E6AP carboxyl terminus homologous protein 9) (HectH9) (Large structure of UREB1) (LASU1) (Mcl-1 ubiquitin ligase E3) (Mule) (Upstream regulatory element-binding protein 1) (URE-B1) (URE-binding protein 1)","HUWE1 KIAA0312 KIAA1578 UREB1 HSPC272"
"725","GO:0003676","nucleic acid binding",3838,154,72.83,0.00025,"NV2t000132001.1","Molecular Functions","Large ribosomal subunit protein eL20 (60S ribosomal protein L18a)","RPL18A"
"726","GO:0003676","nucleic acid binding",3838,154,72.83,0.00025,"NV2t000251001.1","Molecular Functions","HEAT repeat-containing protein 1 (Protein BAP28)","heatr1 zgc:63510"
"727","GO:0003676","nucleic acid binding",3838,154,72.83,0.00025,"NV2t000395001.1","Molecular Functions","Retrovirus-related Pol polyprotein from transposon 412 [Includes: Protease (EC 3.4.23.-); Reverse transcriptase (EC 2.7.7.49); Endonuclease]","POL ORF3"
"728","GO:0003676","nucleic acid binding",3838,154,72.83,0.00025,"NV2t000483001.1","Molecular Functions","Transposon Tf1-107 polyprotein (EC 2.7.7.49) (EC 2.7.7.7) (EC 3.4.23.-)","Tf1-107"
"729","GO:0003676","nucleic acid binding",3838,154,72.83,0.00025,"NV2t000731001.1","Molecular Functions","Transposon Tf1-107 polyprotein (EC 2.7.7.49) (EC 2.7.7.7) (EC 3.4.23.-)","Tf1-107"
"730","GO:0003676","nucleic acid binding",3838,154,72.83,0.00025,"NV2t000885001.1","Molecular Functions","Retrovirus-related Pol polyprotein from transposon 17.6 [Includes: Protease (EC 3.4.23.-); Reverse transcriptase (EC 2.7.7.49); Endonuclease]","pol"
"731","GO:0003676","nucleic acid binding",3838,154,72.83,0.00025,"NV2t000946001.1","Molecular Functions","SWI/SNF-related matrix-associated actin-dependent regulator of chromatin subfamily A member 4 (SMARCA4) (EC 3.6.4.-) (BRG1-associated factor 190A) (BAF190A) (Mitotic growth and transcription activator) (Protein BRG-1) (Protein brahma homolog 1) (SNF2-beta) (Transcription activator BRG1)","SMARCA4 BAF190A BRG1 SNF2B SNF2L4"
"732","GO:0003676","nucleic acid binding",3838,154,72.83,0.00025,"NV2t001169003.1","Molecular Functions","Endoplasmin (EC 3.6.4.-) (94 kDa glucose-regulated protein) (GRP-94) (Heat shock protein 90 kDa beta member 1)","Hsp90b1 Grp94 Hspc4 Tra1"
"733","GO:0003676","nucleic acid binding",3838,154,72.83,0.00025,"NV2t001671002.1","Molecular Functions","Gag-Pol polyprotein (Pr160Gag-Pol) [Cleaved into: Matrix protein p17 (MA); Capsid protein p24 (CA); Spacer peptide 1 (SP1) (p2); Nucleocapsid protein p7 (NC); Transframe peptide (TF); p6-pol (p6*); Protease (EC 3.4.23.16) (PR) (Retropepsin); Reverse transcriptase/ribonuclease H (EC 2.7.7.49) (EC 2.7.7.7) (EC 3.1.26.13) (Exoribonuclease H) (EC 3.1.13.2) (p66 RT); p51 RT; p15; Integrase (IN) (EC 2.7.7.-) (EC 3.1.-.-)]","gag-pol"
"734","GO:0003676","nucleic acid binding",3838,154,72.83,0.00025,"NV2t001671003.1","Molecular Functions","Gag-Pol polyprotein (Pr160Gag-Pol) [Cleaved into: Matrix protein p17 (MA); Capsid protein p24 (CA); Spacer peptide 1 (SP1) (p2); Nucleocapsid protein p7 (NC); Transframe peptide (TF); p6-pol (p6*); Protease (EC 3.4.23.16) (PR) (Retropepsin); Reverse transcriptase/ribonuclease H (EC 2.7.7.49) (EC 2.7.7.7) (EC 3.1.26.13) (Exoribonuclease H) (EC 3.1.13.2) (p66 RT); p51 RT; p15; Integrase (IN) (EC 2.7.7.-) (EC 3.1.-.-)]","gag-pol"
"735","GO:0003676","nucleic acid binding",3838,154,72.83,0.00025,"NV2t001672001.1","Molecular Functions","Uncharacterized protein K02A2.6","K02A2.6"
"736","GO:0003676","nucleic acid binding",3838,154,72.83,0.00025,"NV2t001684001.1","Molecular Functions","Uncharacterized protein K02A2.6","K02A2.6"
"737","GO:0003676","nucleic acid binding",3838,154,72.83,0.00025,"NV2t001725001.1","Molecular Functions","DNA-directed RNA polymerase I subunit RPA1 (RNA polymerase I subunit A1) (EC 2.7.7.6) (A190) (DNA-directed RNA polymerase I largest subunit) (DNA-directed RNA polymerase I subunit A) (RNA polymerase I 194 kDa subunit) (RPA194)","POLR1A"
"738","GO:0003676","nucleic acid binding",3838,154,72.83,0.00025,"NV2t001808001.1","Molecular Functions","Probable ATP-dependent RNA helicase DDX4 (EC 3.6.4.13) (DEAD box protein 4) (Vasa homolog)","ddx4 vlg"
"739","GO:0003676","nucleic acid binding",3838,154,72.83,0.00025,"NV2t001808002.1","Molecular Functions","Probable ATP-dependent RNA helicase DDX4 (EC 3.6.4.13) (DEAD box protein 4) (Vasa homolog)","ddx4 vlg"
"740","GO:0003676","nucleic acid binding",3838,154,72.83,0.00025,"NV2t001899001.1","Molecular Functions","Transposon Tf1-107 polyprotein (EC 2.7.7.49) (EC 2.7.7.7) (EC 3.4.23.-)","Tf1-107"
"741","GO:0003676","nucleic acid binding",3838,154,72.83,0.00025,"NV2t002880002.1","Molecular Functions","UDP-N-acetylglucosamine--peptide N-acetylglucosaminyltransferase 110 kDa subunit (EC 2.4.1.255) (O-GlcNAc transferase subunit p110) (O-linked N-acetylglucosamine transferase 110 kDa subunit) (OGT)","Ogt"
"742","GO:0003676","nucleic acid binding",3838,154,72.83,0.00025,"NV2t002880003.1","Molecular Functions","UDP-N-acetylglucosamine--peptide N-acetylglucosaminyltransferase 110 kDa subunit (EC 2.4.1.255) (O-GlcNAc transferase subunit p110) (O-linked N-acetylglucosamine transferase 110 kDa subunit) (OGT)","Ogt"
"743","GO:0003676","nucleic acid binding",3838,154,72.83,0.00025,"NV2t002880005.1","Molecular Functions","UDP-N-acetylglucosamine--peptide N-acetylglucosaminyltransferase 110 kDa subunit (EC 2.4.1.255) (O-GlcNAc transferase subunit p110) (O-linked N-acetylglucosamine transferase 110 kDa subunit) (OGT)","Ogt"
"744","GO:0003676","nucleic acid binding",3838,154,72.83,0.00025,"NV2t002880006.1","Molecular Functions","UDP-N-acetylglucosamine--peptide N-acetylglucosaminyltransferase 110 kDa subunit (EC 2.4.1.255) (O-GlcNAc transferase subunit p110) (O-linked N-acetylglucosamine transferase 110 kDa subunit) (OGT)","Ogt"
"745","GO:0003676","nucleic acid binding",3838,154,72.83,0.00025,"NV2t002880007.1","Molecular Functions","UDP-N-acetylglucosamine--peptide N-acetylglucosaminyltransferase 110 kDa subunit (EC 2.4.1.255) (O-GlcNAc transferase subunit p110) (O-linked N-acetylglucosamine transferase 110 kDa subunit) (OGT)","Ogt"
"746","GO:0003676","nucleic acid binding",3838,154,72.83,0.00025,"NV2t003148001.1","Molecular Functions","Histidine--tRNA ligase (EC 6.1.1.21)","hars"
"747","GO:0003676","nucleic acid binding",3838,154,72.83,0.00025,"NV2t003229001.1","Molecular Functions","THO complex subunit 2 (Tho2)","THOC2"
"748","GO:0003676","nucleic acid binding",3838,154,72.83,0.00025,"NV2t003384001.1","Molecular Functions","Apoptosis-inducing factor 1, mitochondrial (EC 1.6.99.-) (Programmed cell death protein 8)","AIFM1 AIF PDCD8"
"749","GO:0003676","nucleic acid binding",3838,154,72.83,0.00025,"NV2t003454001.1","Molecular Functions","Small ribosomal subunit protein uS3 (EC 4.2.99.18) (40S ribosomal protein S3)","RPS3"
"750","GO:0003676","nucleic acid binding",3838,154,72.83,0.00025,"NV2t003955001.1","Molecular Functions","ATP-dependent DNA helicase hus2/rqh1 (EC 5.6.2.4) (DNA 3'-5' helicase Rqh1)","rqh1 hus2 rad12 rec9 SPAC2G11.12"
"751","GO:0003676","nucleic acid binding",3838,154,72.83,0.00025,"NV2t004452001.1","Molecular Functions","Histone H3",""
"752","GO:0003676","nucleic acid binding",3838,154,72.83,0.00025,"NV2t004685001.1","Molecular Functions","Lysine--tRNA ligase (EC 2.7.7.-) (EC 6.1.1.6) (Lysyl-tRNA synthetase) (LysRS)","Kars1 Kars"
"753","GO:0003676","nucleic acid binding",3838,154,72.83,0.00025,"NV2t004892001.1","Molecular Functions","ATP-dependent helicase wrn-1 (EC 5.6.2.4) (DNA 3'-5' helicase wrn) (Werner syndrome protein homolog)","wrn-1 F18C5.2"
"754","GO:0003676","nucleic acid binding",3838,154,72.83,0.00025,"NV2t004905001.1","Molecular Functions","Retinoblastoma-like protein 1 (107 kDa retinoblastoma-associated protein) (p107) (pRb1)","RBL1"
"755","GO:0003676","nucleic acid binding",3838,154,72.83,0.00025,"NV2t004905002.1","Molecular Functions","Retinoblastoma-like protein 1 (107 kDa retinoblastoma-associated protein) (p107) (pRb1)","RBL1"
"756","GO:0003676","nucleic acid binding",3838,154,72.83,0.00025,"NV2t004905003.1","Molecular Functions","Retinoblastoma-like protein 1 (107 kDa retinoblastoma-associated protein) (p107) (pRb1)","RBL1"
"757","GO:0003676","nucleic acid binding",3838,154,72.83,0.00025,"NV2t004987001.1","Molecular Functions","Protein virilizer homolog","VIRMA KIAA1429 MSTP054"
"758","GO:0003676","nucleic acid binding",3838,154,72.83,0.00025,"NV2t005166001.1","Molecular Functions","Heat shock factor protein 1 (HSF 1) (HSF 3A) (HSTF 3A) (Heat shock transcription factor 1) (HSTF 1)","HSF1"
"759","GO:0003676","nucleic acid binding",3838,154,72.83,0.00025,"NV2t005166002.1","Molecular Functions","Heat shock factor protein 1 (HSF 1) (HSF 3A) (HSTF 3A) (Heat shock transcription factor 1) (HSTF 1)","HSF1"
"760","GO:0003676","nucleic acid binding",3838,154,72.83,0.00025,"NV2t005242001.1","Molecular Functions","ATP-dependent chromatin remodeler CHD7 (EC 3.6.4.-) (Chromo domain-containing protein 7) (CHD-7)","CHD7"
"761","GO:0003676","nucleic acid binding",3838,154,72.83,0.00025,"NV2t005242002.1","Molecular Functions","ATP-dependent chromatin remodeler CHD7 (EC 3.6.4.-) (Chromo domain-containing protein 7) (CHD-7)","CHD7"
"762","GO:0003676","nucleic acid binding",3838,154,72.83,0.00025,"NV2t005242003.1","Molecular Functions","ATP-dependent chromatin remodeler CHD7 (EC 3.6.4.-) (Chromo domain-containing protein 7) (CHD-7)","Chd7"
"763","GO:0003676","nucleic acid binding",3838,154,72.83,0.00025,"NV2t005663001.1","Molecular Functions","Core histone macro-H2A.1 (Histone macroH2A1) (mH2A1) (H2A.y) (H2A/y)","Macroh2a1 H2afy"
"764","GO:0003676","nucleic acid binding",3838,154,72.83,0.00025,"NV2t005899001.1","Molecular Functions","Polyadenylate-binding protein 1A (PABP-1A) (Poly(A)-binding protein 1A)","pabpc1a"
"765","GO:0003676","nucleic acid binding",3838,154,72.83,0.00025,"NV2t005899002.1","Molecular Functions","Polyadenylate-binding protein 1A (PABP-1A) (Poly(A)-binding protein 1A)","pabpc1a"
"766","GO:0003676","nucleic acid binding",3838,154,72.83,0.00025,"NV2t005899003.1","Molecular Functions","Polyadenylate-binding protein 1 (PABP-1) (Poly(A)-binding protein 1)","Pabpc1 Pabp1"
"767","GO:0003676","nucleic acid binding",3838,154,72.83,0.00025,"NV2t005899004.1","Molecular Functions","Polyadenylate-binding protein 4 (PABP-4) (Poly(A)-binding protein 4) (Activated-platelet protein 1) (APP-1) (Inducible poly(A)-binding protein) (iPABP)","PABPC4 APP1 PABP4"
"768","GO:0003676","nucleic acid binding",3838,154,72.83,0.00025,"NV2t005899005.1","Molecular Functions","Polyadenylate-binding protein 1A (PABP-1A) (Poly(A)-binding protein 1A)","pabpc1a"
"769","GO:0003676","nucleic acid binding",3838,154,72.83,0.00025,"NV2t005899006.1","Molecular Functions","Polyadenylate-binding protein 1 (PABP-1) (Poly(A)-binding protein 1)","Pabpc1 Pabp1"
"770","GO:0003676","nucleic acid binding",3838,154,72.83,0.00025,"NV2t005899007.1","Molecular Functions","Polyadenylate-binding protein 1A (PABP-1A) (Poly(A)-binding protein 1A)","pabpc1a"
"771","GO:0003676","nucleic acid binding",3838,154,72.83,0.00025,"NV2t005899008.1","Molecular Functions","Polyadenylate-binding protein 4 (PABP-4) (Poly(A)-binding protein 4) (Activated-platelet protein 1) (APP-1) (Inducible poly(A)-binding protein) (iPABP)","PABPC4 APP1 PABP4"
"772","GO:0003676","nucleic acid binding",3838,154,72.83,0.00025,"NV2t005899009.1","Molecular Functions","Polyadenylate-binding protein 1-A (PABP-1-A) (Poly(A)-binding protein 1-A) (xPABP1-A) (Cytoplasmic poly(A)-binding protein 1-A)","pabpc1-a pabp pabp1"
"773","GO:0003676","nucleic acid binding",3838,154,72.83,0.00025,"NV2t005899010.1","Molecular Functions","Polyadenylate-binding protein 4 (PABP-4) (Poly(A)-binding protein 4) (Activated-platelet protein 1) (APP-1) (Inducible poly(A)-binding protein) (iPABP)","PABPC4 APP1 PABP4"
"774","GO:0003676","nucleic acid binding",3838,154,72.83,0.00025,"NV2t005899011.1","Molecular Functions","Polyadenylate-binding protein 4 (PABP-4) (Poly(A)-binding protein 4) (Activated-platelet protein 1) (APP-1) (Inducible poly(A)-binding protein) (iPABP)","PABPC4 APP1 PABP4"
"775","GO:0003676","nucleic acid binding",3838,154,72.83,0.00025,"NV2t005899012.1","Molecular Functions","Polyadenylate-binding protein 4 (PABP-4) (Poly(A)-binding protein 4) (Activated-platelet protein 1) (APP-1) (Inducible poly(A)-binding protein) (iPABP)","PABPC4 APP1 PABP4"
"776","GO:0003676","nucleic acid binding",3838,154,72.83,0.00025,"NV2t005899013.1","Molecular Functions","Polyadenylate-binding protein 4 (PABP-4) (Poly(A)-binding protein 4) (Activated-platelet protein 1) (APP-1) (Inducible poly(A)-binding protein) (iPABP)","PABPC4 APP1 PABP4"
"777","GO:0003676","nucleic acid binding",3838,154,72.83,0.00025,"NV2t005899014.1","Molecular Functions","Polyadenylate-binding protein 4 (PABP-4) (Poly(A)-binding protein 4) (Activated-platelet protein 1) (APP-1) (Inducible poly(A)-binding protein) (iPABP)","PABPC4 APP1 PABP4"
"778","GO:0003676","nucleic acid binding",3838,154,72.83,0.00025,"NV2t005899015.1","Molecular Functions","Polyadenylate-binding protein 4 (PABP-4) (Poly(A)-binding protein 4) (Activated-platelet protein 1) (APP-1) (Inducible poly(A)-binding protein) (iPABP)","PABPC4 APP1 PABP4"
"779","GO:0003676","nucleic acid binding",3838,154,72.83,0.00025,"NV2t005899016.1","Molecular Functions","Polyadenylate-binding protein 4 (PABP-4) (Poly(A)-binding protein 4) (Activated-platelet protein 1) (APP-1) (Inducible poly(A)-binding protein) (iPABP)","PABPC4 APP1 PABP4"
"780","GO:0003676","nucleic acid binding",3838,154,72.83,0.00025,"NV2t005899017.1","Molecular Functions","Polyadenylate-binding protein 4 (PABP-4) (Poly(A)-binding protein 4) (Activated-platelet protein 1) (APP-1) (Inducible poly(A)-binding protein) (iPABP)","PABPC4 APP1 PABP4"
"781","GO:0003676","nucleic acid binding",3838,154,72.83,0.00025,"NV2t005899018.1","Molecular Functions","Polyadenylate-binding protein 4 (PABP-4) (Poly(A)-binding protein 4) (Activated-platelet protein 1) (APP-1) (Inducible poly(A)-binding protein) (iPABP)","PABPC4 APP1 PABP4"
"782","GO:0003676","nucleic acid binding",3838,154,72.83,0.00025,"NV2t005899019.1","Molecular Functions","Polyadenylate-binding protein 4 (PABP-4) (Poly(A)-binding protein 4) (Activated-platelet protein 1) (APP-1) (Inducible poly(A)-binding protein) (iPABP)","PABPC4 APP1 PABP4"
"783","GO:0003676","nucleic acid binding",3838,154,72.83,0.00025,"NV2t005899020.1","Molecular Functions","Polyadenylate-binding protein 4 (PABP-4) (Poly(A)-binding protein 4) (Activated-platelet protein 1) (APP-1) (Inducible poly(A)-binding protein) (iPABP)","PABPC4 APP1 PABP4"
"784","GO:0003676","nucleic acid binding",3838,154,72.83,0.00025,"NV2t005899021.1","Molecular Functions","Polyadenylate-binding protein 4 (PABP-4) (Poly(A)-binding protein 4) (Activated-platelet protein 1) (APP-1) (Inducible poly(A)-binding protein) (iPABP)","PABPC4 APP1 PABP4"
"785","GO:0003676","nucleic acid binding",3838,154,72.83,0.00025,"NV2t005899022.1","Molecular Functions","Polyadenylate-binding protein 4 (PABP-4) (Poly(A)-binding protein 4) (Activated-platelet protein 1) (APP-1) (Inducible poly(A)-binding protein) (iPABP)","PABPC4 APP1 PABP4"
"786","GO:0003676","nucleic acid binding",3838,154,72.83,0.00025,"NV2t005899023.1","Molecular Functions","Polyadenylate-binding protein 4 (PABP-4) (Poly(A)-binding protein 4) (Activated-platelet protein 1) (APP-1) (Inducible poly(A)-binding protein) (iPABP)","PABPC4 APP1 PABP4"
"787","GO:0003676","nucleic acid binding",3838,154,72.83,0.00025,"NV2t005899024.1","Molecular Functions","Polyadenylate-binding protein 1 (PABP-1) (Poly(A)-binding protein 1)","Pabpc1 Pabp1"
"788","GO:0003676","nucleic acid binding",3838,154,72.83,0.00025,"NV2t005965001.1","Molecular Functions","Probable ribonuclease ZC3H12C (EC 3.1.-.-) (Zinc finger CCCH domain-containing protein 12C)","Zc3h12c Kiaa1726"
"789","GO:0003676","nucleic acid binding",3838,154,72.83,0.00025,"NV2t005965002.1","Molecular Functions","Probable ribonuclease ZC3H12D (EC 3.1.-.-) (MCP-induced protein 4) (Transformed follicular lymphoma) (Zinc finger CCCH domain-containing protein 12D) (p34)","ZC3H12D C6orf95 MCPIP4 TFL"
"790","GO:0003676","nucleic acid binding",3838,154,72.83,0.00025,"NV2t005965003.1","Molecular Functions","Probable ribonuclease ZC3H12D (EC 3.1.-.-) (MCP-induced protein 4) (Transformed follicular lymphoma) (Zinc finger CCCH domain-containing protein 12D) (p34)","ZC3H12D C6orf95 MCPIP4 TFL"
"791","GO:0003676","nucleic acid binding",3838,154,72.83,0.00025,"NV2t005969001.1","Molecular Functions","E3 ubiquitin-protein ligase DZIP3 (EC 2.3.2.27) (DAZ-interacting protein 3 homolog) (RING-type E3 ubiquitin transferase DZIP3)","Dzip3 Kiaa0675"
"792","GO:0003676","nucleic acid binding",3838,154,72.83,0.00025,"NV2t005969003.1","Molecular Functions","E3 ubiquitin-protein ligase DZIP3 (EC 2.3.2.27) (DAZ-interacting protein 3 homolog) (RING-type E3 ubiquitin transferase DZIP3)","Dzip3 Kiaa0675"
"793","GO:0003676","nucleic acid binding",3838,154,72.83,0.00025,"NV2t005969004.1","Molecular Functions","E3 ubiquitin-protein ligase DZIP3 (EC 2.3.2.27) (DAZ-interacting protein 3 homolog) (RING-type E3 ubiquitin transferase DZIP3)","Dzip3 Kiaa0675"
"794","GO:0003676","nucleic acid binding",3838,154,72.83,0.00025,"NV2t005969009.1","Molecular Functions","E3 ubiquitin-protein ligase DZIP3 (EC 2.3.2.27) (DAZ-interacting protein 3 homolog) (RING-type E3 ubiquitin transferase DZIP3)","Dzip3 Kiaa0675"
"795","GO:0003676","nucleic acid binding",3838,154,72.83,0.00025,"NV2t006169001.1","Molecular Functions","Serrate RNA effector molecule homolog (Arsenite-resistance protein 2)","SRRT ARS2"
"796","GO:0003676","nucleic acid binding",3838,154,72.83,0.00025,"NV2t006169002.1","Molecular Functions","Serrate RNA effector molecule homolog (Arsenite-resistance protein 2)","SRRT ARS2"
"797","GO:0003676","nucleic acid binding",3838,154,72.83,0.00025,"NV2t006253001.1","Molecular Functions","Histone H2A.V (H2A.F/Z)","H2A.F/Z"
"798","GO:0003676","nucleic acid binding",3838,154,72.83,0.00025,"NV2t006280003.1","Molecular Functions","E3 ubiquitin-protein ligase DZIP3 (EC 2.3.2.27) (DAZ-interacting protein 3 homolog) (RING-type E3 ubiquitin transferase DZIP3)","Dzip3 Kiaa0675"
"799","GO:0003676","nucleic acid binding",3838,154,72.83,0.00025,"NV2t006419001.1","Molecular Functions","Large ribosomal subunit protein uL10 (60S acidic ribosomal protein P0) (60S ribosomal protein L10E)","RPLP0"
"800","GO:0003676","nucleic acid binding",3838,154,72.83,0.00025,"NV2t006672001.1","Molecular Functions","Large ribosomal subunit protein eL19 (60S ribosomal protein L19)","RpL19 M(2)60E CG2746"
"801","GO:0003676","nucleic acid binding",3838,154,72.83,0.00025,"NV2t007080001.1","Molecular Functions","Large ribosomal subunit protein eL18 (60S ribosomal protein L18)","RpL18"
"802","GO:0003676","nucleic acid binding",3838,154,72.83,0.00025,"NV2t007107001.1","Molecular Functions","Small ribosomal subunit protein uS5 (40S ribosomal protein S2)","rps2"
"803","GO:0003676","nucleic acid binding",3838,154,72.83,0.00025,"NV2t007120001.1","Molecular Functions","Histone H3",""
"804","GO:0003676","nucleic acid binding",3838,154,72.83,0.00025,"NV2t007410002.1","Molecular Functions","Myosin-10 (Cellular myosin heavy chain, type B) (Myosin heavy chain 10) (Myosin heavy chain, non-muscle IIb) (Non-muscle myosin heavy chain B) (NMMHC-B) (Non-muscle myosin heavy chain IIb) (NMMHC II-b) (NMMHC-IIB)","Myh10"
"805","GO:0003676","nucleic acid binding",3838,154,72.83,0.00025,"NV2t007506001.1","Molecular Functions","E3 ubiquitin-protein ligase DZIP3 (EC 2.3.2.27) (DAZ-interacting protein 3 homolog) (RING-type E3 ubiquitin transferase DZIP3)","Dzip3 Kiaa0675"
"806","GO:0003676","nucleic acid binding",3838,154,72.83,0.00025,"NV2t007507001.1","Molecular Functions","E3 ubiquitin-protein ligase DZIP3 (EC 2.3.2.27) (DAZ-interacting protein 3 homolog) (RING-type E3 ubiquitin transferase DZIP3)","Dzip3 Kiaa0675"
"807","GO:0003676","nucleic acid binding",3838,154,72.83,0.00025,"NV2t007507002.1","Molecular Functions","E3 ubiquitin-protein ligase DZIP3 (EC 2.3.2.27) (DAZ-interacting protein 3 homolog) (RING-type E3 ubiquitin transferase DZIP3)","Dzip3 Kiaa0675"
"808","GO:0003676","nucleic acid binding",3838,154,72.83,0.00025,"NV2t007636001.1","Molecular Functions","Large ribosomal subunit protein uL3 (60S ribosomal protein L3) (J1 protein)","Rpl3"
"809","GO:0003676","nucleic acid binding",3838,154,72.83,0.00025,"NV2t007636002.1","Molecular Functions","Large ribosomal subunit protein uL3 (60S ribosomal protein L3)","RpL3 CG4863"
"810","GO:0003676","nucleic acid binding",3838,154,72.83,0.00025,"NV2t007636003.1","Molecular Functions","Large ribosomal subunit protein uL3 (60S ribosomal protein L3) (J1 protein)","Rpl3"
"811","GO:0003676","nucleic acid binding",3838,154,72.83,0.00025,"NV2t007636004.1","Molecular Functions","Large ribosomal subunit protein uL3 (60S ribosomal protein L3)","RPL3"
"812","GO:0003676","nucleic acid binding",3838,154,72.83,0.00025,"NV2t007636005.1","Molecular Functions","Large ribosomal subunit protein uL3 (60S ribosomal protein L3)","RPL3"
"813","GO:0003676","nucleic acid binding",3838,154,72.83,0.00025,"NV2t007636006.1","Molecular Functions","Large ribosomal subunit protein uL3 (60S ribosomal protein L3)","RpL3 CG4863"
"814","GO:0003676","nucleic acid binding",3838,154,72.83,0.00025,"NV2t007668001.1","Molecular Functions","Eukaryotic translation initiation factor 3 subunit B (eIF3b) (Eukaryotic translation initiation factor 3 subunit 9) (eIF-3-eta)","Eif3b Eif3s9"
"815","GO:0003676","nucleic acid binding",3838,154,72.83,0.00025,"NV2t007821001.1","Molecular Functions","Small ribosomal subunit protein uS4 (40S ribosomal protein S9)","Rps9"
"816","GO:0003676","nucleic acid binding",3838,154,72.83,0.00025,"NV2t007890001.1","Molecular Functions","Probable ATP-dependent RNA helicase DDX5 (EC 3.6.4.13) (DEAD box RNA helicase DEAD1) (mDEAD1) (DEAD box protein 5) (RNA helicase p68)","Ddx5 Tnz2"
"817","GO:0003676","nucleic acid binding",3838,154,72.83,0.00025,"NV2t007890002.1","Molecular Functions","Probable ATP-dependent RNA helicase DDX5 (EC 3.6.4.13) (DEAD box RNA helicase DEAD1) (mDEAD1) (DEAD box protein 5) (RNA helicase p68)","Ddx5 Tnz2"
"818","GO:0003676","nucleic acid binding",3838,154,72.83,0.00025,"NV2t007890003.1","Molecular Functions","Probable ATP-dependent RNA helicase DDX5 (EC 3.6.4.13) (DEAD box RNA helicase DEAD1) (mDEAD1) (DEAD box protein 5) (RNA helicase p68)","Ddx5 Tnz2"
"819","GO:0003676","nucleic acid binding",3838,154,72.83,0.00025,"NV2t007890004.1","Molecular Functions","Probable ATP-dependent RNA helicase DDX5 (EC 3.6.4.13) (DEAD box RNA helicase DEAD1) (mDEAD1) (DEAD box protein 5) (RNA helicase p68)","Ddx5 Tnz2"
"820","GO:0003676","nucleic acid binding",3838,154,72.83,0.00025,"NV2t020356001.1","Molecular Functions","Protein Smaug homolog 1 (Smaug 1) (Sterile alpha motif domain-containing protein 4A)","samd4a smaug1"
"821","GO:0003676","nucleic acid binding",3838,154,72.83,0.00025,"NV2t020721001.1","Molecular Functions","Nuclear factor NF-kappa-B p105 subunit (Nuclear factor of kappa light polypeptide gene enhancer in B-cells 1) [Cleaved into: Nuclear factor NF-kappa-B p50 subunit]","NFKB1"
"822","GO:0003676","nucleic acid binding",3838,154,72.83,0.00025,"NV2t020721002.1","Molecular Functions","Nuclear factor NF-kappa-B p105 subunit (Nuclear factor of kappa light polypeptide gene enhancer in B-cells 1) [Cleaved into: Nuclear factor NF-kappa-B p50 subunit]","NFKB1"
"823","GO:0003676","nucleic acid binding",3838,154,72.83,0.00025,"NV2t020721003.1","Molecular Functions","Nuclear factor NF-kappa-B p105 subunit (Nuclear factor of kappa light polypeptide gene enhancer in B-cells 1) [Cleaved into: Nuclear factor NF-kappa-B p50 subunit]","NFKB1"
"824","GO:0003676","nucleic acid binding",3838,154,72.83,0.00025,"NV2t020721004.1","Molecular Functions","Nuclear factor NF-kappa-B p105 subunit (Nuclear factor of kappa light polypeptide gene enhancer in B-cells 1) [Cleaved into: Nuclear factor NF-kappa-B p50 subunit]","NFKB1"
"825","GO:0003676","nucleic acid binding",3838,154,72.83,0.00025,"NV2t020721005.1","Molecular Functions","Nuclear factor NF-kappa-B p100 subunit (DNA-binding factor KBF2) (H2TF1) (Lymphocyte translocation chromosome 10 protein) (Nuclear factor of kappa light polypeptide gene enhancer in B-cells 2) (Oncogene Lyt-10) (Lyt10) [Cleaved into: Nuclear factor NF-kappa-B p52 subunit]","NFKB2 LYT10"
"826","GO:0003676","nucleic acid binding",3838,154,72.83,0.00025,"NV2t020721006.1","Molecular Functions","Nuclear factor NF-kappa-B p105 subunit (Nuclear factor of kappa light polypeptide gene enhancer in B-cells 1) [Cleaved into: Nuclear factor NF-kappa-B p50 subunit]","NFKB1"
"827","GO:0003676","nucleic acid binding",3838,154,72.83,0.00025,"NV2t020721007.1","Molecular Functions","Nuclear factor NF-kappa-B p105 subunit (Nuclear factor of kappa light polypeptide gene enhancer in B-cells 1) [Cleaved into: Nuclear factor NF-kappa-B p50 subunit]","NFKB1"
"828","GO:0003676","nucleic acid binding",3838,154,72.83,0.00025,"NV2t020741001.1","Molecular Functions","AT-rich interactive domain-containing protein 4B (ARID domain-containing protein 4B) (180 kDa Sin3-associated polypeptide) (Sin3-associated polypeptide p180) (Histone deacetylase complex subunit SAP180) (Retinoblastoma-binding protein 1-like 1)","Arid4b Rbbp1l1 Sap180"
"829","GO:0003676","nucleic acid binding",3838,154,72.83,0.00025,"NV2t020741002.1","Molecular Functions","AT-rich interactive domain-containing protein 4B (ARID domain-containing protein 4B) (180 kDa Sin3-associated polypeptide) (Sin3-associated polypeptide p180) (Histone deacetylase complex subunit SAP180) (Retinoblastoma-binding protein 1-like 1)","Arid4b Rbbp1l1 Sap180"
"830","GO:0003676","nucleic acid binding",3838,154,72.83,0.00025,"NV2t021241001.1","Molecular Functions","ATP-dependent RNA helicase DDX3Y (EC 3.6.4.13) (DEAD box protein 3, Y-chromosomal)","DDX3Y"
"831","GO:0003676","nucleic acid binding",3838,154,72.83,0.00025,"NV2t021241002.1","Molecular Functions","ATP-dependent RNA helicase DDX3Y (EC 3.6.4.13) (D1Pas1-related sequence 1) (DEAD box protein 3, Y-chromosomal) (DEAD-box RNA helicase DEAD2) (mDEAD2)","Ddx3y D1Pas1-rs1 Dead2"
"832","GO:0003676","nucleic acid binding",3838,154,72.83,0.00025,"NV2t021268001.1","Molecular Functions","Retrovirus-related Pol polyprotein from transposon 17.6 [Includes: Protease (EC 3.4.23.-); Reverse transcriptase (EC 2.7.7.49); Endonuclease]","pol"
"833","GO:0003676","nucleic acid binding",3838,154,72.83,0.00025,"NV2t021707001.1","Molecular Functions","Large ribosomal subunit protein uL2 (60S ribosomal protein L8)","rpl8 TTpA008p15.1"
"834","GO:0003676","nucleic acid binding",3838,154,72.83,0.00025,"NV2t021737001.1","Molecular Functions","Uncharacterized protein K02A2.6","K02A2.6"
"835","GO:0003676","nucleic acid binding",3838,154,72.83,0.00025,"NV2t021794001.1","Molecular Functions","Small ribosomal subunit protein eS19 (40S ribosomal protein S19)","RPS19"
"836","GO:0003676","nucleic acid binding",3838,154,72.83,0.00025,"NV2t022034001.1","Molecular Functions","Large ribosomal subunit protein eL33 (60S ribosomal protein L35a)","RPL35A"
"837","GO:0003676","nucleic acid binding",3838,154,72.83,0.00025,"NV2t022363001.1","Molecular Functions","Amyloid-beta precursor protein (ABPP) (APP) (Alzheimer disease amyloid A4 protein homolog) (Alzheimer disease amyloid protein) (Amyloid precursor protein) (Amyloid-beta (A4) precursor protein) (Amyloid-beta A4 protein) (Amyloidogenic glycoprotein) (AG) [Cleaved into: N-APP; Soluble APP-alpha (S-APP-alpha); Soluble APP-beta (S-APP-beta); C99 (Beta-secretase C-terminal fragment) (Beta-CTF); Amyloid-beta protein 42 (Abeta42) (Beta-APP42); Amyloid-beta protein 40 (Abeta40) (Beta-APP40); C83 (Alpha-secretase C-terminal fragment) (Alpha-CTF); P3(42); P3(40); C80; Gamma-secretase C-terminal fragment 59 (Gamma-CTF(59)); Gamma-secretase C-terminal fragment 57 (Gamma-CTF(57)); Gamma-secretase C-terminal fragment 50 (Gamma-CTF(50)); C31]","App A4 AD1"
"838","GO:0003676","nucleic acid binding",3838,154,72.83,0.00025,"NV2t022412001.1","Molecular Functions","DNA excision repair protein ERCC-5 homolog (EC 3.1.-.-) (DNA repair protein complementing XP-G cells homolog) (Xeroderma pigmentosum group G-complementing protein homolog)","ercc5 xpg xpgc"
"839","GO:0003676","nucleic acid binding",3838,154,72.83,0.00025,"NV2t022508001.1","Molecular Functions","Transcriptional regulator Erg","ERG"
"840","GO:0003676","nucleic acid binding",3838,154,72.83,0.00025,"NV2t022512001.1","Molecular Functions","DNA-directed RNA polymerase II subunit RPB1 (RNA polymerase II subunit B1) (EC 2.7.7.6) (DNA-directed RNA polymerase III largest subunit) (RNA polymerase II subunit A)","Polr2A RPB1 RpII215 CG1554"
"841","GO:0003676","nucleic acid binding",3838,154,72.83,0.00025,"NV2t022514001.1","Molecular Functions","rRNA 2'-O-methyltransferase fibrillarin (EC 2.1.1.-) (Histone-glutamine methyltransferase)","Fib CG9888"
"842","GO:0003676","nucleic acid binding",3838,154,72.83,0.00025,"NV2t022589001.1","Molecular Functions","Structural maintenance of chromosomes protein 6 (SMC protein 6) (SMC-6) (xSMC6)","smc6 smc6l1"
"843","GO:0003676","nucleic acid binding",3838,154,72.83,0.00025,"NV2t022589002.1","Molecular Functions","Structural maintenance of chromosomes protein 6 (SMC protein 6) (SMC-6) (xSMC6)","smc6 smc6l1"
"844","GO:0003676","nucleic acid binding",3838,154,72.83,0.00025,"NV2t022589003.1","Molecular Functions","Structural maintenance of chromosomes protein 6 (SMC protein 6) (SMC-6) (xSMC6)","smc6 smc6l1"
"845","GO:0003676","nucleic acid binding",3838,154,72.83,0.00025,"NV2t022589004.1","Molecular Functions","Structural maintenance of chromosomes protein 6 (SMC protein 6) (SMC-6) (xSMC6)","smc6 smc6l1"
"846","GO:0003676","nucleic acid binding",3838,154,72.83,0.00025,"NV2t022633001.1","Molecular Functions","Transposon Ty3-G Gag-Pol polyprotein (Gag3-Pol3) (Transposon Ty3-1 TYA-TYB polyprotein) [Cleaved into: Capsid protein (CA) (p24); Spacer peptide p3; Nucleocapsid protein p11 (NC); Ty3 protease (PR) (EC 3.4.23.-) (p16); Spacer peptide J; Reverse transcriptase/ribonuclease H (RT) (RT-RH) (EC 2.7.7.49) (EC 2.7.7.7) (EC 3.1.26.4) (p55); Integrase p61 (IN); Integrase p58 (IN)]","TY3B-G YGRWTy3-1 POL YGR109W-B G5984"
"847","GO:0003676","nucleic acid binding",3838,154,72.83,0.00025,"NV2t022833001.1","Molecular Functions","Transposon Ty3-I Gag-Pol polyprotein (Gag3-Pol3) (Transposon Ty3-2 TYA-TYB polyprotein) [Cleaved into: Capsid protein (CA) (p24); Spacer peptide p3; Nucleocapsid protein p11 (NC); Ty3 protease (PR) (EC 3.4.23.-) (p16); Spacer peptide J; Reverse transcriptase/ribonuclease H (RT) (RT-RH) (EC 2.7.7.49) (EC 2.7.7.7) (EC 3.1.26.4) (p55); Integrase p52 (IN); Integrase p49 (IN)]","TY3B-I YILWTy3-1 POL YIL082W-A"
"848","GO:0003676","nucleic acid binding",3838,154,72.83,0.00025,"NV2t023108001.1","Molecular Functions","Zinc finger RNA-binding protein (hZFR) (M-phase phosphoprotein homolog)","ZFR"
"849","GO:0003676","nucleic acid binding",3838,154,72.83,0.00025,"NV2t023108002.1","Molecular Functions","Zinc finger RNA-binding protein","zfr"
"850","GO:0003676","nucleic acid binding",3838,154,72.83,0.00025,"NV2t023108003.1","Molecular Functions","Zinc finger RNA-binding protein","zfr"
"851","GO:0003676","nucleic acid binding",3838,154,72.83,0.00025,"NV2t023108004.1","Molecular Functions","Zinc finger RNA-binding protein","zfr"
"852","GO:0003676","nucleic acid binding",3838,154,72.83,0.00025,"NV2t023438001.1","Molecular Functions","E3 SUMO-protein ligase PIAS2 (EC 2.3.2.-) (Androgen receptor-interacting protein 3) (ARIP3) (DAB2-interacting protein) (DIP) (E3 SUMO-protein transferase PIAS2) (Msx-interacting-zinc finger protein) (Protein inhibitor of activated STAT x) (Protein inhibitor of activated STAT2)","Pias2 Miz1 Piasx"
"853","GO:0003676","nucleic acid binding",3838,154,72.83,0.00025,"NV2t023582001.1","Molecular Functions","KH homology domain-containing protein 4 (Brings lots of money 7) (Pre-mRNA splicing factor protein khdc4)","khdc4 blom7"
"854","GO:0003676","nucleic acid binding",3838,154,72.83,0.00025,"NV2t023582002.1","Molecular Functions","KH homology domain-containing protein 4 (Brings lots of money 7) (Pre-mRNA splicing factor protein khdc4)","khdc4 blom7"
"855","GO:0003676","nucleic acid binding",3838,154,72.83,0.00025,"NV2t023631001.1","Molecular Functions","Ubiquitin-associated protein 2 (UBAP-2) (RNA polymerase II degradation factor UBAP2)","UBAP2 KIAA1491"
"856","GO:0003676","nucleic acid binding",3838,154,72.83,0.00025,"NV2t023797001.1","Molecular Functions","DAZ-associated protein 1 (Deleted in azoospermia-associated protein 1) (Proline-rich Vg1 mRNA-binding protein)","dazap1 prrp"
"857","GO:0003676","nucleic acid binding",3838,154,72.83,0.00025,"NV2t023797002.1","Molecular Functions","DAZ-associated protein 1 (Deleted in azoospermia-associated protein 1) (Proline-rich Vg1 mRNA-binding protein)","dazap1 prrp"
"858","GO:0003676","nucleic acid binding",3838,154,72.83,0.00025,"NV2t023798001.1","Molecular Functions","DAZ-associated protein 1 (Deleted in azoospermia-associated protein 1)","Dazap1"
"859","GO:0003676","nucleic acid binding",3838,154,72.83,0.00025,"NV2t023798002.1","Molecular Functions","DAZ-associated protein 1 (Deleted in azoospermia-associated protein 1)","Dazap1"
"860","GO:0003676","nucleic acid binding",3838,154,72.83,0.00025,"NV2t023798003.1","Molecular Functions","DAZ-associated protein 1 (Deleted in azoospermia-associated protein 1) (Proline-rich Vg1 mRNA-binding protein)","dazap1 prrp"
"861","GO:0003676","nucleic acid binding",3838,154,72.83,0.00025,"NV2t023798004.1","Molecular Functions","DAZ-associated protein 1 (Deleted in azoospermia-associated protein 1) (Proline-rich Vg1 mRNA-binding protein)","dazap1 prrp"
"862","GO:0003676","nucleic acid binding",3838,154,72.83,0.00025,"NV2t024239001.1","Molecular Functions","Paired box protein Pax-3-B (xPax3-B) (Paired-domain transcription factor Pax3-B)","pax3-b pax3 pax3B"
"863","GO:0003676","nucleic acid binding",3838,154,72.83,0.00025,"NV2t024553001.1","Molecular Functions","LINE-1 retrotransposable element ORF2 protein (ORF2p) [Includes: Reverse transcriptase (EC 2.7.7.49); Endonuclease (EC 3.1.21.-)]",""
"864","GO:0003676","nucleic acid binding",3838,154,72.83,0.00025,"NV2t024556001.1","Molecular Functions","Transposon Ty3-I Gag-Pol polyprotein (Gag3-Pol3) (Transposon Ty3-2 TYA-TYB polyprotein) [Cleaved into: Capsid protein (CA) (p24); Spacer peptide p3; Nucleocapsid protein p11 (NC); Ty3 protease (PR) (EC 3.4.23.-) (p16); Spacer peptide J; Reverse transcriptase/ribonuclease H (RT) (RT-RH) (EC 2.7.7.49) (EC 2.7.7.7) (EC 3.1.26.4) (p55); Integrase p52 (IN); Integrase p49 (IN)]","TY3B-I YILWTy3-1 POL YIL082W-A"
"865","GO:0003676","nucleic acid binding",3838,154,72.83,0.00025,"NV2t024626001.1","Molecular Functions","Retrovirus-related Pol polyprotein from transposon 17.6 [Includes: Protease (EC 3.4.23.-); Reverse transcriptase (EC 2.7.7.49); Endonuclease]","pol"
"866","GO:0003676","nucleic acid binding",3838,154,72.83,0.00025,"NV2t025035001.1","Molecular Functions","Retrovirus-related Pol polyprotein from transposon 17.6 [Includes: Protease (EC 3.4.23.-); Reverse transcriptase (EC 2.7.7.49); Endonuclease]","pol"
"867","GO:0003676","nucleic acid binding",3838,154,72.83,0.00025,"NV2t025040001.1","Molecular Functions","52 kDa repressor of the inhibitor of the protein kinase (p52rIPK) (58 kDa interferon-induced protein kinase-interacting protein) (p58IPK-interacting protein) (Death-associated protein 4) (THAP domain-containing protein 0) (THAP domain-containing protein 12)","THAP12 DAP4 P52RIPK PRKRIR THAP0"
"868","GO:0003676","nucleic acid binding",3838,154,72.83,0.00025,"NV2t025163001.1","Molecular Functions","Large ribosomal subunit protein uL18B (60S ribosomal protein L5-B)","rpl5-b"
"869","GO:0003676","nucleic acid binding",3838,154,72.83,0.00025,"NV2t025357001.1","Molecular Functions","Spliceosome RNA helicase Ddx39b (EC 3.6.4.13) (56 kDa U2AF65-associated protein) (ATP-dependent RNA helicase p47) (DEAD box protein Uap56)","Ddx39b Bat1 Bat1a Uap56"
"870","GO:0003676","nucleic acid binding",3838,154,72.83,0.00025,"NV2t025357002.1","Molecular Functions","Spliceosome RNA helicase Ddx39b (EC 3.6.4.13) (56 kDa U2AF65-associated protein) (ATP-dependent RNA helicase p47) (DEAD box protein Uap56)","Ddx39b Bat1 Bat1a Uap56"
"871","GO:0003676","nucleic acid binding",3838,154,72.83,0.00025,"NV2t025357003.1","Molecular Functions","Spliceosome RNA helicase Ddx39b (EC 3.6.4.13) (56 kDa U2AF65-associated protein) (ATP-dependent RNA helicase p47) (DEAD box protein Uap56)","Ddx39b Bat1 Bat1a Uap56"
"872","GO:0003676","nucleic acid binding",3838,154,72.83,0.00025,"NV2t025357004.1","Molecular Functions","Spliceosome RNA helicase Ddx39b (EC 3.6.4.13) (56 kDa U2AF65-associated protein) (ATP-dependent RNA helicase p47) (DEAD box protein Uap56)","Ddx39b Bat1 Bat1a Uap56"
"873","GO:0003676","nucleic acid binding",3838,154,72.83,0.00025,"NV2t025357005.1","Molecular Functions","Spliceosome RNA helicase Ddx39b (EC 3.6.4.13) (56 kDa U2AF65-associated protein) (ATP-dependent RNA helicase p47) (DEAD box protein Uap56)","Ddx39b Bat1 Bat1a Uap56"
"874","GO:0003676","nucleic acid binding",3838,154,72.83,0.00025,"NV2t025357006.1","Molecular Functions","Spliceosome RNA helicase Ddx39b (EC 3.6.4.13) (56 kDa U2AF65-associated protein) (ATP-dependent RNA helicase p47) (DEAD box protein Uap56)","Ddx39b Bat1 Bat1a Uap56"
"875","GO:0003676","nucleic acid binding",3838,154,72.83,0.00025,"NV2t025582001.1","Molecular Functions","Uncharacterized protein K02A2.6","K02A2.6"
"876","GO:0003676","nucleic acid binding",3838,154,72.83,0.00025,"NV2t025884001.1","Molecular Functions","Uncharacterized protein K02A2.6","K02A2.6"
"877","GO:0019870","potassium channel inhibitor activity",8,3,0.15,0.00035,"NV2t001891001.1","Molecular Functions","Serine/threonine-protein kinase WNK3 (EC 2.7.11.1) (Protein kinase lysine-deficient 3) (Protein kinase with no lysine 3)","Wnk3"
"878","GO:0019870","potassium channel inhibitor activity",8,3,0.15,0.00035,"NV2t001891002.1","Molecular Functions","Serine/threonine-protein kinase WNK3 (EC 2.7.11.1) (Protein kinase lysine-deficient 3) (Protein kinase with no lysine 3)","Wnk3"
"879","GO:0019870","potassium channel inhibitor activity",8,3,0.15,0.00035,"NV2t001891003.1","Molecular Functions","Serine/threonine-protein kinase WNK3 (EC 2.7.11.1) (Protein kinase lysine-deficient 3) (Protein kinase with no lysine 3)","Wnk3"
"880","GO:0004832","valine-tRNA ligase activity",2,2,0.04,0.00036,"NV2t025616001.1","Molecular Functions","Valine--tRNA ligase (EC 6.1.1.9) (Valyl-tRNA synthetase) (ValRS)","Vars1 Vars Vars2"
"881","GO:0004832","valine-tRNA ligase activity",2,2,0.04,0.00036,"NV2t025616002.1","Molecular Functions","Valine--tRNA ligase (EC 6.1.1.9) (Protein G7a) (Valyl-tRNA synthetase) (ValRS)","VARS1 G7A VARS VARS2"
"882","GO:0016787","hydrolase activity",3618,106,68.66,0.00041,"NV2t000395001.1","Molecular Functions","Retrovirus-related Pol polyprotein from transposon 412 [Includes: Protease (EC 3.4.23.-); Reverse transcriptase (EC 2.7.7.49); Endonuclease]","POL ORF3"
"883","GO:0016787","hydrolase activity",3618,106,68.66,0.00041,"NV2t000483001.1","Molecular Functions","Transposon Tf1-107 polyprotein (EC 2.7.7.49) (EC 2.7.7.7) (EC 3.4.23.-)","Tf1-107"
"884","GO:0016787","hydrolase activity",3618,106,68.66,0.00041,"NV2t000731001.1","Molecular Functions","Transposon Tf1-107 polyprotein (EC 2.7.7.49) (EC 2.7.7.7) (EC 3.4.23.-)","Tf1-107"
"885","GO:0016787","hydrolase activity",3618,106,68.66,0.00041,"NV2t000885001.1","Molecular Functions","Retrovirus-related Pol polyprotein from transposon 17.6 [Includes: Protease (EC 3.4.23.-); Reverse transcriptase (EC 2.7.7.49); Endonuclease]","pol"
"886","GO:0016787","hydrolase activity",3618,106,68.66,0.00041,"NV2t000946001.1","Molecular Functions","SWI/SNF-related matrix-associated actin-dependent regulator of chromatin subfamily A member 4 (SMARCA4) (EC 3.6.4.-) (BRG1-associated factor 190A) (BAF190A) (Mitotic growth and transcription activator) (Protein BRG-1) (Protein brahma homolog 1) (SNF2-beta) (Transcription activator BRG1)","SMARCA4 BAF190A BRG1 SNF2B SNF2L4"
"887","GO:0016787","hydrolase activity",3618,106,68.66,0.00041,"NV2t001169001.1","Molecular Functions","Endoplasmin (EC 3.6.4.-) (Heat shock 108 kDa protein) (HSP 108) (HSP108) (Heat shock protein 90 kDa beta member 1) (Transferrin-binding protein)","HSP90B1 HSPC4 TRA1"
"888","GO:0016787","hydrolase activity",3618,106,68.66,0.00041,"NV2t001169002.1","Molecular Functions","Endoplasmin (94 kDa glucose-regulated protein) (GRP-94) (EC 3.6.4.-) (Heat shock protein 90 kDa beta member 1)","HSP90B1 GRP94 HSPC4"
"889","GO:0016787","hydrolase activity",3618,106,68.66,0.00041,"NV2t001169003.1","Molecular Functions","Endoplasmin (EC 3.6.4.-) (94 kDa glucose-regulated protein) (GRP-94) (Heat shock protein 90 kDa beta member 1)","Hsp90b1 Grp94 Hspc4 Tra1"
"890","GO:0016787","hydrolase activity",3618,106,68.66,0.00041,"NV2t001671002.1","Molecular Functions","Gag-Pol polyprotein (Pr160Gag-Pol) [Cleaved into: Matrix protein p17 (MA); Capsid protein p24 (CA); Spacer peptide 1 (SP1) (p2); Nucleocapsid protein p7 (NC); Transframe peptide (TF); p6-pol (p6*); Protease (EC 3.4.23.16) (PR) (Retropepsin); Reverse transcriptase/ribonuclease H (EC 2.7.7.49) (EC 2.7.7.7) (EC 3.1.26.13) (Exoribonuclease H) (EC 3.1.13.2) (p66 RT); p51 RT; p15; Integrase (IN) (EC 2.7.7.-) (EC 3.1.-.-)]","gag-pol"
"891","GO:0016787","hydrolase activity",3618,106,68.66,0.00041,"NV2t001671003.1","Molecular Functions","Gag-Pol polyprotein (Pr160Gag-Pol) [Cleaved into: Matrix protein p17 (MA); Capsid protein p24 (CA); Spacer peptide 1 (SP1) (p2); Nucleocapsid protein p7 (NC); Transframe peptide (TF); p6-pol (p6*); Protease (EC 3.4.23.16) (PR) (Retropepsin); Reverse transcriptase/ribonuclease H (EC 2.7.7.49) (EC 2.7.7.7) (EC 3.1.26.13) (Exoribonuclease H) (EC 3.1.13.2) (p66 RT); p51 RT; p15; Integrase (IN) (EC 2.7.7.-) (EC 3.1.-.-)]","gag-pol"
"892","GO:0016787","hydrolase activity",3618,106,68.66,0.00041,"NV2t001808001.1","Molecular Functions","Probable ATP-dependent RNA helicase DDX4 (EC 3.6.4.13) (DEAD box protein 4) (Vasa homolog)","ddx4 vlg"
"893","GO:0016787","hydrolase activity",3618,106,68.66,0.00041,"NV2t001808002.1","Molecular Functions","Probable ATP-dependent RNA helicase DDX4 (EC 3.6.4.13) (DEAD box protein 4) (Vasa homolog)","ddx4 vlg"
"894","GO:0016787","hydrolase activity",3618,106,68.66,0.00041,"NV2t001899001.1","Molecular Functions","Transposon Tf1-107 polyprotein (EC 2.7.7.49) (EC 2.7.7.7) (EC 3.4.23.-)","Tf1-107"
"895","GO:0016787","hydrolase activity",3618,106,68.66,0.00041,"NV2t002068001.1","Molecular Functions","Transitional endoplasmic reticulum ATPase (TER ATPase) (EC 3.6.4.6) (15S Mg(2+)-ATPase p97 subunit) (p97) (Valosin-containing protein) (VCP)","vcp"
"896","GO:0016787","hydrolase activity",3618,106,68.66,0.00041,"NV2t002714001.1","Molecular Functions","Tubulin alpha-1A chain (EC 3.6.5.-) (Alpha-tubulin 1) (Tubulin alpha-1 chain) [Cleaved into: Detyrosinated tubulin alpha-1A chain]","Tuba1a Tuba1"
"897","GO:0016787","hydrolase activity",3618,106,68.66,0.00041,"NV2t002716001.1","Molecular Functions","Tubulin alpha-1 chain (EC 3.6.5.-)",""
"898","GO:0016787","hydrolase activity",3618,106,68.66,0.00041,"NV2t002717001.1","Molecular Functions","Tubulin alpha-1A chain (EC 3.6.5.-) (Alpha-tubulin 1) (Tubulin alpha-1 chain) [Cleaved into: Detyrosinated tubulin alpha-1A chain]","Tuba1a Tuba1"
"899","GO:0016787","hydrolase activity",3618,106,68.66,0.00041,"NV2t002717002.1","Molecular Functions","Tubulin alpha-1A chain (EC 3.6.5.-) (Alpha-tubulin 1) (Tubulin alpha-1 chain) [Cleaved into: Detyrosinated tubulin alpha-1A chain]","Tuba1a Tuba1"
"900","GO:0016787","hydrolase activity",3618,106,68.66,0.00041,"NV2t002717003.1","Molecular Functions","Tubulin alpha-2/alpha-4 chain (EC 3.6.5.-)","TUB2; TUB4"
"901","GO:0016787","hydrolase activity",3618,106,68.66,0.00041,"NV2t002718001.1","Molecular Functions","Tubulin alpha chain (EC 3.6.5.-) [Cleaved into: Detyrosinated tubulin alpha chain]","tuba tuba1"
"902","GO:0016787","hydrolase activity",3618,106,68.66,0.00041,"NV2t002719001.1","Molecular Functions","Tubulin alpha-2/alpha-4 chain (EC 3.6.5.-)","TUB2; TUB4"
"903","GO:0016787","hydrolase activity",3618,106,68.66,0.00041,"NV2t002719002.1","Molecular Functions","Tubulin alpha-1A chain (EC 3.6.5.-) (Alpha-tubulin 1) (Tubulin alpha-1 chain) [Cleaved into: Detyrosinated tubulin alpha-1A chain]","Tuba1a Tuba1"
"904","GO:0016787","hydrolase activity",3618,106,68.66,0.00041,"NV2t002880001.1","Molecular Functions","UDP-N-acetylglucosamine--peptide N-acetylglucosaminyltransferase (EC 2.4.1.255) (O-GlcNAc) (OGT)","ogt-1 K04G7.3"
"905","GO:0016787","hydrolase activity",3618,106,68.66,0.00041,"NV2t002880004.1","Molecular Functions","UDP-N-acetylglucosamine--peptide N-acetylglucosaminyltransferase (EC 2.4.1.255) (O-GlcNAc) (OGT)","ogt-1 K04G7.3"
"906","GO:0016787","hydrolase activity",3618,106,68.66,0.00041,"NV2t003145001.1","Molecular Functions","Tubulin alpha-3 chain (EC 3.6.5.-) (Alpha-tubulin 3) [Cleaved into: Detyrosinated tubulin alpha-3 chain]","Tuba3a Tuba3; Tuba3b Tuba3"
"907","GO:0016787","hydrolase activity",3618,106,68.66,0.00041,"NV2t003298001.1","Molecular Functions","97 kDa heat shock protein (Heat shock protein 110)","HSP110"
"908","GO:0016787","hydrolase activity",3618,106,68.66,0.00041,"NV2t003664001.1","Molecular Functions","PC3-like endoprotease variant B (EC 3.4.21.-) (SPC3)",""
"909","GO:0016787","hydrolase activity",3618,106,68.66,0.00041,"NV2t003664002.1","Molecular Functions","PC3-like endoprotease variant B (EC 3.4.21.-) (SPC3)",""
"910","GO:0016787","hydrolase activity",3618,106,68.66,0.00041,"NV2t003955001.1","Molecular Functions","ATP-dependent DNA helicase hus2/rqh1 (EC 5.6.2.4) (DNA 3'-5' helicase Rqh1)","rqh1 hus2 rad12 rec9 SPAC2G11.12"
"911","GO:0016787","hydrolase activity",3618,106,68.66,0.00041,"NV2t004257001.1","Molecular Functions","Tubulin beta chain (Beta-tubulin)",""
"912","GO:0016787","hydrolase activity",3618,106,68.66,0.00041,"NV2t004259001.1","Molecular Functions","Tubulin beta chain (Beta-tubulin)",""
"913","GO:0016787","hydrolase activity",3618,106,68.66,0.00041,"NV2t004463001.1","Molecular Functions","Mitochondrial inner membrane m-AAA protease component AFG3L2 (EC 3.4.24.-) (EC 3.6.-.-) (AFG3-like protein 2)","AFG3L2"
"914","GO:0016787","hydrolase activity",3618,106,68.66,0.00041,"NV2t004879001.1","Molecular Functions","Cathepsin L1 (EC 3.4.22.15) (Cysteine proteinase 1) [Cleaved into: Cathepsin L heavy chain; Cathepsin L light chain]","CtsL1 Cp1 fs(2)50Ca CG6692"
"915","GO:0016787","hydrolase activity",3618,106,68.66,0.00041,"NV2t004892001.1","Molecular Functions","ATP-dependent helicase wrn-1 (EC 5.6.2.4) (DNA 3'-5' helicase wrn) (Werner syndrome protein homolog)","wrn-1 F18C5.2"
"916","GO:0016787","hydrolase activity",3618,106,68.66,0.00041,"NV2t005133001.1","Molecular Functions","Neuroendocrine convertase 1 (NEC 1) (EC 3.4.21.93) (Furin homolog) (PC3) (Prohormone convertase 1) (Propeptide-processing protease) (Proprotein convertase 1) (PC1)","Pcsk1 Att-1 Nec-1 Nec1"
"917","GO:0016787","hydrolase activity",3618,106,68.66,0.00041,"NV2t005242001.1","Molecular Functions","ATP-dependent chromatin remodeler CHD7 (EC 3.6.4.-) (Chromo domain-containing protein 7) (CHD-7)","CHD7"
"918","GO:0016787","hydrolase activity",3618,106,68.66,0.00041,"NV2t005242002.1","Molecular Functions","ATP-dependent chromatin remodeler CHD7 (EC 3.6.4.-) (Chromo domain-containing protein 7) (CHD-7)","CHD7"
"919","GO:0016787","hydrolase activity",3618,106,68.66,0.00041,"NV2t005242003.1","Molecular Functions","ATP-dependent chromatin remodeler CHD7 (EC 3.6.4.-) (Chromo domain-containing protein 7) (CHD-7)","Chd7"
"920","GO:0016787","hydrolase activity",3618,106,68.66,0.00041,"NV2t005887001.1","Molecular Functions","Elongation factor 1-alpha, oocyte form (EF-1-alpha-O1) (EF-1AO1)",""
"921","GO:0016787","hydrolase activity",3618,106,68.66,0.00041,"NV2t005887002.1","Molecular Functions","Elongation factor 1-alpha, oocyte form (EF-1-alpha-O) (EF-1AO) (42S p48)","eef1ao"
"922","GO:0016787","hydrolase activity",3618,106,68.66,0.00041,"NV2t005887003.1","Molecular Functions","Elongation factor 1-alpha, oocyte form (EF-1-alpha-O1) (EF-1AO1)",""
"923","GO:0016787","hydrolase activity",3618,106,68.66,0.00041,"NV2t005887004.1","Molecular Functions","Elongation factor 1-alpha, oocyte form (EF-1-alpha-O1) (EF-1AO1)",""
"924","GO:0016787","hydrolase activity",3618,106,68.66,0.00041,"NV2t005887005.1","Molecular Functions","Elongation factor 1-alpha, oocyte form (EF-1-alpha-O1) (EF-1AO1)",""
"925","GO:0016787","hydrolase activity",3618,106,68.66,0.00041,"NV2t005887006.1","Molecular Functions","Elongation factor 1-alpha, oocyte form (EF-1-alpha-O) (EF-1AO) (42S p48)","eef1ao"
"926","GO:0016787","hydrolase activity",3618,106,68.66,0.00041,"NV2t005965001.1","Molecular Functions","Probable ribonuclease ZC3H12C (EC 3.1.-.-) (Zinc finger CCCH domain-containing protein 12C)","Zc3h12c Kiaa1726"
"927","GO:0016787","hydrolase activity",3618,106,68.66,0.00041,"NV2t005965002.1","Molecular Functions","Probable ribonuclease ZC3H12D (EC 3.1.-.-) (MCP-induced protein 4) (Transformed follicular lymphoma) (Zinc finger CCCH domain-containing protein 12D) (p34)","ZC3H12D C6orf95 MCPIP4 TFL"
"928","GO:0016787","hydrolase activity",3618,106,68.66,0.00041,"NV2t005965003.1","Molecular Functions","Probable ribonuclease ZC3H12D (EC 3.1.-.-) (MCP-induced protein 4) (Transformed follicular lymphoma) (Zinc finger CCCH domain-containing protein 12D) (p34)","ZC3H12D C6orf95 MCPIP4 TFL"
"929","GO:0016787","hydrolase activity",3618,106,68.66,0.00041,"NV2t007684001.1","Molecular Functions","p53-induced death domain-containing protein 1 (EC 3.4.21.-) (Leucine-rich repeat and death domain-containing protein) [Cleaved into: PIDD-N; PIDD-C; PIDD-CC]","Pidd1 Lrdd Pidd"
"930","GO:0016787","hydrolase activity",3618,106,68.66,0.00041,"NV2t007786001.1","Molecular Functions","Bifunctional TH2 protein, mitochondrial (THIAMINE REQUIRING 2) [Includes: Thiamine phosphate phosphatase (EC 3.1.3.100); Aminopyrimidine aminohydrolase (EC 3.5.99.2)]","TH2 TH-2 TNEA_C At5g32470 F18O9.80"
"931","GO:0016787","hydrolase activity",3618,106,68.66,0.00041,"NV2t007786002.1","Molecular Functions","Bifunctional TH2 protein, mitochondrial (THIAMINE REQUIRING 2) [Includes: Thiamine phosphate phosphatase (EC 3.1.3.100); Aminopyrimidine aminohydrolase (EC 3.5.99.2)]","TH2 TH-2 TNEA_C At5g32470 F18O9.80"
"932","GO:0016787","hydrolase activity",3618,106,68.66,0.00041,"NV2t007878001.1","Molecular Functions","Tubulin alpha-1A chain (EC 3.6.5.-) (Alpha-tubulin 1) (Tubulin alpha-1 chain) [Cleaved into: Detyrosinated tubulin alpha-1A chain]","Tuba1a Tuba1"
"933","GO:0016787","hydrolase activity",3618,106,68.66,0.00041,"NV2t007880001.1","Molecular Functions","Tubulin alpha-1A chain (EC 3.6.5.-) (Alpha-tubulin 1) (Tubulin alpha-1 chain) [Cleaved into: Detyrosinated tubulin alpha-1A chain]","Tuba1a Tuba1"
"934","GO:0016787","hydrolase activity",3618,106,68.66,0.00041,"NV2t007884001.1","Molecular Functions","Tubulin alpha-1 chain (EC 3.6.5.-)",""
"935","GO:0016787","hydrolase activity",3618,106,68.66,0.00041,"NV2t007886001.1","Molecular Functions","Tubulin alpha-2/alpha-4 chain (EC 3.6.5.-)","TUB2; TUB4"
"936","GO:0016787","hydrolase activity",3618,106,68.66,0.00041,"NV2t007890001.1","Molecular Functions","Probable ATP-dependent RNA helicase DDX5 (EC 3.6.4.13) (DEAD box RNA helicase DEAD1) (mDEAD1) (DEAD box protein 5) (RNA helicase p68)","Ddx5 Tnz2"
"937","GO:0016787","hydrolase activity",3618,106,68.66,0.00041,"NV2t007890002.1","Molecular Functions","Probable ATP-dependent RNA helicase DDX5 (EC 3.6.4.13) (DEAD box RNA helicase DEAD1) (mDEAD1) (DEAD box protein 5) (RNA helicase p68)","Ddx5 Tnz2"
"938","GO:0016787","hydrolase activity",3618,106,68.66,0.00041,"NV2t007890003.1","Molecular Functions","Probable ATP-dependent RNA helicase DDX5 (EC 3.6.4.13) (DEAD box RNA helicase DEAD1) (mDEAD1) (DEAD box protein 5) (RNA helicase p68)","Ddx5 Tnz2"
"939","GO:0016787","hydrolase activity",3618,106,68.66,0.00041,"NV2t007890004.1","Molecular Functions","Probable ATP-dependent RNA helicase DDX5 (EC 3.6.4.13) (DEAD box RNA helicase DEAD1) (mDEAD1) (DEAD box protein 5) (RNA helicase p68)","Ddx5 Tnz2"
"940","GO:0016787","hydrolase activity",3618,106,68.66,0.00041,"NV2t020404001.1","Molecular Functions","Heat shock protein HSP 90-alpha 1","hsp90a.1 hsp90 hsp90a hsp90aa1 zgc:86652"
"941","GO:0016787","hydrolase activity",3618,106,68.66,0.00041,"NV2t020404002.1","Molecular Functions","Heat shock protein HSP 90-alpha 1","hsp90a.1 hsp90 hsp90a hsp90aa1 zgc:86652"
"942","GO:0016787","hydrolase activity",3618,106,68.66,0.00041,"NV2t020404003.1","Molecular Functions","Heat shock protein HSP 90-alpha 1","hsp90a.1 hsp90 hsp90a hsp90aa1 zgc:86652"
"943","GO:0016787","hydrolase activity",3618,106,68.66,0.00041,"NV2t020404004.1","Molecular Functions","Heat shock protein HSP 90-alpha 1","hsp90a.1 hsp90 hsp90a hsp90aa1 zgc:86652"
"944","GO:0016787","hydrolase activity",3618,106,68.66,0.00041,"NV2t021241001.1","Molecular Functions","ATP-dependent RNA helicase DDX3Y (EC 3.6.4.13) (DEAD box protein 3, Y-chromosomal)","DDX3Y"
"945","GO:0016787","hydrolase activity",3618,106,68.66,0.00041,"NV2t021241002.1","Molecular Functions","ATP-dependent RNA helicase DDX3Y (EC 3.6.4.13) (D1Pas1-related sequence 1) (DEAD box protein 3, Y-chromosomal) (DEAD-box RNA helicase DEAD2) (mDEAD2)","Ddx3y D1Pas1-rs1 Dead2"
"946","GO:0016787","hydrolase activity",3618,106,68.66,0.00041,"NV2t021268001.1","Molecular Functions","Retrovirus-related Pol polyprotein from transposon 17.6 [Includes: Protease (EC 3.4.23.-); Reverse transcriptase (EC 2.7.7.49); Endonuclease]","pol"
"947","GO:0016787","hydrolase activity",3618,106,68.66,0.00041,"NV2t021851001.1","Molecular Functions","Ubiquitin carboxyl-terminal hydrolase 25 (EC 3.4.19.12) (Deubiquitinating enzyme 25) (Ubiquitin thioesterase 25) (Ubiquitin-specific-processing protease 25) (mUSP25)","Usp25"
"948","GO:0016787","hydrolase activity",3618,106,68.66,0.00041,"NV2t021851002.1","Molecular Functions","Ubiquitin carboxyl-terminal hydrolase 25 (EC 3.4.19.12) (Deubiquitinating enzyme 25) (Ubiquitin thioesterase 25) (Ubiquitin-specific-processing protease 25) (mUSP25)","Usp25"
"949","GO:0016787","hydrolase activity",3618,106,68.66,0.00041,"NV2t022412001.1","Molecular Functions","DNA excision repair protein ERCC-5 homolog (EC 3.1.-.-) (DNA repair protein complementing XP-G cells homolog) (Xeroderma pigmentosum group G-complementing protein homolog)","ercc5 xpg xpgc"
"950","GO:0016787","hydrolase activity",3618,106,68.66,0.00041,"NV2t022542001.1","Molecular Functions","Tubulin beta chain (Beta-tubulin)",""
"951","GO:0016787","hydrolase activity",3618,106,68.66,0.00041,"NV2t022633001.1","Molecular Functions","Transposon Ty3-G Gag-Pol polyprotein (Gag3-Pol3) (Transposon Ty3-1 TYA-TYB polyprotein) [Cleaved into: Capsid protein (CA) (p24); Spacer peptide p3; Nucleocapsid protein p11 (NC); Ty3 protease (PR) (EC 3.4.23.-) (p16); Spacer peptide J; Reverse transcriptase/ribonuclease H (RT) (RT-RH) (EC 2.7.7.49) (EC 2.7.7.7) (EC 3.1.26.4) (p55); Integrase p61 (IN); Integrase p58 (IN)]","TY3B-G YGRWTy3-1 POL YGR109W-B G5984"
"952","GO:0016787","hydrolase activity",3618,106,68.66,0.00041,"NV2t022833001.1","Molecular Functions","Transposon Ty3-I Gag-Pol polyprotein (Gag3-Pol3) (Transposon Ty3-2 TYA-TYB polyprotein) [Cleaved into: Capsid protein (CA) (p24); Spacer peptide p3; Nucleocapsid protein p11 (NC); Ty3 protease (PR) (EC 3.4.23.-) (p16); Spacer peptide J; Reverse transcriptase/ribonuclease H (RT) (RT-RH) (EC 2.7.7.49) (EC 2.7.7.7) (EC 3.1.26.4) (p55); Integrase p52 (IN); Integrase p49 (IN)]","TY3B-I YILWTy3-1 POL YIL082W-A"
"953","GO:0016787","hydrolase activity",3618,106,68.66,0.00041,"NV2t023276001.1","Molecular Functions","Adhesion G protein-coupled receptor V1 (EC 3.4.-.-) (G protein-coupled receptor 98) (Monogenic audiogenic seizure susceptibility protein 1 homolog) (Very large G protein-coupled receptor 1)","adgrv1 gpr98 mass1 vlgr1"
"954","GO:0016787","hydrolase activity",3618,106,68.66,0.00041,"NV2t023278001.1","Molecular Functions","Adhesion G protein-coupled receptor V1 (EC 3.4.-.-) (G protein-coupled receptor 98) (Monogenic audiogenic seizure susceptibility protein 1 homolog) (Very large G protein-coupled receptor 1)","adgrv1 gpr98 mass1 vlgr1"
"955","GO:0016787","hydrolase activity",3618,106,68.66,0.00041,"NV2t023410001.1","Molecular Functions","Elongation factor 2 (EF-2) (EC 3.6.5.-)","EEF2"
"956","GO:0016787","hydrolase activity",3618,106,68.66,0.00041,"NV2t023410002.1","Molecular Functions","Elongation factor 2 (EF-2) (EC 3.6.5.-)","EEF2"
"957","GO:0016787","hydrolase activity",3618,106,68.66,0.00041,"NV2t023410003.1","Molecular Functions","Elongation factor 2 (EF-2) (EC 3.6.5.-)","EEF2"
"958","GO:0016787","hydrolase activity",3618,106,68.66,0.00041,"NV2t023410004.1","Molecular Functions","Elongation factor 2 (EF-2) (EC 3.6.5.-)","EEF2"
"959","GO:0016787","hydrolase activity",3618,106,68.66,0.00041,"NV2t023410005.1","Molecular Functions","Elongation factor 2 (EF-2) (EC 3.6.5.-)","EEF2"
"960","GO:0016787","hydrolase activity",3618,106,68.66,0.00041,"NV2t023410006.1","Molecular Functions","Elongation factor 2 (EF-2) (EC 3.6.5.-)","EEF2"
"961","GO:0016787","hydrolase activity",3618,106,68.66,0.00041,"NV2t023410007.1","Molecular Functions","Elongation factor 2 (EF-2) (EC 3.6.5.-)","EEF2"
"962","GO:0016787","hydrolase activity",3618,106,68.66,0.00041,"NV2t023410008.1","Molecular Functions","Eukaryotic translation elongation factor 2 (EC 3.6.5.-) (Elongation factor 2) (EF-2)","eEF2 EF2 Ef2b CG2238"
"963","GO:0016787","hydrolase activity",3618,106,68.66,0.00041,"NV2t023410009.1","Molecular Functions","Eukaryotic translation elongation factor 2 (EC 3.6.5.-) (Elongation factor 2) (EF-2)","eEF2 EF2 Ef2b CG2238"
"964","GO:0016787","hydrolase activity",3618,106,68.66,0.00041,"NV2t023410010.1","Molecular Functions","Elongation factor 2 (EF-2) (EC 3.6.5.-)","EEF2"
"965","GO:0016787","hydrolase activity",3618,106,68.66,0.00041,"NV2t023410011.1","Molecular Functions","Eukaryotic translation elongation factor 2 (EC 3.6.5.-) (Elongation factor 2) (EF-2)","eEF2 EF2 Ef2b CG2238"
"966","GO:0016787","hydrolase activity",3618,106,68.66,0.00041,"NV2t023410012.1","Molecular Functions","Eukaryotic translation elongation factor 2 (EC 3.6.5.-) (Elongation factor 2) (EF-2)","eEF2 EF2 Ef2b CG2238"
"967","GO:0016787","hydrolase activity",3618,106,68.66,0.00041,"NV2t023410013.1","Molecular Functions","Elongation factor 2 (EF-2) (EC 3.6.5.-)","EEF2"
"968","GO:0016787","hydrolase activity",3618,106,68.66,0.00041,"NV2t023410014.1","Molecular Functions","Eukaryotic translation elongation factor 2 (EC 3.6.5.-) (Elongation factor 2) (EF-2)","eEF2 EF2 Ef2b CG2238"
"969","GO:0016787","hydrolase activity",3618,106,68.66,0.00041,"NV2t023959001.1","Molecular Functions","Mucosa-associated lymphoid tissue lymphoma translocation protein 1 homolog (EC 3.4.22.-) (Paracaspase)","Malt1"
"970","GO:0016787","hydrolase activity",3618,106,68.66,0.00041,"NV2t024553001.1","Molecular Functions","LINE-1 retrotransposable element ORF2 protein (ORF2p) [Includes: Reverse transcriptase (EC 2.7.7.49); Endonuclease (EC 3.1.21.-)]",""
"971","GO:0016787","hydrolase activity",3618,106,68.66,0.00041,"NV2t024556001.1","Molecular Functions","Transposon Ty3-I Gag-Pol polyprotein (Gag3-Pol3) (Transposon Ty3-2 TYA-TYB polyprotein) [Cleaved into: Capsid protein (CA) (p24); Spacer peptide p3; Nucleocapsid protein p11 (NC); Ty3 protease (PR) (EC 3.4.23.-) (p16); Spacer peptide J; Reverse transcriptase/ribonuclease H (RT) (RT-RH) (EC 2.7.7.49) (EC 2.7.7.7) (EC 3.1.26.4) (p55); Integrase p52 (IN); Integrase p49 (IN)]","TY3B-I YILWTy3-1 POL YIL082W-A"
"972","GO:0016787","hydrolase activity",3618,106,68.66,0.00041,"NV2t024626001.1","Molecular Functions","Retrovirus-related Pol polyprotein from transposon 17.6 [Includes: Protease (EC 3.4.23.-); Reverse transcriptase (EC 2.7.7.49); Endonuclease]","pol"
"973","GO:0016787","hydrolase activity",3618,106,68.66,0.00041,"NV2t024797001.1","Molecular Functions","Endoplasmic reticulum chaperone BiP (EC 3.6.4.10) (78 kDa glucose-regulated protein) (GRP-78) (Binding-immunoglobulin protein) (BiP) (Heat shock protein 70 family protein 5) (HSP70 family protein 5) (Heat shock protein family A member 5) (Immunoglobulin heavy chain-binding protein)","HSPA5 GRP78"
"974","GO:0016787","hydrolase activity",3618,106,68.66,0.00041,"NV2t025035001.1","Molecular Functions","Retrovirus-related Pol polyprotein from transposon 17.6 [Includes: Protease (EC 3.4.23.-); Reverse transcriptase (EC 2.7.7.49); Endonuclease]","pol"
"975","GO:0016787","hydrolase activity",3618,106,68.66,0.00041,"NV2t025221001.1","Molecular Functions","E3 ubiquitin-protein ligase RNF213 (EC 2.3.2.27) (EC 3.6.4.-) (E3 ubiquitin-lipopolysaccharide ligase RNF213) (EC 2.3.2.-) (Mysterin) (RING finger protein 213)","Rnf213 Mystr"
"976","GO:0016787","hydrolase activity",3618,106,68.66,0.00041,"NV2t025221002.1","Molecular Functions","E3 ubiquitin-protein ligase RNF213 (EC 2.3.2.27) (EC 3.6.4.-) (E3 ubiquitin-lipopolysaccharide ligase RNF213) (EC 2.3.2.-) (Mysterin) (RING finger protein 213)","Rnf213 Mystr"
"977","GO:0016787","hydrolase activity",3618,106,68.66,0.00041,"NV2t025221003.1","Molecular Functions","E3 ubiquitin-protein ligase RNF213 (EC 2.3.2.27) (EC 3.6.4.-) (ALK lymphoma oligomerization partner on chromosome 17) (E3 ubiquitin-lipopolysaccharide ligase RNF213) (EC 2.3.2.-) (Mysterin) (RING finger protein 213)","RNF213 ALO17 C17orf27 KIAA1554 KIAA1618 MYSTR"
"978","GO:0016787","hydrolase activity",3618,106,68.66,0.00041,"NV2t025224001.1","Molecular Functions","E3 ubiquitin-protein ligase rnf213-alpha (EC 2.3.2.27) (EC 3.6.4.-) (E3 ubiquitin-lipopolysaccharide ligase rnf213-alpha) (EC 2.3.2.-) (Mysterin-A) (Mysterin-alpha) (RING finger protein 213-A) (RING finger protein 213-alpha)","rnf213a"
"979","GO:0016787","hydrolase activity",3618,106,68.66,0.00041,"NV2t025225001.1","Molecular Functions","E3 ubiquitin-protein ligase rnf213-alpha (EC 2.3.2.27) (EC 3.6.4.-) (E3 ubiquitin-lipopolysaccharide ligase rnf213-alpha) (EC 2.3.2.-) (Mysterin-A) (Mysterin-alpha) (RING finger protein 213-A) (RING finger protein 213-alpha)","rnf213a"
"980","GO:0016787","hydrolase activity",3618,106,68.66,0.00041,"NV2t025357001.1","Molecular Functions","Spliceosome RNA helicase Ddx39b (EC 3.6.4.13) (56 kDa U2AF65-associated protein) (ATP-dependent RNA helicase p47) (DEAD box protein Uap56)","Ddx39b Bat1 Bat1a Uap56"
"981","GO:0016787","hydrolase activity",3618,106,68.66,0.00041,"NV2t025357002.1","Molecular Functions","Spliceosome RNA helicase Ddx39b (EC 3.6.4.13) (56 kDa U2AF65-associated protein) (ATP-dependent RNA helicase p47) (DEAD box protein Uap56)","Ddx39b Bat1 Bat1a Uap56"
"982","GO:0016787","hydrolase activity",3618,106,68.66,0.00041,"NV2t025357003.1","Molecular Functions","Spliceosome RNA helicase Ddx39b (EC 3.6.4.13) (56 kDa U2AF65-associated protein) (ATP-dependent RNA helicase p47) (DEAD box protein Uap56)","Ddx39b Bat1 Bat1a Uap56"
"983","GO:0016787","hydrolase activity",3618,106,68.66,0.00041,"NV2t025357004.1","Molecular Functions","Spliceosome RNA helicase Ddx39b (EC 3.6.4.13) (56 kDa U2AF65-associated protein) (ATP-dependent RNA helicase p47) (DEAD box protein Uap56)","Ddx39b Bat1 Bat1a Uap56"
"984","GO:0016787","hydrolase activity",3618,106,68.66,0.00041,"NV2t025357005.1","Molecular Functions","Spliceosome RNA helicase Ddx39b (EC 3.6.4.13) (56 kDa U2AF65-associated protein) (ATP-dependent RNA helicase p47) (DEAD box protein Uap56)","Ddx39b Bat1 Bat1a Uap56"
"985","GO:0016787","hydrolase activity",3618,106,68.66,0.00041,"NV2t025357006.1","Molecular Functions","Spliceosome RNA helicase Ddx39b (EC 3.6.4.13) (56 kDa U2AF65-associated protein) (ATP-dependent RNA helicase p47) (DEAD box protein Uap56)","Ddx39b Bat1 Bat1a Uap56"
"986","GO:0016787","hydrolase activity",3618,106,68.66,0.00041,"NV2t025616001.1","Molecular Functions","Valine--tRNA ligase (EC 6.1.1.9) (Valyl-tRNA synthetase) (ValRS)","Vars1 Vars Vars2"
"987","GO:0016787","hydrolase activity",3618,106,68.66,0.00041,"NV2t025616002.1","Molecular Functions","Valine--tRNA ligase (EC 6.1.1.9) (Protein G7a) (Valyl-tRNA synthetase) (ValRS)","VARS1 G7A VARS VARS2"
"988","GO:0051959","dynein light intermediate chain binding",72,7,1.37,0.00043,"NV2t001764001.1","Molecular Functions","Dynein axonemal heavy chain 6 (Axonemal beta dynein heavy chain 6) (Ciliary dynein heavy chain 6)","DNAH6 DNAHC6 DNHL1 HL2 KIAA1697"
"989","GO:0051959","dynein light intermediate chain binding",72,7,1.37,0.00043,"NV2t003691001.1","Molecular Functions","Dynein axonemal heavy chain 7 (Axonemal beta dynein heavy chain 7) (Ciliary dynein heavy chain 7) (Dynein heavy chain-like protein 2) (hDHC2)","DNAH7 KIAA0944"
"990","GO:0051959","dynein light intermediate chain binding",72,7,1.37,0.00043,"NV2t003692001.1","Molecular Functions","Dynein axonemal heavy chain 12 (Axonemal beta dynein heavy chain 12) (Axonemal dynein heavy chain 12-like protein) (Axonemal dynein heavy chain 7-like protein) (Ciliary dynein heavy chain 12)","Dnah12 Dnah12l Dnah7l Dnahc12 Dnahc7l"
"991","GO:0051959","dynein light intermediate chain binding",72,7,1.37,0.00043,"NV2t003693001.1","Molecular Functions","Dynein axonemal heavy chain 12 (Axonemal beta dynein heavy chain 12) (Axonemal dynein heavy chain 12-like protein) (Axonemal dynein heavy chain 7-like protein) (Ciliary dynein heavy chain 12) (Dynein axonemal heavy chain 7-like) (Dynein heavy chain domain-containing protein 2)","DNAH12 DHC3 DLP12 DNAH12L DNAH7L DNAHC3 DNHD2 HDHC3 HL19"
"992","GO:0051959","dynein light intermediate chain binding",72,7,1.37,0.00043,"NV2t021943001.1","Molecular Functions","Dynein axonemal heavy chain 11 (Axonemal beta dynein heavy chain 11) (Ciliary dynein heavy chain 11)","DNAH11"
"993","GO:0051959","dynein light intermediate chain binding",72,7,1.37,0.00043,"NV2t021943002.1","Molecular Functions","Dynein axonemal heavy chain 11 (Axonemal beta dynein heavy chain 11) (Ciliary dynein heavy chain 11)","DNAH11"
"994","GO:0051959","dynein light intermediate chain binding",72,7,1.37,0.00043,"NV2t022772001.1","Molecular Functions","Dynein axonemal heavy chain 2 (Axonemal beta dynein heavy chain 2) (Ciliary dynein heavy chain 2)","Dnah2 Dnahc2"
"995","GO:0048306","calcium-dependent protein binding",57,6,1.08,0.00072,"NV2t007890001.1","Molecular Functions","Probable ATP-dependent RNA helicase DDX5 (EC 3.6.4.13) (DEAD box RNA helicase DEAD1) (mDEAD1) (DEAD box protein 5) (RNA helicase p68)","Ddx5 Tnz2"
"996","GO:0048306","calcium-dependent protein binding",57,6,1.08,0.00072,"NV2t007890002.1","Molecular Functions","Probable ATP-dependent RNA helicase DDX5 (EC 3.6.4.13) (DEAD box RNA helicase DEAD1) (mDEAD1) (DEAD box protein 5) (RNA helicase p68)","Ddx5 Tnz2"
"997","GO:0048306","calcium-dependent protein binding",57,6,1.08,0.00072,"NV2t007890003.1","Molecular Functions","Probable ATP-dependent RNA helicase DDX5 (EC 3.6.4.13) (DEAD box RNA helicase DEAD1) (mDEAD1) (DEAD box protein 5) (RNA helicase p68)","Ddx5 Tnz2"
"998","GO:0048306","calcium-dependent protein binding",57,6,1.08,0.00072,"NV2t007890004.1","Molecular Functions","Probable ATP-dependent RNA helicase DDX5 (EC 3.6.4.13) (DEAD box RNA helicase DEAD1) (mDEAD1) (DEAD box protein 5) (RNA helicase p68)","Ddx5 Tnz2"
"999","GO:0048306","calcium-dependent protein binding",57,6,1.08,0.00072,"NV2t022077001.1","Molecular Functions","Scavenger receptor cysteine-rich domain-containing protein DMBT1 (Deleted in malignant brain tumors 1 protein) (Glycoprotein 340) (Gp-340) (Hensin) (Salivary agglutinin) (SAG) (Surfactant pulmonary-associated D-binding protein)","DMBT1 GP340"
"1000","GO:0048306","calcium-dependent protein binding",57,6,1.08,0.00072,"NV2t024841001.1","Molecular Functions","Scavenger receptor cysteine-rich domain-containing protein DMBT1 (Deleted in malignant brain tumors 1 protein) (Glycoprotein 340) (Gp-340) (Hensin) (Salivary agglutinin) (SAG) (Surfactant pulmonary-associated D-binding protein)","DMBT1 GP340"
"1001","GO:0004699","diacylglycerol-dependent, calcium-independent serin...",10,3,0.19,0.00074,"NV2t001600001.1","Molecular Functions","Protein kinase C delta type (EC 2.7.11.13) (Tyrosine-protein kinase PRKCD) (EC 2.7.10.2) (nPKC-delta) [Cleaved into: Protein kinase C delta type regulatory subunit; Protein kinase C delta type catalytic subunit (Sphingosine-dependent protein kinase-1) (SDK1)]","PRKCD PKCD"
"1002","GO:0004699","diacylglycerol-dependent, calcium-independent serin...",10,3,0.19,0.00074,"NV2t001600002.1","Molecular Functions","Protein kinase C delta type (EC 2.7.11.13) (Tyrosine-protein kinase PRKCD) (EC 2.7.10.2) (nPKC-delta) [Cleaved into: Protein kinase C delta type regulatory subunit; Protein kinase C delta type catalytic subunit (Sphingosine-dependent protein kinase-1) (SDK1)]","PRKCD PKCD"
"1003","GO:0004699","diacylglycerol-dependent, calcium-independent serin...",10,3,0.19,0.00074,"NV2t001600003.1","Molecular Functions","Protein kinase C delta type (EC 2.7.11.13) (Tyrosine-protein kinase PRKCD) (EC 2.7.10.2) (nPKC-delta) [Cleaved into: Protein kinase C delta type regulatory subunit; Protein kinase C delta type catalytic subunit (Sphingosine-dependent protein kinase-1) (SDK1)]","PRKCD PKCD"
"1004","GO:0004698","calcium,diacylglycerol-dependent serine/threonine k...",11,3,0.21,0.001,"NV2t001600001.1","Molecular Functions","Protein kinase C delta type (EC 2.7.11.13) (Tyrosine-protein kinase PRKCD) (EC 2.7.10.2) (nPKC-delta) [Cleaved into: Protein kinase C delta type regulatory subunit; Protein kinase C delta type catalytic subunit (Sphingosine-dependent protein kinase-1) (SDK1)]","PRKCD PKCD"
"1005","GO:0004698","calcium,diacylglycerol-dependent serine/threonine k...",11,3,0.21,0.001,"NV2t001600002.1","Molecular Functions","Protein kinase C delta type (EC 2.7.11.13) (Tyrosine-protein kinase PRKCD) (EC 2.7.10.2) (nPKC-delta) [Cleaved into: Protein kinase C delta type regulatory subunit; Protein kinase C delta type catalytic subunit (Sphingosine-dependent protein kinase-1) (SDK1)]","PRKCD PKCD"
"1006","GO:0004698","calcium,diacylglycerol-dependent serine/threonine k...",11,3,0.21,0.001,"NV2t001600003.1","Molecular Functions","Protein kinase C delta type (EC 2.7.11.13) (Tyrosine-protein kinase PRKCD) (EC 2.7.10.2) (nPKC-delta) [Cleaved into: Protein kinase C delta type regulatory subunit; Protein kinase C delta type catalytic subunit (Sphingosine-dependent protein kinase-1) (SDK1)]","PRKCD PKCD"
"1007","GO:0008097","5S rRNA binding",11,3,0.21,0.001,"NV2t007636001.1","Molecular Functions","Large ribosomal subunit protein uL3 (60S ribosomal protein L3) (J1 protein)","Rpl3"
"1008","GO:0008097","5S rRNA binding",11,3,0.21,0.001,"NV2t007636003.1","Molecular Functions","Large ribosomal subunit protein uL3 (60S ribosomal protein L3) (J1 protein)","Rpl3"
"1009","GO:0008097","5S rRNA binding",11,3,0.21,0.001,"NV2t025163001.1","Molecular Functions","Large ribosomal subunit protein uL18B (60S ribosomal protein L5-B)","rpl5-b"
"1010","GO:0050334","thiaminase activity",3,2,0.06,0.00106,"NV2t007786001.1","Molecular Functions","Bifunctional TH2 protein, mitochondrial (THIAMINE REQUIRING 2) [Includes: Thiamine phosphate phosphatase (EC 3.1.3.100); Aminopyrimidine aminohydrolase (EC 3.5.99.2)]","TH2 TH-2 TNEA_C At5g32470 F18O9.80"
"1011","GO:0050334","thiaminase activity",3,2,0.06,0.00106,"NV2t007786002.1","Molecular Functions","Bifunctional TH2 protein, mitochondrial (THIAMINE REQUIRING 2) [Includes: Thiamine phosphate phosphatase (EC 3.1.3.100); Aminopyrimidine aminohydrolase (EC 3.5.99.2)]","TH2 TH-2 TNEA_C At5g32470 F18O9.80"
"1012","GO:0042131","thiamine phosphate phosphatase activity",3,2,0.06,0.00106,"NV2t007786001.1","Molecular Functions","Bifunctional TH2 protein, mitochondrial (THIAMINE REQUIRING 2) [Includes: Thiamine phosphate phosphatase (EC 3.1.3.100); Aminopyrimidine aminohydrolase (EC 3.5.99.2)]","TH2 TH-2 TNEA_C At5g32470 F18O9.80"
"1013","GO:0042131","thiamine phosphate phosphatase activity",3,2,0.06,0.00106,"NV2t007786002.1","Molecular Functions","Bifunctional TH2 protein, mitochondrial (THIAMINE REQUIRING 2) [Includes: Thiamine phosphate phosphatase (EC 3.1.3.100); Aminopyrimidine aminohydrolase (EC 3.5.99.2)]","TH2 TH-2 TNEA_C At5g32470 F18O9.80"
"1014","GO:0004533","exoribonuclease H activity",3,2,0.06,0.00106,"NV2t001671002.1","Molecular Functions","Gag-Pol polyprotein (Pr160Gag-Pol) [Cleaved into: Matrix protein p17 (MA); Capsid protein p24 (CA); Spacer peptide 1 (SP1) (p2); Nucleocapsid protein p7 (NC); Transframe peptide (TF); p6-pol (p6*); Protease (EC 3.4.23.16) (PR) (Retropepsin); Reverse transcriptase/ribonuclease H (EC 2.7.7.49) (EC 2.7.7.7) (EC 3.1.26.13) (Exoribonuclease H) (EC 3.1.13.2) (p66 RT); p51 RT; p15; Integrase (IN) (EC 2.7.7.-) (EC 3.1.-.-)]","gag-pol"
"1015","GO:0004533","exoribonuclease H activity",3,2,0.06,0.00106,"NV2t001671003.1","Molecular Functions","Gag-Pol polyprotein (Pr160Gag-Pol) [Cleaved into: Matrix protein p17 (MA); Capsid protein p24 (CA); Spacer peptide 1 (SP1) (p2); Nucleocapsid protein p7 (NC); Transframe peptide (TF); p6-pol (p6*); Protease (EC 3.4.23.16) (PR) (Retropepsin); Reverse transcriptase/ribonuclease H (EC 2.7.7.49) (EC 2.7.7.7) (EC 3.1.26.13) (Exoribonuclease H) (EC 3.1.13.2) (p66 RT); p51 RT; p15; Integrase (IN) (EC 2.7.7.-) (EC 3.1.-.-)]","gag-pol"
"1016","GO:0051082","unfolded protein binding",85,7,1.61,0.00116,"NV2t001169001.1","Molecular Functions","Endoplasmin (EC 3.6.4.-) (Heat shock 108 kDa protein) (HSP 108) (HSP108) (Heat shock protein 90 kDa beta member 1) (Transferrin-binding protein)","HSP90B1 HSPC4 TRA1"
"1017","GO:0051082","unfolded protein binding",85,7,1.61,0.00116,"NV2t001169002.1","Molecular Functions","Endoplasmin (94 kDa glucose-regulated protein) (GRP-94) (EC 3.6.4.-) (Heat shock protein 90 kDa beta member 1)","HSP90B1 GRP94 HSPC4"
"1018","GO:0051082","unfolded protein binding",85,7,1.61,0.00116,"NV2t001169003.1","Molecular Functions","Endoplasmin (EC 3.6.4.-) (94 kDa glucose-regulated protein) (GRP-94) (Heat shock protein 90 kDa beta member 1)","Hsp90b1 Grp94 Hspc4 Tra1"
"1019","GO:0051082","unfolded protein binding",85,7,1.61,0.00116,"NV2t020404001.1","Molecular Functions","Heat shock protein HSP 90-alpha 1","hsp90a.1 hsp90 hsp90a hsp90aa1 zgc:86652"
"1020","GO:0051082","unfolded protein binding",85,7,1.61,0.00116,"NV2t020404002.1","Molecular Functions","Heat shock protein HSP 90-alpha 1","hsp90a.1 hsp90 hsp90a hsp90aa1 zgc:86652"
"1021","GO:0051082","unfolded protein binding",85,7,1.61,0.00116,"NV2t020404003.1","Molecular Functions","Heat shock protein HSP 90-alpha 1","hsp90a.1 hsp90 hsp90a hsp90aa1 zgc:86652"
"1022","GO:0051082","unfolded protein binding",85,7,1.61,0.00116,"NV2t020404004.1","Molecular Functions","Heat shock protein HSP 90-alpha 1","hsp90a.1 hsp90 hsp90a hsp90aa1 zgc:86652"
"1023","GO:0005080","protein kinase C binding",26,4,0.49,0.00137,"NV2t000699001.1","Molecular Functions","Filamin-A (FLN-A) (Actin-binding protein 280) (ABP-280) (Alpha-filamin) (Endothelial actin-binding protein) (Filamin-1) (Non-muscle filamin)","Flna Fln Fln1"
"1024","GO:0005080","protein kinase C binding",26,4,0.49,0.00137,"NV2t001108001.1","Molecular Functions","Glucosidase 2 subunit beta (80K-H protein) (Glucosidase II subunit beta) (Protein kinase C substrate 60.1 kDa protein heavy chain) (PKCSH)","PRKCSH G19P1"
"1025","GO:0005080","protein kinase C binding",26,4,0.49,0.00137,"NV2t001108002.1","Molecular Functions","Glucosidase 2 subunit beta (80K-H protein) (Glucosidase II subunit beta) (Protein kinase C substrate 60.1 kDa protein heavy chain) (PKCSH)","PRKCSH G19P1"
"1026","GO:0005080","protein kinase C binding",26,4,0.49,0.00137,"NV2t001108003.1","Molecular Functions","Glucosidase 2 subunit beta (80K-H protein) (Glucosidase II subunit beta) (Protein kinase C substrate 60.1 kDa protein heavy chain) (PKCSH)","PRKCSH G19P1"
"1027","GO:0070412","R-SMAD binding",26,4,0.49,0.00137,"NV2t007890001.1","Molecular Functions","Probable ATP-dependent RNA helicase DDX5 (EC 3.6.4.13) (DEAD box RNA helicase DEAD1) (mDEAD1) (DEAD box protein 5) (RNA helicase p68)","Ddx5 Tnz2"
"1028","GO:0070412","R-SMAD binding",26,4,0.49,0.00137,"NV2t007890002.1","Molecular Functions","Probable ATP-dependent RNA helicase DDX5 (EC 3.6.4.13) (DEAD box RNA helicase DEAD1) (mDEAD1) (DEAD box protein 5) (RNA helicase p68)","Ddx5 Tnz2"
"1029","GO:0070412","R-SMAD binding",26,4,0.49,0.00137,"NV2t007890003.1","Molecular Functions","Probable ATP-dependent RNA helicase DDX5 (EC 3.6.4.13) (DEAD box RNA helicase DEAD1) (mDEAD1) (DEAD box protein 5) (RNA helicase p68)","Ddx5 Tnz2"
"1030","GO:0070412","R-SMAD binding",26,4,0.49,0.00137,"NV2t007890004.1","Molecular Functions","Probable ATP-dependent RNA helicase DDX5 (EC 3.6.4.13) (DEAD box RNA helicase DEAD1) (mDEAD1) (DEAD box protein 5) (RNA helicase p68)","Ddx5 Tnz2"
"1031","GO:0003729","mRNA binding",488,46,9.26,0.0014,"NV2t003229001.1","Molecular Functions","THO complex subunit 2 (Tho2)","THOC2"
"1032","GO:0003729","mRNA binding",488,46,9.26,0.0014,"NV2t005899001.1","Molecular Functions","Polyadenylate-binding protein 1A (PABP-1A) (Poly(A)-binding protein 1A)","pabpc1a"
"1033","GO:0003729","mRNA binding",488,46,9.26,0.0014,"NV2t005899002.1","Molecular Functions","Polyadenylate-binding protein 1A (PABP-1A) (Poly(A)-binding protein 1A)","pabpc1a"
"1034","GO:0003729","mRNA binding",488,46,9.26,0.0014,"NV2t005899003.1","Molecular Functions","Polyadenylate-binding protein 1 (PABP-1) (Poly(A)-binding protein 1)","Pabpc1 Pabp1"
"1035","GO:0003729","mRNA binding",488,46,9.26,0.0014,"NV2t005899004.1","Molecular Functions","Polyadenylate-binding protein 4 (PABP-4) (Poly(A)-binding protein 4) (Activated-platelet protein 1) (APP-1) (Inducible poly(A)-binding protein) (iPABP)","PABPC4 APP1 PABP4"
"1036","GO:0003729","mRNA binding",488,46,9.26,0.0014,"NV2t005899005.1","Molecular Functions","Polyadenylate-binding protein 1A (PABP-1A) (Poly(A)-binding protein 1A)","pabpc1a"
"1037","GO:0003729","mRNA binding",488,46,9.26,0.0014,"NV2t005899006.1","Molecular Functions","Polyadenylate-binding protein 1 (PABP-1) (Poly(A)-binding protein 1)","Pabpc1 Pabp1"
"1038","GO:0003729","mRNA binding",488,46,9.26,0.0014,"NV2t005899007.1","Molecular Functions","Polyadenylate-binding protein 1A (PABP-1A) (Poly(A)-binding protein 1A)","pabpc1a"
"1039","GO:0003729","mRNA binding",488,46,9.26,0.0014,"NV2t005899008.1","Molecular Functions","Polyadenylate-binding protein 4 (PABP-4) (Poly(A)-binding protein 4) (Activated-platelet protein 1) (APP-1) (Inducible poly(A)-binding protein) (iPABP)","PABPC4 APP1 PABP4"
"1040","GO:0003729","mRNA binding",488,46,9.26,0.0014,"NV2t005899009.1","Molecular Functions","Polyadenylate-binding protein 1-A (PABP-1-A) (Poly(A)-binding protein 1-A) (xPABP1-A) (Cytoplasmic poly(A)-binding protein 1-A)","pabpc1-a pabp pabp1"
"1041","GO:0003729","mRNA binding",488,46,9.26,0.0014,"NV2t005899010.1","Molecular Functions","Polyadenylate-binding protein 4 (PABP-4) (Poly(A)-binding protein 4) (Activated-platelet protein 1) (APP-1) (Inducible poly(A)-binding protein) (iPABP)","PABPC4 APP1 PABP4"
"1042","GO:0003729","mRNA binding",488,46,9.26,0.0014,"NV2t005899011.1","Molecular Functions","Polyadenylate-binding protein 4 (PABP-4) (Poly(A)-binding protein 4) (Activated-platelet protein 1) (APP-1) (Inducible poly(A)-binding protein) (iPABP)","PABPC4 APP1 PABP4"
"1043","GO:0003729","mRNA binding",488,46,9.26,0.0014,"NV2t005899012.1","Molecular Functions","Polyadenylate-binding protein 4 (PABP-4) (Poly(A)-binding protein 4) (Activated-platelet protein 1) (APP-1) (Inducible poly(A)-binding protein) (iPABP)","PABPC4 APP1 PABP4"
"1044","GO:0003729","mRNA binding",488,46,9.26,0.0014,"NV2t005899013.1","Molecular Functions","Polyadenylate-binding protein 4 (PABP-4) (Poly(A)-binding protein 4) (Activated-platelet protein 1) (APP-1) (Inducible poly(A)-binding protein) (iPABP)","PABPC4 APP1 PABP4"
"1045","GO:0003729","mRNA binding",488,46,9.26,0.0014,"NV2t005899014.1","Molecular Functions","Polyadenylate-binding protein 4 (PABP-4) (Poly(A)-binding protein 4) (Activated-platelet protein 1) (APP-1) (Inducible poly(A)-binding protein) (iPABP)","PABPC4 APP1 PABP4"
"1046","GO:0003729","mRNA binding",488,46,9.26,0.0014,"NV2t005899015.1","Molecular Functions","Polyadenylate-binding protein 4 (PABP-4) (Poly(A)-binding protein 4) (Activated-platelet protein 1) (APP-1) (Inducible poly(A)-binding protein) (iPABP)","PABPC4 APP1 PABP4"
"1047","GO:0003729","mRNA binding",488,46,9.26,0.0014,"NV2t005899016.1","Molecular Functions","Polyadenylate-binding protein 4 (PABP-4) (Poly(A)-binding protein 4) (Activated-platelet protein 1) (APP-1) (Inducible poly(A)-binding protein) (iPABP)","PABPC4 APP1 PABP4"
"1048","GO:0003729","mRNA binding",488,46,9.26,0.0014,"NV2t005899017.1","Molecular Functions","Polyadenylate-binding protein 4 (PABP-4) (Poly(A)-binding protein 4) (Activated-platelet protein 1) (APP-1) (Inducible poly(A)-binding protein) (iPABP)","PABPC4 APP1 PABP4"
"1049","GO:0003729","mRNA binding",488,46,9.26,0.0014,"NV2t005899018.1","Molecular Functions","Polyadenylate-binding protein 4 (PABP-4) (Poly(A)-binding protein 4) (Activated-platelet protein 1) (APP-1) (Inducible poly(A)-binding protein) (iPABP)","PABPC4 APP1 PABP4"
"1050","GO:0003729","mRNA binding",488,46,9.26,0.0014,"NV2t005899019.1","Molecular Functions","Polyadenylate-binding protein 4 (PABP-4) (Poly(A)-binding protein 4) (Activated-platelet protein 1) (APP-1) (Inducible poly(A)-binding protein) (iPABP)","PABPC4 APP1 PABP4"
"1051","GO:0003729","mRNA binding",488,46,9.26,0.0014,"NV2t005899020.1","Molecular Functions","Polyadenylate-binding protein 4 (PABP-4) (Poly(A)-binding protein 4) (Activated-platelet protein 1) (APP-1) (Inducible poly(A)-binding protein) (iPABP)","PABPC4 APP1 PABP4"
"1052","GO:0003729","mRNA binding",488,46,9.26,0.0014,"NV2t005899021.1","Molecular Functions","Polyadenylate-binding protein 4 (PABP-4) (Poly(A)-binding protein 4) (Activated-platelet protein 1) (APP-1) (Inducible poly(A)-binding protein) (iPABP)","PABPC4 APP1 PABP4"
"1053","GO:0003729","mRNA binding",488,46,9.26,0.0014,"NV2t005899022.1","Molecular Functions","Polyadenylate-binding protein 4 (PABP-4) (Poly(A)-binding protein 4) (Activated-platelet protein 1) (APP-1) (Inducible poly(A)-binding protein) (iPABP)","PABPC4 APP1 PABP4"
"1054","GO:0003729","mRNA binding",488,46,9.26,0.0014,"NV2t005899023.1","Molecular Functions","Polyadenylate-binding protein 4 (PABP-4) (Poly(A)-binding protein 4) (Activated-platelet protein 1) (APP-1) (Inducible poly(A)-binding protein) (iPABP)","PABPC4 APP1 PABP4"
"1055","GO:0003729","mRNA binding",488,46,9.26,0.0014,"NV2t005899024.1","Molecular Functions","Polyadenylate-binding protein 1 (PABP-1) (Poly(A)-binding protein 1)","Pabpc1 Pabp1"
"1056","GO:0003729","mRNA binding",488,46,9.26,0.0014,"NV2t005965001.1","Molecular Functions","Probable ribonuclease ZC3H12C (EC 3.1.-.-) (Zinc finger CCCH domain-containing protein 12C)","Zc3h12c Kiaa1726"
"1057","GO:0003729","mRNA binding",488,46,9.26,0.0014,"NV2t005965002.1","Molecular Functions","Probable ribonuclease ZC3H12D (EC 3.1.-.-) (MCP-induced protein 4) (Transformed follicular lymphoma) (Zinc finger CCCH domain-containing protein 12D) (p34)","ZC3H12D C6orf95 MCPIP4 TFL"
"1058","GO:0003729","mRNA binding",488,46,9.26,0.0014,"NV2t005965003.1","Molecular Functions","Probable ribonuclease ZC3H12D (EC 3.1.-.-) (MCP-induced protein 4) (Transformed follicular lymphoma) (Zinc finger CCCH domain-containing protein 12D) (p34)","ZC3H12D C6orf95 MCPIP4 TFL"
"1059","GO:0003729","mRNA binding",488,46,9.26,0.0014,"NV2t007410002.1","Molecular Functions","Myosin-10 (Cellular myosin heavy chain, type B) (Myosin heavy chain 10) (Myosin heavy chain, non-muscle IIb) (Non-muscle myosin heavy chain B) (NMMHC-B) (Non-muscle myosin heavy chain IIb) (NMMHC II-b) (NMMHC-IIB)","Myh10"
"1060","GO:0003729","mRNA binding",488,46,9.26,0.0014,"NV2t007890001.1","Molecular Functions","Probable ATP-dependent RNA helicase DDX5 (EC 3.6.4.13) (DEAD box RNA helicase DEAD1) (mDEAD1) (DEAD box protein 5) (RNA helicase p68)","Ddx5 Tnz2"
"1061","GO:0003729","mRNA binding",488,46,9.26,0.0014,"NV2t007890002.1","Molecular Functions","Probable ATP-dependent RNA helicase DDX5 (EC 3.6.4.13) (DEAD box RNA helicase DEAD1) (mDEAD1) (DEAD box protein 5) (RNA helicase p68)","Ddx5 Tnz2"
"1062","GO:0003729","mRNA binding",488,46,9.26,0.0014,"NV2t007890003.1","Molecular Functions","Probable ATP-dependent RNA helicase DDX5 (EC 3.6.4.13) (DEAD box RNA helicase DEAD1) (mDEAD1) (DEAD box protein 5) (RNA helicase p68)","Ddx5 Tnz2"
"1063","GO:0003729","mRNA binding",488,46,9.26,0.0014,"NV2t007890004.1","Molecular Functions","Probable ATP-dependent RNA helicase DDX5 (EC 3.6.4.13) (DEAD box RNA helicase DEAD1) (mDEAD1) (DEAD box protein 5) (RNA helicase p68)","Ddx5 Tnz2"
"1064","GO:0003729","mRNA binding",488,46,9.26,0.0014,"NV2t021241002.1","Molecular Functions","ATP-dependent RNA helicase DDX3Y (EC 3.6.4.13) (D1Pas1-related sequence 1) (DEAD box protein 3, Y-chromosomal) (DEAD-box RNA helicase DEAD2) (mDEAD2)","Ddx3y D1Pas1-rs1 Dead2"
"1065","GO:0003729","mRNA binding",488,46,9.26,0.0014,"NV2t023797001.1","Molecular Functions","DAZ-associated protein 1 (Deleted in azoospermia-associated protein 1) (Proline-rich Vg1 mRNA-binding protein)","dazap1 prrp"
"1066","GO:0003729","mRNA binding",488,46,9.26,0.0014,"NV2t023797002.1","Molecular Functions","DAZ-associated protein 1 (Deleted in azoospermia-associated protein 1) (Proline-rich Vg1 mRNA-binding protein)","dazap1 prrp"
"1067","GO:0003729","mRNA binding",488,46,9.26,0.0014,"NV2t023798001.1","Molecular Functions","DAZ-associated protein 1 (Deleted in azoospermia-associated protein 1)","Dazap1"
"1068","GO:0003729","mRNA binding",488,46,9.26,0.0014,"NV2t023798002.1","Molecular Functions","DAZ-associated protein 1 (Deleted in azoospermia-associated protein 1)","Dazap1"
"1069","GO:0003729","mRNA binding",488,46,9.26,0.0014,"NV2t023798003.1","Molecular Functions","DAZ-associated protein 1 (Deleted in azoospermia-associated protein 1) (Proline-rich Vg1 mRNA-binding protein)","dazap1 prrp"
"1070","GO:0003729","mRNA binding",488,46,9.26,0.0014,"NV2t023798004.1","Molecular Functions","DAZ-associated protein 1 (Deleted in azoospermia-associated protein 1) (Proline-rich Vg1 mRNA-binding protein)","dazap1 prrp"
"1071","GO:0003729","mRNA binding",488,46,9.26,0.0014,"NV2t025357001.1","Molecular Functions","Spliceosome RNA helicase Ddx39b (EC 3.6.4.13) (56 kDa U2AF65-associated protein) (ATP-dependent RNA helicase p47) (DEAD box protein Uap56)","Ddx39b Bat1 Bat1a Uap56"
"1072","GO:0003729","mRNA binding",488,46,9.26,0.0014,"NV2t025357002.1","Molecular Functions","Spliceosome RNA helicase Ddx39b (EC 3.6.4.13) (56 kDa U2AF65-associated protein) (ATP-dependent RNA helicase p47) (DEAD box protein Uap56)","Ddx39b Bat1 Bat1a Uap56"
"1073","GO:0003729","mRNA binding",488,46,9.26,0.0014,"NV2t025357003.1","Molecular Functions","Spliceosome RNA helicase Ddx39b (EC 3.6.4.13) (56 kDa U2AF65-associated protein) (ATP-dependent RNA helicase p47) (DEAD box protein Uap56)","Ddx39b Bat1 Bat1a Uap56"
"1074","GO:0003729","mRNA binding",488,46,9.26,0.0014,"NV2t025357004.1","Molecular Functions","Spliceosome RNA helicase Ddx39b (EC 3.6.4.13) (56 kDa U2AF65-associated protein) (ATP-dependent RNA helicase p47) (DEAD box protein Uap56)","Ddx39b Bat1 Bat1a Uap56"
"1075","GO:0003729","mRNA binding",488,46,9.26,0.0014,"NV2t025357005.1","Molecular Functions","Spliceosome RNA helicase Ddx39b (EC 3.6.4.13) (56 kDa U2AF65-associated protein) (ATP-dependent RNA helicase p47) (DEAD box protein Uap56)","Ddx39b Bat1 Bat1a Uap56"
"1076","GO:0003729","mRNA binding",488,46,9.26,0.0014,"NV2t025357006.1","Molecular Functions","Spliceosome RNA helicase Ddx39b (EC 3.6.4.13) (56 kDa U2AF65-associated protein) (ATP-dependent RNA helicase p47) (DEAD box protein Uap56)","Ddx39b Bat1 Bat1a Uap56"
"1077","GO:0045505","dynein intermediate chain binding",91,7,1.73,0.00173,"NV2t001764001.1","Molecular Functions","Dynein axonemal heavy chain 6 (Axonemal beta dynein heavy chain 6) (Ciliary dynein heavy chain 6)","DNAH6 DNAHC6 DNHL1 HL2 KIAA1697"
"1078","GO:0045505","dynein intermediate chain binding",91,7,1.73,0.00173,"NV2t003691001.1","Molecular Functions","Dynein axonemal heavy chain 7 (Axonemal beta dynein heavy chain 7) (Ciliary dynein heavy chain 7) (Dynein heavy chain-like protein 2) (hDHC2)","DNAH7 KIAA0944"
"1079","GO:0045505","dynein intermediate chain binding",91,7,1.73,0.00173,"NV2t003692001.1","Molecular Functions","Dynein axonemal heavy chain 12 (Axonemal beta dynein heavy chain 12) (Axonemal dynein heavy chain 12-like protein) (Axonemal dynein heavy chain 7-like protein) (Ciliary dynein heavy chain 12)","Dnah12 Dnah12l Dnah7l Dnahc12 Dnahc7l"
"1080","GO:0045505","dynein intermediate chain binding",91,7,1.73,0.00173,"NV2t003693001.1","Molecular Functions","Dynein axonemal heavy chain 12 (Axonemal beta dynein heavy chain 12) (Axonemal dynein heavy chain 12-like protein) (Axonemal dynein heavy chain 7-like protein) (Ciliary dynein heavy chain 12) (Dynein axonemal heavy chain 7-like) (Dynein heavy chain domain-containing protein 2)","DNAH12 DHC3 DLP12 DNAH12L DNAH7L DNAHC3 DNHD2 HDHC3 HL19"
"1081","GO:0045505","dynein intermediate chain binding",91,7,1.73,0.00173,"NV2t021943001.1","Molecular Functions","Dynein axonemal heavy chain 11 (Axonemal beta dynein heavy chain 11) (Ciliary dynein heavy chain 11)","DNAH11"
"1082","GO:0045505","dynein intermediate chain binding",91,7,1.73,0.00173,"NV2t021943002.1","Molecular Functions","Dynein axonemal heavy chain 11 (Axonemal beta dynein heavy chain 11) (Ciliary dynein heavy chain 11)","DNAH11"
"1083","GO:0045505","dynein intermediate chain binding",91,7,1.73,0.00173,"NV2t022772001.1","Molecular Functions","Dynein axonemal heavy chain 2 (Axonemal beta dynein heavy chain 2) (Ciliary dynein heavy chain 2)","Dnah2 Dnahc2"
"1084","GO:0036312","phosphatidylinositol 3-kinase regulatory subunit bi...",92,7,1.75,0.00184,"NV2t005969002.1","Molecular Functions","NLR family CARD domain-containing protein 3 (CARD15-like protein) (Caterpiller protein 16.2) (CLR16.2) (NACHT, LRR and CARD domains-containing protein 3) (Nucleotide-binding oligomerization domain protein 3)","NLRC3 NOD3"
"1085","GO:0036312","phosphatidylinositol 3-kinase regulatory subunit bi...",92,7,1.75,0.00184,"NV2t005969006.1","Molecular Functions","NLR family CARD domain-containing protein 3 (CARD15-like protein) (Caterpiller protein 16.2) (CLR16.2) (NACHT, LRR and CARD domains-containing protein 3) (Nucleotide-binding oligomerization domain protein 3)","NLRC3 NOD3"
"1086","GO:0036312","phosphatidylinositol 3-kinase regulatory subunit bi...",92,7,1.75,0.00184,"NV2t005969007.1","Molecular Functions","NLR family CARD domain-containing protein 3 (CARD15-like protein) (Caterpiller protein 16.2) (CLR16.2) (NACHT, LRR and CARD domains-containing protein 3) (Nucleotide-binding oligomerization domain protein 3)","NLRC3 NOD3"
"1087","GO:0036312","phosphatidylinositol 3-kinase regulatory subunit bi...",92,7,1.75,0.00184,"NV2t005969008.1","Molecular Functions","NLR family CARD domain-containing protein 3 (CARD15-like protein) (Caterpiller protein 16.2) (CLR16.2) (NACHT, LRR and CARD domains-containing protein 3) (Nucleotide-binding oligomerization domain protein 3)","NLRC3 NOD3"
"1088","GO:0036312","phosphatidylinositol 3-kinase regulatory subunit bi...",92,7,1.75,0.00184,"NV2t005969011.1","Molecular Functions","NLR family CARD domain-containing protein 3 (CARD15-like protein) (Caterpiller protein 16.2) (CLR16.2) (NACHT, LRR and CARD domains-containing protein 3) (Nucleotide-binding oligomerization domain protein 3)","NLRC3 NOD3"
"1089","GO:0036312","phosphatidylinositol 3-kinase regulatory subunit bi...",92,7,1.75,0.00184,"NV2t006280001.1","Molecular Functions","NLR family CARD domain-containing protein 3 (CARD15-like protein) (Caterpiller protein 16.2) (CLR16.2) (NACHT, LRR and CARD domains-containing protein 3) (Nucleotide-binding oligomerization domain protein 3)","NLRC3 NOD3"
"1090","GO:0036312","phosphatidylinositol 3-kinase regulatory subunit bi...",92,7,1.75,0.00184,"NV2t007509001.1","Molecular Functions","Protein NLRC3","Nlrc3"
"1091","GO:1905762","CCR4-NOT complex binding",4,2,0.08,0.0021,"NV2t004859001.1","Molecular Functions","Granule associated Rac and RHOG effector protein 1 (GARRE1)","GARRE1 KIAA0355"
"1092","GO:1905762","CCR4-NOT complex binding",4,2,0.08,0.0021,"NV2t004859002.1","Molecular Functions","Granule associated Rac and RHOG effector protein 1 (GARRE1)","GARRE1 KIAA0355"
"1093","GO:0035091","phosphatidylinositol binding",336,14,6.38,0.00211,"NV2t002880002.1","Molecular Functions","UDP-N-acetylglucosamine--peptide N-acetylglucosaminyltransferase 110 kDa subunit (EC 2.4.1.255) (O-GlcNAc transferase subunit p110) (O-linked N-acetylglucosamine transferase 110 kDa subunit) (OGT)","Ogt"
"1094","GO:0035091","phosphatidylinositol binding",336,14,6.38,0.00211,"NV2t002880003.1","Molecular Functions","UDP-N-acetylglucosamine--peptide N-acetylglucosaminyltransferase 110 kDa subunit (EC 2.4.1.255) (O-GlcNAc transferase subunit p110) (O-linked N-acetylglucosamine transferase 110 kDa subunit) (OGT)","Ogt"
"1095","GO:0035091","phosphatidylinositol binding",336,14,6.38,0.00211,"NV2t002880005.1","Molecular Functions","UDP-N-acetylglucosamine--peptide N-acetylglucosaminyltransferase 110 kDa subunit (EC 2.4.1.255) (O-GlcNAc transferase subunit p110) (O-linked N-acetylglucosamine transferase 110 kDa subunit) (OGT)","Ogt"
"1096","GO:0035091","phosphatidylinositol binding",336,14,6.38,0.00211,"NV2t002880006.1","Molecular Functions","UDP-N-acetylglucosamine--peptide N-acetylglucosaminyltransferase 110 kDa subunit (EC 2.4.1.255) (O-GlcNAc transferase subunit p110) (O-linked N-acetylglucosamine transferase 110 kDa subunit) (OGT)","Ogt"
"1097","GO:0035091","phosphatidylinositol binding",336,14,6.38,0.00211,"NV2t002880007.1","Molecular Functions","UDP-N-acetylglucosamine--peptide N-acetylglucosaminyltransferase 110 kDa subunit (EC 2.4.1.255) (O-GlcNAc transferase subunit p110) (O-linked N-acetylglucosamine transferase 110 kDa subunit) (OGT)","Ogt"
"1098","GO:0035091","phosphatidylinositol binding",336,14,6.38,0.00211,"NV2t003710001.1","Molecular Functions","Sorting nexin-25","SNX25 MSTP043"
"1099","GO:0035091","phosphatidylinositol binding",336,14,6.38,0.00211,"NV2t003710002.1","Molecular Functions","Sorting nexin-25","Snx25"
"1100","GO:0035091","phosphatidylinositol binding",336,14,6.38,0.00211,"NV2t005257001.1","Molecular Functions","Sorting nexin-16","SNX16"
"1101","GO:0035091","phosphatidylinositol binding",336,14,6.38,0.00211,"NV2t005257002.1","Molecular Functions","Sorting nexin-16","SNX16"
"1102","GO:0035091","phosphatidylinositol binding",336,14,6.38,0.00211,"NV2t005257003.1","Molecular Functions","Sorting nexin-16","SNX16"
"1103","GO:0035091","phosphatidylinositol binding",336,14,6.38,0.00211,"NV2t005257004.1","Molecular Functions","Sorting nexin-16","SNX16"
"1104","GO:0035091","phosphatidylinositol binding",336,14,6.38,0.00211,"NV2t005257005.1","Molecular Functions","Sorting nexin-16","SNX16"
"1105","GO:0035091","phosphatidylinositol binding",336,14,6.38,0.00211,"NV2t005257006.1","Molecular Functions","Sorting nexin-16","SNX16"
"1106","GO:0035091","phosphatidylinositol binding",336,14,6.38,0.00211,"NV2t007638001.1","Molecular Functions","WD repeat domain phosphoinositide-interacting protein 2 (WIPI-2)","WIPI2 RCJMB04_35d18"
"1107","GO:0030527","structural constituent of chromatin",33,4,0.63,0.00338,"NV2t004452001.1","Molecular Functions","Histone H3",""
"1108","GO:0030527","structural constituent of chromatin",33,4,0.63,0.00338,"NV2t005663001.1","Molecular Functions","Core histone macro-H2A.1 (Histone macroH2A1) (mH2A1) (H2A.y) (H2A/y)","Macroh2a1 H2afy"
"1109","GO:0030527","structural constituent of chromatin",33,4,0.63,0.00338,"NV2t006253001.1","Molecular Functions","Histone H2A.V (H2A.F/Z)","H2A.F/Z"
"1110","GO:0030527","structural constituent of chromatin",33,4,0.63,0.00338,"NV2t007120001.1","Molecular Functions","Histone H3",""
"1111","GO:0043560","insulin receptor substrate binding",17,3,0.32,0.00378,"NV2t001600001.1","Molecular Functions","Protein kinase C delta type (EC 2.7.11.13) (Tyrosine-protein kinase PRKCD) (EC 2.7.10.2) (nPKC-delta) [Cleaved into: Protein kinase C delta type regulatory subunit; Protein kinase C delta type catalytic subunit (Sphingosine-dependent protein kinase-1) (SDK1)]","PRKCD PKCD"
"1112","GO:0043560","insulin receptor substrate binding",17,3,0.32,0.00378,"NV2t001600002.1","Molecular Functions","Protein kinase C delta type (EC 2.7.11.13) (Tyrosine-protein kinase PRKCD) (EC 2.7.10.2) (nPKC-delta) [Cleaved into: Protein kinase C delta type regulatory subunit; Protein kinase C delta type catalytic subunit (Sphingosine-dependent protein kinase-1) (SDK1)]","PRKCD PKCD"
"1113","GO:0043560","insulin receptor substrate binding",17,3,0.32,0.00378,"NV2t001600003.1","Molecular Functions","Protein kinase C delta type (EC 2.7.11.13) (Tyrosine-protein kinase PRKCD) (EC 2.7.10.2) (nPKC-delta) [Cleaved into: Protein kinase C delta type regulatory subunit; Protein kinase C delta type catalytic subunit (Sphingosine-dependent protein kinase-1) (SDK1)]","PRKCD PKCD"
"1114","GO:0005536","D-glucose binding",17,3,0.32,0.00378,"NV2t000281002.1","Molecular Functions","Glucose-6-phosphate 1-dehydrogenase (G6PD) (EC 1.-.-.-) (EC 1.1.1.49)","G6pdx G6pd"
"1115","GO:0005536","D-glucose binding",17,3,0.32,0.00378,"NV2t000281003.1","Molecular Functions","Glucose-6-phosphate 1-dehydrogenase (G6PD) (EC 1.-.-.-) (EC 1.1.1.49)","G6pdx G6pd"
"1116","GO:0005536","D-glucose binding",17,3,0.32,0.00378,"NV2t000281008.1","Molecular Functions","Glucose-6-phosphate 1-dehydrogenase (G6PD) (EC 1.-.-.-) (EC 1.1.1.49)","G6pdx G6pd"
"1117","GO:0005547","phosphatidylinositol-3,4,5-trisphosphate binding",56,5,1.06,0.00414,"NV2t002880002.1","Molecular Functions","UDP-N-acetylglucosamine--peptide N-acetylglucosaminyltransferase 110 kDa subunit (EC 2.4.1.255) (O-GlcNAc transferase subunit p110) (O-linked N-acetylglucosamine transferase 110 kDa subunit) (OGT)","Ogt"
"1118","GO:0005547","phosphatidylinositol-3,4,5-trisphosphate binding",56,5,1.06,0.00414,"NV2t002880003.1","Molecular Functions","UDP-N-acetylglucosamine--peptide N-acetylglucosaminyltransferase 110 kDa subunit (EC 2.4.1.255) (O-GlcNAc transferase subunit p110) (O-linked N-acetylglucosamine transferase 110 kDa subunit) (OGT)","Ogt"
"1119","GO:0005547","phosphatidylinositol-3,4,5-trisphosphate binding",56,5,1.06,0.00414,"NV2t002880005.1","Molecular Functions","UDP-N-acetylglucosamine--peptide N-acetylglucosaminyltransferase 110 kDa subunit (EC 2.4.1.255) (O-GlcNAc transferase subunit p110) (O-linked N-acetylglucosamine transferase 110 kDa subunit) (OGT)","Ogt"
"1120","GO:0005547","phosphatidylinositol-3,4,5-trisphosphate binding",56,5,1.06,0.00414,"NV2t002880006.1","Molecular Functions","UDP-N-acetylglucosamine--peptide N-acetylglucosaminyltransferase 110 kDa subunit (EC 2.4.1.255) (O-GlcNAc transferase subunit p110) (O-linked N-acetylglucosamine transferase 110 kDa subunit) (OGT)","Ogt"
"1121","GO:0005547","phosphatidylinositol-3,4,5-trisphosphate binding",56,5,1.06,0.00414,"NV2t002880007.1","Molecular Functions","UDP-N-acetylglucosamine--peptide N-acetylglucosaminyltransferase 110 kDa subunit (EC 2.4.1.255) (O-GlcNAc transferase subunit p110) (O-linked N-acetylglucosamine transferase 110 kDa subunit) (OGT)","Ogt"
"1122","GO:0046982","protein heterodimerization activity",330,14,6.26,0.00441,"NV2t002714001.1","Molecular Functions","Tubulin alpha-1A chain (EC 3.6.5.-) (Alpha-tubulin 1) (Tubulin alpha-1 chain) [Cleaved into: Detyrosinated tubulin alpha-1A chain]","Tuba1a Tuba1"
"1123","GO:0046982","protein heterodimerization activity",330,14,6.26,0.00441,"NV2t002717001.1","Molecular Functions","Tubulin alpha-1A chain (EC 3.6.5.-) (Alpha-tubulin 1) (Tubulin alpha-1 chain) [Cleaved into: Detyrosinated tubulin alpha-1A chain]","Tuba1a Tuba1"
"1124","GO:0046982","protein heterodimerization activity",330,14,6.26,0.00441,"NV2t002717002.1","Molecular Functions","Tubulin alpha-1A chain (EC 3.6.5.-) (Alpha-tubulin 1) (Tubulin alpha-1 chain) [Cleaved into: Detyrosinated tubulin alpha-1A chain]","Tuba1a Tuba1"
"1125","GO:0046982","protein heterodimerization activity",330,14,6.26,0.00441,"NV2t002719002.1","Molecular Functions","Tubulin alpha-1A chain (EC 3.6.5.-) (Alpha-tubulin 1) (Tubulin alpha-1 chain) [Cleaved into: Detyrosinated tubulin alpha-1A chain]","Tuba1a Tuba1"
"1126","GO:0046982","protein heterodimerization activity",330,14,6.26,0.00441,"NV2t004452001.1","Molecular Functions","Histone H3",""
"1127","GO:0046982","protein heterodimerization activity",330,14,6.26,0.00441,"NV2t005663001.1","Molecular Functions","Core histone macro-H2A.1 (Histone macroH2A1) (mH2A1) (H2A.y) (H2A/y)","Macroh2a1 H2afy"
"1128","GO:0046982","protein heterodimerization activity",330,14,6.26,0.00441,"NV2t006253001.1","Molecular Functions","Histone H2A.V (H2A.F/Z)","H2A.F/Z"
"1129","GO:0046982","protein heterodimerization activity",330,14,6.26,0.00441,"NV2t007120001.1","Molecular Functions","Histone H3",""
"1130","GO:0046982","protein heterodimerization activity",330,14,6.26,0.00441,"NV2t007716001.1","Molecular Functions","Protein disulfide-isomerase (PDI) (EC 5.3.4.1) (Cellular thyroid hormone-binding protein) (Prolyl 4-hydroxylase subunit beta)","P4hb Pdia1"
"1131","GO:0046982","protein heterodimerization activity",330,14,6.26,0.00441,"NV2t007716002.1","Molecular Functions","Protein disulfide-isomerase (PDI) (EC 5.3.4.1) (Cellular thyroid hormone-binding protein) (Prolyl 4-hydroxylase subunit beta) (p55)","P4HB PDIA1"
"1132","GO:0046982","protein heterodimerization activity",330,14,6.26,0.00441,"NV2t007716003.1","Molecular Functions","Protein disulfide-isomerase (PDI) (EC 5.3.4.1) (Cellular thyroid hormone-binding protein) (Prolyl 4-hydroxylase subunit beta) (p55)","P4HB PDIA1"
"1133","GO:0046982","protein heterodimerization activity",330,14,6.26,0.00441,"NV2t007878001.1","Molecular Functions","Tubulin alpha-1A chain (EC 3.6.5.-) (Alpha-tubulin 1) (Tubulin alpha-1 chain) [Cleaved into: Detyrosinated tubulin alpha-1A chain]","Tuba1a Tuba1"
"1134","GO:0046982","protein heterodimerization activity",330,14,6.26,0.00441,"NV2t007880001.1","Molecular Functions","Tubulin alpha-1A chain (EC 3.6.5.-) (Alpha-tubulin 1) (Tubulin alpha-1 chain) [Cleaved into: Detyrosinated tubulin alpha-1A chain]","Tuba1a Tuba1"
"1135","GO:0046982","protein heterodimerization activity",330,14,6.26,0.00441,"NV2t022363001.1","Molecular Functions","Amyloid-beta precursor protein (ABPP) (APP) (Alzheimer disease amyloid A4 protein homolog) (Alzheimer disease amyloid protein) (Amyloid precursor protein) (Amyloid-beta (A4) precursor protein) (Amyloid-beta A4 protein) (Amyloidogenic glycoprotein) (AG) [Cleaved into: N-APP; Soluble APP-alpha (S-APP-alpha); Soluble APP-beta (S-APP-beta); C99 (Beta-secretase C-terminal fragment) (Beta-CTF); Amyloid-beta protein 42 (Abeta42) (Beta-APP42); Amyloid-beta protein 40 (Abeta40) (Beta-APP40); C83 (Alpha-secretase C-terminal fragment) (Alpha-CTF); P3(42); P3(40); C80; Gamma-secretase C-terminal fragment 59 (Gamma-CTF(59)); Gamma-secretase C-terminal fragment 57 (Gamma-CTF(57)); Gamma-secretase C-terminal fragment 50 (Gamma-CTF(50)); C31]","App A4 AD1"
"1136","GO:0004523","RNA-DNA hybrid ribonuclease activity",58,5,1.1,0.00482,"NV2t001671002.1","Molecular Functions","Gag-Pol polyprotein (Pr160Gag-Pol) [Cleaved into: Matrix protein p17 (MA); Capsid protein p24 (CA); Spacer peptide 1 (SP1) (p2); Nucleocapsid protein p7 (NC); Transframe peptide (TF); p6-pol (p6*); Protease (EC 3.4.23.16) (PR) (Retropepsin); Reverse transcriptase/ribonuclease H (EC 2.7.7.49) (EC 2.7.7.7) (EC 3.1.26.13) (Exoribonuclease H) (EC 3.1.13.2) (p66 RT); p51 RT; p15; Integrase (IN) (EC 2.7.7.-) (EC 3.1.-.-)]","gag-pol"
"1137","GO:0004523","RNA-DNA hybrid ribonuclease activity",58,5,1.1,0.00482,"NV2t001671003.1","Molecular Functions","Gag-Pol polyprotein (Pr160Gag-Pol) [Cleaved into: Matrix protein p17 (MA); Capsid protein p24 (CA); Spacer peptide 1 (SP1) (p2); Nucleocapsid protein p7 (NC); Transframe peptide (TF); p6-pol (p6*); Protease (EC 3.4.23.16) (PR) (Retropepsin); Reverse transcriptase/ribonuclease H (EC 2.7.7.49) (EC 2.7.7.7) (EC 3.1.26.13) (Exoribonuclease H) (EC 3.1.13.2) (p66 RT); p51 RT; p15; Integrase (IN) (EC 2.7.7.-) (EC 3.1.-.-)]","gag-pol"
"1138","GO:0004523","RNA-DNA hybrid ribonuclease activity",58,5,1.1,0.00482,"NV2t022633001.1","Molecular Functions","Transposon Ty3-G Gag-Pol polyprotein (Gag3-Pol3) (Transposon Ty3-1 TYA-TYB polyprotein) [Cleaved into: Capsid protein (CA) (p24); Spacer peptide p3; Nucleocapsid protein p11 (NC); Ty3 protease (PR) (EC 3.4.23.-) (p16); Spacer peptide J; Reverse transcriptase/ribonuclease H (RT) (RT-RH) (EC 2.7.7.49) (EC 2.7.7.7) (EC 3.1.26.4) (p55); Integrase p61 (IN); Integrase p58 (IN)]","TY3B-G YGRWTy3-1 POL YGR109W-B G5984"
"1139","GO:0004523","RNA-DNA hybrid ribonuclease activity",58,5,1.1,0.00482,"NV2t022833001.1","Molecular Functions","Transposon Ty3-I Gag-Pol polyprotein (Gag3-Pol3) (Transposon Ty3-2 TYA-TYB polyprotein) [Cleaved into: Capsid protein (CA) (p24); Spacer peptide p3; Nucleocapsid protein p11 (NC); Ty3 protease (PR) (EC 3.4.23.-) (p16); Spacer peptide J; Reverse transcriptase/ribonuclease H (RT) (RT-RH) (EC 2.7.7.49) (EC 2.7.7.7) (EC 3.1.26.4) (p55); Integrase p52 (IN); Integrase p49 (IN)]","TY3B-I YILWTy3-1 POL YIL082W-A"
"1140","GO:0004523","RNA-DNA hybrid ribonuclease activity",58,5,1.1,0.00482,"NV2t024556001.1","Molecular Functions","Transposon Ty3-I Gag-Pol polyprotein (Gag3-Pol3) (Transposon Ty3-2 TYA-TYB polyprotein) [Cleaved into: Capsid protein (CA) (p24); Spacer peptide p3; Nucleocapsid protein p11 (NC); Ty3 protease (PR) (EC 3.4.23.-) (p16); Spacer peptide J; Reverse transcriptase/ribonuclease H (RT) (RT-RH) (EC 2.7.7.49) (EC 2.7.7.7) (EC 3.1.26.4) (p55); Integrase p52 (IN); Integrase p49 (IN)]","TY3B-I YILWTy3-1 POL YIL082W-A"
"1141","GO:0003887","DNA-directed DNA polymerase activity",139,8,2.64,0.0051,"NV2t000483001.1","Molecular Functions","Transposon Tf1-107 polyprotein (EC 2.7.7.49) (EC 2.7.7.7) (EC 3.4.23.-)","Tf1-107"
"1142","GO:0003887","DNA-directed DNA polymerase activity",139,8,2.64,0.0051,"NV2t000731001.1","Molecular Functions","Transposon Tf1-107 polyprotein (EC 2.7.7.49) (EC 2.7.7.7) (EC 3.4.23.-)","Tf1-107"
"1143","GO:0003887","DNA-directed DNA polymerase activity",139,8,2.64,0.0051,"NV2t001671002.1","Molecular Functions","Gag-Pol polyprotein (Pr160Gag-Pol) [Cleaved into: Matrix protein p17 (MA); Capsid protein p24 (CA); Spacer peptide 1 (SP1) (p2); Nucleocapsid protein p7 (NC); Transframe peptide (TF); p6-pol (p6*); Protease (EC 3.4.23.16) (PR) (Retropepsin); Reverse transcriptase/ribonuclease H (EC 2.7.7.49) (EC 2.7.7.7) (EC 3.1.26.13) (Exoribonuclease H) (EC 3.1.13.2) (p66 RT); p51 RT; p15; Integrase (IN) (EC 2.7.7.-) (EC 3.1.-.-)]","gag-pol"
"1144","GO:0003887","DNA-directed DNA polymerase activity",139,8,2.64,0.0051,"NV2t001671003.1","Molecular Functions","Gag-Pol polyprotein (Pr160Gag-Pol) [Cleaved into: Matrix protein p17 (MA); Capsid protein p24 (CA); Spacer peptide 1 (SP1) (p2); Nucleocapsid protein p7 (NC); Transframe peptide (TF); p6-pol (p6*); Protease (EC 3.4.23.16) (PR) (Retropepsin); Reverse transcriptase/ribonuclease H (EC 2.7.7.49) (EC 2.7.7.7) (EC 3.1.26.13) (Exoribonuclease H) (EC 3.1.13.2) (p66 RT); p51 RT; p15; Integrase (IN) (EC 2.7.7.-) (EC 3.1.-.-)]","gag-pol"
"1145","GO:0003887","DNA-directed DNA polymerase activity",139,8,2.64,0.0051,"NV2t001899001.1","Molecular Functions","Transposon Tf1-107 polyprotein (EC 2.7.7.49) (EC 2.7.7.7) (EC 3.4.23.-)","Tf1-107"
"1146","GO:0003887","DNA-directed DNA polymerase activity",139,8,2.64,0.0051,"NV2t022633001.1","Molecular Functions","Transposon Ty3-G Gag-Pol polyprotein (Gag3-Pol3) (Transposon Ty3-1 TYA-TYB polyprotein) [Cleaved into: Capsid protein (CA) (p24); Spacer peptide p3; Nucleocapsid protein p11 (NC); Ty3 protease (PR) (EC 3.4.23.-) (p16); Spacer peptide J; Reverse transcriptase/ribonuclease H (RT) (RT-RH) (EC 2.7.7.49) (EC 2.7.7.7) (EC 3.1.26.4) (p55); Integrase p61 (IN); Integrase p58 (IN)]","TY3B-G YGRWTy3-1 POL YGR109W-B G5984"
"1147","GO:0003887","DNA-directed DNA polymerase activity",139,8,2.64,0.0051,"NV2t022833001.1","Molecular Functions","Transposon Ty3-I Gag-Pol polyprotein (Gag3-Pol3) (Transposon Ty3-2 TYA-TYB polyprotein) [Cleaved into: Capsid protein (CA) (p24); Spacer peptide p3; Nucleocapsid protein p11 (NC); Ty3 protease (PR) (EC 3.4.23.-) (p16); Spacer peptide J; Reverse transcriptase/ribonuclease H (RT) (RT-RH) (EC 2.7.7.49) (EC 2.7.7.7) (EC 3.1.26.4) (p55); Integrase p52 (IN); Integrase p49 (IN)]","TY3B-I YILWTy3-1 POL YIL082W-A"
"1148","GO:0003887","DNA-directed DNA polymerase activity",139,8,2.64,0.0051,"NV2t024556001.1","Molecular Functions","Transposon Ty3-I Gag-Pol polyprotein (Gag3-Pol3) (Transposon Ty3-2 TYA-TYB polyprotein) [Cleaved into: Capsid protein (CA) (p24); Spacer peptide p3; Nucleocapsid protein p11 (NC); Ty3 protease (PR) (EC 3.4.23.-) (p16); Spacer peptide J; Reverse transcriptase/ribonuclease H (RT) (RT-RH) (EC 2.7.7.49) (EC 2.7.7.7) (EC 3.1.26.4) (p55); Integrase p52 (IN); Integrase p49 (IN)]","TY3B-I YILWTy3-1 POL YIL082W-A"
"1149","GO:0140658","ATP-dependent chromatin remodeler activity",27,5,0.51,0.00599,"NV2t000946001.1","Molecular Functions","SWI/SNF-related matrix-associated actin-dependent regulator of chromatin subfamily A member 4 (SMARCA4) (EC 3.6.4.-) (BRG1-associated factor 190A) (BAF190A) (Mitotic growth and transcription activator) (Protein BRG-1) (Protein brahma homolog 1) (SNF2-beta) (Transcription activator BRG1)","SMARCA4 BAF190A BRG1 SNF2B SNF2L4"
"1150","GO:0140658","ATP-dependent chromatin remodeler activity",27,5,0.51,0.00599,"NV2t005242001.1","Molecular Functions","ATP-dependent chromatin remodeler CHD7 (EC 3.6.4.-) (Chromo domain-containing protein 7) (CHD-7)","CHD7"
"1151","GO:0140658","ATP-dependent chromatin remodeler activity",27,5,0.51,0.00599,"NV2t005242002.1","Molecular Functions","ATP-dependent chromatin remodeler CHD7 (EC 3.6.4.-) (Chromo domain-containing protein 7) (CHD-7)","CHD7"
"1152","GO:0140658","ATP-dependent chromatin remodeler activity",27,5,0.51,0.00599,"NV2t005242003.1","Molecular Functions","ATP-dependent chromatin remodeler CHD7 (EC 3.6.4.-) (Chromo domain-containing protein 7) (CHD-7)","Chd7"
"1153","GO:0140658","ATP-dependent chromatin remodeler activity",27,5,0.51,0.00599,"NV2t022636001.1","Molecular Functions","Remodeling and spacing factor 1 (Rsf-1) (HBV pX-associated protein 8) (Hepatitis B virus X-associated protein) (p325 subunit of RSF chromatin-remodeling complex)","RSF1 HBXAP XAP8"
"1154","GO:0043021","ribonucleoprotein complex binding",188,22,3.57,0.00659,"NV2t007076001.1","Molecular Functions","Acyl carrier protein, mitochondrial (ACP) (CI-SDAP) (NADH-ubiquinone oxidoreductase 9.6 kDa subunit)","Ndufab1"
"1155","GO:0043021","ribonucleoprotein complex binding",188,22,3.57,0.00659,"NV2t007890001.1","Molecular Functions","Probable ATP-dependent RNA helicase DDX5 (EC 3.6.4.13) (DEAD box RNA helicase DEAD1) (mDEAD1) (DEAD box protein 5) (RNA helicase p68)","Ddx5 Tnz2"
"1156","GO:0043021","ribonucleoprotein complex binding",188,22,3.57,0.00659,"NV2t007890002.1","Molecular Functions","Probable ATP-dependent RNA helicase DDX5 (EC 3.6.4.13) (DEAD box RNA helicase DEAD1) (mDEAD1) (DEAD box protein 5) (RNA helicase p68)","Ddx5 Tnz2"
"1157","GO:0043021","ribonucleoprotein complex binding",188,22,3.57,0.00659,"NV2t007890003.1","Molecular Functions","Probable ATP-dependent RNA helicase DDX5 (EC 3.6.4.13) (DEAD box RNA helicase DEAD1) (mDEAD1) (DEAD box protein 5) (RNA helicase p68)","Ddx5 Tnz2"
"1158","GO:0043021","ribonucleoprotein complex binding",188,22,3.57,0.00659,"NV2t007890004.1","Molecular Functions","Probable ATP-dependent RNA helicase DDX5 (EC 3.6.4.13) (DEAD box RNA helicase DEAD1) (mDEAD1) (DEAD box protein 5) (RNA helicase p68)","Ddx5 Tnz2"
"1159","GO:0043021","ribonucleoprotein complex binding",188,22,3.57,0.00659,"NV2t023410001.1","Molecular Functions","Elongation factor 2 (EF-2) (EC 3.6.5.-)","EEF2"
"1160","GO:0043021","ribonucleoprotein complex binding",188,22,3.57,0.00659,"NV2t023410002.1","Molecular Functions","Elongation factor 2 (EF-2) (EC 3.6.5.-)","EEF2"
"1161","GO:0043021","ribonucleoprotein complex binding",188,22,3.57,0.00659,"NV2t023410003.1","Molecular Functions","Elongation factor 2 (EF-2) (EC 3.6.5.-)","EEF2"
"1162","GO:0043021","ribonucleoprotein complex binding",188,22,3.57,0.00659,"NV2t023410004.1","Molecular Functions","Elongation factor 2 (EF-2) (EC 3.6.5.-)","EEF2"
"1163","GO:0043021","ribonucleoprotein complex binding",188,22,3.57,0.00659,"NV2t023410005.1","Molecular Functions","Elongation factor 2 (EF-2) (EC 3.6.5.-)","EEF2"
"1164","GO:0043021","ribonucleoprotein complex binding",188,22,3.57,0.00659,"NV2t023410006.1","Molecular Functions","Elongation factor 2 (EF-2) (EC 3.6.5.-)","EEF2"
"1165","GO:0043021","ribonucleoprotein complex binding",188,22,3.57,0.00659,"NV2t023410007.1","Molecular Functions","Elongation factor 2 (EF-2) (EC 3.6.5.-)","EEF2"
"1166","GO:0043021","ribonucleoprotein complex binding",188,22,3.57,0.00659,"NV2t023410008.1","Molecular Functions","Eukaryotic translation elongation factor 2 (EC 3.6.5.-) (Elongation factor 2) (EF-2)","eEF2 EF2 Ef2b CG2238"
"1167","GO:0043021","ribonucleoprotein complex binding",188,22,3.57,0.00659,"NV2t023410009.1","Molecular Functions","Eukaryotic translation elongation factor 2 (EC 3.6.5.-) (Elongation factor 2) (EF-2)","eEF2 EF2 Ef2b CG2238"
"1168","GO:0043021","ribonucleoprotein complex binding",188,22,3.57,0.00659,"NV2t023410010.1","Molecular Functions","Elongation factor 2 (EF-2) (EC 3.6.5.-)","EEF2"
"1169","GO:0043021","ribonucleoprotein complex binding",188,22,3.57,0.00659,"NV2t023410011.1","Molecular Functions","Eukaryotic translation elongation factor 2 (EC 3.6.5.-) (Elongation factor 2) (EF-2)","eEF2 EF2 Ef2b CG2238"
"1170","GO:0043021","ribonucleoprotein complex binding",188,22,3.57,0.00659,"NV2t023410012.1","Molecular Functions","Eukaryotic translation elongation factor 2 (EC 3.6.5.-) (Elongation factor 2) (EF-2)","eEF2 EF2 Ef2b CG2238"
"1171","GO:0043021","ribonucleoprotein complex binding",188,22,3.57,0.00659,"NV2t023410013.1","Molecular Functions","Elongation factor 2 (EF-2) (EC 3.6.5.-)","EEF2"
"1172","GO:0043021","ribonucleoprotein complex binding",188,22,3.57,0.00659,"NV2t023410014.1","Molecular Functions","Eukaryotic translation elongation factor 2 (EC 3.6.5.-) (Elongation factor 2) (EF-2)","eEF2 EF2 Ef2b CG2238"
"1173","GO:0043021","ribonucleoprotein complex binding",188,22,3.57,0.00659,"NV2t023683001.1","Molecular Functions","BOS complex subunit ncln (Nicalin-1) (Nicastrin-like protein 1)","ncln ncl1"
"1174","GO:0043021","ribonucleoprotein complex binding",188,22,3.57,0.00659,"NV2t023688003.1","Molecular Functions","Major facilitator superfamily domain-containing protein 12","MFSD12"
"1175","GO:0043021","ribonucleoprotein complex binding",188,22,3.57,0.00659,"NV2t024797001.1","Molecular Functions","Endoplasmic reticulum chaperone BiP (EC 3.6.4.10) (78 kDa glucose-regulated protein) (GRP-78) (Binding-immunoglobulin protein) (BiP) (Heat shock protein 70 family protein 5) (HSP70 family protein 5) (Heat shock protein family A member 5) (Immunoglobulin heavy chain-binding protein)","HSPA5 GRP78"
"1176","GO:0004519","endonuclease activity",333,18,6.32,0.00775,"NV2t000395001.1","Molecular Functions","Retrovirus-related Pol polyprotein from transposon 412 [Includes: Protease (EC 3.4.23.-); Reverse transcriptase (EC 2.7.7.49); Endonuclease]","POL ORF3"
"1177","GO:0004519","endonuclease activity",333,18,6.32,0.00775,"NV2t000483001.1","Molecular Functions","Transposon Tf1-107 polyprotein (EC 2.7.7.49) (EC 2.7.7.7) (EC 3.4.23.-)","Tf1-107"
"1178","GO:0004519","endonuclease activity",333,18,6.32,0.00775,"NV2t000731001.1","Molecular Functions","Transposon Tf1-107 polyprotein (EC 2.7.7.49) (EC 2.7.7.7) (EC 3.4.23.-)","Tf1-107"
"1179","GO:0004519","endonuclease activity",333,18,6.32,0.00775,"NV2t000885001.1","Molecular Functions","Retrovirus-related Pol polyprotein from transposon 17.6 [Includes: Protease (EC 3.4.23.-); Reverse transcriptase (EC 2.7.7.49); Endonuclease]","pol"
"1180","GO:0004519","endonuclease activity",333,18,6.32,0.00775,"NV2t001671002.1","Molecular Functions","Gag-Pol polyprotein (Pr160Gag-Pol) [Cleaved into: Matrix protein p17 (MA); Capsid protein p24 (CA); Spacer peptide 1 (SP1) (p2); Nucleocapsid protein p7 (NC); Transframe peptide (TF); p6-pol (p6*); Protease (EC 3.4.23.16) (PR) (Retropepsin); Reverse transcriptase/ribonuclease H (EC 2.7.7.49) (EC 2.7.7.7) (EC 3.1.26.13) (Exoribonuclease H) (EC 3.1.13.2) (p66 RT); p51 RT; p15; Integrase (IN) (EC 2.7.7.-) (EC 3.1.-.-)]","gag-pol"
"1181","GO:0004519","endonuclease activity",333,18,6.32,0.00775,"NV2t001671003.1","Molecular Functions","Gag-Pol polyprotein (Pr160Gag-Pol) [Cleaved into: Matrix protein p17 (MA); Capsid protein p24 (CA); Spacer peptide 1 (SP1) (p2); Nucleocapsid protein p7 (NC); Transframe peptide (TF); p6-pol (p6*); Protease (EC 3.4.23.16) (PR) (Retropepsin); Reverse transcriptase/ribonuclease H (EC 2.7.7.49) (EC 2.7.7.7) (EC 3.1.26.13) (Exoribonuclease H) (EC 3.1.13.2) (p66 RT); p51 RT; p15; Integrase (IN) (EC 2.7.7.-) (EC 3.1.-.-)]","gag-pol"
"1182","GO:0004519","endonuclease activity",333,18,6.32,0.00775,"NV2t001899001.1","Molecular Functions","Transposon Tf1-107 polyprotein (EC 2.7.7.49) (EC 2.7.7.7) (EC 3.4.23.-)","Tf1-107"
"1183","GO:0004519","endonuclease activity",333,18,6.32,0.00775,"NV2t005965001.1","Molecular Functions","Probable ribonuclease ZC3H12C (EC 3.1.-.-) (Zinc finger CCCH domain-containing protein 12C)","Zc3h12c Kiaa1726"
"1184","GO:0004519","endonuclease activity",333,18,6.32,0.00775,"NV2t005965002.1","Molecular Functions","Probable ribonuclease ZC3H12D (EC 3.1.-.-) (MCP-induced protein 4) (Transformed follicular lymphoma) (Zinc finger CCCH domain-containing protein 12D) (p34)","ZC3H12D C6orf95 MCPIP4 TFL"
"1185","GO:0004519","endonuclease activity",333,18,6.32,0.00775,"NV2t005965003.1","Molecular Functions","Probable ribonuclease ZC3H12D (EC 3.1.-.-) (MCP-induced protein 4) (Transformed follicular lymphoma) (Zinc finger CCCH domain-containing protein 12D) (p34)","ZC3H12D C6orf95 MCPIP4 TFL"
"1186","GO:0004519","endonuclease activity",333,18,6.32,0.00775,"NV2t021268001.1","Molecular Functions","Retrovirus-related Pol polyprotein from transposon 17.6 [Includes: Protease (EC 3.4.23.-); Reverse transcriptase (EC 2.7.7.49); Endonuclease]","pol"
"1187","GO:0004519","endonuclease activity",333,18,6.32,0.00775,"NV2t022412001.1","Molecular Functions","DNA excision repair protein ERCC-5 homolog (EC 3.1.-.-) (DNA repair protein complementing XP-G cells homolog) (Xeroderma pigmentosum group G-complementing protein homolog)","ercc5 xpg xpgc"
"1188","GO:0004519","endonuclease activity",333,18,6.32,0.00775,"NV2t022633001.1","Molecular Functions","Transposon Ty3-G Gag-Pol polyprotein (Gag3-Pol3) (Transposon Ty3-1 TYA-TYB polyprotein) [Cleaved into: Capsid protein (CA) (p24); Spacer peptide p3; Nucleocapsid protein p11 (NC); Ty3 protease (PR) (EC 3.4.23.-) (p16); Spacer peptide J; Reverse transcriptase/ribonuclease H (RT) (RT-RH) (EC 2.7.7.49) (EC 2.7.7.7) (EC 3.1.26.4) (p55); Integrase p61 (IN); Integrase p58 (IN)]","TY3B-G YGRWTy3-1 POL YGR109W-B G5984"
"1189","GO:0004519","endonuclease activity",333,18,6.32,0.00775,"NV2t022833001.1","Molecular Functions","Transposon Ty3-I Gag-Pol polyprotein (Gag3-Pol3) (Transposon Ty3-2 TYA-TYB polyprotein) [Cleaved into: Capsid protein (CA) (p24); Spacer peptide p3; Nucleocapsid protein p11 (NC); Ty3 protease (PR) (EC 3.4.23.-) (p16); Spacer peptide J; Reverse transcriptase/ribonuclease H (RT) (RT-RH) (EC 2.7.7.49) (EC 2.7.7.7) (EC 3.1.26.4) (p55); Integrase p52 (IN); Integrase p49 (IN)]","TY3B-I YILWTy3-1 POL YIL082W-A"
"1190","GO:0004519","endonuclease activity",333,18,6.32,0.00775,"NV2t024553001.1","Molecular Functions","LINE-1 retrotransposable element ORF2 protein (ORF2p) [Includes: Reverse transcriptase (EC 2.7.7.49); Endonuclease (EC 3.1.21.-)]",""
"1191","GO:0004519","endonuclease activity",333,18,6.32,0.00775,"NV2t024556001.1","Molecular Functions","Transposon Ty3-I Gag-Pol polyprotein (Gag3-Pol3) (Transposon Ty3-2 TYA-TYB polyprotein) [Cleaved into: Capsid protein (CA) (p24); Spacer peptide p3; Nucleocapsid protein p11 (NC); Ty3 protease (PR) (EC 3.4.23.-) (p16); Spacer peptide J; Reverse transcriptase/ribonuclease H (RT) (RT-RH) (EC 2.7.7.49) (EC 2.7.7.7) (EC 3.1.26.4) (p55); Integrase p52 (IN); Integrase p49 (IN)]","TY3B-I YILWTy3-1 POL YIL082W-A"
"1192","GO:0004519","endonuclease activity",333,18,6.32,0.00775,"NV2t024626001.1","Molecular Functions","Retrovirus-related Pol polyprotein from transposon 17.6 [Includes: Protease (EC 3.4.23.-); Reverse transcriptase (EC 2.7.7.49); Endonuclease]","pol"
"1193","GO:0004519","endonuclease activity",333,18,6.32,0.00775,"NV2t025035001.1","Molecular Functions","Retrovirus-related Pol polyprotein from transposon 17.6 [Includes: Protease (EC 3.4.23.-); Reverse transcriptase (EC 2.7.7.49); Endonuclease]","pol"
"1194","GO:0003756","protein disulfide isomerase activity",24,3,0.46,0.01021,"NV2t007716001.1","Molecular Functions","Protein disulfide-isomerase (PDI) (EC 5.3.4.1) (Cellular thyroid hormone-binding protein) (Prolyl 4-hydroxylase subunit beta)","P4hb Pdia1"
"1195","GO:0003756","protein disulfide isomerase activity",24,3,0.46,0.01021,"NV2t007716002.1","Molecular Functions","Protein disulfide-isomerase (PDI) (EC 5.3.4.1) (Cellular thyroid hormone-binding protein) (Prolyl 4-hydroxylase subunit beta) (p55)","P4HB PDIA1"
"1196","GO:0003756","protein disulfide isomerase activity",24,3,0.46,0.01021,"NV2t007716003.1","Molecular Functions","Protein disulfide-isomerase (PDI) (EC 5.3.4.1) (Cellular thyroid hormone-binding protein) (Prolyl 4-hydroxylase subunit beta) (p55)","P4HB PDIA1"
"1197","GO:0141109","transporter activator activity",25,3,0.47,0.01144,"NV2t001891001.1","Molecular Functions","Serine/threonine-protein kinase WNK3 (EC 2.7.11.1) (Protein kinase lysine-deficient 3) (Protein kinase with no lysine 3)","Wnk3"
"1198","GO:0141109","transporter activator activity",25,3,0.47,0.01144,"NV2t001891002.1","Molecular Functions","Serine/threonine-protein kinase WNK3 (EC 2.7.11.1) (Protein kinase lysine-deficient 3) (Protein kinase with no lysine 3)","Wnk3"
"1199","GO:0141109","transporter activator activity",25,3,0.47,0.01144,"NV2t001891003.1","Molecular Functions","Serine/threonine-protein kinase WNK3 (EC 2.7.11.1) (Protein kinase lysine-deficient 3) (Protein kinase with no lysine 3)","Wnk3"
"1200","GO:0031386","protein tag activity",9,2,0.17,0.01184,"NV2t020473001.1","Molecular Functions","Ubiquitin-ribosomal protein eS31 fusion protein (Ubiquitin carboxyl extension protein 80) [Cleaved into: Ubiquitin; Small ribosomal subunit protein eS31 (40S ribosomal protein S27a)]","RPS27A UBA80"
"1201","GO:0031386","protein tag activity",9,2,0.17,0.01184,"NV2t022804001.1","Molecular Functions","Ubiquitin-ribosomal protein eL40 fusion protein (CEP52) [Cleaved into: Ubiquitin; Large ribosomal subunit protein eL40 (60S ribosomal protein L40)]","RpL40 Ubi-f UBI-F52 CG2960"
"1202","GO:0002161","aminoacyl-tRNA editing activity",10,2,0.19,0.01461,"NV2t025616001.1","Molecular Functions","Valine--tRNA ligase (EC 6.1.1.9) (Valyl-tRNA synthetase) (ValRS)","Vars1 Vars Vars2"
"1203","GO:0002161","aminoacyl-tRNA editing activity",10,2,0.19,0.01461,"NV2t025616002.1","Molecular Functions","Valine--tRNA ligase (EC 6.1.1.9) (Protein G7a) (Valyl-tRNA synthetase) (ValRS)","VARS1 G7A VARS VARS2"
"1204","GO:0010855","adenylate cyclase inhibitor activity",11,2,0.21,0.01764,"NV2t023276001.1","Molecular Functions","Adhesion G protein-coupled receptor V1 (EC 3.4.-.-) (G protein-coupled receptor 98) (Monogenic audiogenic seizure susceptibility protein 1 homolog) (Very large G protein-coupled receptor 1)","adgrv1 gpr98 mass1 vlgr1"
"1205","GO:0010855","adenylate cyclase inhibitor activity",11,2,0.21,0.01764,"NV2t023278001.1","Molecular Functions","Adhesion G protein-coupled receptor V1 (EC 3.4.-.-) (G protein-coupled receptor 98) (Monogenic audiogenic seizure susceptibility protein 1 homolog) (Very large G protein-coupled receptor 1)","adgrv1 gpr98 mass1 vlgr1"
"1206","GO:0044325","transmembrane transporter binding",141,7,2.68,0.01819,"NV2t000699001.1","Molecular Functions","Filamin-A (FLN-A) (Actin-binding protein 280) (ABP-280) (Alpha-filamin) (Endothelial actin-binding protein) (Filamin-1) (Non-muscle filamin)","Flna Fln Fln1"
"1207","GO:0044325","transmembrane transporter binding",141,7,2.68,0.01819,"NV2t001108001.1","Molecular Functions","Glucosidase 2 subunit beta (80K-H protein) (Glucosidase II subunit beta) (Protein kinase C substrate 60.1 kDa protein heavy chain) (PKCSH)","PRKCSH G19P1"
"1208","GO:0044325","transmembrane transporter binding",141,7,2.68,0.01819,"NV2t001108002.1","Molecular Functions","Glucosidase 2 subunit beta (80K-H protein) (Glucosidase II subunit beta) (Protein kinase C substrate 60.1 kDa protein heavy chain) (PKCSH)","PRKCSH G19P1"
"1209","GO:0044325","transmembrane transporter binding",141,7,2.68,0.01819,"NV2t001108003.1","Molecular Functions","Glucosidase 2 subunit beta (80K-H protein) (Glucosidase II subunit beta) (Protein kinase C substrate 60.1 kDa protein heavy chain) (PKCSH)","PRKCSH G19P1"
"1210","GO:0044325","transmembrane transporter binding",141,7,2.68,0.01819,"NV2t001891001.1","Molecular Functions","Serine/threonine-protein kinase WNK3 (EC 2.7.11.1) (Protein kinase lysine-deficient 3) (Protein kinase with no lysine 3)","Wnk3"
"1211","GO:0044325","transmembrane transporter binding",141,7,2.68,0.01819,"NV2t001891002.1","Molecular Functions","Serine/threonine-protein kinase WNK3 (EC 2.7.11.1) (Protein kinase lysine-deficient 3) (Protein kinase with no lysine 3)","Wnk3"
"1212","GO:0044325","transmembrane transporter binding",141,7,2.68,0.01819,"NV2t001891003.1","Molecular Functions","Serine/threonine-protein kinase WNK3 (EC 2.7.11.1) (Protein kinase lysine-deficient 3) (Protein kinase with no lysine 3)","Wnk3"
"1213","GO:0003727","single-stranded RNA binding",132,30,2.5,0.01827,"NV2t005899001.1","Molecular Functions","Polyadenylate-binding protein 1A (PABP-1A) (Poly(A)-binding protein 1A)","pabpc1a"
"1214","GO:0003727","single-stranded RNA binding",132,30,2.5,0.01827,"NV2t005899002.1","Molecular Functions","Polyadenylate-binding protein 1A (PABP-1A) (Poly(A)-binding protein 1A)","pabpc1a"
"1215","GO:0003727","single-stranded RNA binding",132,30,2.5,0.01827,"NV2t005899003.1","Molecular Functions","Polyadenylate-binding protein 1 (PABP-1) (Poly(A)-binding protein 1)","Pabpc1 Pabp1"
"1216","GO:0003727","single-stranded RNA binding",132,30,2.5,0.01827,"NV2t005899004.1","Molecular Functions","Polyadenylate-binding protein 4 (PABP-4) (Poly(A)-binding protein 4) (Activated-platelet protein 1) (APP-1) (Inducible poly(A)-binding protein) (iPABP)","PABPC4 APP1 PABP4"
"1217","GO:0003727","single-stranded RNA binding",132,30,2.5,0.01827,"NV2t005899005.1","Molecular Functions","Polyadenylate-binding protein 1A (PABP-1A) (Poly(A)-binding protein 1A)","pabpc1a"
"1218","GO:0003727","single-stranded RNA binding",132,30,2.5,0.01827,"NV2t005899006.1","Molecular Functions","Polyadenylate-binding protein 1 (PABP-1) (Poly(A)-binding protein 1)","Pabpc1 Pabp1"
"1219","GO:0003727","single-stranded RNA binding",132,30,2.5,0.01827,"NV2t005899007.1","Molecular Functions","Polyadenylate-binding protein 1A (PABP-1A) (Poly(A)-binding protein 1A)","pabpc1a"
"1220","GO:0003727","single-stranded RNA binding",132,30,2.5,0.01827,"NV2t005899008.1","Molecular Functions","Polyadenylate-binding protein 4 (PABP-4) (Poly(A)-binding protein 4) (Activated-platelet protein 1) (APP-1) (Inducible poly(A)-binding protein) (iPABP)","PABPC4 APP1 PABP4"
"1221","GO:0003727","single-stranded RNA binding",132,30,2.5,0.01827,"NV2t005899009.1","Molecular Functions","Polyadenylate-binding protein 1-A (PABP-1-A) (Poly(A)-binding protein 1-A) (xPABP1-A) (Cytoplasmic poly(A)-binding protein 1-A)","pabpc1-a pabp pabp1"
"1222","GO:0003727","single-stranded RNA binding",132,30,2.5,0.01827,"NV2t005899010.1","Molecular Functions","Polyadenylate-binding protein 4 (PABP-4) (Poly(A)-binding protein 4) (Activated-platelet protein 1) (APP-1) (Inducible poly(A)-binding protein) (iPABP)","PABPC4 APP1 PABP4"
"1223","GO:0003727","single-stranded RNA binding",132,30,2.5,0.01827,"NV2t005899011.1","Molecular Functions","Polyadenylate-binding protein 4 (PABP-4) (Poly(A)-binding protein 4) (Activated-platelet protein 1) (APP-1) (Inducible poly(A)-binding protein) (iPABP)","PABPC4 APP1 PABP4"
"1224","GO:0003727","single-stranded RNA binding",132,30,2.5,0.01827,"NV2t005899012.1","Molecular Functions","Polyadenylate-binding protein 4 (PABP-4) (Poly(A)-binding protein 4) (Activated-platelet protein 1) (APP-1) (Inducible poly(A)-binding protein) (iPABP)","PABPC4 APP1 PABP4"
"1225","GO:0003727","single-stranded RNA binding",132,30,2.5,0.01827,"NV2t005899013.1","Molecular Functions","Polyadenylate-binding protein 4 (PABP-4) (Poly(A)-binding protein 4) (Activated-platelet protein 1) (APP-1) (Inducible poly(A)-binding protein) (iPABP)","PABPC4 APP1 PABP4"
"1226","GO:0003727","single-stranded RNA binding",132,30,2.5,0.01827,"NV2t005899014.1","Molecular Functions","Polyadenylate-binding protein 4 (PABP-4) (Poly(A)-binding protein 4) (Activated-platelet protein 1) (APP-1) (Inducible poly(A)-binding protein) (iPABP)","PABPC4 APP1 PABP4"
"1227","GO:0003727","single-stranded RNA binding",132,30,2.5,0.01827,"NV2t005899015.1","Molecular Functions","Polyadenylate-binding protein 4 (PABP-4) (Poly(A)-binding protein 4) (Activated-platelet protein 1) (APP-1) (Inducible poly(A)-binding protein) (iPABP)","PABPC4 APP1 PABP4"
"1228","GO:0003727","single-stranded RNA binding",132,30,2.5,0.01827,"NV2t005899016.1","Molecular Functions","Polyadenylate-binding protein 4 (PABP-4) (Poly(A)-binding protein 4) (Activated-platelet protein 1) (APP-1) (Inducible poly(A)-binding protein) (iPABP)","PABPC4 APP1 PABP4"
"1229","GO:0003727","single-stranded RNA binding",132,30,2.5,0.01827,"NV2t005899017.1","Molecular Functions","Polyadenylate-binding protein 4 (PABP-4) (Poly(A)-binding protein 4) (Activated-platelet protein 1) (APP-1) (Inducible poly(A)-binding protein) (iPABP)","PABPC4 APP1 PABP4"
"1230","GO:0003727","single-stranded RNA binding",132,30,2.5,0.01827,"NV2t005899018.1","Molecular Functions","Polyadenylate-binding protein 4 (PABP-4) (Poly(A)-binding protein 4) (Activated-platelet protein 1) (APP-1) (Inducible poly(A)-binding protein) (iPABP)","PABPC4 APP1 PABP4"
"1231","GO:0003727","single-stranded RNA binding",132,30,2.5,0.01827,"NV2t005899019.1","Molecular Functions","Polyadenylate-binding protein 4 (PABP-4) (Poly(A)-binding protein 4) (Activated-platelet protein 1) (APP-1) (Inducible poly(A)-binding protein) (iPABP)","PABPC4 APP1 PABP4"
"1232","GO:0003727","single-stranded RNA binding",132,30,2.5,0.01827,"NV2t005899020.1","Molecular Functions","Polyadenylate-binding protein 4 (PABP-4) (Poly(A)-binding protein 4) (Activated-platelet protein 1) (APP-1) (Inducible poly(A)-binding protein) (iPABP)","PABPC4 APP1 PABP4"
"1233","GO:0003727","single-stranded RNA binding",132,30,2.5,0.01827,"NV2t005899021.1","Molecular Functions","Polyadenylate-binding protein 4 (PABP-4) (Poly(A)-binding protein 4) (Activated-platelet protein 1) (APP-1) (Inducible poly(A)-binding protein) (iPABP)","PABPC4 APP1 PABP4"
"1234","GO:0003727","single-stranded RNA binding",132,30,2.5,0.01827,"NV2t005899022.1","Molecular Functions","Polyadenylate-binding protein 4 (PABP-4) (Poly(A)-binding protein 4) (Activated-platelet protein 1) (APP-1) (Inducible poly(A)-binding protein) (iPABP)","PABPC4 APP1 PABP4"
"1235","GO:0003727","single-stranded RNA binding",132,30,2.5,0.01827,"NV2t005899023.1","Molecular Functions","Polyadenylate-binding protein 4 (PABP-4) (Poly(A)-binding protein 4) (Activated-platelet protein 1) (APP-1) (Inducible poly(A)-binding protein) (iPABP)","PABPC4 APP1 PABP4"
"1236","GO:0003727","single-stranded RNA binding",132,30,2.5,0.01827,"NV2t005899024.1","Molecular Functions","Polyadenylate-binding protein 1 (PABP-1) (Poly(A)-binding protein 1)","Pabpc1 Pabp1"
"1237","GO:0003727","single-stranded RNA binding",132,30,2.5,0.01827,"NV2t023108001.1","Molecular Functions","Zinc finger RNA-binding protein (hZFR) (M-phase phosphoprotein homolog)","ZFR"
"1238","GO:0003727","single-stranded RNA binding",132,30,2.5,0.01827,"NV2t023108002.1","Molecular Functions","Zinc finger RNA-binding protein","zfr"
"1239","GO:0003727","single-stranded RNA binding",132,30,2.5,0.01827,"NV2t023108003.1","Molecular Functions","Zinc finger RNA-binding protein","zfr"
"1240","GO:0003727","single-stranded RNA binding",132,30,2.5,0.01827,"NV2t023108004.1","Molecular Functions","Zinc finger RNA-binding protein","zfr"
"1241","GO:0003727","single-stranded RNA binding",132,30,2.5,0.01827,"NV2t023798001.1","Molecular Functions","DAZ-associated protein 1 (Deleted in azoospermia-associated protein 1)","Dazap1"
"1242","GO:0003727","single-stranded RNA binding",132,30,2.5,0.01827,"NV2t023798002.1","Molecular Functions","DAZ-associated protein 1 (Deleted in azoospermia-associated protein 1)","Dazap1"
"1243","GO:0140751","histone octamer slider activity",7,2,0.13,0.01893,"NV2t000946001.1","Molecular Functions","SWI/SNF-related matrix-associated actin-dependent regulator of chromatin subfamily A member 4 (SMARCA4) (EC 3.6.4.-) (BRG1-associated factor 190A) (BAF190A) (Mitotic growth and transcription activator) (Protein BRG-1) (Protein brahma homolog 1) (SNF2-beta) (Transcription activator BRG1)","SMARCA4 BAF190A BRG1 SNF2B SNF2L4"
"1244","GO:0140751","histone octamer slider activity",7,2,0.13,0.01893,"NV2t022636001.1","Molecular Functions","Remodeling and spacing factor 1 (Rsf-1) (HBV pX-associated protein 8) (Hepatitis B virus X-associated protein) (p325 subunit of RSF chromatin-remodeling complex)","RSF1 HBXAP XAP8"
"1245","GO:0050786","RAGE receptor binding",1,1,0.02,0.01898,"NV2t022363001.1","Molecular Functions","Amyloid-beta precursor protein (ABPP) (APP) (Alzheimer disease amyloid A4 protein homolog) (Alzheimer disease amyloid protein) (Amyloid precursor protein) (Amyloid-beta (A4) precursor protein) (Amyloid-beta A4 protein) (Amyloidogenic glycoprotein) (AG) [Cleaved into: N-APP; Soluble APP-alpha (S-APP-alpha); Soluble APP-beta (S-APP-beta); C99 (Beta-secretase C-terminal fragment) (Beta-CTF); Amyloid-beta protein 42 (Abeta42) (Beta-APP42); Amyloid-beta protein 40 (Abeta40) (Beta-APP40); C83 (Alpha-secretase C-terminal fragment) (Alpha-CTF); P3(42); P3(40); C80; Gamma-secretase C-terminal fragment 59 (Gamma-CTF(59)); Gamma-secretase C-terminal fragment 57 (Gamma-CTF(57)); Gamma-secretase C-terminal fragment 50 (Gamma-CTF(50)); C31]","App A4 AD1"
"1246","GO:0004821","histidine-tRNA ligase activity",1,1,0.02,0.01898,"NV2t003148001.1","Molecular Functions","Histidine--tRNA ligase (EC 6.1.1.21)","hars"
"1247","GO:0004824","lysine-tRNA ligase activity",1,1,0.02,0.01898,"NV2t004685001.1","Molecular Functions","Lysine--tRNA ligase (EC 2.7.7.-) (EC 6.1.1.6) (Lysyl-tRNA synthetase) (LysRS)","Kars1 Kars"
"1248","GO:1990259","histone H2AQ104 methyltransferase activity",1,1,0.02,0.01898,"NV2t022514001.1","Molecular Functions","rRNA 2'-O-methyltransferase fibrillarin (EC 2.1.1.-) (Histone-glutamine methyltransferase)","Fib CG9888"
"1249","GO:0000036","acyl carrier activity",1,1,0.02,0.01898,"NV2t007076001.1","Molecular Functions","Acyl carrier protein, mitochondrial (ACP) (CI-SDAP) (NADH-ubiquinone oxidoreductase 9.6 kDa subunit)","Ndufab1"
"1250","GO:0015317","phosphate:proton symporter activity",1,1,0.02,0.01898,"NV2t001758001.1","Molecular Functions","Solute carrier family 25 member 3 (Phosphate carrier protein, mitochondrial) (Phosphate transport protein) (PTP)","Slc25a3"
"1251","GO:0003877","ATP:ADP adenylyltransferase activity",1,1,0.02,0.01898,"NV2t004685001.1","Molecular Functions","Lysine--tRNA ligase (EC 2.7.7.-) (EC 6.1.1.6) (Lysyl-tRNA synthetase) (LysRS)","Kars1 Kars"
"1252","GO:0072570","ADP-D-ribose binding",1,1,0.02,0.01898,"NV2t005663001.1","Molecular Functions","Core histone macro-H2A.1 (Histone macroH2A1) (mH2A1) (H2A.y) (H2A/y)","Macroh2a1 H2afy"
"1253","GO:0044877","protein-containing complex binding",1515,53,28.75,0.02307,"NV2t000699001.1","Molecular Functions","Filamin-A (FLN-A) (Actin-binding protein 280) (ABP-280) (Alpha-filamin) (Endothelial actin-binding protein) (Filamin-1) (Non-muscle filamin)","Flna Fln Fln1"
"1254","GO:0044877","protein-containing complex binding",1515,53,28.75,0.02307,"NV2t001273001.1","Molecular Functions","Titin (EC 2.7.11.1) (Connectin) (Rhabdomyosarcoma antigen MU-RMS-40.14)","TTN"
"1255","GO:0044877","protein-containing complex binding",1515,53,28.75,0.02307,"NV2t001273003.1","Molecular Functions","Titin (EC 2.7.11.1) (Connectin) (Rhabdomyosarcoma antigen MU-RMS-40.14)","TTN"
"1256","GO:0044877","protein-containing complex binding",1515,53,28.75,0.02307,"NV2t001758001.1","Molecular Functions","Solute carrier family 25 member 3 (Phosphate carrier protein, mitochondrial) (Phosphate transport protein) (PTP)","Slc25a3"
"1257","GO:0044877","protein-containing complex binding",1515,53,28.75,0.02307,"NV2t001929001.1","Molecular Functions","F-actin-capping protein subunit alpha-1 (Beta-actinin subunit I) (CapZ 36/32)","CAPZA1"
"1258","GO:0044877","protein-containing complex binding",1515,53,28.75,0.02307,"NV2t002068001.1","Molecular Functions","Transitional endoplasmic reticulum ATPase (TER ATPase) (EC 3.6.4.6) (15S Mg(2+)-ATPase p97 subunit) (p97) (Valosin-containing protein) (VCP)","vcp"
"1259","GO:0044877","protein-containing complex binding",1515,53,28.75,0.02307,"NV2t002714001.1","Molecular Functions","Tubulin alpha-1A chain (EC 3.6.5.-) (Alpha-tubulin 1) (Tubulin alpha-1 chain) [Cleaved into: Detyrosinated tubulin alpha-1A chain]","Tuba1a Tuba1"
"1260","GO:0044877","protein-containing complex binding",1515,53,28.75,0.02307,"NV2t002717001.1","Molecular Functions","Tubulin alpha-1A chain (EC 3.6.5.-) (Alpha-tubulin 1) (Tubulin alpha-1 chain) [Cleaved into: Detyrosinated tubulin alpha-1A chain]","Tuba1a Tuba1"
"1261","GO:0044877","protein-containing complex binding",1515,53,28.75,0.02307,"NV2t002717002.1","Molecular Functions","Tubulin alpha-1A chain (EC 3.6.5.-) (Alpha-tubulin 1) (Tubulin alpha-1 chain) [Cleaved into: Detyrosinated tubulin alpha-1A chain]","Tuba1a Tuba1"
"1262","GO:0044877","protein-containing complex binding",1515,53,28.75,0.02307,"NV2t002719002.1","Molecular Functions","Tubulin alpha-1A chain (EC 3.6.5.-) (Alpha-tubulin 1) (Tubulin alpha-1 chain) [Cleaved into: Detyrosinated tubulin alpha-1A chain]","Tuba1a Tuba1"
"1263","GO:0044877","protein-containing complex binding",1515,53,28.75,0.02307,"NV2t002880002.1","Molecular Functions","UDP-N-acetylglucosamine--peptide N-acetylglucosaminyltransferase 110 kDa subunit (EC 2.4.1.255) (O-GlcNAc transferase subunit p110) (O-linked N-acetylglucosamine transferase 110 kDa subunit) (OGT)","Ogt"
"1264","GO:0044877","protein-containing complex binding",1515,53,28.75,0.02307,"NV2t002880003.1","Molecular Functions","UDP-N-acetylglucosamine--peptide N-acetylglucosaminyltransferase 110 kDa subunit (EC 2.4.1.255) (O-GlcNAc transferase subunit p110) (O-linked N-acetylglucosamine transferase 110 kDa subunit) (OGT)","Ogt"
"1265","GO:0044877","protein-containing complex binding",1515,53,28.75,0.02307,"NV2t002880005.1","Molecular Functions","UDP-N-acetylglucosamine--peptide N-acetylglucosaminyltransferase 110 kDa subunit (EC 2.4.1.255) (O-GlcNAc transferase subunit p110) (O-linked N-acetylglucosamine transferase 110 kDa subunit) (OGT)","Ogt"
"1266","GO:0044877","protein-containing complex binding",1515,53,28.75,0.02307,"NV2t002880006.1","Molecular Functions","UDP-N-acetylglucosamine--peptide N-acetylglucosaminyltransferase 110 kDa subunit (EC 2.4.1.255) (O-GlcNAc transferase subunit p110) (O-linked N-acetylglucosamine transferase 110 kDa subunit) (OGT)","Ogt"
"1267","GO:0044877","protein-containing complex binding",1515,53,28.75,0.02307,"NV2t002880007.1","Molecular Functions","UDP-N-acetylglucosamine--peptide N-acetylglucosaminyltransferase 110 kDa subunit (EC 2.4.1.255) (O-GlcNAc transferase subunit p110) (O-linked N-acetylglucosamine transferase 110 kDa subunit) (OGT)","Ogt"
"1268","GO:0044877","protein-containing complex binding",1515,53,28.75,0.02307,"NV2t004859001.1","Molecular Functions","Granule associated Rac and RHOG effector protein 1 (GARRE1)","GARRE1 KIAA0355"
"1269","GO:0044877","protein-containing complex binding",1515,53,28.75,0.02307,"NV2t004859002.1","Molecular Functions","Granule associated Rac and RHOG effector protein 1 (GARRE1)","GARRE1 KIAA0355"
"1270","GO:0044877","protein-containing complex binding",1515,53,28.75,0.02307,"NV2t004966001.1","Molecular Functions","AP-1 complex subunit gamma-1 (Adaptor protein complex AP-1 subunit gamma-1) (Adaptor-related protein complex 1 subunit gamma-1) (Clathrin adaptor protein 1 core) (Clathrin assembly protein complex 1 gamma-1 large chain) (Gamma-adaptin) (Gamma1-adaptin) (Golgi adaptor HA1/AP1 adaptin subunit gamma-1)","Ap1g1 Adtg Clapg1"
"1271","GO:0044877","protein-containing complex binding",1515,53,28.75,0.02307,"NV2t005663001.1","Molecular Functions","Core histone macro-H2A.1 (Histone macroH2A1) (mH2A1) (H2A.y) (H2A/y)","Macroh2a1 H2afy"
"1272","GO:0044877","protein-containing complex binding",1515,53,28.75,0.02307,"NV2t007076001.1","Molecular Functions","Acyl carrier protein, mitochondrial (ACP) (CI-SDAP) (NADH-ubiquinone oxidoreductase 9.6 kDa subunit)","Ndufab1"
"1273","GO:0044877","protein-containing complex binding",1515,53,28.75,0.02307,"NV2t007410001.1","Molecular Functions","Myosin-10 (Cellular myosin heavy chain, type B) (Myosin heavy chain 10) (Myosin heavy chain, non-muscle IIb) (Non-muscle myosin heavy chain B) (NMMHC-B) (Non-muscle myosin heavy chain IIb) (NMMHC II-b) (NMMHC-IIB)","MYH10"
"1274","GO:0044877","protein-containing complex binding",1515,53,28.75,0.02307,"NV2t007410002.1","Molecular Functions","Myosin-10 (Cellular myosin heavy chain, type B) (Myosin heavy chain 10) (Myosin heavy chain, non-muscle IIb) (Non-muscle myosin heavy chain B) (NMMHC-B) (Non-muscle myosin heavy chain IIb) (NMMHC II-b) (NMMHC-IIB)","Myh10"
"1275","GO:0044877","protein-containing complex binding",1515,53,28.75,0.02307,"NV2t007716001.1","Molecular Functions","Protein disulfide-isomerase (PDI) (EC 5.3.4.1) (Cellular thyroid hormone-binding protein) (Prolyl 4-hydroxylase subunit beta)","P4hb Pdia1"
"1276","GO:0044877","protein-containing complex binding",1515,53,28.75,0.02307,"NV2t007878001.1","Molecular Functions","Tubulin alpha-1A chain (EC 3.6.5.-) (Alpha-tubulin 1) (Tubulin alpha-1 chain) [Cleaved into: Detyrosinated tubulin alpha-1A chain]","Tuba1a Tuba1"
"1277","GO:0044877","protein-containing complex binding",1515,53,28.75,0.02307,"NV2t007880001.1","Molecular Functions","Tubulin alpha-1A chain (EC 3.6.5.-) (Alpha-tubulin 1) (Tubulin alpha-1 chain) [Cleaved into: Detyrosinated tubulin alpha-1A chain]","Tuba1a Tuba1"
"1278","GO:0044877","protein-containing complex binding",1515,53,28.75,0.02307,"NV2t007890001.1","Molecular Functions","Probable ATP-dependent RNA helicase DDX5 (EC 3.6.4.13) (DEAD box RNA helicase DEAD1) (mDEAD1) (DEAD box protein 5) (RNA helicase p68)","Ddx5 Tnz2"
"1279","GO:0044877","protein-containing complex binding",1515,53,28.75,0.02307,"NV2t007890002.1","Molecular Functions","Probable ATP-dependent RNA helicase DDX5 (EC 3.6.4.13) (DEAD box RNA helicase DEAD1) (mDEAD1) (DEAD box protein 5) (RNA helicase p68)","Ddx5 Tnz2"
"1280","GO:0044877","protein-containing complex binding",1515,53,28.75,0.02307,"NV2t007890003.1","Molecular Functions","Probable ATP-dependent RNA helicase DDX5 (EC 3.6.4.13) (DEAD box RNA helicase DEAD1) (mDEAD1) (DEAD box protein 5) (RNA helicase p68)","Ddx5 Tnz2"
"1281","GO:0044877","protein-containing complex binding",1515,53,28.75,0.02307,"NV2t007890004.1","Molecular Functions","Probable ATP-dependent RNA helicase DDX5 (EC 3.6.4.13) (DEAD box RNA helicase DEAD1) (mDEAD1) (DEAD box protein 5) (RNA helicase p68)","Ddx5 Tnz2"
"1282","GO:0044877","protein-containing complex binding",1515,53,28.75,0.02307,"NV2t022363001.1","Molecular Functions","Amyloid-beta precursor protein (ABPP) (APP) (Alzheimer disease amyloid A4 protein homolog) (Alzheimer disease amyloid protein) (Amyloid precursor protein) (Amyloid-beta (A4) precursor protein) (Amyloid-beta A4 protein) (Amyloidogenic glycoprotein) (AG) [Cleaved into: N-APP; Soluble APP-alpha (S-APP-alpha); Soluble APP-beta (S-APP-beta); C99 (Beta-secretase C-terminal fragment) (Beta-CTF); Amyloid-beta protein 42 (Abeta42) (Beta-APP42); Amyloid-beta protein 40 (Abeta40) (Beta-APP40); C83 (Alpha-secretase C-terminal fragment) (Alpha-CTF); P3(42); P3(40); C80; Gamma-secretase C-terminal fragment 59 (Gamma-CTF(59)); Gamma-secretase C-terminal fragment 57 (Gamma-CTF(57)); Gamma-secretase C-terminal fragment 50 (Gamma-CTF(50)); C31]","App A4 AD1"
"1283","GO:0044877","protein-containing complex binding",1515,53,28.75,0.02307,"NV2t023410001.1","Molecular Functions","Elongation factor 2 (EF-2) (EC 3.6.5.-)","EEF2"
"1284","GO:0044877","protein-containing complex binding",1515,53,28.75,0.02307,"NV2t023410002.1","Molecular Functions","Elongation factor 2 (EF-2) (EC 3.6.5.-)","EEF2"
"1285","GO:0044877","protein-containing complex binding",1515,53,28.75,0.02307,"NV2t023410003.1","Molecular Functions","Elongation factor 2 (EF-2) (EC 3.6.5.-)","EEF2"
"1286","GO:0044877","protein-containing complex binding",1515,53,28.75,0.02307,"NV2t023410004.1","Molecular Functions","Elongation factor 2 (EF-2) (EC 3.6.5.-)","EEF2"
"1287","GO:0044877","protein-containing complex binding",1515,53,28.75,0.02307,"NV2t023410005.1","Molecular Functions","Elongation factor 2 (EF-2) (EC 3.6.5.-)","EEF2"
"1288","GO:0044877","protein-containing complex binding",1515,53,28.75,0.02307,"NV2t023410006.1","Molecular Functions","Elongation factor 2 (EF-2) (EC 3.6.5.-)","EEF2"
"1289","GO:0044877","protein-containing complex binding",1515,53,28.75,0.02307,"NV2t023410007.1","Molecular Functions","Elongation factor 2 (EF-2) (EC 3.6.5.-)","EEF2"
"1290","GO:0044877","protein-containing complex binding",1515,53,28.75,0.02307,"NV2t023410008.1","Molecular Functions","Eukaryotic translation elongation factor 2 (EC 3.6.5.-) (Elongation factor 2) (EF-2)","eEF2 EF2 Ef2b CG2238"
"1291","GO:0044877","protein-containing complex binding",1515,53,28.75,0.02307,"NV2t023410009.1","Molecular Functions","Eukaryotic translation elongation factor 2 (EC 3.6.5.-) (Elongation factor 2) (EF-2)","eEF2 EF2 Ef2b CG2238"
"1292","GO:0044877","protein-containing complex binding",1515,53,28.75,0.02307,"NV2t023410010.1","Molecular Functions","Elongation factor 2 (EF-2) (EC 3.6.5.-)","EEF2"
"1293","GO:0044877","protein-containing complex binding",1515,53,28.75,0.02307,"NV2t023410011.1","Molecular Functions","Eukaryotic translation elongation factor 2 (EC 3.6.5.-) (Elongation factor 2) (EF-2)","eEF2 EF2 Ef2b CG2238"
"1294","GO:0044877","protein-containing complex binding",1515,53,28.75,0.02307,"NV2t023410012.1","Molecular Functions","Eukaryotic translation elongation factor 2 (EC 3.6.5.-) (Elongation factor 2) (EF-2)","eEF2 EF2 Ef2b CG2238"
"1295","GO:0044877","protein-containing complex binding",1515,53,28.75,0.02307,"NV2t023410013.1","Molecular Functions","Elongation factor 2 (EF-2) (EC 3.6.5.-)","EEF2"
"1296","GO:0044877","protein-containing complex binding",1515,53,28.75,0.02307,"NV2t023410014.1","Molecular Functions","Eukaryotic translation elongation factor 2 (EC 3.6.5.-) (Elongation factor 2) (EF-2)","eEF2 EF2 Ef2b CG2238"
"1297","GO:0044877","protein-containing complex binding",1515,53,28.75,0.02307,"NV2t023683001.1","Molecular Functions","BOS complex subunit ncln (Nicalin-1) (Nicastrin-like protein 1)","ncln ncl1"
"1298","GO:0044877","protein-containing complex binding",1515,53,28.75,0.02307,"NV2t023688003.1","Molecular Functions","Major facilitator superfamily domain-containing protein 12","MFSD12"
"1299","GO:0044877","protein-containing complex binding",1515,53,28.75,0.02307,"NV2t024797001.1","Molecular Functions","Endoplasmic reticulum chaperone BiP (EC 3.6.4.10) (78 kDa glucose-regulated protein) (GRP-78) (Binding-immunoglobulin protein) (BiP) (Heat shock protein 70 family protein 5) (HSP70 family protein 5) (Heat shock protein family A member 5) (Immunoglobulin heavy chain-binding protein)","HSPA5 GRP78"
"1300","GO:0044877","protein-containing complex binding",1515,53,28.75,0.02307,"NV2t025357001.1","Molecular Functions","Spliceosome RNA helicase Ddx39b (EC 3.6.4.13) (56 kDa U2AF65-associated protein) (ATP-dependent RNA helicase p47) (DEAD box protein Uap56)","Ddx39b Bat1 Bat1a Uap56"
"1301","GO:0044877","protein-containing complex binding",1515,53,28.75,0.02307,"NV2t025357002.1","Molecular Functions","Spliceosome RNA helicase Ddx39b (EC 3.6.4.13) (56 kDa U2AF65-associated protein) (ATP-dependent RNA helicase p47) (DEAD box protein Uap56)","Ddx39b Bat1 Bat1a Uap56"
"1302","GO:0044877","protein-containing complex binding",1515,53,28.75,0.02307,"NV2t025357003.1","Molecular Functions","Spliceosome RNA helicase Ddx39b (EC 3.6.4.13) (56 kDa U2AF65-associated protein) (ATP-dependent RNA helicase p47) (DEAD box protein Uap56)","Ddx39b Bat1 Bat1a Uap56"
"1303","GO:0044877","protein-containing complex binding",1515,53,28.75,0.02307,"NV2t025357004.1","Molecular Functions","Spliceosome RNA helicase Ddx39b (EC 3.6.4.13) (56 kDa U2AF65-associated protein) (ATP-dependent RNA helicase p47) (DEAD box protein Uap56)","Ddx39b Bat1 Bat1a Uap56"
"1304","GO:0044877","protein-containing complex binding",1515,53,28.75,0.02307,"NV2t025357005.1","Molecular Functions","Spliceosome RNA helicase Ddx39b (EC 3.6.4.13) (56 kDa U2AF65-associated protein) (ATP-dependent RNA helicase p47) (DEAD box protein Uap56)","Ddx39b Bat1 Bat1a Uap56"
"1305","GO:0044877","protein-containing complex binding",1515,53,28.75,0.02307,"NV2t025357006.1","Molecular Functions","Spliceosome RNA helicase Ddx39b (EC 3.6.4.13) (56 kDa U2AF65-associated protein) (ATP-dependent RNA helicase p47) (DEAD box protein Uap56)","Ddx39b Bat1 Bat1a Uap56"
"1306","GO:0034046","poly(G) binding",13,2,0.25,0.0244,"NV2t023798001.1","Molecular Functions","DAZ-associated protein 1 (Deleted in azoospermia-associated protein 1)","Dazap1"
"1307","GO:0034046","poly(G) binding",13,2,0.25,0.0244,"NV2t023798002.1","Molecular Functions","DAZ-associated protein 1 (Deleted in azoospermia-associated protein 1)","Dazap1"
"1308","GO:0004715","non-membrane spanning protein tyrosine kinase activ...",59,4,1.12,0.02563,"NV2t001600001.1","Molecular Functions","Protein kinase C delta type (EC 2.7.11.13) (Tyrosine-protein kinase PRKCD) (EC 2.7.10.2) (nPKC-delta) [Cleaved into: Protein kinase C delta type regulatory subunit; Protein kinase C delta type catalytic subunit (Sphingosine-dependent protein kinase-1) (SDK1)]","PRKCD PKCD"
"1309","GO:0004715","non-membrane spanning protein tyrosine kinase activ...",59,4,1.12,0.02563,"NV2t001600002.1","Molecular Functions","Protein kinase C delta type (EC 2.7.11.13) (Tyrosine-protein kinase PRKCD) (EC 2.7.10.2) (nPKC-delta) [Cleaved into: Protein kinase C delta type regulatory subunit; Protein kinase C delta type catalytic subunit (Sphingosine-dependent protein kinase-1) (SDK1)]","PRKCD PKCD"
"1310","GO:0004715","non-membrane spanning protein tyrosine kinase activ...",59,4,1.12,0.02563,"NV2t001600003.1","Molecular Functions","Protein kinase C delta type (EC 2.7.11.13) (Tyrosine-protein kinase PRKCD) (EC 2.7.10.2) (nPKC-delta) [Cleaved into: Protein kinase C delta type regulatory subunit; Protein kinase C delta type catalytic subunit (Sphingosine-dependent protein kinase-1) (SDK1)]","PRKCD PKCD"
"1311","GO:0004715","non-membrane spanning protein tyrosine kinase activ...",59,4,1.12,0.02563,"NV2t002867001.1","Molecular Functions","Activated Cdc42 kinase-like (EC 2.7.10.2) (Tyrosine-protein kinase PR2)","Ack-like PR2 CG43741"
"1312","GO:0035591","signaling adaptor activity",120,6,2.28,0.02698,"NV2t004603001.1","Molecular Functions","Protein FAN (Factor associated with neutral sphingomyelinase activation) (Factor associated with N-SMase activation)","Nsmaf Fan"
"1313","GO:0035591","signaling adaptor activity",120,6,2.28,0.02698,"NV2t004603002.1","Molecular Functions","Protein FAN (Factor associated with neutral sphingomyelinase activation) (Factor associated with N-SMase activation)","Nsmaf Fan"
"1314","GO:0035591","signaling adaptor activity",120,6,2.28,0.02698,"NV2t004603003.1","Molecular Functions","Protein FAN (Factor associated with neutral sphingomyelinase activation) (Factor associated with N-SMase activation)","Nsmaf Fan"
"1315","GO:0035591","signaling adaptor activity",120,6,2.28,0.02698,"NV2t004603004.1","Molecular Functions","Protein FAN (Factor associated with neutral sphingomyelinase activation) (Factor associated with N-SMase activation)","Nsmaf Fan"
"1316","GO:0035591","signaling adaptor activity",120,6,2.28,0.02698,"NV2t004603005.1","Molecular Functions","Protein FAN (Factor associated with neutral sphingomyelinase activation) (Factor associated with N-SMase activation)","Nsmaf Fan"
"1317","GO:0035591","signaling adaptor activity",120,6,2.28,0.02698,"NV2t004603006.1","Molecular Functions","Protein FAN (Factor associated with neutral sphingomyelinase activation) (Factor associated with N-SMase activation)","Nsmaf Fan"
"1318","GO:0036002","pre-mRNA binding",60,4,1.14,0.02707,"NV2t007890001.1","Molecular Functions","Probable ATP-dependent RNA helicase DDX5 (EC 3.6.4.13) (DEAD box RNA helicase DEAD1) (mDEAD1) (DEAD box protein 5) (RNA helicase p68)","Ddx5 Tnz2"
"1319","GO:0036002","pre-mRNA binding",60,4,1.14,0.02707,"NV2t007890002.1","Molecular Functions","Probable ATP-dependent RNA helicase DDX5 (EC 3.6.4.13) (DEAD box RNA helicase DEAD1) (mDEAD1) (DEAD box protein 5) (RNA helicase p68)","Ddx5 Tnz2"
"1320","GO:0036002","pre-mRNA binding",60,4,1.14,0.02707,"NV2t007890003.1","Molecular Functions","Probable ATP-dependent RNA helicase DDX5 (EC 3.6.4.13) (DEAD box RNA helicase DEAD1) (mDEAD1) (DEAD box protein 5) (RNA helicase p68)","Ddx5 Tnz2"
"1321","GO:0036002","pre-mRNA binding",60,4,1.14,0.02707,"NV2t007890004.1","Molecular Functions","Probable ATP-dependent RNA helicase DDX5 (EC 3.6.4.13) (DEAD box RNA helicase DEAD1) (mDEAD1) (DEAD box protein 5) (RNA helicase p68)","Ddx5 Tnz2"
"1322","GO:0004521","RNA endonuclease activity",130,8,2.47,0.02982,"NV2t001671002.1","Molecular Functions","Gag-Pol polyprotein (Pr160Gag-Pol) [Cleaved into: Matrix protein p17 (MA); Capsid protein p24 (CA); Spacer peptide 1 (SP1) (p2); Nucleocapsid protein p7 (NC); Transframe peptide (TF); p6-pol (p6*); Protease (EC 3.4.23.16) (PR) (Retropepsin); Reverse transcriptase/ribonuclease H (EC 2.7.7.49) (EC 2.7.7.7) (EC 3.1.26.13) (Exoribonuclease H) (EC 3.1.13.2) (p66 RT); p51 RT; p15; Integrase (IN) (EC 2.7.7.-) (EC 3.1.-.-)]","gag-pol"
"1323","GO:0004521","RNA endonuclease activity",130,8,2.47,0.02982,"NV2t001671003.1","Molecular Functions","Gag-Pol polyprotein (Pr160Gag-Pol) [Cleaved into: Matrix protein p17 (MA); Capsid protein p24 (CA); Spacer peptide 1 (SP1) (p2); Nucleocapsid protein p7 (NC); Transframe peptide (TF); p6-pol (p6*); Protease (EC 3.4.23.16) (PR) (Retropepsin); Reverse transcriptase/ribonuclease H (EC 2.7.7.49) (EC 2.7.7.7) (EC 3.1.26.13) (Exoribonuclease H) (EC 3.1.13.2) (p66 RT); p51 RT; p15; Integrase (IN) (EC 2.7.7.-) (EC 3.1.-.-)]","gag-pol"
"1324","GO:0004521","RNA endonuclease activity",130,8,2.47,0.02982,"NV2t005965001.1","Molecular Functions","Probable ribonuclease ZC3H12C (EC 3.1.-.-) (Zinc finger CCCH domain-containing protein 12C)","Zc3h12c Kiaa1726"
"1325","GO:0004521","RNA endonuclease activity",130,8,2.47,0.02982,"NV2t005965002.1","Molecular Functions","Probable ribonuclease ZC3H12D (EC 3.1.-.-) (MCP-induced protein 4) (Transformed follicular lymphoma) (Zinc finger CCCH domain-containing protein 12D) (p34)","ZC3H12D C6orf95 MCPIP4 TFL"
"1326","GO:0004521","RNA endonuclease activity",130,8,2.47,0.02982,"NV2t005965003.1","Molecular Functions","Probable ribonuclease ZC3H12D (EC 3.1.-.-) (MCP-induced protein 4) (Transformed follicular lymphoma) (Zinc finger CCCH domain-containing protein 12D) (p34)","ZC3H12D C6orf95 MCPIP4 TFL"
"1327","GO:0004521","RNA endonuclease activity",130,8,2.47,0.02982,"NV2t022633001.1","Molecular Functions","Transposon Ty3-G Gag-Pol polyprotein (Gag3-Pol3) (Transposon Ty3-1 TYA-TYB polyprotein) [Cleaved into: Capsid protein (CA) (p24); Spacer peptide p3; Nucleocapsid protein p11 (NC); Ty3 protease (PR) (EC 3.4.23.-) (p16); Spacer peptide J; Reverse transcriptase/ribonuclease H (RT) (RT-RH) (EC 2.7.7.49) (EC 2.7.7.7) (EC 3.1.26.4) (p55); Integrase p61 (IN); Integrase p58 (IN)]","TY3B-G YGRWTy3-1 POL YGR109W-B G5984"
"1328","GO:0004521","RNA endonuclease activity",130,8,2.47,0.02982,"NV2t022833001.1","Molecular Functions","Transposon Ty3-I Gag-Pol polyprotein (Gag3-Pol3) (Transposon Ty3-2 TYA-TYB polyprotein) [Cleaved into: Capsid protein (CA) (p24); Spacer peptide p3; Nucleocapsid protein p11 (NC); Ty3 protease (PR) (EC 3.4.23.-) (p16); Spacer peptide J; Reverse transcriptase/ribonuclease H (RT) (RT-RH) (EC 2.7.7.49) (EC 2.7.7.7) (EC 3.1.26.4) (p55); Integrase p52 (IN); Integrase p49 (IN)]","TY3B-I YILWTy3-1 POL YIL082W-A"
"1329","GO:0004521","RNA endonuclease activity",130,8,2.47,0.02982,"NV2t024556001.1","Molecular Functions","Transposon Ty3-I Gag-Pol polyprotein (Gag3-Pol3) (Transposon Ty3-2 TYA-TYB polyprotein) [Cleaved into: Capsid protein (CA) (p24); Spacer peptide p3; Nucleocapsid protein p11 (NC); Ty3 protease (PR) (EC 3.4.23.-) (p16); Spacer peptide J; Reverse transcriptase/ribonuclease H (RT) (RT-RH) (EC 2.7.7.49) (EC 2.7.7.7) (EC 3.1.26.4) (p55); Integrase p52 (IN); Integrase p49 (IN)]","TY3B-I YILWTy3-1 POL YIL082W-A"
"1330","GO:0008046","axon guidance receptor activity",39,3,0.74,0.03745,"NV2t022177002.1","Molecular Functions","Hemicentin-2","HMCN2"
"1331","GO:0008046","axon guidance receptor activity",39,3,0.74,0.03745,"NV2t022177005.1","Molecular Functions","Hemicentin-2","HMCN2"
"1332","GO:0008046","axon guidance receptor activity",39,3,0.74,0.03745,"NV2t022177006.1","Molecular Functions","Hemicentin-2","HMCN2"
"1333","GO:0032500","muramyl dipeptide binding",2,1,0.04,0.03759,"NV2t006280002.1","Molecular Functions","Nucleotide-binding oligomerization domain-containing protein 2 (Caspase recruitment domain-containing protein 15)","NOD2 CARD15"
"1334","GO:0061663","NEDD8 ligase activity",2,1,0.04,0.03759,"NV2t002519001.1","Molecular Functions","E3 ubiquitin-protein ligase RBX1 (EC 2.3.2.27) (EC 2.3.2.32) (Hyperosmotic protein 21) (sHOP21) (RING-box protein 1) (Rbx1)","rbx1 hop21"
"1335","GO:0031370","eukaryotic initiation factor 4G binding",2,1,0.04,0.03759,"NV2t005899009.1","Molecular Functions","Polyadenylate-binding protein 1-A (PABP-1-A) (Poly(A)-binding protein 1-A) (xPABP1-A) (Cytoplasmic poly(A)-binding protein 1-A)","pabpc1-a pabp pabp1"
"1336","GO:0033130","acetylcholine receptor binding",2,1,0.04,0.03759,"NV2t022363001.1","Molecular Functions","Amyloid-beta precursor protein (ABPP) (APP) (Alzheimer disease amyloid A4 protein homolog) (Alzheimer disease amyloid protein) (Amyloid precursor protein) (Amyloid-beta (A4) precursor protein) (Amyloid-beta A4 protein) (Amyloidogenic glycoprotein) (AG) [Cleaved into: N-APP; Soluble APP-alpha (S-APP-alpha); Soluble APP-beta (S-APP-beta); C99 (Beta-secretase C-terminal fragment) (Beta-CTF); Amyloid-beta protein 42 (Abeta42) (Beta-APP42); Amyloid-beta protein 40 (Abeta40) (Beta-APP40); C83 (Alpha-secretase C-terminal fragment) (Alpha-CTF); P3(42); P3(40); C80; Gamma-secretase C-terminal fragment 59 (Gamma-CTF(59)); Gamma-secretase C-terminal fragment 57 (Gamma-CTF(57)); Gamma-secretase C-terminal fragment 50 (Gamma-CTF(50)); C31]","App A4 AD1"
"1337","GO:0006412","translation",716,92,13.38,2.6e-25,"NV2t000132001.1","Biological Processes","Large ribosomal subunit protein eL20 (60S ribosomal protein L18a)","RPL18A"
"1338","GO:0006412","translation",716,92,13.38,2.6e-25,"NV2t002880002.1","Biological Processes","UDP-N-acetylglucosamine--peptide N-acetylglucosaminyltransferase 110 kDa subunit (EC 2.4.1.255) (O-GlcNAc transferase subunit p110) (O-linked N-acetylglucosamine transferase 110 kDa subunit) (OGT)","Ogt"
"1339","GO:0006412","translation",716,92,13.38,2.6e-25,"NV2t002880003.1","Biological Processes","UDP-N-acetylglucosamine--peptide N-acetylglucosaminyltransferase 110 kDa subunit (EC 2.4.1.255) (O-GlcNAc transferase subunit p110) (O-linked N-acetylglucosamine transferase 110 kDa subunit) (OGT)","Ogt"
"1340","GO:0006412","translation",716,92,13.38,2.6e-25,"NV2t002880005.1","Biological Processes","UDP-N-acetylglucosamine--peptide N-acetylglucosaminyltransferase 110 kDa subunit (EC 2.4.1.255) (O-GlcNAc transferase subunit p110) (O-linked N-acetylglucosamine transferase 110 kDa subunit) (OGT)","Ogt"
"1341","GO:0006412","translation",716,92,13.38,2.6e-25,"NV2t002880006.1","Biological Processes","UDP-N-acetylglucosamine--peptide N-acetylglucosaminyltransferase 110 kDa subunit (EC 2.4.1.255) (O-GlcNAc transferase subunit p110) (O-linked N-acetylglucosamine transferase 110 kDa subunit) (OGT)","Ogt"
"1342","GO:0006412","translation",716,92,13.38,2.6e-25,"NV2t002880007.1","Biological Processes","UDP-N-acetylglucosamine--peptide N-acetylglucosaminyltransferase 110 kDa subunit (EC 2.4.1.255) (O-GlcNAc transferase subunit p110) (O-linked N-acetylglucosamine transferase 110 kDa subunit) (OGT)","Ogt"
"1343","GO:0006412","translation",716,92,13.38,2.6e-25,"NV2t003097001.1","Biological Processes","Small ribosomal subunit protein eS1 (40S ribosomal protein S3a)","v1g242621"
"1344","GO:0006412","translation",716,92,13.38,2.6e-25,"NV2t003148001.1","Biological Processes","Histidine--tRNA ligase (EC 6.1.1.21)","hars"
"1345","GO:0006412","translation",716,92,13.38,2.6e-25,"NV2t003454001.1","Biological Processes","Small ribosomal subunit protein uS3 (EC 4.2.99.18) (40S ribosomal protein S3)","RPS3"
"1346","GO:0006412","translation",716,92,13.38,2.6e-25,"NV2t003883001.1","Biological Processes","Large ribosomal subunit protein eL31 (60S ribosomal protein L31)","rpl31"
"1347","GO:0006412","translation",716,92,13.38,2.6e-25,"NV2t004685001.1","Biological Processes","Lysine--tRNA ligase (EC 2.7.7.-) (EC 6.1.1.6) (Lysyl-tRNA synthetase) (LysRS)","Kars1 Kars"
"1348","GO:0006412","translation",716,92,13.38,2.6e-25,"NV2t005292001.1","Biological Processes","Small ribosomal subunit protein eS7 (40S ribosomal protein S7)","rps7 zgc:73216"
"1349","GO:0006412","translation",716,92,13.38,2.6e-25,"NV2t005887001.1","Biological Processes","Elongation factor 1-alpha, oocyte form (EF-1-alpha-O1) (EF-1AO1)",""
"1350","GO:0006412","translation",716,92,13.38,2.6e-25,"NV2t005887002.1","Biological Processes","Elongation factor 1-alpha, oocyte form (EF-1-alpha-O) (EF-1AO) (42S p48)","eef1ao"
"1351","GO:0006412","translation",716,92,13.38,2.6e-25,"NV2t005887003.1","Biological Processes","Elongation factor 1-alpha, oocyte form (EF-1-alpha-O1) (EF-1AO1)",""
"1352","GO:0006412","translation",716,92,13.38,2.6e-25,"NV2t005887004.1","Biological Processes","Elongation factor 1-alpha, oocyte form (EF-1-alpha-O1) (EF-1AO1)",""
"1353","GO:0006412","translation",716,92,13.38,2.6e-25,"NV2t005887005.1","Biological Processes","Elongation factor 1-alpha, oocyte form (EF-1-alpha-O1) (EF-1AO1)",""
"1354","GO:0006412","translation",716,92,13.38,2.6e-25,"NV2t005887006.1","Biological Processes","Elongation factor 1-alpha, oocyte form (EF-1-alpha-O) (EF-1AO) (42S p48)","eef1ao"
"1355","GO:0006412","translation",716,92,13.38,2.6e-25,"NV2t005899001.1","Biological Processes","Polyadenylate-binding protein 1A (PABP-1A) (Poly(A)-binding protein 1A)","pabpc1a"
"1356","GO:0006412","translation",716,92,13.38,2.6e-25,"NV2t005899002.1","Biological Processes","Polyadenylate-binding protein 1A (PABP-1A) (Poly(A)-binding protein 1A)","pabpc1a"
"1357","GO:0006412","translation",716,92,13.38,2.6e-25,"NV2t005899004.1","Biological Processes","Polyadenylate-binding protein 4 (PABP-4) (Poly(A)-binding protein 4) (Activated-platelet protein 1) (APP-1) (Inducible poly(A)-binding protein) (iPABP)","PABPC4 APP1 PABP4"
"1358","GO:0006412","translation",716,92,13.38,2.6e-25,"NV2t005899005.1","Biological Processes","Polyadenylate-binding protein 1A (PABP-1A) (Poly(A)-binding protein 1A)","pabpc1a"
"1359","GO:0006412","translation",716,92,13.38,2.6e-25,"NV2t005899007.1","Biological Processes","Polyadenylate-binding protein 1A (PABP-1A) (Poly(A)-binding protein 1A)","pabpc1a"
"1360","GO:0006412","translation",716,92,13.38,2.6e-25,"NV2t005899008.1","Biological Processes","Polyadenylate-binding protein 4 (PABP-4) (Poly(A)-binding protein 4) (Activated-platelet protein 1) (APP-1) (Inducible poly(A)-binding protein) (iPABP)","PABPC4 APP1 PABP4"
"1361","GO:0006412","translation",716,92,13.38,2.6e-25,"NV2t005899009.1","Biological Processes","Polyadenylate-binding protein 1-A (PABP-1-A) (Poly(A)-binding protein 1-A) (xPABP1-A) (Cytoplasmic poly(A)-binding protein 1-A)","pabpc1-a pabp pabp1"
"1362","GO:0006412","translation",716,92,13.38,2.6e-25,"NV2t005899010.1","Biological Processes","Polyadenylate-binding protein 4 (PABP-4) (Poly(A)-binding protein 4) (Activated-platelet protein 1) (APP-1) (Inducible poly(A)-binding protein) (iPABP)","PABPC4 APP1 PABP4"
"1363","GO:0006412","translation",716,92,13.38,2.6e-25,"NV2t005899011.1","Biological Processes","Polyadenylate-binding protein 4 (PABP-4) (Poly(A)-binding protein 4) (Activated-platelet protein 1) (APP-1) (Inducible poly(A)-binding protein) (iPABP)","PABPC4 APP1 PABP4"
"1364","GO:0006412","translation",716,92,13.38,2.6e-25,"NV2t005899012.1","Biological Processes","Polyadenylate-binding protein 4 (PABP-4) (Poly(A)-binding protein 4) (Activated-platelet protein 1) (APP-1) (Inducible poly(A)-binding protein) (iPABP)","PABPC4 APP1 PABP4"
"1365","GO:0006412","translation",716,92,13.38,2.6e-25,"NV2t005899013.1","Biological Processes","Polyadenylate-binding protein 4 (PABP-4) (Poly(A)-binding protein 4) (Activated-platelet protein 1) (APP-1) (Inducible poly(A)-binding protein) (iPABP)","PABPC4 APP1 PABP4"
"1366","GO:0006412","translation",716,92,13.38,2.6e-25,"NV2t005899014.1","Biological Processes","Polyadenylate-binding protein 4 (PABP-4) (Poly(A)-binding protein 4) (Activated-platelet protein 1) (APP-1) (Inducible poly(A)-binding protein) (iPABP)","PABPC4 APP1 PABP4"
"1367","GO:0006412","translation",716,92,13.38,2.6e-25,"NV2t005899015.1","Biological Processes","Polyadenylate-binding protein 4 (PABP-4) (Poly(A)-binding protein 4) (Activated-platelet protein 1) (APP-1) (Inducible poly(A)-binding protein) (iPABP)","PABPC4 APP1 PABP4"
"1368","GO:0006412","translation",716,92,13.38,2.6e-25,"NV2t005899016.1","Biological Processes","Polyadenylate-binding protein 4 (PABP-4) (Poly(A)-binding protein 4) (Activated-platelet protein 1) (APP-1) (Inducible poly(A)-binding protein) (iPABP)","PABPC4 APP1 PABP4"
"1369","GO:0006412","translation",716,92,13.38,2.6e-25,"NV2t005899017.1","Biological Processes","Polyadenylate-binding protein 4 (PABP-4) (Poly(A)-binding protein 4) (Activated-platelet protein 1) (APP-1) (Inducible poly(A)-binding protein) (iPABP)","PABPC4 APP1 PABP4"
"1370","GO:0006412","translation",716,92,13.38,2.6e-25,"NV2t005899018.1","Biological Processes","Polyadenylate-binding protein 4 (PABP-4) (Poly(A)-binding protein 4) (Activated-platelet protein 1) (APP-1) (Inducible poly(A)-binding protein) (iPABP)","PABPC4 APP1 PABP4"
"1371","GO:0006412","translation",716,92,13.38,2.6e-25,"NV2t005899019.1","Biological Processes","Polyadenylate-binding protein 4 (PABP-4) (Poly(A)-binding protein 4) (Activated-platelet protein 1) (APP-1) (Inducible poly(A)-binding protein) (iPABP)","PABPC4 APP1 PABP4"
"1372","GO:0006412","translation",716,92,13.38,2.6e-25,"NV2t005899020.1","Biological Processes","Polyadenylate-binding protein 4 (PABP-4) (Poly(A)-binding protein 4) (Activated-platelet protein 1) (APP-1) (Inducible poly(A)-binding protein) (iPABP)","PABPC4 APP1 PABP4"
"1373","GO:0006412","translation",716,92,13.38,2.6e-25,"NV2t005899021.1","Biological Processes","Polyadenylate-binding protein 4 (PABP-4) (Poly(A)-binding protein 4) (Activated-platelet protein 1) (APP-1) (Inducible poly(A)-binding protein) (iPABP)","PABPC4 APP1 PABP4"
"1374","GO:0006412","translation",716,92,13.38,2.6e-25,"NV2t005899022.1","Biological Processes","Polyadenylate-binding protein 4 (PABP-4) (Poly(A)-binding protein 4) (Activated-platelet protein 1) (APP-1) (Inducible poly(A)-binding protein) (iPABP)","PABPC4 APP1 PABP4"
"1375","GO:0006412","translation",716,92,13.38,2.6e-25,"NV2t005899023.1","Biological Processes","Polyadenylate-binding protein 4 (PABP-4) (Poly(A)-binding protein 4) (Activated-platelet protein 1) (APP-1) (Inducible poly(A)-binding protein) (iPABP)","PABPC4 APP1 PABP4"
"1376","GO:0006412","translation",716,92,13.38,2.6e-25,"NV2t005899024.1","Biological Processes","Polyadenylate-binding protein 1 (PABP-1) (Poly(A)-binding protein 1)","Pabpc1 Pabp1"
"1377","GO:0006412","translation",716,92,13.38,2.6e-25,"NV2t005947001.1","Biological Processes","Small ribosomal subunit protein eS8 (40S ribosomal protein S8)","RpS8"
"1378","GO:0006412","translation",716,92,13.38,2.6e-25,"NV2t006419001.1","Biological Processes","Large ribosomal subunit protein uL10 (60S acidic ribosomal protein P0) (60S ribosomal protein L10E)","RPLP0"
"1379","GO:0006412","translation",716,92,13.38,2.6e-25,"NV2t006672001.1","Biological Processes","Large ribosomal subunit protein eL19 (60S ribosomal protein L19)","RpL19 M(2)60E CG2746"
"1380","GO:0006412","translation",716,92,13.38,2.6e-25,"NV2t006921001.1","Biological Processes","Small ribosomal subunit protein uS2 (40S ribosomal protein SA)","v1g198553"
"1381","GO:0006412","translation",716,92,13.38,2.6e-25,"NV2t007077001.1","Biological Processes","Large ribosomal subunit protein uL16 (60S ribosomal protein L10) (Protein QM homolog) (Ribosomal protein L10)","RPL10 QM"
"1382","GO:0006412","translation",716,92,13.38,2.6e-25,"NV2t007080001.1","Biological Processes","Large ribosomal subunit protein eL18 (60S ribosomal protein L18)","RpL18"
"1383","GO:0006412","translation",716,92,13.38,2.6e-25,"NV2t007107001.1","Biological Processes","Small ribosomal subunit protein uS5 (40S ribosomal protein S2)","rps2"
"1384","GO:0006412","translation",716,92,13.38,2.6e-25,"NV2t007223001.1","Biological Processes","Small ribosomal subunit protein uS8 (40S ribosomal protein S15a)","Rps15a"
"1385","GO:0006412","translation",716,92,13.38,2.6e-25,"NV2t007223002.1","Biological Processes","Small ribosomal subunit protein uS8 (40S ribosomal protein S15a)","Rps15a"
"1386","GO:0006412","translation",716,92,13.38,2.6e-25,"NV2t007223003.1","Biological Processes","Small ribosomal subunit protein uS8 (40S ribosomal protein S15a)","Rps15a"
"1387","GO:0006412","translation",716,92,13.38,2.6e-25,"NV2t007636001.1","Biological Processes","Large ribosomal subunit protein uL3 (60S ribosomal protein L3) (J1 protein)","Rpl3"
"1388","GO:0006412","translation",716,92,13.38,2.6e-25,"NV2t007636002.1","Biological Processes","Large ribosomal subunit protein uL3 (60S ribosomal protein L3)","RpL3 CG4863"
"1389","GO:0006412","translation",716,92,13.38,2.6e-25,"NV2t007636003.1","Biological Processes","Large ribosomal subunit protein uL3 (60S ribosomal protein L3) (J1 protein)","Rpl3"
"1390","GO:0006412","translation",716,92,13.38,2.6e-25,"NV2t007636004.1","Biological Processes","Large ribosomal subunit protein uL3 (60S ribosomal protein L3)","RPL3"
"1391","GO:0006412","translation",716,92,13.38,2.6e-25,"NV2t007636005.1","Biological Processes","Large ribosomal subunit protein uL3 (60S ribosomal protein L3)","RPL3"
"1392","GO:0006412","translation",716,92,13.38,2.6e-25,"NV2t007636006.1","Biological Processes","Large ribosomal subunit protein uL3 (60S ribosomal protein L3)","RpL3 CG4863"
"1393","GO:0006412","translation",716,92,13.38,2.6e-25,"NV2t007668001.1","Biological Processes","Eukaryotic translation initiation factor 3 subunit B (eIF3b) (Eukaryotic translation initiation factor 3 subunit 9) (eIF-3-eta)","Eif3b Eif3s9"
"1394","GO:0006412","translation",716,92,13.38,2.6e-25,"NV2t007821001.1","Biological Processes","Small ribosomal subunit protein uS4 (40S ribosomal protein S9)","Rps9"
"1395","GO:0006412","translation",716,92,13.38,2.6e-25,"NV2t020473001.1","Biological Processes","Ubiquitin-ribosomal protein eS31 fusion protein (Ubiquitin carboxyl extension protein 80) [Cleaved into: Ubiquitin; Small ribosomal subunit protein eS31 (40S ribosomal protein S27a)]","RPS27A UBA80"
"1396","GO:0006412","translation",716,92,13.38,2.6e-25,"NV2t021707001.1","Biological Processes","Large ribosomal subunit protein uL2 (60S ribosomal protein L8)","rpl8 TTpA008p15.1"
"1397","GO:0006412","translation",716,92,13.38,2.6e-25,"NV2t021794001.1","Biological Processes","Small ribosomal subunit protein eS19 (40S ribosomal protein S19)","RPS19"
"1398","GO:0006412","translation",716,92,13.38,2.6e-25,"NV2t022034001.1","Biological Processes","Large ribosomal subunit protein eL33 (60S ribosomal protein L35a)","RPL35A"
"1399","GO:0006412","translation",716,92,13.38,2.6e-25,"NV2t022363001.1","Biological Processes","Amyloid-beta precursor protein (ABPP) (APP) (Alzheimer disease amyloid A4 protein homolog) (Alzheimer disease amyloid protein) (Amyloid precursor protein) (Amyloid-beta (A4) precursor protein) (Amyloid-beta A4 protein) (Amyloidogenic glycoprotein) (AG) [Cleaved into: N-APP; Soluble APP-alpha (S-APP-alpha); Soluble APP-beta (S-APP-beta); C99 (Beta-secretase C-terminal fragment) (Beta-CTF); Amyloid-beta protein 42 (Abeta42) (Beta-APP42); Amyloid-beta protein 40 (Abeta40) (Beta-APP40); C83 (Alpha-secretase C-terminal fragment) (Alpha-CTF); P3(42); P3(40); C80; Gamma-secretase C-terminal fragment 59 (Gamma-CTF(59)); Gamma-secretase C-terminal fragment 57 (Gamma-CTF(57)); Gamma-secretase C-terminal fragment 50 (Gamma-CTF(50)); C31]","App A4 AD1"
"1400","GO:0006412","translation",716,92,13.38,2.6e-25,"NV2t022804001.1","Biological Processes","Ubiquitin-ribosomal protein eL40 fusion protein (CEP52) [Cleaved into: Ubiquitin; Large ribosomal subunit protein eL40 (60S ribosomal protein L40)]","RpL40 Ubi-f UBI-F52 CG2960"
"1401","GO:0006412","translation",716,92,13.38,2.6e-25,"NV2t023410001.1","Biological Processes","Elongation factor 2 (EF-2) (EC 3.6.5.-)","EEF2"
"1402","GO:0006412","translation",716,92,13.38,2.6e-25,"NV2t023410002.1","Biological Processes","Elongation factor 2 (EF-2) (EC 3.6.5.-)","EEF2"
"1403","GO:0006412","translation",716,92,13.38,2.6e-25,"NV2t023410003.1","Biological Processes","Elongation factor 2 (EF-2) (EC 3.6.5.-)","EEF2"
"1404","GO:0006412","translation",716,92,13.38,2.6e-25,"NV2t023410004.1","Biological Processes","Elongation factor 2 (EF-2) (EC 3.6.5.-)","EEF2"
"1405","GO:0006412","translation",716,92,13.38,2.6e-25,"NV2t023410005.1","Biological Processes","Elongation factor 2 (EF-2) (EC 3.6.5.-)","EEF2"
"1406","GO:0006412","translation",716,92,13.38,2.6e-25,"NV2t023410006.1","Biological Processes","Elongation factor 2 (EF-2) (EC 3.6.5.-)","EEF2"
"1407","GO:0006412","translation",716,92,13.38,2.6e-25,"NV2t023410007.1","Biological Processes","Elongation factor 2 (EF-2) (EC 3.6.5.-)","EEF2"
"1408","GO:0006412","translation",716,92,13.38,2.6e-25,"NV2t023410008.1","Biological Processes","Eukaryotic translation elongation factor 2 (EC 3.6.5.-) (Elongation factor 2) (EF-2)","eEF2 EF2 Ef2b CG2238"
"1409","GO:0006412","translation",716,92,13.38,2.6e-25,"NV2t023410009.1","Biological Processes","Eukaryotic translation elongation factor 2 (EC 3.6.5.-) (Elongation factor 2) (EF-2)","eEF2 EF2 Ef2b CG2238"
"1410","GO:0006412","translation",716,92,13.38,2.6e-25,"NV2t023410010.1","Biological Processes","Elongation factor 2 (EF-2) (EC 3.6.5.-)","EEF2"
"1411","GO:0006412","translation",716,92,13.38,2.6e-25,"NV2t023410011.1","Biological Processes","Eukaryotic translation elongation factor 2 (EC 3.6.5.-) (Elongation factor 2) (EF-2)","eEF2 EF2 Ef2b CG2238"
"1412","GO:0006412","translation",716,92,13.38,2.6e-25,"NV2t023410012.1","Biological Processes","Eukaryotic translation elongation factor 2 (EC 3.6.5.-) (Elongation factor 2) (EF-2)","eEF2 EF2 Ef2b CG2238"
"1413","GO:0006412","translation",716,92,13.38,2.6e-25,"NV2t023410013.1","Biological Processes","Elongation factor 2 (EF-2) (EC 3.6.5.-)","EEF2"
"1414","GO:0006412","translation",716,92,13.38,2.6e-25,"NV2t023410014.1","Biological Processes","Eukaryotic translation elongation factor 2 (EC 3.6.5.-) (Elongation factor 2) (EF-2)","eEF2 EF2 Ef2b CG2238"
"1415","GO:0006412","translation",716,92,13.38,2.6e-25,"NV2t023687001.1","Biological Processes","Large ribosomal subunit protein eL36 (60S ribosomal protein L36)","RpL36"
"1416","GO:0006412","translation",716,92,13.38,2.6e-25,"NV2t023797001.1","Biological Processes","DAZ-associated protein 1 (Deleted in azoospermia-associated protein 1) (Proline-rich Vg1 mRNA-binding protein)","dazap1 prrp"
"1417","GO:0006412","translation",716,92,13.38,2.6e-25,"NV2t023797002.1","Biological Processes","DAZ-associated protein 1 (Deleted in azoospermia-associated protein 1) (Proline-rich Vg1 mRNA-binding protein)","dazap1 prrp"
"1418","GO:0006412","translation",716,92,13.38,2.6e-25,"NV2t023798003.1","Biological Processes","DAZ-associated protein 1 (Deleted in azoospermia-associated protein 1) (Proline-rich Vg1 mRNA-binding protein)","dazap1 prrp"
"1419","GO:0006412","translation",716,92,13.38,2.6e-25,"NV2t023798004.1","Biological Processes","DAZ-associated protein 1 (Deleted in azoospermia-associated protein 1) (Proline-rich Vg1 mRNA-binding protein)","dazap1 prrp"
"1420","GO:0006412","translation",716,92,13.38,2.6e-25,"NV2t025163001.1","Biological Processes","Large ribosomal subunit protein uL18B (60S ribosomal protein L5-B)","rpl5-b"
"1421","GO:0006412","translation",716,92,13.38,2.6e-25,"NV2t025357001.1","Biological Processes","Spliceosome RNA helicase Ddx39b (EC 3.6.4.13) (56 kDa U2AF65-associated protein) (ATP-dependent RNA helicase p47) (DEAD box protein Uap56)","Ddx39b Bat1 Bat1a Uap56"
"1422","GO:0006412","translation",716,92,13.38,2.6e-25,"NV2t025357002.1","Biological Processes","Spliceosome RNA helicase Ddx39b (EC 3.6.4.13) (56 kDa U2AF65-associated protein) (ATP-dependent RNA helicase p47) (DEAD box protein Uap56)","Ddx39b Bat1 Bat1a Uap56"
"1423","GO:0006412","translation",716,92,13.38,2.6e-25,"NV2t025357003.1","Biological Processes","Spliceosome RNA helicase Ddx39b (EC 3.6.4.13) (56 kDa U2AF65-associated protein) (ATP-dependent RNA helicase p47) (DEAD box protein Uap56)","Ddx39b Bat1 Bat1a Uap56"
"1424","GO:0006412","translation",716,92,13.38,2.6e-25,"NV2t025357004.1","Biological Processes","Spliceosome RNA helicase Ddx39b (EC 3.6.4.13) (56 kDa U2AF65-associated protein) (ATP-dependent RNA helicase p47) (DEAD box protein Uap56)","Ddx39b Bat1 Bat1a Uap56"
"1425","GO:0006412","translation",716,92,13.38,2.6e-25,"NV2t025357005.1","Biological Processes","Spliceosome RNA helicase Ddx39b (EC 3.6.4.13) (56 kDa U2AF65-associated protein) (ATP-dependent RNA helicase p47) (DEAD box protein Uap56)","Ddx39b Bat1 Bat1a Uap56"
"1426","GO:0006412","translation",716,92,13.38,2.6e-25,"NV2t025357006.1","Biological Processes","Spliceosome RNA helicase Ddx39b (EC 3.6.4.13) (56 kDa U2AF65-associated protein) (ATP-dependent RNA helicase p47) (DEAD box protein Uap56)","Ddx39b Bat1 Bat1a Uap56"
"1427","GO:0006412","translation",716,92,13.38,2.6e-25,"NV2t025616001.1","Biological Processes","Valine--tRNA ligase (EC 6.1.1.9) (Valyl-tRNA synthetase) (ValRS)","Vars1 Vars Vars2"
"1428","GO:0006412","translation",716,92,13.38,2.6e-25,"NV2t025616002.1","Biological Processes","Valine--tRNA ligase (EC 6.1.1.9) (Protein G7a) (Valyl-tRNA synthetase) (ValRS)","VARS1 G7A VARS VARS2"
"1429","GO:0002181","cytoplasmic translation",165,22,3.08,8.1e-19,"NV2t000132001.1","Biological Processes","Large ribosomal subunit protein eL20 (60S ribosomal protein L18a)","RPL18A"
"1430","GO:0002181","cytoplasmic translation",165,22,3.08,8.1e-19,"NV2t002880003.1","Biological Processes","UDP-N-acetylglucosamine--peptide N-acetylglucosaminyltransferase 110 kDa subunit (EC 2.4.1.255) (O-GlcNAc transferase subunit p110) (O-linked N-acetylglucosamine transferase 110 kDa subunit) (OGT)","Ogt"
"1431","GO:0002181","cytoplasmic translation",165,22,3.08,8.1e-19,"NV2t002880005.1","Biological Processes","UDP-N-acetylglucosamine--peptide N-acetylglucosaminyltransferase 110 kDa subunit (EC 2.4.1.255) (O-GlcNAc transferase subunit p110) (O-linked N-acetylglucosamine transferase 110 kDa subunit) (OGT)","Ogt"
"1432","GO:0002181","cytoplasmic translation",165,22,3.08,8.1e-19,"NV2t002880006.1","Biological Processes","UDP-N-acetylglucosamine--peptide N-acetylglucosaminyltransferase 110 kDa subunit (EC 2.4.1.255) (O-GlcNAc transferase subunit p110) (O-linked N-acetylglucosamine transferase 110 kDa subunit) (OGT)","Ogt"
"1433","GO:0002181","cytoplasmic translation",165,22,3.08,8.1e-19,"NV2t002880007.1","Biological Processes","UDP-N-acetylglucosamine--peptide N-acetylglucosaminyltransferase 110 kDa subunit (EC 2.4.1.255) (O-GlcNAc transferase subunit p110) (O-linked N-acetylglucosamine transferase 110 kDa subunit) (OGT)","Ogt"
"1434","GO:0002181","cytoplasmic translation",165,22,3.08,8.1e-19,"NV2t003883001.1","Biological Processes","Large ribosomal subunit protein eL31 (60S ribosomal protein L31)","rpl31"
"1435","GO:0002181","cytoplasmic translation",165,22,3.08,8.1e-19,"NV2t005899024.1","Biological Processes","Polyadenylate-binding protein 1 (PABP-1) (Poly(A)-binding protein 1)","Pabpc1 Pabp1"
"1436","GO:0002181","cytoplasmic translation",165,22,3.08,8.1e-19,"NV2t006419001.1","Biological Processes","Large ribosomal subunit protein uL10 (60S acidic ribosomal protein P0) (60S ribosomal protein L10E)","RPLP0"
"1437","GO:0002181","cytoplasmic translation",165,22,3.08,8.1e-19,"NV2t006672001.1","Biological Processes","Large ribosomal subunit protein eL19 (60S ribosomal protein L19)","RpL19 M(2)60E CG2746"
"1438","GO:0002181","cytoplasmic translation",165,22,3.08,8.1e-19,"NV2t006921001.1","Biological Processes","Small ribosomal subunit protein uS2 (40S ribosomal protein SA)","v1g198553"
"1439","GO:0002181","cytoplasmic translation",165,22,3.08,8.1e-19,"NV2t007077001.1","Biological Processes","Large ribosomal subunit protein uL16 (60S ribosomal protein L10) (Protein QM homolog) (Ribosomal protein L10)","RPL10 QM"
"1440","GO:0002181","cytoplasmic translation",165,22,3.08,8.1e-19,"NV2t007636001.1","Biological Processes","Large ribosomal subunit protein uL3 (60S ribosomal protein L3) (J1 protein)","Rpl3"
"1441","GO:0002181","cytoplasmic translation",165,22,3.08,8.1e-19,"NV2t007636002.1","Biological Processes","Large ribosomal subunit protein uL3 (60S ribosomal protein L3)","RpL3 CG4863"
"1442","GO:0002181","cytoplasmic translation",165,22,3.08,8.1e-19,"NV2t007636003.1","Biological Processes","Large ribosomal subunit protein uL3 (60S ribosomal protein L3) (J1 protein)","Rpl3"
"1443","GO:0002181","cytoplasmic translation",165,22,3.08,8.1e-19,"NV2t007636004.1","Biological Processes","Large ribosomal subunit protein uL3 (60S ribosomal protein L3)","RPL3"
"1444","GO:0002181","cytoplasmic translation",165,22,3.08,8.1e-19,"NV2t007636005.1","Biological Processes","Large ribosomal subunit protein uL3 (60S ribosomal protein L3)","RPL3"
"1445","GO:0002181","cytoplasmic translation",165,22,3.08,8.1e-19,"NV2t007636006.1","Biological Processes","Large ribosomal subunit protein uL3 (60S ribosomal protein L3)","RpL3 CG4863"
"1446","GO:0002181","cytoplasmic translation",165,22,3.08,8.1e-19,"NV2t007668001.1","Biological Processes","Eukaryotic translation initiation factor 3 subunit B (eIF3b) (Eukaryotic translation initiation factor 3 subunit 9) (eIF-3-eta)","Eif3b Eif3s9"
"1447","GO:0002181","cytoplasmic translation",165,22,3.08,8.1e-19,"NV2t007821001.1","Biological Processes","Small ribosomal subunit protein uS4 (40S ribosomal protein S9)","Rps9"
"1448","GO:0002181","cytoplasmic translation",165,22,3.08,8.1e-19,"NV2t021707001.1","Biological Processes","Large ribosomal subunit protein uL2 (60S ribosomal protein L8)","rpl8 TTpA008p15.1"
"1449","GO:0002181","cytoplasmic translation",165,22,3.08,8.1e-19,"NV2t022804001.1","Biological Processes","Ubiquitin-ribosomal protein eL40 fusion protein (CEP52) [Cleaved into: Ubiquitin; Large ribosomal subunit protein eL40 (60S ribosomal protein L40)]","RpL40 Ubi-f UBI-F52 CG2960"
"1450","GO:0002181","cytoplasmic translation",165,22,3.08,8.1e-19,"NV2t023687001.1","Biological Processes","Large ribosomal subunit protein eL36 (60S ribosomal protein L36)","RpL36"
"1451","GO:0006414","translational elongation",94,20,1.76,6.2e-16,"NV2t005887001.1","Biological Processes","Elongation factor 1-alpha, oocyte form (EF-1-alpha-O1) (EF-1AO1)",""
"1452","GO:0006414","translational elongation",94,20,1.76,6.2e-16,"NV2t005887002.1","Biological Processes","Elongation factor 1-alpha, oocyte form (EF-1-alpha-O) (EF-1AO) (42S p48)","eef1ao"
"1453","GO:0006414","translational elongation",94,20,1.76,6.2e-16,"NV2t005887003.1","Biological Processes","Elongation factor 1-alpha, oocyte form (EF-1-alpha-O1) (EF-1AO1)",""
"1454","GO:0006414","translational elongation",94,20,1.76,6.2e-16,"NV2t005887004.1","Biological Processes","Elongation factor 1-alpha, oocyte form (EF-1-alpha-O1) (EF-1AO1)",""
"1455","GO:0006414","translational elongation",94,20,1.76,6.2e-16,"NV2t005887005.1","Biological Processes","Elongation factor 1-alpha, oocyte form (EF-1-alpha-O1) (EF-1AO1)",""
"1456","GO:0006414","translational elongation",94,20,1.76,6.2e-16,"NV2t005887006.1","Biological Processes","Elongation factor 1-alpha, oocyte form (EF-1-alpha-O) (EF-1AO) (42S p48)","eef1ao"
"1457","GO:0006414","translational elongation",94,20,1.76,6.2e-16,"NV2t023410001.1","Biological Processes","Elongation factor 2 (EF-2) (EC 3.6.5.-)","EEF2"
"1458","GO:0006414","translational elongation",94,20,1.76,6.2e-16,"NV2t023410002.1","Biological Processes","Elongation factor 2 (EF-2) (EC 3.6.5.-)","EEF2"
"1459","GO:0006414","translational elongation",94,20,1.76,6.2e-16,"NV2t023410003.1","Biological Processes","Elongation factor 2 (EF-2) (EC 3.6.5.-)","EEF2"
"1460","GO:0006414","translational elongation",94,20,1.76,6.2e-16,"NV2t023410004.1","Biological Processes","Elongation factor 2 (EF-2) (EC 3.6.5.-)","EEF2"
"1461","GO:0006414","translational elongation",94,20,1.76,6.2e-16,"NV2t023410005.1","Biological Processes","Elongation factor 2 (EF-2) (EC 3.6.5.-)","EEF2"
"1462","GO:0006414","translational elongation",94,20,1.76,6.2e-16,"NV2t023410006.1","Biological Processes","Elongation factor 2 (EF-2) (EC 3.6.5.-)","EEF2"
"1463","GO:0006414","translational elongation",94,20,1.76,6.2e-16,"NV2t023410007.1","Biological Processes","Elongation factor 2 (EF-2) (EC 3.6.5.-)","EEF2"
"1464","GO:0006414","translational elongation",94,20,1.76,6.2e-16,"NV2t023410008.1","Biological Processes","Eukaryotic translation elongation factor 2 (EC 3.6.5.-) (Elongation factor 2) (EF-2)","eEF2 EF2 Ef2b CG2238"
"1465","GO:0006414","translational elongation",94,20,1.76,6.2e-16,"NV2t023410009.1","Biological Processes","Eukaryotic translation elongation factor 2 (EC 3.6.5.-) (Elongation factor 2) (EF-2)","eEF2 EF2 Ef2b CG2238"
"1466","GO:0006414","translational elongation",94,20,1.76,6.2e-16,"NV2t023410010.1","Biological Processes","Elongation factor 2 (EF-2) (EC 3.6.5.-)","EEF2"
"1467","GO:0006414","translational elongation",94,20,1.76,6.2e-16,"NV2t023410011.1","Biological Processes","Eukaryotic translation elongation factor 2 (EC 3.6.5.-) (Elongation factor 2) (EF-2)","eEF2 EF2 Ef2b CG2238"
"1468","GO:0006414","translational elongation",94,20,1.76,6.2e-16,"NV2t023410012.1","Biological Processes","Eukaryotic translation elongation factor 2 (EC 3.6.5.-) (Elongation factor 2) (EF-2)","eEF2 EF2 Ef2b CG2238"
"1469","GO:0006414","translational elongation",94,20,1.76,6.2e-16,"NV2t023410013.1","Biological Processes","Elongation factor 2 (EF-2) (EC 3.6.5.-)","EEF2"
"1470","GO:0006414","translational elongation",94,20,1.76,6.2e-16,"NV2t023410014.1","Biological Processes","Eukaryotic translation elongation factor 2 (EC 3.6.5.-) (Elongation factor 2) (EF-2)","eEF2 EF2 Ef2b CG2238"
"1471","GO:0006401","RNA catabolic process",392,33,7.33,7.2e-15,"NV2t000251001.1","Biological Processes","HEAT repeat-containing protein 1 (Protein BAP28)","heatr1 zgc:63510"
"1472","GO:0006401","RNA catabolic process",392,33,7.33,7.2e-15,"NV2t001600001.1","Biological Processes","Protein kinase C delta type (EC 2.7.11.13) (Tyrosine-protein kinase PRKCD) (EC 2.7.10.2) (nPKC-delta) [Cleaved into: Protein kinase C delta type regulatory subunit; Protein kinase C delta type catalytic subunit (Sphingosine-dependent protein kinase-1) (SDK1)]","PRKCD PKCD"
"1473","GO:0006401","RNA catabolic process",392,33,7.33,7.2e-15,"NV2t001600002.1","Biological Processes","Protein kinase C delta type (EC 2.7.11.13) (Tyrosine-protein kinase PRKCD) (EC 2.7.10.2) (nPKC-delta) [Cleaved into: Protein kinase C delta type regulatory subunit; Protein kinase C delta type catalytic subunit (Sphingosine-dependent protein kinase-1) (SDK1)]","PRKCD PKCD"
"1474","GO:0006401","RNA catabolic process",392,33,7.33,7.2e-15,"NV2t001600003.1","Biological Processes","Protein kinase C delta type (EC 2.7.11.13) (Tyrosine-protein kinase PRKCD) (EC 2.7.10.2) (nPKC-delta) [Cleaved into: Protein kinase C delta type regulatory subunit; Protein kinase C delta type catalytic subunit (Sphingosine-dependent protein kinase-1) (SDK1)]","PRKCD PKCD"
"1475","GO:0006401","RNA catabolic process",392,33,7.33,7.2e-15,"NV2t002519001.1","Biological Processes","E3 ubiquitin-protein ligase RBX1 (EC 2.3.2.27) (EC 2.3.2.32) (Hyperosmotic protein 21) (sHOP21) (RING-box protein 1) (Rbx1)","rbx1 hop21"
"1476","GO:0006401","RNA catabolic process",392,33,7.33,7.2e-15,"NV2t005899003.1","Biological Processes","Polyadenylate-binding protein 1 (PABP-1) (Poly(A)-binding protein 1)","Pabpc1 Pabp1"
"1477","GO:0006401","RNA catabolic process",392,33,7.33,7.2e-15,"NV2t005899004.1","Biological Processes","Polyadenylate-binding protein 4 (PABP-4) (Poly(A)-binding protein 4) (Activated-platelet protein 1) (APP-1) (Inducible poly(A)-binding protein) (iPABP)","PABPC4 APP1 PABP4"
"1478","GO:0006401","RNA catabolic process",392,33,7.33,7.2e-15,"NV2t005899006.1","Biological Processes","Polyadenylate-binding protein 1 (PABP-1) (Poly(A)-binding protein 1)","Pabpc1 Pabp1"
"1479","GO:0006401","RNA catabolic process",392,33,7.33,7.2e-15,"NV2t005899008.1","Biological Processes","Polyadenylate-binding protein 4 (PABP-4) (Poly(A)-binding protein 4) (Activated-platelet protein 1) (APP-1) (Inducible poly(A)-binding protein) (iPABP)","PABPC4 APP1 PABP4"
"1480","GO:0006401","RNA catabolic process",392,33,7.33,7.2e-15,"NV2t005899009.1","Biological Processes","Polyadenylate-binding protein 1-A (PABP-1-A) (Poly(A)-binding protein 1-A) (xPABP1-A) (Cytoplasmic poly(A)-binding protein 1-A)","pabpc1-a pabp pabp1"
"1481","GO:0006401","RNA catabolic process",392,33,7.33,7.2e-15,"NV2t005899010.1","Biological Processes","Polyadenylate-binding protein 4 (PABP-4) (Poly(A)-binding protein 4) (Activated-platelet protein 1) (APP-1) (Inducible poly(A)-binding protein) (iPABP)","PABPC4 APP1 PABP4"
"1482","GO:0006401","RNA catabolic process",392,33,7.33,7.2e-15,"NV2t005899011.1","Biological Processes","Polyadenylate-binding protein 4 (PABP-4) (Poly(A)-binding protein 4) (Activated-platelet protein 1) (APP-1) (Inducible poly(A)-binding protein) (iPABP)","PABPC4 APP1 PABP4"
"1483","GO:0006401","RNA catabolic process",392,33,7.33,7.2e-15,"NV2t005899012.1","Biological Processes","Polyadenylate-binding protein 4 (PABP-4) (Poly(A)-binding protein 4) (Activated-platelet protein 1) (APP-1) (Inducible poly(A)-binding protein) (iPABP)","PABPC4 APP1 PABP4"
"1484","GO:0006401","RNA catabolic process",392,33,7.33,7.2e-15,"NV2t005899013.1","Biological Processes","Polyadenylate-binding protein 4 (PABP-4) (Poly(A)-binding protein 4) (Activated-platelet protein 1) (APP-1) (Inducible poly(A)-binding protein) (iPABP)","PABPC4 APP1 PABP4"
"1485","GO:0006401","RNA catabolic process",392,33,7.33,7.2e-15,"NV2t005899014.1","Biological Processes","Polyadenylate-binding protein 4 (PABP-4) (Poly(A)-binding protein 4) (Activated-platelet protein 1) (APP-1) (Inducible poly(A)-binding protein) (iPABP)","PABPC4 APP1 PABP4"
"1486","GO:0006401","RNA catabolic process",392,33,7.33,7.2e-15,"NV2t005899015.1","Biological Processes","Polyadenylate-binding protein 4 (PABP-4) (Poly(A)-binding protein 4) (Activated-platelet protein 1) (APP-1) (Inducible poly(A)-binding protein) (iPABP)","PABPC4 APP1 PABP4"
"1487","GO:0006401","RNA catabolic process",392,33,7.33,7.2e-15,"NV2t005899016.1","Biological Processes","Polyadenylate-binding protein 4 (PABP-4) (Poly(A)-binding protein 4) (Activated-platelet protein 1) (APP-1) (Inducible poly(A)-binding protein) (iPABP)","PABPC4 APP1 PABP4"
"1488","GO:0006401","RNA catabolic process",392,33,7.33,7.2e-15,"NV2t005899017.1","Biological Processes","Polyadenylate-binding protein 4 (PABP-4) (Poly(A)-binding protein 4) (Activated-platelet protein 1) (APP-1) (Inducible poly(A)-binding protein) (iPABP)","PABPC4 APP1 PABP4"
"1489","GO:0006401","RNA catabolic process",392,33,7.33,7.2e-15,"NV2t005899018.1","Biological Processes","Polyadenylate-binding protein 4 (PABP-4) (Poly(A)-binding protein 4) (Activated-platelet protein 1) (APP-1) (Inducible poly(A)-binding protein) (iPABP)","PABPC4 APP1 PABP4"
"1490","GO:0006401","RNA catabolic process",392,33,7.33,7.2e-15,"NV2t005899019.1","Biological Processes","Polyadenylate-binding protein 4 (PABP-4) (Poly(A)-binding protein 4) (Activated-platelet protein 1) (APP-1) (Inducible poly(A)-binding protein) (iPABP)","PABPC4 APP1 PABP4"
"1491","GO:0006401","RNA catabolic process",392,33,7.33,7.2e-15,"NV2t005899020.1","Biological Processes","Polyadenylate-binding protein 4 (PABP-4) (Poly(A)-binding protein 4) (Activated-platelet protein 1) (APP-1) (Inducible poly(A)-binding protein) (iPABP)","PABPC4 APP1 PABP4"
"1492","GO:0006401","RNA catabolic process",392,33,7.33,7.2e-15,"NV2t005899021.1","Biological Processes","Polyadenylate-binding protein 4 (PABP-4) (Poly(A)-binding protein 4) (Activated-platelet protein 1) (APP-1) (Inducible poly(A)-binding protein) (iPABP)","PABPC4 APP1 PABP4"
"1493","GO:0006401","RNA catabolic process",392,33,7.33,7.2e-15,"NV2t005899022.1","Biological Processes","Polyadenylate-binding protein 4 (PABP-4) (Poly(A)-binding protein 4) (Activated-platelet protein 1) (APP-1) (Inducible poly(A)-binding protein) (iPABP)","PABPC4 APP1 PABP4"
"1494","GO:0006401","RNA catabolic process",392,33,7.33,7.2e-15,"NV2t005899023.1","Biological Processes","Polyadenylate-binding protein 4 (PABP-4) (Poly(A)-binding protein 4) (Activated-platelet protein 1) (APP-1) (Inducible poly(A)-binding protein) (iPABP)","PABPC4 APP1 PABP4"
"1495","GO:0006401","RNA catabolic process",392,33,7.33,7.2e-15,"NV2t005899024.1","Biological Processes","Polyadenylate-binding protein 1 (PABP-1) (Poly(A)-binding protein 1)","Pabpc1 Pabp1"
"1496","GO:0006401","RNA catabolic process",392,33,7.33,7.2e-15,"NV2t005965001.1","Biological Processes","Probable ribonuclease ZC3H12C (EC 3.1.-.-) (Zinc finger CCCH domain-containing protein 12C)","Zc3h12c Kiaa1726"
"1497","GO:0006401","RNA catabolic process",392,33,7.33,7.2e-15,"NV2t005965002.1","Biological Processes","Probable ribonuclease ZC3H12D (EC 3.1.-.-) (MCP-induced protein 4) (Transformed follicular lymphoma) (Zinc finger CCCH domain-containing protein 12D) (p34)","ZC3H12D C6orf95 MCPIP4 TFL"
"1498","GO:0006401","RNA catabolic process",392,33,7.33,7.2e-15,"NV2t005965003.1","Biological Processes","Probable ribonuclease ZC3H12D (EC 3.1.-.-) (MCP-induced protein 4) (Transformed follicular lymphoma) (Zinc finger CCCH domain-containing protein 12D) (p34)","ZC3H12D C6orf95 MCPIP4 TFL"
"1499","GO:0006401","RNA catabolic process",392,33,7.33,7.2e-15,"NV2t007890001.1","Biological Processes","Probable ATP-dependent RNA helicase DDX5 (EC 3.6.4.13) (DEAD box RNA helicase DEAD1) (mDEAD1) (DEAD box protein 5) (RNA helicase p68)","Ddx5 Tnz2"
"1500","GO:0006401","RNA catabolic process",392,33,7.33,7.2e-15,"NV2t007890002.1","Biological Processes","Probable ATP-dependent RNA helicase DDX5 (EC 3.6.4.13) (DEAD box RNA helicase DEAD1) (mDEAD1) (DEAD box protein 5) (RNA helicase p68)","Ddx5 Tnz2"
"1501","GO:0006401","RNA catabolic process",392,33,7.33,7.2e-15,"NV2t007890003.1","Biological Processes","Probable ATP-dependent RNA helicase DDX5 (EC 3.6.4.13) (DEAD box RNA helicase DEAD1) (mDEAD1) (DEAD box protein 5) (RNA helicase p68)","Ddx5 Tnz2"
"1502","GO:0006401","RNA catabolic process",392,33,7.33,7.2e-15,"NV2t007890004.1","Biological Processes","Probable ATP-dependent RNA helicase DDX5 (EC 3.6.4.13) (DEAD box RNA helicase DEAD1) (mDEAD1) (DEAD box protein 5) (RNA helicase p68)","Ddx5 Tnz2"
"1503","GO:0006401","RNA catabolic process",392,33,7.33,7.2e-15,"NV2t020356001.1","Biological Processes","Protein Smaug homolog 1 (Smaug 1) (Sterile alpha motif domain-containing protein 4A)","samd4a smaug1"
"1504","GO:0007596","blood coagulation",191,21,3.57,1.1e-14,"NV2t000699001.1","Biological Processes","Filamin-A (FLN-A) (Actin-binding protein 280) (ABP-280) (Alpha-filamin) (Endothelial actin-binding protein) (Filamin-1) (Non-muscle filamin)","Flna Fln Fln1"
"1505","GO:0007596","blood coagulation",191,21,3.57,1.1e-14,"NV2t001600001.1","Biological Processes","Protein kinase C delta type (EC 2.7.11.13) (Tyrosine-protein kinase PRKCD) (EC 2.7.10.2) (nPKC-delta) [Cleaved into: Protein kinase C delta type regulatory subunit; Protein kinase C delta type catalytic subunit (Sphingosine-dependent protein kinase-1) (SDK1)]","PRKCD PKCD"
"1506","GO:0007596","blood coagulation",191,21,3.57,1.1e-14,"NV2t001600002.1","Biological Processes","Protein kinase C delta type (EC 2.7.11.13) (Tyrosine-protein kinase PRKCD) (EC 2.7.10.2) (nPKC-delta) [Cleaved into: Protein kinase C delta type regulatory subunit; Protein kinase C delta type catalytic subunit (Sphingosine-dependent protein kinase-1) (SDK1)]","PRKCD PKCD"
"1507","GO:0007596","blood coagulation",191,21,3.57,1.1e-14,"NV2t001600003.1","Biological Processes","Protein kinase C delta type (EC 2.7.11.13) (Tyrosine-protein kinase PRKCD) (EC 2.7.10.2) (nPKC-delta) [Cleaved into: Protein kinase C delta type regulatory subunit; Protein kinase C delta type catalytic subunit (Sphingosine-dependent protein kinase-1) (SDK1)]","PRKCD PKCD"
"1508","GO:0007596","blood coagulation",191,21,3.57,1.1e-14,"NV2t005899004.1","Biological Processes","Polyadenylate-binding protein 4 (PABP-4) (Poly(A)-binding protein 4) (Activated-platelet protein 1) (APP-1) (Inducible poly(A)-binding protein) (iPABP)","PABPC4 APP1 PABP4"
"1509","GO:0007596","blood coagulation",191,21,3.57,1.1e-14,"NV2t005899008.1","Biological Processes","Polyadenylate-binding protein 4 (PABP-4) (Poly(A)-binding protein 4) (Activated-platelet protein 1) (APP-1) (Inducible poly(A)-binding protein) (iPABP)","PABPC4 APP1 PABP4"
"1510","GO:0007596","blood coagulation",191,21,3.57,1.1e-14,"NV2t005899010.1","Biological Processes","Polyadenylate-binding protein 4 (PABP-4) (Poly(A)-binding protein 4) (Activated-platelet protein 1) (APP-1) (Inducible poly(A)-binding protein) (iPABP)","PABPC4 APP1 PABP4"
"1511","GO:0007596","blood coagulation",191,21,3.57,1.1e-14,"NV2t005899011.1","Biological Processes","Polyadenylate-binding protein 4 (PABP-4) (Poly(A)-binding protein 4) (Activated-platelet protein 1) (APP-1) (Inducible poly(A)-binding protein) (iPABP)","PABPC4 APP1 PABP4"
"1512","GO:0007596","blood coagulation",191,21,3.57,1.1e-14,"NV2t005899012.1","Biological Processes","Polyadenylate-binding protein 4 (PABP-4) (Poly(A)-binding protein 4) (Activated-platelet protein 1) (APP-1) (Inducible poly(A)-binding protein) (iPABP)","PABPC4 APP1 PABP4"
"1513","GO:0007596","blood coagulation",191,21,3.57,1.1e-14,"NV2t005899013.1","Biological Processes","Polyadenylate-binding protein 4 (PABP-4) (Poly(A)-binding protein 4) (Activated-platelet protein 1) (APP-1) (Inducible poly(A)-binding protein) (iPABP)","PABPC4 APP1 PABP4"
"1514","GO:0007596","blood coagulation",191,21,3.57,1.1e-14,"NV2t005899014.1","Biological Processes","Polyadenylate-binding protein 4 (PABP-4) (Poly(A)-binding protein 4) (Activated-platelet protein 1) (APP-1) (Inducible poly(A)-binding protein) (iPABP)","PABPC4 APP1 PABP4"
"1515","GO:0007596","blood coagulation",191,21,3.57,1.1e-14,"NV2t005899015.1","Biological Processes","Polyadenylate-binding protein 4 (PABP-4) (Poly(A)-binding protein 4) (Activated-platelet protein 1) (APP-1) (Inducible poly(A)-binding protein) (iPABP)","PABPC4 APP1 PABP4"
"1516","GO:0007596","blood coagulation",191,21,3.57,1.1e-14,"NV2t005899016.1","Biological Processes","Polyadenylate-binding protein 4 (PABP-4) (Poly(A)-binding protein 4) (Activated-platelet protein 1) (APP-1) (Inducible poly(A)-binding protein) (iPABP)","PABPC4 APP1 PABP4"
"1517","GO:0007596","blood coagulation",191,21,3.57,1.1e-14,"NV2t005899017.1","Biological Processes","Polyadenylate-binding protein 4 (PABP-4) (Poly(A)-binding protein 4) (Activated-platelet protein 1) (APP-1) (Inducible poly(A)-binding protein) (iPABP)","PABPC4 APP1 PABP4"
"1518","GO:0007596","blood coagulation",191,21,3.57,1.1e-14,"NV2t005899018.1","Biological Processes","Polyadenylate-binding protein 4 (PABP-4) (Poly(A)-binding protein 4) (Activated-platelet protein 1) (APP-1) (Inducible poly(A)-binding protein) (iPABP)","PABPC4 APP1 PABP4"
"1519","GO:0007596","blood coagulation",191,21,3.57,1.1e-14,"NV2t005899019.1","Biological Processes","Polyadenylate-binding protein 4 (PABP-4) (Poly(A)-binding protein 4) (Activated-platelet protein 1) (APP-1) (Inducible poly(A)-binding protein) (iPABP)","PABPC4 APP1 PABP4"
"1520","GO:0007596","blood coagulation",191,21,3.57,1.1e-14,"NV2t005899020.1","Biological Processes","Polyadenylate-binding protein 4 (PABP-4) (Poly(A)-binding protein 4) (Activated-platelet protein 1) (APP-1) (Inducible poly(A)-binding protein) (iPABP)","PABPC4 APP1 PABP4"
"1521","GO:0007596","blood coagulation",191,21,3.57,1.1e-14,"NV2t005899021.1","Biological Processes","Polyadenylate-binding protein 4 (PABP-4) (Poly(A)-binding protein 4) (Activated-platelet protein 1) (APP-1) (Inducible poly(A)-binding protein) (iPABP)","PABPC4 APP1 PABP4"
"1522","GO:0007596","blood coagulation",191,21,3.57,1.1e-14,"NV2t005899022.1","Biological Processes","Polyadenylate-binding protein 4 (PABP-4) (Poly(A)-binding protein 4) (Activated-platelet protein 1) (APP-1) (Inducible poly(A)-binding protein) (iPABP)","PABPC4 APP1 PABP4"
"1523","GO:0007596","blood coagulation",191,21,3.57,1.1e-14,"NV2t005899023.1","Biological Processes","Polyadenylate-binding protein 4 (PABP-4) (Poly(A)-binding protein 4) (Activated-platelet protein 1) (APP-1) (Inducible poly(A)-binding protein) (iPABP)","PABPC4 APP1 PABP4"
"1524","GO:0007596","blood coagulation",191,21,3.57,1.1e-14,"NV2t023289001.1","Biological Processes","Actin nucleation-promoting factor WAS (Wiskott-Aldrich syndrome protein) (WASp)","WAS IMD2"
"1525","GO:1903712","cysteine transmembrane transport",17,10,0.32,8e-14,"NV2t003410001.1","Biological Processes","Major facilitator superfamily domain-containing protein 12","MFSD12 C19orf28"
"1526","GO:1903712","cysteine transmembrane transport",17,10,0.32,8e-14,"NV2t003410002.1","Biological Processes","Major facilitator superfamily domain-containing protein 12","MFSD12 C19orf28"
"1527","GO:1903712","cysteine transmembrane transport",17,10,0.32,8e-14,"NV2t003410003.1","Biological Processes","Major facilitator superfamily domain-containing protein 12","MFSD12 C19orf28"
"1528","GO:1903712","cysteine transmembrane transport",17,10,0.32,8e-14,"NV2t003410004.1","Biological Processes","Major facilitator superfamily domain-containing protein 12","MFSD12 C19orf28"
"1529","GO:1903712","cysteine transmembrane transport",17,10,0.32,8e-14,"NV2t003410005.1","Biological Processes","Major facilitator superfamily domain-containing protein 12","MFSD12 C19orf28"
"1530","GO:1903712","cysteine transmembrane transport",17,10,0.32,8e-14,"NV2t003410006.1","Biological Processes","Major facilitator superfamily domain-containing protein 12","MFSD12 C19orf28"
"1531","GO:1903712","cysteine transmembrane transport",17,10,0.32,8e-14,"NV2t007258001.1","Biological Processes","Major facilitator superfamily domain-containing protein 12","MFSD12 C19orf28"
"1532","GO:1903712","cysteine transmembrane transport",17,10,0.32,8e-14,"NV2t023688001.1","Biological Processes","Major facilitator superfamily domain-containing protein 12","MFSD12 C19orf28"
"1533","GO:1903712","cysteine transmembrane transport",17,10,0.32,8e-14,"NV2t023688002.1","Biological Processes","Major facilitator superfamily domain-containing protein 12","MFSD12 C19orf28"
"1534","GO:1903712","cysteine transmembrane transport",17,10,0.32,8e-14,"NV2t023688003.1","Biological Processes","Major facilitator superfamily domain-containing protein 12","MFSD12"
"1535","GO:0009051","pentose-phosphate shunt, oxidative branch",11,8,0.21,2.2e-12,"NV2t000281001.1","Biological Processes","Glucose-6-phosphate 1-dehydrogenase (G6PD) (EC 1.-.-.-) (EC 1.1.1.49)","G6PD"
"1536","GO:0009051","pentose-phosphate shunt, oxidative branch",11,8,0.21,2.2e-12,"NV2t000281002.1","Biological Processes","Glucose-6-phosphate 1-dehydrogenase (G6PD) (EC 1.-.-.-) (EC 1.1.1.49)","G6pdx G6pd"
"1537","GO:0009051","pentose-phosphate shunt, oxidative branch",11,8,0.21,2.2e-12,"NV2t000281003.1","Biological Processes","Glucose-6-phosphate 1-dehydrogenase (G6PD) (EC 1.-.-.-) (EC 1.1.1.49)","G6pdx G6pd"
"1538","GO:0009051","pentose-phosphate shunt, oxidative branch",11,8,0.21,2.2e-12,"NV2t000281004.1","Biological Processes","Glucose-6-phosphate 1-dehydrogenase (G6PD) (EC 1.-.-.-) (EC 1.1.1.49)","G6PD"
"1539","GO:0009051","pentose-phosphate shunt, oxidative branch",11,8,0.21,2.2e-12,"NV2t000281005.1","Biological Processes","Glucose-6-phosphate 1-dehydrogenase (G6PD) (EC 1.-.-.-) (EC 1.1.1.49)","G6PD"
"1540","GO:0009051","pentose-phosphate shunt, oxidative branch",11,8,0.21,2.2e-12,"NV2t000281006.1","Biological Processes","Glucose-6-phosphate 1-dehydrogenase (G6PD) (EC 1.-.-.-) (EC 1.1.1.49)","G6PD"
"1541","GO:0009051","pentose-phosphate shunt, oxidative branch",11,8,0.21,2.2e-12,"NV2t000281007.1","Biological Processes","Glucose-6-phosphate 1-dehydrogenase (G6PD) (EC 1.-.-.-) (EC 1.1.1.49)","G6PD"
"1542","GO:0009051","pentose-phosphate shunt, oxidative branch",11,8,0.21,2.2e-12,"NV2t000281008.1","Biological Processes","Glucose-6-phosphate 1-dehydrogenase (G6PD) (EC 1.-.-.-) (EC 1.1.1.49)","G6pdx G6pd"
"1543","GO:0048022","negative regulation of melanin biosynthetic process",26,10,0.49,1.9e-11,"NV2t003410001.1","Biological Processes","Major facilitator superfamily domain-containing protein 12","MFSD12 C19orf28"
"1544","GO:0048022","negative regulation of melanin biosynthetic process",26,10,0.49,1.9e-11,"NV2t003410002.1","Biological Processes","Major facilitator superfamily domain-containing protein 12","MFSD12 C19orf28"
"1545","GO:0048022","negative regulation of melanin biosynthetic process",26,10,0.49,1.9e-11,"NV2t003410003.1","Biological Processes","Major facilitator superfamily domain-containing protein 12","MFSD12 C19orf28"
"1546","GO:0048022","negative regulation of melanin biosynthetic process",26,10,0.49,1.9e-11,"NV2t003410004.1","Biological Processes","Major facilitator superfamily domain-containing protein 12","MFSD12 C19orf28"
"1547","GO:0048022","negative regulation of melanin biosynthetic process",26,10,0.49,1.9e-11,"NV2t003410005.1","Biological Processes","Major facilitator superfamily domain-containing protein 12","MFSD12 C19orf28"
"1548","GO:0048022","negative regulation of melanin biosynthetic process",26,10,0.49,1.9e-11,"NV2t003410006.1","Biological Processes","Major facilitator superfamily domain-containing protein 12","MFSD12 C19orf28"
"1549","GO:0048022","negative regulation of melanin biosynthetic process",26,10,0.49,1.9e-11,"NV2t007258001.1","Biological Processes","Major facilitator superfamily domain-containing protein 12","MFSD12 C19orf28"
"1550","GO:0048022","negative regulation of melanin biosynthetic process",26,10,0.49,1.9e-11,"NV2t023688001.1","Biological Processes","Major facilitator superfamily domain-containing protein 12","MFSD12 C19orf28"
"1551","GO:0048022","negative regulation of melanin biosynthetic process",26,10,0.49,1.9e-11,"NV2t023688002.1","Biological Processes","Major facilitator superfamily domain-containing protein 12","MFSD12 C19orf28"
"1552","GO:0048022","negative regulation of melanin biosynthetic process",26,10,0.49,1.9e-11,"NV2t023688003.1","Biological Processes","Major facilitator superfamily domain-containing protein 12","MFSD12"
"1553","GO:0043474","pigment metabolic process involved in pigmentation",27,10,0.5,2.9e-11,"NV2t003410001.1","Biological Processes","Major facilitator superfamily domain-containing protein 12","MFSD12 C19orf28"
"1554","GO:0043474","pigment metabolic process involved in pigmentation",27,10,0.5,2.9e-11,"NV2t003410002.1","Biological Processes","Major facilitator superfamily domain-containing protein 12","MFSD12 C19orf28"
"1555","GO:0043474","pigment metabolic process involved in pigmentation",27,10,0.5,2.9e-11,"NV2t003410003.1","Biological Processes","Major facilitator superfamily domain-containing protein 12","MFSD12 C19orf28"
"1556","GO:0043474","pigment metabolic process involved in pigmentation",27,10,0.5,2.9e-11,"NV2t003410004.1","Biological Processes","Major facilitator superfamily domain-containing protein 12","MFSD12 C19orf28"
"1557","GO:0043474","pigment metabolic process involved in pigmentation",27,10,0.5,2.9e-11,"NV2t003410005.1","Biological Processes","Major facilitator superfamily domain-containing protein 12","MFSD12 C19orf28"
"1558","GO:0043474","pigment metabolic process involved in pigmentation",27,10,0.5,2.9e-11,"NV2t003410006.1","Biological Processes","Major facilitator superfamily domain-containing protein 12","MFSD12 C19orf28"
"1559","GO:0043474","pigment metabolic process involved in pigmentation",27,10,0.5,2.9e-11,"NV2t007258001.1","Biological Processes","Major facilitator superfamily domain-containing protein 12","MFSD12 C19orf28"
"1560","GO:0043474","pigment metabolic process involved in pigmentation",27,10,0.5,2.9e-11,"NV2t023688001.1","Biological Processes","Major facilitator superfamily domain-containing protein 12","MFSD12 C19orf28"
"1561","GO:0043474","pigment metabolic process involved in pigmentation",27,10,0.5,2.9e-11,"NV2t023688002.1","Biological Processes","Major facilitator superfamily domain-containing protein 12","MFSD12 C19orf28"
"1562","GO:0043474","pigment metabolic process involved in pigmentation",27,10,0.5,2.9e-11,"NV2t023688003.1","Biological Processes","Major facilitator superfamily domain-containing protein 12","MFSD12"
"1563","GO:0061051","positive regulation of cell growth involved in card...",8,6,0.15,1.1e-09,"NV2t025357001.1","Biological Processes","Spliceosome RNA helicase Ddx39b (EC 3.6.4.13) (56 kDa U2AF65-associated protein) (ATP-dependent RNA helicase p47) (DEAD box protein Uap56)","Ddx39b Bat1 Bat1a Uap56"
"1564","GO:0061051","positive regulation of cell growth involved in card...",8,6,0.15,1.1e-09,"NV2t025357002.1","Biological Processes","Spliceosome RNA helicase Ddx39b (EC 3.6.4.13) (56 kDa U2AF65-associated protein) (ATP-dependent RNA helicase p47) (DEAD box protein Uap56)","Ddx39b Bat1 Bat1a Uap56"
"1565","GO:0061051","positive regulation of cell growth involved in card...",8,6,0.15,1.1e-09,"NV2t025357003.1","Biological Processes","Spliceosome RNA helicase Ddx39b (EC 3.6.4.13) (56 kDa U2AF65-associated protein) (ATP-dependent RNA helicase p47) (DEAD box protein Uap56)","Ddx39b Bat1 Bat1a Uap56"
"1566","GO:0061051","positive regulation of cell growth involved in card...",8,6,0.15,1.1e-09,"NV2t025357004.1","Biological Processes","Spliceosome RNA helicase Ddx39b (EC 3.6.4.13) (56 kDa U2AF65-associated protein) (ATP-dependent RNA helicase p47) (DEAD box protein Uap56)","Ddx39b Bat1 Bat1a Uap56"
"1567","GO:0061051","positive regulation of cell growth involved in card...",8,6,0.15,1.1e-09,"NV2t025357005.1","Biological Processes","Spliceosome RNA helicase Ddx39b (EC 3.6.4.13) (56 kDa U2AF65-associated protein) (ATP-dependent RNA helicase p47) (DEAD box protein Uap56)","Ddx39b Bat1 Bat1a Uap56"
"1568","GO:0061051","positive regulation of cell growth involved in card...",8,6,0.15,1.1e-09,"NV2t025357006.1","Biological Processes","Spliceosome RNA helicase Ddx39b (EC 3.6.4.13) (56 kDa U2AF65-associated protein) (ATP-dependent RNA helicase p47) (DEAD box protein Uap56)","Ddx39b Bat1 Bat1a Uap56"
"1569","GO:0160076","negative regulation of non-canonical inflammasome c...",5,5,0.09,2.2e-09,"NV2t002880002.1","Biological Processes","UDP-N-acetylglucosamine--peptide N-acetylglucosaminyltransferase 110 kDa subunit (EC 2.4.1.255) (O-GlcNAc transferase subunit p110) (O-linked N-acetylglucosamine transferase 110 kDa subunit) (OGT)","Ogt"
"1570","GO:0160076","negative regulation of non-canonical inflammasome c...",5,5,0.09,2.2e-09,"NV2t002880003.1","Biological Processes","UDP-N-acetylglucosamine--peptide N-acetylglucosaminyltransferase 110 kDa subunit (EC 2.4.1.255) (O-GlcNAc transferase subunit p110) (O-linked N-acetylglucosamine transferase 110 kDa subunit) (OGT)","Ogt"
"1571","GO:0160076","negative regulation of non-canonical inflammasome c...",5,5,0.09,2.2e-09,"NV2t002880005.1","Biological Processes","UDP-N-acetylglucosamine--peptide N-acetylglucosaminyltransferase 110 kDa subunit (EC 2.4.1.255) (O-GlcNAc transferase subunit p110) (O-linked N-acetylglucosamine transferase 110 kDa subunit) (OGT)","Ogt"
"1572","GO:0160076","negative regulation of non-canonical inflammasome c...",5,5,0.09,2.2e-09,"NV2t002880006.1","Biological Processes","UDP-N-acetylglucosamine--peptide N-acetylglucosaminyltransferase 110 kDa subunit (EC 2.4.1.255) (O-GlcNAc transferase subunit p110) (O-linked N-acetylglucosamine transferase 110 kDa subunit) (OGT)","Ogt"
"1573","GO:0160076","negative regulation of non-canonical inflammasome c...",5,5,0.09,2.2e-09,"NV2t002880007.1","Biological Processes","UDP-N-acetylglucosamine--peptide N-acetylglucosaminyltransferase 110 kDa subunit (EC 2.4.1.255) (O-GlcNAc transferase subunit p110) (O-linked N-acetylglucosamine transferase 110 kDa subunit) (OGT)","Ogt"
"1574","GO:1902065","response to L-glutamate",14,7,0.26,2.3e-09,"NV2t002714001.1","Biological Processes","Tubulin alpha-1A chain (EC 3.6.5.-) (Alpha-tubulin 1) (Tubulin alpha-1 chain) [Cleaved into: Detyrosinated tubulin alpha-1A chain]","Tuba1a Tuba1"
"1575","GO:1902065","response to L-glutamate",14,7,0.26,2.3e-09,"NV2t002717001.1","Biological Processes","Tubulin alpha-1A chain (EC 3.6.5.-) (Alpha-tubulin 1) (Tubulin alpha-1 chain) [Cleaved into: Detyrosinated tubulin alpha-1A chain]","Tuba1a Tuba1"
"1576","GO:1902065","response to L-glutamate",14,7,0.26,2.3e-09,"NV2t002717002.1","Biological Processes","Tubulin alpha-1A chain (EC 3.6.5.-) (Alpha-tubulin 1) (Tubulin alpha-1 chain) [Cleaved into: Detyrosinated tubulin alpha-1A chain]","Tuba1a Tuba1"
"1577","GO:1902065","response to L-glutamate",14,7,0.26,2.3e-09,"NV2t002719002.1","Biological Processes","Tubulin alpha-1A chain (EC 3.6.5.-) (Alpha-tubulin 1) (Tubulin alpha-1 chain) [Cleaved into: Detyrosinated tubulin alpha-1A chain]","Tuba1a Tuba1"
"1578","GO:1902065","response to L-glutamate",14,7,0.26,2.3e-09,"NV2t003384001.1","Biological Processes","Apoptosis-inducing factor 1, mitochondrial (EC 1.6.99.-) (Programmed cell death protein 8)","AIFM1 AIF PDCD8"
"1579","GO:1902065","response to L-glutamate",14,7,0.26,2.3e-09,"NV2t007878001.1","Biological Processes","Tubulin alpha-1A chain (EC 3.6.5.-) (Alpha-tubulin 1) (Tubulin alpha-1 chain) [Cleaved into: Detyrosinated tubulin alpha-1A chain]","Tuba1a Tuba1"
"1580","GO:1902065","response to L-glutamate",14,7,0.26,2.3e-09,"NV2t007880001.1","Biological Processes","Tubulin alpha-1A chain (EC 3.6.5.-) (Alpha-tubulin 1) (Tubulin alpha-1 chain) [Cleaved into: Detyrosinated tubulin alpha-1A chain]","Tuba1a Tuba1"
"1581","GO:0007017","microtubule-based process",1283,36,23.97,3.2e-09,"NV2t000699001.1","Biological Processes","Filamin-A (FLN-A) (Actin-binding protein 280) (ABP-280) (Alpha-filamin) (Endothelial actin-binding protein) (Filamin-1) (Non-muscle filamin)","Flna Fln Fln1"
"1582","GO:0007017","microtubule-based process",1283,36,23.97,3.2e-09,"NV2t001764001.1","Biological Processes","Dynein axonemal heavy chain 6 (Axonemal beta dynein heavy chain 6) (Ciliary dynein heavy chain 6)","DNAH6 DNAHC6 DNHL1 HL2 KIAA1697"
"1583","GO:0007017","microtubule-based process",1283,36,23.97,3.2e-09,"NV2t002068001.1","Biological Processes","Transitional endoplasmic reticulum ATPase (TER ATPase) (EC 3.6.4.6) (15S Mg(2+)-ATPase p97 subunit) (p97) (Valosin-containing protein) (VCP)","vcp"
"1584","GO:0007017","microtubule-based process",1283,36,23.97,3.2e-09,"NV2t002714001.1","Biological Processes","Tubulin alpha-1A chain (EC 3.6.5.-) (Alpha-tubulin 1) (Tubulin alpha-1 chain) [Cleaved into: Detyrosinated tubulin alpha-1A chain]","Tuba1a Tuba1"
"1585","GO:0007017","microtubule-based process",1283,36,23.97,3.2e-09,"NV2t002716001.1","Biological Processes","Tubulin alpha-1 chain (EC 3.6.5.-)",""
"1586","GO:0007017","microtubule-based process",1283,36,23.97,3.2e-09,"NV2t002717001.1","Biological Processes","Tubulin alpha-1A chain (EC 3.6.5.-) (Alpha-tubulin 1) (Tubulin alpha-1 chain) [Cleaved into: Detyrosinated tubulin alpha-1A chain]","Tuba1a Tuba1"
"1587","GO:0007017","microtubule-based process",1283,36,23.97,3.2e-09,"NV2t002717002.1","Biological Processes","Tubulin alpha-1A chain (EC 3.6.5.-) (Alpha-tubulin 1) (Tubulin alpha-1 chain) [Cleaved into: Detyrosinated tubulin alpha-1A chain]","Tuba1a Tuba1"
"1588","GO:0007017","microtubule-based process",1283,36,23.97,3.2e-09,"NV2t002717003.1","Biological Processes","Tubulin alpha-2/alpha-4 chain (EC 3.6.5.-)","TUB2; TUB4"
"1589","GO:0007017","microtubule-based process",1283,36,23.97,3.2e-09,"NV2t002718001.1","Biological Processes","Tubulin alpha chain (EC 3.6.5.-) [Cleaved into: Detyrosinated tubulin alpha chain]","tuba tuba1"
"1590","GO:0007017","microtubule-based process",1283,36,23.97,3.2e-09,"NV2t002719001.1","Biological Processes","Tubulin alpha-2/alpha-4 chain (EC 3.6.5.-)","TUB2; TUB4"
"1591","GO:0007017","microtubule-based process",1283,36,23.97,3.2e-09,"NV2t002719002.1","Biological Processes","Tubulin alpha-1A chain (EC 3.6.5.-) (Alpha-tubulin 1) (Tubulin alpha-1 chain) [Cleaved into: Detyrosinated tubulin alpha-1A chain]","Tuba1a Tuba1"
"1592","GO:0007017","microtubule-based process",1283,36,23.97,3.2e-09,"NV2t003145001.1","Biological Processes","Tubulin alpha-3 chain (EC 3.6.5.-) (Alpha-tubulin 3) [Cleaved into: Detyrosinated tubulin alpha-3 chain]","Tuba3a Tuba3; Tuba3b Tuba3"
"1593","GO:0007017","microtubule-based process",1283,36,23.97,3.2e-09,"NV2t003691001.1","Biological Processes","Dynein axonemal heavy chain 7 (Axonemal beta dynein heavy chain 7) (Ciliary dynein heavy chain 7) (Dynein heavy chain-like protein 2) (hDHC2)","DNAH7 KIAA0944"
"1594","GO:0007017","microtubule-based process",1283,36,23.97,3.2e-09,"NV2t003692001.1","Biological Processes","Dynein axonemal heavy chain 12 (Axonemal beta dynein heavy chain 12) (Axonemal dynein heavy chain 12-like protein) (Axonemal dynein heavy chain 7-like protein) (Ciliary dynein heavy chain 12)","Dnah12 Dnah12l Dnah7l Dnahc12 Dnahc7l"
"1595","GO:0007017","microtubule-based process",1283,36,23.97,3.2e-09,"NV2t003693001.1","Biological Processes","Dynein axonemal heavy chain 12 (Axonemal beta dynein heavy chain 12) (Axonemal dynein heavy chain 12-like protein) (Axonemal dynein heavy chain 7-like protein) (Ciliary dynein heavy chain 12) (Dynein axonemal heavy chain 7-like) (Dynein heavy chain domain-containing protein 2)","DNAH12 DHC3 DLP12 DNAH12L DNAH7L DNAHC3 DNHD2 HDHC3 HL19"
"1596","GO:0007017","microtubule-based process",1283,36,23.97,3.2e-09,"NV2t004228001.1","Biological Processes","Targeting protein for Xklp2 homolog (TPX2 homolog) (Microtubule-associated protein TPX2 homolog)","TPX2"
"1597","GO:0007017","microtubule-based process",1283,36,23.97,3.2e-09,"NV2t004257001.1","Biological Processes","Tubulin beta chain (Beta-tubulin)",""
"1598","GO:0007017","microtubule-based process",1283,36,23.97,3.2e-09,"NV2t004259001.1","Biological Processes","Tubulin beta chain (Beta-tubulin)",""
"1599","GO:0007017","microtubule-based process",1283,36,23.97,3.2e-09,"NV2t005086002.1","Biological Processes","Centrosomal protein of 192 kDa (Cep192) (Cep192/SPD-2)","CEP192 KIAA1569 PP8407"
"1600","GO:0007017","microtubule-based process",1283,36,23.97,3.2e-09,"NV2t007878001.1","Biological Processes","Tubulin alpha-1A chain (EC 3.6.5.-) (Alpha-tubulin 1) (Tubulin alpha-1 chain) [Cleaved into: Detyrosinated tubulin alpha-1A chain]","Tuba1a Tuba1"
"1601","GO:0007017","microtubule-based process",1283,36,23.97,3.2e-09,"NV2t007880001.1","Biological Processes","Tubulin alpha-1A chain (EC 3.6.5.-) (Alpha-tubulin 1) (Tubulin alpha-1 chain) [Cleaved into: Detyrosinated tubulin alpha-1A chain]","Tuba1a Tuba1"
"1602","GO:0007017","microtubule-based process",1283,36,23.97,3.2e-09,"NV2t007884001.1","Biological Processes","Tubulin alpha-1 chain (EC 3.6.5.-)",""
"1603","GO:0007017","microtubule-based process",1283,36,23.97,3.2e-09,"NV2t007886001.1","Biological Processes","Tubulin alpha-2/alpha-4 chain (EC 3.6.5.-)","TUB2; TUB4"
"1604","GO:0007017","microtubule-based process",1283,36,23.97,3.2e-09,"NV2t021615001.1","Biological Processes","Glycogen synthase kinase-3 beta (GSK-3 beta) (EC 2.7.11.26) (Serine/threonine-protein kinase GSK3B) (EC 2.7.11.1)","GSK3B"
"1605","GO:0007017","microtubule-based process",1283,36,23.97,3.2e-09,"NV2t021943001.1","Biological Processes","Dynein axonemal heavy chain 11 (Axonemal beta dynein heavy chain 11) (Ciliary dynein heavy chain 11)","DNAH11"
"1606","GO:0007017","microtubule-based process",1283,36,23.97,3.2e-09,"NV2t021943002.1","Biological Processes","Dynein axonemal heavy chain 11 (Axonemal beta dynein heavy chain 11) (Ciliary dynein heavy chain 11)","DNAH11"
"1607","GO:0007017","microtubule-based process",1283,36,23.97,3.2e-09,"NV2t022192001.1","Biological Processes","Rho guanine nucleotide exchange factor 7 (Beta-Pix) (COOL-1) (PAK-interacting exchange factor beta) (p85)","ARHGEF7 COOL1 KIAA0142 P85SPR PAK3BP PIXB Nbla10314"
"1608","GO:0007017","microtubule-based process",1283,36,23.97,3.2e-09,"NV2t022363001.1","Biological Processes","Amyloid-beta precursor protein (ABPP) (APP) (Alzheimer disease amyloid A4 protein homolog) (Alzheimer disease amyloid protein) (Amyloid precursor protein) (Amyloid-beta (A4) precursor protein) (Amyloid-beta A4 protein) (Amyloidogenic glycoprotein) (AG) [Cleaved into: N-APP; Soluble APP-alpha (S-APP-alpha); Soluble APP-beta (S-APP-beta); C99 (Beta-secretase C-terminal fragment) (Beta-CTF); Amyloid-beta protein 42 (Abeta42) (Beta-APP42); Amyloid-beta protein 40 (Abeta40) (Beta-APP40); C83 (Alpha-secretase C-terminal fragment) (Alpha-CTF); P3(42); P3(40); C80; Gamma-secretase C-terminal fragment 59 (Gamma-CTF(59)); Gamma-secretase C-terminal fragment 57 (Gamma-CTF(57)); Gamma-secretase C-terminal fragment 50 (Gamma-CTF(50)); C31]","App A4 AD1"
"1609","GO:0007017","microtubule-based process",1283,36,23.97,3.2e-09,"NV2t022542001.1","Biological Processes","Tubulin beta chain (Beta-tubulin)",""
"1610","GO:0007017","microtubule-based process",1283,36,23.97,3.2e-09,"NV2t022772001.1","Biological Processes","Dynein axonemal heavy chain 2 (Axonemal beta dynein heavy chain 2) (Ciliary dynein heavy chain 2)","Dnah2 Dnahc2"
"1611","GO:0007017","microtubule-based process",1283,36,23.97,3.2e-09,"NV2t023175001.1","Biological Processes","Dynein intermediate chain 2, ciliary",""
"1612","GO:0007017","microtubule-based process",1283,36,23.97,3.2e-09,"NV2t023175002.1","Biological Processes","Dynein intermediate chain 2, ciliary",""
"1613","GO:0007017","microtubule-based process",1283,36,23.97,3.2e-09,"NV2t023175003.1","Biological Processes","Dynein intermediate chain 2, ciliary",""
"1614","GO:0007017","microtubule-based process",1283,36,23.97,3.2e-09,"NV2t023175004.1","Biological Processes","Dynein intermediate chain 2, ciliary",""
"1615","GO:0007017","microtubule-based process",1283,36,23.97,3.2e-09,"NV2t023175005.1","Biological Processes","Dynein intermediate chain 2, ciliary",""
"1616","GO:0007017","microtubule-based process",1283,36,23.97,3.2e-09,"NV2t023175006.1","Biological Processes","Dynein intermediate chain 2, ciliary",""
"1617","GO:0071397","cellular response to cholesterol",26,8,0.49,1.6e-08,"NV2t023331002.1","Biological Processes","Protein Aster-A (GRAM domain-containing protein 1A)","GRAMD1A KIAA1533"
"1618","GO:0071397","cellular response to cholesterol",26,8,0.49,1.6e-08,"NV2t023331003.1","Biological Processes","Protein Aster-A (GRAM domain-containing protein 1A)","GRAMD1A KIAA1533"
"1619","GO:0071397","cellular response to cholesterol",26,8,0.49,1.6e-08,"NV2t023331004.1","Biological Processes","Protein Aster-A (EG1RVC) (GRAM domain-containing protein 1A)","Gramd1a"
"1620","GO:0071397","cellular response to cholesterol",26,8,0.49,1.6e-08,"NV2t023331005.1","Biological Processes","Protein Aster-A (GRAM domain-containing protein 1A)","GRAMD1A KIAA1533"
"1621","GO:0071397","cellular response to cholesterol",26,8,0.49,1.6e-08,"NV2t023331006.1","Biological Processes","Protein Aster-A (GRAM domain-containing protein 1A)","GRAMD1A KIAA1533"
"1622","GO:0071397","cellular response to cholesterol",26,8,0.49,1.6e-08,"NV2t023331007.1","Biological Processes","Protein Aster-A (GRAM domain-containing protein 1A)","GRAMD1A KIAA1533"
"1623","GO:0071397","cellular response to cholesterol",26,8,0.49,1.6e-08,"NV2t023331008.1","Biological Processes","Protein Aster-A (GRAM domain-containing protein 1A)","GRAMD1A KIAA1533"
"1624","GO:0071397","cellular response to cholesterol",26,8,0.49,1.6e-08,"NV2t023331009.1","Biological Processes","Protein Aster-A (GRAM domain-containing protein 1A)","Gramd1a D7Bwg0611e Kiaa1533"
"1625","GO:0006396","RNA processing",1315,54,24.57,6.8e-08,"NV2t000251001.1","Biological Processes","HEAT repeat-containing protein 1 (Protein BAP28)","heatr1 zgc:63510"
"1626","GO:0006396","RNA processing",1315,54,24.57,6.8e-08,"NV2t001808001.1","Biological Processes","Probable ATP-dependent RNA helicase DDX4 (EC 3.6.4.13) (DEAD box protein 4) (Vasa homolog)","ddx4 vlg"
"1627","GO:0006396","RNA processing",1315,54,24.57,6.8e-08,"NV2t001808002.1","Biological Processes","Probable ATP-dependent RNA helicase DDX4 (EC 3.6.4.13) (DEAD box protein 4) (Vasa homolog)","ddx4 vlg"
"1628","GO:0006396","RNA processing",1315,54,24.57,6.8e-08,"NV2t003229001.1","Biological Processes","THO complex subunit 2 (Tho2)","THOC2"
"1629","GO:0006396","RNA processing",1315,54,24.57,6.8e-08,"NV2t004987001.1","Biological Processes","Protein virilizer homolog","VIRMA KIAA1429 MSTP054"
"1630","GO:0006396","RNA processing",1315,54,24.57,6.8e-08,"NV2t005166001.1","Biological Processes","Heat shock factor protein 1 (HSF 1) (HSF 3A) (HSTF 3A) (Heat shock transcription factor 1) (HSTF 1)","HSF1"
"1631","GO:0006396","RNA processing",1315,54,24.57,6.8e-08,"NV2t005166002.1","Biological Processes","Heat shock factor protein 1 (HSF 1) (HSF 3A) (HSTF 3A) (Heat shock transcription factor 1) (HSTF 1)","HSF1"
"1632","GO:0006396","RNA processing",1315,54,24.57,6.8e-08,"NV2t005242001.1","Biological Processes","ATP-dependent chromatin remodeler CHD7 (EC 3.6.4.-) (Chromo domain-containing protein 7) (CHD-7)","CHD7"
"1633","GO:0006396","RNA processing",1315,54,24.57,6.8e-08,"NV2t005242002.1","Biological Processes","ATP-dependent chromatin remodeler CHD7 (EC 3.6.4.-) (Chromo domain-containing protein 7) (CHD-7)","CHD7"
"1634","GO:0006396","RNA processing",1315,54,24.57,6.8e-08,"NV2t005242003.1","Biological Processes","ATP-dependent chromatin remodeler CHD7 (EC 3.6.4.-) (Chromo domain-containing protein 7) (CHD-7)","Chd7"
"1635","GO:0006396","RNA processing",1315,54,24.57,6.8e-08,"NV2t005292001.1","Biological Processes","Small ribosomal subunit protein eS7 (40S ribosomal protein S7)","rps7 zgc:73216"
"1636","GO:0006396","RNA processing",1315,54,24.57,6.8e-08,"NV2t005899001.1","Biological Processes","Polyadenylate-binding protein 1A (PABP-1A) (Poly(A)-binding protein 1A)","pabpc1a"
"1637","GO:0006396","RNA processing",1315,54,24.57,6.8e-08,"NV2t005899002.1","Biological Processes","Polyadenylate-binding protein 1A (PABP-1A) (Poly(A)-binding protein 1A)","pabpc1a"
"1638","GO:0006396","RNA processing",1315,54,24.57,6.8e-08,"NV2t005899003.1","Biological Processes","Polyadenylate-binding protein 1 (PABP-1) (Poly(A)-binding protein 1)","Pabpc1 Pabp1"
"1639","GO:0006396","RNA processing",1315,54,24.57,6.8e-08,"NV2t005899004.1","Biological Processes","Polyadenylate-binding protein 4 (PABP-4) (Poly(A)-binding protein 4) (Activated-platelet protein 1) (APP-1) (Inducible poly(A)-binding protein) (iPABP)","PABPC4 APP1 PABP4"
"1640","GO:0006396","RNA processing",1315,54,24.57,6.8e-08,"NV2t005899005.1","Biological Processes","Polyadenylate-binding protein 1A (PABP-1A) (Poly(A)-binding protein 1A)","pabpc1a"
"1641","GO:0006396","RNA processing",1315,54,24.57,6.8e-08,"NV2t005899006.1","Biological Processes","Polyadenylate-binding protein 1 (PABP-1) (Poly(A)-binding protein 1)","Pabpc1 Pabp1"
"1642","GO:0006396","RNA processing",1315,54,24.57,6.8e-08,"NV2t005899007.1","Biological Processes","Polyadenylate-binding protein 1A (PABP-1A) (Poly(A)-binding protein 1A)","pabpc1a"
"1643","GO:0006396","RNA processing",1315,54,24.57,6.8e-08,"NV2t005899008.1","Biological Processes","Polyadenylate-binding protein 4 (PABP-4) (Poly(A)-binding protein 4) (Activated-platelet protein 1) (APP-1) (Inducible poly(A)-binding protein) (iPABP)","PABPC4 APP1 PABP4"
"1644","GO:0006396","RNA processing",1315,54,24.57,6.8e-08,"NV2t005899009.1","Biological Processes","Polyadenylate-binding protein 1-A (PABP-1-A) (Poly(A)-binding protein 1-A) (xPABP1-A) (Cytoplasmic poly(A)-binding protein 1-A)","pabpc1-a pabp pabp1"
"1645","GO:0006396","RNA processing",1315,54,24.57,6.8e-08,"NV2t005899010.1","Biological Processes","Polyadenylate-binding protein 4 (PABP-4) (Poly(A)-binding protein 4) (Activated-platelet protein 1) (APP-1) (Inducible poly(A)-binding protein) (iPABP)","PABPC4 APP1 PABP4"
"1646","GO:0006396","RNA processing",1315,54,24.57,6.8e-08,"NV2t005899011.1","Biological Processes","Polyadenylate-binding protein 4 (PABP-4) (Poly(A)-binding protein 4) (Activated-platelet protein 1) (APP-1) (Inducible poly(A)-binding protein) (iPABP)","PABPC4 APP1 PABP4"
"1647","GO:0006396","RNA processing",1315,54,24.57,6.8e-08,"NV2t005899012.1","Biological Processes","Polyadenylate-binding protein 4 (PABP-4) (Poly(A)-binding protein 4) (Activated-platelet protein 1) (APP-1) (Inducible poly(A)-binding protein) (iPABP)","PABPC4 APP1 PABP4"
"1648","GO:0006396","RNA processing",1315,54,24.57,6.8e-08,"NV2t005899013.1","Biological Processes","Polyadenylate-binding protein 4 (PABP-4) (Poly(A)-binding protein 4) (Activated-platelet protein 1) (APP-1) (Inducible poly(A)-binding protein) (iPABP)","PABPC4 APP1 PABP4"
"1649","GO:0006396","RNA processing",1315,54,24.57,6.8e-08,"NV2t005899014.1","Biological Processes","Polyadenylate-binding protein 4 (PABP-4) (Poly(A)-binding protein 4) (Activated-platelet protein 1) (APP-1) (Inducible poly(A)-binding protein) (iPABP)","PABPC4 APP1 PABP4"
"1650","GO:0006396","RNA processing",1315,54,24.57,6.8e-08,"NV2t005899015.1","Biological Processes","Polyadenylate-binding protein 4 (PABP-4) (Poly(A)-binding protein 4) (Activated-platelet protein 1) (APP-1) (Inducible poly(A)-binding protein) (iPABP)","PABPC4 APP1 PABP4"
"1651","GO:0006396","RNA processing",1315,54,24.57,6.8e-08,"NV2t005899016.1","Biological Processes","Polyadenylate-binding protein 4 (PABP-4) (Poly(A)-binding protein 4) (Activated-platelet protein 1) (APP-1) (Inducible poly(A)-binding protein) (iPABP)","PABPC4 APP1 PABP4"
"1652","GO:0006396","RNA processing",1315,54,24.57,6.8e-08,"NV2t005899017.1","Biological Processes","Polyadenylate-binding protein 4 (PABP-4) (Poly(A)-binding protein 4) (Activated-platelet protein 1) (APP-1) (Inducible poly(A)-binding protein) (iPABP)","PABPC4 APP1 PABP4"
"1653","GO:0006396","RNA processing",1315,54,24.57,6.8e-08,"NV2t005899018.1","Biological Processes","Polyadenylate-binding protein 4 (PABP-4) (Poly(A)-binding protein 4) (Activated-platelet protein 1) (APP-1) (Inducible poly(A)-binding protein) (iPABP)","PABPC4 APP1 PABP4"
"1654","GO:0006396","RNA processing",1315,54,24.57,6.8e-08,"NV2t005899019.1","Biological Processes","Polyadenylate-binding protein 4 (PABP-4) (Poly(A)-binding protein 4) (Activated-platelet protein 1) (APP-1) (Inducible poly(A)-binding protein) (iPABP)","PABPC4 APP1 PABP4"
"1655","GO:0006396","RNA processing",1315,54,24.57,6.8e-08,"NV2t005899020.1","Biological Processes","Polyadenylate-binding protein 4 (PABP-4) (Poly(A)-binding protein 4) (Activated-platelet protein 1) (APP-1) (Inducible poly(A)-binding protein) (iPABP)","PABPC4 APP1 PABP4"
"1656","GO:0006396","RNA processing",1315,54,24.57,6.8e-08,"NV2t005899021.1","Biological Processes","Polyadenylate-binding protein 4 (PABP-4) (Poly(A)-binding protein 4) (Activated-platelet protein 1) (APP-1) (Inducible poly(A)-binding protein) (iPABP)","PABPC4 APP1 PABP4"
"1657","GO:0006396","RNA processing",1315,54,24.57,6.8e-08,"NV2t005899022.1","Biological Processes","Polyadenylate-binding protein 4 (PABP-4) (Poly(A)-binding protein 4) (Activated-platelet protein 1) (APP-1) (Inducible poly(A)-binding protein) (iPABP)","PABPC4 APP1 PABP4"
"1658","GO:0006396","RNA processing",1315,54,24.57,6.8e-08,"NV2t005899023.1","Biological Processes","Polyadenylate-binding protein 4 (PABP-4) (Poly(A)-binding protein 4) (Activated-platelet protein 1) (APP-1) (Inducible poly(A)-binding protein) (iPABP)","PABPC4 APP1 PABP4"
"1659","GO:0006396","RNA processing",1315,54,24.57,6.8e-08,"NV2t005899024.1","Biological Processes","Polyadenylate-binding protein 1 (PABP-1) (Poly(A)-binding protein 1)","Pabpc1 Pabp1"
"1660","GO:0006396","RNA processing",1315,54,24.57,6.8e-08,"NV2t006169001.1","Biological Processes","Serrate RNA effector molecule homolog (Arsenite-resistance protein 2)","SRRT ARS2"
"1661","GO:0006396","RNA processing",1315,54,24.57,6.8e-08,"NV2t006169002.1","Biological Processes","Serrate RNA effector molecule homolog (Arsenite-resistance protein 2)","SRRT ARS2"
"1662","GO:0006396","RNA processing",1315,54,24.57,6.8e-08,"NV2t007890001.1","Biological Processes","Probable ATP-dependent RNA helicase DDX5 (EC 3.6.4.13) (DEAD box RNA helicase DEAD1) (mDEAD1) (DEAD box protein 5) (RNA helicase p68)","Ddx5 Tnz2"
"1663","GO:0006396","RNA processing",1315,54,24.57,6.8e-08,"NV2t007890002.1","Biological Processes","Probable ATP-dependent RNA helicase DDX5 (EC 3.6.4.13) (DEAD box RNA helicase DEAD1) (mDEAD1) (DEAD box protein 5) (RNA helicase p68)","Ddx5 Tnz2"
"1664","GO:0006396","RNA processing",1315,54,24.57,6.8e-08,"NV2t007890003.1","Biological Processes","Probable ATP-dependent RNA helicase DDX5 (EC 3.6.4.13) (DEAD box RNA helicase DEAD1) (mDEAD1) (DEAD box protein 5) (RNA helicase p68)","Ddx5 Tnz2"
"1665","GO:0006396","RNA processing",1315,54,24.57,6.8e-08,"NV2t007890004.1","Biological Processes","Probable ATP-dependent RNA helicase DDX5 (EC 3.6.4.13) (DEAD box RNA helicase DEAD1) (mDEAD1) (DEAD box protein 5) (RNA helicase p68)","Ddx5 Tnz2"
"1666","GO:0006396","RNA processing",1315,54,24.57,6.8e-08,"NV2t022034001.1","Biological Processes","Large ribosomal subunit protein eL33 (60S ribosomal protein L35a)","RPL35A"
"1667","GO:0006396","RNA processing",1315,54,24.57,6.8e-08,"NV2t022514001.1","Biological Processes","rRNA 2'-O-methyltransferase fibrillarin (EC 2.1.1.-) (Histone-glutamine methyltransferase)","Fib CG9888"
"1668","GO:0006396","RNA processing",1315,54,24.57,6.8e-08,"NV2t023582001.1","Biological Processes","KH homology domain-containing protein 4 (Brings lots of money 7) (Pre-mRNA splicing factor protein khdc4)","khdc4 blom7"
"1669","GO:0006396","RNA processing",1315,54,24.57,6.8e-08,"NV2t023582002.1","Biological Processes","KH homology domain-containing protein 4 (Brings lots of money 7) (Pre-mRNA splicing factor protein khdc4)","khdc4 blom7"
"1670","GO:0006396","RNA processing",1315,54,24.57,6.8e-08,"NV2t023688003.1","Biological Processes","Major facilitator superfamily domain-containing protein 12","MFSD12"
"1671","GO:0006396","RNA processing",1315,54,24.57,6.8e-08,"NV2t023798001.1","Biological Processes","DAZ-associated protein 1 (Deleted in azoospermia-associated protein 1)","Dazap1"
"1672","GO:0006396","RNA processing",1315,54,24.57,6.8e-08,"NV2t023798002.1","Biological Processes","DAZ-associated protein 1 (Deleted in azoospermia-associated protein 1)","Dazap1"
"1673","GO:0006396","RNA processing",1315,54,24.57,6.8e-08,"NV2t025357001.1","Biological Processes","Spliceosome RNA helicase Ddx39b (EC 3.6.4.13) (56 kDa U2AF65-associated protein) (ATP-dependent RNA helicase p47) (DEAD box protein Uap56)","Ddx39b Bat1 Bat1a Uap56"
"1674","GO:0006396","RNA processing",1315,54,24.57,6.8e-08,"NV2t025357002.1","Biological Processes","Spliceosome RNA helicase Ddx39b (EC 3.6.4.13) (56 kDa U2AF65-associated protein) (ATP-dependent RNA helicase p47) (DEAD box protein Uap56)","Ddx39b Bat1 Bat1a Uap56"
"1675","GO:0006396","RNA processing",1315,54,24.57,6.8e-08,"NV2t025357003.1","Biological Processes","Spliceosome RNA helicase Ddx39b (EC 3.6.4.13) (56 kDa U2AF65-associated protein) (ATP-dependent RNA helicase p47) (DEAD box protein Uap56)","Ddx39b Bat1 Bat1a Uap56"
"1676","GO:0006396","RNA processing",1315,54,24.57,6.8e-08,"NV2t025357004.1","Biological Processes","Spliceosome RNA helicase Ddx39b (EC 3.6.4.13) (56 kDa U2AF65-associated protein) (ATP-dependent RNA helicase p47) (DEAD box protein Uap56)","Ddx39b Bat1 Bat1a Uap56"
"1677","GO:0006396","RNA processing",1315,54,24.57,6.8e-08,"NV2t025357005.1","Biological Processes","Spliceosome RNA helicase Ddx39b (EC 3.6.4.13) (56 kDa U2AF65-associated protein) (ATP-dependent RNA helicase p47) (DEAD box protein Uap56)","Ddx39b Bat1 Bat1a Uap56"
"1678","GO:0006396","RNA processing",1315,54,24.57,6.8e-08,"NV2t025357006.1","Biological Processes","Spliceosome RNA helicase Ddx39b (EC 3.6.4.13) (56 kDa U2AF65-associated protein) (ATP-dependent RNA helicase p47) (DEAD box protein Uap56)","Ddx39b Bat1 Bat1a Uap56"
"1679","GO:0061614","miRNA transcription",50,6,0.93,1.2e-07,"NV2t000946001.1","Biological Processes","SWI/SNF-related matrix-associated actin-dependent regulator of chromatin subfamily A member 4 (SMARCA4) (EC 3.6.4.-) (BRG1-associated factor 190A) (BAF190A) (Mitotic growth and transcription activator) (Protein BRG-1) (Protein brahma homolog 1) (SNF2-beta) (Transcription activator BRG1)","SMARCA4 BAF190A BRG1 SNF2B SNF2L4"
"1680","GO:0061614","miRNA transcription",50,6,0.93,1.2e-07,"NV2t007890001.1","Biological Processes","Probable ATP-dependent RNA helicase DDX5 (EC 3.6.4.13) (DEAD box RNA helicase DEAD1) (mDEAD1) (DEAD box protein 5) (RNA helicase p68)","Ddx5 Tnz2"
"1681","GO:0061614","miRNA transcription",50,6,0.93,1.2e-07,"NV2t007890002.1","Biological Processes","Probable ATP-dependent RNA helicase DDX5 (EC 3.6.4.13) (DEAD box RNA helicase DEAD1) (mDEAD1) (DEAD box protein 5) (RNA helicase p68)","Ddx5 Tnz2"
"1682","GO:0061614","miRNA transcription",50,6,0.93,1.2e-07,"NV2t007890003.1","Biological Processes","Probable ATP-dependent RNA helicase DDX5 (EC 3.6.4.13) (DEAD box RNA helicase DEAD1) (mDEAD1) (DEAD box protein 5) (RNA helicase p68)","Ddx5 Tnz2"
"1683","GO:0061614","miRNA transcription",50,6,0.93,1.2e-07,"NV2t007890004.1","Biological Processes","Probable ATP-dependent RNA helicase DDX5 (EC 3.6.4.13) (DEAD box RNA helicase DEAD1) (mDEAD1) (DEAD box protein 5) (RNA helicase p68)","Ddx5 Tnz2"
"1684","GO:0061614","miRNA transcription",50,6,0.93,1.2e-07,"NV2t022363001.1","Biological Processes","Amyloid-beta precursor protein (ABPP) (APP) (Alzheimer disease amyloid A4 protein homolog) (Alzheimer disease amyloid protein) (Amyloid precursor protein) (Amyloid-beta (A4) precursor protein) (Amyloid-beta A4 protein) (Amyloidogenic glycoprotein) (AG) [Cleaved into: N-APP; Soluble APP-alpha (S-APP-alpha); Soluble APP-beta (S-APP-beta); C99 (Beta-secretase C-terminal fragment) (Beta-CTF); Amyloid-beta protein 42 (Abeta42) (Beta-APP42); Amyloid-beta protein 40 (Abeta40) (Beta-APP40); C83 (Alpha-secretase C-terminal fragment) (Alpha-CTF); P3(42); P3(40); C80; Gamma-secretase C-terminal fragment 59 (Gamma-CTF(59)); Gamma-secretase C-terminal fragment 57 (Gamma-CTF(57)); Gamma-secretase C-terminal fragment 50 (Gamma-CTF(50)); C31]","App A4 AD1"
"1685","GO:0090315","negative regulation of protein targeting to membran...",8,5,0.15,1.2e-07,"NV2t002880002.1","Biological Processes","UDP-N-acetylglucosamine--peptide N-acetylglucosaminyltransferase 110 kDa subunit (EC 2.4.1.255) (O-GlcNAc transferase subunit p110) (O-linked N-acetylglucosamine transferase 110 kDa subunit) (OGT)","Ogt"
"1686","GO:0090315","negative regulation of protein targeting to membran...",8,5,0.15,1.2e-07,"NV2t002880003.1","Biological Processes","UDP-N-acetylglucosamine--peptide N-acetylglucosaminyltransferase 110 kDa subunit (EC 2.4.1.255) (O-GlcNAc transferase subunit p110) (O-linked N-acetylglucosamine transferase 110 kDa subunit) (OGT)","Ogt"
"1687","GO:0090315","negative regulation of protein targeting to membran...",8,5,0.15,1.2e-07,"NV2t002880005.1","Biological Processes","UDP-N-acetylglucosamine--peptide N-acetylglucosaminyltransferase 110 kDa subunit (EC 2.4.1.255) (O-GlcNAc transferase subunit p110) (O-linked N-acetylglucosamine transferase 110 kDa subunit) (OGT)","Ogt"
"1688","GO:0090315","negative regulation of protein targeting to membran...",8,5,0.15,1.2e-07,"NV2t002880006.1","Biological Processes","UDP-N-acetylglucosamine--peptide N-acetylglucosaminyltransferase 110 kDa subunit (EC 2.4.1.255) (O-GlcNAc transferase subunit p110) (O-linked N-acetylglucosamine transferase 110 kDa subunit) (OGT)","Ogt"
"1689","GO:0090315","negative regulation of protein targeting to membran...",8,5,0.15,1.2e-07,"NV2t002880007.1","Biological Processes","UDP-N-acetylglucosamine--peptide N-acetylglucosaminyltransferase 110 kDa subunit (EC 2.4.1.255) (O-GlcNAc transferase subunit p110) (O-linked N-acetylglucosamine transferase 110 kDa subunit) (OGT)","Ogt"
"1690","GO:0000432","positive regulation of transcription from RNA polym...",8,5,0.15,1.2e-07,"NV2t002880002.1","Biological Processes","UDP-N-acetylglucosamine--peptide N-acetylglucosaminyltransferase 110 kDa subunit (EC 2.4.1.255) (O-GlcNAc transferase subunit p110) (O-linked N-acetylglucosamine transferase 110 kDa subunit) (OGT)","Ogt"
"1691","GO:0000432","positive regulation of transcription from RNA polym...",8,5,0.15,1.2e-07,"NV2t002880003.1","Biological Processes","UDP-N-acetylglucosamine--peptide N-acetylglucosaminyltransferase 110 kDa subunit (EC 2.4.1.255) (O-GlcNAc transferase subunit p110) (O-linked N-acetylglucosamine transferase 110 kDa subunit) (OGT)","Ogt"
"1692","GO:0000432","positive regulation of transcription from RNA polym...",8,5,0.15,1.2e-07,"NV2t002880005.1","Biological Processes","UDP-N-acetylglucosamine--peptide N-acetylglucosaminyltransferase 110 kDa subunit (EC 2.4.1.255) (O-GlcNAc transferase subunit p110) (O-linked N-acetylglucosamine transferase 110 kDa subunit) (OGT)","Ogt"
"1693","GO:0000432","positive regulation of transcription from RNA polym...",8,5,0.15,1.2e-07,"NV2t002880006.1","Biological Processes","UDP-N-acetylglucosamine--peptide N-acetylglucosaminyltransferase 110 kDa subunit (EC 2.4.1.255) (O-GlcNAc transferase subunit p110) (O-linked N-acetylglucosamine transferase 110 kDa subunit) (OGT)","Ogt"
"1694","GO:0000432","positive regulation of transcription from RNA polym...",8,5,0.15,1.2e-07,"NV2t002880007.1","Biological Processes","UDP-N-acetylglucosamine--peptide N-acetylglucosaminyltransferase 110 kDa subunit (EC 2.4.1.255) (O-GlcNAc transferase subunit p110) (O-linked N-acetylglucosamine transferase 110 kDa subunit) (OGT)","Ogt"
"1695","GO:0120323","lipid ubiquitination",9,5,0.17,2.6e-07,"NV2t025221001.1","Biological Processes","E3 ubiquitin-protein ligase RNF213 (EC 2.3.2.27) (EC 3.6.4.-) (E3 ubiquitin-lipopolysaccharide ligase RNF213) (EC 2.3.2.-) (Mysterin) (RING finger protein 213)","Rnf213 Mystr"
"1696","GO:0120323","lipid ubiquitination",9,5,0.17,2.6e-07,"NV2t025221002.1","Biological Processes","E3 ubiquitin-protein ligase RNF213 (EC 2.3.2.27) (EC 3.6.4.-) (E3 ubiquitin-lipopolysaccharide ligase RNF213) (EC 2.3.2.-) (Mysterin) (RING finger protein 213)","Rnf213 Mystr"
"1697","GO:0120323","lipid ubiquitination",9,5,0.17,2.6e-07,"NV2t025221003.1","Biological Processes","E3 ubiquitin-protein ligase RNF213 (EC 2.3.2.27) (EC 3.6.4.-) (ALK lymphoma oligomerization partner on chromosome 17) (E3 ubiquitin-lipopolysaccharide ligase RNF213) (EC 2.3.2.-) (Mysterin) (RING finger protein 213)","RNF213 ALO17 C17orf27 KIAA1554 KIAA1618 MYSTR"
"1698","GO:0120323","lipid ubiquitination",9,5,0.17,2.6e-07,"NV2t025224001.1","Biological Processes","E3 ubiquitin-protein ligase rnf213-alpha (EC 2.3.2.27) (EC 3.6.4.-) (E3 ubiquitin-lipopolysaccharide ligase rnf213-alpha) (EC 2.3.2.-) (Mysterin-A) (Mysterin-alpha) (RING finger protein 213-A) (RING finger protein 213-alpha)","rnf213a"
"1699","GO:0120323","lipid ubiquitination",9,5,0.17,2.6e-07,"NV2t025225001.1","Biological Processes","E3 ubiquitin-protein ligase rnf213-alpha (EC 2.3.2.27) (EC 3.6.4.-) (E3 ubiquitin-lipopolysaccharide ligase rnf213-alpha) (EC 2.3.2.-) (Mysterin-A) (Mysterin-alpha) (RING finger protein 213-A) (RING finger protein 213-alpha)","rnf213a"
"1700","GO:0006458","'de novo' protein folding",16,6,0.3,2.8e-07,"NV2t002714001.1","Biological Processes","Tubulin alpha-1A chain (EC 3.6.5.-) (Alpha-tubulin 1) (Tubulin alpha-1 chain) [Cleaved into: Detyrosinated tubulin alpha-1A chain]","Tuba1a Tuba1"
"1701","GO:0006458","'de novo' protein folding",16,6,0.3,2.8e-07,"NV2t002717001.1","Biological Processes","Tubulin alpha-1A chain (EC 3.6.5.-) (Alpha-tubulin 1) (Tubulin alpha-1 chain) [Cleaved into: Detyrosinated tubulin alpha-1A chain]","Tuba1a Tuba1"
"1702","GO:0006458","'de novo' protein folding",16,6,0.3,2.8e-07,"NV2t002717002.1","Biological Processes","Tubulin alpha-1A chain (EC 3.6.5.-) (Alpha-tubulin 1) (Tubulin alpha-1 chain) [Cleaved into: Detyrosinated tubulin alpha-1A chain]","Tuba1a Tuba1"
"1703","GO:0006458","'de novo' protein folding",16,6,0.3,2.8e-07,"NV2t002719002.1","Biological Processes","Tubulin alpha-1A chain (EC 3.6.5.-) (Alpha-tubulin 1) (Tubulin alpha-1 chain) [Cleaved into: Detyrosinated tubulin alpha-1A chain]","Tuba1a Tuba1"
"1704","GO:0006458","'de novo' protein folding",16,6,0.3,2.8e-07,"NV2t007878001.1","Biological Processes","Tubulin alpha-1A chain (EC 3.6.5.-) (Alpha-tubulin 1) (Tubulin alpha-1 chain) [Cleaved into: Detyrosinated tubulin alpha-1A chain]","Tuba1a Tuba1"
"1705","GO:0006458","'de novo' protein folding",16,6,0.3,2.8e-07,"NV2t007880001.1","Biological Processes","Tubulin alpha-1A chain (EC 3.6.5.-) (Alpha-tubulin 1) (Tubulin alpha-1 chain) [Cleaved into: Detyrosinated tubulin alpha-1A chain]","Tuba1a Tuba1"
"1706","GO:0035641","locomotory exploration behavior",16,6,0.3,2.8e-07,"NV2t002714001.1","Biological Processes","Tubulin alpha-1A chain (EC 3.6.5.-) (Alpha-tubulin 1) (Tubulin alpha-1 chain) [Cleaved into: Detyrosinated tubulin alpha-1A chain]","Tuba1a Tuba1"
"1707","GO:0035641","locomotory exploration behavior",16,6,0.3,2.8e-07,"NV2t002717001.1","Biological Processes","Tubulin alpha-1A chain (EC 3.6.5.-) (Alpha-tubulin 1) (Tubulin alpha-1 chain) [Cleaved into: Detyrosinated tubulin alpha-1A chain]","Tuba1a Tuba1"
"1708","GO:0035641","locomotory exploration behavior",16,6,0.3,2.8e-07,"NV2t002717002.1","Biological Processes","Tubulin alpha-1A chain (EC 3.6.5.-) (Alpha-tubulin 1) (Tubulin alpha-1 chain) [Cleaved into: Detyrosinated tubulin alpha-1A chain]","Tuba1a Tuba1"
"1709","GO:0035641","locomotory exploration behavior",16,6,0.3,2.8e-07,"NV2t002719002.1","Biological Processes","Tubulin alpha-1A chain (EC 3.6.5.-) (Alpha-tubulin 1) (Tubulin alpha-1 chain) [Cleaved into: Detyrosinated tubulin alpha-1A chain]","Tuba1a Tuba1"
"1710","GO:0035641","locomotory exploration behavior",16,6,0.3,2.8e-07,"NV2t007878001.1","Biological Processes","Tubulin alpha-1A chain (EC 3.6.5.-) (Alpha-tubulin 1) (Tubulin alpha-1 chain) [Cleaved into: Detyrosinated tubulin alpha-1A chain]","Tuba1a Tuba1"
"1711","GO:0035641","locomotory exploration behavior",16,6,0.3,2.8e-07,"NV2t007880001.1","Biological Processes","Tubulin alpha-1A chain (EC 3.6.5.-) (Alpha-tubulin 1) (Tubulin alpha-1 chain) [Cleaved into: Detyrosinated tubulin alpha-1A chain]","Tuba1a Tuba1"
"1712","GO:0050821","protein stabilization",205,17,3.83,3.4e-07,"NV2t000699001.1","Biological Processes","Filamin-A (FLN-A) (Actin-binding protein 280) (ABP-280) (Alpha-filamin) (Endothelial actin-binding protein) (Filamin-1) (Non-muscle filamin)","Flna Fln Fln1"
"1713","GO:0050821","protein stabilization",205,17,3.83,3.4e-07,"NV2t001600001.1","Biological Processes","Protein kinase C delta type (EC 2.7.11.13) (Tyrosine-protein kinase PRKCD) (EC 2.7.10.2) (nPKC-delta) [Cleaved into: Protein kinase C delta type regulatory subunit; Protein kinase C delta type catalytic subunit (Sphingosine-dependent protein kinase-1) (SDK1)]","PRKCD PKCD"
"1714","GO:0050821","protein stabilization",205,17,3.83,3.4e-07,"NV2t001600002.1","Biological Processes","Protein kinase C delta type (EC 2.7.11.13) (Tyrosine-protein kinase PRKCD) (EC 2.7.10.2) (nPKC-delta) [Cleaved into: Protein kinase C delta type regulatory subunit; Protein kinase C delta type catalytic subunit (Sphingosine-dependent protein kinase-1) (SDK1)]","PRKCD PKCD"
"1715","GO:0050821","protein stabilization",205,17,3.83,3.4e-07,"NV2t001600003.1","Biological Processes","Protein kinase C delta type (EC 2.7.11.13) (Tyrosine-protein kinase PRKCD) (EC 2.7.10.2) (nPKC-delta) [Cleaved into: Protein kinase C delta type regulatory subunit; Protein kinase C delta type catalytic subunit (Sphingosine-dependent protein kinase-1) (SDK1)]","PRKCD PKCD"
"1716","GO:0050821","protein stabilization",205,17,3.83,3.4e-07,"NV2t002714001.1","Biological Processes","Tubulin alpha-1A chain (EC 3.6.5.-) (Alpha-tubulin 1) (Tubulin alpha-1 chain) [Cleaved into: Detyrosinated tubulin alpha-1A chain]","Tuba1a Tuba1"
"1717","GO:0050821","protein stabilization",205,17,3.83,3.4e-07,"NV2t002717001.1","Biological Processes","Tubulin alpha-1A chain (EC 3.6.5.-) (Alpha-tubulin 1) (Tubulin alpha-1 chain) [Cleaved into: Detyrosinated tubulin alpha-1A chain]","Tuba1a Tuba1"
"1718","GO:0050821","protein stabilization",205,17,3.83,3.4e-07,"NV2t002717002.1","Biological Processes","Tubulin alpha-1A chain (EC 3.6.5.-) (Alpha-tubulin 1) (Tubulin alpha-1 chain) [Cleaved into: Detyrosinated tubulin alpha-1A chain]","Tuba1a Tuba1"
"1719","GO:0050821","protein stabilization",205,17,3.83,3.4e-07,"NV2t002719002.1","Biological Processes","Tubulin alpha-1A chain (EC 3.6.5.-) (Alpha-tubulin 1) (Tubulin alpha-1 chain) [Cleaved into: Detyrosinated tubulin alpha-1A chain]","Tuba1a Tuba1"
"1720","GO:0050821","protein stabilization",205,17,3.83,3.4e-07,"NV2t003360001.1","Biological Processes","Syntaxin-binding protein 4 (Syntaxin 4-interacting protein) (STX4-interacting protein) (Synip)","STXBP4"
"1721","GO:0050821","protein stabilization",205,17,3.83,3.4e-07,"NV2t003360002.1","Biological Processes","Syntaxin-binding protein 4 (Syntaxin 4-interacting protein) (STX4-interacting protein) (Synip)","STXBP4"
"1722","GO:0050821","protein stabilization",205,17,3.83,3.4e-07,"NV2t003360003.1","Biological Processes","Syntaxin-binding protein 4 (Syntaxin 4-interacting protein) (STX4-interacting protein) (Synip)","STXBP4"
"1723","GO:0050821","protein stabilization",205,17,3.83,3.4e-07,"NV2t007878001.1","Biological Processes","Tubulin alpha-1A chain (EC 3.6.5.-) (Alpha-tubulin 1) (Tubulin alpha-1 chain) [Cleaved into: Detyrosinated tubulin alpha-1A chain]","Tuba1a Tuba1"
"1724","GO:0050821","protein stabilization",205,17,3.83,3.4e-07,"NV2t007880001.1","Biological Processes","Tubulin alpha-1A chain (EC 3.6.5.-) (Alpha-tubulin 1) (Tubulin alpha-1 chain) [Cleaved into: Detyrosinated tubulin alpha-1A chain]","Tuba1a Tuba1"
"1725","GO:0050821","protein stabilization",205,17,3.83,3.4e-07,"NV2t020404001.1","Biological Processes","Heat shock protein HSP 90-alpha 1","hsp90a.1 hsp90 hsp90a hsp90aa1 zgc:86652"
"1726","GO:0050821","protein stabilization",205,17,3.83,3.4e-07,"NV2t020404002.1","Biological Processes","Heat shock protein HSP 90-alpha 1","hsp90a.1 hsp90 hsp90a hsp90aa1 zgc:86652"
"1727","GO:0050821","protein stabilization",205,17,3.83,3.4e-07,"NV2t020404003.1","Biological Processes","Heat shock protein HSP 90-alpha 1","hsp90a.1 hsp90 hsp90a hsp90aa1 zgc:86652"
"1728","GO:0050821","protein stabilization",205,17,3.83,3.4e-07,"NV2t020404004.1","Biological Processes","Heat shock protein HSP 90-alpha 1","hsp90a.1 hsp90 hsp90a hsp90aa1 zgc:86652"
"1729","GO:0006041","glucosamine metabolic process",10,5,0.19,5.2e-07,"NV2t002880002.1","Biological Processes","UDP-N-acetylglucosamine--peptide N-acetylglucosaminyltransferase 110 kDa subunit (EC 2.4.1.255) (O-GlcNAc transferase subunit p110) (O-linked N-acetylglucosamine transferase 110 kDa subunit) (OGT)","Ogt"
"1730","GO:0006041","glucosamine metabolic process",10,5,0.19,5.2e-07,"NV2t002880003.1","Biological Processes","UDP-N-acetylglucosamine--peptide N-acetylglucosaminyltransferase 110 kDa subunit (EC 2.4.1.255) (O-GlcNAc transferase subunit p110) (O-linked N-acetylglucosamine transferase 110 kDa subunit) (OGT)","Ogt"
"1731","GO:0006041","glucosamine metabolic process",10,5,0.19,5.2e-07,"NV2t002880005.1","Biological Processes","UDP-N-acetylglucosamine--peptide N-acetylglucosaminyltransferase 110 kDa subunit (EC 2.4.1.255) (O-GlcNAc transferase subunit p110) (O-linked N-acetylglucosamine transferase 110 kDa subunit) (OGT)","Ogt"
"1732","GO:0006041","glucosamine metabolic process",10,5,0.19,5.2e-07,"NV2t002880006.1","Biological Processes","UDP-N-acetylglucosamine--peptide N-acetylglucosaminyltransferase 110 kDa subunit (EC 2.4.1.255) (O-GlcNAc transferase subunit p110) (O-linked N-acetylglucosamine transferase 110 kDa subunit) (OGT)","Ogt"
"1733","GO:0006041","glucosamine metabolic process",10,5,0.19,5.2e-07,"NV2t002880007.1","Biological Processes","UDP-N-acetylglucosamine--peptide N-acetylglucosaminyltransferase 110 kDa subunit (EC 2.4.1.255) (O-GlcNAc transferase subunit p110) (O-linked N-acetylglucosamine transferase 110 kDa subunit) (OGT)","Ogt"
"1734","GO:0015074","DNA integration",236,18,4.41,5.2e-07,"NV2t000395001.1","Biological Processes","Retrovirus-related Pol polyprotein from transposon 412 [Includes: Protease (EC 3.4.23.-); Reverse transcriptase (EC 2.7.7.49); Endonuclease]","POL ORF3"
"1735","GO:0015074","DNA integration",236,18,4.41,5.2e-07,"NV2t000483001.1","Biological Processes","Transposon Tf1-107 polyprotein (EC 2.7.7.49) (EC 2.7.7.7) (EC 3.4.23.-)","Tf1-107"
"1736","GO:0015074","DNA integration",236,18,4.41,5.2e-07,"NV2t000731001.1","Biological Processes","Transposon Tf1-107 polyprotein (EC 2.7.7.49) (EC 2.7.7.7) (EC 3.4.23.-)","Tf1-107"
"1737","GO:0015074","DNA integration",236,18,4.41,5.2e-07,"NV2t000885001.1","Biological Processes","Retrovirus-related Pol polyprotein from transposon 17.6 [Includes: Protease (EC 3.4.23.-); Reverse transcriptase (EC 2.7.7.49); Endonuclease]","pol"
"1738","GO:0015074","DNA integration",236,18,4.41,5.2e-07,"NV2t001671002.1","Biological Processes","Gag-Pol polyprotein (Pr160Gag-Pol) [Cleaved into: Matrix protein p17 (MA); Capsid protein p24 (CA); Spacer peptide 1 (SP1) (p2); Nucleocapsid protein p7 (NC); Transframe peptide (TF); p6-pol (p6*); Protease (EC 3.4.23.16) (PR) (Retropepsin); Reverse transcriptase/ribonuclease H (EC 2.7.7.49) (EC 2.7.7.7) (EC 3.1.26.13) (Exoribonuclease H) (EC 3.1.13.2) (p66 RT); p51 RT; p15; Integrase (IN) (EC 2.7.7.-) (EC 3.1.-.-)]","gag-pol"
"1739","GO:0015074","DNA integration",236,18,4.41,5.2e-07,"NV2t001671003.1","Biological Processes","Gag-Pol polyprotein (Pr160Gag-Pol) [Cleaved into: Matrix protein p17 (MA); Capsid protein p24 (CA); Spacer peptide 1 (SP1) (p2); Nucleocapsid protein p7 (NC); Transframe peptide (TF); p6-pol (p6*); Protease (EC 3.4.23.16) (PR) (Retropepsin); Reverse transcriptase/ribonuclease H (EC 2.7.7.49) (EC 2.7.7.7) (EC 3.1.26.13) (Exoribonuclease H) (EC 3.1.13.2) (p66 RT); p51 RT; p15; Integrase (IN) (EC 2.7.7.-) (EC 3.1.-.-)]","gag-pol"
"1740","GO:0015074","DNA integration",236,18,4.41,5.2e-07,"NV2t001672001.1","Biological Processes","Uncharacterized protein K02A2.6","K02A2.6"
"1741","GO:0015074","DNA integration",236,18,4.41,5.2e-07,"NV2t001684001.1","Biological Processes","Uncharacterized protein K02A2.6","K02A2.6"
"1742","GO:0015074","DNA integration",236,18,4.41,5.2e-07,"NV2t001899001.1","Biological Processes","Transposon Tf1-107 polyprotein (EC 2.7.7.49) (EC 2.7.7.7) (EC 3.4.23.-)","Tf1-107"
"1743","GO:0015074","DNA integration",236,18,4.41,5.2e-07,"NV2t021268001.1","Biological Processes","Retrovirus-related Pol polyprotein from transposon 17.6 [Includes: Protease (EC 3.4.23.-); Reverse transcriptase (EC 2.7.7.49); Endonuclease]","pol"
"1744","GO:0015074","DNA integration",236,18,4.41,5.2e-07,"NV2t021737001.1","Biological Processes","Uncharacterized protein K02A2.6","K02A2.6"
"1745","GO:0015074","DNA integration",236,18,4.41,5.2e-07,"NV2t022633001.1","Biological Processes","Transposon Ty3-G Gag-Pol polyprotein (Gag3-Pol3) (Transposon Ty3-1 TYA-TYB polyprotein) [Cleaved into: Capsid protein (CA) (p24); Spacer peptide p3; Nucleocapsid protein p11 (NC); Ty3 protease (PR) (EC 3.4.23.-) (p16); Spacer peptide J; Reverse transcriptase/ribonuclease H (RT) (RT-RH) (EC 2.7.7.49) (EC 2.7.7.7) (EC 3.1.26.4) (p55); Integrase p61 (IN); Integrase p58 (IN)]","TY3B-G YGRWTy3-1 POL YGR109W-B G5984"
"1746","GO:0015074","DNA integration",236,18,4.41,5.2e-07,"NV2t022833001.1","Biological Processes","Transposon Ty3-I Gag-Pol polyprotein (Gag3-Pol3) (Transposon Ty3-2 TYA-TYB polyprotein) [Cleaved into: Capsid protein (CA) (p24); Spacer peptide p3; Nucleocapsid protein p11 (NC); Ty3 protease (PR) (EC 3.4.23.-) (p16); Spacer peptide J; Reverse transcriptase/ribonuclease H (RT) (RT-RH) (EC 2.7.7.49) (EC 2.7.7.7) (EC 3.1.26.4) (p55); Integrase p52 (IN); Integrase p49 (IN)]","TY3B-I YILWTy3-1 POL YIL082W-A"
"1747","GO:0015074","DNA integration",236,18,4.41,5.2e-07,"NV2t024556001.1","Biological Processes","Transposon Ty3-I Gag-Pol polyprotein (Gag3-Pol3) (Transposon Ty3-2 TYA-TYB polyprotein) [Cleaved into: Capsid protein (CA) (p24); Spacer peptide p3; Nucleocapsid protein p11 (NC); Ty3 protease (PR) (EC 3.4.23.-) (p16); Spacer peptide J; Reverse transcriptase/ribonuclease H (RT) (RT-RH) (EC 2.7.7.49) (EC 2.7.7.7) (EC 3.1.26.4) (p55); Integrase p52 (IN); Integrase p49 (IN)]","TY3B-I YILWTy3-1 POL YIL082W-A"
"1748","GO:0015074","DNA integration",236,18,4.41,5.2e-07,"NV2t024626001.1","Biological Processes","Retrovirus-related Pol polyprotein from transposon 17.6 [Includes: Protease (EC 3.4.23.-); Reverse transcriptase (EC 2.7.7.49); Endonuclease]","pol"
"1749","GO:0015074","DNA integration",236,18,4.41,5.2e-07,"NV2t025035001.1","Biological Processes","Retrovirus-related Pol polyprotein from transposon 17.6 [Includes: Protease (EC 3.4.23.-); Reverse transcriptase (EC 2.7.7.49); Endonuclease]","pol"
"1750","GO:0015074","DNA integration",236,18,4.41,5.2e-07,"NV2t025582001.1","Biological Processes","Uncharacterized protein K02A2.6","K02A2.6"
"1751","GO:0015074","DNA integration",236,18,4.41,5.2e-07,"NV2t025884001.1","Biological Processes","Uncharacterized protein K02A2.6","K02A2.6"
"1752","GO:0061744","motor behavior",18,6,0.34,6.3e-07,"NV2t002714001.1","Biological Processes","Tubulin alpha-1A chain (EC 3.6.5.-) (Alpha-tubulin 1) (Tubulin alpha-1 chain) [Cleaved into: Detyrosinated tubulin alpha-1A chain]","Tuba1a Tuba1"
"1753","GO:0061744","motor behavior",18,6,0.34,6.3e-07,"NV2t002717001.1","Biological Processes","Tubulin alpha-1A chain (EC 3.6.5.-) (Alpha-tubulin 1) (Tubulin alpha-1 chain) [Cleaved into: Detyrosinated tubulin alpha-1A chain]","Tuba1a Tuba1"
"1754","GO:0061744","motor behavior",18,6,0.34,6.3e-07,"NV2t002717002.1","Biological Processes","Tubulin alpha-1A chain (EC 3.6.5.-) (Alpha-tubulin 1) (Tubulin alpha-1 chain) [Cleaved into: Detyrosinated tubulin alpha-1A chain]","Tuba1a Tuba1"
"1755","GO:0061744","motor behavior",18,6,0.34,6.3e-07,"NV2t002719002.1","Biological Processes","Tubulin alpha-1A chain (EC 3.6.5.-) (Alpha-tubulin 1) (Tubulin alpha-1 chain) [Cleaved into: Detyrosinated tubulin alpha-1A chain]","Tuba1a Tuba1"
"1756","GO:0061744","motor behavior",18,6,0.34,6.3e-07,"NV2t007878001.1","Biological Processes","Tubulin alpha-1A chain (EC 3.6.5.-) (Alpha-tubulin 1) (Tubulin alpha-1 chain) [Cleaved into: Detyrosinated tubulin alpha-1A chain]","Tuba1a Tuba1"
"1757","GO:0061744","motor behavior",18,6,0.34,6.3e-07,"NV2t007880001.1","Biological Processes","Tubulin alpha-1A chain (EC 3.6.5.-) (Alpha-tubulin 1) (Tubulin alpha-1 chain) [Cleaved into: Detyrosinated tubulin alpha-1A chain]","Tuba1a Tuba1"
"1758","GO:0040014","regulation of multicellular organism growth",69,8,1.29,1.1e-06,"NV2t000281002.1","Biological Processes","Glucose-6-phosphate 1-dehydrogenase (G6PD) (EC 1.-.-.-) (EC 1.1.1.49)","G6pdx G6pd"
"1759","GO:0040014","regulation of multicellular organism growth",69,8,1.29,1.1e-06,"NV2t000281003.1","Biological Processes","Glucose-6-phosphate 1-dehydrogenase (G6PD) (EC 1.-.-.-) (EC 1.1.1.49)","G6pdx G6pd"
"1760","GO:0040014","regulation of multicellular organism growth",69,8,1.29,1.1e-06,"NV2t000281008.1","Biological Processes","Glucose-6-phosphate 1-dehydrogenase (G6PD) (EC 1.-.-.-) (EC 1.1.1.49)","G6pdx G6pd"
"1761","GO:0040014","regulation of multicellular organism growth",69,8,1.29,1.1e-06,"NV2t000681001.1","Biological Processes","Guanine nucleotide-binding protein-like 3 homolog (Nucleostemin-1)","nst-1 K01C8.9"
"1762","GO:0040014","regulation of multicellular organism growth",69,8,1.29,1.1e-06,"NV2t000681002.1","Biological Processes","Guanine nucleotide-binding protein-like 3 homolog (Nucleostemin-1)","nst-1 K01C8.9"
"1763","GO:0040014","regulation of multicellular organism growth",69,8,1.29,1.1e-06,"NV2t000681003.1","Biological Processes","Guanine nucleotide-binding protein-like 3 homolog (Nucleostemin-1)","nst-1 K01C8.9"
"1764","GO:0040014","regulation of multicellular organism growth",69,8,1.29,1.1e-06,"NV2t005242003.1","Biological Processes","ATP-dependent chromatin remodeler CHD7 (EC 3.6.4.-) (Chromo domain-containing protein 7) (CHD-7)","Chd7"
"1765","GO:0040014","regulation of multicellular organism growth",69,8,1.29,1.1e-06,"NV2t022363001.1","Biological Processes","Amyloid-beta precursor protein (ABPP) (APP) (Alzheimer disease amyloid A4 protein homolog) (Alzheimer disease amyloid protein) (Amyloid precursor protein) (Amyloid-beta (A4) precursor protein) (Amyloid-beta A4 protein) (Amyloidogenic glycoprotein) (AG) [Cleaved into: N-APP; Soluble APP-alpha (S-APP-alpha); Soluble APP-beta (S-APP-beta); C99 (Beta-secretase C-terminal fragment) (Beta-CTF); Amyloid-beta protein 42 (Abeta42) (Beta-APP42); Amyloid-beta protein 40 (Abeta40) (Beta-APP40); C83 (Alpha-secretase C-terminal fragment) (Alpha-CTF); P3(42); P3(40); C80; Gamma-secretase C-terminal fragment 59 (Gamma-CTF(59)); Gamma-secretase C-terminal fragment 57 (Gamma-CTF(57)); Gamma-secretase C-terminal fragment 50 (Gamma-CTF(50)); C31]","App A4 AD1"
"1766","GO:2000051","negative regulation of non-canonical Wnt signaling ...",12,5,0.22,1.6e-06,"NV2t025221001.1","Biological Processes","E3 ubiquitin-protein ligase RNF213 (EC 2.3.2.27) (EC 3.6.4.-) (E3 ubiquitin-lipopolysaccharide ligase RNF213) (EC 2.3.2.-) (Mysterin) (RING finger protein 213)","Rnf213 Mystr"
"1767","GO:2000051","negative regulation of non-canonical Wnt signaling ...",12,5,0.22,1.6e-06,"NV2t025221002.1","Biological Processes","E3 ubiquitin-protein ligase RNF213 (EC 2.3.2.27) (EC 3.6.4.-) (E3 ubiquitin-lipopolysaccharide ligase RNF213) (EC 2.3.2.-) (Mysterin) (RING finger protein 213)","Rnf213 Mystr"
"1768","GO:2000051","negative regulation of non-canonical Wnt signaling ...",12,5,0.22,1.6e-06,"NV2t025221003.1","Biological Processes","E3 ubiquitin-protein ligase RNF213 (EC 2.3.2.27) (EC 3.6.4.-) (ALK lymphoma oligomerization partner on chromosome 17) (E3 ubiquitin-lipopolysaccharide ligase RNF213) (EC 2.3.2.-) (Mysterin) (RING finger protein 213)","RNF213 ALO17 C17orf27 KIAA1554 KIAA1618 MYSTR"
"1769","GO:2000051","negative regulation of non-canonical Wnt signaling ...",12,5,0.22,1.6e-06,"NV2t025224001.1","Biological Processes","E3 ubiquitin-protein ligase rnf213-alpha (EC 2.3.2.27) (EC 3.6.4.-) (E3 ubiquitin-lipopolysaccharide ligase rnf213-alpha) (EC 2.3.2.-) (Mysterin-A) (Mysterin-alpha) (RING finger protein 213-A) (RING finger protein 213-alpha)","rnf213a"
"1770","GO:2000051","negative regulation of non-canonical Wnt signaling ...",12,5,0.22,1.6e-06,"NV2t025225001.1","Biological Processes","E3 ubiquitin-protein ligase rnf213-alpha (EC 2.3.2.27) (EC 3.6.4.-) (E3 ubiquitin-lipopolysaccharide ligase rnf213-alpha) (EC 2.3.2.-) (Mysterin-A) (Mysterin-alpha) (RING finger protein 213-A) (RING finger protein 213-alpha)","rnf213a"
"1771","GO:0021859","pyramidal neuron differentiation",21,6,0.39,1.8e-06,"NV2t002714001.1","Biological Processes","Tubulin alpha-1A chain (EC 3.6.5.-) (Alpha-tubulin 1) (Tubulin alpha-1 chain) [Cleaved into: Detyrosinated tubulin alpha-1A chain]","Tuba1a Tuba1"
"1772","GO:0021859","pyramidal neuron differentiation",21,6,0.39,1.8e-06,"NV2t002717001.1","Biological Processes","Tubulin alpha-1A chain (EC 3.6.5.-) (Alpha-tubulin 1) (Tubulin alpha-1 chain) [Cleaved into: Detyrosinated tubulin alpha-1A chain]","Tuba1a Tuba1"
"1773","GO:0021859","pyramidal neuron differentiation",21,6,0.39,1.8e-06,"NV2t002717002.1","Biological Processes","Tubulin alpha-1A chain (EC 3.6.5.-) (Alpha-tubulin 1) (Tubulin alpha-1 chain) [Cleaved into: Detyrosinated tubulin alpha-1A chain]","Tuba1a Tuba1"
"1774","GO:0021859","pyramidal neuron differentiation",21,6,0.39,1.8e-06,"NV2t002719002.1","Biological Processes","Tubulin alpha-1A chain (EC 3.6.5.-) (Alpha-tubulin 1) (Tubulin alpha-1 chain) [Cleaved into: Detyrosinated tubulin alpha-1A chain]","Tuba1a Tuba1"
"1775","GO:0021859","pyramidal neuron differentiation",21,6,0.39,1.8e-06,"NV2t007878001.1","Biological Processes","Tubulin alpha-1A chain (EC 3.6.5.-) (Alpha-tubulin 1) (Tubulin alpha-1 chain) [Cleaved into: Detyrosinated tubulin alpha-1A chain]","Tuba1a Tuba1"
"1776","GO:0021859","pyramidal neuron differentiation",21,6,0.39,1.8e-06,"NV2t007880001.1","Biological Processes","Tubulin alpha-1A chain (EC 3.6.5.-) (Alpha-tubulin 1) (Tubulin alpha-1 chain) [Cleaved into: Detyrosinated tubulin alpha-1A chain]","Tuba1a Tuba1"
"1777","GO:0031053","primary miRNA processing",21,6,0.39,1.8e-06,"NV2t006169001.1","Biological Processes","Serrate RNA effector molecule homolog (Arsenite-resistance protein 2)","SRRT ARS2"
"1778","GO:0031053","primary miRNA processing",21,6,0.39,1.8e-06,"NV2t006169002.1","Biological Processes","Serrate RNA effector molecule homolog (Arsenite-resistance protein 2)","SRRT ARS2"
"1779","GO:0031053","primary miRNA processing",21,6,0.39,1.8e-06,"NV2t007890001.1","Biological Processes","Probable ATP-dependent RNA helicase DDX5 (EC 3.6.4.13) (DEAD box RNA helicase DEAD1) (mDEAD1) (DEAD box protein 5) (RNA helicase p68)","Ddx5 Tnz2"
"1780","GO:0031053","primary miRNA processing",21,6,0.39,1.8e-06,"NV2t007890002.1","Biological Processes","Probable ATP-dependent RNA helicase DDX5 (EC 3.6.4.13) (DEAD box RNA helicase DEAD1) (mDEAD1) (DEAD box protein 5) (RNA helicase p68)","Ddx5 Tnz2"
"1781","GO:0031053","primary miRNA processing",21,6,0.39,1.8e-06,"NV2t007890003.1","Biological Processes","Probable ATP-dependent RNA helicase DDX5 (EC 3.6.4.13) (DEAD box RNA helicase DEAD1) (mDEAD1) (DEAD box protein 5) (RNA helicase p68)","Ddx5 Tnz2"
"1782","GO:0031053","primary miRNA processing",21,6,0.39,1.8e-06,"NV2t007890004.1","Biological Processes","Probable ATP-dependent RNA helicase DDX5 (EC 3.6.4.13) (DEAD box RNA helicase DEAD1) (mDEAD1) (DEAD box protein 5) (RNA helicase p68)","Ddx5 Tnz2"
"1783","GO:0048853","forebrain morphogenesis",22,6,0.41,2.4e-06,"NV2t002714001.1","Biological Processes","Tubulin alpha-1A chain (EC 3.6.5.-) (Alpha-tubulin 1) (Tubulin alpha-1 chain) [Cleaved into: Detyrosinated tubulin alpha-1A chain]","Tuba1a Tuba1"
"1784","GO:0048853","forebrain morphogenesis",22,6,0.41,2.4e-06,"NV2t002717001.1","Biological Processes","Tubulin alpha-1A chain (EC 3.6.5.-) (Alpha-tubulin 1) (Tubulin alpha-1 chain) [Cleaved into: Detyrosinated tubulin alpha-1A chain]","Tuba1a Tuba1"
"1785","GO:0048853","forebrain morphogenesis",22,6,0.41,2.4e-06,"NV2t002717002.1","Biological Processes","Tubulin alpha-1A chain (EC 3.6.5.-) (Alpha-tubulin 1) (Tubulin alpha-1 chain) [Cleaved into: Detyrosinated tubulin alpha-1A chain]","Tuba1a Tuba1"
"1786","GO:0048853","forebrain morphogenesis",22,6,0.41,2.4e-06,"NV2t002719002.1","Biological Processes","Tubulin alpha-1A chain (EC 3.6.5.-) (Alpha-tubulin 1) (Tubulin alpha-1 chain) [Cleaved into: Detyrosinated tubulin alpha-1A chain]","Tuba1a Tuba1"
"1787","GO:0048853","forebrain morphogenesis",22,6,0.41,2.4e-06,"NV2t007878001.1","Biological Processes","Tubulin alpha-1A chain (EC 3.6.5.-) (Alpha-tubulin 1) (Tubulin alpha-1 chain) [Cleaved into: Detyrosinated tubulin alpha-1A chain]","Tuba1a Tuba1"
"1788","GO:0048853","forebrain morphogenesis",22,6,0.41,2.4e-06,"NV2t007880001.1","Biological Processes","Tubulin alpha-1A chain (EC 3.6.5.-) (Alpha-tubulin 1) (Tubulin alpha-1 chain) [Cleaved into: Detyrosinated tubulin alpha-1A chain]","Tuba1a Tuba1"
"1789","GO:0010801","negative regulation of peptidyl-threonine phosphory...",13,5,0.24,2.5e-06,"NV2t002880002.1","Biological Processes","UDP-N-acetylglucosamine--peptide N-acetylglucosaminyltransferase 110 kDa subunit (EC 2.4.1.255) (O-GlcNAc transferase subunit p110) (O-linked N-acetylglucosamine transferase 110 kDa subunit) (OGT)","Ogt"
"1790","GO:0010801","negative regulation of peptidyl-threonine phosphory...",13,5,0.24,2.5e-06,"NV2t002880003.1","Biological Processes","UDP-N-acetylglucosamine--peptide N-acetylglucosaminyltransferase 110 kDa subunit (EC 2.4.1.255) (O-GlcNAc transferase subunit p110) (O-linked N-acetylglucosamine transferase 110 kDa subunit) (OGT)","Ogt"
"1791","GO:0010801","negative regulation of peptidyl-threonine phosphory...",13,5,0.24,2.5e-06,"NV2t002880005.1","Biological Processes","UDP-N-acetylglucosamine--peptide N-acetylglucosaminyltransferase 110 kDa subunit (EC 2.4.1.255) (O-GlcNAc transferase subunit p110) (O-linked N-acetylglucosamine transferase 110 kDa subunit) (OGT)","Ogt"
"1792","GO:0010801","negative regulation of peptidyl-threonine phosphory...",13,5,0.24,2.5e-06,"NV2t002880006.1","Biological Processes","UDP-N-acetylglucosamine--peptide N-acetylglucosaminyltransferase 110 kDa subunit (EC 2.4.1.255) (O-GlcNAc transferase subunit p110) (O-linked N-acetylglucosamine transferase 110 kDa subunit) (OGT)","Ogt"
"1793","GO:0010801","negative regulation of peptidyl-threonine phosphory...",13,5,0.24,2.5e-06,"NV2t002880007.1","Biological Processes","UDP-N-acetylglucosamine--peptide N-acetylglucosaminyltransferase 110 kDa subunit (EC 2.4.1.255) (O-GlcNAc transferase subunit p110) (O-linked N-acetylglucosamine transferase 110 kDa subunit) (OGT)","Ogt"
"1794","GO:0032366","intracellular sterol transport",48,8,0.9,2.7e-06,"NV2t023331002.1","Biological Processes","Protein Aster-A (GRAM domain-containing protein 1A)","GRAMD1A KIAA1533"
"1795","GO:0032366","intracellular sterol transport",48,8,0.9,2.7e-06,"NV2t023331003.1","Biological Processes","Protein Aster-A (GRAM domain-containing protein 1A)","GRAMD1A KIAA1533"
"1796","GO:0032366","intracellular sterol transport",48,8,0.9,2.7e-06,"NV2t023331004.1","Biological Processes","Protein Aster-A (EG1RVC) (GRAM domain-containing protein 1A)","Gramd1a"
"1797","GO:0032366","intracellular sterol transport",48,8,0.9,2.7e-06,"NV2t023331005.1","Biological Processes","Protein Aster-A (GRAM domain-containing protein 1A)","GRAMD1A KIAA1533"
"1798","GO:0032366","intracellular sterol transport",48,8,0.9,2.7e-06,"NV2t023331006.1","Biological Processes","Protein Aster-A (GRAM domain-containing protein 1A)","GRAMD1A KIAA1533"
"1799","GO:0032366","intracellular sterol transport",48,8,0.9,2.7e-06,"NV2t023331007.1","Biological Processes","Protein Aster-A (GRAM domain-containing protein 1A)","GRAMD1A KIAA1533"
"1800","GO:0032366","intracellular sterol transport",48,8,0.9,2.7e-06,"NV2t023331008.1","Biological Processes","Protein Aster-A (GRAM domain-containing protein 1A)","GRAMD1A KIAA1533"
"1801","GO:0032366","intracellular sterol transport",48,8,0.9,2.7e-06,"NV2t023331009.1","Biological Processes","Protein Aster-A (GRAM domain-containing protein 1A)","Gramd1a D7Bwg0611e Kiaa1533"
"1802","GO:0046785","microtubule polymerization",113,8,2.11,3.1e-06,"NV2t002714001.1","Biological Processes","Tubulin alpha-1A chain (EC 3.6.5.-) (Alpha-tubulin 1) (Tubulin alpha-1 chain) [Cleaved into: Detyrosinated tubulin alpha-1A chain]","Tuba1a Tuba1"
"1803","GO:0046785","microtubule polymerization",113,8,2.11,3.1e-06,"NV2t002717001.1","Biological Processes","Tubulin alpha-1A chain (EC 3.6.5.-) (Alpha-tubulin 1) (Tubulin alpha-1 chain) [Cleaved into: Detyrosinated tubulin alpha-1A chain]","Tuba1a Tuba1"
"1804","GO:0046785","microtubule polymerization",113,8,2.11,3.1e-06,"NV2t002717002.1","Biological Processes","Tubulin alpha-1A chain (EC 3.6.5.-) (Alpha-tubulin 1) (Tubulin alpha-1 chain) [Cleaved into: Detyrosinated tubulin alpha-1A chain]","Tuba1a Tuba1"
"1805","GO:0046785","microtubule polymerization",113,8,2.11,3.1e-06,"NV2t002719002.1","Biological Processes","Tubulin alpha-1A chain (EC 3.6.5.-) (Alpha-tubulin 1) (Tubulin alpha-1 chain) [Cleaved into: Detyrosinated tubulin alpha-1A chain]","Tuba1a Tuba1"
"1806","GO:0046785","microtubule polymerization",113,8,2.11,3.1e-06,"NV2t005086002.1","Biological Processes","Centrosomal protein of 192 kDa (Cep192) (Cep192/SPD-2)","CEP192 KIAA1569 PP8407"
"1807","GO:0046785","microtubule polymerization",113,8,2.11,3.1e-06,"NV2t007878001.1","Biological Processes","Tubulin alpha-1A chain (EC 3.6.5.-) (Alpha-tubulin 1) (Tubulin alpha-1 chain) [Cleaved into: Detyrosinated tubulin alpha-1A chain]","Tuba1a Tuba1"
"1808","GO:0046785","microtubule polymerization",113,8,2.11,3.1e-06,"NV2t007880001.1","Biological Processes","Tubulin alpha-1A chain (EC 3.6.5.-) (Alpha-tubulin 1) (Tubulin alpha-1 chain) [Cleaved into: Detyrosinated tubulin alpha-1A chain]","Tuba1a Tuba1"
"1809","GO:0046785","microtubule polymerization",113,8,2.11,3.1e-06,"NV2t022192001.1","Biological Processes","Rho guanine nucleotide exchange factor 7 (Beta-Pix) (COOL-1) (PAK-interacting exchange factor beta) (p85)","ARHGEF7 COOL1 KIAA0142 P85SPR PAK3BP PIXB Nbla10314"
"1810","GO:0051402","neuron apoptotic process",232,13,4.34,4.6e-06,"NV2t000281002.1","Biological Processes","Glucose-6-phosphate 1-dehydrogenase (G6PD) (EC 1.-.-.-) (EC 1.1.1.49)","G6pdx G6pd"
"1811","GO:0051402","neuron apoptotic process",232,13,4.34,4.6e-06,"NV2t000281003.1","Biological Processes","Glucose-6-phosphate 1-dehydrogenase (G6PD) (EC 1.-.-.-) (EC 1.1.1.49)","G6pdx G6pd"
"1812","GO:0051402","neuron apoptotic process",232,13,4.34,4.6e-06,"NV2t000281008.1","Biological Processes","Glucose-6-phosphate 1-dehydrogenase (G6PD) (EC 1.-.-.-) (EC 1.1.1.49)","G6pdx G6pd"
"1813","GO:0051402","neuron apoptotic process",232,13,4.34,4.6e-06,"NV2t002714001.1","Biological Processes","Tubulin alpha-1A chain (EC 3.6.5.-) (Alpha-tubulin 1) (Tubulin alpha-1 chain) [Cleaved into: Detyrosinated tubulin alpha-1A chain]","Tuba1a Tuba1"
"1814","GO:0051402","neuron apoptotic process",232,13,4.34,4.6e-06,"NV2t002717001.1","Biological Processes","Tubulin alpha-1A chain (EC 3.6.5.-) (Alpha-tubulin 1) (Tubulin alpha-1 chain) [Cleaved into: Detyrosinated tubulin alpha-1A chain]","Tuba1a Tuba1"
"1815","GO:0051402","neuron apoptotic process",232,13,4.34,4.6e-06,"NV2t002717002.1","Biological Processes","Tubulin alpha-1A chain (EC 3.6.5.-) (Alpha-tubulin 1) (Tubulin alpha-1 chain) [Cleaved into: Detyrosinated tubulin alpha-1A chain]","Tuba1a Tuba1"
"1816","GO:0051402","neuron apoptotic process",232,13,4.34,4.6e-06,"NV2t002719002.1","Biological Processes","Tubulin alpha-1A chain (EC 3.6.5.-) (Alpha-tubulin 1) (Tubulin alpha-1 chain) [Cleaved into: Detyrosinated tubulin alpha-1A chain]","Tuba1a Tuba1"
"1817","GO:0051402","neuron apoptotic process",232,13,4.34,4.6e-06,"NV2t003384001.1","Biological Processes","Apoptosis-inducing factor 1, mitochondrial (EC 1.6.99.-) (Programmed cell death protein 8)","AIFM1 AIF PDCD8"
"1818","GO:0051402","neuron apoptotic process",232,13,4.34,4.6e-06,"NV2t006626001.1","Biological Processes","Short transient receptor potential channel 5 (TrpC5) (Transient receptor protein 5) (TRP-5) (hTRP-5) (hTRP5)","TRPC5 TRP5"
"1819","GO:0051402","neuron apoptotic process",232,13,4.34,4.6e-06,"NV2t007878001.1","Biological Processes","Tubulin alpha-1A chain (EC 3.6.5.-) (Alpha-tubulin 1) (Tubulin alpha-1 chain) [Cleaved into: Detyrosinated tubulin alpha-1A chain]","Tuba1a Tuba1"
"1820","GO:0051402","neuron apoptotic process",232,13,4.34,4.6e-06,"NV2t007880001.1","Biological Processes","Tubulin alpha-1A chain (EC 3.6.5.-) (Alpha-tubulin 1) (Tubulin alpha-1 chain) [Cleaved into: Detyrosinated tubulin alpha-1A chain]","Tuba1a Tuba1"
"1821","GO:0051402","neuron apoptotic process",232,13,4.34,4.6e-06,"NV2t021615001.1","Biological Processes","Glycogen synthase kinase-3 beta (GSK-3 beta) (EC 2.7.11.26) (Serine/threonine-protein kinase GSK3B) (EC 2.7.11.1)","GSK3B"
"1822","GO:0051402","neuron apoptotic process",232,13,4.34,4.6e-06,"NV2t022363001.1","Biological Processes","Amyloid-beta precursor protein (ABPP) (APP) (Alzheimer disease amyloid A4 protein homolog) (Alzheimer disease amyloid protein) (Amyloid precursor protein) (Amyloid-beta (A4) precursor protein) (Amyloid-beta A4 protein) (Amyloidogenic glycoprotein) (AG) [Cleaved into: N-APP; Soluble APP-alpha (S-APP-alpha); Soluble APP-beta (S-APP-beta); C99 (Beta-secretase C-terminal fragment) (Beta-CTF); Amyloid-beta protein 42 (Abeta42) (Beta-APP42); Amyloid-beta protein 40 (Abeta40) (Beta-APP40); C83 (Alpha-secretase C-terminal fragment) (Alpha-CTF); P3(42); P3(40); C80; Gamma-secretase C-terminal fragment 59 (Gamma-CTF(59)); Gamma-secretase C-terminal fragment 57 (Gamma-CTF(57)); Gamma-secretase C-terminal fragment 50 (Gamma-CTF(50)); C31]","App A4 AD1"
"1823","GO:0021542","dentate gyrus development",25,6,0.47,5.4e-06,"NV2t002714001.1","Biological Processes","Tubulin alpha-1A chain (EC 3.6.5.-) (Alpha-tubulin 1) (Tubulin alpha-1 chain) [Cleaved into: Detyrosinated tubulin alpha-1A chain]","Tuba1a Tuba1"
"1824","GO:0021542","dentate gyrus development",25,6,0.47,5.4e-06,"NV2t002717001.1","Biological Processes","Tubulin alpha-1A chain (EC 3.6.5.-) (Alpha-tubulin 1) (Tubulin alpha-1 chain) [Cleaved into: Detyrosinated tubulin alpha-1A chain]","Tuba1a Tuba1"
"1825","GO:0021542","dentate gyrus development",25,6,0.47,5.4e-06,"NV2t002717002.1","Biological Processes","Tubulin alpha-1A chain (EC 3.6.5.-) (Alpha-tubulin 1) (Tubulin alpha-1 chain) [Cleaved into: Detyrosinated tubulin alpha-1A chain]","Tuba1a Tuba1"
"1826","GO:0021542","dentate gyrus development",25,6,0.47,5.4e-06,"NV2t002719002.1","Biological Processes","Tubulin alpha-1A chain (EC 3.6.5.-) (Alpha-tubulin 1) (Tubulin alpha-1 chain) [Cleaved into: Detyrosinated tubulin alpha-1A chain]","Tuba1a Tuba1"
"1827","GO:0021542","dentate gyrus development",25,6,0.47,5.4e-06,"NV2t007878001.1","Biological Processes","Tubulin alpha-1A chain (EC 3.6.5.-) (Alpha-tubulin 1) (Tubulin alpha-1 chain) [Cleaved into: Detyrosinated tubulin alpha-1A chain]","Tuba1a Tuba1"
"1828","GO:0021542","dentate gyrus development",25,6,0.47,5.4e-06,"NV2t007880001.1","Biological Processes","Tubulin alpha-1A chain (EC 3.6.5.-) (Alpha-tubulin 1) (Tubulin alpha-1 chain) [Cleaved into: Detyrosinated tubulin alpha-1A chain]","Tuba1a Tuba1"
"1829","GO:0098792","xenophagy",15,5,0.28,5.7e-06,"NV2t025221001.1","Biological Processes","E3 ubiquitin-protein ligase RNF213 (EC 2.3.2.27) (EC 3.6.4.-) (E3 ubiquitin-lipopolysaccharide ligase RNF213) (EC 2.3.2.-) (Mysterin) (RING finger protein 213)","Rnf213 Mystr"
"1830","GO:0098792","xenophagy",15,5,0.28,5.7e-06,"NV2t025221002.1","Biological Processes","E3 ubiquitin-protein ligase RNF213 (EC 2.3.2.27) (EC 3.6.4.-) (E3 ubiquitin-lipopolysaccharide ligase RNF213) (EC 2.3.2.-) (Mysterin) (RING finger protein 213)","Rnf213 Mystr"
"1831","GO:0098792","xenophagy",15,5,0.28,5.7e-06,"NV2t025221003.1","Biological Processes","E3 ubiquitin-protein ligase RNF213 (EC 2.3.2.27) (EC 3.6.4.-) (ALK lymphoma oligomerization partner on chromosome 17) (E3 ubiquitin-lipopolysaccharide ligase RNF213) (EC 2.3.2.-) (Mysterin) (RING finger protein 213)","RNF213 ALO17 C17orf27 KIAA1554 KIAA1618 MYSTR"
"1832","GO:0098792","xenophagy",15,5,0.28,5.7e-06,"NV2t025224001.1","Biological Processes","E3 ubiquitin-protein ligase rnf213-alpha (EC 2.3.2.27) (EC 3.6.4.-) (E3 ubiquitin-lipopolysaccharide ligase rnf213-alpha) (EC 2.3.2.-) (Mysterin-A) (Mysterin-alpha) (RING finger protein 213-A) (RING finger protein 213-alpha)","rnf213a"
"1833","GO:0098792","xenophagy",15,5,0.28,5.7e-06,"NV2t025225001.1","Biological Processes","E3 ubiquitin-protein ligase rnf213-alpha (EC 2.3.2.27) (EC 3.6.4.-) (E3 ubiquitin-lipopolysaccharide ligase rnf213-alpha) (EC 2.3.2.-) (Mysterin-A) (Mysterin-alpha) (RING finger protein 213-A) (RING finger protein 213-alpha)","rnf213a"
"1834","GO:0001998","angiotensin-mediated vasoconstriction involved in r...",3,3,0.06,6.5e-06,"NV2t000281002.1","Biological Processes","Glucose-6-phosphate 1-dehydrogenase (G6PD) (EC 1.-.-.-) (EC 1.1.1.49)","G6pdx G6pd"
"1835","GO:0001998","angiotensin-mediated vasoconstriction involved in r...",3,3,0.06,6.5e-06,"NV2t000281003.1","Biological Processes","Glucose-6-phosphate 1-dehydrogenase (G6PD) (EC 1.-.-.-) (EC 1.1.1.49)","G6pdx G6pd"
"1836","GO:0001998","angiotensin-mediated vasoconstriction involved in r...",3,3,0.06,6.5e-06,"NV2t000281008.1","Biological Processes","Glucose-6-phosphate 1-dehydrogenase (G6PD) (EC 1.-.-.-) (EC 1.1.1.49)","G6pdx G6pd"
"1837","GO:0043550","regulation of lipid kinase activity",3,3,0.06,6.5e-06,"NV2t004905001.1","Biological Processes","Retinoblastoma-like protein 1 (107 kDa retinoblastoma-associated protein) (p107) (pRb1)","RBL1"
"1838","GO:0043550","regulation of lipid kinase activity",3,3,0.06,6.5e-06,"NV2t004905002.1","Biological Processes","Retinoblastoma-like protein 1 (107 kDa retinoblastoma-associated protein) (p107) (pRb1)","RBL1"
"1839","GO:0043550","regulation of lipid kinase activity",3,3,0.06,6.5e-06,"NV2t004905003.1","Biological Processes","Retinoblastoma-like protein 1 (107 kDa retinoblastoma-associated protein) (p107) (pRb1)","RBL1"
"1840","GO:1904879","positive regulation of calcium ion transmembrane tr...",3,3,0.06,6.5e-06,"NV2t000281002.1","Biological Processes","Glucose-6-phosphate 1-dehydrogenase (G6PD) (EC 1.-.-.-) (EC 1.1.1.49)","G6pdx G6pd"
"1841","GO:1904879","positive regulation of calcium ion transmembrane tr...",3,3,0.06,6.5e-06,"NV2t000281003.1","Biological Processes","Glucose-6-phosphate 1-dehydrogenase (G6PD) (EC 1.-.-.-) (EC 1.1.1.49)","G6pdx G6pd"
"1842","GO:1904879","positive regulation of calcium ion transmembrane tr...",3,3,0.06,6.5e-06,"NV2t000281008.1","Biological Processes","Glucose-6-phosphate 1-dehydrogenase (G6PD) (EC 1.-.-.-) (EC 1.1.1.49)","G6pdx G6pd"
"1843","GO:0002033","angiotensin-mediated vasodilation involved in regul...",3,3,0.06,6.5e-06,"NV2t000281002.1","Biological Processes","Glucose-6-phosphate 1-dehydrogenase (G6PD) (EC 1.-.-.-) (EC 1.1.1.49)","G6pdx G6pd"
"1844","GO:0002033","angiotensin-mediated vasodilation involved in regul...",3,3,0.06,6.5e-06,"NV2t000281003.1","Biological Processes","Glucose-6-phosphate 1-dehydrogenase (G6PD) (EC 1.-.-.-) (EC 1.1.1.49)","G6pdx G6pd"
"1845","GO:0002033","angiotensin-mediated vasodilation involved in regul...",3,3,0.06,6.5e-06,"NV2t000281008.1","Biological Processes","Glucose-6-phosphate 1-dehydrogenase (G6PD) (EC 1.-.-.-) (EC 1.1.1.49)","G6pdx G6pd"
"1846","GO:0019322","pentose biosynthetic process",3,3,0.06,6.5e-06,"NV2t000281002.1","Biological Processes","Glucose-6-phosphate 1-dehydrogenase (G6PD) (EC 1.-.-.-) (EC 1.1.1.49)","G6pdx G6pd"
"1847","GO:0019322","pentose biosynthetic process",3,3,0.06,6.5e-06,"NV2t000281003.1","Biological Processes","Glucose-6-phosphate 1-dehydrogenase (G6PD) (EC 1.-.-.-) (EC 1.1.1.49)","G6pdx G6pd"
"1848","GO:0019322","pentose biosynthetic process",3,3,0.06,6.5e-06,"NV2t000281008.1","Biological Processes","Glucose-6-phosphate 1-dehydrogenase (G6PD) (EC 1.-.-.-) (EC 1.1.1.49)","G6pdx G6pd"
"1849","GO:1900163","positive regulation of phospholipid scramblase acti...",3,3,0.06,6.5e-06,"NV2t001600001.1","Biological Processes","Protein kinase C delta type (EC 2.7.11.13) (Tyrosine-protein kinase PRKCD) (EC 2.7.10.2) (nPKC-delta) [Cleaved into: Protein kinase C delta type regulatory subunit; Protein kinase C delta type catalytic subunit (Sphingosine-dependent protein kinase-1) (SDK1)]","PRKCD PKCD"
"1850","GO:1900163","positive regulation of phospholipid scramblase acti...",3,3,0.06,6.5e-06,"NV2t001600002.1","Biological Processes","Protein kinase C delta type (EC 2.7.11.13) (Tyrosine-protein kinase PRKCD) (EC 2.7.10.2) (nPKC-delta) [Cleaved into: Protein kinase C delta type regulatory subunit; Protein kinase C delta type catalytic subunit (Sphingosine-dependent protein kinase-1) (SDK1)]","PRKCD PKCD"
"1851","GO:1900163","positive regulation of phospholipid scramblase acti...",3,3,0.06,6.5e-06,"NV2t001600003.1","Biological Processes","Protein kinase C delta type (EC 2.7.11.13) (Tyrosine-protein kinase PRKCD) (EC 2.7.10.2) (nPKC-delta) [Cleaved into: Protein kinase C delta type regulatory subunit; Protein kinase C delta type catalytic subunit (Sphingosine-dependent protein kinase-1) (SDK1)]","PRKCD PKCD"
"1852","GO:0090188","negative regulation of pancreatic juice secretion",3,3,0.06,6.5e-06,"NV2t001891001.1","Biological Processes","Serine/threonine-protein kinase WNK3 (EC 2.7.11.1) (Protein kinase lysine-deficient 3) (Protein kinase with no lysine 3)","Wnk3"
"1853","GO:0090188","negative regulation of pancreatic juice secretion",3,3,0.06,6.5e-06,"NV2t001891002.1","Biological Processes","Serine/threonine-protein kinase WNK3 (EC 2.7.11.1) (Protein kinase lysine-deficient 3) (Protein kinase with no lysine 3)","Wnk3"
"1854","GO:0090188","negative regulation of pancreatic juice secretion",3,3,0.06,6.5e-06,"NV2t001891003.1","Biological Processes","Serine/threonine-protein kinase WNK3 (EC 2.7.11.1) (Protein kinase lysine-deficient 3) (Protein kinase with no lysine 3)","Wnk3"
"1855","GO:2000753","positive regulation of glucosylceramide catabolic p...",3,3,0.06,6.5e-06,"NV2t001600001.1","Biological Processes","Protein kinase C delta type (EC 2.7.11.13) (Tyrosine-protein kinase PRKCD) (EC 2.7.10.2) (nPKC-delta) [Cleaved into: Protein kinase C delta type regulatory subunit; Protein kinase C delta type catalytic subunit (Sphingosine-dependent protein kinase-1) (SDK1)]","PRKCD PKCD"
"1856","GO:2000753","positive regulation of glucosylceramide catabolic p...",3,3,0.06,6.5e-06,"NV2t001600002.1","Biological Processes","Protein kinase C delta type (EC 2.7.11.13) (Tyrosine-protein kinase PRKCD) (EC 2.7.10.2) (nPKC-delta) [Cleaved into: Protein kinase C delta type regulatory subunit; Protein kinase C delta type catalytic subunit (Sphingosine-dependent protein kinase-1) (SDK1)]","PRKCD PKCD"
"1857","GO:2000753","positive regulation of glucosylceramide catabolic p...",3,3,0.06,6.5e-06,"NV2t001600003.1","Biological Processes","Protein kinase C delta type (EC 2.7.11.13) (Tyrosine-protein kinase PRKCD) (EC 2.7.10.2) (nPKC-delta) [Cleaved into: Protein kinase C delta type regulatory subunit; Protein kinase C delta type catalytic subunit (Sphingosine-dependent protein kinase-1) (SDK1)]","PRKCD PKCD"
"1858","GO:2000755","positive regulation of sphingomyelin catabolic proc...",3,3,0.06,6.5e-06,"NV2t001600001.1","Biological Processes","Protein kinase C delta type (EC 2.7.11.13) (Tyrosine-protein kinase PRKCD) (EC 2.7.10.2) (nPKC-delta) [Cleaved into: Protein kinase C delta type regulatory subunit; Protein kinase C delta type catalytic subunit (Sphingosine-dependent protein kinase-1) (SDK1)]","PRKCD PKCD"
"1859","GO:2000755","positive regulation of sphingomyelin catabolic proc...",3,3,0.06,6.5e-06,"NV2t001600002.1","Biological Processes","Protein kinase C delta type (EC 2.7.11.13) (Tyrosine-protein kinase PRKCD) (EC 2.7.10.2) (nPKC-delta) [Cleaved into: Protein kinase C delta type regulatory subunit; Protein kinase C delta type catalytic subunit (Sphingosine-dependent protein kinase-1) (SDK1)]","PRKCD PKCD"
"1860","GO:2000755","positive regulation of sphingomyelin catabolic proc...",3,3,0.06,6.5e-06,"NV2t001600003.1","Biological Processes","Protein kinase C delta type (EC 2.7.11.13) (Tyrosine-protein kinase PRKCD) (EC 2.7.10.2) (nPKC-delta) [Cleaved into: Protein kinase C delta type regulatory subunit; Protein kinase C delta type catalytic subunit (Sphingosine-dependent protein kinase-1) (SDK1)]","PRKCD PKCD"
"1861","GO:0009089","lysine biosynthetic process via diaminopimelate",3,3,0.06,6.5e-06,"NV2t004240001.1","Biological Processes","Diaminopimelate decarboxylase (DAP decarboxylase) (DAPDC) (EC 4.1.1.20)","lysA"
"1862","GO:0009089","lysine biosynthetic process via diaminopimelate",3,3,0.06,6.5e-06,"NV2t004240002.1","Biological Processes","Diaminopimelate decarboxylase (DAP decarboxylase) (DAPDC) (EC 4.1.1.20)","lysA jhp_0275"
"1863","GO:0009089","lysine biosynthetic process via diaminopimelate",3,3,0.06,6.5e-06,"NV2t004240003.1","Biological Processes","Diaminopimelate decarboxylase (DAP decarboxylase) (DAPDC) (EC 4.1.1.20)","lysA"
"1864","GO:0031204","post-translational protein targeting to membrane, t...",8,4,0.15,7.9e-06,"NV2t004542001.1","Biological Processes","Translocon-associated protein subunit alpha (TRAP-alpha) (Signal sequence receptor subunit alpha) (SSR-alpha)","SSR1 TRAPA PSEC0262"
"1865","GO:0031204","post-translational protein targeting to membrane, t...",8,4,0.15,7.9e-06,"NV2t004542002.1","Biological Processes","Translocon-associated protein subunit alpha (TRAP-alpha) (Signal sequence receptor subunit alpha) (SSR-alpha)","SSR1 TRAPA PSEC0262"
"1866","GO:0031204","post-translational protein targeting to membrane, t...",8,4,0.15,7.9e-06,"NV2t004542003.1","Biological Processes","Translocon-associated protein subunit alpha (TRAP-alpha) (Signal sequence receptor subunit alpha) (SSR-alpha)","SSR1 TRAPA PSEC0262"
"1867","GO:0031204","post-translational protein targeting to membrane, t...",8,4,0.15,7.9e-06,"NV2t024797001.1","Biological Processes","Endoplasmic reticulum chaperone BiP (EC 3.6.4.10) (78 kDa glucose-regulated protein) (GRP-78) (Binding-immunoglobulin protein) (BiP) (Heat shock protein 70 family protein 5) (HSP70 family protein 5) (Heat shock protein family A member 5) (Immunoglobulin heavy chain-binding protein)","HSPA5 GRP78"
"1868","GO:0006417","regulation of translation",375,24,7.01,1e-05,"NV2t002880002.1","Biological Processes","UDP-N-acetylglucosamine--peptide N-acetylglucosaminyltransferase 110 kDa subunit (EC 2.4.1.255) (O-GlcNAc transferase subunit p110) (O-linked N-acetylglucosamine transferase 110 kDa subunit) (OGT)","Ogt"
"1869","GO:0006417","regulation of translation",375,24,7.01,1e-05,"NV2t002880003.1","Biological Processes","UDP-N-acetylglucosamine--peptide N-acetylglucosaminyltransferase 110 kDa subunit (EC 2.4.1.255) (O-GlcNAc transferase subunit p110) (O-linked N-acetylglucosamine transferase 110 kDa subunit) (OGT)","Ogt"
"1870","GO:0006417","regulation of translation",375,24,7.01,1e-05,"NV2t002880005.1","Biological Processes","UDP-N-acetylglucosamine--peptide N-acetylglucosaminyltransferase 110 kDa subunit (EC 2.4.1.255) (O-GlcNAc transferase subunit p110) (O-linked N-acetylglucosamine transferase 110 kDa subunit) (OGT)","Ogt"
"1871","GO:0006417","regulation of translation",375,24,7.01,1e-05,"NV2t002880006.1","Biological Processes","UDP-N-acetylglucosamine--peptide N-acetylglucosaminyltransferase 110 kDa subunit (EC 2.4.1.255) (O-GlcNAc transferase subunit p110) (O-linked N-acetylglucosamine transferase 110 kDa subunit) (OGT)","Ogt"
"1872","GO:0006417","regulation of translation",375,24,7.01,1e-05,"NV2t002880007.1","Biological Processes","UDP-N-acetylglucosamine--peptide N-acetylglucosaminyltransferase 110 kDa subunit (EC 2.4.1.255) (O-GlcNAc transferase subunit p110) (O-linked N-acetylglucosamine transferase 110 kDa subunit) (OGT)","Ogt"
"1873","GO:0006417","regulation of translation",375,24,7.01,1e-05,"NV2t003454001.1","Biological Processes","Small ribosomal subunit protein uS3 (EC 4.2.99.18) (40S ribosomal protein S3)","RPS3"
"1874","GO:0006417","regulation of translation",375,24,7.01,1e-05,"NV2t005899001.1","Biological Processes","Polyadenylate-binding protein 1A (PABP-1A) (Poly(A)-binding protein 1A)","pabpc1a"
"1875","GO:0006417","regulation of translation",375,24,7.01,1e-05,"NV2t005899002.1","Biological Processes","Polyadenylate-binding protein 1A (PABP-1A) (Poly(A)-binding protein 1A)","pabpc1a"
"1876","GO:0006417","regulation of translation",375,24,7.01,1e-05,"NV2t005899005.1","Biological Processes","Polyadenylate-binding protein 1A (PABP-1A) (Poly(A)-binding protein 1A)","pabpc1a"
"1877","GO:0006417","regulation of translation",375,24,7.01,1e-05,"NV2t005899007.1","Biological Processes","Polyadenylate-binding protein 1A (PABP-1A) (Poly(A)-binding protein 1A)","pabpc1a"
"1878","GO:0006417","regulation of translation",375,24,7.01,1e-05,"NV2t005899009.1","Biological Processes","Polyadenylate-binding protein 1-A (PABP-1-A) (Poly(A)-binding protein 1-A) (xPABP1-A) (Cytoplasmic poly(A)-binding protein 1-A)","pabpc1-a pabp pabp1"
"1879","GO:0006417","regulation of translation",375,24,7.01,1e-05,"NV2t005899024.1","Biological Processes","Polyadenylate-binding protein 1 (PABP-1) (Poly(A)-binding protein 1)","Pabpc1 Pabp1"
"1880","GO:0006417","regulation of translation",375,24,7.01,1e-05,"NV2t007668001.1","Biological Processes","Eukaryotic translation initiation factor 3 subunit B (eIF3b) (Eukaryotic translation initiation factor 3 subunit 9) (eIF-3-eta)","Eif3b Eif3s9"
"1881","GO:0006417","regulation of translation",375,24,7.01,1e-05,"NV2t022363001.1","Biological Processes","Amyloid-beta precursor protein (ABPP) (APP) (Alzheimer disease amyloid A4 protein homolog) (Alzheimer disease amyloid protein) (Amyloid precursor protein) (Amyloid-beta (A4) precursor protein) (Amyloid-beta A4 protein) (Amyloidogenic glycoprotein) (AG) [Cleaved into: N-APP; Soluble APP-alpha (S-APP-alpha); Soluble APP-beta (S-APP-beta); C99 (Beta-secretase C-terminal fragment) (Beta-CTF); Amyloid-beta protein 42 (Abeta42) (Beta-APP42); Amyloid-beta protein 40 (Abeta40) (Beta-APP40); C83 (Alpha-secretase C-terminal fragment) (Alpha-CTF); P3(42); P3(40); C80; Gamma-secretase C-terminal fragment 59 (Gamma-CTF(59)); Gamma-secretase C-terminal fragment 57 (Gamma-CTF(57)); Gamma-secretase C-terminal fragment 50 (Gamma-CTF(50)); C31]","App A4 AD1"
"1882","GO:0006417","regulation of translation",375,24,7.01,1e-05,"NV2t023797001.1","Biological Processes","DAZ-associated protein 1 (Deleted in azoospermia-associated protein 1) (Proline-rich Vg1 mRNA-binding protein)","dazap1 prrp"
"1883","GO:0006417","regulation of translation",375,24,7.01,1e-05,"NV2t023797002.1","Biological Processes","DAZ-associated protein 1 (Deleted in azoospermia-associated protein 1) (Proline-rich Vg1 mRNA-binding protein)","dazap1 prrp"
"1884","GO:0006417","regulation of translation",375,24,7.01,1e-05,"NV2t023798003.1","Biological Processes","DAZ-associated protein 1 (Deleted in azoospermia-associated protein 1) (Proline-rich Vg1 mRNA-binding protein)","dazap1 prrp"
"1885","GO:0006417","regulation of translation",375,24,7.01,1e-05,"NV2t023798004.1","Biological Processes","DAZ-associated protein 1 (Deleted in azoospermia-associated protein 1) (Proline-rich Vg1 mRNA-binding protein)","dazap1 prrp"
"1886","GO:0006417","regulation of translation",375,24,7.01,1e-05,"NV2t025357001.1","Biological Processes","Spliceosome RNA helicase Ddx39b (EC 3.6.4.13) (56 kDa U2AF65-associated protein) (ATP-dependent RNA helicase p47) (DEAD box protein Uap56)","Ddx39b Bat1 Bat1a Uap56"
"1887","GO:0006417","regulation of translation",375,24,7.01,1e-05,"NV2t025357002.1","Biological Processes","Spliceosome RNA helicase Ddx39b (EC 3.6.4.13) (56 kDa U2AF65-associated protein) (ATP-dependent RNA helicase p47) (DEAD box protein Uap56)","Ddx39b Bat1 Bat1a Uap56"
"1888","GO:0006417","regulation of translation",375,24,7.01,1e-05,"NV2t025357003.1","Biological Processes","Spliceosome RNA helicase Ddx39b (EC 3.6.4.13) (56 kDa U2AF65-associated protein) (ATP-dependent RNA helicase p47) (DEAD box protein Uap56)","Ddx39b Bat1 Bat1a Uap56"
"1889","GO:0006417","regulation of translation",375,24,7.01,1e-05,"NV2t025357004.1","Biological Processes","Spliceosome RNA helicase Ddx39b (EC 3.6.4.13) (56 kDa U2AF65-associated protein) (ATP-dependent RNA helicase p47) (DEAD box protein Uap56)","Ddx39b Bat1 Bat1a Uap56"
"1890","GO:0006417","regulation of translation",375,24,7.01,1e-05,"NV2t025357005.1","Biological Processes","Spliceosome RNA helicase Ddx39b (EC 3.6.4.13) (56 kDa U2AF65-associated protein) (ATP-dependent RNA helicase p47) (DEAD box protein Uap56)","Ddx39b Bat1 Bat1a Uap56"
"1891","GO:0006417","regulation of translation",375,24,7.01,1e-05,"NV2t025357006.1","Biological Processes","Spliceosome RNA helicase Ddx39b (EC 3.6.4.13) (56 kDa U2AF65-associated protein) (ATP-dependent RNA helicase p47) (DEAD box protein Uap56)","Ddx39b Bat1 Bat1a Uap56"
"1892","GO:0090398","cellular senescence",79,10,1.48,1.3e-05,"NV2t001600001.1","Biological Processes","Protein kinase C delta type (EC 2.7.11.13) (Tyrosine-protein kinase PRKCD) (EC 2.7.10.2) (nPKC-delta) [Cleaved into: Protein kinase C delta type regulatory subunit; Protein kinase C delta type catalytic subunit (Sphingosine-dependent protein kinase-1) (SDK1)]","PRKCD PKCD"
"1893","GO:0090398","cellular senescence",79,10,1.48,1.3e-05,"NV2t001600002.1","Biological Processes","Protein kinase C delta type (EC 2.7.11.13) (Tyrosine-protein kinase PRKCD) (EC 2.7.10.2) (nPKC-delta) [Cleaved into: Protein kinase C delta type regulatory subunit; Protein kinase C delta type catalytic subunit (Sphingosine-dependent protein kinase-1) (SDK1)]","PRKCD PKCD"
"1894","GO:0090398","cellular senescence",79,10,1.48,1.3e-05,"NV2t001600003.1","Biological Processes","Protein kinase C delta type (EC 2.7.11.13) (Tyrosine-protein kinase PRKCD) (EC 2.7.10.2) (nPKC-delta) [Cleaved into: Protein kinase C delta type regulatory subunit; Protein kinase C delta type catalytic subunit (Sphingosine-dependent protein kinase-1) (SDK1)]","PRKCD PKCD"
"1895","GO:0090398","cellular senescence",79,10,1.48,1.3e-05,"NV2t004905001.1","Biological Processes","Retinoblastoma-like protein 1 (107 kDa retinoblastoma-associated protein) (p107) (pRb1)","RBL1"
"1896","GO:0090398","cellular senescence",79,10,1.48,1.3e-05,"NV2t004905002.1","Biological Processes","Retinoblastoma-like protein 1 (107 kDa retinoblastoma-associated protein) (p107) (pRb1)","RBL1"
"1897","GO:0090398","cellular senescence",79,10,1.48,1.3e-05,"NV2t004905003.1","Biological Processes","Retinoblastoma-like protein 1 (107 kDa retinoblastoma-associated protein) (p107) (pRb1)","RBL1"
"1898","GO:0090398","cellular senescence",79,10,1.48,1.3e-05,"NV2t022589001.1","Biological Processes","Structural maintenance of chromosomes protein 6 (SMC protein 6) (SMC-6) (xSMC6)","smc6 smc6l1"
"1899","GO:0090398","cellular senescence",79,10,1.48,1.3e-05,"NV2t022589002.1","Biological Processes","Structural maintenance of chromosomes protein 6 (SMC protein 6) (SMC-6) (xSMC6)","smc6 smc6l1"
"1900","GO:0090398","cellular senescence",79,10,1.48,1.3e-05,"NV2t022589003.1","Biological Processes","Structural maintenance of chromosomes protein 6 (SMC protein 6) (SMC-6) (xSMC6)","smc6 smc6l1"
"1901","GO:0090398","cellular senescence",79,10,1.48,1.3e-05,"NV2t022589004.1","Biological Processes","Structural maintenance of chromosomes protein 6 (SMC protein 6) (SMC-6) (xSMC6)","smc6 smc6l1"
"1902","GO:0048873","homeostasis of number of cells within a tissue",29,6,0.54,1.4e-05,"NV2t002714001.1","Biological Processes","Tubulin alpha-1A chain (EC 3.6.5.-) (Alpha-tubulin 1) (Tubulin alpha-1 chain) [Cleaved into: Detyrosinated tubulin alpha-1A chain]","Tuba1a Tuba1"
"1903","GO:0048873","homeostasis of number of cells within a tissue",29,6,0.54,1.4e-05,"NV2t002717001.1","Biological Processes","Tubulin alpha-1A chain (EC 3.6.5.-) (Alpha-tubulin 1) (Tubulin alpha-1 chain) [Cleaved into: Detyrosinated tubulin alpha-1A chain]","Tuba1a Tuba1"
"1904","GO:0048873","homeostasis of number of cells within a tissue",29,6,0.54,1.4e-05,"NV2t002717002.1","Biological Processes","Tubulin alpha-1A chain (EC 3.6.5.-) (Alpha-tubulin 1) (Tubulin alpha-1 chain) [Cleaved into: Detyrosinated tubulin alpha-1A chain]","Tuba1a Tuba1"
"1905","GO:0048873","homeostasis of number of cells within a tissue",29,6,0.54,1.4e-05,"NV2t002719002.1","Biological Processes","Tubulin alpha-1A chain (EC 3.6.5.-) (Alpha-tubulin 1) (Tubulin alpha-1 chain) [Cleaved into: Detyrosinated tubulin alpha-1A chain]","Tuba1a Tuba1"
"1906","GO:0048873","homeostasis of number of cells within a tissue",29,6,0.54,1.4e-05,"NV2t007878001.1","Biological Processes","Tubulin alpha-1A chain (EC 3.6.5.-) (Alpha-tubulin 1) (Tubulin alpha-1 chain) [Cleaved into: Detyrosinated tubulin alpha-1A chain]","Tuba1a Tuba1"
"1907","GO:0048873","homeostasis of number of cells within a tissue",29,6,0.54,1.4e-05,"NV2t007880001.1","Biological Processes","Tubulin alpha-1A chain (EC 3.6.5.-) (Alpha-tubulin 1) (Tubulin alpha-1 chain) [Cleaved into: Detyrosinated tubulin alpha-1A chain]","Tuba1a Tuba1"
"1908","GO:0045429","positive regulation of nitric oxide biosynthetic pr...",18,5,0.34,1.6e-05,"NV2t020404001.1","Biological Processes","Heat shock protein HSP 90-alpha 1","hsp90a.1 hsp90 hsp90a hsp90aa1 zgc:86652"
"1909","GO:0045429","positive regulation of nitric oxide biosynthetic pr...",18,5,0.34,1.6e-05,"NV2t020404002.1","Biological Processes","Heat shock protein HSP 90-alpha 1","hsp90a.1 hsp90 hsp90a hsp90aa1 zgc:86652"
"1910","GO:0045429","positive regulation of nitric oxide biosynthetic pr...",18,5,0.34,1.6e-05,"NV2t020404003.1","Biological Processes","Heat shock protein HSP 90-alpha 1","hsp90a.1 hsp90 hsp90a hsp90aa1 zgc:86652"
"1911","GO:0045429","positive regulation of nitric oxide biosynthetic pr...",18,5,0.34,1.6e-05,"NV2t020404004.1","Biological Processes","Heat shock protein HSP 90-alpha 1","hsp90a.1 hsp90 hsp90a hsp90aa1 zgc:86652"
"1912","GO:0045429","positive regulation of nitric oxide biosynthetic pr...",18,5,0.34,1.6e-05,"NV2t022363001.1","Biological Processes","Amyloid-beta precursor protein (ABPP) (APP) (Alzheimer disease amyloid A4 protein homolog) (Alzheimer disease amyloid protein) (Amyloid precursor protein) (Amyloid-beta (A4) precursor protein) (Amyloid-beta A4 protein) (Amyloidogenic glycoprotein) (AG) [Cleaved into: N-APP; Soluble APP-alpha (S-APP-alpha); Soluble APP-beta (S-APP-beta); C99 (Beta-secretase C-terminal fragment) (Beta-CTF); Amyloid-beta protein 42 (Abeta42) (Beta-APP42); Amyloid-beta protein 40 (Abeta40) (Beta-APP40); C83 (Alpha-secretase C-terminal fragment) (Alpha-CTF); P3(42); P3(40); C80; Gamma-secretase C-terminal fragment 59 (Gamma-CTF(59)); Gamma-secretase C-terminal fragment 57 (Gamma-CTF(57)); Gamma-secretase C-terminal fragment 50 (Gamma-CTF(50)); C31]","App A4 AD1"
"1913","GO:0008344","adult locomotory behavior",69,8,1.29,1.6e-05,"NV2t002714001.1","Biological Processes","Tubulin alpha-1A chain (EC 3.6.5.-) (Alpha-tubulin 1) (Tubulin alpha-1 chain) [Cleaved into: Detyrosinated tubulin alpha-1A chain]","Tuba1a Tuba1"
"1914","GO:0008344","adult locomotory behavior",69,8,1.29,1.6e-05,"NV2t002717001.1","Biological Processes","Tubulin alpha-1A chain (EC 3.6.5.-) (Alpha-tubulin 1) (Tubulin alpha-1 chain) [Cleaved into: Detyrosinated tubulin alpha-1A chain]","Tuba1a Tuba1"
"1915","GO:0008344","adult locomotory behavior",69,8,1.29,1.6e-05,"NV2t002717002.1","Biological Processes","Tubulin alpha-1A chain (EC 3.6.5.-) (Alpha-tubulin 1) (Tubulin alpha-1 chain) [Cleaved into: Detyrosinated tubulin alpha-1A chain]","Tuba1a Tuba1"
"1916","GO:0008344","adult locomotory behavior",69,8,1.29,1.6e-05,"NV2t002719002.1","Biological Processes","Tubulin alpha-1A chain (EC 3.6.5.-) (Alpha-tubulin 1) (Tubulin alpha-1 chain) [Cleaved into: Detyrosinated tubulin alpha-1A chain]","Tuba1a Tuba1"
"1917","GO:0008344","adult locomotory behavior",69,8,1.29,1.6e-05,"NV2t005242003.1","Biological Processes","ATP-dependent chromatin remodeler CHD7 (EC 3.6.4.-) (Chromo domain-containing protein 7) (CHD-7)","Chd7"
"1918","GO:0008344","adult locomotory behavior",69,8,1.29,1.6e-05,"NV2t007878001.1","Biological Processes","Tubulin alpha-1A chain (EC 3.6.5.-) (Alpha-tubulin 1) (Tubulin alpha-1 chain) [Cleaved into: Detyrosinated tubulin alpha-1A chain]","Tuba1a Tuba1"
"1919","GO:0008344","adult locomotory behavior",69,8,1.29,1.6e-05,"NV2t007880001.1","Biological Processes","Tubulin alpha-1A chain (EC 3.6.5.-) (Alpha-tubulin 1) (Tubulin alpha-1 chain) [Cleaved into: Detyrosinated tubulin alpha-1A chain]","Tuba1a Tuba1"
"1920","GO:0008344","adult locomotory behavior",69,8,1.29,1.6e-05,"NV2t022363001.1","Biological Processes","Amyloid-beta precursor protein (ABPP) (APP) (Alzheimer disease amyloid A4 protein homolog) (Alzheimer disease amyloid protein) (Amyloid precursor protein) (Amyloid-beta (A4) precursor protein) (Amyloid-beta A4 protein) (Amyloidogenic glycoprotein) (AG) [Cleaved into: N-APP; Soluble APP-alpha (S-APP-alpha); Soluble APP-beta (S-APP-beta); C99 (Beta-secretase C-terminal fragment) (Beta-CTF); Amyloid-beta protein 42 (Abeta42) (Beta-APP42); Amyloid-beta protein 40 (Abeta40) (Beta-APP40); C83 (Alpha-secretase C-terminal fragment) (Alpha-CTF); P3(42); P3(40); C80; Gamma-secretase C-terminal fragment 59 (Gamma-CTF(59)); Gamma-secretase C-terminal fragment 57 (Gamma-CTF(57)); Gamma-secretase C-terminal fragment 50 (Gamma-CTF(50)); C31]","App A4 AD1"
"1921","GO:0060765","regulation of androgen receptor signaling pathway",18,6,0.34,2.3e-05,"NV2t000946001.1","Biological Processes","SWI/SNF-related matrix-associated actin-dependent regulator of chromatin subfamily A member 4 (SMARCA4) (EC 3.6.4.-) (BRG1-associated factor 190A) (BAF190A) (Mitotic growth and transcription activator) (Protein BRG-1) (Protein brahma homolog 1) (SNF2-beta) (Transcription activator BRG1)","SMARCA4 BAF190A BRG1 SNF2B SNF2L4"
"1922","GO:0060765","regulation of androgen receptor signaling pathway",18,6,0.34,2.3e-05,"NV2t007890001.1","Biological Processes","Probable ATP-dependent RNA helicase DDX5 (EC 3.6.4.13) (DEAD box RNA helicase DEAD1) (mDEAD1) (DEAD box protein 5) (RNA helicase p68)","Ddx5 Tnz2"
"1923","GO:0060765","regulation of androgen receptor signaling pathway",18,6,0.34,2.3e-05,"NV2t007890002.1","Biological Processes","Probable ATP-dependent RNA helicase DDX5 (EC 3.6.4.13) (DEAD box RNA helicase DEAD1) (mDEAD1) (DEAD box protein 5) (RNA helicase p68)","Ddx5 Tnz2"
"1924","GO:0060765","regulation of androgen receptor signaling pathway",18,6,0.34,2.3e-05,"NV2t007890003.1","Biological Processes","Probable ATP-dependent RNA helicase DDX5 (EC 3.6.4.13) (DEAD box RNA helicase DEAD1) (mDEAD1) (DEAD box protein 5) (RNA helicase p68)","Ddx5 Tnz2"
"1925","GO:0060765","regulation of androgen receptor signaling pathway",18,6,0.34,2.3e-05,"NV2t007890004.1","Biological Processes","Probable ATP-dependent RNA helicase DDX5 (EC 3.6.4.13) (DEAD box RNA helicase DEAD1) (mDEAD1) (DEAD box protein 5) (RNA helicase p68)","Ddx5 Tnz2"
"1926","GO:0060765","regulation of androgen receptor signaling pathway",18,6,0.34,2.3e-05,"NV2t023438001.1","Biological Processes","E3 SUMO-protein ligase PIAS2 (EC 2.3.2.-) (Androgen receptor-interacting protein 3) (ARIP3) (DAB2-interacting protein) (DIP) (E3 SUMO-protein transferase PIAS2) (Msx-interacting-zinc finger protein) (Protein inhibitor of activated STAT x) (Protein inhibitor of activated STAT2)","Pias2 Miz1 Piasx"
"1927","GO:0009299","mRNA transcription",32,6,0.6,2.3e-05,"NV2t000699001.1","Biological Processes","Filamin-A (FLN-A) (Actin-binding protein 280) (ABP-280) (Alpha-filamin) (Endothelial actin-binding protein) (Filamin-1) (Non-muscle filamin)","Flna Fln Fln1"
"1928","GO:0009299","mRNA transcription",32,6,0.6,2.3e-05,"NV2t007890001.1","Biological Processes","Probable ATP-dependent RNA helicase DDX5 (EC 3.6.4.13) (DEAD box RNA helicase DEAD1) (mDEAD1) (DEAD box protein 5) (RNA helicase p68)","Ddx5 Tnz2"
"1929","GO:0009299","mRNA transcription",32,6,0.6,2.3e-05,"NV2t007890002.1","Biological Processes","Probable ATP-dependent RNA helicase DDX5 (EC 3.6.4.13) (DEAD box RNA helicase DEAD1) (mDEAD1) (DEAD box protein 5) (RNA helicase p68)","Ddx5 Tnz2"
"1930","GO:0009299","mRNA transcription",32,6,0.6,2.3e-05,"NV2t007890003.1","Biological Processes","Probable ATP-dependent RNA helicase DDX5 (EC 3.6.4.13) (DEAD box RNA helicase DEAD1) (mDEAD1) (DEAD box protein 5) (RNA helicase p68)","Ddx5 Tnz2"
"1931","GO:0009299","mRNA transcription",32,6,0.6,2.3e-05,"NV2t007890004.1","Biological Processes","Probable ATP-dependent RNA helicase DDX5 (EC 3.6.4.13) (DEAD box RNA helicase DEAD1) (mDEAD1) (DEAD box protein 5) (RNA helicase p68)","Ddx5 Tnz2"
"1932","GO:0009299","mRNA transcription",32,6,0.6,2.3e-05,"NV2t022512001.1","Biological Processes","DNA-directed RNA polymerase II subunit RPB1 (RNA polymerase II subunit B1) (EC 2.7.7.6) (DNA-directed RNA polymerase III largest subunit) (RNA polymerase II subunit A)","Polr2A RPB1 RpII215 CG1554"
"1933","GO:0043517","positive regulation of DNA damage response, signal ...",10,4,0.19,2.3e-05,"NV2t007890001.1","Biological Processes","Probable ATP-dependent RNA helicase DDX5 (EC 3.6.4.13) (DEAD box RNA helicase DEAD1) (mDEAD1) (DEAD box protein 5) (RNA helicase p68)","Ddx5 Tnz2"
"1934","GO:0043517","positive regulation of DNA damage response, signal ...",10,4,0.19,2.3e-05,"NV2t007890002.1","Biological Processes","Probable ATP-dependent RNA helicase DDX5 (EC 3.6.4.13) (DEAD box RNA helicase DEAD1) (mDEAD1) (DEAD box protein 5) (RNA helicase p68)","Ddx5 Tnz2"
"1935","GO:0043517","positive regulation of DNA damage response, signal ...",10,4,0.19,2.3e-05,"NV2t007890003.1","Biological Processes","Probable ATP-dependent RNA helicase DDX5 (EC 3.6.4.13) (DEAD box RNA helicase DEAD1) (mDEAD1) (DEAD box protein 5) (RNA helicase p68)","Ddx5 Tnz2"
"1936","GO:0043517","positive regulation of DNA damage response, signal ...",10,4,0.19,2.3e-05,"NV2t007890004.1","Biological Processes","Probable ATP-dependent RNA helicase DDX5 (EC 3.6.4.13) (DEAD box RNA helicase DEAD1) (mDEAD1) (DEAD box protein 5) (RNA helicase p68)","Ddx5 Tnz2"
"1937","GO:0010041","response to iron(III) ion",4,3,0.07,2.6e-05,"NV2t000281002.1","Biological Processes","Glucose-6-phosphate 1-dehydrogenase (G6PD) (EC 1.-.-.-) (EC 1.1.1.49)","G6pdx G6pd"
"1938","GO:0010041","response to iron(III) ion",4,3,0.07,2.6e-05,"NV2t000281003.1","Biological Processes","Glucose-6-phosphate 1-dehydrogenase (G6PD) (EC 1.-.-.-) (EC 1.1.1.49)","G6pdx G6pd"
"1939","GO:0010041","response to iron(III) ion",4,3,0.07,2.6e-05,"NV2t000281008.1","Biological Processes","Glucose-6-phosphate 1-dehydrogenase (G6PD) (EC 1.-.-.-) (EC 1.1.1.49)","G6pdx G6pd"
"1940","GO:0048312","intracellular distribution of mitochondria",20,5,0.37,2.7e-05,"NV2t002880002.1","Biological Processes","UDP-N-acetylglucosamine--peptide N-acetylglucosaminyltransferase 110 kDa subunit (EC 2.4.1.255) (O-GlcNAc transferase subunit p110) (O-linked N-acetylglucosamine transferase 110 kDa subunit) (OGT)","Ogt"
"1941","GO:0048312","intracellular distribution of mitochondria",20,5,0.37,2.7e-05,"NV2t002880003.1","Biological Processes","UDP-N-acetylglucosamine--peptide N-acetylglucosaminyltransferase 110 kDa subunit (EC 2.4.1.255) (O-GlcNAc transferase subunit p110) (O-linked N-acetylglucosamine transferase 110 kDa subunit) (OGT)","Ogt"
"1942","GO:0048312","intracellular distribution of mitochondria",20,5,0.37,2.7e-05,"NV2t002880005.1","Biological Processes","UDP-N-acetylglucosamine--peptide N-acetylglucosaminyltransferase 110 kDa subunit (EC 2.4.1.255) (O-GlcNAc transferase subunit p110) (O-linked N-acetylglucosamine transferase 110 kDa subunit) (OGT)","Ogt"
"1943","GO:0048312","intracellular distribution of mitochondria",20,5,0.37,2.7e-05,"NV2t002880006.1","Biological Processes","UDP-N-acetylglucosamine--peptide N-acetylglucosaminyltransferase 110 kDa subunit (EC 2.4.1.255) (O-GlcNAc transferase subunit p110) (O-linked N-acetylglucosamine transferase 110 kDa subunit) (OGT)","Ogt"
"1944","GO:0048312","intracellular distribution of mitochondria",20,5,0.37,2.7e-05,"NV2t002880007.1","Biological Processes","UDP-N-acetylglucosamine--peptide N-acetylglucosaminyltransferase 110 kDa subunit (EC 2.4.1.255) (O-GlcNAc transferase subunit p110) (O-linked N-acetylglucosamine transferase 110 kDa subunit) (OGT)","Ogt"
"1945","GO:0006622","protein targeting to lysosome",33,6,0.62,3e-05,"NV2t005257001.1","Biological Processes","Sorting nexin-16","SNX16"
"1946","GO:0006622","protein targeting to lysosome",33,6,0.62,3e-05,"NV2t005257002.1","Biological Processes","Sorting nexin-16","SNX16"
"1947","GO:0006622","protein targeting to lysosome",33,6,0.62,3e-05,"NV2t005257003.1","Biological Processes","Sorting nexin-16","SNX16"
"1948","GO:0006622","protein targeting to lysosome",33,6,0.62,3e-05,"NV2t005257004.1","Biological Processes","Sorting nexin-16","SNX16"
"1949","GO:0006622","protein targeting to lysosome",33,6,0.62,3e-05,"NV2t005257005.1","Biological Processes","Sorting nexin-16","SNX16"
"1950","GO:0006622","protein targeting to lysosome",33,6,0.62,3e-05,"NV2t005257006.1","Biological Processes","Sorting nexin-16","SNX16"
"1951","GO:0034612","response to tumor necrosis factor",161,12,3.01,3.3e-05,"NV2t002714001.1","Biological Processes","Tubulin alpha-1A chain (EC 3.6.5.-) (Alpha-tubulin 1) (Tubulin alpha-1 chain) [Cleaved into: Detyrosinated tubulin alpha-1A chain]","Tuba1a Tuba1"
"1952","GO:0034612","response to tumor necrosis factor",161,12,3.01,3.3e-05,"NV2t002717001.1","Biological Processes","Tubulin alpha-1A chain (EC 3.6.5.-) (Alpha-tubulin 1) (Tubulin alpha-1 chain) [Cleaved into: Detyrosinated tubulin alpha-1A chain]","Tuba1a Tuba1"
"1953","GO:0034612","response to tumor necrosis factor",161,12,3.01,3.3e-05,"NV2t002717002.1","Biological Processes","Tubulin alpha-1A chain (EC 3.6.5.-) (Alpha-tubulin 1) (Tubulin alpha-1 chain) [Cleaved into: Detyrosinated tubulin alpha-1A chain]","Tuba1a Tuba1"
"1954","GO:0034612","response to tumor necrosis factor",161,12,3.01,3.3e-05,"NV2t002719002.1","Biological Processes","Tubulin alpha-1A chain (EC 3.6.5.-) (Alpha-tubulin 1) (Tubulin alpha-1 chain) [Cleaved into: Detyrosinated tubulin alpha-1A chain]","Tuba1a Tuba1"
"1955","GO:0034612","response to tumor necrosis factor",161,12,3.01,3.3e-05,"NV2t004603001.1","Biological Processes","Protein FAN (Factor associated with neutral sphingomyelinase activation) (Factor associated with N-SMase activation)","Nsmaf Fan"
"1956","GO:0034612","response to tumor necrosis factor",161,12,3.01,3.3e-05,"NV2t004603002.1","Biological Processes","Protein FAN (Factor associated with neutral sphingomyelinase activation) (Factor associated with N-SMase activation)","Nsmaf Fan"
"1957","GO:0034612","response to tumor necrosis factor",161,12,3.01,3.3e-05,"NV2t004603003.1","Biological Processes","Protein FAN (Factor associated with neutral sphingomyelinase activation) (Factor associated with N-SMase activation)","Nsmaf Fan"
"1958","GO:0034612","response to tumor necrosis factor",161,12,3.01,3.3e-05,"NV2t004603004.1","Biological Processes","Protein FAN (Factor associated with neutral sphingomyelinase activation) (Factor associated with N-SMase activation)","Nsmaf Fan"
"1959","GO:0034612","response to tumor necrosis factor",161,12,3.01,3.3e-05,"NV2t004603005.1","Biological Processes","Protein FAN (Factor associated with neutral sphingomyelinase activation) (Factor associated with N-SMase activation)","Nsmaf Fan"
"1960","GO:0034612","response to tumor necrosis factor",161,12,3.01,3.3e-05,"NV2t004603006.1","Biological Processes","Protein FAN (Factor associated with neutral sphingomyelinase activation) (Factor associated with N-SMase activation)","Nsmaf Fan"
"1961","GO:0034612","response to tumor necrosis factor",161,12,3.01,3.3e-05,"NV2t007878001.1","Biological Processes","Tubulin alpha-1A chain (EC 3.6.5.-) (Alpha-tubulin 1) (Tubulin alpha-1 chain) [Cleaved into: Detyrosinated tubulin alpha-1A chain]","Tuba1a Tuba1"
"1962","GO:0034612","response to tumor necrosis factor",161,12,3.01,3.3e-05,"NV2t007880001.1","Biological Processes","Tubulin alpha-1A chain (EC 3.6.5.-) (Alpha-tubulin 1) (Tubulin alpha-1 chain) [Cleaved into: Detyrosinated tubulin alpha-1A chain]","Tuba1a Tuba1"
"1963","GO:0045793","positive regulation of cell size",21,5,0.39,3.5e-05,"NV2t002880002.1","Biological Processes","UDP-N-acetylglucosamine--peptide N-acetylglucosaminyltransferase 110 kDa subunit (EC 2.4.1.255) (O-GlcNAc transferase subunit p110) (O-linked N-acetylglucosamine transferase 110 kDa subunit) (OGT)","Ogt"
"1964","GO:0045793","positive regulation of cell size",21,5,0.39,3.5e-05,"NV2t002880003.1","Biological Processes","UDP-N-acetylglucosamine--peptide N-acetylglucosaminyltransferase 110 kDa subunit (EC 2.4.1.255) (O-GlcNAc transferase subunit p110) (O-linked N-acetylglucosamine transferase 110 kDa subunit) (OGT)","Ogt"
"1965","GO:0045793","positive regulation of cell size",21,5,0.39,3.5e-05,"NV2t002880005.1","Biological Processes","UDP-N-acetylglucosamine--peptide N-acetylglucosaminyltransferase 110 kDa subunit (EC 2.4.1.255) (O-GlcNAc transferase subunit p110) (O-linked N-acetylglucosamine transferase 110 kDa subunit) (OGT)","Ogt"
"1966","GO:0045793","positive regulation of cell size",21,5,0.39,3.5e-05,"NV2t002880006.1","Biological Processes","UDP-N-acetylglucosamine--peptide N-acetylglucosaminyltransferase 110 kDa subunit (EC 2.4.1.255) (O-GlcNAc transferase subunit p110) (O-linked N-acetylglucosamine transferase 110 kDa subunit) (OGT)","Ogt"
"1967","GO:0045793","positive regulation of cell size",21,5,0.39,3.5e-05,"NV2t002880007.1","Biological Processes","UDP-N-acetylglucosamine--peptide N-acetylglucosaminyltransferase 110 kDa subunit (EC 2.4.1.255) (O-GlcNAc transferase subunit p110) (O-linked N-acetylglucosamine transferase 110 kDa subunit) (OGT)","Ogt"
"1968","GO:0042742","defense response to bacterium",193,12,3.61,3.8e-05,"NV2t000036001.1","Biological Processes","E3 ubiquitin-protein ligase HUWE1 (EC 2.3.2.26) (E3Histone) (HECT, UBA and WWE domain-containing protein 1) (HECT-type E3 ubiquitin transferase HUWE1) (Upstream regulatory element-binding protein 1) (URE-B1) (URE-binding protein 1)","Huwe1 Kiaa0312 Ureb1"
"1969","GO:0042742","defense response to bacterium",193,12,3.61,3.8e-05,"NV2t001600001.1","Biological Processes","Protein kinase C delta type (EC 2.7.11.13) (Tyrosine-protein kinase PRKCD) (EC 2.7.10.2) (nPKC-delta) [Cleaved into: Protein kinase C delta type regulatory subunit; Protein kinase C delta type catalytic subunit (Sphingosine-dependent protein kinase-1) (SDK1)]","PRKCD PKCD"
"1970","GO:0042742","defense response to bacterium",193,12,3.61,3.8e-05,"NV2t001600002.1","Biological Processes","Protein kinase C delta type (EC 2.7.11.13) (Tyrosine-protein kinase PRKCD) (EC 2.7.10.2) (nPKC-delta) [Cleaved into: Protein kinase C delta type regulatory subunit; Protein kinase C delta type catalytic subunit (Sphingosine-dependent protein kinase-1) (SDK1)]","PRKCD PKCD"
"1971","GO:0042742","defense response to bacterium",193,12,3.61,3.8e-05,"NV2t001600003.1","Biological Processes","Protein kinase C delta type (EC 2.7.11.13) (Tyrosine-protein kinase PRKCD) (EC 2.7.10.2) (nPKC-delta) [Cleaved into: Protein kinase C delta type regulatory subunit; Protein kinase C delta type catalytic subunit (Sphingosine-dependent protein kinase-1) (SDK1)]","PRKCD PKCD"
"1972","GO:0042742","defense response to bacterium",193,12,3.61,3.8e-05,"NV2t006280002.1","Biological Processes","Nucleotide-binding oligomerization domain-containing protein 2 (Caspase recruitment domain-containing protein 15)","NOD2 CARD15"
"1973","GO:0042742","defense response to bacterium",193,12,3.61,3.8e-05,"NV2t022077001.1","Biological Processes","Scavenger receptor cysteine-rich domain-containing protein DMBT1 (Deleted in malignant brain tumors 1 protein) (Glycoprotein 340) (Gp-340) (Hensin) (Salivary agglutinin) (SAG) (Surfactant pulmonary-associated D-binding protein)","DMBT1 GP340"
"1974","GO:0042742","defense response to bacterium",193,12,3.61,3.8e-05,"NV2t024841001.1","Biological Processes","Scavenger receptor cysteine-rich domain-containing protein DMBT1 (Deleted in malignant brain tumors 1 protein) (Glycoprotein 340) (Gp-340) (Hensin) (Salivary agglutinin) (SAG) (Surfactant pulmonary-associated D-binding protein)","DMBT1 GP340"
"1975","GO:0042742","defense response to bacterium",193,12,3.61,3.8e-05,"NV2t025221001.1","Biological Processes","E3 ubiquitin-protein ligase RNF213 (EC 2.3.2.27) (EC 3.6.4.-) (E3 ubiquitin-lipopolysaccharide ligase RNF213) (EC 2.3.2.-) (Mysterin) (RING finger protein 213)","Rnf213 Mystr"
"1976","GO:0042742","defense response to bacterium",193,12,3.61,3.8e-05,"NV2t025221002.1","Biological Processes","E3 ubiquitin-protein ligase RNF213 (EC 2.3.2.27) (EC 3.6.4.-) (E3 ubiquitin-lipopolysaccharide ligase RNF213) (EC 2.3.2.-) (Mysterin) (RING finger protein 213)","Rnf213 Mystr"
"1977","GO:0042742","defense response to bacterium",193,12,3.61,3.8e-05,"NV2t025221003.1","Biological Processes","E3 ubiquitin-protein ligase RNF213 (EC 2.3.2.27) (EC 3.6.4.-) (ALK lymphoma oligomerization partner on chromosome 17) (E3 ubiquitin-lipopolysaccharide ligase RNF213) (EC 2.3.2.-) (Mysterin) (RING finger protein 213)","RNF213 ALO17 C17orf27 KIAA1554 KIAA1618 MYSTR"
"1978","GO:0042742","defense response to bacterium",193,12,3.61,3.8e-05,"NV2t025224001.1","Biological Processes","E3 ubiquitin-protein ligase rnf213-alpha (EC 2.3.2.27) (EC 3.6.4.-) (E3 ubiquitin-lipopolysaccharide ligase rnf213-alpha) (EC 2.3.2.-) (Mysterin-A) (Mysterin-alpha) (RING finger protein 213-A) (RING finger protein 213-alpha)","rnf213a"
"1979","GO:0042742","defense response to bacterium",193,12,3.61,3.8e-05,"NV2t025225001.1","Biological Processes","E3 ubiquitin-protein ligase rnf213-alpha (EC 2.3.2.27) (EC 3.6.4.-) (E3 ubiquitin-lipopolysaccharide ligase rnf213-alpha) (EC 2.3.2.-) (Mysterin-A) (Mysterin-alpha) (RING finger protein 213-A) (RING finger protein 213-alpha)","rnf213a"
"1980","GO:0042274","ribosomal small subunit biogenesis",129,10,2.41,4.2e-05,"NV2t000251001.1","Biological Processes","HEAT repeat-containing protein 1 (Protein BAP28)","heatr1 zgc:63510"
"1981","GO:0042274","ribosomal small subunit biogenesis",129,10,2.41,4.2e-05,"NV2t005292001.1","Biological Processes","Small ribosomal subunit protein eS7 (40S ribosomal protein S7)","rps7 zgc:73216"
"1982","GO:0042274","ribosomal small subunit biogenesis",129,10,2.41,4.2e-05,"NV2t005947001.1","Biological Processes","Small ribosomal subunit protein eS8 (40S ribosomal protein S8)","RpS8"
"1983","GO:0042274","ribosomal small subunit biogenesis",129,10,2.41,4.2e-05,"NV2t006921001.1","Biological Processes","Small ribosomal subunit protein uS2 (40S ribosomal protein SA)","v1g198553"
"1984","GO:0042274","ribosomal small subunit biogenesis",129,10,2.41,4.2e-05,"NV2t007223001.1","Biological Processes","Small ribosomal subunit protein uS8 (40S ribosomal protein S15a)","Rps15a"
"1985","GO:0042274","ribosomal small subunit biogenesis",129,10,2.41,4.2e-05,"NV2t007223002.1","Biological Processes","Small ribosomal subunit protein uS8 (40S ribosomal protein S15a)","Rps15a"
"1986","GO:0042274","ribosomal small subunit biogenesis",129,10,2.41,4.2e-05,"NV2t007223003.1","Biological Processes","Small ribosomal subunit protein uS8 (40S ribosomal protein S15a)","Rps15a"
"1987","GO:0042274","ribosomal small subunit biogenesis",129,10,2.41,4.2e-05,"NV2t007821001.1","Biological Processes","Small ribosomal subunit protein uS4 (40S ribosomal protein S9)","Rps9"
"1988","GO:0042274","ribosomal small subunit biogenesis",129,10,2.41,4.2e-05,"NV2t020473001.1","Biological Processes","Ubiquitin-ribosomal protein eS31 fusion protein (Ubiquitin carboxyl extension protein 80) [Cleaved into: Ubiquitin; Small ribosomal subunit protein eS31 (40S ribosomal protein S27a)]","RPS27A UBA80"
"1989","GO:0042274","ribosomal small subunit biogenesis",129,10,2.41,4.2e-05,"NV2t021794001.1","Biological Processes","Small ribosomal subunit protein eS19 (40S ribosomal protein S19)","RPS19"
"1990","GO:2000573","positive regulation of DNA biosynthetic process",35,6,0.65,4.2e-05,"NV2t025357001.1","Biological Processes","Spliceosome RNA helicase Ddx39b (EC 3.6.4.13) (56 kDa U2AF65-associated protein) (ATP-dependent RNA helicase p47) (DEAD box protein Uap56)","Ddx39b Bat1 Bat1a Uap56"
"1991","GO:2000573","positive regulation of DNA biosynthetic process",35,6,0.65,4.2e-05,"NV2t025357002.1","Biological Processes","Spliceosome RNA helicase Ddx39b (EC 3.6.4.13) (56 kDa U2AF65-associated protein) (ATP-dependent RNA helicase p47) (DEAD box protein Uap56)","Ddx39b Bat1 Bat1a Uap56"
"1992","GO:2000573","positive regulation of DNA biosynthetic process",35,6,0.65,4.2e-05,"NV2t025357003.1","Biological Processes","Spliceosome RNA helicase Ddx39b (EC 3.6.4.13) (56 kDa U2AF65-associated protein) (ATP-dependent RNA helicase p47) (DEAD box protein Uap56)","Ddx39b Bat1 Bat1a Uap56"
"1993","GO:2000573","positive regulation of DNA biosynthetic process",35,6,0.65,4.2e-05,"NV2t025357004.1","Biological Processes","Spliceosome RNA helicase Ddx39b (EC 3.6.4.13) (56 kDa U2AF65-associated protein) (ATP-dependent RNA helicase p47) (DEAD box protein Uap56)","Ddx39b Bat1 Bat1a Uap56"
"1994","GO:2000573","positive regulation of DNA biosynthetic process",35,6,0.65,4.2e-05,"NV2t025357005.1","Biological Processes","Spliceosome RNA helicase Ddx39b (EC 3.6.4.13) (56 kDa U2AF65-associated protein) (ATP-dependent RNA helicase p47) (DEAD box protein Uap56)","Ddx39b Bat1 Bat1a Uap56"
"1995","GO:2000573","positive regulation of DNA biosynthetic process",35,6,0.65,4.2e-05,"NV2t025357006.1","Biological Processes","Spliceosome RNA helicase Ddx39b (EC 3.6.4.13) (56 kDa U2AF65-associated protein) (ATP-dependent RNA helicase p47) (DEAD box protein Uap56)","Ddx39b Bat1 Bat1a Uap56"
"1996","GO:0033137","negative regulation of peptidyl-serine phosphorylat...",22,5,0.41,4.5e-05,"NV2t002880002.1","Biological Processes","UDP-N-acetylglucosamine--peptide N-acetylglucosaminyltransferase 110 kDa subunit (EC 2.4.1.255) (O-GlcNAc transferase subunit p110) (O-linked N-acetylglucosamine transferase 110 kDa subunit) (OGT)","Ogt"
"1997","GO:0033137","negative regulation of peptidyl-serine phosphorylat...",22,5,0.41,4.5e-05,"NV2t002880003.1","Biological Processes","UDP-N-acetylglucosamine--peptide N-acetylglucosaminyltransferase 110 kDa subunit (EC 2.4.1.255) (O-GlcNAc transferase subunit p110) (O-linked N-acetylglucosamine transferase 110 kDa subunit) (OGT)","Ogt"
"1998","GO:0033137","negative regulation of peptidyl-serine phosphorylat...",22,5,0.41,4.5e-05,"NV2t002880005.1","Biological Processes","UDP-N-acetylglucosamine--peptide N-acetylglucosaminyltransferase 110 kDa subunit (EC 2.4.1.255) (O-GlcNAc transferase subunit p110) (O-linked N-acetylglucosamine transferase 110 kDa subunit) (OGT)","Ogt"
"1999","GO:0033137","negative regulation of peptidyl-serine phosphorylat...",22,5,0.41,4.5e-05,"NV2t002880006.1","Biological Processes","UDP-N-acetylglucosamine--peptide N-acetylglucosaminyltransferase 110 kDa subunit (EC 2.4.1.255) (O-GlcNAc transferase subunit p110) (O-linked N-acetylglucosamine transferase 110 kDa subunit) (OGT)","Ogt"
"2000","GO:0033137","negative regulation of peptidyl-serine phosphorylat...",22,5,0.41,4.5e-05,"NV2t002880007.1","Biological Processes","UDP-N-acetylglucosamine--peptide N-acetylglucosaminyltransferase 110 kDa subunit (EC 2.4.1.255) (O-GlcNAc transferase subunit p110) (O-linked N-acetylglucosamine transferase 110 kDa subunit) (OGT)","Ogt"
"2001","GO:1900038","negative regulation of cellular response to hypoxia",23,5,0.43,5.7e-05,"NV2t002880002.1","Biological Processes","UDP-N-acetylglucosamine--peptide N-acetylglucosaminyltransferase 110 kDa subunit (EC 2.4.1.255) (O-GlcNAc transferase subunit p110) (O-linked N-acetylglucosamine transferase 110 kDa subunit) (OGT)","Ogt"
"2002","GO:1900038","negative regulation of cellular response to hypoxia",23,5,0.43,5.7e-05,"NV2t002880003.1","Biological Processes","UDP-N-acetylglucosamine--peptide N-acetylglucosaminyltransferase 110 kDa subunit (EC 2.4.1.255) (O-GlcNAc transferase subunit p110) (O-linked N-acetylglucosamine transferase 110 kDa subunit) (OGT)","Ogt"
"2003","GO:1900038","negative regulation of cellular response to hypoxia",23,5,0.43,5.7e-05,"NV2t002880005.1","Biological Processes","UDP-N-acetylglucosamine--peptide N-acetylglucosaminyltransferase 110 kDa subunit (EC 2.4.1.255) (O-GlcNAc transferase subunit p110) (O-linked N-acetylglucosamine transferase 110 kDa subunit) (OGT)","Ogt"
"2004","GO:1900038","negative regulation of cellular response to hypoxia",23,5,0.43,5.7e-05,"NV2t002880006.1","Biological Processes","UDP-N-acetylglucosamine--peptide N-acetylglucosaminyltransferase 110 kDa subunit (EC 2.4.1.255) (O-GlcNAc transferase subunit p110) (O-linked N-acetylglucosamine transferase 110 kDa subunit) (OGT)","Ogt"
"2005","GO:1900038","negative regulation of cellular response to hypoxia",23,5,0.43,5.7e-05,"NV2t002880007.1","Biological Processes","UDP-N-acetylglucosamine--peptide N-acetylglucosaminyltransferase 110 kDa subunit (EC 2.4.1.255) (O-GlcNAc transferase subunit p110) (O-linked N-acetylglucosamine transferase 110 kDa subunit) (OGT)","Ogt"
"2006","GO:2000651","positive regulation of sodium ion transmembrane tra...",5,3,0.09,6.3e-05,"NV2t001891001.1","Biological Processes","Serine/threonine-protein kinase WNK3 (EC 2.7.11.1) (Protein kinase lysine-deficient 3) (Protein kinase with no lysine 3)","Wnk3"
"2007","GO:2000651","positive regulation of sodium ion transmembrane tra...",5,3,0.09,6.3e-05,"NV2t001891002.1","Biological Processes","Serine/threonine-protein kinase WNK3 (EC 2.7.11.1) (Protein kinase lysine-deficient 3) (Protein kinase with no lysine 3)","Wnk3"
"2008","GO:2000651","positive regulation of sodium ion transmembrane tra...",5,3,0.09,6.3e-05,"NV2t001891003.1","Biological Processes","Serine/threonine-protein kinase WNK3 (EC 2.7.11.1) (Protein kinase lysine-deficient 3) (Protein kinase with no lysine 3)","Wnk3"
"2009","GO:0030240","skeletal muscle thin filament assembly",38,6,0.71,6.8e-05,"NV2t001273001.1","Biological Processes","Titin (EC 2.7.11.1) (Connectin) (Rhabdomyosarcoma antigen MU-RMS-40.14)","TTN"
"2010","GO:0030240","skeletal muscle thin filament assembly",38,6,0.71,6.8e-05,"NV2t001273003.1","Biological Processes","Titin (EC 2.7.11.1) (Connectin) (Rhabdomyosarcoma antigen MU-RMS-40.14)","TTN"
"2011","GO:0030240","skeletal muscle thin filament assembly",38,6,0.71,6.8e-05,"NV2t020404001.1","Biological Processes","Heat shock protein HSP 90-alpha 1","hsp90a.1 hsp90 hsp90a hsp90aa1 zgc:86652"
"2012","GO:0030240","skeletal muscle thin filament assembly",38,6,0.71,6.8e-05,"NV2t020404002.1","Biological Processes","Heat shock protein HSP 90-alpha 1","hsp90a.1 hsp90 hsp90a hsp90aa1 zgc:86652"
"2013","GO:0030240","skeletal muscle thin filament assembly",38,6,0.71,6.8e-05,"NV2t020404003.1","Biological Processes","Heat shock protein HSP 90-alpha 1","hsp90a.1 hsp90 hsp90a hsp90aa1 zgc:86652"
"2014","GO:0030240","skeletal muscle thin filament assembly",38,6,0.71,6.8e-05,"NV2t020404004.1","Biological Processes","Heat shock protein HSP 90-alpha 1","hsp90a.1 hsp90 hsp90a hsp90aa1 zgc:86652"
"2015","GO:0048769","sarcomerogenesis",38,6,0.71,6.8e-05,"NV2t001273001.1","Biological Processes","Titin (EC 2.7.11.1) (Connectin) (Rhabdomyosarcoma antigen MU-RMS-40.14)","TTN"
"2016","GO:0048769","sarcomerogenesis",38,6,0.71,6.8e-05,"NV2t001273003.1","Biological Processes","Titin (EC 2.7.11.1) (Connectin) (Rhabdomyosarcoma antigen MU-RMS-40.14)","TTN"
"2017","GO:0048769","sarcomerogenesis",38,6,0.71,6.8e-05,"NV2t020404001.1","Biological Processes","Heat shock protein HSP 90-alpha 1","hsp90a.1 hsp90 hsp90a hsp90aa1 zgc:86652"
"2018","GO:0048769","sarcomerogenesis",38,6,0.71,6.8e-05,"NV2t020404002.1","Biological Processes","Heat shock protein HSP 90-alpha 1","hsp90a.1 hsp90 hsp90a hsp90aa1 zgc:86652"
"2019","GO:0048769","sarcomerogenesis",38,6,0.71,6.8e-05,"NV2t020404003.1","Biological Processes","Heat shock protein HSP 90-alpha 1","hsp90a.1 hsp90 hsp90a hsp90aa1 zgc:86652"
"2020","GO:0048769","sarcomerogenesis",38,6,0.71,6.8e-05,"NV2t020404004.1","Biological Processes","Heat shock protein HSP 90-alpha 1","hsp90a.1 hsp90 hsp90a hsp90aa1 zgc:86652"
"2021","GO:0045022","early endosome to late endosome transport",55,7,1.03,7.1e-05,"NV2t000699001.1","Biological Processes","Filamin-A (FLN-A) (Actin-binding protein 280) (ABP-280) (Alpha-filamin) (Endothelial actin-binding protein) (Filamin-1) (Non-muscle filamin)","Flna Fln Fln1"
"2022","GO:0045022","early endosome to late endosome transport",55,7,1.03,7.1e-05,"NV2t005257001.1","Biological Processes","Sorting nexin-16","SNX16"
"2023","GO:0045022","early endosome to late endosome transport",55,7,1.03,7.1e-05,"NV2t005257002.1","Biological Processes","Sorting nexin-16","SNX16"
"2024","GO:0045022","early endosome to late endosome transport",55,7,1.03,7.1e-05,"NV2t005257003.1","Biological Processes","Sorting nexin-16","SNX16"
"2025","GO:0045022","early endosome to late endosome transport",55,7,1.03,7.1e-05,"NV2t005257004.1","Biological Processes","Sorting nexin-16","SNX16"
"2026","GO:0045022","early endosome to late endosome transport",55,7,1.03,7.1e-05,"NV2t005257005.1","Biological Processes","Sorting nexin-16","SNX16"
"2027","GO:0045022","early endosome to late endosome transport",55,7,1.03,7.1e-05,"NV2t005257006.1","Biological Processes","Sorting nexin-16","SNX16"
"2028","GO:0032930","positive regulation of superoxide anion generation",13,4,0.24,7.5e-05,"NV2t001600001.1","Biological Processes","Protein kinase C delta type (EC 2.7.11.13) (Tyrosine-protein kinase PRKCD) (EC 2.7.10.2) (nPKC-delta) [Cleaved into: Protein kinase C delta type regulatory subunit; Protein kinase C delta type catalytic subunit (Sphingosine-dependent protein kinase-1) (SDK1)]","PRKCD PKCD"
"2029","GO:0032930","positive regulation of superoxide anion generation",13,4,0.24,7.5e-05,"NV2t001600002.1","Biological Processes","Protein kinase C delta type (EC 2.7.11.13) (Tyrosine-protein kinase PRKCD) (EC 2.7.10.2) (nPKC-delta) [Cleaved into: Protein kinase C delta type regulatory subunit; Protein kinase C delta type catalytic subunit (Sphingosine-dependent protein kinase-1) (SDK1)]","PRKCD PKCD"
"2030","GO:0032930","positive regulation of superoxide anion generation",13,4,0.24,7.5e-05,"NV2t001600003.1","Biological Processes","Protein kinase C delta type (EC 2.7.11.13) (Tyrosine-protein kinase PRKCD) (EC 2.7.10.2) (nPKC-delta) [Cleaved into: Protein kinase C delta type regulatory subunit; Protein kinase C delta type catalytic subunit (Sphingosine-dependent protein kinase-1) (SDK1)]","PRKCD PKCD"
"2031","GO:0032930","positive regulation of superoxide anion generation",13,4,0.24,7.5e-05,"NV2t022363001.1","Biological Processes","Amyloid-beta precursor protein (ABPP) (APP) (Alzheimer disease amyloid A4 protein homolog) (Alzheimer disease amyloid protein) (Amyloid precursor protein) (Amyloid-beta (A4) precursor protein) (Amyloid-beta A4 protein) (Amyloidogenic glycoprotein) (AG) [Cleaved into: N-APP; Soluble APP-alpha (S-APP-alpha); Soluble APP-beta (S-APP-beta); C99 (Beta-secretase C-terminal fragment) (Beta-CTF); Amyloid-beta protein 42 (Abeta42) (Beta-APP42); Amyloid-beta protein 40 (Abeta40) (Beta-APP40); C83 (Alpha-secretase C-terminal fragment) (Alpha-CTF); P3(42); P3(40); C80; Gamma-secretase C-terminal fragment 59 (Gamma-CTF(59)); Gamma-secretase C-terminal fragment 57 (Gamma-CTF(57)); Gamma-secretase C-terminal fragment 50 (Gamma-CTF(50)); C31]","App A4 AD1"
"2032","GO:0000245","spliceosomal complex assembly",126,8,2.35,9.1e-05,"NV2t023582001.1","Biological Processes","KH homology domain-containing protein 4 (Brings lots of money 7) (Pre-mRNA splicing factor protein khdc4)","khdc4 blom7"
"2033","GO:0000245","spliceosomal complex assembly",126,8,2.35,9.1e-05,"NV2t023582002.1","Biological Processes","KH homology domain-containing protein 4 (Brings lots of money 7) (Pre-mRNA splicing factor protein khdc4)","khdc4 blom7"
"2034","GO:0000245","spliceosomal complex assembly",126,8,2.35,9.1e-05,"NV2t025357001.1","Biological Processes","Spliceosome RNA helicase Ddx39b (EC 3.6.4.13) (56 kDa U2AF65-associated protein) (ATP-dependent RNA helicase p47) (DEAD box protein Uap56)","Ddx39b Bat1 Bat1a Uap56"
"2035","GO:0000245","spliceosomal complex assembly",126,8,2.35,9.1e-05,"NV2t025357002.1","Biological Processes","Spliceosome RNA helicase Ddx39b (EC 3.6.4.13) (56 kDa U2AF65-associated protein) (ATP-dependent RNA helicase p47) (DEAD box protein Uap56)","Ddx39b Bat1 Bat1a Uap56"
"2036","GO:0000245","spliceosomal complex assembly",126,8,2.35,9.1e-05,"NV2t025357003.1","Biological Processes","Spliceosome RNA helicase Ddx39b (EC 3.6.4.13) (56 kDa U2AF65-associated protein) (ATP-dependent RNA helicase p47) (DEAD box protein Uap56)","Ddx39b Bat1 Bat1a Uap56"
"2037","GO:0000245","spliceosomal complex assembly",126,8,2.35,9.1e-05,"NV2t025357004.1","Biological Processes","Spliceosome RNA helicase Ddx39b (EC 3.6.4.13) (56 kDa U2AF65-associated protein) (ATP-dependent RNA helicase p47) (DEAD box protein Uap56)","Ddx39b Bat1 Bat1a Uap56"
"2038","GO:0000245","spliceosomal complex assembly",126,8,2.35,9.1e-05,"NV2t025357005.1","Biological Processes","Spliceosome RNA helicase Ddx39b (EC 3.6.4.13) (56 kDa U2AF65-associated protein) (ATP-dependent RNA helicase p47) (DEAD box protein Uap56)","Ddx39b Bat1 Bat1a Uap56"
"2039","GO:0000245","spliceosomal complex assembly",126,8,2.35,9.1e-05,"NV2t025357006.1","Biological Processes","Spliceosome RNA helicase Ddx39b (EC 3.6.4.13) (56 kDa U2AF65-associated protein) (ATP-dependent RNA helicase p47) (DEAD box protein Uap56)","Ddx39b Bat1 Bat1a Uap56"
"2040","GO:1903428","positive regulation of reactive oxygen species bios...",26,5,0.49,0.00011,"NV2t002880002.1","Biological Processes","UDP-N-acetylglucosamine--peptide N-acetylglucosaminyltransferase 110 kDa subunit (EC 2.4.1.255) (O-GlcNAc transferase subunit p110) (O-linked N-acetylglucosamine transferase 110 kDa subunit) (OGT)","Ogt"
"2041","GO:1903428","positive regulation of reactive oxygen species bios...",26,5,0.49,0.00011,"NV2t002880003.1","Biological Processes","UDP-N-acetylglucosamine--peptide N-acetylglucosaminyltransferase 110 kDa subunit (EC 2.4.1.255) (O-GlcNAc transferase subunit p110) (O-linked N-acetylglucosamine transferase 110 kDa subunit) (OGT)","Ogt"
"2042","GO:1903428","positive regulation of reactive oxygen species bios...",26,5,0.49,0.00011,"NV2t002880005.1","Biological Processes","UDP-N-acetylglucosamine--peptide N-acetylglucosaminyltransferase 110 kDa subunit (EC 2.4.1.255) (O-GlcNAc transferase subunit p110) (O-linked N-acetylglucosamine transferase 110 kDa subunit) (OGT)","Ogt"
"2043","GO:1903428","positive regulation of reactive oxygen species bios...",26,5,0.49,0.00011,"NV2t002880006.1","Biological Processes","UDP-N-acetylglucosamine--peptide N-acetylglucosaminyltransferase 110 kDa subunit (EC 2.4.1.255) (O-GlcNAc transferase subunit p110) (O-linked N-acetylglucosamine transferase 110 kDa subunit) (OGT)","Ogt"
"2044","GO:1903428","positive regulation of reactive oxygen species bios...",26,5,0.49,0.00011,"NV2t002880007.1","Biological Processes","UDP-N-acetylglucosamine--peptide N-acetylglucosaminyltransferase 110 kDa subunit (EC 2.4.1.255) (O-GlcNAc transferase subunit p110) (O-linked N-acetylglucosamine transferase 110 kDa subunit) (OGT)","Ogt"
"2045","GO:1902459","positive regulation of stem cell population mainten...",26,5,0.49,0.00011,"NV2t000946001.1","Biological Processes","SWI/SNF-related matrix-associated actin-dependent regulator of chromatin subfamily A member 4 (SMARCA4) (EC 3.6.4.-) (BRG1-associated factor 190A) (BAF190A) (Mitotic growth and transcription activator) (Protein BRG-1) (Protein brahma homolog 1) (SNF2-beta) (Transcription activator BRG1)","SMARCA4 BAF190A BRG1 SNF2B SNF2L4"
"2046","GO:1902459","positive regulation of stem cell population mainten...",26,5,0.49,0.00011,"NV2t002880003.1","Biological Processes","UDP-N-acetylglucosamine--peptide N-acetylglucosaminyltransferase 110 kDa subunit (EC 2.4.1.255) (O-GlcNAc transferase subunit p110) (O-linked N-acetylglucosamine transferase 110 kDa subunit) (OGT)","Ogt"
"2047","GO:1902459","positive regulation of stem cell population mainten...",26,5,0.49,0.00011,"NV2t002880005.1","Biological Processes","UDP-N-acetylglucosamine--peptide N-acetylglucosaminyltransferase 110 kDa subunit (EC 2.4.1.255) (O-GlcNAc transferase subunit p110) (O-linked N-acetylglucosamine transferase 110 kDa subunit) (OGT)","Ogt"
"2048","GO:1902459","positive regulation of stem cell population mainten...",26,5,0.49,0.00011,"NV2t002880006.1","Biological Processes","UDP-N-acetylglucosamine--peptide N-acetylglucosaminyltransferase 110 kDa subunit (EC 2.4.1.255) (O-GlcNAc transferase subunit p110) (O-linked N-acetylglucosamine transferase 110 kDa subunit) (OGT)","Ogt"
"2049","GO:1902459","positive regulation of stem cell population mainten...",26,5,0.49,0.00011,"NV2t002880007.1","Biological Processes","UDP-N-acetylglucosamine--peptide N-acetylglucosaminyltransferase 110 kDa subunit (EC 2.4.1.255) (O-GlcNAc transferase subunit p110) (O-linked N-acetylglucosamine transferase 110 kDa subunit) (OGT)","Ogt"
"2050","GO:0006914","autophagy",604,24,11.29,0.00012,"NV2t000036001.1","Biological Processes","E3 ubiquitin-protein ligase HUWE1 (EC 2.3.2.26) (E3Histone) (HECT, UBA and WWE domain-containing protein 1) (HECT-type E3 ubiquitin transferase HUWE1) (Upstream regulatory element-binding protein 1) (URE-B1) (URE-binding protein 1)","Huwe1 Kiaa0312 Ureb1"
"2051","GO:0006914","autophagy",604,24,11.29,0.00012,"NV2t000036002.1","Biological Processes","E3 ubiquitin-protein ligase HUWE1 (EC 2.3.2.26) (ARF-binding protein 1) (ARF-BP1) (HECT, UBA and WWE domain-containing protein 1) (HECT-type E3 ubiquitin transferase HUWE1) (Homologous to E6AP carboxyl terminus homologous protein 9) (HectH9) (Large structure of UREB1) (LASU1) (Mcl-1 ubiquitin ligase E3) (Mule) (Upstream regulatory element-binding protein 1) (URE-B1) (URE-binding protein 1)","HUWE1 KIAA0312 KIAA1578 UREB1 HSPC272"
"2052","GO:0006914","autophagy",604,24,11.29,0.00012,"NV2t002068001.1","Biological Processes","Transitional endoplasmic reticulum ATPase (TER ATPase) (EC 3.6.4.6) (15S Mg(2+)-ATPase p97 subunit) (p97) (Valosin-containing protein) (VCP)","vcp"
"2053","GO:0006914","autophagy",604,24,11.29,0.00012,"NV2t002880002.1","Biological Processes","UDP-N-acetylglucosamine--peptide N-acetylglucosaminyltransferase 110 kDa subunit (EC 2.4.1.255) (O-GlcNAc transferase subunit p110) (O-linked N-acetylglucosamine transferase 110 kDa subunit) (OGT)","Ogt"
"2054","GO:0006914","autophagy",604,24,11.29,0.00012,"NV2t002880003.1","Biological Processes","UDP-N-acetylglucosamine--peptide N-acetylglucosaminyltransferase 110 kDa subunit (EC 2.4.1.255) (O-GlcNAc transferase subunit p110) (O-linked N-acetylglucosamine transferase 110 kDa subunit) (OGT)","Ogt"
"2055","GO:0006914","autophagy",604,24,11.29,0.00012,"NV2t002880005.1","Biological Processes","UDP-N-acetylglucosamine--peptide N-acetylglucosaminyltransferase 110 kDa subunit (EC 2.4.1.255) (O-GlcNAc transferase subunit p110) (O-linked N-acetylglucosamine transferase 110 kDa subunit) (OGT)","Ogt"
"2056","GO:0006914","autophagy",604,24,11.29,0.00012,"NV2t002880006.1","Biological Processes","UDP-N-acetylglucosamine--peptide N-acetylglucosaminyltransferase 110 kDa subunit (EC 2.4.1.255) (O-GlcNAc transferase subunit p110) (O-linked N-acetylglucosamine transferase 110 kDa subunit) (OGT)","Ogt"
"2057","GO:0006914","autophagy",604,24,11.29,0.00012,"NV2t002880007.1","Biological Processes","UDP-N-acetylglucosamine--peptide N-acetylglucosaminyltransferase 110 kDa subunit (EC 2.4.1.255) (O-GlcNAc transferase subunit p110) (O-linked N-acetylglucosamine transferase 110 kDa subunit) (OGT)","Ogt"
"2058","GO:0006914","autophagy",604,24,11.29,0.00012,"NV2t006280002.1","Biological Processes","Nucleotide-binding oligomerization domain-containing protein 2 (Caspase recruitment domain-containing protein 15)","NOD2 CARD15"
"2059","GO:0006914","autophagy",604,24,11.29,0.00012,"NV2t007638001.1","Biological Processes","WD repeat domain phosphoinositide-interacting protein 2 (WIPI-2)","WIPI2 RCJMB04_35d18"
"2060","GO:0006914","autophagy",604,24,11.29,0.00012,"NV2t021615001.1","Biological Processes","Glycogen synthase kinase-3 beta (GSK-3 beta) (EC 2.7.11.26) (Serine/threonine-protein kinase GSK3B) (EC 2.7.11.1)","GSK3B"
"2061","GO:0006914","autophagy",604,24,11.29,0.00012,"NV2t023331002.1","Biological Processes","Protein Aster-A (GRAM domain-containing protein 1A)","GRAMD1A KIAA1533"
"2062","GO:0006914","autophagy",604,24,11.29,0.00012,"NV2t023331003.1","Biological Processes","Protein Aster-A (GRAM domain-containing protein 1A)","GRAMD1A KIAA1533"
"2063","GO:0006914","autophagy",604,24,11.29,0.00012,"NV2t023331004.1","Biological Processes","Protein Aster-A (EG1RVC) (GRAM domain-containing protein 1A)","Gramd1a"
"2064","GO:0006914","autophagy",604,24,11.29,0.00012,"NV2t023331005.1","Biological Processes","Protein Aster-A (GRAM domain-containing protein 1A)","GRAMD1A KIAA1533"
"2065","GO:0006914","autophagy",604,24,11.29,0.00012,"NV2t023331006.1","Biological Processes","Protein Aster-A (GRAM domain-containing protein 1A)","GRAMD1A KIAA1533"
"2066","GO:0006914","autophagy",604,24,11.29,0.00012,"NV2t023331007.1","Biological Processes","Protein Aster-A (GRAM domain-containing protein 1A)","GRAMD1A KIAA1533"
"2067","GO:0006914","autophagy",604,24,11.29,0.00012,"NV2t023331008.1","Biological Processes","Protein Aster-A (GRAM domain-containing protein 1A)","GRAMD1A KIAA1533"
"2068","GO:0006914","autophagy",604,24,11.29,0.00012,"NV2t023331009.1","Biological Processes","Protein Aster-A (GRAM domain-containing protein 1A)","Gramd1a D7Bwg0611e Kiaa1533"
"2069","GO:0006914","autophagy",604,24,11.29,0.00012,"NV2t025221001.1","Biological Processes","E3 ubiquitin-protein ligase RNF213 (EC 2.3.2.27) (EC 3.6.4.-) (E3 ubiquitin-lipopolysaccharide ligase RNF213) (EC 2.3.2.-) (Mysterin) (RING finger protein 213)","Rnf213 Mystr"
"2070","GO:0006914","autophagy",604,24,11.29,0.00012,"NV2t025221002.1","Biological Processes","E3 ubiquitin-protein ligase RNF213 (EC 2.3.2.27) (EC 3.6.4.-) (E3 ubiquitin-lipopolysaccharide ligase RNF213) (EC 2.3.2.-) (Mysterin) (RING finger protein 213)","Rnf213 Mystr"
"2071","GO:0006914","autophagy",604,24,11.29,0.00012,"NV2t025221003.1","Biological Processes","E3 ubiquitin-protein ligase RNF213 (EC 2.3.2.27) (EC 3.6.4.-) (ALK lymphoma oligomerization partner on chromosome 17) (E3 ubiquitin-lipopolysaccharide ligase RNF213) (EC 2.3.2.-) (Mysterin) (RING finger protein 213)","RNF213 ALO17 C17orf27 KIAA1554 KIAA1618 MYSTR"
"2072","GO:0006914","autophagy",604,24,11.29,0.00012,"NV2t025224001.1","Biological Processes","E3 ubiquitin-protein ligase rnf213-alpha (EC 2.3.2.27) (EC 3.6.4.-) (E3 ubiquitin-lipopolysaccharide ligase rnf213-alpha) (EC 2.3.2.-) (Mysterin-A) (Mysterin-alpha) (RING finger protein 213-A) (RING finger protein 213-alpha)","rnf213a"
"2073","GO:0006914","autophagy",604,24,11.29,0.00012,"NV2t025225001.1","Biological Processes","E3 ubiquitin-protein ligase rnf213-alpha (EC 2.3.2.27) (EC 3.6.4.-) (E3 ubiquitin-lipopolysaccharide ligase rnf213-alpha) (EC 2.3.2.-) (Mysterin-A) (Mysterin-alpha) (RING finger protein 213-A) (RING finger protein 213-alpha)","rnf213a"
"2074","GO:0051490","negative regulation of filopodium assembly",6,3,0.11,0.00012,"NV2t001600001.1","Biological Processes","Protein kinase C delta type (EC 2.7.11.13) (Tyrosine-protein kinase PRKCD) (EC 2.7.10.2) (nPKC-delta) [Cleaved into: Protein kinase C delta type regulatory subunit; Protein kinase C delta type catalytic subunit (Sphingosine-dependent protein kinase-1) (SDK1)]","PRKCD PKCD"
"2075","GO:0051490","negative regulation of filopodium assembly",6,3,0.11,0.00012,"NV2t001600002.1","Biological Processes","Protein kinase C delta type (EC 2.7.11.13) (Tyrosine-protein kinase PRKCD) (EC 2.7.10.2) (nPKC-delta) [Cleaved into: Protein kinase C delta type regulatory subunit; Protein kinase C delta type catalytic subunit (Sphingosine-dependent protein kinase-1) (SDK1)]","PRKCD PKCD"
"2076","GO:0051490","negative regulation of filopodium assembly",6,3,0.11,0.00012,"NV2t001600003.1","Biological Processes","Protein kinase C delta type (EC 2.7.11.13) (Tyrosine-protein kinase PRKCD) (EC 2.7.10.2) (nPKC-delta) [Cleaved into: Protein kinase C delta type regulatory subunit; Protein kinase C delta type catalytic subunit (Sphingosine-dependent protein kinase-1) (SDK1)]","PRKCD PKCD"
"2077","GO:0023021","termination of signal transduction",6,3,0.11,0.00012,"NV2t001600001.1","Biological Processes","Protein kinase C delta type (EC 2.7.11.13) (Tyrosine-protein kinase PRKCD) (EC 2.7.10.2) (nPKC-delta) [Cleaved into: Protein kinase C delta type regulatory subunit; Protein kinase C delta type catalytic subunit (Sphingosine-dependent protein kinase-1) (SDK1)]","PRKCD PKCD"
"2078","GO:0023021","termination of signal transduction",6,3,0.11,0.00012,"NV2t001600002.1","Biological Processes","Protein kinase C delta type (EC 2.7.11.13) (Tyrosine-protein kinase PRKCD) (EC 2.7.10.2) (nPKC-delta) [Cleaved into: Protein kinase C delta type regulatory subunit; Protein kinase C delta type catalytic subunit (Sphingosine-dependent protein kinase-1) (SDK1)]","PRKCD PKCD"
"2079","GO:0023021","termination of signal transduction",6,3,0.11,0.00012,"NV2t001600003.1","Biological Processes","Protein kinase C delta type (EC 2.7.11.13) (Tyrosine-protein kinase PRKCD) (EC 2.7.10.2) (nPKC-delta) [Cleaved into: Protein kinase C delta type regulatory subunit; Protein kinase C delta type catalytic subunit (Sphingosine-dependent protein kinase-1) (SDK1)]","PRKCD PKCD"
"2080","GO:2000304","positive regulation of ceramide biosynthetic proces...",6,3,0.11,0.00012,"NV2t001600001.1","Biological Processes","Protein kinase C delta type (EC 2.7.11.13) (Tyrosine-protein kinase PRKCD) (EC 2.7.10.2) (nPKC-delta) [Cleaved into: Protein kinase C delta type regulatory subunit; Protein kinase C delta type catalytic subunit (Sphingosine-dependent protein kinase-1) (SDK1)]","PRKCD PKCD"
"2081","GO:2000304","positive regulation of ceramide biosynthetic proces...",6,3,0.11,0.00012,"NV2t001600002.1","Biological Processes","Protein kinase C delta type (EC 2.7.11.13) (Tyrosine-protein kinase PRKCD) (EC 2.7.10.2) (nPKC-delta) [Cleaved into: Protein kinase C delta type regulatory subunit; Protein kinase C delta type catalytic subunit (Sphingosine-dependent protein kinase-1) (SDK1)]","PRKCD PKCD"
"2082","GO:2000304","positive regulation of ceramide biosynthetic proces...",6,3,0.11,0.00012,"NV2t001600003.1","Biological Processes","Protein kinase C delta type (EC 2.7.11.13) (Tyrosine-protein kinase PRKCD) (EC 2.7.10.2) (nPKC-delta) [Cleaved into: Protein kinase C delta type regulatory subunit; Protein kinase C delta type catalytic subunit (Sphingosine-dependent protein kinase-1) (SDK1)]","PRKCD PKCD"
"2083","GO:0046390","ribose phosphate biosynthetic process",153,4,2.86,0.00013,"NV2t000281002.1","Biological Processes","Glucose-6-phosphate 1-dehydrogenase (G6PD) (EC 1.-.-.-) (EC 1.1.1.49)","G6pdx G6pd"
"2084","GO:0046390","ribose phosphate biosynthetic process",153,4,2.86,0.00013,"NV2t000281003.1","Biological Processes","Glucose-6-phosphate 1-dehydrogenase (G6PD) (EC 1.-.-.-) (EC 1.1.1.49)","G6pdx G6pd"
"2085","GO:0046390","ribose phosphate biosynthetic process",153,4,2.86,0.00013,"NV2t000281008.1","Biological Processes","Glucose-6-phosphate 1-dehydrogenase (G6PD) (EC 1.-.-.-) (EC 1.1.1.49)","G6pdx G6pd"
"2086","GO:0046390","ribose phosphate biosynthetic process",153,4,2.86,0.00013,"NV2t007076001.1","Biological Processes","Acyl carrier protein, mitochondrial (ACP) (CI-SDAP) (NADH-ubiquinone oxidoreductase 9.6 kDa subunit)","Ndufab1"
"2087","GO:0043488","regulation of mRNA stability",188,11,3.51,0.00013,"NV2t001600001.1","Biological Processes","Protein kinase C delta type (EC 2.7.11.13) (Tyrosine-protein kinase PRKCD) (EC 2.7.10.2) (nPKC-delta) [Cleaved into: Protein kinase C delta type regulatory subunit; Protein kinase C delta type catalytic subunit (Sphingosine-dependent protein kinase-1) (SDK1)]","PRKCD PKCD"
"2088","GO:0043488","regulation of mRNA stability",188,11,3.51,0.00013,"NV2t001600002.1","Biological Processes","Protein kinase C delta type (EC 2.7.11.13) (Tyrosine-protein kinase PRKCD) (EC 2.7.10.2) (nPKC-delta) [Cleaved into: Protein kinase C delta type regulatory subunit; Protein kinase C delta type catalytic subunit (Sphingosine-dependent protein kinase-1) (SDK1)]","PRKCD PKCD"
"2089","GO:0043488","regulation of mRNA stability",188,11,3.51,0.00013,"NV2t001600003.1","Biological Processes","Protein kinase C delta type (EC 2.7.11.13) (Tyrosine-protein kinase PRKCD) (EC 2.7.10.2) (nPKC-delta) [Cleaved into: Protein kinase C delta type regulatory subunit; Protein kinase C delta type catalytic subunit (Sphingosine-dependent protein kinase-1) (SDK1)]","PRKCD PKCD"
"2090","GO:0043488","regulation of mRNA stability",188,11,3.51,0.00013,"NV2t005899003.1","Biological Processes","Polyadenylate-binding protein 1 (PABP-1) (Poly(A)-binding protein 1)","Pabpc1 Pabp1"
"2091","GO:0043488","regulation of mRNA stability",188,11,3.51,0.00013,"NV2t005899006.1","Biological Processes","Polyadenylate-binding protein 1 (PABP-1) (Poly(A)-binding protein 1)","Pabpc1 Pabp1"
"2092","GO:0043488","regulation of mRNA stability",188,11,3.51,0.00013,"NV2t005899009.1","Biological Processes","Polyadenylate-binding protein 1-A (PABP-1-A) (Poly(A)-binding protein 1-A) (xPABP1-A) (Cytoplasmic poly(A)-binding protein 1-A)","pabpc1-a pabp pabp1"
"2093","GO:0043488","regulation of mRNA stability",188,11,3.51,0.00013,"NV2t005899024.1","Biological Processes","Polyadenylate-binding protein 1 (PABP-1) (Poly(A)-binding protein 1)","Pabpc1 Pabp1"
"2094","GO:0043488","regulation of mRNA stability",188,11,3.51,0.00013,"NV2t005965001.1","Biological Processes","Probable ribonuclease ZC3H12C (EC 3.1.-.-) (Zinc finger CCCH domain-containing protein 12C)","Zc3h12c Kiaa1726"
"2095","GO:0043488","regulation of mRNA stability",188,11,3.51,0.00013,"NV2t005965002.1","Biological Processes","Probable ribonuclease ZC3H12D (EC 3.1.-.-) (MCP-induced protein 4) (Transformed follicular lymphoma) (Zinc finger CCCH domain-containing protein 12D) (p34)","ZC3H12D C6orf95 MCPIP4 TFL"
"2096","GO:0043488","regulation of mRNA stability",188,11,3.51,0.00013,"NV2t005965003.1","Biological Processes","Probable ribonuclease ZC3H12D (EC 3.1.-.-) (MCP-induced protein 4) (Transformed follicular lymphoma) (Zinc finger CCCH domain-containing protein 12D) (p34)","ZC3H12D C6orf95 MCPIP4 TFL"
"2097","GO:0043488","regulation of mRNA stability",188,11,3.51,0.00013,"NV2t020356001.1","Biological Processes","Protein Smaug homolog 1 (Smaug 1) (Sterile alpha motif domain-containing protein 4A)","samd4a smaug1"
"2098","GO:0070269","pyroptotic inflammatory response",15,4,0.28,0.00014,"NV2t002880003.1","Biological Processes","UDP-N-acetylglucosamine--peptide N-acetylglucosaminyltransferase 110 kDa subunit (EC 2.4.1.255) (O-GlcNAc transferase subunit p110) (O-linked N-acetylglucosamine transferase 110 kDa subunit) (OGT)","Ogt"
"2099","GO:0070269","pyroptotic inflammatory response",15,4,0.28,0.00014,"NV2t002880005.1","Biological Processes","UDP-N-acetylglucosamine--peptide N-acetylglucosaminyltransferase 110 kDa subunit (EC 2.4.1.255) (O-GlcNAc transferase subunit p110) (O-linked N-acetylglucosamine transferase 110 kDa subunit) (OGT)","Ogt"
"2100","GO:0070269","pyroptotic inflammatory response",15,4,0.28,0.00014,"NV2t002880006.1","Biological Processes","UDP-N-acetylglucosamine--peptide N-acetylglucosaminyltransferase 110 kDa subunit (EC 2.4.1.255) (O-GlcNAc transferase subunit p110) (O-linked N-acetylglucosamine transferase 110 kDa subunit) (OGT)","Ogt"
"2101","GO:0070269","pyroptotic inflammatory response",15,4,0.28,0.00014,"NV2t002880007.1","Biological Processes","UDP-N-acetylglucosamine--peptide N-acetylglucosaminyltransferase 110 kDa subunit (EC 2.4.1.255) (O-GlcNAc transferase subunit p110) (O-linked N-acetylglucosamine transferase 110 kDa subunit) (OGT)","Ogt"
"2102","GO:0060213","positive regulation of nuclear-transcribed mRNA pol...",15,4,0.28,0.00014,"NV2t005899003.1","Biological Processes","Polyadenylate-binding protein 1 (PABP-1) (Poly(A)-binding protein 1)","Pabpc1 Pabp1"
"2103","GO:0060213","positive regulation of nuclear-transcribed mRNA pol...",15,4,0.28,0.00014,"NV2t005899006.1","Biological Processes","Polyadenylate-binding protein 1 (PABP-1) (Poly(A)-binding protein 1)","Pabpc1 Pabp1"
"2104","GO:0060213","positive regulation of nuclear-transcribed mRNA pol...",15,4,0.28,0.00014,"NV2t005899009.1","Biological Processes","Polyadenylate-binding protein 1-A (PABP-1-A) (Poly(A)-binding protein 1-A) (xPABP1-A) (Cytoplasmic poly(A)-binding protein 1-A)","pabpc1-a pabp pabp1"
"2105","GO:0060213","positive regulation of nuclear-transcribed mRNA pol...",15,4,0.28,0.00014,"NV2t005899024.1","Biological Processes","Polyadenylate-binding protein 1 (PABP-1) (Poly(A)-binding protein 1)","Pabpc1 Pabp1"
"2106","GO:1902455","negative regulation of stem cell population mainten...",15,4,0.28,0.00014,"NV2t002880003.1","Biological Processes","UDP-N-acetylglucosamine--peptide N-acetylglucosaminyltransferase 110 kDa subunit (EC 2.4.1.255) (O-GlcNAc transferase subunit p110) (O-linked N-acetylglucosamine transferase 110 kDa subunit) (OGT)","Ogt"
"2107","GO:1902455","negative regulation of stem cell population mainten...",15,4,0.28,0.00014,"NV2t002880005.1","Biological Processes","UDP-N-acetylglucosamine--peptide N-acetylglucosaminyltransferase 110 kDa subunit (EC 2.4.1.255) (O-GlcNAc transferase subunit p110) (O-linked N-acetylglucosamine transferase 110 kDa subunit) (OGT)","Ogt"
"2108","GO:1902455","negative regulation of stem cell population mainten...",15,4,0.28,0.00014,"NV2t002880006.1","Biological Processes","UDP-N-acetylglucosamine--peptide N-acetylglucosaminyltransferase 110 kDa subunit (EC 2.4.1.255) (O-GlcNAc transferase subunit p110) (O-linked N-acetylglucosamine transferase 110 kDa subunit) (OGT)","Ogt"
"2109","GO:1902455","negative regulation of stem cell population mainten...",15,4,0.28,0.00014,"NV2t002880007.1","Biological Processes","UDP-N-acetylglucosamine--peptide N-acetylglucosaminyltransferase 110 kDa subunit (EC 2.4.1.255) (O-GlcNAc transferase subunit p110) (O-linked N-acetylglucosamine transferase 110 kDa subunit) (OGT)","Ogt"
"2110","GO:0075523","viral translational frameshifting",28,5,0.52,0.00015,"NV2t001671002.1","Biological Processes","Gag-Pol polyprotein (Pr160Gag-Pol) [Cleaved into: Matrix protein p17 (MA); Capsid protein p24 (CA); Spacer peptide 1 (SP1) (p2); Nucleocapsid protein p7 (NC); Transframe peptide (TF); p6-pol (p6*); Protease (EC 3.4.23.16) (PR) (Retropepsin); Reverse transcriptase/ribonuclease H (EC 2.7.7.49) (EC 2.7.7.7) (EC 3.1.26.13) (Exoribonuclease H) (EC 3.1.13.2) (p66 RT); p51 RT; p15; Integrase (IN) (EC 2.7.7.-) (EC 3.1.-.-)]","gag-pol"
"2111","GO:0075523","viral translational frameshifting",28,5,0.52,0.00015,"NV2t001671003.1","Biological Processes","Gag-Pol polyprotein (Pr160Gag-Pol) [Cleaved into: Matrix protein p17 (MA); Capsid protein p24 (CA); Spacer peptide 1 (SP1) (p2); Nucleocapsid protein p7 (NC); Transframe peptide (TF); p6-pol (p6*); Protease (EC 3.4.23.16) (PR) (Retropepsin); Reverse transcriptase/ribonuclease H (EC 2.7.7.49) (EC 2.7.7.7) (EC 3.1.26.13) (Exoribonuclease H) (EC 3.1.13.2) (p66 RT); p51 RT; p15; Integrase (IN) (EC 2.7.7.-) (EC 3.1.-.-)]","gag-pol"
"2112","GO:0075523","viral translational frameshifting",28,5,0.52,0.00015,"NV2t022633001.1","Biological Processes","Transposon Ty3-G Gag-Pol polyprotein (Gag3-Pol3) (Transposon Ty3-1 TYA-TYB polyprotein) [Cleaved into: Capsid protein (CA) (p24); Spacer peptide p3; Nucleocapsid protein p11 (NC); Ty3 protease (PR) (EC 3.4.23.-) (p16); Spacer peptide J; Reverse transcriptase/ribonuclease H (RT) (RT-RH) (EC 2.7.7.49) (EC 2.7.7.7) (EC 3.1.26.4) (p55); Integrase p61 (IN); Integrase p58 (IN)]","TY3B-G YGRWTy3-1 POL YGR109W-B G5984"
"2113","GO:0075523","viral translational frameshifting",28,5,0.52,0.00015,"NV2t022833001.1","Biological Processes","Transposon Ty3-I Gag-Pol polyprotein (Gag3-Pol3) (Transposon Ty3-2 TYA-TYB polyprotein) [Cleaved into: Capsid protein (CA) (p24); Spacer peptide p3; Nucleocapsid protein p11 (NC); Ty3 protease (PR) (EC 3.4.23.-) (p16); Spacer peptide J; Reverse transcriptase/ribonuclease H (RT) (RT-RH) (EC 2.7.7.49) (EC 2.7.7.7) (EC 3.1.26.4) (p55); Integrase p52 (IN); Integrase p49 (IN)]","TY3B-I YILWTy3-1 POL YIL082W-A"
"2114","GO:0075523","viral translational frameshifting",28,5,0.52,0.00015,"NV2t024556001.1","Biological Processes","Transposon Ty3-I Gag-Pol polyprotein (Gag3-Pol3) (Transposon Ty3-2 TYA-TYB polyprotein) [Cleaved into: Capsid protein (CA) (p24); Spacer peptide p3; Nucleocapsid protein p11 (NC); Ty3 protease (PR) (EC 3.4.23.-) (p16); Spacer peptide J; Reverse transcriptase/ribonuclease H (RT) (RT-RH) (EC 2.7.7.49) (EC 2.7.7.7) (EC 3.1.26.4) (p55); Integrase p52 (IN); Integrase p49 (IN)]","TY3B-I YILWTy3-1 POL YIL082W-A"
"2115","GO:0140042","lipid droplet formation",28,5,0.52,0.00015,"NV2t025221001.1","Biological Processes","E3 ubiquitin-protein ligase RNF213 (EC 2.3.2.27) (EC 3.6.4.-) (E3 ubiquitin-lipopolysaccharide ligase RNF213) (EC 2.3.2.-) (Mysterin) (RING finger protein 213)","Rnf213 Mystr"
"2116","GO:0140042","lipid droplet formation",28,5,0.52,0.00015,"NV2t025221002.1","Biological Processes","E3 ubiquitin-protein ligase RNF213 (EC 2.3.2.27) (EC 3.6.4.-) (E3 ubiquitin-lipopolysaccharide ligase RNF213) (EC 2.3.2.-) (Mysterin) (RING finger protein 213)","Rnf213 Mystr"
"2117","GO:0140042","lipid droplet formation",28,5,0.52,0.00015,"NV2t025221003.1","Biological Processes","E3 ubiquitin-protein ligase RNF213 (EC 2.3.2.27) (EC 3.6.4.-) (ALK lymphoma oligomerization partner on chromosome 17) (E3 ubiquitin-lipopolysaccharide ligase RNF213) (EC 2.3.2.-) (Mysterin) (RING finger protein 213)","RNF213 ALO17 C17orf27 KIAA1554 KIAA1618 MYSTR"
"2118","GO:0140042","lipid droplet formation",28,5,0.52,0.00015,"NV2t025224001.1","Biological Processes","E3 ubiquitin-protein ligase rnf213-alpha (EC 2.3.2.27) (EC 3.6.4.-) (E3 ubiquitin-lipopolysaccharide ligase rnf213-alpha) (EC 2.3.2.-) (Mysterin-A) (Mysterin-alpha) (RING finger protein 213-A) (RING finger protein 213-alpha)","rnf213a"
"2119","GO:0140042","lipid droplet formation",28,5,0.52,0.00015,"NV2t025225001.1","Biological Processes","E3 ubiquitin-protein ligase rnf213-alpha (EC 2.3.2.27) (EC 3.6.4.-) (E3 ubiquitin-lipopolysaccharide ligase rnf213-alpha) (EC 2.3.2.-) (Mysterin-A) (Mysterin-alpha) (RING finger protein 213-A) (RING finger protein 213-alpha)","rnf213a"
"2120","GO:0030241","skeletal muscle myosin thick filament assembly",44,6,0.82,0.00016,"NV2t001273001.1","Biological Processes","Titin (EC 2.7.11.1) (Connectin) (Rhabdomyosarcoma antigen MU-RMS-40.14)","TTN"
"2121","GO:0030241","skeletal muscle myosin thick filament assembly",44,6,0.82,0.00016,"NV2t001273003.1","Biological Processes","Titin (EC 2.7.11.1) (Connectin) (Rhabdomyosarcoma antigen MU-RMS-40.14)","TTN"
"2122","GO:0030241","skeletal muscle myosin thick filament assembly",44,6,0.82,0.00016,"NV2t020404001.1","Biological Processes","Heat shock protein HSP 90-alpha 1","hsp90a.1 hsp90 hsp90a hsp90aa1 zgc:86652"
"2123","GO:0030241","skeletal muscle myosin thick filament assembly",44,6,0.82,0.00016,"NV2t020404002.1","Biological Processes","Heat shock protein HSP 90-alpha 1","hsp90a.1 hsp90 hsp90a hsp90aa1 zgc:86652"
"2124","GO:0030241","skeletal muscle myosin thick filament assembly",44,6,0.82,0.00016,"NV2t020404003.1","Biological Processes","Heat shock protein HSP 90-alpha 1","hsp90a.1 hsp90 hsp90a hsp90aa1 zgc:86652"
"2125","GO:0030241","skeletal muscle myosin thick filament assembly",44,6,0.82,0.00016,"NV2t020404004.1","Biological Processes","Heat shock protein HSP 90-alpha 1","hsp90a.1 hsp90 hsp90a hsp90aa1 zgc:86652"
"2126","GO:1904707","positive regulation of vascular associated smooth m...",44,6,0.82,0.00016,"NV2t025357001.1","Biological Processes","Spliceosome RNA helicase Ddx39b (EC 3.6.4.13) (56 kDa U2AF65-associated protein) (ATP-dependent RNA helicase p47) (DEAD box protein Uap56)","Ddx39b Bat1 Bat1a Uap56"
"2127","GO:1904707","positive regulation of vascular associated smooth m...",44,6,0.82,0.00016,"NV2t025357002.1","Biological Processes","Spliceosome RNA helicase Ddx39b (EC 3.6.4.13) (56 kDa U2AF65-associated protein) (ATP-dependent RNA helicase p47) (DEAD box protein Uap56)","Ddx39b Bat1 Bat1a Uap56"
"2128","GO:1904707","positive regulation of vascular associated smooth m...",44,6,0.82,0.00016,"NV2t025357003.1","Biological Processes","Spliceosome RNA helicase Ddx39b (EC 3.6.4.13) (56 kDa U2AF65-associated protein) (ATP-dependent RNA helicase p47) (DEAD box protein Uap56)","Ddx39b Bat1 Bat1a Uap56"
"2129","GO:1904707","positive regulation of vascular associated smooth m...",44,6,0.82,0.00016,"NV2t025357004.1","Biological Processes","Spliceosome RNA helicase Ddx39b (EC 3.6.4.13) (56 kDa U2AF65-associated protein) (ATP-dependent RNA helicase p47) (DEAD box protein Uap56)","Ddx39b Bat1 Bat1a Uap56"
"2130","GO:1904707","positive regulation of vascular associated smooth m...",44,6,0.82,0.00016,"NV2t025357005.1","Biological Processes","Spliceosome RNA helicase Ddx39b (EC 3.6.4.13) (56 kDa U2AF65-associated protein) (ATP-dependent RNA helicase p47) (DEAD box protein Uap56)","Ddx39b Bat1 Bat1a Uap56"
"2131","GO:1904707","positive regulation of vascular associated smooth m...",44,6,0.82,0.00016,"NV2t025357006.1","Biological Processes","Spliceosome RNA helicase Ddx39b (EC 3.6.4.13) (56 kDa U2AF65-associated protein) (ATP-dependent RNA helicase p47) (DEAD box protein Uap56)","Ddx39b Bat1 Bat1a Uap56"
"2132","GO:0000278","mitotic cell cycle",1107,33,20.69,0.00018,"NV2t000699001.1","Biological Processes","Filamin-A (FLN-A) (Actin-binding protein 280) (ABP-280) (Alpha-filamin) (Endothelial actin-binding protein) (Filamin-1) (Non-muscle filamin)","Flna Fln Fln1"
"2133","GO:0000278","mitotic cell cycle",1107,33,20.69,0.00018,"NV2t000946001.1","Biological Processes","SWI/SNF-related matrix-associated actin-dependent regulator of chromatin subfamily A member 4 (SMARCA4) (EC 3.6.4.-) (BRG1-associated factor 190A) (BAF190A) (Mitotic growth and transcription activator) (Protein BRG-1) (Protein brahma homolog 1) (SNF2-beta) (Transcription activator BRG1)","SMARCA4 BAF190A BRG1 SNF2B SNF2L4"
"2134","GO:0000278","mitotic cell cycle",1107,33,20.69,0.00018,"NV2t001273001.1","Biological Processes","Titin (EC 2.7.11.1) (Connectin) (Rhabdomyosarcoma antigen MU-RMS-40.14)","TTN"
"2135","GO:0000278","mitotic cell cycle",1107,33,20.69,0.00018,"NV2t001273003.1","Biological Processes","Titin (EC 2.7.11.1) (Connectin) (Rhabdomyosarcoma antigen MU-RMS-40.14)","TTN"
"2136","GO:0000278","mitotic cell cycle",1107,33,20.69,0.00018,"NV2t002068001.1","Biological Processes","Transitional endoplasmic reticulum ATPase (TER ATPase) (EC 3.6.4.6) (15S Mg(2+)-ATPase p97 subunit) (p97) (Valosin-containing protein) (VCP)","vcp"
"2137","GO:0000278","mitotic cell cycle",1107,33,20.69,0.00018,"NV2t002714001.1","Biological Processes","Tubulin alpha-1A chain (EC 3.6.5.-) (Alpha-tubulin 1) (Tubulin alpha-1 chain) [Cleaved into: Detyrosinated tubulin alpha-1A chain]","Tuba1a Tuba1"
"2138","GO:0000278","mitotic cell cycle",1107,33,20.69,0.00018,"NV2t002717001.1","Biological Processes","Tubulin alpha-1A chain (EC 3.6.5.-) (Alpha-tubulin 1) (Tubulin alpha-1 chain) [Cleaved into: Detyrosinated tubulin alpha-1A chain]","Tuba1a Tuba1"
"2139","GO:0000278","mitotic cell cycle",1107,33,20.69,0.00018,"NV2t002717002.1","Biological Processes","Tubulin alpha-1A chain (EC 3.6.5.-) (Alpha-tubulin 1) (Tubulin alpha-1 chain) [Cleaved into: Detyrosinated tubulin alpha-1A chain]","Tuba1a Tuba1"
"2140","GO:0000278","mitotic cell cycle",1107,33,20.69,0.00018,"NV2t002718001.1","Biological Processes","Tubulin alpha chain (EC 3.6.5.-) [Cleaved into: Detyrosinated tubulin alpha chain]","tuba tuba1"
"2141","GO:0000278","mitotic cell cycle",1107,33,20.69,0.00018,"NV2t002719002.1","Biological Processes","Tubulin alpha-1A chain (EC 3.6.5.-) (Alpha-tubulin 1) (Tubulin alpha-1 chain) [Cleaved into: Detyrosinated tubulin alpha-1A chain]","Tuba1a Tuba1"
"2142","GO:0000278","mitotic cell cycle",1107,33,20.69,0.00018,"NV2t003145001.1","Biological Processes","Tubulin alpha-3 chain (EC 3.6.5.-) (Alpha-tubulin 3) [Cleaved into: Detyrosinated tubulin alpha-3 chain]","Tuba3a Tuba3; Tuba3b Tuba3"
"2143","GO:0000278","mitotic cell cycle",1107,33,20.69,0.00018,"NV2t003262001.1","Biological Processes","Germ cell nuclear acidic protein (Acidic repeat-containing protein) (Germ cell nuclear acidic peptidase)","gcna acrc"
"2144","GO:0000278","mitotic cell cycle",1107,33,20.69,0.00018,"NV2t003262002.1","Biological Processes","Germ cell nuclear acidic protein (Acidic repeat-containing protein) (Germ cell nuclear acidic peptidase)","gcna acrc"
"2145","GO:0000278","mitotic cell cycle",1107,33,20.69,0.00018,"NV2t003262003.1","Biological Processes","Germ cell nuclear acidic protein (Acidic repeat-containing protein) (Germ cell nuclear acidic peptidase)","gcna acrc"
"2146","GO:0000278","mitotic cell cycle",1107,33,20.69,0.00018,"NV2t003955001.1","Biological Processes","ATP-dependent DNA helicase hus2/rqh1 (EC 5.6.2.4) (DNA 3'-5' helicase Rqh1)","rqh1 hus2 rad12 rec9 SPAC2G11.12"
"2147","GO:0000278","mitotic cell cycle",1107,33,20.69,0.00018,"NV2t004228001.1","Biological Processes","Targeting protein for Xklp2 homolog (TPX2 homolog) (Microtubule-associated protein TPX2 homolog)","TPX2"
"2148","GO:0000278","mitotic cell cycle",1107,33,20.69,0.00018,"NV2t004905001.1","Biological Processes","Retinoblastoma-like protein 1 (107 kDa retinoblastoma-associated protein) (p107) (pRb1)","RBL1"
"2149","GO:0000278","mitotic cell cycle",1107,33,20.69,0.00018,"NV2t004905002.1","Biological Processes","Retinoblastoma-like protein 1 (107 kDa retinoblastoma-associated protein) (p107) (pRb1)","RBL1"
"2150","GO:0000278","mitotic cell cycle",1107,33,20.69,0.00018,"NV2t004905003.1","Biological Processes","Retinoblastoma-like protein 1 (107 kDa retinoblastoma-associated protein) (p107) (pRb1)","RBL1"
"2151","GO:0000278","mitotic cell cycle",1107,33,20.69,0.00018,"NV2t005086002.1","Biological Processes","Centrosomal protein of 192 kDa (Cep192) (Cep192/SPD-2)","CEP192 KIAA1569 PP8407"
"2152","GO:0000278","mitotic cell cycle",1107,33,20.69,0.00018,"NV2t005166001.1","Biological Processes","Heat shock factor protein 1 (HSF 1) (HSF 3A) (HSTF 3A) (Heat shock transcription factor 1) (HSTF 1)","HSF1"
"2153","GO:0000278","mitotic cell cycle",1107,33,20.69,0.00018,"NV2t005166002.1","Biological Processes","Heat shock factor protein 1 (HSF 1) (HSF 3A) (HSTF 3A) (Heat shock transcription factor 1) (HSTF 1)","HSF1"
"2154","GO:0000278","mitotic cell cycle",1107,33,20.69,0.00018,"NV2t005653001.1","Biological Processes","Tetratricopeptide repeat protein 28 (TPR repeat protein 28) (TPR repeat-containing big gene cloned at Keio)","TTC28 KIAA1043 TPRBK"
"2155","GO:0000278","mitotic cell cycle",1107,33,20.69,0.00018,"NV2t005695001.1","Biological Processes","Tetratricopeptide repeat protein 28 (TPR repeat protein 28) (TPR repeat-containing big gene cloned at Keio)","TTC28 KIAA1043 TPRBK"
"2156","GO:0000278","mitotic cell cycle",1107,33,20.69,0.00018,"NV2t005965002.1","Biological Processes","Probable ribonuclease ZC3H12D (EC 3.1.-.-) (MCP-induced protein 4) (Transformed follicular lymphoma) (Zinc finger CCCH domain-containing protein 12D) (p34)","ZC3H12D C6orf95 MCPIP4 TFL"
"2157","GO:0000278","mitotic cell cycle",1107,33,20.69,0.00018,"NV2t005965003.1","Biological Processes","Probable ribonuclease ZC3H12D (EC 3.1.-.-) (MCP-induced protein 4) (Transformed follicular lymphoma) (Zinc finger CCCH domain-containing protein 12D) (p34)","ZC3H12D C6orf95 MCPIP4 TFL"
"2158","GO:0000278","mitotic cell cycle",1107,33,20.69,0.00018,"NV2t007410001.1","Biological Processes","Myosin-10 (Cellular myosin heavy chain, type B) (Myosin heavy chain 10) (Myosin heavy chain, non-muscle IIb) (Non-muscle myosin heavy chain B) (NMMHC-B) (Non-muscle myosin heavy chain IIb) (NMMHC II-b) (NMMHC-IIB)","MYH10"
"2159","GO:0000278","mitotic cell cycle",1107,33,20.69,0.00018,"NV2t007410002.1","Biological Processes","Myosin-10 (Cellular myosin heavy chain, type B) (Myosin heavy chain 10) (Myosin heavy chain, non-muscle IIb) (Non-muscle myosin heavy chain B) (NMMHC-B) (Non-muscle myosin heavy chain IIb) (NMMHC II-b) (NMMHC-IIB)","Myh10"
"2160","GO:0000278","mitotic cell cycle",1107,33,20.69,0.00018,"NV2t007878001.1","Biological Processes","Tubulin alpha-1A chain (EC 3.6.5.-) (Alpha-tubulin 1) (Tubulin alpha-1 chain) [Cleaved into: Detyrosinated tubulin alpha-1A chain]","Tuba1a Tuba1"
"2161","GO:0000278","mitotic cell cycle",1107,33,20.69,0.00018,"NV2t007880001.1","Biological Processes","Tubulin alpha-1A chain (EC 3.6.5.-) (Alpha-tubulin 1) (Tubulin alpha-1 chain) [Cleaved into: Detyrosinated tubulin alpha-1A chain]","Tuba1a Tuba1"
"2162","GO:0000278","mitotic cell cycle",1107,33,20.69,0.00018,"NV2t022248001.1","Biological Processes","Tetratricopeptide repeat protein 28 (TPR repeat protein 28) (TPR repeat-containing big gene cloned at Keio)","TTC28 KIAA1043 TPRBK"
"2163","GO:0000278","mitotic cell cycle",1107,33,20.69,0.00018,"NV2t022363001.1","Biological Processes","Amyloid-beta precursor protein (ABPP) (APP) (Alzheimer disease amyloid A4 protein homolog) (Alzheimer disease amyloid protein) (Amyloid precursor protein) (Amyloid-beta (A4) precursor protein) (Amyloid-beta A4 protein) (Amyloidogenic glycoprotein) (AG) [Cleaved into: N-APP; Soluble APP-alpha (S-APP-alpha); Soluble APP-beta (S-APP-beta); C99 (Beta-secretase C-terminal fragment) (Beta-CTF); Amyloid-beta protein 42 (Abeta42) (Beta-APP42); Amyloid-beta protein 40 (Abeta40) (Beta-APP40); C83 (Alpha-secretase C-terminal fragment) (Alpha-CTF); P3(42); P3(40); C80; Gamma-secretase C-terminal fragment 59 (Gamma-CTF(59)); Gamma-secretase C-terminal fragment 57 (Gamma-CTF(57)); Gamma-secretase C-terminal fragment 50 (Gamma-CTF(50)); C31]","App A4 AD1"
"2164","GO:0000278","mitotic cell cycle",1107,33,20.69,0.00018,"NV2t023727001.1","Biological Processes","Exocyst complex component 5 (Exocyst complex component Sec10) (hSec10)","EXOC5 SEC10 SEC10L1"
"2165","GO:0006741","NADP biosynthetic process",7,3,0.13,0.00021,"NV2t000281002.1","Biological Processes","Glucose-6-phosphate 1-dehydrogenase (G6PD) (EC 1.-.-.-) (EC 1.1.1.49)","G6pdx G6pd"
"2166","GO:0006741","NADP biosynthetic process",7,3,0.13,0.00021,"NV2t000281003.1","Biological Processes","Glucose-6-phosphate 1-dehydrogenase (G6PD) (EC 1.-.-.-) (EC 1.1.1.49)","G6pdx G6pd"
"2167","GO:0006741","NADP biosynthetic process",7,3,0.13,0.00021,"NV2t000281008.1","Biological Processes","Glucose-6-phosphate 1-dehydrogenase (G6PD) (EC 1.-.-.-) (EC 1.1.1.49)","G6pdx G6pd"
"2168","GO:0071277","cellular response to calcium ion",87,8,1.63,0.00022,"NV2t002714001.1","Biological Processes","Tubulin alpha-1A chain (EC 3.6.5.-) (Alpha-tubulin 1) (Tubulin alpha-1 chain) [Cleaved into: Detyrosinated tubulin alpha-1A chain]","Tuba1a Tuba1"
"2169","GO:0071277","cellular response to calcium ion",87,8,1.63,0.00022,"NV2t002717001.1","Biological Processes","Tubulin alpha-1A chain (EC 3.6.5.-) (Alpha-tubulin 1) (Tubulin alpha-1 chain) [Cleaved into: Detyrosinated tubulin alpha-1A chain]","Tuba1a Tuba1"
"2170","GO:0071277","cellular response to calcium ion",87,8,1.63,0.00022,"NV2t002717002.1","Biological Processes","Tubulin alpha-1A chain (EC 3.6.5.-) (Alpha-tubulin 1) (Tubulin alpha-1 chain) [Cleaved into: Detyrosinated tubulin alpha-1A chain]","Tuba1a Tuba1"
"2171","GO:0071277","cellular response to calcium ion",87,8,1.63,0.00022,"NV2t002719002.1","Biological Processes","Tubulin alpha-1A chain (EC 3.6.5.-) (Alpha-tubulin 1) (Tubulin alpha-1 chain) [Cleaved into: Detyrosinated tubulin alpha-1A chain]","Tuba1a Tuba1"
"2172","GO:0071277","cellular response to calcium ion",87,8,1.63,0.00022,"NV2t007878001.1","Biological Processes","Tubulin alpha-1A chain (EC 3.6.5.-) (Alpha-tubulin 1) (Tubulin alpha-1 chain) [Cleaved into: Detyrosinated tubulin alpha-1A chain]","Tuba1a Tuba1"
"2173","GO:0071277","cellular response to calcium ion",87,8,1.63,0.00022,"NV2t007880001.1","Biological Processes","Tubulin alpha-1A chain (EC 3.6.5.-) (Alpha-tubulin 1) (Tubulin alpha-1 chain) [Cleaved into: Detyrosinated tubulin alpha-1A chain]","Tuba1a Tuba1"
"2174","GO:0071277","cellular response to calcium ion",87,8,1.63,0.00022,"NV2t023276001.1","Biological Processes","Adhesion G protein-coupled receptor V1 (EC 3.4.-.-) (G protein-coupled receptor 98) (Monogenic audiogenic seizure susceptibility protein 1 homolog) (Very large G protein-coupled receptor 1)","adgrv1 gpr98 mass1 vlgr1"
"2175","GO:0071277","cellular response to calcium ion",87,8,1.63,0.00022,"NV2t023278001.1","Biological Processes","Adhesion G protein-coupled receptor V1 (EC 3.4.-.-) (G protein-coupled receptor 98) (Monogenic audiogenic seizure susceptibility protein 1 homolog) (Very large G protein-coupled receptor 1)","adgrv1 gpr98 mass1 vlgr1"
"2176","GO:2001014","regulation of skeletal muscle cell differentiation",17,4,0.32,0.00024,"NV2t007890001.1","Biological Processes","Probable ATP-dependent RNA helicase DDX5 (EC 3.6.4.13) (DEAD box RNA helicase DEAD1) (mDEAD1) (DEAD box protein 5) (RNA helicase p68)","Ddx5 Tnz2"
"2177","GO:2001014","regulation of skeletal muscle cell differentiation",17,4,0.32,0.00024,"NV2t007890002.1","Biological Processes","Probable ATP-dependent RNA helicase DDX5 (EC 3.6.4.13) (DEAD box RNA helicase DEAD1) (mDEAD1) (DEAD box protein 5) (RNA helicase p68)","Ddx5 Tnz2"
"2178","GO:2001014","regulation of skeletal muscle cell differentiation",17,4,0.32,0.00024,"NV2t007890003.1","Biological Processes","Probable ATP-dependent RNA helicase DDX5 (EC 3.6.4.13) (DEAD box RNA helicase DEAD1) (mDEAD1) (DEAD box protein 5) (RNA helicase p68)","Ddx5 Tnz2"
"2179","GO:2001014","regulation of skeletal muscle cell differentiation",17,4,0.32,0.00024,"NV2t007890004.1","Biological Processes","Probable ATP-dependent RNA helicase DDX5 (EC 3.6.4.13) (DEAD box RNA helicase DEAD1) (mDEAD1) (DEAD box protein 5) (RNA helicase p68)","Ddx5 Tnz2"
"2180","GO:0008643","carbohydrate transport",137,10,2.56,0.00026,"NV2t003410001.1","Biological Processes","Major facilitator superfamily domain-containing protein 12","MFSD12 C19orf28"
"2181","GO:0008643","carbohydrate transport",137,10,2.56,0.00026,"NV2t003410002.1","Biological Processes","Major facilitator superfamily domain-containing protein 12","MFSD12 C19orf28"
"2182","GO:0008643","carbohydrate transport",137,10,2.56,0.00026,"NV2t003410003.1","Biological Processes","Major facilitator superfamily domain-containing protein 12","MFSD12 C19orf28"
"2183","GO:0008643","carbohydrate transport",137,10,2.56,0.00026,"NV2t003410004.1","Biological Processes","Major facilitator superfamily domain-containing protein 12","MFSD12 C19orf28"
"2184","GO:0008643","carbohydrate transport",137,10,2.56,0.00026,"NV2t003410005.1","Biological Processes","Major facilitator superfamily domain-containing protein 12","MFSD12 C19orf28"
"2185","GO:0008643","carbohydrate transport",137,10,2.56,0.00026,"NV2t003410006.1","Biological Processes","Major facilitator superfamily domain-containing protein 12","MFSD12 C19orf28"
"2186","GO:0008643","carbohydrate transport",137,10,2.56,0.00026,"NV2t007258001.1","Biological Processes","Major facilitator superfamily domain-containing protein 12","MFSD12 C19orf28"
"2187","GO:0008643","carbohydrate transport",137,10,2.56,0.00026,"NV2t023688001.1","Biological Processes","Major facilitator superfamily domain-containing protein 12","MFSD12 C19orf28"
"2188","GO:0008643","carbohydrate transport",137,10,2.56,0.00026,"NV2t023688002.1","Biological Processes","Major facilitator superfamily domain-containing protein 12","MFSD12 C19orf28"
"2189","GO:0008643","carbohydrate transport",137,10,2.56,0.00026,"NV2t023688003.1","Biological Processes","Major facilitator superfamily domain-containing protein 12","MFSD12"
"2190","GO:1900182","positive regulation of protein localization to nucl...",63,9,1.18,0.00028,"NV2t000699001.1","Biological Processes","Filamin-A (FLN-A) (Actin-binding protein 280) (ABP-280) (Alpha-filamin) (Endothelial actin-binding protein) (Filamin-1) (Non-muscle filamin)","Flna Fln Fln1"
"2191","GO:1900182","positive regulation of protein localization to nucl...",63,9,1.18,0.00028,"NV2t001600001.1","Biological Processes","Protein kinase C delta type (EC 2.7.11.13) (Tyrosine-protein kinase PRKCD) (EC 2.7.10.2) (nPKC-delta) [Cleaved into: Protein kinase C delta type regulatory subunit; Protein kinase C delta type catalytic subunit (Sphingosine-dependent protein kinase-1) (SDK1)]","PRKCD PKCD"
"2192","GO:1900182","positive regulation of protein localization to nucl...",63,9,1.18,0.00028,"NV2t001600002.1","Biological Processes","Protein kinase C delta type (EC 2.7.11.13) (Tyrosine-protein kinase PRKCD) (EC 2.7.10.2) (nPKC-delta) [Cleaved into: Protein kinase C delta type regulatory subunit; Protein kinase C delta type catalytic subunit (Sphingosine-dependent protein kinase-1) (SDK1)]","PRKCD PKCD"
"2193","GO:1900182","positive regulation of protein localization to nucl...",63,9,1.18,0.00028,"NV2t001600003.1","Biological Processes","Protein kinase C delta type (EC 2.7.11.13) (Tyrosine-protein kinase PRKCD) (EC 2.7.10.2) (nPKC-delta) [Cleaved into: Protein kinase C delta type regulatory subunit; Protein kinase C delta type catalytic subunit (Sphingosine-dependent protein kinase-1) (SDK1)]","PRKCD PKCD"
"2194","GO:1900182","positive regulation of protein localization to nucl...",63,9,1.18,0.00028,"NV2t002880002.1","Biological Processes","UDP-N-acetylglucosamine--peptide N-acetylglucosaminyltransferase 110 kDa subunit (EC 2.4.1.255) (O-GlcNAc transferase subunit p110) (O-linked N-acetylglucosamine transferase 110 kDa subunit) (OGT)","Ogt"
"2195","GO:1900182","positive regulation of protein localization to nucl...",63,9,1.18,0.00028,"NV2t002880003.1","Biological Processes","UDP-N-acetylglucosamine--peptide N-acetylglucosaminyltransferase 110 kDa subunit (EC 2.4.1.255) (O-GlcNAc transferase subunit p110) (O-linked N-acetylglucosamine transferase 110 kDa subunit) (OGT)","Ogt"
"2196","GO:1900182","positive regulation of protein localization to nucl...",63,9,1.18,0.00028,"NV2t002880005.1","Biological Processes","UDP-N-acetylglucosamine--peptide N-acetylglucosaminyltransferase 110 kDa subunit (EC 2.4.1.255) (O-GlcNAc transferase subunit p110) (O-linked N-acetylglucosamine transferase 110 kDa subunit) (OGT)","Ogt"
"2197","GO:1900182","positive regulation of protein localization to nucl...",63,9,1.18,0.00028,"NV2t002880006.1","Biological Processes","UDP-N-acetylglucosamine--peptide N-acetylglucosaminyltransferase 110 kDa subunit (EC 2.4.1.255) (O-GlcNAc transferase subunit p110) (O-linked N-acetylglucosamine transferase 110 kDa subunit) (OGT)","Ogt"
"2198","GO:1900182","positive regulation of protein localization to nucl...",63,9,1.18,0.00028,"NV2t002880007.1","Biological Processes","UDP-N-acetylglucosamine--peptide N-acetylglucosaminyltransferase 110 kDa subunit (EC 2.4.1.255) (O-GlcNAc transferase subunit p110) (O-linked N-acetylglucosamine transferase 110 kDa subunit) (OGT)","Ogt"
"2199","GO:0021696","cerebellar cortex morphogenesis",49,6,0.92,0.00029,"NV2t002714001.1","Biological Processes","Tubulin alpha-1A chain (EC 3.6.5.-) (Alpha-tubulin 1) (Tubulin alpha-1 chain) [Cleaved into: Detyrosinated tubulin alpha-1A chain]","Tuba1a Tuba1"
"2200","GO:0021696","cerebellar cortex morphogenesis",49,6,0.92,0.00029,"NV2t002717001.1","Biological Processes","Tubulin alpha-1A chain (EC 3.6.5.-) (Alpha-tubulin 1) (Tubulin alpha-1 chain) [Cleaved into: Detyrosinated tubulin alpha-1A chain]","Tuba1a Tuba1"
"2201","GO:0021696","cerebellar cortex morphogenesis",49,6,0.92,0.00029,"NV2t002717002.1","Biological Processes","Tubulin alpha-1A chain (EC 3.6.5.-) (Alpha-tubulin 1) (Tubulin alpha-1 chain) [Cleaved into: Detyrosinated tubulin alpha-1A chain]","Tuba1a Tuba1"
"2202","GO:0021696","cerebellar cortex morphogenesis",49,6,0.92,0.00029,"NV2t002719002.1","Biological Processes","Tubulin alpha-1A chain (EC 3.6.5.-) (Alpha-tubulin 1) (Tubulin alpha-1 chain) [Cleaved into: Detyrosinated tubulin alpha-1A chain]","Tuba1a Tuba1"
"2203","GO:0021696","cerebellar cortex morphogenesis",49,6,0.92,0.00029,"NV2t007878001.1","Biological Processes","Tubulin alpha-1A chain (EC 3.6.5.-) (Alpha-tubulin 1) (Tubulin alpha-1 chain) [Cleaved into: Detyrosinated tubulin alpha-1A chain]","Tuba1a Tuba1"
"2204","GO:0021696","cerebellar cortex morphogenesis",49,6,0.92,0.00029,"NV2t007880001.1","Biological Processes","Tubulin alpha-1A chain (EC 3.6.5.-) (Alpha-tubulin 1) (Tubulin alpha-1 chain) [Cleaved into: Detyrosinated tubulin alpha-1A chain]","Tuba1a Tuba1"
"2205","GO:0006110","regulation of glycolytic process",48,6,0.9,0.00029,"NV2t002880002.1","Biological Processes","UDP-N-acetylglucosamine--peptide N-acetylglucosaminyltransferase 110 kDa subunit (EC 2.4.1.255) (O-GlcNAc transferase subunit p110) (O-linked N-acetylglucosamine transferase 110 kDa subunit) (OGT)","Ogt"
"2206","GO:0006110","regulation of glycolytic process",48,6,0.9,0.00029,"NV2t002880003.1","Biological Processes","UDP-N-acetylglucosamine--peptide N-acetylglucosaminyltransferase 110 kDa subunit (EC 2.4.1.255) (O-GlcNAc transferase subunit p110) (O-linked N-acetylglucosamine transferase 110 kDa subunit) (OGT)","Ogt"
"2207","GO:0006110","regulation of glycolytic process",48,6,0.9,0.00029,"NV2t002880005.1","Biological Processes","UDP-N-acetylglucosamine--peptide N-acetylglucosaminyltransferase 110 kDa subunit (EC 2.4.1.255) (O-GlcNAc transferase subunit p110) (O-linked N-acetylglucosamine transferase 110 kDa subunit) (OGT)","Ogt"
"2208","GO:0006110","regulation of glycolytic process",48,6,0.9,0.00029,"NV2t002880006.1","Biological Processes","UDP-N-acetylglucosamine--peptide N-acetylglucosaminyltransferase 110 kDa subunit (EC 2.4.1.255) (O-GlcNAc transferase subunit p110) (O-linked N-acetylglucosamine transferase 110 kDa subunit) (OGT)","Ogt"
"2209","GO:0006110","regulation of glycolytic process",48,6,0.9,0.00029,"NV2t002880007.1","Biological Processes","UDP-N-acetylglucosamine--peptide N-acetylglucosaminyltransferase 110 kDa subunit (EC 2.4.1.255) (O-GlcNAc transferase subunit p110) (O-linked N-acetylglucosamine transferase 110 kDa subunit) (OGT)","Ogt"
"2210","GO:0006110","regulation of glycolytic process",48,6,0.9,0.00029,"NV2t022363001.1","Biological Processes","Amyloid-beta precursor protein (ABPP) (APP) (Alzheimer disease amyloid A4 protein homolog) (Alzheimer disease amyloid protein) (Amyloid precursor protein) (Amyloid-beta (A4) precursor protein) (Amyloid-beta A4 protein) (Amyloidogenic glycoprotein) (AG) [Cleaved into: N-APP; Soluble APP-alpha (S-APP-alpha); Soluble APP-beta (S-APP-beta); C99 (Beta-secretase C-terminal fragment) (Beta-CTF); Amyloid-beta protein 42 (Abeta42) (Beta-APP42); Amyloid-beta protein 40 (Abeta40) (Beta-APP40); C83 (Alpha-secretase C-terminal fragment) (Alpha-CTF); P3(42); P3(40); C80; Gamma-secretase C-terminal fragment 59 (Gamma-CTF(59)); Gamma-secretase C-terminal fragment 57 (Gamma-CTF(57)); Gamma-secretase C-terminal fragment 50 (Gamma-CTF(50)); C31]","App A4 AD1"
"2211","GO:0050900","leukocyte migration",279,9,5.21,3e-04,"NV2t003071002.1","Biological Processes","Pancreatic secretory granule membrane major glycoprotein GP2 (Pancreatic zymogen granule membrane protein GP-2) (ZAP75)","GP2"
"2212","GO:0050900","leukocyte migration",279,9,5.21,3e-04,"NV2t007716001.1","Biological Processes","Protein disulfide-isomerase (PDI) (EC 5.3.4.1) (Cellular thyroid hormone-binding protein) (Prolyl 4-hydroxylase subunit beta)","P4hb Pdia1"
"2213","GO:0050900","leukocyte migration",279,9,5.21,3e-04,"NV2t020404001.1","Biological Processes","Heat shock protein HSP 90-alpha 1","hsp90a.1 hsp90 hsp90a hsp90aa1 zgc:86652"
"2214","GO:0050900","leukocyte migration",279,9,5.21,3e-04,"NV2t020404002.1","Biological Processes","Heat shock protein HSP 90-alpha 1","hsp90a.1 hsp90 hsp90a hsp90aa1 zgc:86652"
"2215","GO:0050900","leukocyte migration",279,9,5.21,3e-04,"NV2t020404003.1","Biological Processes","Heat shock protein HSP 90-alpha 1","hsp90a.1 hsp90 hsp90a hsp90aa1 zgc:86652"
"2216","GO:0050900","leukocyte migration",279,9,5.21,3e-04,"NV2t020404004.1","Biological Processes","Heat shock protein HSP 90-alpha 1","hsp90a.1 hsp90 hsp90a hsp90aa1 zgc:86652"
"2217","GO:0050900","leukocyte migration",279,9,5.21,3e-04,"NV2t022307001.1","Biological Processes","Pancreatic secretory granule membrane major glycoprotein GP2 (Pancreatic zymogen granule membrane protein GP-2) (ZAP75)","GP2"
"2218","GO:0050900","leukocyte migration",279,9,5.21,3e-04,"NV2t022363001.1","Biological Processes","Amyloid-beta precursor protein (ABPP) (APP) (Alzheimer disease amyloid A4 protein homolog) (Alzheimer disease amyloid protein) (Amyloid precursor protein) (Amyloid-beta (A4) precursor protein) (Amyloid-beta A4 protein) (Amyloidogenic glycoprotein) (AG) [Cleaved into: N-APP; Soluble APP-alpha (S-APP-alpha); Soluble APP-beta (S-APP-beta); C99 (Beta-secretase C-terminal fragment) (Beta-CTF); Amyloid-beta protein 42 (Abeta42) (Beta-APP42); Amyloid-beta protein 40 (Abeta40) (Beta-APP40); C83 (Alpha-secretase C-terminal fragment) (Alpha-CTF); P3(42); P3(40); C80; Gamma-secretase C-terminal fragment 59 (Gamma-CTF(59)); Gamma-secretase C-terminal fragment 57 (Gamma-CTF(57)); Gamma-secretase C-terminal fragment 50 (Gamma-CTF(50)); C31]","App A4 AD1"
"2219","GO:0050900","leukocyte migration",279,9,5.21,3e-04,"NV2t024650001.1","Biological Processes","Guanine nucleotide exchange factor VAV3 (VAV-3)","Vav3"
"2220","GO:0006006","glucose metabolic process",222,13,4.15,0.00031,"NV2t000281001.1","Biological Processes","Glucose-6-phosphate 1-dehydrogenase (G6PD) (EC 1.-.-.-) (EC 1.1.1.49)","G6PD"
"2221","GO:0006006","glucose metabolic process",222,13,4.15,0.00031,"NV2t000281002.1","Biological Processes","Glucose-6-phosphate 1-dehydrogenase (G6PD) (EC 1.-.-.-) (EC 1.1.1.49)","G6pdx G6pd"
"2222","GO:0006006","glucose metabolic process",222,13,4.15,0.00031,"NV2t000281003.1","Biological Processes","Glucose-6-phosphate 1-dehydrogenase (G6PD) (EC 1.-.-.-) (EC 1.1.1.49)","G6pdx G6pd"
"2223","GO:0006006","glucose metabolic process",222,13,4.15,0.00031,"NV2t000281004.1","Biological Processes","Glucose-6-phosphate 1-dehydrogenase (G6PD) (EC 1.-.-.-) (EC 1.1.1.49)","G6PD"
"2224","GO:0006006","glucose metabolic process",222,13,4.15,0.00031,"NV2t000281005.1","Biological Processes","Glucose-6-phosphate 1-dehydrogenase (G6PD) (EC 1.-.-.-) (EC 1.1.1.49)","G6PD"
"2225","GO:0006006","glucose metabolic process",222,13,4.15,0.00031,"NV2t000281006.1","Biological Processes","Glucose-6-phosphate 1-dehydrogenase (G6PD) (EC 1.-.-.-) (EC 1.1.1.49)","G6PD"
"2226","GO:0006006","glucose metabolic process",222,13,4.15,0.00031,"NV2t000281007.1","Biological Processes","Glucose-6-phosphate 1-dehydrogenase (G6PD) (EC 1.-.-.-) (EC 1.1.1.49)","G6PD"
"2227","GO:0006006","glucose metabolic process",222,13,4.15,0.00031,"NV2t000281008.1","Biological Processes","Glucose-6-phosphate 1-dehydrogenase (G6PD) (EC 1.-.-.-) (EC 1.1.1.49)","G6pdx G6pd"
"2228","GO:0006006","glucose metabolic process",222,13,4.15,0.00031,"NV2t002880002.1","Biological Processes","UDP-N-acetylglucosamine--peptide N-acetylglucosaminyltransferase 110 kDa subunit (EC 2.4.1.255) (O-GlcNAc transferase subunit p110) (O-linked N-acetylglucosamine transferase 110 kDa subunit) (OGT)","Ogt"
"2229","GO:0006006","glucose metabolic process",222,13,4.15,0.00031,"NV2t002880003.1","Biological Processes","UDP-N-acetylglucosamine--peptide N-acetylglucosaminyltransferase 110 kDa subunit (EC 2.4.1.255) (O-GlcNAc transferase subunit p110) (O-linked N-acetylglucosamine transferase 110 kDa subunit) (OGT)","Ogt"
"2230","GO:0006006","glucose metabolic process",222,13,4.15,0.00031,"NV2t002880005.1","Biological Processes","UDP-N-acetylglucosamine--peptide N-acetylglucosaminyltransferase 110 kDa subunit (EC 2.4.1.255) (O-GlcNAc transferase subunit p110) (O-linked N-acetylglucosamine transferase 110 kDa subunit) (OGT)","Ogt"
"2231","GO:0006006","glucose metabolic process",222,13,4.15,0.00031,"NV2t002880006.1","Biological Processes","UDP-N-acetylglucosamine--peptide N-acetylglucosaminyltransferase 110 kDa subunit (EC 2.4.1.255) (O-GlcNAc transferase subunit p110) (O-linked N-acetylglucosamine transferase 110 kDa subunit) (OGT)","Ogt"
"2232","GO:0006006","glucose metabolic process",222,13,4.15,0.00031,"NV2t002880007.1","Biological Processes","UDP-N-acetylglucosamine--peptide N-acetylglucosaminyltransferase 110 kDa subunit (EC 2.4.1.255) (O-GlcNAc transferase subunit p110) (O-linked N-acetylglucosamine transferase 110 kDa subunit) (OGT)","Ogt"
"2233","GO:0046626","regulation of insulin receptor signaling pathway",75,8,1.4,0.00033,"NV2t001600001.1","Biological Processes","Protein kinase C delta type (EC 2.7.11.13) (Tyrosine-protein kinase PRKCD) (EC 2.7.10.2) (nPKC-delta) [Cleaved into: Protein kinase C delta type regulatory subunit; Protein kinase C delta type catalytic subunit (Sphingosine-dependent protein kinase-1) (SDK1)]","PRKCD PKCD"
"2234","GO:0046626","regulation of insulin receptor signaling pathway",75,8,1.4,0.00033,"NV2t001600002.1","Biological Processes","Protein kinase C delta type (EC 2.7.11.13) (Tyrosine-protein kinase PRKCD) (EC 2.7.10.2) (nPKC-delta) [Cleaved into: Protein kinase C delta type regulatory subunit; Protein kinase C delta type catalytic subunit (Sphingosine-dependent protein kinase-1) (SDK1)]","PRKCD PKCD"
"2235","GO:0046626","regulation of insulin receptor signaling pathway",75,8,1.4,0.00033,"NV2t001600003.1","Biological Processes","Protein kinase C delta type (EC 2.7.11.13) (Tyrosine-protein kinase PRKCD) (EC 2.7.10.2) (nPKC-delta) [Cleaved into: Protein kinase C delta type regulatory subunit; Protein kinase C delta type catalytic subunit (Sphingosine-dependent protein kinase-1) (SDK1)]","PRKCD PKCD"
"2236","GO:0046626","regulation of insulin receptor signaling pathway",75,8,1.4,0.00033,"NV2t002880002.1","Biological Processes","UDP-N-acetylglucosamine--peptide N-acetylglucosaminyltransferase 110 kDa subunit (EC 2.4.1.255) (O-GlcNAc transferase subunit p110) (O-linked N-acetylglucosamine transferase 110 kDa subunit) (OGT)","Ogt"
"2237","GO:0046626","regulation of insulin receptor signaling pathway",75,8,1.4,0.00033,"NV2t002880003.1","Biological Processes","UDP-N-acetylglucosamine--peptide N-acetylglucosaminyltransferase 110 kDa subunit (EC 2.4.1.255) (O-GlcNAc transferase subunit p110) (O-linked N-acetylglucosamine transferase 110 kDa subunit) (OGT)","Ogt"
"2238","GO:0046626","regulation of insulin receptor signaling pathway",75,8,1.4,0.00033,"NV2t002880005.1","Biological Processes","UDP-N-acetylglucosamine--peptide N-acetylglucosaminyltransferase 110 kDa subunit (EC 2.4.1.255) (O-GlcNAc transferase subunit p110) (O-linked N-acetylglucosamine transferase 110 kDa subunit) (OGT)","Ogt"
"2239","GO:0046626","regulation of insulin receptor signaling pathway",75,8,1.4,0.00033,"NV2t002880006.1","Biological Processes","UDP-N-acetylglucosamine--peptide N-acetylglucosaminyltransferase 110 kDa subunit (EC 2.4.1.255) (O-GlcNAc transferase subunit p110) (O-linked N-acetylglucosamine transferase 110 kDa subunit) (OGT)","Ogt"
"2240","GO:0046626","regulation of insulin receptor signaling pathway",75,8,1.4,0.00033,"NV2t002880007.1","Biological Processes","UDP-N-acetylglucosamine--peptide N-acetylglucosaminyltransferase 110 kDa subunit (EC 2.4.1.255) (O-GlcNAc transferase subunit p110) (O-linked N-acetylglucosamine transferase 110 kDa subunit) (OGT)","Ogt"
"2241","GO:0045727","positive regulation of translation",131,12,2.45,0.00034,"NV2t002880002.1","Biological Processes","UDP-N-acetylglucosamine--peptide N-acetylglucosaminyltransferase 110 kDa subunit (EC 2.4.1.255) (O-GlcNAc transferase subunit p110) (O-linked N-acetylglucosamine transferase 110 kDa subunit) (OGT)","Ogt"
"2242","GO:0045727","positive regulation of translation",131,12,2.45,0.00034,"NV2t002880003.1","Biological Processes","UDP-N-acetylglucosamine--peptide N-acetylglucosaminyltransferase 110 kDa subunit (EC 2.4.1.255) (O-GlcNAc transferase subunit p110) (O-linked N-acetylglucosamine transferase 110 kDa subunit) (OGT)","Ogt"
"2243","GO:0045727","positive regulation of translation",131,12,2.45,0.00034,"NV2t002880005.1","Biological Processes","UDP-N-acetylglucosamine--peptide N-acetylglucosaminyltransferase 110 kDa subunit (EC 2.4.1.255) (O-GlcNAc transferase subunit p110) (O-linked N-acetylglucosamine transferase 110 kDa subunit) (OGT)","Ogt"
"2244","GO:0045727","positive regulation of translation",131,12,2.45,0.00034,"NV2t002880006.1","Biological Processes","UDP-N-acetylglucosamine--peptide N-acetylglucosaminyltransferase 110 kDa subunit (EC 2.4.1.255) (O-GlcNAc transferase subunit p110) (O-linked N-acetylglucosamine transferase 110 kDa subunit) (OGT)","Ogt"
"2245","GO:0045727","positive regulation of translation",131,12,2.45,0.00034,"NV2t002880007.1","Biological Processes","UDP-N-acetylglucosamine--peptide N-acetylglucosaminyltransferase 110 kDa subunit (EC 2.4.1.255) (O-GlcNAc transferase subunit p110) (O-linked N-acetylglucosamine transferase 110 kDa subunit) (OGT)","Ogt"
"2246","GO:0045727","positive regulation of translation",131,12,2.45,0.00034,"NV2t005899024.1","Biological Processes","Polyadenylate-binding protein 1 (PABP-1) (Poly(A)-binding protein 1)","Pabpc1 Pabp1"
"2247","GO:0045727","positive regulation of translation",131,12,2.45,0.00034,"NV2t025357001.1","Biological Processes","Spliceosome RNA helicase Ddx39b (EC 3.6.4.13) (56 kDa U2AF65-associated protein) (ATP-dependent RNA helicase p47) (DEAD box protein Uap56)","Ddx39b Bat1 Bat1a Uap56"
"2248","GO:0045727","positive regulation of translation",131,12,2.45,0.00034,"NV2t025357002.1","Biological Processes","Spliceosome RNA helicase Ddx39b (EC 3.6.4.13) (56 kDa U2AF65-associated protein) (ATP-dependent RNA helicase p47) (DEAD box protein Uap56)","Ddx39b Bat1 Bat1a Uap56"
"2249","GO:0045727","positive regulation of translation",131,12,2.45,0.00034,"NV2t025357003.1","Biological Processes","Spliceosome RNA helicase Ddx39b (EC 3.6.4.13) (56 kDa U2AF65-associated protein) (ATP-dependent RNA helicase p47) (DEAD box protein Uap56)","Ddx39b Bat1 Bat1a Uap56"
"2250","GO:0045727","positive regulation of translation",131,12,2.45,0.00034,"NV2t025357004.1","Biological Processes","Spliceosome RNA helicase Ddx39b (EC 3.6.4.13) (56 kDa U2AF65-associated protein) (ATP-dependent RNA helicase p47) (DEAD box protein Uap56)","Ddx39b Bat1 Bat1a Uap56"
"2251","GO:0045727","positive regulation of translation",131,12,2.45,0.00034,"NV2t025357005.1","Biological Processes","Spliceosome RNA helicase Ddx39b (EC 3.6.4.13) (56 kDa U2AF65-associated protein) (ATP-dependent RNA helicase p47) (DEAD box protein Uap56)","Ddx39b Bat1 Bat1a Uap56"
"2252","GO:0045727","positive regulation of translation",131,12,2.45,0.00034,"NV2t025357006.1","Biological Processes","Spliceosome RNA helicase Ddx39b (EC 3.6.4.13) (56 kDa U2AF65-associated protein) (ATP-dependent RNA helicase p47) (DEAD box protein Uap56)","Ddx39b Bat1 Bat1a Uap56"
"2253","GO:0010766","negative regulation of sodium ion transport",8,3,0.15,0.00034,"NV2t001891001.1","Biological Processes","Serine/threonine-protein kinase WNK3 (EC 2.7.11.1) (Protein kinase lysine-deficient 3) (Protein kinase with no lysine 3)","Wnk3"
"2254","GO:0010766","negative regulation of sodium ion transport",8,3,0.15,0.00034,"NV2t001891002.1","Biological Processes","Serine/threonine-protein kinase WNK3 (EC 2.7.11.1) (Protein kinase lysine-deficient 3) (Protein kinase with no lysine 3)","Wnk3"
"2255","GO:0010766","negative regulation of sodium ion transport",8,3,0.15,0.00034,"NV2t001891003.1","Biological Processes","Serine/threonine-protein kinase WNK3 (EC 2.7.11.1) (Protein kinase lysine-deficient 3) (Protein kinase with no lysine 3)","Wnk3"
"2256","GO:0097368","establishment of Sertoli cell barrier",8,3,0.15,0.00034,"NV2t000699001.1","Biological Processes","Filamin-A (FLN-A) (Actin-binding protein 280) (ABP-280) (Alpha-filamin) (Endothelial actin-binding protein) (Filamin-1) (Non-muscle filamin)","Flna Fln Fln1"
"2257","GO:0097368","establishment of Sertoli cell barrier",8,3,0.15,0.00034,"NV2t020741001.1","Biological Processes","AT-rich interactive domain-containing protein 4B (ARID domain-containing protein 4B) (180 kDa Sin3-associated polypeptide) (Sin3-associated polypeptide p180) (Histone deacetylase complex subunit SAP180) (Retinoblastoma-binding protein 1-like 1)","Arid4b Rbbp1l1 Sap180"
"2258","GO:0097368","establishment of Sertoli cell barrier",8,3,0.15,0.00034,"NV2t020741002.1","Biological Processes","AT-rich interactive domain-containing protein 4B (ARID domain-containing protein 4B) (180 kDa Sin3-associated polypeptide) (Sin3-associated polypeptide p180) (Histone deacetylase complex subunit SAP180) (Retinoblastoma-binding protein 1-like 1)","Arid4b Rbbp1l1 Sap180"
