"","target","species","OG","Nvec","Ahya","Apoc"
"NV2t000098001.1","NV2t000098001.1","Nvec","OG_246",1,0,1
"NV2t000206001.1","NV2t000206001.1","Nvec","OG_7453",1,0,0
"NV2t000206002.1","NV2t000206002.1","Nvec","OG_7453",1,0,0
"NV2t000206003.1","NV2t000206003.1","Nvec","OG_7453",1,0,0
"NV2t000206004.1","NV2t000206004.1","Nvec","OG_7453",1,0,0
"NV2t000206005.1","NV2t000206005.1","Nvec","OG_7453",1,0,0
"NV2t000206006.1","NV2t000206006.1","Nvec","OG_7453",1,0,0
"NV2t000251001.1","NV2t000251001.1","Nvec","OG_218",1,0,1
"NV2t000851001.1","NV2t000851001.1","Nvec","OG_1033",1,1,1
"NV2t001099001.1","NV2t001099001.1","Nvec","OG_7474",1,0,0
"NV2t001213001.1","NV2t001213001.1","Nvec","OG_3382",1,1,0
"NV2t001213002.1","NV2t001213002.1","Nvec","OG_3382",1,1,0
"NV2t001272001.1","NV2t001272001.1","Nvec","OG_1033",1,1,1
"NV2t001289001.1","NV2t001289001.1","Nvec","OG_5936",1,0,0
"NV2t001292001.1","NV2t001292001.1","Nvec","OG_5864",1,0,0
"NV2t001527001.1","NV2t001527001.1","Nvec","OG_631",1,1,0
"NV2t002064001.1","NV2t002064001.1","Nvec","OG_4991",1,0,0
"NV2t002064002.1","NV2t002064002.1","Nvec","OG_4991",1,0,0
"NV2t002577001.1","NV2t002577001.1","Nvec","OG_8842",1,1,0
"NV2t002577002.1","NV2t002577002.1","Nvec","OG_8842",1,1,0
"NV2t002577003.1","NV2t002577003.1","Nvec","OG_8842",1,1,0
"NV2t002618001.1","NV2t002618001.1","Nvec","OG_4053",1,1,0
"NV2t002618002.1","NV2t002618002.1","Nvec","OG_4053",1,1,0
"NV2t003226001.1","NV2t003226001.1","Nvec","OG_1338",1,1,1
"NV2t004055001.1","NV2t004055001.1","Nvec","OG_10844",1,1,0
"NV2t004574001.1","NV2t004574001.1","Nvec","OG_1773",1,0,0
"NV2t004586001.1","NV2t004586001.1","Nvec","OG_12294",1,0,0
"NV2t004734001.1","NV2t004734001.1","Nvec","OG_1766",1,0,0
"NV2t004742003.1","NV2t004742003.1","Nvec","OG_1655",1,1,1
"NV2t005343002.1","NV2t005343002.1","Nvec","OG_12184",1,0,0
"NV2t005434001.1","NV2t005434001.1","Nvec","OG_1659",1,0,1
"NV2t005589001.1","NV2t005589001.1","Nvec","OG_631",1,1,0
"NV2t005756001.1","NV2t005756001.1","Nvec","OG_1126",1,0,0
"NV2t006722001.1","NV2t006722001.1","Nvec","OG_9454",1,1,1
"NV2t007621001.1","NV2t007621001.1","Nvec","OG_1126",1,0,0
"NV2t007935001.1","NV2t007935001.1","Nvec","OG_3122",1,1,0
"NV2t008483001.1","NV2t008483001.1","Nvec","OG_10292",1,0,0
"NV2t008483002.1","NV2t008483002.1","Nvec","OG_10292",1,0,0
"NV2t008506001.1","NV2t008506001.1","Nvec","OG_10169",1,0,0
"NV2t008853001.1","NV2t008853001.1","Nvec","OG_5933",1,0,0
"NV2t008853002.1","NV2t008853002.1","Nvec","OG_5933",1,0,0
"NV2t009331001.1","NV2t009331001.1","Nvec","OG_4569",1,0,0
"NV2t009331002.1","NV2t009331002.1","Nvec","OG_4569",1,0,0
"NV2t009387001.1","NV2t009387001.1","Nvec","OG_1093",1,1,0
"NV2t010238001.1","NV2t010238001.1","Nvec","OG_1126",1,0,0
"NV2t010795001.1","NV2t010795001.1","Nvec","OG_123",1,0,0
"NV2t010795002.1","NV2t010795002.1","Nvec","OG_123",1,0,0
"NV2t010795003.1","NV2t010795003.1","Nvec","OG_123",1,0,0
"NV2t010837001.1","NV2t010837001.1","Nvec","OG_1380",1,0,0
"NV2t011138001.1","NV2t011138001.1","Nvec","OG_6923",1,0,0
"NV2t011289001.1","NV2t011289001.1","Nvec","OG_1336",1,1,1
"NV2t011330001.1","NV2t011330001.1","Nvec","OG_6957",1,0,1
"NV2t012061001.1","NV2t012061001.1","Nvec","OG_4076",1,1,0
"NV2t012061002.1","NV2t012061002.1","Nvec","OG_4076",1,1,0
"NV2t012375002.1","NV2t012375002.1","Nvec","OG_631",1,1,0
"NV2t012375004.1","NV2t012375004.1","Nvec","OG_631",1,1,0
"NV2t012375005.1","NV2t012375005.1","Nvec","OG_631",1,1,0
"NV2t013801001.1","NV2t013801001.1","Nvec","OG_68",1,0,0
"NV2t013980001.1","NV2t013980001.1","Nvec","OG_4454",1,0,0
"NV2t013980002.1","NV2t013980002.1","Nvec","OG_4454",1,0,0
"NV2t013980003.1","NV2t013980003.1","Nvec","OG_4454",1,0,0
"NV2t013980004.1","NV2t013980004.1","Nvec","OG_4454",1,0,0
"NV2t013983001.1","NV2t013983001.1","Nvec","OG_4454",1,0,0
"NV2t014107001.1","NV2t014107001.1","Nvec","OG_5537",1,0,0
"NV2t014363001.1","NV2t014363001.1","Nvec","OG_5360",1,1,1
"NV2t014405001.1","NV2t014405001.1","Nvec","OG_9999",1,1,1
"NV2t014405002.1","NV2t014405002.1","Nvec","OG_9999",1,1,1
"NV2t014405003.1","NV2t014405003.1","Nvec","OG_9999",1,1,1
"NV2t014405004.1","NV2t014405004.1","Nvec","OG_9999",1,1,1
"NV2t015062001.1","NV2t015062001.1","Nvec","OG_5144",1,0,0
"NV2t015069001.1","NV2t015069001.1","Nvec","OG_530",1,0,1
"NV2t015139001.1","NV2t015139001.1","Nvec","OG_631",1,1,0
"NV2t015342001.1","NV2t015342001.1","Nvec","OG_1126",1,0,0
"NV2t015452001.1","NV2t015452001.1","Nvec","OG_7684",1,0,0
"NV2t015720001.1","NV2t015720001.1","Nvec","OG_7858",1,0,0
"NV2t015860001.1","NV2t015860001.1","Nvec","OG_7872",1,0,0
"NV2t016338001.1","NV2t016338001.1","Nvec","OG_882",1,1,1
"NV2t016338002.1","NV2t016338002.1","Nvec","OG_882",1,1,1
"NV2t016356001.1","NV2t016356001.1","Nvec","OG_894",1,1,0
"NV2t016413001.1","NV2t016413001.1","Nvec","OG_503",1,1,0
"NV2t017234001.1","NV2t017234001.1","Nvec","OG_8084",1,1,0
"NV2t017234002.1","NV2t017234002.1","Nvec","OG_8084",1,1,0
"NV2t017234003.1","NV2t017234003.1","Nvec","OG_8084",1,1,0
"NV2t017234004.1","NV2t017234004.1","Nvec","OG_8084",1,1,0
"NV2t017234005.1","NV2t017234005.1","Nvec","OG_8084",1,1,0
"NV2t017435001.1","NV2t017435001.1","Nvec","OG_5789",1,0,1
"NV2t017686001.1","NV2t017686001.1","Nvec","OG_120",1,0,0
"NV2t017691001.1","NV2t017691001.1","Nvec","OG_5792",1,0,0
"NV2t017890001.1","NV2t017890001.1","Nvec","OG_12687",1,1,0
"NV2t017938001.1","NV2t017938001.1","Nvec","OG_8536",1,1,0
"NV2t017938002.1","NV2t017938002.1","Nvec","OG_8536",1,1,0
"NV2t017938003.1","NV2t017938003.1","Nvec","OG_8536",1,1,0
"NV2t017967001.1","NV2t017967001.1","Nvec","OG_543",1,1,1
"NV2t018221001.1","NV2t018221001.1","Nvec","OG_8441",1,0,0
"NV2t018499001.1","NV2t018499001.1","Nvec","OG_1920",1,0,1
"NV2t018743001.1","NV2t018743001.1","Nvec","OG_10867",1,0,0
"NV2t019320001.1","NV2t019320001.1","Nvec","OG_201",1,0,0
"NV2t019320002.1","NV2t019320002.1","Nvec","OG_201",1,0,0
"NV2t019320003.1","NV2t019320003.1","Nvec","OG_201",1,0,0
"NV2t020444001.1","NV2t020444001.1","Nvec","OG_631",1,1,0
"NV2t020793001.1","NV2t020793001.1","Nvec","OG_2864",1,0,0
"NV2t020793002.1","NV2t020793002.1","Nvec","OG_2864",1,0,0
"NV2t020793003.1","NV2t020793003.1","Nvec","OG_2864",1,0,0
"NV2t020822001.1","NV2t020822001.1","Nvec","OG_10635",1,0,1
"NV2t020916001.1","NV2t020916001.1","Nvec","OG_10666",1,0,0
"NV2t020916002.1","NV2t020916002.1","Nvec","OG_10666",1,0,0
"NV2t021258002.1","NV2t021258002.1","Nvec","OG_5226",1,0,1
"NV2t021856001.1","NV2t021856001.1","Nvec","OG_6693",1,1,1
"NV2t022537001.1","NV2t022537001.1","Nvec","OG_5328",1,0,0
"NV2t022594001.1","NV2t022594001.1","Nvec","OG_9179",1,1,0
"NV2t022594002.1","NV2t022594002.1","Nvec","OG_9179",1,1,0
"NV2t022752001.1","NV2t022752001.1","Nvec","OG_9068",1,0,0
"NV2t022752002.1","NV2t022752002.1","Nvec","OG_9068",1,0,0
"NV2t023279001.1","NV2t023279001.1","Nvec","OG_665",1,0,0
"NV2t023846001.1","NV2t023846001.1","Nvec","OG_9591",1,0,0
"NV2t024497001.1","NV2t024497001.1","Nvec","OG_3539",1,0,0
"NV2t024556001.1","NV2t024556001.1","Nvec","OG_703",1,1,1
"NV2t024937001.1","NV2t024937001.1","Nvec","OG_795",1,0,0
"NV2t024937002.1","NV2t024937002.1","Nvec","OG_795",1,0,0
"NV2t025136001.1","NV2t025136001.1","Nvec","OG_11336",1,0,0
"NV2t025723002.1","NV2t025723002.1","Nvec","OG_6502",1,0,0
"NV2t025723003.1","NV2t025723003.1","Nvec","OG_6502",1,0,0
"NV2t000483001.1","NV2t000483001.1","Nvec","OG_186",1,1,1
"NV2t000731001.1","NV2t000731001.1","Nvec","OG_186",1,1,1
"NV2t001181001.1","NV2t001181001.1","Nvec","OG_3821",1,0,1
"NV2t001181002.1","NV2t001181002.1","Nvec","OG_3821",1,0,1
"NV2t001181003.1","NV2t001181003.1","Nvec","OG_3821",1,0,1
"NV2t001181004.1","NV2t001181004.1","Nvec","OG_3821",1,0,1
"NV2t001181005.1","NV2t001181005.1","Nvec","OG_3821",1,0,1
"NV2t001181006.1","NV2t001181006.1","Nvec","OG_3821",1,0,1
"NV2t001181007.1","NV2t001181007.1","Nvec","OG_3821",1,0,1
"NV2t001355001.1","NV2t001355001.1","Nvec","OG_7674",1,1,0
"NV2t001355002.1","NV2t001355002.1","Nvec","OG_7674",1,1,0
"NV2t001355003.1","NV2t001355003.1","Nvec","OG_7674",1,1,0
"NV2t001355004.1","NV2t001355004.1","Nvec","OG_7674",1,1,0
"NV2t001355005.1","NV2t001355005.1","Nvec","OG_7674",1,1,0
"NV2t001355007.1","NV2t001355007.1","Nvec","OG_7674",1,1,0
"NV2t001355008.1","NV2t001355008.1","Nvec","OG_7674",1,1,0
"NV2t001355009.1","NV2t001355009.1","Nvec","OG_7674",1,1,0
"NV2t001355010.1","NV2t001355010.1","Nvec","OG_7674",1,1,0
"NV2t001355011.1","NV2t001355011.1","Nvec","OG_7674",1,1,0
"NV2t001355012.1","NV2t001355012.1","Nvec","OG_7674",1,1,0
"NV2t001355013.1","NV2t001355013.1","Nvec","OG_7674",1,1,0
"NV2t001371001.1","NV2t001371001.1","Nvec","OG_516",1,0,1
"NV2t001371002.1","NV2t001371002.1","Nvec","OG_516",1,0,1
"NV2t001696001.1","NV2t001696001.1","Nvec","OG_1200",1,1,0
"NV2t001738001.1","NV2t001738001.1","Nvec","OG_652",1,1,1
"NV2t001899001.1","NV2t001899001.1","Nvec","OG_186",1,1,1
"NV2t002728001.1","NV2t002728001.1","Nvec","OG_3858",1,1,0
"NV2t002728002.1","NV2t002728002.1","Nvec","OG_3858",1,1,0
"NV2t002728003.1","NV2t002728003.1","Nvec","OG_3858",1,1,0
"NV2t002908001.1","NV2t002908001.1","Nvec","OG_8670",1,0,0
"NV2t003053001.1","NV2t003053001.1","Nvec","OG_3909",1,1,0
"NV2t003053002.1","NV2t003053002.1","Nvec","OG_3909",1,1,0
"NV2t003053003.1","NV2t003053003.1","Nvec","OG_3909",1,1,0
"NV2t003053004.1","NV2t003053004.1","Nvec","OG_3909",1,1,0
"NV2t003329001.1","NV2t003329001.1","Nvec","OG_8931",1,0,0
"NV2t003638001.1","NV2t003638001.1","Nvec","OG_8875",1,0,0
"NV2t003638002.1","NV2t003638002.1","Nvec","OG_8875",1,0,0
"NV2t003638003.1","NV2t003638003.1","Nvec","OG_8875",1,0,0
"NV2t003638004.1","NV2t003638004.1","Nvec","OG_8875",1,0,0
"NV2t003668001.1","NV2t003668001.1","Nvec","OG_3996",1,0,1
"NV2t003704001.1","NV2t003704001.1","Nvec","OG_349",1,0,1
"NV2t003950001.1","NV2t003950001.1","Nvec","OG_8657",1,0,0
"NV2t003950002.1","NV2t003950002.1","Nvec","OG_8657",1,0,0
"NV2t003950003.1","NV2t003950003.1","Nvec","OG_8657",1,0,0
"NV2t003950004.1","NV2t003950004.1","Nvec","OG_8657",1,0,0
"NV2t004174001.1","NV2t004174001.1","Nvec","OG_1780",1,1,0
"NV2t005513001.1","NV2t005513001.1","Nvec","OG_186",1,1,1
"NV2t005653001.1","NV2t005653001.1","Nvec","OG_165",1,1,1
"NV2t005775001.1","NV2t005775001.1","Nvec","OG_186",1,1,1
"NV2t006133003.1","NV2t006133003.1","Nvec","OG_4898",1,1,0
"NV2t006133004.1","NV2t006133004.1","Nvec","OG_4898",1,1,0
"NV2t006133005.1","NV2t006133005.1","Nvec","OG_4898",1,1,0
"NV2t006133006.1","NV2t006133006.1","Nvec","OG_4898",1,1,0
"NV2t006342001.1","NV2t006342001.1","Nvec","OG_4932",1,0,0
"NV2t006981001.1","NV2t006981001.1","Nvec","OG_1065",1,0,1
"NV2t006981002.1","NV2t006981002.1","Nvec","OG_1065",1,0,1
"NV2t006981003.1","NV2t006981003.1","Nvec","OG_1065",1,0,1
"NV2t007062001.1","NV2t007062001.1","Nvec","OG_2767",1,0,0
"NV2t007152001.1","NV2t007152001.1","Nvec","OG_186",1,1,1
"NV2t008278001.1","NV2t008278001.1","Nvec","OG_244",1,1,0
"NV2t009158001.1","NV2t009158001.1","Nvec","OG_4522",1,1,0
"NV2t009762001.1","NV2t009762001.1","Nvec","OG_5255",1,1,0
"NV2t010717001.1","NV2t010717001.1","Nvec","OG_489",1,0,1
"NV2t010782001.1","NV2t010782001.1","Nvec","OG_9610",1,0,0
"NV2t010972001.1","NV2t010972001.1","Nvec","OG_9929",1,0,0
"NV2t011257001.1","NV2t011257001.1","Nvec","OG_7127",1,0,0
"NV2t011384001.1","NV2t011384001.1","Nvec","OG_4169",1,1,0
"NV2t011384002.1","NV2t011384002.1","Nvec","OG_4169",1,1,0
"NV2t011384003.1","NV2t011384003.1","Nvec","OG_4169",1,1,0
"NV2t011384004.1","NV2t011384004.1","Nvec","OG_4169",1,1,0
"NV2t011384005.1","NV2t011384005.1","Nvec","OG_4169",1,1,0
"NV2t011384006.1","NV2t011384006.1","Nvec","OG_4169",1,1,0
"NV2t011448001.1","NV2t011448001.1","Nvec","OG_9835",1,0,0
"NV2t011765001.1","NV2t011765001.1","Nvec","OG_4299",1,1,0
"NV2t012436001.1","NV2t012436001.1","Nvec","OG_9807",1,0,0
"NV2t012478001.1","NV2t012478001.1","Nvec","OG_2083",1,0,0
"NV2t013225001.1","NV2t013225001.1","Nvec","OG_242",1,1,1
"NV2t016598001.1","NV2t016598001.1","Nvec","OG_2619",1,0,0
"NV2t017061002.1","NV2t017061002.1","Nvec","OG_2514",1,0,0
"NV2t017235001.1","NV2t017235001.1","Nvec","OG_186",1,1,1
"NV2t017804001.1","NV2t017804001.1","Nvec","OG_186",1,1,1
"NV2t020188001.1","NV2t020188001.1","Nvec","OG_1374",1,0,0
"NV2t020188002.1","NV2t020188002.1","Nvec","OG_1374",1,0,0
"NV2t020188003.1","NV2t020188003.1","Nvec","OG_1374",1,0,0
"NV2t020188004.1","NV2t020188004.1","Nvec","OG_1374",1,0,0
"NV2t020462001.1","NV2t020462001.1","Nvec","OG_5123",1,0,1
"NV2t020462002.1","NV2t020462002.1","Nvec","OG_5123",1,0,1
"NV2t020462003.1","NV2t020462003.1","Nvec","OG_5123",1,0,1
"NV2t020462004.1","NV2t020462004.1","Nvec","OG_5123",1,0,1
"NV2t020462005.1","NV2t020462005.1","Nvec","OG_5123",1,0,1
"NV2t022647001.1","NV2t022647001.1","Nvec","OG_6695",1,0,0
"NV2t022802001.1","NV2t022802001.1","Nvec","OG_5330",1,1,0
"NV2t023471001.1","NV2t023471001.1","Nvec","OG_5696",1,0,0
"NV2t024737001.1","NV2t024737001.1","Nvec","OG_3811",1,0,0
"NV2t025146001.1","NV2t025146001.1","Nvec","OG_7325",1,1,0
"NV2t025934001.1","NV2t025934001.1","Nvec","OG_186",1,1,1
"NV2t000036001.1","NV2t000036001.1","Nvec","OG_1393",1,1,0
"NV2t000036002.1","NV2t000036002.1","Nvec","OG_1393",1,1,0
"NV2t000060001.1","NV2t000060001.1","Nvec","OG_7427",1,0,0
"NV2t000306001.1","NV2t000306001.1","Nvec","OG_210",1,0,0
"NV2t000324001.1","NV2t000324001.1","Nvec","OG_6011",1,1,0
"NV2t000375001.1","NV2t000375001.1","Nvec","OG_1001",1,1,1
"NV2t000702001.1","NV2t000702001.1","Nvec","OG_7372",1,0,0
"NV2t000702002.1","NV2t000702002.1","Nvec","OG_7372",1,0,0
"NV2t000702003.1","NV2t000702003.1","Nvec","OG_7372",1,0,0
"NV2t000702004.1","NV2t000702004.1","Nvec","OG_7372",1,0,0
"NV2t000702005.1","NV2t000702005.1","Nvec","OG_7372",1,0,0
"NV2t000702006.1","NV2t000702006.1","Nvec","OG_7372",1,0,0
"NV2t000824001.1","NV2t000824001.1","Nvec","OG_213",1,1,0
"NV2t000824002.1","NV2t000824002.1","Nvec","OG_213",1,1,0
"NV2t000824003.1","NV2t000824003.1","Nvec","OG_213",1,1,0
"NV2t001107001.1","NV2t001107001.1","Nvec","OG_2192",1,0,0
"NV2t001156001.1","NV2t001156001.1","Nvec","OG_6007",1,0,0
"NV2t001618001.1","NV2t001618001.1","Nvec","OG_198",1,1,0
"NV2t001645001.1","NV2t001645001.1","Nvec","OG_7296",1,0,0
"NV2t001645002.1","NV2t001645002.1","Nvec","OG_7296",1,0,0
"NV2t001645003.1","NV2t001645003.1","Nvec","OG_7296",1,0,0
"NV2t001645004.1","NV2t001645004.1","Nvec","OG_7296",1,0,0
"NV2t001645005.1","NV2t001645005.1","Nvec","OG_7296",1,0,0
"NV2t001645006.1","NV2t001645006.1","Nvec","OG_7296",1,0,0
"NV2t001883001.1","NV2t001883001.1","Nvec","OG_3727",1,0,1
"NV2t001926001.1","NV2t001926001.1","Nvec","OG_7575",1,0,0
"NV2t002026001.1","NV2t002026001.1","Nvec","OG_7472",1,0,0
"NV2t002268002.1","NV2t002268002.1","Nvec","OG_8629",1,0,0
"NV2t002268004.1","NV2t002268004.1","Nvec","OG_8629",1,0,0
"NV2t002369001.1","NV2t002369001.1","Nvec","OG_186",1,1,1
"NV2t002420001.1","NV2t002420001.1","Nvec","OG_8813",1,0,0
"NV2t002983001.1","NV2t002983001.1","Nvec","OG_8956",1,1,1
"NV2t002983003.1","NV2t002983003.1","Nvec","OG_8956",1,1,1
"NV2t003220001.1","NV2t003220001.1","Nvec","OG_8825",1,0,0
"NV2t003300001.1","NV2t003300001.1","Nvec","OG_336",1,1,1
"NV2t003324001.1","NV2t003324001.1","Nvec","OG_6563",1,1,0
"NV2t003324002.1","NV2t003324002.1","Nvec","OG_6563",1,1,0
"NV2t003324003.1","NV2t003324003.1","Nvec","OG_6563",1,1,0
"NV2t003324004.1","NV2t003324004.1","Nvec","OG_6563",1,1,0
"NV2t003324005.1","NV2t003324005.1","Nvec","OG_6563",1,1,0
"NV2t003324006.1","NV2t003324006.1","Nvec","OG_6563",1,1,0
"NV2t003532001.1","NV2t003532001.1","Nvec","OG_8805",1,1,0
"NV2t003792001.1","NV2t003792001.1","Nvec","OG_336",1,1,1
"NV2t003937001.1","NV2t003937001.1","Nvec","OG_8651",1,0,1
"NV2t004101001.1","NV2t004101001.1","Nvec","OG_1644",1,0,0
"NV2t004150001.1","NV2t004150001.1","Nvec","OG_12084",1,1,0
"NV2t004214001.1","NV2t004214001.1","Nvec","OG_1704",1,0,0
"NV2t004324001.1","NV2t004324001.1","Nvec","OG_1557",1,0,0
"NV2t004347001.1","NV2t004347001.1","Nvec","OG_916",1,1,1
"NV2t004479001.1","NV2t004479001.1","Nvec","OG_12309",1,0,0
"NV2t004482001.1","NV2t004482001.1","Nvec","OG_11881",1,0,0
"NV2t004482002.1","NV2t004482002.1","Nvec","OG_11881",1,0,0
"NV2t004482003.1","NV2t004482003.1","Nvec","OG_11881",1,0,0
"NV2t004578001.1","NV2t004578001.1","Nvec","OG_1621",1,0,0
"NV2t004598001.1","NV2t004598001.1","Nvec","OG_1625",1,0,0
"NV2t004769001.1","NV2t004769001.1","Nvec","OG_281",1,0,1
"NV2t004892001.1","NV2t004892001.1","Nvec","OG_978",1,0,1
"NV2t005019001.1","NV2t005019001.1","Nvec","OG_1696",1,0,0
"NV2t005019002.1","NV2t005019002.1","Nvec","OG_1696",1,0,0
"NV2t005156001.1","NV2t005156001.1","Nvec","OG_978",1,0,1
"NV2t005425001.1","NV2t005425001.1","Nvec","OG_155",1,1,1
"NV2t005461001.1","NV2t005461001.1","Nvec","OG_12192",1,0,0
"NV2t005461002.1","NV2t005461002.1","Nvec","OG_12192",1,0,0
"NV2t005695001.1","NV2t005695001.1","Nvec","OG_165",1,1,1
"NV2t005921001.1","NV2t005921001.1","Nvec","OG_233",1,1,1
"NV2t005921002.1","NV2t005921002.1","Nvec","OG_233",1,1,1
"NV2t006328001.1","NV2t006328001.1","Nvec","OG_4823",1,1,0
"NV2t006436001.1","NV2t006436001.1","Nvec","OG_964",1,0,1
"NV2t006579001.1","NV2t006579001.1","Nvec","OG_9395",1,0,0
"NV2t006835001.1","NV2t006835001.1","Nvec","OG_6294",1,0,0
"NV2t007110001.1","NV2t007110001.1","Nvec","OG_12568",1,1,0
"NV2t007845001.1","NV2t007845001.1","Nvec","OG_3063",1,0,0
"NV2t008276001.1","NV2t008276001.1","Nvec","OG_244",1,1,0
"NV2t008290001.1","NV2t008290001.1","Nvec","OG_4475",1,0,1
"NV2t008290002.1","NV2t008290002.1","Nvec","OG_4475",1,0,1
"NV2t008369001.1","NV2t008369001.1","Nvec","OG_303",1,1,0
"NV2t008374001.1","NV2t008374001.1","Nvec","OG_4518",1,0,0
"NV2t008374002.1","NV2t008374002.1","Nvec","OG_4518",1,0,0
"NV2t008374003.1","NV2t008374003.1","Nvec","OG_4518",1,0,0
"NV2t008384001.1","NV2t008384001.1","Nvec","OG_4514",1,1,0
"NV2t008523001.1","NV2t008523001.1","Nvec","OG_12600",1,0,0
"NV2t008675001.1","NV2t008675001.1","Nvec","OG_10158",1,0,0
"NV2t008735001.1","NV2t008735001.1","Nvec","OG_4588",1,0,0
"NV2t008785001.1","NV2t008785001.1","Nvec","OG_10156",1,1,0
"NV2t009325001.1","NV2t009325001.1","Nvec","OG_5081",1,1,0
"NV2t009630001.1","NV2t009630001.1","Nvec","OG_761",1,1,0
"NV2t009656001.1","NV2t009656001.1","Nvec","OG_6153",1,0,0
"NV2t009659001.1","NV2t009659001.1","Nvec","OG_5081",1,1,0
"NV2t009844001.1","NV2t009844001.1","Nvec","OG_10928",1,1,1
"NV2t009844002.1","NV2t009844002.1","Nvec","OG_10928",1,1,1
"NV2t009844003.1","NV2t009844003.1","Nvec","OG_10928",1,1,1
"NV2t009844004.1","NV2t009844004.1","Nvec","OG_10928",1,1,1
"NV2t009844005.1","NV2t009844005.1","Nvec","OG_10928",1,1,1
"NV2t009915001.1","NV2t009915001.1","Nvec","OG_7852",1,0,0
"NV2t009918001.1","NV2t009918001.1","Nvec","OG_6340",1,1,1
"NV2t009918003.1","NV2t009918003.1","Nvec","OG_6340",1,1,1
"NV2t010153001.1","NV2t010153001.1","Nvec","OG_6141",1,0,0
"NV2t010601001.1","NV2t010601001.1","Nvec","OG_7461",1,1,0
"NV2t010604001.1","NV2t010604001.1","Nvec","OG_7461",1,1,0
"NV2t010618001.1","NV2t010618001.1","Nvec","OG_4276",1,0,0
"NV2t010618002.1","NV2t010618002.1","Nvec","OG_4276",1,0,0
"NV2t010618003.1","NV2t010618003.1","Nvec","OG_4276",1,0,0
"NV2t010680001.1","NV2t010680001.1","Nvec","OG_12552",1,0,0
"NV2t010680002.1","NV2t010680002.1","Nvec","OG_12552",1,0,0
"NV2t010691004.1","NV2t010691004.1","Nvec","OG_1227",1,0,0
"NV2t010772001.1","NV2t010772001.1","Nvec","OG_1000",1,0,0
"NV2t010960001.1","NV2t010960001.1","Nvec","OG_5196",1,0,0
"NV2t010960002.1","NV2t010960002.1","Nvec","OG_5196",1,0,0
"NV2t010965001.1","NV2t010965001.1","Nvec","OG_9616",1,0,0
"NV2t011032001.1","NV2t011032001.1","Nvec","OG_7081",1,0,0
"NV2t011083001.1","NV2t011083001.1","Nvec","OG_9639",1,1,0
"NV2t011097001.1","NV2t011097001.1","Nvec","OG_5043",1,1,0
"NV2t011150001.1","NV2t011150001.1","Nvec","OG_7038",1,0,0
"NV2t011238001.1","NV2t011238001.1","Nvec","OG_9968",1,0,1
"NV2t011311001.1","NV2t011311001.1","Nvec","OG_9786",1,0,0
"NV2t011340001.1","NV2t011340001.1","Nvec","OG_5459",1,0,0
"NV2t011552001.1","NV2t011552001.1","Nvec","OG_9882",1,0,0
"NV2t011552002.1","NV2t011552002.1","Nvec","OG_9882",1,0,0
"NV2t011552003.1","NV2t011552003.1","Nvec","OG_9882",1,0,0
"NV2t011704001.1","NV2t011704001.1","Nvec","OG_10419",1,0,0
"NV2t011749001.1","NV2t011749001.1","Nvec","OG_305",1,1,1
"NV2t011749002.1","NV2t011749002.1","Nvec","OG_305",1,1,1
"NV2t011749003.1","NV2t011749003.1","Nvec","OG_305",1,1,1
"NV2t011795001.1","NV2t011795001.1","Nvec","OG_9891",1,0,0
"NV2t011795002.1","NV2t011795002.1","Nvec","OG_9891",1,0,0
"NV2t011795003.1","NV2t011795003.1","Nvec","OG_9891",1,0,0
"NV2t011895001.1","NV2t011895001.1","Nvec","OG_9951",1,0,0
"NV2t011934001.1","NV2t011934001.1","Nvec","OG_9966",1,0,1
"NV2t011934002.1","NV2t011934002.1","Nvec","OG_9966",1,0,1
"NV2t011934003.1","NV2t011934003.1","Nvec","OG_9966",1,0,1
"NV2t012088001.1","NV2t012088001.1","Nvec","OG_149",1,1,1
"NV2t012125001.1","NV2t012125001.1","Nvec","OG_2639",1,0,0
"NV2t012265001.1","NV2t012265001.1","Nvec","OG_938",1,1,1
"NV2t012489003.1","NV2t012489003.1","Nvec","OG_9894",1,0,0
"NV2t012489004.1","NV2t012489004.1","Nvec","OG_9894",1,0,0
"NV2t012738001.1","NV2t012738001.1","Nvec","OG_4141",1,0,0
"NV2t012760001.1","NV2t012760001.1","Nvec","OG_6913",1,0,0
"NV2t012803001.1","NV2t012803001.1","Nvec","OG_7100",1,0,0
"NV2t013095001.1","NV2t013095001.1","Nvec","OG_973",1,0,1
"NV2t013299001.1","NV2t013299001.1","Nvec","OG_10820",1,0,0
"NV2t013393001.1","NV2t013393001.1","Nvec","OG_11010",1,0,0
"NV2t013463004.1","NV2t013463004.1","Nvec","OG_10221",1,1,1
"NV2t013593001.1","NV2t013593001.1","Nvec","OG_615",1,1,1
"NV2t013593002.1","NV2t013593002.1","Nvec","OG_615",1,1,1
"NV2t013650004.1","NV2t013650004.1","Nvec","OG_352",1,1,1
"NV2t013738001.1","NV2t013738001.1","Nvec","OG_5235",1,1,1
"NV2t013944001.1","NV2t013944001.1","Nvec","OG_5051",1,1,0
"NV2t013972001.1","NV2t013972001.1","Nvec","OG_11889",1,1,0
"NV2t013972002.1","NV2t013972002.1","Nvec","OG_11889",1,1,0
"NV2t013977001.1","NV2t013977001.1","Nvec","OG_11889",1,1,0
"NV2t013977002.1","NV2t013977002.1","Nvec","OG_11889",1,1,0
"NV2t013997001.1","NV2t013997001.1","Nvec","OG_5120",1,0,1
"NV2t013997002.1","NV2t013997002.1","Nvec","OG_5120",1,0,1
"NV2t013997003.1","NV2t013997003.1","Nvec","OG_5120",1,0,1
"NV2t013997004.1","NV2t013997004.1","Nvec","OG_5120",1,0,1
"NV2t013997005.1","NV2t013997005.1","Nvec","OG_5120",1,0,1
"NV2t013997006.1","NV2t013997006.1","Nvec","OG_5120",1,0,1
"NV2t013997007.1","NV2t013997007.1","Nvec","OG_5120",1,0,1
"NV2t014055001.1","NV2t014055001.1","Nvec","OG_4371",1,0,0
"NV2t014055002.1","NV2t014055002.1","Nvec","OG_4371",1,0,0
"NV2t014055003.1","NV2t014055003.1","Nvec","OG_4371",1,0,0
"NV2t014055004.1","NV2t014055004.1","Nvec","OG_4371",1,0,0
"NV2t014055005.1","NV2t014055005.1","Nvec","OG_4371",1,0,0
"NV2t014055006.1","NV2t014055006.1","Nvec","OG_4371",1,0,0
"NV2t014055007.1","NV2t014055007.1","Nvec","OG_4371",1,0,0
"NV2t014060001.1","NV2t014060001.1","Nvec","OG_4371",1,0,0
"NV2t014097001.1","NV2t014097001.1","Nvec","OG_5081",1,1,0
"NV2t014222001.1","NV2t014222001.1","Nvec","OG_1271",1,0,0
"NV2t014222002.1","NV2t014222002.1","Nvec","OG_1271",1,0,0
"NV2t014293001.1","NV2t014293001.1","Nvec","OG_6051",1,0,1
"NV2t014293002.1","NV2t014293002.1","Nvec","OG_6051",1,0,1
"NV2t014293003.1","NV2t014293003.1","Nvec","OG_6051",1,0,1
"NV2t014293004.1","NV2t014293004.1","Nvec","OG_6051",1,0,1
"NV2t014362001.1","NV2t014362001.1","Nvec","OG_107",1,0,0
"NV2t014401001.1","NV2t014401001.1","Nvec","OG_176",1,1,1
"NV2t014455001.1","NV2t014455001.1","Nvec","OG_4432",1,0,0
"NV2t014571001.1","NV2t014571001.1","Nvec","OG_5239",1,0,1
"NV2t014754001.1","NV2t014754001.1","Nvec","OG_10196",1,1,0
"NV2t014977006.1","NV2t014977006.1","Nvec","OG_10151",1,1,0
"NV2t015048001.1","NV2t015048001.1","Nvec","OG_12144",1,0,0
"NV2t015058001.1","NV2t015058001.1","Nvec","OG_12144",1,0,0
"NV2t015173001.1","NV2t015173001.1","Nvec","OG_5081",1,1,0
"NV2t015180001.1","NV2t015180001.1","Nvec","OG_5081",1,1,0
"NV2t015327001.1","NV2t015327001.1","Nvec","OG_10092",1,0,0
"NV2t015577001.1","NV2t015577001.1","Nvec","OG_8044",1,0,1
"NV2t015577002.1","NV2t015577002.1","Nvec","OG_8044",1,0,1
"NV2t015577003.1","NV2t015577003.1","Nvec","OG_8044",1,0,1
"NV2t015577004.1","NV2t015577004.1","Nvec","OG_8044",1,0,1
"NV2t015732001.1","NV2t015732001.1","Nvec","OG_2366",1,0,0
"NV2t015741001.1","NV2t015741001.1","Nvec","OG_6565",1,0,0
"NV2t015852001.1","NV2t015852001.1","Nvec","OG_7707",1,0,1
"NV2t015963001.1","NV2t015963001.1","Nvec","OG_7819",1,0,0
"NV2t016130003.1","NV2t016130003.1","Nvec","OG_7911",1,0,0
"NV2t016130004.1","NV2t016130004.1","Nvec","OG_7912",1,0,0
"NV2t016171002.1","NV2t016171002.1","Nvec","OG_12527",1,0,1
"NV2t016232001.1","NV2t016232001.1","Nvec","OG_2403",1,1,0
"NV2t016254001.1","NV2t016254001.1","Nvec","OG_7689",1,1,0
"NV2t016587001.1","NV2t016587001.1","Nvec","OG_2379",1,1,0
"NV2t016632001.1","NV2t016632001.1","Nvec","OG_7983",1,0,0
"NV2t017141001.1","NV2t017141001.1","Nvec","OG_8011",1,0,0
"NV2t017311001.1","NV2t017311001.1","Nvec","OG_7729",1,0,0
"NV2t017461001.1","NV2t017461001.1","Nvec","OG_1822",1,1,0
"NV2t017461002.1","NV2t017461002.1","Nvec","OG_1822",1,1,0
"NV2t017461003.1","NV2t017461003.1","Nvec","OG_1822",1,1,0
"NV2t017461004.1","NV2t017461004.1","Nvec","OG_1822",1,1,0
"NV2t017461005.1","NV2t017461005.1","Nvec","OG_1822",1,1,0
"NV2t017464001.1","NV2t017464001.1","Nvec","OG_12684",1,0,0
"NV2t017738001.1","NV2t017738001.1","Nvec","OG_1835",1,0,0
"NV2t017867001.1","NV2t017867001.1","Nvec","OG_11073",1,0,0
"NV2t017867002.1","NV2t017867002.1","Nvec","OG_11073",1,0,0
"NV2t017867003.1","NV2t017867003.1","Nvec","OG_11073",1,0,0
"NV2t017867004.1","NV2t017867004.1","Nvec","OG_11073",1,0,0
"NV2t017886001.1","NV2t017886001.1","Nvec","OG_11297",1,1,0
"NV2t017886002.1","NV2t017886002.1","Nvec","OG_11297",1,1,0
"NV2t017895001.1","NV2t017895001.1","Nvec","OG_10883",1,0,0
"NV2t017908001.1","NV2t017908001.1","Nvec","OG_1515",1,0,0
"NV2t017908002.1","NV2t017908002.1","Nvec","OG_1515",1,0,0
"NV2t018015001.1","NV2t018015001.1","Nvec","OG_6267",1,0,0
"NV2t018211001.1","NV2t018211001.1","Nvec","OG_3280",1,0,0
"NV2t018246001.1","NV2t018246001.1","Nvec","OG_11225",1,1,0
"NV2t018246002.1","NV2t018246002.1","Nvec","OG_11225",1,1,0
"NV2t018246003.1","NV2t018246003.1","Nvec","OG_11225",1,1,0
"NV2t018246004.1","NV2t018246004.1","Nvec","OG_11225",1,1,0
"NV2t018246005.1","NV2t018246005.1","Nvec","OG_11225",1,1,0
"NV2t018353001.1","NV2t018353001.1","Nvec","OG_8362",1,0,0
"NV2t018633001.1","NV2t018633001.1","Nvec","OG_3306",1,0,1
"NV2t018633002.1","NV2t018633002.1","Nvec","OG_3306",1,0,1
"NV2t018682001.1","NV2t018682001.1","Nvec","OG_3236",1,1,1
"NV2t018682003.1","NV2t018682003.1","Nvec","OG_3236",1,1,1
"NV2t018682004.1","NV2t018682004.1","Nvec","OG_3236",1,1,1
"NV2t018682005.1","NV2t018682005.1","Nvec","OG_3236",1,1,1
"NV2t018682007.1","NV2t018682007.1","Nvec","OG_3236",1,1,1
"NV2t018682009.1","NV2t018682009.1","Nvec","OG_3236",1,1,1
"NV2t018682010.1","NV2t018682010.1","Nvec","OG_3236",1,1,1
"NV2t018682011.1","NV2t018682011.1","Nvec","OG_3236",1,1,1
"NV2t018688001.1","NV2t018688001.1","Nvec","OG_5081",1,1,0
"NV2t018711001.1","NV2t018711001.1","Nvec","OG_4960",1,1,0
"NV2t018750001.1","NV2t018750001.1","Nvec","OG_144",1,1,1
"NV2t018750002.1","NV2t018750002.1","Nvec","OG_297",1,1,1
"NV2t018750006.1","NV2t018750006.1","Nvec","OG_297",1,1,1
"NV2t018751002.1","NV2t018751002.1","Nvec","OG_11157",1,0,0
"NV2t018751003.1","NV2t018751003.1","Nvec","OG_11157",1,0,0
"NV2t018762001.1","NV2t018762001.1","Nvec","OG_1007",1,0,0
"NV2t018889001.1","NV2t018889001.1","Nvec","OG_1864",1,0,0
"NV2t018992001.1","NV2t018992001.1","Nvec","OG_8323",1,0,0
"NV2t019085001.1","NV2t019085001.1","Nvec","OG_3322",1,0,0
"NV2t019312001.1","NV2t019312001.1","Nvec","OG_2916",1,1,0
"NV2t019516001.1","NV2t019516001.1","Nvec","OG_6125",1,0,0
"NV2t019547001.1","NV2t019547001.1","Nvec","OG_2777",1,0,0
"NV2t019547002.1","NV2t019547002.1","Nvec","OG_2777",1,0,0
"NV2t019685001.1","NV2t019685001.1","Nvec","OG_8136",1,0,0
"NV2t019955001.1","NV2t019955001.1","Nvec","OG_2856",1,0,0
"NV2t020097001.1","NV2t020097001.1","Nvec","OG_775",1,1,0
"NV2t020271001.1","NV2t020271001.1","Nvec","OG_10533",1,0,0
"NV2t020271003.1","NV2t020271003.1","Nvec","OG_10533",1,0,0
"NV2t020271004.1","NV2t020271004.1","Nvec","OG_10533",1,0,0
"NV2t020271005.1","NV2t020271005.1","Nvec","OG_10533",1,0,0
"NV2t020271006.1","NV2t020271006.1","Nvec","OG_10533",1,0,0
"NV2t020271007.1","NV2t020271007.1","Nvec","OG_10533",1,0,0
"NV2t020551001.1","NV2t020551001.1","Nvec","OG_2981",1,0,0
"NV2t020551002.1","NV2t020551002.1","Nvec","OG_2981",1,0,0
"NV2t020616001.1","NV2t020616001.1","Nvec","OG_10581",1,1,0
"NV2t020616002.1","NV2t020616002.1","Nvec","OG_10581",1,1,0
"NV2t020616003.1","NV2t020616003.1","Nvec","OG_10581",1,1,0
"NV2t020616004.1","NV2t020616004.1","Nvec","OG_10581",1,1,0
"NV2t020616005.1","NV2t020616005.1","Nvec","OG_10581",1,1,0
"NV2t020616006.1","NV2t020616006.1","Nvec","OG_10581",1,1,0
"NV2t020616007.1","NV2t020616007.1","Nvec","OG_10581",1,1,0
"NV2t020616008.1","NV2t020616008.1","Nvec","OG_10581",1,1,0
"NV2t020616009.1","NV2t020616009.1","Nvec","OG_10581",1,1,0
"NV2t020616010.1","NV2t020616010.1","Nvec","OG_10581",1,1,0
"NV2t020616011.1","NV2t020616011.1","Nvec","OG_10581",1,1,0
"NV2t020616012.1","NV2t020616012.1","Nvec","OG_10581",1,1,0
"NV2t020616013.1","NV2t020616013.1","Nvec","OG_10581",1,1,0
"NV2t020616014.1","NV2t020616014.1","Nvec","OG_10581",1,1,0
"NV2t020616015.1","NV2t020616015.1","Nvec","OG_10581",1,1,0
"NV2t020616016.1","NV2t020616016.1","Nvec","OG_10581",1,1,0
"NV2t020672001.1","NV2t020672001.1","Nvec","OG_1076",1,1,1
"NV2t020698001.1","NV2t020698001.1","Nvec","OG_5917",1,0,0
"NV2t020698003.1","NV2t020698003.1","Nvec","OG_5917",1,0,0
"NV2t020698004.1","NV2t020698004.1","Nvec","OG_5917",1,0,0
"NV2t020698005.1","NV2t020698005.1","Nvec","OG_5917",1,0,0
"NV2t020698006.1","NV2t020698006.1","Nvec","OG_5917",1,0,0
"NV2t020844001.1","NV2t020844001.1","Nvec","OG_10545",1,0,0
"NV2t020966001.1","NV2t020966001.1","Nvec","OG_741",1,0,1
"NV2t021263001.1","NV2t021263001.1","Nvec","OG_1451",1,0,0
"NV2t022413001.1","NV2t022413001.1","Nvec","OG_7235",1,1,1
"NV2t022455002.1","NV2t022455002.1","Nvec","OG_5289",1,1,0
"NV2t022461001.1","NV2t022461001.1","Nvec","OG_9032",1,0,0
"NV2t022466001.1","NV2t022466001.1","Nvec","OG_4780",1,0,0
"NV2t022466002.1","NV2t022466002.1","Nvec","OG_4780",1,0,0
"NV2t022466003.1","NV2t022466003.1","Nvec","OG_4780",1,0,0
"NV2t022569006.1","NV2t022569006.1","Nvec","OG_5960",1,0,0
"NV2t022572001.1","NV2t022572001.1","Nvec","OG_9019",1,1,0
"NV2t022572002.1","NV2t022572002.1","Nvec","OG_9019",1,1,0
"NV2t022837001.1","NV2t022837001.1","Nvec","OG_11489",1,0,1
"NV2t022837002.1","NV2t022837002.1","Nvec","OG_11489",1,0,1
"NV2t022837003.1","NV2t022837003.1","Nvec","OG_11489",1,0,1
"NV2t022930001.1","NV2t022930001.1","Nvec","OG_11588",1,0,0
"NV2t023086001.1","NV2t023086001.1","Nvec","OG_11752",1,0,0
"NV2t023477001.1","NV2t023477001.1","Nvec","OG_646",1,0,0
"NV2t023969001.1","NV2t023969001.1","Nvec","OG_11518",1,0,0
"NV2t024546001.1","NV2t024546001.1","Nvec","OG_596",1,1,1
"NV2t024561001.1","NV2t024561001.1","Nvec","OG_6305",1,0,0
"NV2t024811001.1","NV2t024811001.1","Nvec","OG_5969",1,0,1
"NV2t024879001.1","NV2t024879001.1","Nvec","OG_6163",1,0,0
"NV2t025090001.1","NV2t025090001.1","Nvec","OG_6514",1,1,0
"NV2t025090002.1","NV2t025090002.1","Nvec","OG_6514",1,1,0
"NV2t025090003.1","NV2t025090003.1","Nvec","OG_6514",1,1,0
"NV2t025117001.1","NV2t025117001.1","Nvec","OG_3533",1,0,0
"NV2t025184001.1","NV2t025184001.1","Nvec","OG_6418",1,0,0
"NV2t025184002.1","NV2t025184002.1","Nvec","OG_6418",1,0,0
"NV2t025332001.1","NV2t025332001.1","Nvec","OG_3661",1,0,0
"NV2t025332002.1","NV2t025332002.1","Nvec","OG_11424",1,0,0
"NV2t025332003.1","NV2t025332003.1","Nvec","OG_11424",1,0,0
"NV2t025332005.1","NV2t025332005.1","Nvec","OG_3661",1,0,0
"NV2t025332006.1","NV2t025332006.1","Nvec","OG_3661",1,0,0
"NV2t025332007.1","NV2t025332007.1","Nvec","OG_3661",1,0,0
"NV2t025334001.1","NV2t025334001.1","Nvec","OG_6520",1,0,0
"NV2t025334002.1","NV2t025334002.1","Nvec","OG_6520",1,0,0
"NV2t025380001.1","NV2t025380001.1","Nvec","OG_3369",1,1,0
"NV2t025380002.1","NV2t025380002.1","Nvec","OG_3369",1,1,0
"NV2t025383001.1","NV2t025383001.1","Nvec","OG_198",1,1,0
"NV2t025394001.1","NV2t025394001.1","Nvec","OG_797",1,1,1
"NV2t025394002.1","NV2t025394002.1","Nvec","OG_797",1,1,1
"NV2t025395001.1","NV2t025395001.1","Nvec","OG_797",1,1,1
"NV2t025407001.1","NV2t025407001.1","Nvec","OG_5023",1,0,0
"NV2t025608001.1","NV2t025608001.1","Nvec","OG_6989",1,0,0
"NV2t025715001.1","NV2t025715001.1","Nvec","OG_12662",1,0,0
"NV2t025770001.1","NV2t025770001.1","Nvec","OG_761",1,1,0
"NV2t025784001.1","NV2t025784001.1","Nvec","OG_5081",1,1,0
"NV2t025784002.1","NV2t025784002.1","Nvec","OG_5081",1,1,0
"NV2t025945001.1","NV2t025945001.1","Nvec","OG_505",1,0,0
"NV2t025988001.1","NV2t025988001.1","Nvec","OG_7406",1,0,0
"NV2t001368001.1","NV2t001368001.1","Nvec","OG_2070",1,0,1
"NV2t001610001.1","NV2t001610001.1","Nvec","OG_1004",1,0,0
"NV2t001610003.1","NV2t001610003.1","Nvec","OG_1004",1,0,0
"NV2t001726001.1","NV2t001726001.1","Nvec","OG_6999",1,0,0
"NV2t001734001.1","NV2t001734001.1","Nvec","OG_2302",1,0,1
"NV2t001783001.1","NV2t001783001.1","Nvec","OG_819",1,1,0
"NV2t001783002.1","NV2t001783002.1","Nvec","OG_819",1,1,0
"NV2t001783003.1","NV2t001783003.1","Nvec","OG_819",1,1,0
"NV2t001783004.1","NV2t001783004.1","Nvec","OG_819",1,1,0
"NV2t001783005.1","NV2t001783005.1","Nvec","OG_819",1,1,0
"NV2t001783006.1","NV2t001783006.1","Nvec","OG_819",1,1,0
"NV2t002161001.1","NV2t002161001.1","Nvec","OG_7441",1,0,0
"NV2t002544001.1","NV2t002544001.1","Nvec","OG_6660",1,0,1
"NV2t002630001.1","NV2t002630001.1","Nvec","OG_3856",1,0,0
"NV2t002630002.1","NV2t002630002.1","Nvec","OG_3856",1,0,0
"NV2t002630003.1","NV2t002630003.1","Nvec","OG_3856",1,0,0
"NV2t002853001.1","NV2t002853001.1","Nvec","OG_5291",1,1,1
"NV2t003017001.1","NV2t003017001.1","Nvec","OG_257",1,1,1
"NV2t003693001.1","NV2t003693001.1","Nvec","OG_408",1,1,1
"NV2t003926001.1","NV2t003926001.1","Nvec","OG_5307",1,1,0
"NV2t004014001.1","NV2t004014001.1","Nvec","OG_349",1,0,1
"NV2t004061001.1","NV2t004061001.1","Nvec","OG_1355",1,1,1
"NV2t004064001.1","NV2t004064001.1","Nvec","OG_10779",1,0,1
"NV2t004808001.1","NV2t004808001.1","Nvec","OG_1749",1,0,0
"NV2t004808002.1","NV2t004808002.1","Nvec","OG_1749",1,0,0
"NV2t004877001.1","NV2t004877001.1","Nvec","OG_1007",1,0,0
"NV2t004877003.1","NV2t004877003.1","Nvec","OG_1007",1,0,0
"NV2t004877005.1","NV2t004877005.1","Nvec","OG_1007",1,0,0
"NV2t005344001.1","NV2t005344001.1","Nvec","OG_1767",1,1,1
"NV2t005412001.1","NV2t005412001.1","Nvec","OG_11834",1,0,0
"NV2t005870001.1","NV2t005870001.1","Nvec","OG_9351",1,0,0
"NV2t006079001.1","NV2t006079001.1","Nvec","OG_1281",1,1,1
"NV2t006079002.1","NV2t006079002.1","Nvec","OG_1281",1,1,1
"NV2t006081001.1","NV2t006081001.1","Nvec","OG_1281",1,1,1
"NV2t006081002.1","NV2t006081002.1","Nvec","OG_1281",1,1,1
"NV2t006081003.1","NV2t006081003.1","Nvec","OG_1281",1,1,1
"NV2t006081004.1","NV2t006081004.1","Nvec","OG_1281",1,1,1
"NV2t006081005.1","NV2t006081005.1","Nvec","OG_1281",1,1,1
"NV2t006081006.1","NV2t006081006.1","Nvec","OG_1281",1,1,1
"NV2t006081007.1","NV2t006081007.1","Nvec","OG_1281",1,1,1
"NV2t006525001.1","NV2t006525001.1","Nvec","OG_257",1,1,1
"NV2t006775001.1","NV2t006775001.1","Nvec","OG_9393",1,0,1
"NV2t006775003.1","NV2t006775003.1","Nvec","OG_9393",1,0,1
"NV2t007120001.1","NV2t007120001.1","Nvec","OG_245",1,0,0
"NV2t007136002.1","NV2t007136002.1","Nvec","OG_6524",1,0,1
"NV2t007136003.1","NV2t007136003.1","Nvec","OG_6524",1,0,1
"NV2t007136004.1","NV2t007136004.1","Nvec","OG_6524",1,0,1
"NV2t007230001.1","NV2t007230001.1","Nvec","OG_8523",1,1,0
"NV2t007319001.1","NV2t007319001.1","Nvec","OG_245",1,0,0
"NV2t007677001.1","NV2t007677001.1","Nvec","OG_434",1,0,0
"NV2t007712001.1","NV2t007712001.1","Nvec","OG_6626",1,0,0
"NV2t007898001.1","NV2t007898001.1","Nvec","OG_8191",1,1,0
"NV2t008354001.1","NV2t008354001.1","Nvec","OG_10051",1,0,0
"NV2t008641001.1","NV2t008641001.1","Nvec","OG_9994",1,0,0
"NV2t010637001.1","NV2t010637001.1","Nvec","OG_5090",1,1,1
"NV2t010873001.1","NV2t010873001.1","Nvec","OG_511",1,0,1
"NV2t011109001.1","NV2t011109001.1","Nvec","OG_7000",1,0,0
"NV2t011435001.1","NV2t011435001.1","Nvec","OG_4112",1,0,0
"NV2t011536002.1","NV2t011536002.1","Nvec","OG_4080",1,0,1
"NV2t011536003.1","NV2t011536003.1","Nvec","OG_4080",1,0,1
"NV2t011536004.1","NV2t011536004.1","Nvec","OG_4080",1,0,1
"NV2t012228001.1","NV2t012228001.1","Nvec","OG_176",1,1,1
"NV2t012485001.1","NV2t012485001.1","Nvec","OG_9893",1,0,1
"NV2t012785001.1","NV2t012785001.1","Nvec","OG_4113",1,0,0
"NV2t012885001.1","NV2t012885001.1","Nvec","OG_10789",1,0,0
"NV2t012996001.1","NV2t012996001.1","Nvec","OG_9883",1,0,0
"NV2t013447001.1","NV2t013447001.1","Nvec","OG_10370",1,0,0
"NV2t013508001.1","NV2t013508001.1","Nvec","OG_10105",1,0,0
"NV2t013508002.1","NV2t013508002.1","Nvec","OG_10105",1,0,0
"NV2t013508003.1","NV2t013508003.1","Nvec","OG_10105",1,0,0
"NV2t013536002.1","NV2t013536002.1","Nvec","OG_10101",1,1,0
"NV2t013786001.1","NV2t013786001.1","Nvec","OG_10916",1,0,0
"NV2t013786002.1","NV2t013786002.1","Nvec","OG_10916",1,0,0
"NV2t014091001.1","NV2t014091001.1","Nvec","OG_345",1,0,1
"NV2t014538001.1","NV2t014538001.1","Nvec","OG_10320",1,0,0
"NV2t014538002.1","NV2t014538002.1","Nvec","OG_10320",1,0,0
"NV2t015386001.1","NV2t015386001.1","Nvec","OG_2543",1,0,1
"NV2t015386002.1","NV2t015386002.1","Nvec","OG_2543",1,0,1
"NV2t015443001.1","NV2t015443001.1","Nvec","OG_10779",1,0,1
"NV2t016238001.1","NV2t016238001.1","Nvec","OG_5284",1,1,0
"NV2t016238002.1","NV2t016238002.1","Nvec","OG_5284",1,1,0
"NV2t016238004.1","NV2t016238004.1","Nvec","OG_5284",1,1,0
"NV2t016238005.1","NV2t016238005.1","Nvec","OG_5284",1,1,0
"NV2t016330001.1","NV2t016330001.1","Nvec","OG_2581",1,0,0
"NV2t016330002.1","NV2t016330002.1","Nvec","OG_2581",1,0,0
"NV2t016524001.1","NV2t016524001.1","Nvec","OG_5773",1,0,0
"NV2t017169001.1","NV2t017169001.1","Nvec","OG_7732",1,0,0
"NV2t017644004.1","NV2t017644004.1","Nvec","OG_1083",1,1,0
"NV2t017803001.1","NV2t017803001.1","Nvec","OG_11100",1,1,1
"NV2t017803002.1","NV2t017803002.1","Nvec","OG_11100",1,1,1
"NV2t017868001.1","NV2t017868001.1","Nvec","OG_1845",1,0,0
"NV2t017868002.1","NV2t017868002.1","Nvec","OG_1845",1,0,0
"NV2t017869001.1","NV2t017869001.1","Nvec","OG_1846",1,0,0
"NV2t017955001.1","NV2t017955001.1","Nvec","OG_5796",1,0,0
"NV2t017993001.1","NV2t017993001.1","Nvec","OG_155",1,1,1
"NV2t018180001.1","NV2t018180001.1","Nvec","OG_3330",1,0,1
"NV2t018235001.1","NV2t018235001.1","Nvec","OG_7041",1,1,0
"NV2t018354001.1","NV2t018354001.1","Nvec","OG_8363",1,0,1
"NV2t018354002.1","NV2t018354002.1","Nvec","OG_8363",1,0,1
"NV2t018425001.1","NV2t018425001.1","Nvec","OG_11193",1,0,0
"NV2t018501001.1","NV2t018501001.1","Nvec","OG_1919",1,0,0
"NV2t018604001.1","NV2t018604001.1","Nvec","OG_11197",1,0,0
"NV2t019015001.1","NV2t019015001.1","Nvec","OG_8172",1,0,0
"NV2t019272001.1","NV2t019272001.1","Nvec","OG_1506",1,0,0
"NV2t019272002.1","NV2t019272002.1","Nvec","OG_1506",1,0,0
"NV2t019272003.1","NV2t019272003.1","Nvec","OG_1506",1,0,0
"NV2t019272004.1","NV2t019272004.1","Nvec","OG_1506",1,0,0
"NV2t019573001.1","NV2t019573001.1","Nvec","OG_10565",1,0,0
"NV2t019573002.1","NV2t019573002.1","Nvec","OG_10565",1,0,0
"NV2t019573003.1","NV2t019573003.1","Nvec","OG_10565",1,0,0
"NV2t019573004.1","NV2t019573004.1","Nvec","OG_10565",1,0,0
"NV2t019641001.1","NV2t019641001.1","Nvec","OG_9097",1,0,0
"NV2t020268001.1","NV2t020268001.1","Nvec","OG_1354",1,0,0
"NV2t020512001.1","NV2t020512001.1","Nvec","OG_10444",1,1,0
"NV2t020512002.1","NV2t020512002.1","Nvec","OG_10444",1,1,0
"NV2t020784001.1","NV2t020784001.1","Nvec","OG_210",1,0,0
"NV2t020867001.1","NV2t020867001.1","Nvec","OG_10447",1,0,0
"NV2t021158003.1","NV2t021158003.1","Nvec","OG_396",1,1,0
"NV2t021158010.1","NV2t021158010.1","Nvec","OG_396",1,1,0
"NV2t021158014.1","NV2t021158014.1","Nvec","OG_396",1,1,0
"NV2t021158015.1","NV2t021158015.1","Nvec","OG_396",1,1,0
"NV2t021158016.1","NV2t021158016.1","Nvec","OG_396",1,1,0
"NV2t021158019.1","NV2t021158019.1","Nvec","OG_396",1,1,0
"NV2t021576001.1","NV2t021576001.1","Nvec","OG_521",1,1,1
"NV2t021903001.1","NV2t021903001.1","Nvec","OG_1149",1,1,1
"NV2t021903002.1","NV2t021903002.1","Nvec","OG_1149",1,1,1
"NV2t021903003.1","NV2t021903003.1","Nvec","OG_1149",1,1,1
"NV2t021903004.1","NV2t021903004.1","Nvec","OG_1149",1,1,1
"NV2t021904001.1","NV2t021904001.1","Nvec","OG_1149",1,1,1
"NV2t022260001.1","NV2t022260001.1","Nvec","OG_9158",1,0,1
"NV2t022260002.1","NV2t022260002.1","Nvec","OG_9158",1,0,1
"NV2t022260003.1","NV2t022260003.1","Nvec","OG_9158",1,0,1
"NV2t022260004.1","NV2t022260004.1","Nvec","OG_9158",1,0,1
"NV2t022260005.1","NV2t022260005.1","Nvec","OG_9158",1,0,1
"NV2t022260006.1","NV2t022260006.1","Nvec","OG_9158",1,0,1
"NV2t022260007.1","NV2t022260007.1","Nvec","OG_9158",1,0,1
"NV2t022260008.1","NV2t022260008.1","Nvec","OG_9158",1,0,1
"NV2t022354002.1","NV2t022354002.1","Nvec","OG_4692",1,0,0
"NV2t022354004.1","NV2t022354004.1","Nvec","OG_4692",1,0,0
"NV2t022500001.1","NV2t022500001.1","Nvec","OG_1150",1,0,0
"NV2t022500002.1","NV2t022500002.1","Nvec","OG_1150",1,0,0
"NV2t022758001.1","NV2t022758001.1","Nvec","OG_853",1,1,1
"NV2t022772001.1","NV2t022772001.1","Nvec","OG_9288",1,1,0
"NV2t023144001.1","NV2t023144001.1","Nvec","OG_11598",1,0,0
"NV2t023144002.1","NV2t023144002.1","Nvec","OG_11598",1,0,0
"NV2t023144003.1","NV2t023144003.1","Nvec","OG_11598",1,0,0
"NV2t023520001.1","NV2t023520001.1","Nvec","OG_5699",1,0,0
"NV2t023581001.1","NV2t023581001.1","Nvec","OG_3492",1,0,0
"NV2t023581002.1","NV2t023581002.1","Nvec","OG_3492",1,0,0
"NV2t023801001.1","NV2t023801001.1","Nvec","OG_6380",1,0,0
"NV2t023936001.1","NV2t023936001.1","Nvec","OG_11730",1,0,0
"NV2t023936002.1","NV2t023936002.1","Nvec","OG_11730",1,0,0
"NV2t024320001.1","NV2t024320001.1","Nvec","OG_257",1,1,1
"NV2t024393001.1","NV2t024393001.1","Nvec","OG_8566",1,0,0
"NV2t024568001.1","NV2t024568001.1","Nvec","OG_11469",1,0,0
"NV2t024626001.1","NV2t024626001.1","Nvec","OG_470",1,1,0
"NV2t024741001.1","NV2t024741001.1","Nvec","OG_428",1,0,1
"NV2t024741002.1","NV2t024741002.1","Nvec","OG_428",1,0,1
"NV2t024741003.1","NV2t024741003.1","Nvec","OG_428",1,0,1
"NV2t024741004.1","NV2t024741004.1","Nvec","OG_428",1,0,1
"NV2t024977001.1","NV2t024977001.1","Nvec","OG_629",1,0,0
"NV2t024977002.1","NV2t024977002.1","Nvec","OG_629",1,0,0
"NV2t025035001.1","NV2t025035001.1","Nvec","OG_257",1,1,1
"NV2t025264001.1","NV2t025264001.1","Nvec","OG_5024",1,0,0
"NV2t025329001.1","NV2t025329001.1","Nvec","OG_12654",1,0,0
"NV2t025372001.1","NV2t025372001.1","Nvec","OG_410",1,0,0
"NV2t025372002.1","NV2t025372002.1","Nvec","OG_410",1,0,0
"NV2t025582001.1","NV2t025582001.1","Nvec","OG_257",1,1,1
"NV2t000007001.1","NV2t000007001.1","Nvec","OG_5849",1,0,0
"NV2t000019001.1","NV2t000019001.1","Nvec","OG_1144",1,0,0
"NV2t000075001.1","NV2t000075001.1","Nvec","OG_617",1,1,1
"NV2t000082001.1","NV2t000082001.1","Nvec","OG_2294",1,0,1
"NV2t000141001.1","NV2t000141001.1","Nvec","OG_7374",1,0,0
"NV2t000378001.1","NV2t000378001.1","Nvec","OG_2296",1,0,0
"NV2t000392001.1","NV2t000392001.1","Nvec","OG_5987",1,0,0
"NV2t000392004.1","NV2t000392004.1","Nvec","OG_5987",1,0,0
"NV2t000426001.1","NV2t000426001.1","Nvec","OG_5856",1,0,0
"NV2t000610001.1","NV2t000610001.1","Nvec","OG_2154",1,0,0
"NV2t000610002.1","NV2t000610002.1","Nvec","OG_2154",1,0,0
"NV2t000610003.1","NV2t000610003.1","Nvec","OG_2154",1,0,0
"NV2t000631001.1","NV2t000631001.1","Nvec","OG_2185",1,1,0
"NV2t000631002.1","NV2t000631002.1","Nvec","OG_2185",1,1,0
"NV2t000643001.1","NV2t000643001.1","Nvec","OG_7003",1,1,0
"NV2t000668001.1","NV2t000668001.1","Nvec","OG_1402",1,0,1
"NV2t000668002.1","NV2t000668002.1","Nvec","OG_1402",1,0,1
"NV2t000668003.1","NV2t000668003.1","Nvec","OG_1402",1,0,1
"NV2t000668004.1","NV2t000668004.1","Nvec","OG_1402",1,0,1
"NV2t000668005.1","NV2t000668005.1","Nvec","OG_1402",1,0,1
"NV2t000668006.1","NV2t000668006.1","Nvec","OG_1402",1,0,1
"NV2t000668007.1","NV2t000668007.1","Nvec","OG_1402",1,0,1
"NV2t000699001.1","NV2t000699001.1","Nvec","OG_1247",1,1,1
"NV2t000782001.1","NV2t000782001.1","Nvec","OG_173",1,1,1
"NV2t000891001.1","NV2t000891001.1","Nvec","OG_7525",1,0,0
"NV2t000891002.1","NV2t000891002.1","Nvec","OG_7525",1,0,0
"NV2t000891003.1","NV2t000891003.1","Nvec","OG_7525",1,0,0
"NV2t000988001.1","NV2t000988001.1","Nvec","OG_1395",1,1,0
"NV2t000988002.1","NV2t000988002.1","Nvec","OG_1395",1,1,0
"NV2t000988003.1","NV2t000988003.1","Nvec","OG_1395",1,1,0
"NV2t000988004.1","NV2t000988004.1","Nvec","OG_1395",1,1,0
"NV2t001049001.1","NV2t001049001.1","Nvec","OG_7450",1,1,0
"NV2t001113001.1","NV2t001113001.1","Nvec","OG_242",1,1,1
"NV2t001140001.1","NV2t001140001.1","Nvec","OG_7551",1,0,0
"NV2t001227001.1","NV2t001227001.1","Nvec","OG_6527",1,0,0
"NV2t001284001.1","NV2t001284001.1","Nvec","OG_966",1,1,1
"NV2t001385001.1","NV2t001385001.1","Nvec","OG_5434",1,0,0
"NV2t001393001.1","NV2t001393001.1","Nvec","OG_197",1,0,1
"NV2t001399001.1","NV2t001399001.1","Nvec","OG_384",1,1,0
"NV2t001399002.1","NV2t001399002.1","Nvec","OG_384",1,1,0
"NV2t001399003.1","NV2t001399003.1","Nvec","OG_384",1,1,0
"NV2t001477001.1","NV2t001477001.1","Nvec","OG_7631",1,0,0
"NV2t001547001.1","NV2t001547001.1","Nvec","OG_7223",1,1,0
"NV2t001764001.1","NV2t001764001.1","Nvec","OG_7280",1,0,1
"NV2t001844001.1","NV2t001844001.1","Nvec","OG_1396",1,0,0
"NV2t001854001.1","NV2t001854001.1","Nvec","OG_2202",1,1,0
"NV2t001854002.1","NV2t001854002.1","Nvec","OG_2202",1,1,0
"NV2t001903001.1","NV2t001903001.1","Nvec","OG_1145",1,0,0
"NV2t001903002.1","NV2t001903002.1","Nvec","OG_1145",1,0,0
"NV2t001903003.1","NV2t001903003.1","Nvec","OG_1145",1,0,0
"NV2t001903004.1","NV2t001903004.1","Nvec","OG_1145",1,0,0
"NV2t001903005.1","NV2t001903005.1","Nvec","OG_1145",1,0,0
"NV2t001923001.1","NV2t001923001.1","Nvec","OG_1006",1,0,0
"NV2t002018001.1","NV2t002018001.1","Nvec","OG_12723",1,0,0
"NV2t002091001.1","NV2t002091001.1","Nvec","OG_7292",1,0,0
"NV2t002138001.1","NV2t002138001.1","Nvec","OG_7579",1,0,0
"NV2t002260001.1","NV2t002260001.1","Nvec","OG_7572",1,0,0
"NV2t002428001.1","NV2t002428001.1","Nvec","OG_8923",1,0,0
"NV2t002503001.1","NV2t002503001.1","Nvec","OG_8880",1,0,0
"NV2t002508007.1","NV2t002508007.1","Nvec","OG_3901",1,0,1
"NV2t002644002.1","NV2t002644002.1","Nvec","OG_1024",1,0,1
"NV2t002644003.1","NV2t002644003.1","Nvec","OG_1024",1,0,1
"NV2t002669001.1","NV2t002669001.1","Nvec","OG_3941",1,0,0
"NV2t002669002.1","NV2t002669002.1","Nvec","OG_3941",1,0,0
"NV2t002669003.1","NV2t002669003.1","Nvec","OG_3941",1,0,0
"NV2t002669004.1","NV2t002669004.1","Nvec","OG_3941",1,0,0
"NV2t002701001.1","NV2t002701001.1","Nvec","OG_10516",1,1,0
"NV2t002910001.1","NV2t002910001.1","Nvec","OG_8669",1,1,0
"NV2t003022001.1","NV2t003022001.1","Nvec","OG_4051",1,0,0
"NV2t003327001.1","NV2t003327001.1","Nvec","OG_6451",1,0,0
"NV2t003399001.1","NV2t003399001.1","Nvec","OG_4072",1,0,1
"NV2t003459001.1","NV2t003459001.1","Nvec","OG_9007",1,0,1
"NV2t003513001.1","NV2t003513001.1","Nvec","OG_8790",1,0,0
"NV2t003528001.1","NV2t003528001.1","Nvec","OG_3987",1,0,0
"NV2t003616001.1","NV2t003616001.1","Nvec","OG_6550",1,1,1
"NV2t003616002.1","NV2t003616002.1","Nvec","OG_6550",1,1,1
"NV2t003650001.1","NV2t003650001.1","Nvec","OG_333",1,1,0
"NV2t003650003.1","NV2t003650003.1","Nvec","OG_333",1,1,0
"NV2t003736001.1","NV2t003736001.1","Nvec","OG_1117",1,1,0
"NV2t003736002.1","NV2t003736002.1","Nvec","OG_1117",1,1,0
"NV2t003736003.1","NV2t003736003.1","Nvec","OG_1117",1,1,0
"NV2t003770001.1","NV2t003770001.1","Nvec","OG_8857",1,0,1
"NV2t003825001.1","NV2t003825001.1","Nvec","OG_7084",1,0,0
"NV2t003900001.1","NV2t003900001.1","Nvec","OG_11191",1,0,1
"NV2t004032001.1","NV2t004032001.1","Nvec","OG_12171",1,0,0
"NV2t004067001.1","NV2t004067001.1","Nvec","OG_12041",1,1,1
"NV2t004142001.1","NV2t004142001.1","Nvec","OG_11823",1,0,0
"NV2t004142002.1","NV2t004142002.1","Nvec","OG_11823",1,0,0
"NV2t004300001.1","NV2t004300001.1","Nvec","OG_1726",1,0,0
"NV2t004300002.1","NV2t004300002.1","Nvec","OG_1726",1,0,0
"NV2t004313001.1","NV2t004313001.1","Nvec","OG_1782",1,0,0
"NV2t004314001.1","NV2t004314001.1","Nvec","OG_683",1,1,1
"NV2t004367001.1","NV2t004367001.1","Nvec","OG_905",1,1,1
"NV2t004367002.1","NV2t004367002.1","Nvec","OG_905",1,1,1
"NV2t004399001.1","NV2t004399001.1","Nvec","OG_905",1,1,1
"NV2t004421001.1","NV2t004421001.1","Nvec","OG_11955",1,0,0
"NV2t004423001.1","NV2t004423001.1","Nvec","OG_771",1,1,0
"NV2t004622001.1","NV2t004622001.1","Nvec","OG_471",1,0,0
"NV2t004674001.1","NV2t004674001.1","Nvec","OG_11821",1,0,1
"NV2t004674002.1","NV2t004674002.1","Nvec","OG_11821",1,0,1
"NV2t004704001.1","NV2t004704001.1","Nvec","OG_12157",1,0,1
"NV2t004746001.1","NV2t004746001.1","Nvec","OG_1582",1,0,0
"NV2t004766001.1","NV2t004766001.1","Nvec","OG_6199",1,0,0
"NV2t004851001.1","NV2t004851001.1","Nvec","OG_617",1,1,1
"NV2t004903001.1","NV2t004903001.1","Nvec","OG_1681",1,0,0
"NV2t004933001.1","NV2t004933001.1","Nvec","OG_1674",1,0,0
"NV2t004933002.1","NV2t004933002.1","Nvec","OG_1674",1,0,0
"NV2t004933003.1","NV2t004933003.1","Nvec","OG_1674",1,0,0
"NV2t004933004.1","NV2t004933004.1","Nvec","OG_1674",1,0,0
"NV2t004933005.1","NV2t004933005.1","Nvec","OG_1674",1,0,0
"NV2t004941001.1","NV2t004941001.1","Nvec","OG_11981",1,1,0
"NV2t004941002.1","NV2t004941002.1","Nvec","OG_11981",1,1,0
"NV2t004966001.1","NV2t004966001.1","Nvec","OG_10919",1,1,0
"NV2t004979001.1","NV2t004979001.1","Nvec","OG_300",1,1,1
"NV2t004979002.1","NV2t004979002.1","Nvec","OG_300",1,1,1
"NV2t005086002.1","NV2t005086002.1","Nvec","OG_1740",1,1,1
"NV2t005141001.1","NV2t005141001.1","Nvec","OG_454",1,0,1
"NV2t005141002.1","NV2t005141002.1","Nvec","OG_454",1,0,1
"NV2t005141003.1","NV2t005141003.1","Nvec","OG_454",1,0,1
"NV2t005141004.1","NV2t005141004.1","Nvec","OG_454",1,0,1
"NV2t005141005.1","NV2t005141005.1","Nvec","OG_454",1,0,1
"NV2t005171002.1","NV2t005171002.1","Nvec","OG_12067",1,0,0
"NV2t005171005.1","NV2t005171005.1","Nvec","OG_12067",1,0,0
"NV2t005171007.1","NV2t005171007.1","Nvec","OG_12067",1,0,0
"NV2t005269001.1","NV2t005269001.1","Nvec","OG_11922",1,1,0
"NV2t005298001.1","NV2t005298001.1","Nvec","OG_659",1,1,1
"NV2t005325001.1","NV2t005325001.1","Nvec","OG_1668",1,0,0
"NV2t005531001.1","NV2t005531001.1","Nvec","OG_9486",1,0,1
"NV2t005543001.1","NV2t005543001.1","Nvec","OG_9574",1,1,0
"NV2t005661001.1","NV2t005661001.1","Nvec","OG_472",1,1,1
"NV2t005738001.1","NV2t005738001.1","Nvec","OG_5167",1,1,0
"NV2t005831001.1","NV2t005831001.1","Nvec","OG_9498",1,0,0
"NV2t005841001.1","NV2t005841001.1","Nvec","OG_9592",1,0,0
"NV2t005841002.1","NV2t005841002.1","Nvec","OG_9592",1,0,0
"NV2t005855001.1","NV2t005855001.1","Nvec","OG_9528",1,0,0
"NV2t005858001.1","NV2t005858001.1","Nvec","OG_631",1,1,0
"NV2t005858002.1","NV2t005858002.1","Nvec","OG_631",1,1,0
"NV2t005871001.1","NV2t005871001.1","Nvec","OG_206",1,1,1
"NV2t005884001.1","NV2t005884001.1","Nvec","OG_772",1,0,0
"NV2t005916001.1","NV2t005916001.1","Nvec","OG_9374",1,0,0
"NV2t005967002.1","NV2t005967002.1","Nvec","OG_9594",1,1,0
"NV2t006023001.1","NV2t006023001.1","Nvec","OG_451",1,0,0
"NV2t006077001.1","NV2t006077001.1","Nvec","OG_6078",1,0,0
"NV2t006077002.1","NV2t006077002.1","Nvec","OG_6078",1,0,0
"NV2t006136001.1","NV2t006136001.1","Nvec","OG_4833",1,0,0
"NV2t006136002.1","NV2t006136002.1","Nvec","OG_4833",1,0,0
"NV2t006136003.1","NV2t006136003.1","Nvec","OG_4833",1,0,0
"NV2t006205001.1","NV2t006205001.1","Nvec","OG_242",1,1,1
"NV2t006220001.1","NV2t006220001.1","Nvec","OG_4891",1,0,1
"NV2t006269001.1","NV2t006269001.1","Nvec","OG_6650",1,0,1
"NV2t006314001.1","NV2t006314001.1","Nvec","OG_9392",1,0,0
"NV2t006341001.1","NV2t006341001.1","Nvec","OG_304",1,1,1
"NV2t006341002.1","NV2t006341002.1","Nvec","OG_304",1,1,1
"NV2t006365001.1","NV2t006365001.1","Nvec","OG_4827",1,0,0
"NV2t006399001.1","NV2t006399001.1","Nvec","OG_4922",1,0,0
"NV2t006429001.1","NV2t006429001.1","Nvec","OG_9529",1,0,0
"NV2t006479001.1","NV2t006479001.1","Nvec","OG_9405",1,0,1
"NV2t006554001.1","NV2t006554001.1","Nvec","OG_9526",1,0,1
"NV2t006567001.1","NV2t006567001.1","Nvec","OG_436",1,1,1
"NV2t006667001.1","NV2t006667001.1","Nvec","OG_374",1,0,1
"NV2t006667002.1","NV2t006667002.1","Nvec","OG_374",1,0,1
"NV2t006667003.1","NV2t006667003.1","Nvec","OG_374",1,0,1
"NV2t006667004.1","NV2t006667004.1","Nvec","OG_374",1,0,1
"NV2t006716001.1","NV2t006716001.1","Nvec","OG_9603",1,0,0
"NV2t006716002.1","NV2t006716002.1","Nvec","OG_9603",1,0,0
"NV2t006716003.1","NV2t006716003.1","Nvec","OG_9603",1,0,0
"NV2t006839001.1","NV2t006839001.1","Nvec","OG_8250",1,0,0
"NV2t006919001.1","NV2t006919001.1","Nvec","OG_8304",1,1,1
"NV2t006919002.1","NV2t006919002.1","Nvec","OG_8304",1,1,1
"NV2t006965001.1","NV2t006965001.1","Nvec","OG_8332",1,1,0
"NV2t007026001.1","NV2t007026001.1","Nvec","OG_233",1,1,1
"NV2t007036001.1","NV2t007036001.1","Nvec","OG_3099",1,0,0
"NV2t007103001.1","NV2t007103001.1","Nvec","OG_3197",1,0,0
"NV2t007103002.1","NV2t007103002.1","Nvec","OG_3197",1,0,0
"NV2t007103003.1","NV2t007103003.1","Nvec","OG_3197",1,0,0
"NV2t007103004.1","NV2t007103004.1","Nvec","OG_3197",1,0,0
"NV2t007186001.1","NV2t007186001.1","Nvec","OG_1022",1,1,1
"NV2t007350001.1","NV2t007350001.1","Nvec","OG_8499",1,0,0
"NV2t007404001.1","NV2t007404001.1","Nvec","OG_6762",1,1,1
"NV2t007407001.1","NV2t007407001.1","Nvec","OG_6762",1,1,1
"NV2t007445001.1","NV2t007445001.1","Nvec","OG_5618",1,0,0
"NV2t007467001.1","NV2t007467001.1","Nvec","OG_1196",1,0,0
"NV2t007484001.1","NV2t007484001.1","Nvec","OG_8596",1,0,0
"NV2t007780001.1","NV2t007780001.1","Nvec","OG_703",1,1,1
"NV2t007959001.1","NV2t007959001.1","Nvec","OG_3348",1,0,0
"NV2t007965001.1","NV2t007965001.1","Nvec","OG_3140",1,0,0
"NV2t008000001.1","NV2t008000001.1","Nvec","OG_442",1,0,0
"NV2t008011001.1","NV2t008011001.1","Nvec","OG_6044",1,1,0
"NV2t008126001.1","NV2t008126001.1","Nvec","OG_3136",1,0,0
"NV2t008149001.1","NV2t008149001.1","Nvec","OG_541",1,1,1
"NV2t008153001.1","NV2t008153001.1","Nvec","OG_355",1,0,0
"NV2t008167001.1","NV2t008167001.1","Nvec","OG_585",1,0,0
"NV2t008173001.1","NV2t008173001.1","Nvec","OG_3209",1,1,0
"NV2t008173002.1","NV2t008173002.1","Nvec","OG_3209",1,1,0
"NV2t008267007.1","NV2t008267007.1","Nvec","OG_4447",1,0,0
"NV2t008448001.1","NV2t008448001.1","Nvec","OG_236",1,1,0
"NV2t008471001.1","NV2t008471001.1","Nvec","OG_4613",1,1,0
"NV2t008517001.1","NV2t008517001.1","Nvec","OG_9597",1,0,0
"NV2t008517002.1","NV2t008517002.1","Nvec","OG_9597",1,0,0
"NV2t008517003.1","NV2t008517003.1","Nvec","OG_9597",1,0,0
"NV2t008517004.1","NV2t008517004.1","Nvec","OG_9597",1,0,0
"NV2t008555001.1","NV2t008555001.1","Nvec","OG_613",1,0,0
"NV2t008618001.1","NV2t008618001.1","Nvec","OG_1252",1,0,0
"NV2t008631001.1","NV2t008631001.1","Nvec","OG_519",1,0,0
"NV2t008667001.1","NV2t008667001.1","Nvec","OG_10127",1,1,0
"NV2t008748003.1","NV2t008748003.1","Nvec","OG_4510",1,1,1
"NV2t008748004.1","NV2t008748004.1","Nvec","OG_4510",1,1,1
"NV2t008753001.1","NV2t008753001.1","Nvec","OG_10062",1,0,0
"NV2t008783001.1","NV2t008783001.1","Nvec","OG_9991",1,0,0
"NV2t008804001.1","NV2t008804001.1","Nvec","OG_7155",1,1,0
"NV2t008874001.1","NV2t008874001.1","Nvec","OG_5247",1,1,0
"NV2t008883001.1","NV2t008883001.1","Nvec","OG_12601",1,0,0
"NV2t008883002.1","NV2t008883002.1","Nvec","OG_12601",1,0,0
"NV2t008977001.1","NV2t008977001.1","Nvec","OG_438",1,1,1
"NV2t008983001.1","NV2t008983001.1","Nvec","OG_318",1,0,1
"NV2t008987001.1","NV2t008987001.1","Nvec","OG_6262",1,0,0
"NV2t009004001.1","NV2t009004001.1","Nvec","OG_10112",1,0,0
"NV2t009209001.1","NV2t009209001.1","Nvec","OG_4618",1,1,0
"NV2t009321001.1","NV2t009321001.1","Nvec","OG_5557",1,0,0
"NV2t009629001.1","NV2t009629001.1","Nvec","OG_125",1,1,1
"NV2t009629002.1","NV2t009629002.1","Nvec","OG_125",1,1,1
"NV2t009685001.1","NV2t009685001.1","Nvec","OG_5254",1,1,1
"NV2t009754002.1","NV2t009754002.1","Nvec","OG_11584",1,0,1
"NV2t009771001.1","NV2t009771001.1","Nvec","OG_11107",1,1,0
"NV2t009771002.1","NV2t009771002.1","Nvec","OG_11107",1,1,0
"NV2t009856001.1","NV2t009856001.1","Nvec","OG_11109",1,0,0
"NV2t009856002.1","NV2t009856002.1","Nvec","OG_11109",1,0,0
"NV2t009995001.1","NV2t009995001.1","Nvec","OG_11044",1,0,1
"NV2t010002001.1","NV2t010002001.1","Nvec","OG_1182",1,0,0
"NV2t010091001.1","NV2t010091001.1","Nvec","OG_6148",1,1,0
"NV2t010091002.1","NV2t010091002.1","Nvec","OG_6148",1,1,0
"NV2t010091004.1","NV2t010091004.1","Nvec","OG_6148",1,1,0
"NV2t010352002.1","NV2t010352002.1","Nvec","OG_563",1,1,1
"NV2t010352006.1","NV2t010352006.1","Nvec","OG_563",1,1,1
"NV2t010441001.1","NV2t010441001.1","Nvec","OG_10814",1,0,0
"NV2t010470001.1","NV2t010470001.1","Nvec","OG_768",1,0,0
"NV2t010475001.1","NV2t010475001.1","Nvec","OG_1985",1,0,0
"NV2t010477001.1","NV2t010477001.1","Nvec","OG_1985",1,0,0
"NV2t010483001.1","NV2t010483001.1","Nvec","OG_11236",1,0,1
"NV2t010569001.1","NV2t010569001.1","Nvec","OG_10743",1,0,0
"NV2t010569002.1","NV2t010569002.1","Nvec","OG_10743",1,0,0
"NV2t010615001.1","NV2t010615001.1","Nvec","OG_9808",1,0,0
"NV2t010716001.1","NV2t010716001.1","Nvec","OG_9830",1,0,0
"NV2t010761001.1","NV2t010761001.1","Nvec","OG_675",1,0,0
"NV2t010814001.1","NV2t010814001.1","Nvec","OG_4289",1,0,0
"NV2t010976002.1","NV2t010976002.1","Nvec","OG_4309",1,0,0
"NV2t011035001.1","NV2t011035001.1","Nvec","OG_6087",1,1,1
"NV2t011132001.1","NV2t011132001.1","Nvec","OG_6398",1,0,0
"NV2t011188001.1","NV2t011188001.1","Nvec","OG_4160",1,0,0
"NV2t011306001.1","NV2t011306001.1","Nvec","OG_4155",1,0,0
"NV2t011626001.1","NV2t011626001.1","Nvec","OG_6414",1,0,0
"NV2t011626002.1","NV2t011626002.1","Nvec","OG_6414",1,0,0
"NV2t011630001.1","NV2t011630001.1","Nvec","OG_9687",1,0,0
"NV2t011665001.1","NV2t011665001.1","Nvec","OG_147",1,1,1
"NV2t011786001.1","NV2t011786001.1","Nvec","OG_11616",1,0,0
"NV2t011880001.1","NV2t011880001.1","Nvec","OG_9756",1,0,0
"NV2t011942001.1","NV2t011942001.1","Nvec","OG_487",1,1,1
"NV2t012037001.1","NV2t012037001.1","Nvec","OG_4083",1,0,0
"NV2t012037002.1","NV2t012037002.1","Nvec","OG_4083",1,0,0
"NV2t012037003.1","NV2t012037003.1","Nvec","OG_4083",1,0,0
"NV2t012037004.1","NV2t012037004.1","Nvec","OG_4083",1,0,0
"NV2t012134001.1","NV2t012134001.1","Nvec","OG_830",1,0,1
"NV2t012134002.1","NV2t012134002.1","Nvec","OG_830",1,0,1
"NV2t012148001.1","NV2t012148001.1","Nvec","OG_7046",1,0,0
"NV2t012201001.1","NV2t012201001.1","Nvec","OG_659",1,1,1
"NV2t012222001.1","NV2t012222001.1","Nvec","OG_4263",1,0,0
"NV2t012222002.1","NV2t012222002.1","Nvec","OG_4263",1,0,0
"NV2t012222003.1","NV2t012222003.1","Nvec","OG_4263",1,0,0
"NV2t012306001.1","NV2t012306001.1","Nvec","OG_6863",1,1,0
"NV2t012357001.1","NV2t012357001.1","Nvec","OG_6898",1,0,0
"NV2t012431001.1","NV2t012431001.1","Nvec","OG_2664",1,0,0
"NV2t012431002.1","NV2t012431002.1","Nvec","OG_2664",1,0,0
"NV2t012431003.1","NV2t012431003.1","Nvec","OG_2664",1,0,0
"NV2t012431004.1","NV2t012431004.1","Nvec","OG_2664",1,0,0
"NV2t012431005.1","NV2t012431005.1","Nvec","OG_2664",1,0,0
"NV2t012431006.1","NV2t012431006.1","Nvec","OG_2664",1,0,0
"NV2t012439001.1","NV2t012439001.1","Nvec","OG_6944",1,0,0
"NV2t012439002.1","NV2t012439002.1","Nvec","OG_6944",1,0,0
"NV2t012439003.1","NV2t012439003.1","Nvec","OG_6944",1,0,0
"NV2t012444001.1","NV2t012444001.1","Nvec","OG_6524",1,0,1
"NV2t012444002.1","NV2t012444002.1","Nvec","OG_6524",1,0,1
"NV2t012444003.1","NV2t012444003.1","Nvec","OG_6524",1,0,1
"NV2t012491001.1","NV2t012491001.1","Nvec","OG_9904",1,0,0
"NV2t012678001.1","NV2t012678001.1","Nvec","OG_5046",1,0,0
"NV2t012679001.1","NV2t012679001.1","Nvec","OG_12558",1,0,0
"NV2t012679002.1","NV2t012679002.1","Nvec","OG_12558",1,0,0
"NV2t012679003.1","NV2t012679003.1","Nvec","OG_12558",1,0,0
"NV2t012679004.1","NV2t012679004.1","Nvec","OG_12558",1,0,0
"NV2t012855001.1","NV2t012855001.1","Nvec","OG_9707",1,0,0
"NV2t012855002.1","NV2t012855002.1","Nvec","OG_9707",1,0,0
"NV2t012875001.1","NV2t012875001.1","Nvec","OG_566",1,1,0
"NV2t012900001.1","NV2t012900001.1","Nvec","OG_8993",1,0,0
"NV2t012905001.1","NV2t012905001.1","Nvec","OG_9910",1,0,0
"NV2t012927001.1","NV2t012927001.1","Nvec","OG_5482",1,0,0
"NV2t012989001.1","NV2t012989001.1","Nvec","OG_9861",1,0,0
"NV2t013306001.1","NV2t013306001.1","Nvec","OG_273",1,1,1
"NV2t013306002.1","NV2t013306002.1","Nvec","OG_273",1,1,1
"NV2t013451001.1","NV2t013451001.1","Nvec","OG_4435",1,0,1
"NV2t013489001.1","NV2t013489001.1","Nvec","OG_1941",1,0,0
"NV2t013489002.1","NV2t013489002.1","Nvec","OG_1941",1,0,0
"NV2t013562001.1","NV2t013562001.1","Nvec","OG_62",1,1,0
"NV2t013562002.1","NV2t013562002.1","Nvec","OG_62",1,1,0
"NV2t013562003.1","NV2t013562003.1","Nvec","OG_62",1,1,0
"NV2t013562004.1","NV2t013562004.1","Nvec","OG_62",1,1,0
"NV2t013562008.1","NV2t013562008.1","Nvec","OG_62",1,1,0
"NV2t013562009.1","NV2t013562009.1","Nvec","OG_62",1,1,0
"NV2t013562010.1","NV2t013562010.1","Nvec","OG_62",1,1,0
"NV2t013562011.1","NV2t013562011.1","Nvec","OG_62",1,1,0
"NV2t013768002.1","NV2t013768002.1","Nvec","OG_10802",1,0,0
"NV2t013768003.1","NV2t013768003.1","Nvec","OG_10802",1,0,0
"NV2t013768004.1","NV2t013768004.1","Nvec","OG_10802",1,0,0
"NV2t013768005.1","NV2t013768005.1","Nvec","OG_10802",1,0,0
"NV2t013830001.1","NV2t013830001.1","Nvec","OG_4961",1,0,0
"NV2t013841001.1","NV2t013841001.1","Nvec","OG_2029",1,0,0
"NV2t013862001.1","NV2t013862001.1","Nvec","OG_10021",1,0,0
"NV2t013878006.1","NV2t013878006.1","Nvec","OG_759",1,1,0
"NV2t013890001.1","NV2t013890001.1","Nvec","OG_5946",1,0,0
"NV2t013890002.1","NV2t013890002.1","Nvec","OG_5946",1,0,0
"NV2t013890003.1","NV2t013890003.1","Nvec","OG_5946",1,0,0
"NV2t013890004.1","NV2t013890004.1","Nvec","OG_5946",1,0,0
"NV2t013890005.1","NV2t013890005.1","Nvec","OG_5946",1,0,0
"NV2t013922001.1","NV2t013922001.1","Nvec","OG_2125",1,1,1
"NV2t013949001.1","NV2t013949001.1","Nvec","OG_10103",1,1,0
"NV2t013953001.1","NV2t013953001.1","Nvec","OG_436",1,1,1
"NV2t013964001.1","NV2t013964001.1","Nvec","OG_1049",1,0,1
"NV2t014031001.1","NV2t014031001.1","Nvec","OG_10161",1,0,0
"NV2t014046001.1","NV2t014046001.1","Nvec","OG_1165",1,1,0
"NV2t014046002.1","NV2t014046002.1","Nvec","OG_1165",1,1,0
"NV2t014108001.1","NV2t014108001.1","Nvec","OG_873",1,0,1
"NV2t014108002.1","NV2t014108002.1","Nvec","OG_873",1,0,1
"NV2t014108003.1","NV2t014108003.1","Nvec","OG_873",1,0,1
"NV2t014108004.1","NV2t014108004.1","Nvec","OG_873",1,0,1
"NV2t014113001.1","NV2t014113001.1","Nvec","OG_8631",1,0,0
"NV2t014143001.1","NV2t014143001.1","Nvec","OG_10305",1,0,0
"NV2t014143002.1","NV2t014143002.1","Nvec","OG_10305",1,0,0
"NV2t014143003.1","NV2t014143003.1","Nvec","OG_10305",1,0,0
"NV2t014143004.1","NV2t014143004.1","Nvec","OG_10305",1,0,0
"NV2t014193001.1","NV2t014193001.1","Nvec","OG_11833",1,0,1
"NV2t014236001.1","NV2t014236001.1","Nvec","OG_9974",1,1,0
"NV2t014312001.1","NV2t014312001.1","Nvec","OG_1312",1,1,1
"NV2t014387001.1","NV2t014387001.1","Nvec","OG_9672",1,0,0
"NV2t014421001.1","NV2t014421001.1","Nvec","OG_26",1,0,0
"NV2t014435001.1","NV2t014435001.1","Nvec","OG_10357",1,0,0
"NV2t014488001.1","NV2t014488001.1","Nvec","OG_12021",1,0,0
"NV2t014489001.1","NV2t014489001.1","Nvec","OG_12021",1,0,0
"NV2t014623001.1","NV2t014623001.1","Nvec","OG_10925",1,0,1
"NV2t014623002.1","NV2t014623002.1","Nvec","OG_10925",1,0,1
"NV2t014820001.1","NV2t014820001.1","Nvec","OG_1242",1,0,0
"NV2t014858001.1","NV2t014858001.1","Nvec","OG_6561",1,0,0
"NV2t014889001.1","NV2t014889001.1","Nvec","OG_368",1,0,1
"NV2t014931001.1","NV2t014931001.1","Nvec","OG_6533",1,0,1
"NV2t014931006.1","NV2t014931006.1","Nvec","OG_6533",1,0,1
"NV2t014935001.1","NV2t014935001.1","Nvec","OG_6533",1,0,1
"NV2t014968001.1","NV2t014968001.1","Nvec","OG_659",1,1,1
"NV2t014991001.1","NV2t014991001.1","Nvec","OG_6561",1,0,0
"NV2t014991002.1","NV2t014991002.1","Nvec","OG_6561",1,0,0
"NV2t015023001.1","NV2t015023001.1","Nvec","OG_12273",1,0,0
"NV2t015023002.1","NV2t015023002.1","Nvec","OG_12273",1,0,0
"NV2t015023003.1","NV2t015023003.1","Nvec","OG_12273",1,0,0
"NV2t015023004.1","NV2t015023004.1","Nvec","OG_12273",1,0,0
"NV2t015023005.1","NV2t015023005.1","Nvec","OG_12273",1,0,0
"NV2t015023006.1","NV2t015023006.1","Nvec","OG_12273",1,0,0
"NV2t015230001.1","NV2t015230001.1","Nvec","OG_4355",1,0,0
"NV2t015251001.1","NV2t015251001.1","Nvec","OG_246",1,0,1
"NV2t015251002.1","NV2t015251002.1","Nvec","OG_246",1,0,1
"NV2t015251003.1","NV2t015251003.1","Nvec","OG_246",1,0,1
"NV2t015302001.1","NV2t015302001.1","Nvec","OG_1948",1,0,0
"NV2t015302002.1","NV2t015302002.1","Nvec","OG_1948",1,0,0
"NV2t015302004.1","NV2t015302004.1","Nvec","OG_1948",1,0,0
"NV2t015372001.1","NV2t015372001.1","Nvec","OG_894",1,1,0
"NV2t015454001.1","NV2t015454001.1","Nvec","OG_7686",1,0,1
"NV2t015570001.1","NV2t015570001.1","Nvec","OG_7958",1,0,0
"NV2t015614001.1","NV2t015614001.1","Nvec","OG_2431",1,0,0
"NV2t015638001.1","NV2t015638001.1","Nvec","OG_7831",1,0,0
"NV2t015743006.1","NV2t015743006.1","Nvec","OG_1313",1,0,1
"NV2t015743007.1","NV2t015743007.1","Nvec","OG_1313",1,0,1
"NV2t015819001.1","NV2t015819001.1","Nvec","OG_6205",1,1,1
"NV2t015828001.1","NV2t015828001.1","Nvec","OG_10023",1,0,0
"NV2t015909001.1","NV2t015909001.1","Nvec","OG_2402",1,0,1
"NV2t015913001.1","NV2t015913001.1","Nvec","OG_8125",1,0,0
"NV2t015936002.1","NV2t015936002.1","Nvec","OG_8078",1,0,0
"NV2t015969001.1","NV2t015969001.1","Nvec","OG_487",1,1,1
"NV2t015969002.1","NV2t015969002.1","Nvec","OG_487",1,1,1
"NV2t015969003.1","NV2t015969003.1","Nvec","OG_487",1,1,1
"NV2t015969004.1","NV2t015969004.1","Nvec","OG_487",1,1,1
"NV2t016006001.1","NV2t016006001.1","Nvec","OG_6233",1,0,0
"NV2t016072001.1","NV2t016072001.1","Nvec","OG_684",1,1,0
"NV2t016077001.1","NV2t016077001.1","Nvec","OG_7973",1,0,0
"NV2t016085001.1","NV2t016085001.1","Nvec","OG_6036",1,0,1
"NV2t016117001.1","NV2t016117001.1","Nvec","OG_7717",1,0,0
"NV2t016117002.1","NV2t016117002.1","Nvec","OG_7717",1,0,0
"NV2t016159001.1","NV2t016159001.1","Nvec","OG_830",1,0,1
"NV2t016159002.1","NV2t016159002.1","Nvec","OG_830",1,0,1
"NV2t016243001.1","NV2t016243001.1","Nvec","OG_2494",1,0,0
"NV2t016284001.1","NV2t016284001.1","Nvec","OG_7774",1,0,0
"NV2t016362001.1","NV2t016362001.1","Nvec","OG_7688",1,1,0
"NV2t016530001.1","NV2t016530001.1","Nvec","OG_160",1,1,1
"NV2t016530002.1","NV2t016530002.1","Nvec","OG_160",1,1,1
"NV2t016530003.1","NV2t016530003.1","Nvec","OG_160",1,1,1
"NV2t016530004.1","NV2t016530004.1","Nvec","OG_160",1,1,1
"NV2t016530005.1","NV2t016530005.1","Nvec","OG_160",1,1,1
"NV2t016579001.1","NV2t016579001.1","Nvec","OG_905",1,1,1
"NV2t016593001.1","NV2t016593001.1","Nvec","OG_7884",1,1,0
"NV2t016593002.1","NV2t016593002.1","Nvec","OG_7884",1,1,0
"NV2t016593003.1","NV2t016593003.1","Nvec","OG_7884",1,1,0
"NV2t016598002.1","NV2t016598002.1","Nvec","OG_2619",1,0,0
"NV2t016617001.1","NV2t016617001.1","Nvec","OG_2508",1,0,1
"NV2t016627001.1","NV2t016627001.1","Nvec","OG_12679",1,0,0
"NV2t016757001.1","NV2t016757001.1","Nvec","OG_7727",1,0,0
"NV2t016757002.1","NV2t016757002.1","Nvec","OG_7727",1,0,0
"NV2t016757003.1","NV2t016757003.1","Nvec","OG_7727",1,0,0
"NV2t016757004.1","NV2t016757004.1","Nvec","OG_7727",1,0,0
"NV2t016757005.1","NV2t016757005.1","Nvec","OG_7727",1,0,0
"NV2t016757006.1","NV2t016757006.1","Nvec","OG_7727",1,0,0
"NV2t016758001.1","NV2t016758001.1","Nvec","OG_2589",1,0,0
"NV2t016800001.1","NV2t016800001.1","Nvec","OG_288",1,1,1
"NV2t016903001.1","NV2t016903001.1","Nvec","OG_436",1,1,1
"NV2t016944001.1","NV2t016944001.1","Nvec","OG_7815",1,0,1
"NV2t017017001.1","NV2t017017001.1","Nvec","OG_8088",1,0,0
"NV2t017031001.1","NV2t017031001.1","Nvec","OG_7211",1,0,1
"NV2t017120001.1","NV2t017120001.1","Nvec","OG_252",1,0,1
"NV2t017154001.1","NV2t017154001.1","Nvec","OG_4593",1,0,0
"NV2t017156001.1","NV2t017156001.1","Nvec","OG_6596",1,1,0
"NV2t017158001.1","NV2t017158001.1","Nvec","OG_7746",1,0,0
"NV2t017173001.1","NV2t017173001.1","Nvec","OG_8065",1,0,0
"NV2t017173002.1","NV2t017173002.1","Nvec","OG_8065",1,0,0
"NV2t017291001.1","NV2t017291001.1","Nvec","OG_6233",1,0,0
"NV2t017306001.1","NV2t017306001.1","Nvec","OG_7726",1,0,0
"NV2t017434001.1","NV2t017434001.1","Nvec","OG_5788",1,0,0
"NV2t017584001.1","NV2t017584001.1","Nvec","OG_1974",1,1,0
"NV2t017623001.1","NV2t017623001.1","Nvec","OG_10907",1,0,0
"NV2t017650001.1","NV2t017650001.1","Nvec","OG_2087",1,0,0
"NV2t017650002.1","NV2t017650002.1","Nvec","OG_2087",1,0,0
"NV2t017674001.1","NV2t017674001.1","Nvec","OG_11048",1,1,0
"NV2t017674002.1","NV2t017674002.1","Nvec","OG_11048",1,1,0
"NV2t017674003.1","NV2t017674003.1","Nvec","OG_11048",1,1,0
"NV2t017733001.1","NV2t017733001.1","Nvec","OG_11032",1,1,0
"NV2t017733002.1","NV2t017733002.1","Nvec","OG_11032",1,1,0
"NV2t017806001.1","NV2t017806001.1","Nvec","OG_10783",1,0,0
"NV2t017824001.1","NV2t017824001.1","Nvec","OG_6160",1,0,0
"NV2t017889001.1","NV2t017889001.1","Nvec","OG_327",1,1,0
"NV2t017889002.1","NV2t017889002.1","Nvec","OG_327",1,1,0
"NV2t017924001.1","NV2t017924001.1","Nvec","OG_6606",1,0,0
"NV2t017968001.1","NV2t017968001.1","Nvec","OG_8262",1,1,0
"NV2t017968002.1","NV2t017968002.1","Nvec","OG_8262",1,1,0
"NV2t017972002.1","NV2t017972002.1","Nvec","OG_8488",1,0,0
"NV2t017972003.1","NV2t017972003.1","Nvec","OG_8488",1,0,0
"NV2t017972004.1","NV2t017972004.1","Nvec","OG_8488",1,0,0
"NV2t018073001.1","NV2t018073001.1","Nvec","OG_1007",1,0,0
"NV2t018097001.1","NV2t018097001.1","Nvec","OG_10767",1,0,0
"NV2t018124001.1","NV2t018124001.1","Nvec","OG_11097",1,0,0
"NV2t018194001.1","NV2t018194001.1","Nvec","OG_3170",1,1,0
"NV2t018234001.1","NV2t018234001.1","Nvec","OG_2092",1,1,0
"NV2t018234002.1","NV2t018234002.1","Nvec","OG_2092",1,1,0
"NV2t018378001.1","NV2t018378001.1","Nvec","OG_1316",1,1,0
"NV2t018476001.1","NV2t018476001.1","Nvec","OG_1929",1,0,0
"NV2t018492001.1","NV2t018492001.1","Nvec","OG_2013",1,0,0
"NV2t018657001.1","NV2t018657001.1","Nvec","OG_8279",1,0,0
"NV2t018723001.1","NV2t018723001.1","Nvec","OG_174",1,0,1
"NV2t018849001.1","NV2t018849001.1","Nvec","OG_5085",1,0,0
"NV2t018891001.1","NV2t018891001.1","Nvec","OG_6842",1,1,0
"NV2t018891002.1","NV2t018891002.1","Nvec","OG_6842",1,1,0
"NV2t018891003.1","NV2t018891003.1","Nvec","OG_6842",1,1,0
"NV2t018997001.1","NV2t018997001.1","Nvec","OG_198",1,1,0
"NV2t018997002.1","NV2t018997002.1","Nvec","OG_198",1,1,0
"NV2t019106001.1","NV2t019106001.1","Nvec","OG_1862",1,0,0
"NV2t019153001.1","NV2t019153001.1","Nvec","OG_11169",1,0,0
"NV2t019224001.1","NV2t019224001.1","Nvec","OG_1873",1,0,0
"NV2t019245001.1","NV2t019245001.1","Nvec","OG_11218",1,1,0
"NV2t019283001.1","NV2t019283001.1","Nvec","OG_386",1,1,0
"NV2t019377001.1","NV2t019377001.1","Nvec","OG_8534",1,0,0
"NV2t019473001.1","NV2t019473001.1","Nvec","OG_764",1,1,1
"NV2t019473002.1","NV2t019473002.1","Nvec","OG_764",1,1,1
"NV2t019481001.1","NV2t019481001.1","Nvec","OG_905",1,1,1
"NV2t019536001.1","NV2t019536001.1","Nvec","OG_585",1,0,0
"NV2t019567001.1","NV2t019567001.1","Nvec","OG_5821",1,0,0
"NV2t019576001.1","NV2t019576001.1","Nvec","OG_2918",1,0,0
"NV2t019581001.1","NV2t019581001.1","Nvec","OG_2797",1,0,0
"NV2t019581002.1","NV2t019581002.1","Nvec","OG_2797",1,0,0
"NV2t019583001.1","NV2t019583001.1","Nvec","OG_771",1,1,0
"NV2t019635001.1","NV2t019635001.1","Nvec","OG_10521",1,1,0
"NV2t019658001.1","NV2t019658001.1","Nvec","OG_10395",1,1,1
"NV2t019695001.1","NV2t019695001.1","Nvec","OG_771",1,1,0
"NV2t019695002.1","NV2t019695002.1","Nvec","OG_771",1,1,0
"NV2t020043001.1","NV2t020043001.1","Nvec","OG_6204",1,1,0
"NV2t020093001.1","NV2t020093001.1","Nvec","OG_10455",1,0,0
"NV2t020206002.1","NV2t020206002.1","Nvec","OG_1292",1,1,1
"NV2t020206003.1","NV2t020206003.1","Nvec","OG_1292",1,1,1
"NV2t020206004.1","NV2t020206004.1","Nvec","OG_1292",1,1,1
"NV2t020246001.1","NV2t020246001.1","Nvec","OG_2789",1,0,0
"NV2t020246002.1","NV2t020246002.1","Nvec","OG_2789",1,0,0
"NV2t020328001.1","NV2t020328001.1","Nvec","OG_7537",1,0,0
"NV2t020332001.1","NV2t020332001.1","Nvec","OG_2979",1,0,0
"NV2t020341001.1","NV2t020341001.1","Nvec","OG_2846",1,0,0
"NV2t020346001.1","NV2t020346001.1","Nvec","OG_6120",1,1,0
"NV2t020355001.1","NV2t020355001.1","Nvec","OG_2851",1,0,0
"NV2t020355002.1","NV2t020355002.1","Nvec","OG_2851",1,0,0
"NV2t020355003.1","NV2t020355003.1","Nvec","OG_2851",1,0,0
"NV2t020487001.1","NV2t020487001.1","Nvec","OG_10591",1,0,0
"NV2t020508001.1","NV2t020508001.1","Nvec","OG_10514",1,0,0
"NV2t020508002.1","NV2t020508002.1","Nvec","OG_10514",1,0,0
"NV2t020595001.1","NV2t020595001.1","Nvec","OG_10551",1,1,0
"NV2t020620001.1","NV2t020620001.1","Nvec","OG_616",1,1,0
"NV2t020621001.1","NV2t020621001.1","Nvec","OG_616",1,1,0
"NV2t020626001.1","NV2t020626001.1","Nvec","OG_10482",1,0,0
"NV2t020681001.1","NV2t020681001.1","Nvec","OG_6829",1,1,0
"NV2t020703001.1","NV2t020703001.1","Nvec","OG_2774",1,1,0
"NV2t020744001.1","NV2t020744001.1","Nvec","OG_10541",1,0,0
"NV2t020744002.1","NV2t020744002.1","Nvec","OG_10541",1,0,0
"NV2t020744003.1","NV2t020744003.1","Nvec","OG_10541",1,0,0
"NV2t020744004.1","NV2t020744004.1","Nvec","OG_10541",1,0,0
"NV2t020746001.1","NV2t020746001.1","Nvec","OG_3010",1,1,0
"NV2t020807001.1","NV2t020807001.1","Nvec","OG_2944",1,1,0
"NV2t020850001.1","NV2t020850001.1","Nvec","OG_10508",1,0,0
"NV2t020850002.1","NV2t020850002.1","Nvec","OG_10508",1,0,0
"NV2t020895001.1","NV2t020895001.1","Nvec","OG_1258",1,0,0
"NV2t020954001.1","NV2t020954001.1","Nvec","OG_6827",1,1,0
"NV2t020985001.1","NV2t020985001.1","Nvec","OG_6817",1,0,0
"NV2t020997001.1","NV2t020997001.1","Nvec","OG_6817",1,0,0
"NV2t021026001.1","NV2t021026001.1","Nvec","OG_2908",1,0,0
"NV2t021113001.1","NV2t021113001.1","Nvec","OG_10490",1,1,0
"NV2t021173001.1","NV2t021173001.1","Nvec","OG_9251",1,0,0
"NV2t021173002.1","NV2t021173002.1","Nvec","OG_9251",1,0,0
"NV2t021173003.1","NV2t021173003.1","Nvec","OG_9251",1,0,0
"NV2t021192001.1","NV2t021192001.1","Nvec","OG_9118",1,0,1
"NV2t021196001.1","NV2t021196001.1","Nvec","OG_9109",1,0,0
"NV2t021198001.1","NV2t021198001.1","Nvec","OG_9109",1,0,0
"NV2t021198002.1","NV2t021198002.1","Nvec","OG_9109",1,0,0
"NV2t021198003.1","NV2t021198003.1","Nvec","OG_9109",1,0,0
"NV2t021269001.1","NV2t021269001.1","Nvec","OG_373",1,0,0
"NV2t021269002.1","NV2t021269002.1","Nvec","OG_373",1,0,0
"NV2t021279001.1","NV2t021279001.1","Nvec","OG_4629",1,0,0
"NV2t021300001.1","NV2t021300001.1","Nvec","OG_399",1,0,1
"NV2t021537001.1","NV2t021537001.1","Nvec","OG_4699",1,0,0
"NV2t021641001.1","NV2t021641001.1","Nvec","OG_9234",1,0,0
"NV2t021793001.1","NV2t021793001.1","Nvec","OG_7627",1,0,1
"NV2t021796001.1","NV2t021796001.1","Nvec","OG_236",1,1,0
"NV2t021797001.1","NV2t021797001.1","Nvec","OG_236",1,1,0
"NV2t021822001.1","NV2t021822001.1","Nvec","OG_7627",1,0,1
"NV2t021822002.1","NV2t021822002.1","Nvec","OG_7627",1,0,1
"NV2t021822003.1","NV2t021822003.1","Nvec","OG_7627",1,0,1
"NV2t021898001.1","NV2t021898001.1","Nvec","OG_9157",1,0,0
"NV2t021933001.1","NV2t021933001.1","Nvec","OG_7568",1,0,0
"NV2t021943001.1","NV2t021943001.1","Nvec","OG_5323",1,1,1
"NV2t021943002.1","NV2t021943002.1","Nvec","OG_5323",1,1,1
"NV2t022010002.1","NV2t022010002.1","Nvec","OG_391",1,0,0
"NV2t022026001.1","NV2t022026001.1","Nvec","OG_411",1,0,1
"NV2t022106001.1","NV2t022106001.1","Nvec","OG_9055",1,0,1
"NV2t022181001.1","NV2t022181001.1","Nvec","OG_4704",1,0,0
"NV2t022636001.1","NV2t022636001.1","Nvec","OG_4643",1,0,0
"NV2t022646001.1","NV2t022646001.1","Nvec","OG_4705",1,0,0
"NV2t022646002.1","NV2t022646002.1","Nvec","OG_4705",1,0,0
"NV2t022646003.1","NV2t022646003.1","Nvec","OG_4705",1,0,0
"NV2t022646004.1","NV2t022646004.1","Nvec","OG_4705",1,0,0
"NV2t022646005.1","NV2t022646005.1","Nvec","OG_4705",1,0,0
"NV2t022646006.1","NV2t022646006.1","Nvec","OG_4705",1,0,0
"NV2t022646007.1","NV2t022646007.1","Nvec","OG_4705",1,0,0
"NV2t022646008.1","NV2t022646008.1","Nvec","OG_4705",1,0,0
"NV2t022646009.1","NV2t022646009.1","Nvec","OG_4705",1,0,0
"NV2t022646010.1","NV2t022646010.1","Nvec","OG_4705",1,0,0
"NV2t022646011.1","NV2t022646011.1","Nvec","OG_4705",1,0,0
"NV2t022646012.1","NV2t022646012.1","Nvec","OG_4705",1,0,0
"NV2t022646013.1","NV2t022646013.1","Nvec","OG_4705",1,0,0
"NV2t022701001.1","NV2t022701001.1","Nvec","OG_5058",1,0,0
"NV2t022745001.1","NV2t022745001.1","Nvec","OG_659",1,1,1
"NV2t022754001.1","NV2t022754001.1","Nvec","OG_4771",1,0,0
"NV2t022756001.1","NV2t022756001.1","Nvec","OG_9121",1,1,0
"NV2t022917001.1","NV2t022917001.1","Nvec","OG_270",1,1,1
"NV2t023063001.1","NV2t023063001.1","Nvec","OG_5690",1,0,0
"NV2t023067001.1","NV2t023067001.1","Nvec","OG_11419",1,1,1
"NV2t023067002.1","NV2t023067002.1","Nvec","OG_11419",1,1,1
"NV2t023067003.1","NV2t023067003.1","Nvec","OG_11419",1,1,1
"NV2t023078001.1","NV2t023078001.1","Nvec","OG_11419",1,1,1
"NV2t023110001.1","NV2t023110001.1","Nvec","OG_3406",1,0,0
"NV2t023111001.1","NV2t023111001.1","Nvec","OG_3409",1,1,0
"NV2t023113001.1","NV2t023113001.1","Nvec","OG_3406",1,0,0
"NV2t023114001.1","NV2t023114001.1","Nvec","OG_3409",1,1,0
"NV2t023164001.1","NV2t023164001.1","Nvec","OG_792",1,1,1
"NV2t023164002.1","NV2t023164002.1","Nvec","OG_792",1,1,1
"NV2t023308001.1","NV2t023308001.1","Nvec","OG_11485",1,0,1
"NV2t023317001.1","NV2t023317001.1","Nvec","OG_6521",1,0,0
"NV2t023336001.1","NV2t023336001.1","Nvec","OG_5695",1,0,0
"NV2t023364001.1","NV2t023364001.1","Nvec","OG_11376",1,0,0
"NV2t023364002.1","NV2t023364002.1","Nvec","OG_11376",1,0,0
"NV2t023364003.1","NV2t023364003.1","Nvec","OG_11376",1,0,0
"NV2t023556001.1","NV2t023556001.1","Nvec","OG_3354",1,0,0
"NV2t023747001.1","NV2t023747001.1","Nvec","OG_11590",1,0,0
"NV2t023853001.1","NV2t023853001.1","Nvec","OG_12646",1,0,0
"NV2t023886001.1","NV2t023886001.1","Nvec","OG_11600",1,0,0
"NV2t023886002.1","NV2t023886002.1","Nvec","OG_11600",1,0,0
"NV2t023886003.1","NV2t023886003.1","Nvec","OG_11600",1,0,0
"NV2t023990001.1","NV2t023990001.1","Nvec","OG_166",1,1,1
"NV2t024008001.1","NV2t024008001.1","Nvec","OG_200",1,0,0
"NV2t024027001.1","NV2t024027001.1","Nvec","OG_3398",1,0,1
"NV2t024085001.1","NV2t024085001.1","Nvec","OG_11719",1,0,0
"NV2t024106001.1","NV2t024106001.1","Nvec","OG_793",1,1,1
"NV2t024106002.1","NV2t024106002.1","Nvec","OG_793",1,1,1
"NV2t024182001.1","NV2t024182001.1","Nvec","OG_5342",1,0,0
"NV2t024190001.1","NV2t024190001.1","Nvec","OG_3459",1,0,0
"NV2t024229001.1","NV2t024229001.1","Nvec","OG_792",1,1,1
"NV2t024229002.1","NV2t024229002.1","Nvec","OG_792",1,1,1
"NV2t024229003.1","NV2t024229003.1","Nvec","OG_792",1,1,1
"NV2t024246001.1","NV2t024246001.1","Nvec","OG_495",1,1,1
"NV2t024246002.1","NV2t024246002.1","Nvec","OG_495",1,1,1
"NV2t024367001.1","NV2t024367001.1","Nvec","OG_905",1,1,1
"NV2t024504001.1","NV2t024504001.1","Nvec","OG_11665",1,0,0
"NV2t024527001.1","NV2t024527001.1","Nvec","OG_11607",1,1,0
"NV2t024747001.1","NV2t024747001.1","Nvec","OG_11553",1,0,0
"NV2t024747002.1","NV2t024747002.1","Nvec","OG_11553",1,0,0
"NV2t024790001.1","NV2t024790001.1","Nvec","OG_1378",1,1,1
"NV2t024843001.1","NV2t024843001.1","Nvec","OG_247",1,0,1
"NV2t024854001.1","NV2t024854001.1","Nvec","OG_6239",1,0,0
"NV2t024907001.1","NV2t024907001.1","Nvec","OG_11768",1,0,1
"NV2t024941001.1","NV2t024941001.1","Nvec","OG_11765",1,1,0
"NV2t024941002.1","NV2t024941002.1","Nvec","OG_11765",1,1,0
"NV2t025061001.1","NV2t025061001.1","Nvec","OG_11398",1,0,1
"NV2t025225001.1","NV2t025225001.1","Nvec","OG_6340",1,1,1
"NV2t025244001.1","NV2t025244001.1","Nvec","OG_328",1,0,1
"NV2t025251001.1","NV2t025251001.1","Nvec","OG_524",1,1,0
"NV2t025252001.1","NV2t025252001.1","Nvec","OG_524",1,1,0
"NV2t025336001.1","NV2t025336001.1","Nvec","OG_11789",1,1,0
"NV2t025336002.1","NV2t025336002.1","Nvec","OG_11789",1,1,0
"NV2t025508002.1","NV2t025508002.1","Nvec","OG_11527",1,0,0
"NV2t025508003.1","NV2t025508003.1","Nvec","OG_11527",1,0,0
"NV2t025524001.1","NV2t025524001.1","Nvec","OG_5969",1,0,1
"NV2t025558001.1","NV2t025558001.1","Nvec","OG_9044",1,0,0
"NV2t025560001.1","NV2t025560001.1","Nvec","OG_11355",1,0,1
"NV2t025567001.1","NV2t025567001.1","Nvec","OG_3536",1,0,1
"NV2t025601001.1","NV2t025601001.1","Nvec","OG_5138",1,0,0
"NV2t025618001.1","NV2t025618001.1","Nvec","OG_905",1,1,1
"NV2t025640001.1","NV2t025640001.1","Nvec","OG_11756",1,1,0
"NV2t025640002.1","NV2t025640002.1","Nvec","OG_11756",1,1,0
"NV2t025684001.1","NV2t025684001.1","Nvec","OG_11654",1,0,0
"NV2t025684002.1","NV2t025684002.1","Nvec","OG_11654",1,0,0
"NV2t025684003.1","NV2t025684003.1","Nvec","OG_11654",1,0,0
"NV2t025684004.1","NV2t025684004.1","Nvec","OG_11654",1,0,0
"NV2t025688001.1","NV2t025688001.1","Nvec","OG_1057",1,0,0
"NV2t025703001.1","NV2t025703001.1","Nvec","OG_1139",1,0,1
"NV2t025720001.1","NV2t025720001.1","Nvec","OG_4352",1,1,0
"NV2t025720002.1","NV2t025720002.1","Nvec","OG_4352",1,1,0
"NV2t025720003.1","NV2t025720003.1","Nvec","OG_4352",1,1,0
"NV2t025732001.1","NV2t025732001.1","Nvec","OG_11783",1,1,0
"NV2t000167001.1","NV2t000167001.1","Nvec","OG_5853",1,0,0
"NV2t000343002.1","NV2t000343002.1","Nvec","OG_2193",1,0,0
"NV2t000500001.1","NV2t000500001.1","Nvec","OG_239",1,0,0
"NV2t000557001.1","NV2t000557001.1","Nvec","OG_7190",1,0,0
"NV2t000926001.1","NV2t000926001.1","Nvec","OG_7592",1,0,0
"NV2t001549001.1","NV2t001549001.1","Nvec","OG_5989",1,1,0
"NV2t002829001.1","NV2t002829001.1","Nvec","OG_8861",1,0,0
"NV2t003861001.1","NV2t003861001.1","Nvec","OG_1059",1,0,0
"NV2t004056003.1","NV2t004056003.1","Nvec","OG_12133",1,1,0
"NV2t004088001.1","NV2t004088001.1","Nvec","OG_4973",1,0,0
"NV2t004842001.1","NV2t004842001.1","Nvec","OG_1042",1,0,0
"NV2t005077001.1","NV2t005077001.1","Nvec","OG_1603",1,0,0
"NV2t005178001.1","NV2t005178001.1","Nvec","OG_12150",1,0,1
"NV2t005840001.1","NV2t005840001.1","Nvec","OG_5515",1,0,0
"NV2t005840002.1","NV2t005840002.1","Nvec","OG_5515",1,0,0
"NV2t005840003.1","NV2t005840003.1","Nvec","OG_5515",1,0,0
"NV2t006198001.1","NV2t006198001.1","Nvec","OG_9358",1,0,0
"NV2t006266001.1","NV2t006266001.1","Nvec","OG_7804",1,0,0
"NV2t006382001.1","NV2t006382001.1","Nvec","OG_4919",1,1,1
"NV2t006382002.1","NV2t006382002.1","Nvec","OG_4919",1,1,1
"NV2t006568001.1","NV2t006568001.1","Nvec","OG_8800",1,0,0
"NV2t006640001.1","NV2t006640001.1","Nvec","OG_7403",1,1,1
"NV2t006640002.1","NV2t006640002.1","Nvec","OG_7403",1,1,1
"NV2t007058001.1","NV2t007058001.1","Nvec","OG_8339",1,0,0
"NV2t007490001.1","NV2t007490001.1","Nvec","OG_5019",1,1,0
"NV2t007733001.1","NV2t007733001.1","Nvec","OG_6050",1,0,0
"NV2t007876001.1","NV2t007876001.1","Nvec","OG_8595",1,0,0
"NV2t008727001.1","NV2t008727001.1","Nvec","OG_7196",1,0,0
"NV2t008727002.1","NV2t008727002.1","Nvec","OG_7196",1,0,0
"NV2t008727003.1","NV2t008727003.1","Nvec","OG_7196",1,0,0
"NV2t008727004.1","NV2t008727004.1","Nvec","OG_7196",1,0,0
"NV2t008879002.1","NV2t008879002.1","Nvec","OG_10194",1,0,0
"NV2t009239005.1","NV2t009239005.1","Nvec","OG_1559",1,1,0
"NV2t009257001.1","NV2t009257001.1","Nvec","OG_10170",1,0,0
"NV2t009261001.1","NV2t009261001.1","Nvec","OG_4606",1,0,0
"NV2t009261002.1","NV2t009261002.1","Nvec","OG_4606",1,0,0
"NV2t009444001.1","NV2t009444001.1","Nvec","OG_6201",1,0,0
"NV2t009731001.1","NV2t009731001.1","Nvec","OG_336",1,1,1
"NV2t009968001.1","NV2t009968001.1","Nvec","OG_984",1,1,1
"NV2t009968002.1","NV2t009968002.1","Nvec","OG_984",1,1,1
"NV2t009968003.1","NV2t009968003.1","Nvec","OG_984",1,1,1
"NV2t010098001.1","NV2t010098001.1","Nvec","OG_5567",1,0,1
"NV2t010171001.1","NV2t010171001.1","Nvec","OG_11258",1,0,0
"NV2t010171002.1","NV2t010171002.1","Nvec","OG_11258",1,0,0
"NV2t010171003.1","NV2t010171003.1","Nvec","OG_11258",1,0,0
"NV2t010171004.1","NV2t010171004.1","Nvec","OG_11258",1,0,0
"NV2t010198001.1","NV2t010198001.1","Nvec","OG_304",1,1,1
"NV2t010198002.1","NV2t010198002.1","Nvec","OG_304",1,1,1
"NV2t011011001.1","NV2t011011001.1","Nvec","OG_6388",1,0,0
"NV2t011070001.1","NV2t011070001.1","Nvec","OG_441",1,1,1
"NV2t011260001.1","NV2t011260001.1","Nvec","OG_4349",1,0,0
"NV2t011437001.1","NV2t011437001.1","Nvec","OG_9925",1,0,0
"NV2t011439001.1","NV2t011439001.1","Nvec","OG_9925",1,0,0
"NV2t011441001.1","NV2t011441001.1","Nvec","OG_2654",1,0,0
"NV2t011441002.1","NV2t011441002.1","Nvec","OG_2654",1,0,0
"NV2t011441003.1","NV2t011441003.1","Nvec","OG_2654",1,0,0
"NV2t011802002.1","NV2t011802002.1","Nvec","OG_4123",1,0,0
"NV2t012107001.1","NV2t012107001.1","Nvec","OG_9918",1,0,0
"NV2t012107002.1","NV2t012107002.1","Nvec","OG_9918",1,0,0
"NV2t012107003.1","NV2t012107003.1","Nvec","OG_9918",1,0,0
"NV2t012107004.1","NV2t012107004.1","Nvec","OG_9918",1,0,0
"NV2t012281001.1","NV2t012281001.1","Nvec","OG_12570",1,0,0
"NV2t012283001.1","NV2t012283001.1","Nvec","OG_6642",1,0,0
"NV2t013026001.1","NV2t013026001.1","Nvec","OG_12740",1,0,0
"NV2t013317001.1","NV2t013317001.1","Nvec","OG_732",1,0,0
"NV2t013317002.1","NV2t013317002.1","Nvec","OG_732",1,0,0
"NV2t013317003.1","NV2t013317003.1","Nvec","OG_732",1,0,0
"NV2t013317004.1","NV2t013317004.1","Nvec","OG_732",1,0,0
"NV2t013792001.1","NV2t013792001.1","Nvec","OG_10770",1,1,0
"NV2t013792002.1","NV2t013792002.1","Nvec","OG_10770",1,1,0
"NV2t013898001.1","NV2t013898001.1","Nvec","OG_5236",1,0,0
"NV2t013898003.1","NV2t013898003.1","Nvec","OG_5236",1,0,0
"NV2t013898004.1","NV2t013898004.1","Nvec","OG_5236",1,0,0
"NV2t013898005.1","NV2t013898005.1","Nvec","OG_5236",1,0,0
"NV2t013898006.1","NV2t013898006.1","Nvec","OG_5236",1,0,0
"NV2t013898007.1","NV2t013898007.1","Nvec","OG_5236",1,0,0
"NV2t013898008.1","NV2t013898008.1","Nvec","OG_5236",1,0,0
"NV2t014195001.1","NV2t014195001.1","Nvec","OG_11156",1,0,0
"NV2t014499001.1","NV2t014499001.1","Nvec","OG_6546",1,0,0
"NV2t015202001.1","NV2t015202001.1","Nvec","OG_10719",1,0,0
"NV2t015239001.1","NV2t015239001.1","Nvec","OG_11825",1,0,0
"NV2t015533001.1","NV2t015533001.1","Nvec","OG_7864",1,0,0
"NV2t015533002.1","NV2t015533002.1","Nvec","OG_7864",1,0,0
"NV2t016440001.1","NV2t016440001.1","Nvec","OG_8075",1,0,0
"NV2t016449001.1","NV2t016449001.1","Nvec","OG_7963",1,0,0
"NV2t016566001.1","NV2t016566001.1","Nvec","OG_2480",1,0,0
"NV2t017030001.1","NV2t017030001.1","Nvec","OG_7703",1,0,0
"NV2t017314001.1","NV2t017314001.1","Nvec","OG_8026",1,0,0
"NV2t017314002.1","NV2t017314002.1","Nvec","OG_8026",1,0,0
"NV2t017314003.1","NV2t017314003.1","Nvec","OG_8026",1,0,0
"NV2t017349001.1","NV2t017349001.1","Nvec","OG_6551",1,1,0
"NV2t017515001.1","NV2t017515001.1","Nvec","OG_8491",1,1,0
"NV2t017556005.1","NV2t017556005.1","Nvec","OG_6831",1,0,0
"NV2t018324001.1","NV2t018324001.1","Nvec","OG_11023",1,0,0
"NV2t018324002.1","NV2t018324002.1","Nvec","OG_11023",1,0,0
"NV2t018760001.1","NV2t018760001.1","Nvec","OG_8303",1,0,0
"NV2t018760002.1","NV2t018760002.1","Nvec","OG_8303",1,0,0
"NV2t018760003.1","NV2t018760003.1","Nvec","OG_8303",1,0,0
"NV2t018827001.1","NV2t018827001.1","Nvec","OG_8365",1,0,1
"NV2t018943001.1","NV2t018943001.1","Nvec","OG_10827",1,1,0
"NV2t018943002.1","NV2t018943002.1","Nvec","OG_10827",1,1,0
"NV2t018943003.1","NV2t018943003.1","Nvec","OG_10827",1,1,0
"NV2t019211001.1","NV2t019211001.1","Nvec","OG_775",1,1,0
"NV2t019211002.1","NV2t019211002.1","Nvec","OG_775",1,1,0
"NV2t019211003.1","NV2t019211003.1","Nvec","OG_775",1,1,0
"NV2t019592001.1","NV2t019592001.1","Nvec","OG_1572",1,0,0
"NV2t019711001.1","NV2t019711001.1","Nvec","OG_7534",1,0,0
"NV2t019711002.1","NV2t019711002.1","Nvec","OG_7534",1,0,0
"NV2t019874001.1","NV2t019874001.1","Nvec","OG_10627",1,0,0
"NV2t020311001.1","NV2t020311001.1","Nvec","OG_10507",1,0,0
"NV2t020311009.1","NV2t020311009.1","Nvec","OG_10507",1,0,0
"NV2t020317001.1","NV2t020317001.1","Nvec","OG_2940",1,1,1
"NV2t020697001.1","NV2t020697001.1","Nvec","OG_2884",1,0,0
"NV2t021044001.1","NV2t021044001.1","Nvec","OG_3025",1,0,0
"NV2t021124001.1","NV2t021124001.1","Nvec","OG_576",1,0,0
"NV2t021522001.1","NV2t021522001.1","Nvec","OG_4730",1,1,0
"NV2t021645001.1","NV2t021645001.1","Nvec","OG_9332",1,0,1
"NV2t021937001.1","NV2t021937001.1","Nvec","OG_4787",1,0,0
"NV2t021937002.1","NV2t021937002.1","Nvec","OG_4787",1,0,0
"NV2t022420001.1","NV2t022420001.1","Nvec","OG_9079",1,0,0
"NV2t022420002.1","NV2t022420002.1","Nvec","OG_9079",1,0,0
"NV2t022420003.1","NV2t022420003.1","Nvec","OG_9079",1,0,0
"NV2t022693001.1","NV2t022693001.1","Nvec","OG_4786",1,0,0
"NV2t022693002.1","NV2t022693002.1","Nvec","OG_4786",1,0,0
"NV2t022693003.1","NV2t022693003.1","Nvec","OG_4786",1,0,0
"NV2t022900001.1","NV2t022900001.1","Nvec","OG_11453",1,0,0
"NV2t023278001.1","NV2t023278001.1","Nvec","OG_665",1,0,0
"NV2t023279002.1","NV2t023279002.1","Nvec","OG_665",1,0,0
"NV2t023279003.1","NV2t023279003.1","Nvec","OG_665",1,0,0
"NV2t023533001.1","NV2t023533001.1","Nvec","OG_11778",1,0,0
"NV2t023533002.1","NV2t023533002.1","Nvec","OG_11778",1,0,0
"NV2t023533003.1","NV2t023533003.1","Nvec","OG_11778",1,0,0
"NV2t023618002.1","NV2t023618002.1","Nvec","OG_11360",1,0,0
"NV2t023618003.1","NV2t023618003.1","Nvec","OG_11360",1,0,0
"NV2t023618004.1","NV2t023618004.1","Nvec","OG_11360",1,0,0
"NV2t023650001.1","NV2t023650001.1","Nvec","OG_774",1,0,0
"NV2t024095001.1","NV2t024095001.1","Nvec","OG_1036",1,0,1
"NV2t024100001.1","NV2t024100001.1","Nvec","OG_6519",1,0,0
"NV2t024100002.1","NV2t024100002.1","Nvec","OG_6519",1,0,0
"NV2t024100003.1","NV2t024100003.1","Nvec","OG_6519",1,0,0
"NV2t024100004.1","NV2t024100004.1","Nvec","OG_6519",1,0,0
"NV2t024104001.1","NV2t024104001.1","Nvec","OG_6519",1,0,0
"NV2t024104002.1","NV2t024104002.1","Nvec","OG_6519",1,0,0
"NV2t024104003.1","NV2t024104003.1","Nvec","OG_6519",1,0,0
"NV2t024104004.1","NV2t024104004.1","Nvec","OG_6519",1,0,0
"NV2t024268001.1","NV2t024268001.1","Nvec","OG_6518",1,0,0
"NV2t024378002.1","NV2t024378002.1","Nvec","OG_5231",1,0,0
"NV2t024378004.1","NV2t024378004.1","Nvec","OG_5231",1,0,0
"NV2t024594001.1","NV2t024594001.1","Nvec","OG_3650",1,0,0
"NV2t024634001.1","NV2t024634001.1","Nvec","OG_3647",1,0,0
"NV2t024651002.1","NV2t024651002.1","Nvec","OG_8780",1,1,0
"NV2t025579001.1","NV2t025579001.1","Nvec","OG_3373",1,0,0
"NV2t000607001.1","NV2t000607001.1","Nvec","OG_6516",1,0,0
"NV2t000607002.1","NV2t000607002.1","Nvec","OG_6516",1,0,0
"NV2t002333001.1","NV2t002333001.1","Nvec","OG_864",1,0,0
"NV2t002333002.1","NV2t002333002.1","Nvec","OG_864",1,0,0
"NV2t002379001.1","NV2t002379001.1","Nvec","OG_4035",1,0,0
"NV2t003008001.1","NV2t003008001.1","Nvec","OG_12571",1,0,0
"NV2t003098001.1","NV2t003098001.1","Nvec","OG_8654",1,0,0
"NV2t003144001.1","NV2t003144001.1","Nvec","OG_4047",1,1,1
"NV2t003404002.1","NV2t003404002.1","Nvec","OG_12573",1,0,0
"NV2t003506001.1","NV2t003506001.1","Nvec","OG_6574",1,1,0
"NV2t003646001.1","NV2t003646001.1","Nvec","OG_4070",1,0,0
"NV2t003783010.1","NV2t003783010.1","Nvec","OG_6668",1,0,0
"NV2t003783011.1","NV2t003783011.1","Nvec","OG_6668",1,0,0
"NV2t003783012.1","NV2t003783012.1","Nvec","OG_6668",1,0,0
"NV2t003783013.1","NV2t003783013.1","Nvec","OG_6668",1,0,0
"NV2t004107002.1","NV2t004107002.1","Nvec","OG_1643",1,0,0
"NV2t004284001.1","NV2t004284001.1","Nvec","OG_1623",1,0,0
"NV2t004284002.1","NV2t004284002.1","Nvec","OG_1623",1,0,0
"NV2t004284003.1","NV2t004284003.1","Nvec","OG_1623",1,0,0
"NV2t004349001.1","NV2t004349001.1","Nvec","OG_431",1,0,0
"NV2t004852001.1","NV2t004852001.1","Nvec","OG_1645",1,0,0
"NV2t004985001.1","NV2t004985001.1","Nvec","OG_431",1,0,0
"NV2t005315001.1","NV2t005315001.1","Nvec","OG_588",1,0,0
"NV2t005465001.1","NV2t005465001.1","Nvec","OG_1754",1,0,0
"NV2t005612001.1","NV2t005612001.1","Nvec","OG_4839",1,0,0
"NV2t005617001.1","NV2t005617001.1","Nvec","OG_9415",1,0,1
"NV2t005903001.1","NV2t005903001.1","Nvec","OG_680",1,1,1
"NV2t005958001.1","NV2t005958001.1","Nvec","OG_242",1,1,1
"NV2t007487001.1","NV2t007487001.1","Nvec","OG_8512",1,0,0
"NV2t007980001.1","NV2t007980001.1","Nvec","OG_3346",1,0,0
"NV2t008324001.1","NV2t008324001.1","Nvec","OG_4564",1,0,0
"NV2t008717001.1","NV2t008717001.1","Nvec","OG_4596",1,0,0
"NV2t008841001.1","NV2t008841001.1","Nvec","OG_4516",1,0,0
"NV2t008957001.1","NV2t008957001.1","Nvec","OG_9976",1,1,0
"NV2t009038001.1","NV2t009038001.1","Nvec","OG_10254",1,0,1
"NV2t009162001.1","NV2t009162001.1","Nvec","OG_889",1,1,1
"NV2t009176001.1","NV2t009176001.1","Nvec","OG_5251",1,1,0
"NV2t009177001.1","NV2t009177001.1","Nvec","OG_4548",1,0,0
"NV2t009177002.1","NV2t009177002.1","Nvec","OG_4548",1,0,0
"NV2t009340001.1","NV2t009340001.1","Nvec","OG_10390",1,0,0
"NV2t009340002.1","NV2t009340002.1","Nvec","OG_10390",1,0,0
"NV2t009340003.1","NV2t009340003.1","Nvec","OG_10390",1,0,0
"NV2t010263001.1","NV2t010263001.1","Nvec","OG_8508",1,0,0
"NV2t010263002.1","NV2t010263002.1","Nvec","OG_8508",1,0,0
"NV2t010263003.1","NV2t010263003.1","Nvec","OG_8508",1,0,0
"NV2t010263004.1","NV2t010263004.1","Nvec","OG_8508",1,0,0
"NV2t010330001.1","NV2t010330001.1","Nvec","OG_10868",1,1,0
"NV2t010573001.1","NV2t010573001.1","Nvec","OG_150",1,1,1
"NV2t010573002.1","NV2t010573002.1","Nvec","OG_150",1,1,1
"NV2t011398001.1","NV2t011398001.1","Nvec","OG_9901",1,0,0
"NV2t011610001.1","NV2t011610001.1","Nvec","OG_7039",1,0,0
"NV2t011610002.1","NV2t011610002.1","Nvec","OG_7039",1,0,0
"NV2t011666001.1","NV2t011666001.1","Nvec","OG_2755",1,1,0
"NV2t012104001.1","NV2t012104001.1","Nvec","OG_497",1,1,1
"NV2t012158001.1","NV2t012158001.1","Nvec","OG_9947",1,1,0
"NV2t013020001.1","NV2t013020001.1","Nvec","OG_431",1,0,0
"NV2t013149003.1","NV2t013149003.1","Nvec","OG_431",1,0,0
"NV2t013218001.1","NV2t013218001.1","Nvec","OG_6191",1,0,0
"NV2t013218002.1","NV2t013218002.1","Nvec","OG_6191",1,0,0
"NV2t013218003.1","NV2t013218003.1","Nvec","OG_6191",1,0,0
"NV2t013762001.1","NV2t013762001.1","Nvec","OG_615",1,1,1
"NV2t014249001.1","NV2t014249001.1","Nvec","OG_10087",1,0,0
"NV2t014249002.1","NV2t014249002.1","Nvec","OG_10087",1,0,0
"NV2t014249003.1","NV2t014249003.1","Nvec","OG_10087",1,0,0
"NV2t014249004.1","NV2t014249004.1","Nvec","OG_10087",1,0,0
"NV2t014472002.1","NV2t014472002.1","Nvec","OG_11928",1,0,1
"NV2t014952001.1","NV2t014952001.1","Nvec","OG_284",1,1,1
"NV2t014952003.1","NV2t014952003.1","Nvec","OG_1566",1,0,0
"NV2t015063001.1","NV2t015063001.1","Nvec","OG_10087",1,0,0
"NV2t015063002.1","NV2t015063002.1","Nvec","OG_10087",1,0,0
"NV2t015063003.1","NV2t015063003.1","Nvec","OG_10087",1,0,0
"NV2t015161001.1","NV2t015161001.1","Nvec","OG_11923",1,0,0
"NV2t015529001.1","NV2t015529001.1","Nvec","OG_8095",1,0,0
"NV2t015529002.1","NV2t015529002.1","Nvec","OG_8095",1,0,0
"NV2t015529003.1","NV2t015529003.1","Nvec","OG_8095",1,0,0
"NV2t015535001.1","NV2t015535001.1","Nvec","OG_431",1,0,0
"NV2t015987001.1","NV2t015987001.1","Nvec","OG_2410",1,0,0
"NV2t015987002.1","NV2t015987002.1","Nvec","OG_2410",1,0,0
"NV2t015987003.1","NV2t015987003.1","Nvec","OG_2410",1,0,0
"NV2t015987004.1","NV2t015987004.1","Nvec","OG_2410",1,0,0
"NV2t016755001.1","NV2t016755001.1","Nvec","OG_2518",1,1,0
"NV2t017245001.1","NV2t017245001.1","Nvec","OG_2622",1,0,1
"NV2t017245002.1","NV2t017245002.1","Nvec","OG_2622",1,0,1
"NV2t018293001.1","NV2t018293001.1","Nvec","OG_3332",1,0,0
"NV2t018293002.1","NV2t018293002.1","Nvec","OG_3332",1,0,0
"NV2t018552001.1","NV2t018552001.1","Nvec","OG_1992",1,0,0
"NV2t018552002.1","NV2t018552002.1","Nvec","OG_1992",1,0,0
"NV2t018552003.1","NV2t018552003.1","Nvec","OG_1992",1,0,0
"NV2t018552004.1","NV2t018552004.1","Nvec","OG_1992",1,0,0
"NV2t018787001.1","NV2t018787001.1","Nvec","OG_1823",1,0,0
"NV2t018787002.1","NV2t018787002.1","Nvec","OG_1823",1,0,0
"NV2t018938001.1","NV2t018938001.1","Nvec","OG_1811",1,0,0
"NV2t019496001.1","NV2t019496001.1","Nvec","OG_6525",1,0,1
"NV2t019883001.1","NV2t019883001.1","Nvec","OG_140",1,0,0
"NV2t020154001.1","NV2t020154001.1","Nvec","OG_2809",1,0,0
"NV2t020547001.1","NV2t020547001.1","Nvec","OG_6127",1,0,0
"NV2t021729001.1","NV2t021729001.1","Nvec","OG_219",1,1,1
"NV2t021842001.1","NV2t021842001.1","Nvec","OG_9247",1,0,0
"NV2t021842002.1","NV2t021842002.1","Nvec","OG_9247",1,0,0
"NV2t021842003.1","NV2t021842003.1","Nvec","OG_9247",1,0,0
"NV2t022001001.1","NV2t022001001.1","Nvec","OG_4648",1,0,0
"NV2t022116001.1","NV2t022116001.1","Nvec","OG_7933",1,0,0
"NV2t022328001.1","NV2t022328001.1","Nvec","OG_4647",1,0,0
"NV2t022392001.1","NV2t022392001.1","Nvec","OG_431",1,0,0
"NV2t022829001.1","NV2t022829001.1","Nvec","OG_905",1,1,1
"NV2t022829002.1","NV2t022829002.1","Nvec","OG_905",1,1,1
"NV2t023248001.1","NV2t023248001.1","Nvec","OG_11375",1,0,0
"NV2t023271001.1","NV2t023271001.1","Nvec","OG_667",1,0,1
"NV2t023335001.1","NV2t023335001.1","Nvec","OG_3487",1,0,0
"NV2t023531001.1","NV2t023531001.1","Nvec","OG_3457",1,0,1
"NV2t023994001.1","NV2t023994001.1","Nvec","OG_11506",1,0,1
"NV2t023994002.1","NV2t023994002.1","Nvec","OG_11506",1,0,1
"NV2t024305001.1","NV2t024305001.1","Nvec","OG_11314",1,0,0
"NV2t024312001.1","NV2t024312001.1","Nvec","OG_3429",1,0,0
"NV2t024363001.1","NV2t024363001.1","Nvec","OG_3630",1,0,0
"NV2t024501001.1","NV2t024501001.1","Nvec","OG_431",1,0,0
"NV2t024651001.1","NV2t024651001.1","Nvec","OG_8780",1,1,0
"NV2t024814001.1","NV2t024814001.1","Nvec","OG_3563",1,0,0
"NV2t000112001.1","NV2t000112001.1","Nvec","OG_7197",1,0,0
"NV2t000112002.1","NV2t000112002.1","Nvec","OG_7197",1,0,0
"NV2t000235001.1","NV2t000235001.1","Nvec","OG_6461",1,0,0
"NV2t000248001.1","NV2t000248001.1","Nvec","OG_7535",1,0,0
"NV2t000267001.1","NV2t000267001.1","Nvec","OG_7274",1,0,0
"NV2t000270001.1","NV2t000270001.1","Nvec","OG_7274",1,0,0
"NV2t000270002.1","NV2t000270002.1","Nvec","OG_7274",1,0,0
"NV2t000315001.1","NV2t000315001.1","Nvec","OG_175",1,0,0
"NV2t000315002.1","NV2t000315002.1","Nvec","OG_175",1,0,0
"NV2t000338001.1","NV2t000338001.1","Nvec","OG_559",1,1,1
"NV2t000576001.1","NV2t000576001.1","Nvec","OG_242",1,1,1
"NV2t000578001.1","NV2t000578001.1","Nvec","OG_242",1,1,1
"NV2t000579001.1","NV2t000579001.1","Nvec","OG_242",1,1,1
"NV2t000580001.1","NV2t000580001.1","Nvec","OG_242",1,1,1
"NV2t000581001.1","NV2t000581001.1","Nvec","OG_242",1,1,1
"NV2t000581002.1","NV2t000581002.1","Nvec","OG_242",1,1,1
"NV2t000581003.1","NV2t000581003.1","Nvec","OG_242",1,1,1
"NV2t000593001.1","NV2t000593001.1","Nvec","OG_242",1,1,1
"NV2t000593002.1","NV2t000593002.1","Nvec","OG_242",1,1,1
"NV2t000597001.1","NV2t000597001.1","Nvec","OG_242",1,1,1
"NV2t000730001.1","NV2t000730001.1","Nvec","OG_5437",1,0,0
"NV2t000818001.1","NV2t000818001.1","Nvec","OG_3702",1,1,1
"NV2t000946001.1","NV2t000946001.1","Nvec","OG_6515",1,1,1
"NV2t001153001.1","NV2t001153001.1","Nvec","OG_7304",1,0,0
"NV2t001191001.1","NV2t001191001.1","Nvec","OG_1946",1,0,0
"NV2t001226001.1","NV2t001226001.1","Nvec","OG_3734",1,0,0
"NV2t001228001.1","NV2t001228001.1","Nvec","OG_402",1,0,0
"NV2t001273001.1","NV2t001273001.1","Nvec","OG_227",1,0,1
"NV2t001273003.1","NV2t001273003.1","Nvec","OG_227",1,0,1
"NV2t001457001.1","NV2t001457001.1","Nvec","OG_7229",1,0,0
"NV2t001628001.1","NV2t001628001.1","Nvec","OG_7154",1,0,0
"NV2t001692003.1","NV2t001692003.1","Nvec","OG_7226",1,1,0
"NV2t001767001.1","NV2t001767001.1","Nvec","OG_7281",1,0,0
"NV2t001767002.1","NV2t001767002.1","Nvec","OG_7281",1,0,0
"NV2t001885001.1","NV2t001885001.1","Nvec","OG_7247",1,0,0
"NV2t001885002.1","NV2t001885002.1","Nvec","OG_7247",1,0,0
"NV2t001885003.1","NV2t001885003.1","Nvec","OG_7247",1,0,0
"NV2t001885004.1","NV2t001885004.1","Nvec","OG_7247",1,0,0
"NV2t002109001.1","NV2t002109001.1","Nvec","OG_175",1,0,0
"NV2t002129006.1","NV2t002129006.1","Nvec","OG_3718",1,0,0
"NV2t002210001.1","NV2t002210001.1","Nvec","OG_5447",1,0,0
"NV2t002530001.1","NV2t002530001.1","Nvec","OG_5218",1,0,0
"NV2t002530002.1","NV2t002530002.1","Nvec","OG_5218",1,0,0
"NV2t002530003.1","NV2t002530003.1","Nvec","OG_5218",1,0,0
"NV2t002547001.1","NV2t002547001.1","Nvec","OG_703",1,1,1
"NV2t002711001.1","NV2t002711001.1","Nvec","OG_1002",1,0,0
"NV2t002733001.1","NV2t002733001.1","Nvec","OG_5963",1,0,1
"NV2t002733002.1","NV2t002733002.1","Nvec","OG_5963",1,0,1
"NV2t002799001.1","NV2t002799001.1","Nvec","OG_7680",1,0,1
"NV2t003336001.1","NV2t003336001.1","Nvec","OG_8435",1,0,1
"NV2t003352001.1","NV2t003352001.1","Nvec","OG_8814",1,0,0
"NV2t003371001.1","NV2t003371001.1","Nvec","OG_4043",1,0,0
"NV2t003371002.1","NV2t003371002.1","Nvec","OG_4043",1,0,0
"NV2t003371003.1","NV2t003371003.1","Nvec","OG_4043",1,0,0
"NV2t003391001.1","NV2t003391001.1","Nvec","OG_8713",1,1,0
"NV2t003404001.1","NV2t003404001.1","Nvec","OG_12573",1,0,0
"NV2t003404003.1","NV2t003404003.1","Nvec","OG_12573",1,0,0
"NV2t003405006.1","NV2t003405006.1","Nvec","OG_8834",1,0,1
"NV2t003499001.1","NV2t003499001.1","Nvec","OG_6268",1,0,0
"NV2t003500001.1","NV2t003500001.1","Nvec","OG_6268",1,0,0
"NV2t003516001.1","NV2t003516001.1","Nvec","OG_472",1,1,1
"NV2t003549001.1","NV2t003549001.1","Nvec","OG_8961",1,0,0
"NV2t003561001.1","NV2t003561001.1","Nvec","OG_1431",1,0,0
"NV2t003796001.1","NV2t003796001.1","Nvec","OG_3914",1,0,1
"NV2t003821001.1","NV2t003821001.1","Nvec","OG_3849",1,0,0
"NV2t003887001.1","NV2t003887001.1","Nvec","OG_3873",1,0,0
"NV2t003944001.1","NV2t003944001.1","Nvec","OG_1439",1,0,0
"NV2t003981001.1","NV2t003981001.1","Nvec","OG_699",1,1,0
"NV2t004048001.1","NV2t004048001.1","Nvec","OG_11818",1,0,0
"NV2t004048002.1","NV2t004048002.1","Nvec","OG_11818",1,0,0
"NV2t004092001.1","NV2t004092001.1","Nvec","OG_12127",1,0,0
"NV2t004092002.1","NV2t004092002.1","Nvec","OG_12127",1,0,0
"NV2t004092003.1","NV2t004092003.1","Nvec","OG_12127",1,0,0
"NV2t004299001.1","NV2t004299001.1","Nvec","OG_12319",1,0,0
"NV2t004299002.1","NV2t004299002.1","Nvec","OG_12319",1,0,0
"NV2t004299003.1","NV2t004299003.1","Nvec","OG_12319",1,0,0
"NV2t004299004.1","NV2t004299004.1","Nvec","OG_12319",1,0,0
"NV2t004492001.1","NV2t004492001.1","Nvec","OG_11924",1,0,1
"NV2t004552001.1","NV2t004552001.1","Nvec","OG_1651",1,0,0
"NV2t004636004.1","NV2t004636004.1","Nvec","OG_1692",1,0,0
"NV2t004696001.1","NV2t004696001.1","Nvec","OG_6312",1,0,0
"NV2t004758001.1","NV2t004758001.1","Nvec","OG_11930",1,0,0
"NV2t004909001.1","NV2t004909001.1","Nvec","OG_432",1,1,0
"NV2t004909002.1","NV2t004909002.1","Nvec","OG_432",1,1,0
"NV2t004909003.1","NV2t004909003.1","Nvec","OG_432",1,1,0
"NV2t005203001.1","NV2t005203001.1","Nvec","OG_11858",1,0,0
"NV2t005336001.1","NV2t005336001.1","Nvec","OG_753",1,0,0
"NV2t005343001.1","NV2t005343001.1","Nvec","OG_12184",1,0,0
"NV2t005355001.1","NV2t005355001.1","Nvec","OG_1628",1,0,0
"NV2t005485001.1","NV2t005485001.1","Nvec","OG_11422",1,0,0
"NV2t005735001.1","NV2t005735001.1","Nvec","OG_5513",1,0,0
"NV2t005735002.1","NV2t005735002.1","Nvec","OG_5513",1,0,0
"NV2t005818001.1","NV2t005818001.1","Nvec","OG_6682",1,1,1
"NV2t005818002.1","NV2t005818002.1","Nvec","OG_6682",1,1,1
"NV2t005909001.1","NV2t005909001.1","Nvec","OG_9361",1,0,0
"NV2t005939001.1","NV2t005939001.1","Nvec","OG_447",1,1,1
"NV2t005941001.1","NV2t005941001.1","Nvec","OG_9488",1,0,0
"NV2t006065001.1","NV2t006065001.1","Nvec","OG_9432",1,1,1
"NV2t006066001.1","NV2t006066001.1","Nvec","OG_9805",1,1,1
"NV2t006122001.1","NV2t006122001.1","Nvec","OG_4894",1,0,0
"NV2t006255001.1","NV2t006255001.1","Nvec","OG_648",1,0,0
"NV2t006255002.1","NV2t006255002.1","Nvec","OG_648",1,0,0
"NV2t006327001.1","NV2t006327001.1","Nvec","OG_7518",1,0,1
"NV2t006520001.1","NV2t006520001.1","Nvec","OG_4852",1,1,0
"NV2t006520002.1","NV2t006520002.1","Nvec","OG_4852",1,1,0
"NV2t006520003.1","NV2t006520003.1","Nvec","OG_4852",1,1,0
"NV2t006520004.1","NV2t006520004.1","Nvec","OG_4852",1,1,0
"NV2t006602001.1","NV2t006602001.1","Nvec","OG_9442",1,0,0
"NV2t006626001.1","NV2t006626001.1","Nvec","OG_640",1,1,1
"NV2t006634001.1","NV2t006634001.1","Nvec","OG_328",1,0,1
"NV2t006690002.1","NV2t006690002.1","Nvec","OG_9377",1,0,0
"NV2t006690003.1","NV2t006690003.1","Nvec","OG_9377",1,0,0
"NV2t006690004.1","NV2t006690004.1","Nvec","OG_9377",1,0,0
"NV2t006823001.1","NV2t006823001.1","Nvec","OG_6282",1,1,0
"NV2t006901001.1","NV2t006901001.1","Nvec","OG_847",1,1,1
"NV2t006972001.1","NV2t006972001.1","Nvec","OG_6535",1,0,1
"NV2t006992001.1","NV2t006992001.1","Nvec","OG_761",1,1,0
"NV2t007017001.1","NV2t007017001.1","Nvec","OG_8287",1,1,0
"NV2t007022001.1","NV2t007022001.1","Nvec","OG_233",1,1,1
"NV2t007024001.1","NV2t007024001.1","Nvec","OG_233",1,1,1
"NV2t007057001.1","NV2t007057001.1","Nvec","OG_230",1,0,1
"NV2t007112001.1","NV2t007112001.1","Nvec","OG_8271",1,1,0
"NV2t007187001.1","NV2t007187001.1","Nvec","OG_6535",1,0,1
"NV2t007187002.1","NV2t007187002.1","Nvec","OG_6535",1,0,1
"NV2t007524001.1","NV2t007524001.1","Nvec","OG_1377",1,1,0
"NV2t007524002.1","NV2t007524002.1","Nvec","OG_1377",1,1,0
"NV2t007551002.1","NV2t007551002.1","Nvec","OG_3097",1,1,0
"NV2t007551003.1","NV2t007551003.1","Nvec","OG_3097",1,1,0
"NV2t007551004.1","NV2t007551004.1","Nvec","OG_3097",1,1,0
"NV2t007551005.1","NV2t007551005.1","Nvec","OG_3097",1,1,0
"NV2t007580001.1","NV2t007580001.1","Nvec","OG_778",1,1,0
"NV2t007622001.1","NV2t007622001.1","Nvec","OG_144",1,1,1
"NV2t007730001.1","NV2t007730001.1","Nvec","OG_8234",1,1,1
"NV2t007945001.1","NV2t007945001.1","Nvec","OG_3131",1,0,0
"NV2t007973001.1","NV2t007973001.1","Nvec","OG_703",1,1,1
"NV2t008062001.1","NV2t008062001.1","Nvec","OG_687",1,0,0
"NV2t008062002.1","NV2t008062002.1","Nvec","OG_687",1,0,0
"NV2t008073001.1","NV2t008073001.1","Nvec","OG_382",1,1,0
"NV2t008393001.1","NV2t008393001.1","Nvec","OG_4465",1,0,0
"NV2t008393002.1","NV2t008393002.1","Nvec","OG_4465",1,0,0
"NV2t008393003.1","NV2t008393003.1","Nvec","OG_4465",1,0,0
"NV2t008535001.1","NV2t008535001.1","Nvec","OG_10053",1,1,0
"NV2t008543001.1","NV2t008543001.1","Nvec","OG_6771",1,0,0
"NV2t008552001.1","NV2t008552001.1","Nvec","OG_10086",1,0,0
"NV2t008612001.1","NV2t008612001.1","Nvec","OG_318",1,0,1
"NV2t008693001.1","NV2t008693001.1","Nvec","OG_6764",1,0,0
"NV2t008693002.1","NV2t008693002.1","Nvec","OG_6764",1,0,0
"NV2t008693003.1","NV2t008693003.1","Nvec","OG_6764",1,0,0
"NV2t008693004.1","NV2t008693004.1","Nvec","OG_6764",1,0,0
"NV2t008693005.1","NV2t008693005.1","Nvec","OG_6764",1,0,0
"NV2t008693006.1","NV2t008693006.1","Nvec","OG_6764",1,0,0
"NV2t008693007.1","NV2t008693007.1","Nvec","OG_6764",1,0,0
"NV2t008693008.1","NV2t008693008.1","Nvec","OG_6764",1,0,0
"NV2t008693009.1","NV2t008693009.1","Nvec","OG_6764",1,0,0
"NV2t008781001.1","NV2t008781001.1","Nvec","OG_5943",1,0,0
"NV2t008867001.1","NV2t008867001.1","Nvec","OG_318",1,0,1
"NV2t008914001.1","NV2t008914001.1","Nvec","OG_10277",1,1,0
"NV2t008914002.1","NV2t008914002.1","Nvec","OG_10277",1,1,0
"NV2t008914004.1","NV2t008914004.1","Nvec","OG_10277",1,1,0
"NV2t008992001.1","NV2t008992001.1","Nvec","OG_318",1,0,1
"NV2t009017001.1","NV2t009017001.1","Nvec","OG_4541",1,0,0
"NV2t009017002.1","NV2t009017002.1","Nvec","OG_4541",1,0,0
"NV2t009035001.1","NV2t009035001.1","Nvec","OG_4552",1,0,0
"NV2t009035002.1","NV2t009035002.1","Nvec","OG_4552",1,0,0
"NV2t009035003.1","NV2t009035003.1","Nvec","OG_4552",1,0,0
"NV2t009136001.1","NV2t009136001.1","Nvec","OG_10011",1,0,0
"NV2t009183001.1","NV2t009183001.1","Nvec","OG_10106",1,1,0
"NV2t009279001.1","NV2t009279001.1","Nvec","OG_9987",1,0,0
"NV2t009338001.1","NV2t009338001.1","Nvec","OG_4523",1,0,0
"NV2t009388001.1","NV2t009388001.1","Nvec","OG_703",1,1,1
"NV2t009388002.1","NV2t009388002.1","Nvec","OG_703",1,1,1
"NV2t009496001.1","NV2t009496001.1","Nvec","OG_1193",1,0,0
"NV2t009618001.1","NV2t009618001.1","Nvec","OG_613",1,0,0
"NV2t009648001.1","NV2t009648001.1","Nvec","OG_6688",1,0,0
"NV2t009993001.1","NV2t009993001.1","Nvec","OG_2043",1,0,0
"NV2t009993002.1","NV2t009993002.1","Nvec","OG_2043",1,0,0
"NV2t009993003.1","NV2t009993003.1","Nvec","OG_2043",1,0,0
"NV2t010005001.1","NV2t010005001.1","Nvec","OG_11237",1,0,0
"NV2t010009001.1","NV2t010009001.1","Nvec","OG_454",1,0,1
"NV2t010096001.1","NV2t010096001.1","Nvec","OG_11185",1,0,0
"NV2t010096002.1","NV2t010096002.1","Nvec","OG_11185",1,0,0
"NV2t010193001.1","NV2t010193001.1","Nvec","OG_6932",1,0,0
"NV2t010478001.1","NV2t010478001.1","Nvec","OG_1035",1,0,0
"NV2t010522001.1","NV2t010522001.1","Nvec","OG_602",1,1,1
"NV2t010670001.1","NV2t010670001.1","Nvec","OG_1291",1,0,0
"NV2t010670002.1","NV2t010670002.1","Nvec","OG_1291",1,0,0
"NV2t010836001.1","NV2t010836001.1","Nvec","OG_4295",1,0,0
"NV2t011017001.1","NV2t011017001.1","Nvec","OG_2679",1,1,0
"NV2t011026001.1","NV2t011026001.1","Nvec","OG_2680",1,0,0
"NV2t011045001.1","NV2t011045001.1","Nvec","OG_2756",1,0,0
"NV2t011161001.1","NV2t011161001.1","Nvec","OG_4323",1,1,0
"NV2t011168001.1","NV2t011168001.1","Nvec","OG_7061",1,0,0
"NV2t011241001.1","NV2t011241001.1","Nvec","OG_128",1,0,1
"NV2t011241002.1","NV2t011241002.1","Nvec","OG_128",1,0,1
"NV2t011241004.1","NV2t011241004.1","Nvec","OG_128",1,0,1
"NV2t011242001.1","NV2t011242001.1","Nvec","OG_128",1,0,1
"NV2t011243001.1","NV2t011243001.1","Nvec","OG_128",1,0,1
"NV2t011245001.1","NV2t011245001.1","Nvec","OG_128",1,0,1
"NV2t011247001.1","NV2t011247001.1","Nvec","OG_128",1,0,1
"NV2t011312001.1","NV2t011312001.1","Nvec","OG_2649",1,0,0
"NV2t011312002.1","NV2t011312002.1","Nvec","OG_2649",1,0,0
"NV2t011315001.1","NV2t011315001.1","Nvec","OG_9626",1,1,0
"NV2t011339001.1","NV2t011339001.1","Nvec","OG_9849",1,0,0
"NV2t011447001.1","NV2t011447001.1","Nvec","OG_6977",1,0,0
"NV2t011462001.1","NV2t011462001.1","Nvec","OG_5463",1,0,0
"NV2t011565001.1","NV2t011565001.1","Nvec","OG_7005",1,0,0
"NV2t011565002.1","NV2t011565002.1","Nvec","OG_7005",1,0,0
"NV2t011565003.1","NV2t011565003.1","Nvec","OG_7005",1,0,0
"NV2t011565004.1","NV2t011565004.1","Nvec","OG_7005",1,0,0
"NV2t011615001.1","NV2t011615001.1","Nvec","OG_2694",1,0,1
"NV2t011615002.1","NV2t011615002.1","Nvec","OG_2694",1,0,1
"NV2t011637001.1","NV2t011637001.1","Nvec","OG_4079",1,0,0
"NV2t011809001.1","NV2t011809001.1","Nvec","OG_12733",1,0,0
"NV2t011836001.1","NV2t011836001.1","Nvec","OG_4193",1,0,0
"NV2t011909001.1","NV2t011909001.1","Nvec","OG_4639",1,0,1
"NV2t011930001.1","NV2t011930001.1","Nvec","OG_7055",1,0,0
"NV2t011930002.1","NV2t011930002.1","Nvec","OG_7055",1,0,0
"NV2t012292001.1","NV2t012292001.1","Nvec","OG_2695",1,0,0
"NV2t012325001.1","NV2t012325001.1","Nvec","OG_5907",1,0,0
"NV2t012333001.1","NV2t012333001.1","Nvec","OG_9791",1,0,0
"NV2t012333003.1","NV2t012333003.1","Nvec","OG_9791",1,0,0
"NV2t012333004.1","NV2t012333004.1","Nvec","OG_9791",1,0,0
"NV2t012333007.1","NV2t012333007.1","Nvec","OG_9791",1,0,0
"NV2t012333009.1","NV2t012333009.1","Nvec","OG_9791",1,0,0
"NV2t012333010.1","NV2t012333010.1","Nvec","OG_9791",1,0,0
"NV2t012333011.1","NV2t012333011.1","Nvec","OG_9791",1,0,0
"NV2t012345001.1","NV2t012345001.1","Nvec","OG_9953",1,0,0
"NV2t012360001.1","NV2t012360001.1","Nvec","OG_664",1,1,1
"NV2t012382001.1","NV2t012382001.1","Nvec","OG_9872",1,0,0
"NV2t012449001.1","NV2t012449001.1","Nvec","OG_7029",1,1,0
"NV2t012450001.1","NV2t012450001.1","Nvec","OG_635",1,0,0
"NV2t012451001.1","NV2t012451001.1","Nvec","OG_9640",1,0,0
"NV2t012529001.1","NV2t012529001.1","Nvec","OG_9774",1,1,0
"NV2t012529002.1","NV2t012529002.1","Nvec","OG_9774",1,1,0
"NV2t012565001.1","NV2t012565001.1","Nvec","OG_5480",1,0,1
"NV2t012626001.1","NV2t012626001.1","Nvec","OG_4173",1,0,0
"NV2t012696002.1","NV2t012696002.1","Nvec","OG_2653",1,0,0
"NV2t012731001.1","NV2t012731001.1","Nvec","OG_2691",1,0,1
"NV2t012731002.1","NV2t012731002.1","Nvec","OG_2691",1,0,1
"NV2t012824001.1","NV2t012824001.1","Nvec","OG_10372",1,0,0
"NV2t012902001.1","NV2t012902001.1","Nvec","OG_6402",1,0,0
"NV2t012928001.1","NV2t012928001.1","Nvec","OG_688",1,0,1
"NV2t013128001.1","NV2t013128001.1","Nvec","OG_1036",1,0,1
"NV2t013227001.1","NV2t013227001.1","Nvec","OG_242",1,1,1
"NV2t013278001.1","NV2t013278001.1","Nvec","OG_6772",1,0,0
"NV2t013293001.1","NV2t013293001.1","Nvec","OG_1310",1,0,0
"NV2t013293002.1","NV2t013293002.1","Nvec","OG_1310",1,0,0
"NV2t013305001.1","NV2t013305001.1","Nvec","OG_10273",1,0,0
"NV2t013366001.1","NV2t013366001.1","Nvec","OG_4443",1,0,0
"NV2t013392001.1","NV2t013392001.1","Nvec","OG_2128",1,0,0
"NV2t013438002.1","NV2t013438002.1","Nvec","OG_4346",1,0,0
"NV2t013506001.1","NV2t013506001.1","Nvec","OG_4341",1,0,0
"NV2t013548001.1","NV2t013548001.1","Nvec","OG_392",1,1,1
"NV2t013574001.1","NV2t013574001.1","Nvec","OG_12222",1,1,0
"NV2t013659001.1","NV2t013659001.1","Nvec","OG_10317",1,0,0
"NV2t013731001.1","NV2t013731001.1","Nvec","OG_35",1,0,0
"NV2t013731002.1","NV2t013731002.1","Nvec","OG_35",1,0,0
"NV2t013832001.1","NV2t013832001.1","Nvec","OG_484",1,0,0
"NV2t013836001.1","NV2t013836001.1","Nvec","OG_484",1,0,0
"NV2t013878001.1","NV2t013878001.1","Nvec","OG_759",1,1,0
"NV2t013878002.1","NV2t013878002.1","Nvec","OG_759",1,1,0
"NV2t013878003.1","NV2t013878003.1","Nvec","OG_759",1,1,0
"NV2t013878004.1","NV2t013878004.1","Nvec","OG_759",1,1,0
"NV2t013878005.1","NV2t013878005.1","Nvec","OG_759",1,1,0
"NV2t013894001.1","NV2t013894001.1","Nvec","OG_10765",1,0,0
"NV2t013894003.1","NV2t013894003.1","Nvec","OG_10765",1,0,0
"NV2t013900001.1","NV2t013900001.1","Nvec","OG_1518",1,0,1
"NV2t013924001.1","NV2t013924001.1","Nvec","OG_5536",1,0,0
"NV2t013924002.1","NV2t013924002.1","Nvec","OG_5536",1,0,0
"NV2t013924003.1","NV2t013924003.1","Nvec","OG_5536",1,0,0
"NV2t013924004.1","NV2t013924004.1","Nvec","OG_5536",1,0,0
"NV2t014057001.1","NV2t014057001.1","Nvec","OG_1936",1,0,0
"NV2t014062001.1","NV2t014062001.1","Nvec","OG_1936",1,0,0
"NV2t014062002.1","NV2t014062002.1","Nvec","OG_1936",1,0,0
"NV2t014106001.1","NV2t014106001.1","Nvec","OG_12225",1,0,0
"NV2t014146001.1","NV2t014146001.1","Nvec","OG_51",1,1,0
"NV2t014146002.1","NV2t014146002.1","Nvec","OG_51",1,1,0
"NV2t014146003.1","NV2t014146003.1","Nvec","OG_51",1,1,0
"NV2t014146004.1","NV2t014146004.1","Nvec","OG_51",1,1,0
"NV2t014146005.1","NV2t014146005.1","Nvec","OG_51",1,1,0
"NV2t014155001.1","NV2t014155001.1","Nvec","OG_574",1,1,0
"NV2t014163001.1","NV2t014163001.1","Nvec","OG_10963",1,0,0
"NV2t014214002.1","NV2t014214002.1","Nvec","OG_10342",1,1,0
"NV2t014218001.1","NV2t014218001.1","Nvec","OG_6758",1,0,0
"NV2t014313001.1","NV2t014313001.1","Nvec","OG_1312",1,1,1
"NV2t014467001.1","NV2t014467001.1","Nvec","OG_19",1,0,0
"NV2t014545001.1","NV2t014545001.1","Nvec","OG_554",1,0,0
"NV2t014545002.1","NV2t014545002.1","Nvec","OG_554",1,0,0
"NV2t014549001.1","NV2t014549001.1","Nvec","OG_10148",1,0,1
"NV2t014549002.1","NV2t014549002.1","Nvec","OG_10148",1,0,1
"NV2t014549003.1","NV2t014549003.1","Nvec","OG_10148",1,0,1
"NV2t014610001.1","NV2t014610001.1","Nvec","OG_91",1,0,0
"NV2t014670001.1","NV2t014670001.1","Nvec","OG_10208",1,0,0
"NV2t014690001.1","NV2t014690001.1","Nvec","OG_801",1,0,0
"NV2t014695001.1","NV2t014695001.1","Nvec","OG_801",1,0,0
"NV2t014695002.1","NV2t014695002.1","Nvec","OG_801",1,0,0
"NV2t014695003.1","NV2t014695003.1","Nvec","OG_801",1,0,0
"NV2t014695004.1","NV2t014695004.1","Nvec","OG_801",1,0,0
"NV2t014695005.1","NV2t014695005.1","Nvec","OG_801",1,0,0
"NV2t014695006.1","NV2t014695006.1","Nvec","OG_801",1,0,0
"NV2t014695007.1","NV2t014695007.1","Nvec","OG_801",1,0,0
"NV2t014695008.1","NV2t014695008.1","Nvec","OG_801",1,0,0
"NV2t014862004.1","NV2t014862004.1","Nvec","OG_1049",1,0,1
"NV2t014881001.1","NV2t014881001.1","Nvec","OG_756",1,0,0
"NV2t014897001.1","NV2t014897001.1","Nvec","OG_7367",1,1,0
"NV2t015204002.1","NV2t015204002.1","Nvec","OG_10071",1,0,0
"NV2t015409001.1","NV2t015409001.1","Nvec","OG_8008",1,1,0
"NV2t015437001.1","NV2t015437001.1","Nvec","OG_8102",1,0,1
"NV2t015461001.1","NV2t015461001.1","Nvec","OG_332",1,1,1
"NV2t015636001.1","NV2t015636001.1","Nvec","OG_2484",1,0,0
"NV2t015665001.1","NV2t015665001.1","Nvec","OG_763",1,1,0
"NV2t015696001.1","NV2t015696001.1","Nvec","OG_8145",1,0,0
"NV2t015722001.1","NV2t015722001.1","Nvec","OG_703",1,1,1
"NV2t015785001.1","NV2t015785001.1","Nvec","OG_6030",1,0,0
"NV2t015848001.1","NV2t015848001.1","Nvec","OG_703",1,1,1
"NV2t015887002.1","NV2t015887002.1","Nvec","OG_7736",1,0,0
"NV2t015887003.1","NV2t015887003.1","Nvec","OG_7736",1,0,0
"NV2t015887004.1","NV2t015887004.1","Nvec","OG_7736",1,0,0
"NV2t015887005.1","NV2t015887005.1","Nvec","OG_7736",1,0,0
"NV2t015887006.1","NV2t015887006.1","Nvec","OG_7736",1,0,0
"NV2t016000001.1","NV2t016000001.1","Nvec","OG_8076",1,1,1
"NV2t016043001.1","NV2t016043001.1","Nvec","OG_7861",1,0,0
"NV2t016043002.1","NV2t016043002.1","Nvec","OG_7861",1,0,0
"NV2t016043003.1","NV2t016043003.1","Nvec","OG_7861",1,0,0
"NV2t016099002.1","NV2t016099002.1","Nvec","OG_2510",1,0,0
"NV2t016137001.1","NV2t016137001.1","Nvec","OG_5381",1,0,0
"NV2t016202001.1","NV2t016202001.1","Nvec","OG_260",1,0,1
"NV2t016202002.1","NV2t016202002.1","Nvec","OG_260",1,0,1
"NV2t016223001.1","NV2t016223001.1","Nvec","OG_7770",1,0,0
"NV2t016230001.1","NV2t016230001.1","Nvec","OG_6885",1,0,0
"NV2t016371001.1","NV2t016371001.1","Nvec","OG_777",1,1,1
"NV2t016694001.1","NV2t016694001.1","Nvec","OG_1373",1,1,0
"NV2t016708001.1","NV2t016708001.1","Nvec","OG_8049",1,0,0
"NV2t016711001.1","NV2t016711001.1","Nvec","OG_6037",1,0,0
"NV2t016729001.1","NV2t016729001.1","Nvec","OG_1045",1,0,0
"NV2t016768001.1","NV2t016768001.1","Nvec","OG_761",1,1,0
"NV2t016881001.1","NV2t016881001.1","Nvec","OG_2449",1,0,0
"NV2t016887001.1","NV2t016887001.1","Nvec","OG_8157",1,0,0
"NV2t017023001.1","NV2t017023001.1","Nvec","OG_7865",1,0,0
"NV2t017101001.1","NV2t017101001.1","Nvec","OG_5977",1,0,1
"NV2t017226001.1","NV2t017226001.1","Nvec","OG_12682",1,1,0
"NV2t017282001.1","NV2t017282001.1","Nvec","OG_8165",1,1,1
"NV2t017342001.1","NV2t017342001.1","Nvec","OG_1913",1,0,0
"NV2t017452001.1","NV2t017452001.1","Nvec","OG_8342",1,0,0
"NV2t017454001.1","NV2t017454001.1","Nvec","OG_1364",1,0,0
"NV2t017454002.1","NV2t017454002.1","Nvec","OG_1364",1,0,0
"NV2t017688001.1","NV2t017688001.1","Nvec","OG_5090",1,1,1
"NV2t017722001.1","NV2t017722001.1","Nvec","OG_3277",1,0,0
"NV2t017828001.1","NV2t017828001.1","Nvec","OG_1914",1,0,0
"NV2t017846001.1","NV2t017846001.1","Nvec","OG_10921",1,1,0
"NV2t017846002.1","NV2t017846002.1","Nvec","OG_10921",1,1,0
"NV2t017947001.1","NV2t017947001.1","Nvec","OG_6048",1,0,0
"NV2t017947002.1","NV2t017947002.1","Nvec","OG_6048",1,0,0
"NV2t017981001.1","NV2t017981001.1","Nvec","OG_1978",1,1,1
"NV2t018021001.1","NV2t018021001.1","Nvec","OG_3270",1,0,0
"NV2t018021002.1","NV2t018021002.1","Nvec","OG_3270",1,0,0
"NV2t018021003.1","NV2t018021003.1","Nvec","OG_3270",1,0,0
"NV2t018043001.1","NV2t018043001.1","Nvec","OG_11216",1,1,0
"NV2t018279001.1","NV2t018279001.1","Nvec","OG_8204",1,0,0
"NV2t018279002.1","NV2t018279002.1","Nvec","OG_8204",1,0,0
"NV2t018279003.1","NV2t018279003.1","Nvec","OG_8204",1,0,0
"NV2t018279004.1","NV2t018279004.1","Nvec","OG_8204",1,0,0
"NV2t018298001.1","NV2t018298001.1","Nvec","OG_6220",1,1,0
"NV2t018430001.1","NV2t018430001.1","Nvec","OG_8614",1,1,0
"NV2t018430002.1","NV2t018430002.1","Nvec","OG_8614",1,1,0
"NV2t018447001.1","NV2t018447001.1","Nvec","OG_10559",1,1,1
"NV2t018465001.1","NV2t018465001.1","Nvec","OG_8613",1,0,1
"NV2t018465002.1","NV2t018465002.1","Nvec","OG_8613",1,0,1
"NV2t018465003.1","NV2t018465003.1","Nvec","OG_8613",1,0,1
"NV2t018683001.1","NV2t018683001.1","Nvec","OG_8189",1,0,0
"NV2t018752001.1","NV2t018752001.1","Nvec","OG_6259",1,1,1
"NV2t018764001.1","NV2t018764001.1","Nvec","OG_6629",1,0,0
"NV2t018805001.1","NV2t018805001.1","Nvec","OG_12533",1,0,0
"NV2t018805002.1","NV2t018805002.1","Nvec","OG_12533",1,0,0
"NV2t018805003.1","NV2t018805003.1","Nvec","OG_12533",1,0,0
"NV2t018842001.1","NV2t018842001.1","Nvec","OG_991",1,1,0
"NV2t018870001.1","NV2t018870001.1","Nvec","OG_8607",1,0,0
"NV2t018870002.1","NV2t018870002.1","Nvec","OG_8607",1,0,0
"NV2t018870003.1","NV2t018870003.1","Nvec","OG_8607",1,0,0
"NV2t018905001.1","NV2t018905001.1","Nvec","OG_5405",1,0,0
"NV2t019147001.1","NV2t019147001.1","Nvec","OG_1804",1,0,0
"NV2t019147002.1","NV2t019147002.1","Nvec","OG_1804",1,0,0
"NV2t019148001.1","NV2t019148001.1","Nvec","OG_1804",1,0,0
"NV2t019265001.1","NV2t019265001.1","Nvec","OG_11125",1,0,1
"NV2t019393001.1","NV2t019393001.1","Nvec","OG_147",1,1,1
"NV2t019423001.1","NV2t019423001.1","Nvec","OG_2769",1,0,0
"NV2t019423002.1","NV2t019423002.1","Nvec","OG_2769",1,0,0
"NV2t019485001.1","NV2t019485001.1","Nvec","OG_304",1,1,1
"NV2t019486001.1","NV2t019486001.1","Nvec","OG_304",1,1,1
"NV2t019486002.1","NV2t019486002.1","Nvec","OG_304",1,1,1
"NV2t019514001.1","NV2t019514001.1","Nvec","OG_9892",1,0,0
"NV2t019514002.1","NV2t019514002.1","Nvec","OG_9892",1,0,0
"NV2t019616001.1","NV2t019616001.1","Nvec","OG_1295",1,0,0
"NV2t019616002.1","NV2t019616002.1","Nvec","OG_1295",1,0,0
"NV2t019750001.1","NV2t019750001.1","Nvec","OG_2968",1,0,0
"NV2t019750002.1","NV2t019750002.1","Nvec","OG_2968",1,0,0
"NV2t019750003.1","NV2t019750003.1","Nvec","OG_2968",1,0,0
"NV2t019750004.1","NV2t019750004.1","Nvec","OG_2968",1,0,0
"NV2t019817001.1","NV2t019817001.1","Nvec","OG_5186",1,1,0
"NV2t019817002.1","NV2t019817002.1","Nvec","OG_5186",1,1,0
"NV2t019817003.1","NV2t019817003.1","Nvec","OG_5186",1,1,0
"NV2t020010001.1","NV2t020010001.1","Nvec","OG_408",1,1,1
"NV2t020015001.1","NV2t020015001.1","Nvec","OG_2997",1,0,1
"NV2t020035001.1","NV2t020035001.1","Nvec","OG_10709",1,0,1
"NV2t020190001.1","NV2t020190001.1","Nvec","OG_10677",1,0,0
"NV2t020300001.1","NV2t020300001.1","Nvec","OG_3352",1,1,0
"NV2t020357001.1","NV2t020357001.1","Nvec","OG_2869",1,0,0
"NV2t020476001.1","NV2t020476001.1","Nvec","OG_2903",1,0,0
"NV2t020511001.1","NV2t020511001.1","Nvec","OG_10444",1,1,0
"NV2t020511002.1","NV2t020511002.1","Nvec","OG_10444",1,1,0
"NV2t020511003.1","NV2t020511003.1","Nvec","OG_10444",1,1,0
"NV2t020525001.1","NV2t020525001.1","Nvec","OG_10501",1,0,0
"NV2t020656001.1","NV2t020656001.1","Nvec","OG_2902",1,0,0
"NV2t020853001.1","NV2t020853001.1","Nvec","OG_6400",1,0,0
"NV2t020914001.1","NV2t020914001.1","Nvec","OG_10721",1,0,0
"NV2t020928001.1","NV2t020928001.1","Nvec","OG_2872",1,1,0
"NV2t021104001.1","NV2t021104001.1","Nvec","OG_233",1,1,1
"NV2t021111001.1","NV2t021111001.1","Nvec","OG_5419",1,0,0
"NV2t021211001.1","NV2t021211001.1","Nvec","OG_396",1,1,0
"NV2t021541001.1","NV2t021541001.1","Nvec","OG_6701",1,0,0
"NV2t021646002.1","NV2t021646002.1","Nvec","OG_9333",1,0,0
"NV2t021646004.1","NV2t021646004.1","Nvec","OG_9333",1,0,0
"NV2t021708001.1","NV2t021708001.1","Nvec","OG_9218",1,0,0
"NV2t021711001.1","NV2t021711001.1","Nvec","OG_9218",1,0,0
"NV2t021756001.1","NV2t021756001.1","Nvec","OG_1890",1,0,1
"NV2t021878001.1","NV2t021878001.1","Nvec","OG_9052",1,1,0
"NV2t021997001.1","NV2t021997001.1","Nvec","OG_9144",1,0,0
"NV2t022115001.1","NV2t022115001.1","Nvec","OG_543",1,1,1
"NV2t022179001.1","NV2t022179001.1","Nvec","OG_227",1,0,1
"NV2t022190001.1","NV2t022190001.1","Nvec","OG_11211",1,0,0
"NV2t022534001.1","NV2t022534001.1","Nvec","OG_502",1,0,0
"NV2t022618001.1","NV2t022618001.1","Nvec","OG_9223",1,0,0
"NV2t022675001.1","NV2t022675001.1","Nvec","OG_1220",1,0,0
"NV2t022675002.1","NV2t022675002.1","Nvec","OG_1220",1,0,0
"NV2t022763001.1","NV2t022763001.1","Nvec","OG_4764",1,0,0
"NV2t022838001.1","NV2t022838001.1","Nvec","OG_11610",1,0,1
"NV2t022909001.1","NV2t022909001.1","Nvec","OG_364",1,0,0
"NV2t023270001.1","NV2t023270001.1","Nvec","OG_667",1,0,1
"NV2t023435001.1","NV2t023435001.1","Nvec","OG_6416",1,0,0
"NV2t023435002.1","NV2t023435002.1","Nvec","OG_6416",1,0,0
"NV2t023435003.1","NV2t023435003.1","Nvec","OG_6416",1,0,0
"NV2t023435004.1","NV2t023435004.1","Nvec","OG_6416",1,0,0
"NV2t023435005.1","NV2t023435005.1","Nvec","OG_6416",1,0,0
"NV2t023435006.1","NV2t023435006.1","Nvec","OG_6416",1,0,0
"NV2t023468001.1","NV2t023468001.1","Nvec","OG_9906",1,0,0
"NV2t023518001.1","NV2t023518001.1","Nvec","OG_5697",1,0,0
"NV2t023529001.1","NV2t023529001.1","Nvec","OG_11472",1,0,1
"NV2t023562001.1","NV2t023562001.1","Nvec","OG_392",1,1,1
"NV2t023576001.1","NV2t023576001.1","Nvec","OG_10614",1,0,0
"NV2t023654001.1","NV2t023654001.1","Nvec","OG_8644",1,0,0
"NV2t023707001.1","NV2t023707001.1","Nvec","OG_11572",1,1,0
"NV2t023752001.1","NV2t023752001.1","Nvec","OG_11427",1,1,0
"NV2t023928001.1","NV2t023928001.1","Nvec","OG_5341",1,0,0
"NV2t023939001.1","NV2t023939001.1","Nvec","OG_1657",1,1,0
"NV2t023991001.1","NV2t023991001.1","Nvec","OG_5962",1,0,0
"NV2t024028001.1","NV2t024028001.1","Nvec","OG_11306",1,0,0
"NV2t024028002.1","NV2t024028002.1","Nvec","OG_11306",1,0,0
"NV2t024031001.1","NV2t024031001.1","Nvec","OG_11306",1,0,0
"NV2t024031002.1","NV2t024031002.1","Nvec","OG_11306",1,0,0
"NV2t024031003.1","NV2t024031003.1","Nvec","OG_11306",1,0,0
"NV2t024238001.1","NV2t024238001.1","Nvec","OG_641",1,0,1
"NV2t024244001.1","NV2t024244001.1","Nvec","OG_3437",1,1,0
"NV2t024244002.1","NV2t024244002.1","Nvec","OG_3437",1,1,0
"NV2t024244003.1","NV2t024244003.1","Nvec","OG_3437",1,1,0
"NV2t024244004.1","NV2t024244004.1","Nvec","OG_3437",1,1,0
"NV2t024244005.1","NV2t024244005.1","Nvec","OG_3437",1,1,0
"NV2t024279001.1","NV2t024279001.1","Nvec","OG_657",1,0,0
"NV2t024279002.1","NV2t024279002.1","Nvec","OG_657",1,0,0
"NV2t024332001.1","NV2t024332001.1","Nvec","OG_11368",1,0,0
"NV2t024484001.1","NV2t024484001.1","Nvec","OG_372",1,1,1
"NV2t024800001.1","NV2t024800001.1","Nvec","OG_11745",1,0,0
"NV2t024800002.1","NV2t024800002.1","Nvec","OG_11745",1,0,0
"NV2t024800003.1","NV2t024800003.1","Nvec","OG_11745",1,0,0
"NV2t024884001.1","NV2t024884001.1","Nvec","OG_5722",1,1,0
"NV2t025121001.1","NV2t025121001.1","Nvec","OG_11481",1,1,0
"NV2t025138001.1","NV2t025138001.1","Nvec","OG_11344",1,1,1
"NV2t025138002.1","NV2t025138002.1","Nvec","OG_11344",1,1,1
"NV2t025138003.1","NV2t025138003.1","Nvec","OG_11344",1,1,1
"NV2t025138004.1","NV2t025138004.1","Nvec","OG_11344",1,1,1
"NV2t025286001.1","NV2t025286001.1","Nvec","OG_173",1,1,1
"NV2t025505001.1","NV2t025505001.1","Nvec","OG_3607",1,1,0
"NV2t025745001.1","NV2t025745001.1","Nvec","OG_3534",1,0,0
"NV2t025745004.1","NV2t025745004.1","Nvec","OG_3534",1,0,0
"NV2t025963001.1","NV2t025963001.1","Nvec","OG_12545",1,0,0
"NV2t000029001.1","NV2t000029001.1","Nvec","OG_2273",1,0,0
"NV2t000029002.1","NV2t000029002.1","Nvec","OG_2273",1,0,0
"NV2t000029003.1","NV2t000029003.1","Nvec","OG_2273",1,0,0
"NV2t000041001.1","NV2t000041001.1","Nvec","OG_3837",1,0,0
"NV2t000045001.1","NV2t000045001.1","Nvec","OG_3699",1,0,1
"NV2t000066004.1","NV2t000066004.1","Nvec","OG_7170",1,0,0
"NV2t000085001.1","NV2t000085001.1","Nvec","OG_1495",1,0,0
"NV2t000134001.1","NV2t000134001.1","Nvec","OG_3794",1,0,1
"NV2t000139002.1","NV2t000139002.1","Nvec","OG_7150",1,0,0
"NV2t000161001.1","NV2t000161001.1","Nvec","OG_3717",1,0,0
"NV2t000175001.1","NV2t000175001.1","Nvec","OG_652",1,1,1
"NV2t000225001.1","NV2t000225001.1","Nvec","OG_7294",1,0,0
"NV2t000225002.1","NV2t000225002.1","Nvec","OG_7294",1,0,0
"NV2t000225003.1","NV2t000225003.1","Nvec","OG_7294",1,0,0
"NV2t000245001.1","NV2t000245001.1","Nvec","OG_12541",1,1,0
"NV2t000245002.1","NV2t000245002.1","Nvec","OG_12541",1,1,0
"NV2t000259001.1","NV2t000259001.1","Nvec","OG_7189",1,0,0
"NV2t000259002.1","NV2t000259002.1","Nvec","OG_7189",1,0,0
"NV2t000259003.1","NV2t000259003.1","Nvec","OG_7189",1,0,0
"NV2t000259004.1","NV2t000259004.1","Nvec","OG_7189",1,0,0
"NV2t000259005.1","NV2t000259005.1","Nvec","OG_7189",1,0,0
"NV2t000360001.1","NV2t000360001.1","Nvec","OG_396",1,1,0
"NV2t000393002.1","NV2t000393002.1","Nvec","OG_175",1,0,0
"NV2t000512001.1","NV2t000512001.1","Nvec","OG_190",1,1,1
"NV2t000554001.1","NV2t000554001.1","Nvec","OG_242",1,1,1
"NV2t000694001.1","NV2t000694001.1","Nvec","OG_3800",1,1,0
"NV2t000694002.1","NV2t000694002.1","Nvec","OG_3800",1,1,0
"NV2t000694004.1","NV2t000694004.1","Nvec","OG_3800",1,1,0
"NV2t000694005.1","NV2t000694005.1","Nvec","OG_3800",1,1,0
"NV2t000694006.1","NV2t000694006.1","Nvec","OG_3800",1,1,0
"NV2t000773001.1","NV2t000773001.1","Nvec","OG_6470",1,0,1
"NV2t000773002.1","NV2t000773002.1","Nvec","OG_6470",1,0,1
"NV2t000773003.1","NV2t000773003.1","Nvec","OG_6470",1,0,1
"NV2t000773004.1","NV2t000773004.1","Nvec","OG_6470",1,0,1
"NV2t000789001.1","NV2t000789001.1","Nvec","OG_7289",1,0,0
"NV2t000789002.1","NV2t000789002.1","Nvec","OG_7289",1,0,0
"NV2t000834001.1","NV2t000834001.1","Nvec","OG_3813",1,1,0
"NV2t000844001.1","NV2t000844001.1","Nvec","OG_1142",1,0,1
"NV2t000845001.1","NV2t000845001.1","Nvec","OG_942",1,1,0
"NV2t000863001.1","NV2t000863001.1","Nvec","OG_175",1,0,0
"NV2t000866001.1","NV2t000866001.1","Nvec","OG_221",1,0,0
"NV2t000875001.1","NV2t000875001.1","Nvec","OG_7587",1,0,0
"NV2t000895001.1","NV2t000895001.1","Nvec","OG_12545",1,0,0
"NV2t000932001.1","NV2t000932001.1","Nvec","OG_7538",1,0,0
"NV2t000955001.1","NV2t000955001.1","Nvec","OG_7484",1,0,0
"NV2t000955002.1","NV2t000955002.1","Nvec","OG_7484",1,0,0
"NV2t001053001.1","NV2t001053001.1","Nvec","OG_7665",1,0,0
"NV2t001053003.1","NV2t001053003.1","Nvec","OG_7665",1,0,0
"NV2t001053004.1","NV2t001053004.1","Nvec","OG_7665",1,0,0
"NV2t001053005.1","NV2t001053005.1","Nvec","OG_7665",1,0,0
"NV2t001117001.1","NV2t001117001.1","Nvec","OG_242",1,1,1
"NV2t001125001.1","NV2t001125001.1","Nvec","OG_9685",1,0,0
"NV2t001146001.1","NV2t001146001.1","Nvec","OG_7659",1,0,0
"NV2t001146002.1","NV2t001146002.1","Nvec","OG_7659",1,0,0
"NV2t001235001.1","NV2t001235001.1","Nvec","OG_6492",1,0,0
"NV2t001235002.1","NV2t001235002.1","Nvec","OG_6492",1,0,0
"NV2t001235003.1","NV2t001235003.1","Nvec","OG_6492",1,0,0
"NV2t001285001.1","NV2t001285001.1","Nvec","OG_966",1,1,1
"NV2t001320001.1","NV2t001320001.1","Nvec","OG_2206",1,1,0
"NV2t001320002.1","NV2t001320002.1","Nvec","OG_2206",1,1,0
"NV2t001384001.1","NV2t001384001.1","Nvec","OG_3694",1,0,0
"NV2t001384002.1","NV2t001384002.1","Nvec","OG_3694",1,0,0
"NV2t001432001.1","NV2t001432001.1","Nvec","OG_5435",1,0,0
"NV2t001514001.1","NV2t001514001.1","Nvec","OG_2188",1,0,0
"NV2t001530001.1","NV2t001530001.1","Nvec","OG_1018",1,0,0
"NV2t001565001.1","NV2t001565001.1","Nvec","OG_916",1,1,1
"NV2t001565002.1","NV2t001565002.1","Nvec","OG_916",1,1,1
"NV2t001599001.1","NV2t001599001.1","Nvec","OG_1397",1,0,0
"NV2t001599002.1","NV2t001599002.1","Nvec","OG_1397",1,0,0
"NV2t001640001.1","NV2t001640001.1","Nvec","OG_3769",1,0,0
"NV2t001640002.1","NV2t001640002.1","Nvec","OG_3769",1,0,0
"NV2t001676001.1","NV2t001676001.1","Nvec","OG_2168",1,0,0
"NV2t001693001.1","NV2t001693001.1","Nvec","OG_7187",1,0,0
"NV2t001696002.1","NV2t001696002.1","Nvec","OG_1200",1,1,0
"NV2t001724001.1","NV2t001724001.1","Nvec","OG_6499",1,0,0
"NV2t001735001.1","NV2t001735001.1","Nvec","OG_3788",1,0,0
"NV2t001779001.1","NV2t001779001.1","Nvec","OG_7177",1,0,0
"NV2t001793001.1","NV2t001793001.1","Nvec","OG_7501",1,1,0
"NV2t001848001.1","NV2t001848001.1","Nvec","OG_3754",1,0,0
"NV2t001863001.1","NV2t001863001.1","Nvec","OG_7549",1,1,0
"NV2t001863002.1","NV2t001863002.1","Nvec","OG_7549",1,1,0
"NV2t001904001.1","NV2t001904001.1","Nvec","OG_7468",1,0,0
"NV2t001904002.1","NV2t001904002.1","Nvec","OG_7468",1,0,0
"NV2t001905001.1","NV2t001905001.1","Nvec","OG_6014",1,0,0
"NV2t001920001.1","NV2t001920001.1","Nvec","OG_5879",1,0,0
"NV2t001961001.1","NV2t001961001.1","Nvec","OG_7316",1,0,0
"NV2t001961002.1","NV2t001961002.1","Nvec","OG_7316",1,0,0
"NV2t001974001.1","NV2t001974001.1","Nvec","OG_4923",1,0,0
"NV2t002047001.1","NV2t002047001.1","Nvec","OG_7260",1,0,0
"NV2t002055001.1","NV2t002055001.1","Nvec","OG_7635",1,0,0
"NV2t002067001.1","NV2t002067001.1","Nvec","OG_4994",1,0,0
"NV2t002096001.1","NV2t002096001.1","Nvec","OG_7368",1,0,0
"NV2t002114001.1","NV2t002114001.1","Nvec","OG_7255",1,0,0
"NV2t002129001.1","NV2t002129001.1","Nvec","OG_3718",1,0,0
"NV2t002129002.1","NV2t002129002.1","Nvec","OG_3718",1,0,0
"NV2t002129003.1","NV2t002129003.1","Nvec","OG_3718",1,0,0
"NV2t002129004.1","NV2t002129004.1","Nvec","OG_3718",1,0,0
"NV2t002129005.1","NV2t002129005.1","Nvec","OG_3718",1,0,0
"NV2t002181001.1","NV2t002181001.1","Nvec","OG_369",1,1,1
"NV2t002196001.1","NV2t002196001.1","Nvec","OG_12550",1,0,0
"NV2t002196002.1","NV2t002196002.1","Nvec","OG_12550",1,0,0
"NV2t002196003.1","NV2t002196003.1","Nvec","OG_12550",1,0,0
"NV2t002228001.1","NV2t002228001.1","Nvec","OG_1284",1,0,1
"NV2t002245001.1","NV2t002245001.1","Nvec","OG_5195",1,0,0
"NV2t002248001.1","NV2t002248001.1","Nvec","OG_5195",1,0,0
"NV2t002248002.1","NV2t002248002.1","Nvec","OG_5195",1,0,0
"NV2t002255001.1","NV2t002255001.1","Nvec","OG_516",1,0,1
"NV2t002307001.1","NV2t002307001.1","Nvec","OG_190",1,1,1
"NV2t002351001.1","NV2t002351001.1","Nvec","OG_1083",1,1,0
"NV2t002389001.1","NV2t002389001.1","Nvec","OG_7962",1,0,0
"NV2t002432003.1","NV2t002432003.1","Nvec","OG_103",1,0,0
"NV2t002451001.1","NV2t002451001.1","Nvec","OG_354",1,1,1
"NV2t002637001.1","NV2t002637001.1","Nvec","OG_8674",1,1,1
"NV2t002678001.1","NV2t002678001.1","Nvec","OG_3961",1,0,0
"NV2t002698001.1","NV2t002698001.1","Nvec","OG_1057",1,0,0
"NV2t002698002.1","NV2t002698002.1","Nvec","OG_1057",1,0,0
"NV2t002805001.1","NV2t002805001.1","Nvec","OG_706",1,1,0
"NV2t002946001.1","NV2t002946001.1","Nvec","OG_1093",1,1,0
"NV2t003003001.1","NV2t003003001.1","Nvec","OG_8637",1,1,0
"NV2t003003003.1","NV2t003003003.1","Nvec","OG_8637",1,1,0
"NV2t003003004.1","NV2t003003004.1","Nvec","OG_8637",1,1,0
"NV2t003030001.1","NV2t003030001.1","Nvec","OG_617",1,1,1
"NV2t003177003.1","NV2t003177003.1","Nvec","OG_4032",1,0,1
"NV2t003181001.1","NV2t003181001.1","Nvec","OG_3981",1,0,0
"NV2t003181002.1","NV2t003181002.1","Nvec","OG_3981",1,0,0
"NV2t003223001.1","NV2t003223001.1","Nvec","OG_6849",1,0,0
"NV2t003245001.1","NV2t003245001.1","Nvec","OG_3962",1,0,1
"NV2t003393001.1","NV2t003393001.1","Nvec","OG_278",1,1,0
"NV2t003400001.1","NV2t003400001.1","Nvec","OG_5642",1,0,0
"NV2t003403001.1","NV2t003403001.1","Nvec","OG_5300",1,0,0
"NV2t003440001.1","NV2t003440001.1","Nvec","OG_6664",1,1,0
"NV2t003502001.1","NV2t003502001.1","Nvec","OG_1430",1,0,0
"NV2t003512001.1","NV2t003512001.1","Nvec","OG_8789",1,0,1
"NV2t003512002.1","NV2t003512002.1","Nvec","OG_8789",1,0,1
"NV2t003512003.1","NV2t003512003.1","Nvec","OG_8789",1,0,1
"NV2t003512004.1","NV2t003512004.1","Nvec","OG_8789",1,0,1
"NV2t003514001.1","NV2t003514001.1","Nvec","OG_8652",1,0,0
"NV2t003523001.1","NV2t003523001.1","Nvec","OG_8677",1,0,0
"NV2t003560001.1","NV2t003560001.1","Nvec","OG_336",1,1,1
"NV2t003597001.1","NV2t003597001.1","Nvec","OG_8694",1,0,0
"NV2t003631001.1","NV2t003631001.1","Nvec","OG_349",1,0,1
"NV2t003637001.1","NV2t003637001.1","Nvec","OG_5032",1,0,0
"NV2t003637002.1","NV2t003637002.1","Nvec","OG_5032",1,0,0
"NV2t003680001.1","NV2t003680001.1","Nvec","OG_3898",1,0,0
"NV2t003683001.1","NV2t003683001.1","Nvec","OG_2835",1,0,0
"NV2t003707001.1","NV2t003707001.1","Nvec","OG_6647",1,0,1
"NV2t003707002.1","NV2t003707002.1","Nvec","OG_6647",1,0,1
"NV2t003779001.1","NV2t003779001.1","Nvec","OG_8936",1,0,0
"NV2t003840001.1","NV2t003840001.1","Nvec","OG_5648",1,0,0
"NV2t003866001.1","NV2t003866001.1","Nvec","OG_3931",1,0,0
"NV2t003927001.1","NV2t003927001.1","Nvec","OG_8735",1,1,0
"NV2t003953001.1","NV2t003953001.1","Nvec","OG_6235",1,0,0
"NV2t004001001.1","NV2t004001001.1","Nvec","OG_1601",1,1,0
"NV2t004169001.1","NV2t004169001.1","Nvec","OG_12103",1,1,0
"NV2t004169002.1","NV2t004169002.1","Nvec","OG_12103",1,1,0
"NV2t004181001.1","NV2t004181001.1","Nvec","OG_12052",1,0,0
"NV2t004218001.1","NV2t004218001.1","Nvec","OG_5250",1,0,0
"NV2t004278001.1","NV2t004278001.1","Nvec","OG_6585",1,0,0
"NV2t004278002.1","NV2t004278002.1","Nvec","OG_6585",1,0,0
"NV2t004278003.1","NV2t004278003.1","Nvec","OG_6585",1,0,0
"NV2t004333001.1","NV2t004333001.1","Nvec","OG_12025",1,0,0
"NV2t004334001.1","NV2t004334001.1","Nvec","OG_12025",1,0,0
"NV2t004372001.1","NV2t004372001.1","Nvec","OG_1709",1,0,0
"NV2t004391001.1","NV2t004391001.1","Nvec","OG_1742",1,0,0
"NV2t004545001.1","NV2t004545001.1","Nvec","OG_1545",1,0,0
"NV2t004660001.1","NV2t004660001.1","Nvec","OG_3275",1,0,0
"NV2t004676001.1","NV2t004676001.1","Nvec","OG_718",1,1,0
"NV2t004757001.1","NV2t004757001.1","Nvec","OG_1300",1,0,0
"NV2t004838001.1","NV2t004838001.1","Nvec","OG_1114",1,1,1
"NV2t004849001.1","NV2t004849001.1","Nvec","OG_1695",1,1,0
"NV2t004869001.1","NV2t004869001.1","Nvec","OG_12038",1,0,1
"NV2t004869002.1","NV2t004869002.1","Nvec","OG_12038",1,0,1
"NV2t004870001.1","NV2t004870001.1","Nvec","OG_11664",1,0,0
"NV2t004870002.1","NV2t004870002.1","Nvec","OG_11664",1,0,0
"NV2t004870003.1","NV2t004870003.1","Nvec","OG_11664",1,0,0
"NV2t004889001.1","NV2t004889001.1","Nvec","OG_12083",1,0,0
"NV2t004907001.1","NV2t004907001.1","Nvec","OG_1679",1,1,0
"NV2t004907002.1","NV2t004907002.1","Nvec","OG_1679",1,1,0
"NV2t004990001.1","NV2t004990001.1","Nvec","OG_12154",1,1,0
"NV2t004990003.1","NV2t004990003.1","Nvec","OG_12154",1,1,0
"NV2t005063001.1","NV2t005063001.1","Nvec","OG_1594",1,0,0
"NV2t005063002.1","NV2t005063002.1","Nvec","OG_1594",1,0,0
"NV2t005138001.1","NV2t005138001.1","Nvec","OG_12098",1,1,0
"NV2t005161001.1","NV2t005161001.1","Nvec","OG_12105",1,0,0
"NV2t005219001.1","NV2t005219001.1","Nvec","OG_12232",1,1,0
"NV2t005342001.1","NV2t005342001.1","Nvec","OG_124",1,1,1
"NV2t005379001.1","NV2t005379001.1","Nvec","OG_11976",1,0,0
"NV2t005387001.1","NV2t005387001.1","Nvec","OG_4967",1,0,0
"NV2t005522001.1","NV2t005522001.1","Nvec","OG_4846",1,0,1
"NV2t005568001.1","NV2t005568001.1","Nvec","OG_4911",1,0,0
"NV2t005583001.1","NV2t005583001.1","Nvec","OG_4885",1,0,0
"NV2t005583002.1","NV2t005583002.1","Nvec","OG_4885",1,0,0
"NV2t005583003.1","NV2t005583003.1","Nvec","OG_4885",1,0,0
"NV2t005668001.1","NV2t005668001.1","Nvec","OG_446",1,0,1
"NV2t005708001.1","NV2t005708001.1","Nvec","OG_9342",1,1,0
"NV2t005708002.1","NV2t005708002.1","Nvec","OG_9342",1,1,0
"NV2t005708003.1","NV2t005708003.1","Nvec","OG_9342",1,1,0
"NV2t005708004.1","NV2t005708004.1","Nvec","OG_9342",1,1,0
"NV2t005726001.1","NV2t005726001.1","Nvec","OG_9381",1,0,0
"NV2t005741001.1","NV2t005741001.1","Nvec","OG_9587",1,0,0
"NV2t005741002.1","NV2t005741002.1","Nvec","OG_9587",1,0,0
"NV2t005741003.1","NV2t005741003.1","Nvec","OG_9587",1,0,0
"NV2t005741004.1","NV2t005741004.1","Nvec","OG_9587",1,0,0
"NV2t005964001.1","NV2t005964001.1","Nvec","OG_4832",1,0,0
"NV2t006030001.1","NV2t006030001.1","Nvec","OG_9512",1,1,1
"NV2t006054001.1","NV2t006054001.1","Nvec","OG_2304",1,0,0
"NV2t006101001.1","NV2t006101001.1","Nvec","OG_9565",1,0,0
"NV2t006133002.1","NV2t006133002.1","Nvec","OG_4898",1,1,0
"NV2t006177001.1","NV2t006177001.1","Nvec","OG_5",1,1,0
"NV2t006177002.1","NV2t006177002.1","Nvec","OG_5",1,1,0
"NV2t006183001.1","NV2t006183001.1","Nvec","OG_170",1,1,1
"NV2t006247001.1","NV2t006247001.1","Nvec","OG_6076",1,1,0
"NV2t006247002.1","NV2t006247002.1","Nvec","OG_6076",1,1,0
"NV2t006247003.1","NV2t006247003.1","Nvec","OG_6076",1,1,0
"NV2t006258001.1","NV2t006258001.1","Nvec","OG_4928",1,0,0
"NV2t006258002.1","NV2t006258002.1","Nvec","OG_4928",1,0,0
"NV2t006258003.1","NV2t006258003.1","Nvec","OG_4928",1,0,0
"NV2t006283009.1","NV2t006283009.1","Nvec","OG_9558",1,0,0
"NV2t006283010.1","NV2t006283010.1","Nvec","OG_9558",1,0,0
"NV2t006284001.1","NV2t006284001.1","Nvec","OG_4876",1,0,0
"NV2t006321001.1","NV2t006321001.1","Nvec","OG_149",1,1,1
"NV2t006420001.1","NV2t006420001.1","Nvec","OG_4825",1,0,0
"NV2t006439001.1","NV2t006439001.1","Nvec","OG_9438",1,0,0
"NV2t006465001.1","NV2t006465001.1","Nvec","OG_5606",1,0,0
"NV2t006632001.1","NV2t006632001.1","Nvec","OG_7972",1,1,0
"NV2t006643001.1","NV2t006643001.1","Nvec","OG_429",1,0,1
"NV2t006668001.1","NV2t006668001.1","Nvec","OG_374",1,0,1
"NV2t006709001.1","NV2t006709001.1","Nvec","OG_545",1,0,1
"NV2t006749001.1","NV2t006749001.1","Nvec","OG_6712",1,0,1
"NV2t006749002.1","NV2t006749002.1","Nvec","OG_6712",1,0,1
"NV2t006749003.1","NV2t006749003.1","Nvec","OG_6712",1,0,1
"NV2t006788001.1","NV2t006788001.1","Nvec","OG_6712",1,0,1
"NV2t006808001.1","NV2t006808001.1","Nvec","OG_5269",1,0,0
"NV2t006824001.1","NV2t006824001.1","Nvec","OG_3115",1,1,0
"NV2t006892001.1","NV2t006892001.1","Nvec","OG_1353",1,0,1
"NV2t006892002.1","NV2t006892002.1","Nvec","OG_1353",1,0,1
"NV2t006923001.1","NV2t006923001.1","Nvec","OG_6539",1,0,0
"NV2t006934001.1","NV2t006934001.1","Nvec","OG_8572",1,0,0
"NV2t006953001.1","NV2t006953001.1","Nvec","OG_8936",1,0,0
"NV2t006955001.1","NV2t006955001.1","Nvec","OG_8446",1,0,0
"NV2t007004001.1","NV2t007004001.1","Nvec","OG_323",1,0,0
"NV2t007091001.1","NV2t007091001.1","Nvec","OG_5613",1,0,0
"NV2t007211001.1","NV2t007211001.1","Nvec","OG_8619",1,0,1
"NV2t007218001.1","NV2t007218001.1","Nvec","OG_8414",1,0,1
"NV2t007277001.1","NV2t007277001.1","Nvec","OG_3223",1,1,1
"NV2t007311001.1","NV2t007311001.1","Nvec","OG_3147",1,0,0
"NV2t007311002.1","NV2t007311002.1","Nvec","OG_3147",1,0,0
"NV2t007343001.1","NV2t007343001.1","Nvec","OG_8200",1,1,0
"NV2t007359001.1","NV2t007359001.1","Nvec","OG_8539",1,1,0
"NV2t007359002.1","NV2t007359002.1","Nvec","OG_8539",1,1,0
"NV2t007359003.1","NV2t007359003.1","Nvec","OG_8539",1,1,0
"NV2t007371001.1","NV2t007371001.1","Nvec","OG_3339",1,0,0
"NV2t007388001.1","NV2t007388001.1","Nvec","OG_8198",1,1,0
"NV2t007388002.1","NV2t007388002.1","Nvec","OG_8198",1,1,0
"NV2t007388003.1","NV2t007388003.1","Nvec","OG_8198",1,1,0
"NV2t007388004.1","NV2t007388004.1","Nvec","OG_8198",1,1,0
"NV2t007449001.1","NV2t007449001.1","Nvec","OG_3205",1,1,0
"NV2t007495001.1","NV2t007495001.1","Nvec","OG_12749",1,0,0
"NV2t007513001.1","NV2t007513001.1","Nvec","OG_8440",1,1,0
"NV2t007657001.1","NV2t007657001.1","Nvec","OG_3047",1,0,0
"NV2t007672001.1","NV2t007672001.1","Nvec","OG_1164",1,0,0
"NV2t007684001.1","NV2t007684001.1","Nvec","OG_587",1,1,0
"NV2t007690001.1","NV2t007690001.1","Nvec","OG_5520",1,0,0
"NV2t007690002.1","NV2t007690002.1","Nvec","OG_5520",1,0,0
"NV2t007690003.1","NV2t007690003.1","Nvec","OG_5520",1,0,0
"NV2t007757001.1","NV2t007757001.1","Nvec","OG_7402",1,1,0
"NV2t007778001.1","NV2t007778001.1","Nvec","OG_244",1,1,0
"NV2t007778002.1","NV2t007778002.1","Nvec","OG_244",1,1,0
"NV2t007785001.1","NV2t007785001.1","Nvec","OG_3043",1,1,1
"NV2t007790001.1","NV2t007790001.1","Nvec","OG_3126",1,0,0
"NV2t007796001.1","NV2t007796001.1","Nvec","OG_1138",1,0,1
"NV2t007834001.1","NV2t007834001.1","Nvec","OG_3116",1,1,0
"NV2t007834002.1","NV2t007834002.1","Nvec","OG_3116",1,1,0
"NV2t007909001.1","NV2t007909001.1","Nvec","OG_5286",1,1,0
"NV2t007952001.1","NV2t007952001.1","Nvec","OG_5215",1,0,0
"NV2t007952002.1","NV2t007952002.1","Nvec","OG_5215",1,0,0
"NV2t007955001.1","NV2t007955001.1","Nvec","OG_1051",1,1,0
"NV2t007955002.1","NV2t007955002.1","Nvec","OG_1051",1,1,0
"NV2t007955003.1","NV2t007955003.1","Nvec","OG_1051",1,1,0
"NV2t007955004.1","NV2t007955004.1","Nvec","OG_1051",1,1,0
"NV2t007955005.1","NV2t007955005.1","Nvec","OG_1051",1,1,0
"NV2t007955006.1","NV2t007955006.1","Nvec","OG_1051",1,1,0
"NV2t007955007.1","NV2t007955007.1","Nvec","OG_1051",1,1,0
"NV2t007955008.1","NV2t007955008.1","Nvec","OG_1051",1,1,0
"NV2t007960001.1","NV2t007960001.1","Nvec","OG_8335",1,0,0
"NV2t007961001.1","NV2t007961001.1","Nvec","OG_5521",1,0,0
"NV2t007961002.1","NV2t007961002.1","Nvec","OG_5521",1,0,0
"NV2t007961003.1","NV2t007961003.1","Nvec","OG_5521",1,0,0
"NV2t007961004.1","NV2t007961004.1","Nvec","OG_5521",1,0,0
"NV2t007961005.1","NV2t007961005.1","Nvec","OG_5521",1,0,0
"NV2t008032001.1","NV2t008032001.1","Nvec","OG_8449",1,0,0
"NV2t008032002.1","NV2t008032002.1","Nvec","OG_3040",1,0,0
"NV2t008044001.1","NV2t008044001.1","Nvec","OG_3091",1,0,0
"NV2t008044002.1","NV2t008044002.1","Nvec","OG_3091",1,0,0
"NV2t008054001.1","NV2t008054001.1","Nvec","OG_203",1,0,1
"NV2t008091001.1","NV2t008091001.1","Nvec","OG_5014",1,1,0
"NV2t008091002.1","NV2t008091002.1","Nvec","OG_5014",1,1,0
"NV2t008091003.1","NV2t008091003.1","Nvec","OG_5014",1,1,0
"NV2t008176001.1","NV2t008176001.1","Nvec","OG_3100",1,1,0
"NV2t008176002.1","NV2t008176002.1","Nvec","OG_3100",1,1,0
"NV2t008176003.1","NV2t008176003.1","Nvec","OG_3100",1,1,0
"NV2t008296001.1","NV2t008296001.1","Nvec","OG_10176",1,1,0
"NV2t008325001.1","NV2t008325001.1","Nvec","OG_4472",1,0,0
"NV2t008332001.1","NV2t008332001.1","Nvec","OG_10302",1,0,0
"NV2t008332002.1","NV2t008332002.1","Nvec","OG_10302",1,0,0
"NV2t008332003.1","NV2t008332003.1","Nvec","OG_10302",1,0,0
"NV2t008332004.1","NV2t008332004.1","Nvec","OG_10302",1,0,0
"NV2t008332005.1","NV2t008332005.1","Nvec","OG_10302",1,0,0
"NV2t008332006.1","NV2t008332006.1","Nvec","OG_10302",1,0,0
"NV2t008347001.1","NV2t008347001.1","Nvec","OG_647",1,1,1
"NV2t008350001.1","NV2t008350001.1","Nvec","OG_1083",1,1,0
"NV2t008436001.1","NV2t008436001.1","Nvec","OG_6093",1,0,0
"NV2t008441001.1","NV2t008441001.1","Nvec","OG_10026",1,0,0
"NV2t008441002.1","NV2t008441002.1","Nvec","OG_10026",1,0,0
"NV2t008486003.1","NV2t008486003.1","Nvec","OG_6787",1,1,0
"NV2t008489001.1","NV2t008489001.1","Nvec","OG_4467",1,1,0
"NV2t008489002.1","NV2t008489002.1","Nvec","OG_4467",1,1,0
"NV2t008489003.1","NV2t008489003.1","Nvec","OG_4467",1,1,0
"NV2t008489004.1","NV2t008489004.1","Nvec","OG_4467",1,1,0
"NV2t008508001.1","NV2t008508001.1","Nvec","OG_234",1,1,0
"NV2t008513001.1","NV2t008513001.1","Nvec","OG_4591",1,0,0
"NV2t008513002.1","NV2t008513002.1","Nvec","OG_4591",1,0,0
"NV2t008556001.1","NV2t008556001.1","Nvec","OG_5203",1,1,1
"NV2t008566001.1","NV2t008566001.1","Nvec","OG_10214",1,1,0
"NV2t008571001.1","NV2t008571001.1","Nvec","OG_10188",1,1,0
"NV2t008571002.1","NV2t008571002.1","Nvec","OG_10188",1,1,0
"NV2t008571003.1","NV2t008571003.1","Nvec","OG_10188",1,1,0
"NV2t008571004.1","NV2t008571004.1","Nvec","OG_10188",1,1,0
"NV2t008571005.1","NV2t008571005.1","Nvec","OG_10188",1,1,0
"NV2t008571006.1","NV2t008571006.1","Nvec","OG_10188",1,1,0
"NV2t008591001.1","NV2t008591001.1","Nvec","OG_10100",1,0,0
"NV2t008599001.1","NV2t008599001.1","Nvec","OG_4506",1,0,0
"NV2t008636001.1","NV2t008636001.1","Nvec","OG_534",1,0,0
"NV2t008694001.1","NV2t008694001.1","Nvec","OG_10116",1,0,0
"NV2t008694002.1","NV2t008694002.1","Nvec","OG_10116",1,0,0
"NV2t008696001.1","NV2t008696001.1","Nvec","OG_10116",1,0,0
"NV2t008696002.1","NV2t008696002.1","Nvec","OG_10116",1,0,0
"NV2t008697001.1","NV2t008697001.1","Nvec","OG_10116",1,0,0
"NV2t008701001.1","NV2t008701001.1","Nvec","OG_10118",1,1,0
"NV2t008706001.1","NV2t008706001.1","Nvec","OG_10007",1,0,0
"NV2t008706002.1","NV2t008706002.1","Nvec","OG_10007",1,0,0
"NV2t008706003.1","NV2t008706003.1","Nvec","OG_10007",1,0,0
"NV2t008706004.1","NV2t008706004.1","Nvec","OG_10007",1,0,0
"NV2t008724001.1","NV2t008724001.1","Nvec","OG_10042",1,0,0
"NV2t008770001.1","NV2t008770001.1","Nvec","OG_428",1,0,1
"NV2t008772001.1","NV2t008772001.1","Nvec","OG_428",1,0,1
"NV2t008772002.1","NV2t008772002.1","Nvec","OG_428",1,0,1
"NV2t008904001.1","NV2t008904001.1","Nvec","OG_4599",1,0,0
"NV2t008934001.1","NV2t008934001.1","Nvec","OG_4",1,0,1
"NV2t008934002.1","NV2t008934002.1","Nvec","OG_4",1,0,1
"NV2t008966001.1","NV2t008966001.1","Nvec","OG_10278",1,1,0
"NV2t009003001.1","NV2t009003001.1","Nvec","OG_4476",1,0,0
"NV2t009052001.1","NV2t009052001.1","Nvec","OG_10002",1,0,0
"NV2t009073001.1","NV2t009073001.1","Nvec","OG_4553",1,1,0
"NV2t009292001.1","NV2t009292001.1","Nvec","OG_762",1,0,0
"NV2t009316001.1","NV2t009316001.1","Nvec","OG_4559",1,0,0
"NV2t009330001.1","NV2t009330001.1","Nvec","OG_1032",1,1,0
"NV2t009330002.1","NV2t009330002.1","Nvec","OG_1032",1,1,0
"NV2t009392001.1","NV2t009392001.1","Nvec","OG_198",1,1,0
"NV2t009428001.1","NV2t009428001.1","Nvec","OG_4575",1,0,1
"NV2t009446001.1","NV2t009446001.1","Nvec","OG_1083",1,1,0
"NV2t009513001.1","NV2t009513001.1","Nvec","OG_6159",1,1,0
"NV2t009541001.1","NV2t009541001.1","Nvec","OG_6857",1,1,0
"NV2t009541002.1","NV2t009541002.1","Nvec","OG_6857",1,1,0
"NV2t009541003.1","NV2t009541003.1","Nvec","OG_6857",1,1,0
"NV2t009541004.1","NV2t009541004.1","Nvec","OG_6857",1,1,0
"NV2t009556001.1","NV2t009556001.1","Nvec","OG_5896",1,0,0
"NV2t009601001.1","NV2t009601001.1","Nvec","OG_9792",1,0,0
"NV2t009601002.1","NV2t009601002.1","Nvec","OG_9792",1,0,0
"NV2t009601003.1","NV2t009601003.1","Nvec","OG_9792",1,0,0
"NV2t009647001.1","NV2t009647001.1","Nvec","OG_5089",1,1,1
"NV2t009657001.1","NV2t009657001.1","Nvec","OG_2017",1,0,0
"NV2t009688001.1","NV2t009688001.1","Nvec","OG_198",1,1,0
"NV2t009696001.1","NV2t009696001.1","Nvec","OG_233",1,1,1
"NV2t009706001.1","NV2t009706001.1","Nvec","OG_524",1,1,0
"NV2t009712002.1","NV2t009712002.1","Nvec","OG_11066",1,0,1
"NV2t009717001.1","NV2t009717001.1","Nvec","OG_1083",1,1,0
"NV2t009767001.1","NV2t009767001.1","Nvec","OG_126",1,1,1
"NV2t009768001.1","NV2t009768001.1","Nvec","OG_5207",1,1,0
"NV2t009778001.1","NV2t009778001.1","Nvec","OG_1986",1,0,0
"NV2t009821001.1","NV2t009821001.1","Nvec","OG_1184",1,0,0
"NV2t009849001.1","NV2t009849001.1","Nvec","OG_11059",1,1,0
"NV2t009849002.1","NV2t009849002.1","Nvec","OG_11059",1,1,0
"NV2t009849003.1","NV2t009849003.1","Nvec","OG_11059",1,1,0
"NV2t009878001.1","NV2t009878001.1","Nvec","OG_10393",1,0,0
"NV2t009966001.1","NV2t009966001.1","Nvec","OG_505",1,0,0
"NV2t010094001.1","NV2t010094001.1","Nvec","OG_11187",1,0,0
"NV2t010094002.1","NV2t010094002.1","Nvec","OG_11187",1,0,0
"NV2t010094003.1","NV2t010094003.1","Nvec","OG_11187",1,0,0
"NV2t010158001.1","NV2t010158001.1","Nvec","OG_617",1,1,1
"NV2t010186001.1","NV2t010186001.1","Nvec","OG_2108",1,1,0
"NV2t010251001.1","NV2t010251001.1","Nvec","OG_77",1,1,0
"NV2t010254001.1","NV2t010254001.1","Nvec","OG_6228",1,0,0
"NV2t010267001.1","NV2t010267001.1","Nvec","OG_345",1,0,1
"NV2t010334001.1","NV2t010334001.1","Nvec","OG_4983",1,0,0
"NV2t010352001.1","NV2t010352001.1","Nvec","OG_563",1,1,1
"NV2t010352003.1","NV2t010352003.1","Nvec","OG_563",1,1,1
"NV2t010352004.1","NV2t010352004.1","Nvec","OG_563",1,1,1
"NV2t010352005.1","NV2t010352005.1","Nvec","OG_563",1,1,1
"NV2t010352007.1","NV2t010352007.1","Nvec","OG_563",1,1,1
"NV2t010368001.1","NV2t010368001.1","Nvec","OG_5575",1,0,0
"NV2t010443001.1","NV2t010443001.1","Nvec","OG_341",1,0,1
"NV2t010444001.1","NV2t010444001.1","Nvec","OG_10755",1,0,0
"NV2t010448001.1","NV2t010448001.1","Nvec","OG_10755",1,0,0
"NV2t010448002.1","NV2t010448002.1","Nvec","OG_10755",1,0,0
"NV2t010448003.1","NV2t010448003.1","Nvec","OG_10755",1,0,0
"NV2t010498001.1","NV2t010498001.1","Nvec","OG_198",1,1,0
"NV2t010500001.1","NV2t010500001.1","Nvec","OG_11186",1,0,0
"NV2t010515001.1","NV2t010515001.1","Nvec","OG_2045",1,1,0
"NV2t010541001.1","NV2t010541001.1","Nvec","OG_1036",1,0,1
"NV2t010629001.1","NV2t010629001.1","Nvec","OG_4210",1,1,0
"NV2t010635001.1","NV2t010635001.1","Nvec","OG_596",1,1,1
"NV2t010650001.1","NV2t010650001.1","Nvec","OG_7075",1,0,0
"NV2t010733001.1","NV2t010733001.1","Nvec","OG_228",1,1,1
"NV2t010752001.1","NV2t010752001.1","Nvec","OG_9888",1,0,0
"NV2t010792001.1","NV2t010792001.1","Nvec","OG_6371",1,0,1
"NV2t010792003.1","NV2t010792003.1","Nvec","OG_6371",1,0,1
"NV2t011000001.1","NV2t011000001.1","Nvec","OG_4215",1,0,1
"NV2t011004001.1","NV2t011004001.1","Nvec","OG_7024",1,0,0
"NV2t011004002.1","NV2t011004002.1","Nvec","OG_7024",1,0,0
"NV2t011004003.1","NV2t011004003.1","Nvec","OG_7024",1,0,0
"NV2t011004004.1","NV2t011004004.1","Nvec","OG_7024",1,0,0
"NV2t011029001.1","NV2t011029001.1","Nvec","OG_6896",1,1,0
"NV2t011029002.1","NV2t011029002.1","Nvec","OG_6896",1,1,0
"NV2t011029003.1","NV2t011029003.1","Nvec","OG_6896",1,1,0
"NV2t011029004.1","NV2t011029004.1","Nvec","OG_6896",1,1,0
"NV2t011074001.1","NV2t011074001.1","Nvec","OG_9733",1,0,0
"NV2t011085001.1","NV2t011085001.1","Nvec","OG_4256",1,0,0
"NV2t011203001.1","NV2t011203001.1","Nvec","OG_6733",1,1,0
"NV2t011262001.1","NV2t011262001.1","Nvec","OG_7016",1,0,0
"NV2t011326001.1","NV2t011326001.1","Nvec","OG_9792",1,0,0
"NV2t011326003.1","NV2t011326003.1","Nvec","OG_9792",1,0,0
"NV2t011326004.1","NV2t011326004.1","Nvec","OG_9792",1,0,0
"NV2t011328001.1","NV2t011328001.1","Nvec","OG_2732",1,0,1
"NV2t011328002.1","NV2t011328002.1","Nvec","OG_2732",1,0,1
"NV2t011338001.1","NV2t011338001.1","Nvec","OG_9848",1,0,1
"NV2t011338002.1","NV2t011338002.1","Nvec","OG_9848",1,0,1
"NV2t011355001.1","NV2t011355001.1","Nvec","OG_9857",1,0,0
"NV2t011365001.1","NV2t011365001.1","Nvec","OG_1083",1,1,0
"NV2t011373001.1","NV2t011373001.1","Nvec","OG_7072",1,1,1
"NV2t011373002.1","NV2t011373002.1","Nvec","OG_7072",1,1,1
"NV2t011477001.1","NV2t011477001.1","Nvec","OG_7006",1,1,0
"NV2t011537001.1","NV2t011537001.1","Nvec","OG_5465",1,0,0
"NV2t011546001.1","NV2t011546001.1","Nvec","OG_5466",1,1,0
"NV2t011591016.1","NV2t011591016.1","Nvec","OG_6089",1,0,0
"NV2t011591017.1","NV2t011591017.1","Nvec","OG_6089",1,0,0
"NV2t011632001.1","NV2t011632001.1","Nvec","OG_6210",1,0,1
"NV2t011654001.1","NV2t011654001.1","Nvec","OG_9824",1,0,0
"NV2t011654002.1","NV2t011654002.1","Nvec","OG_9824",1,0,0
"NV2t011654003.1","NV2t011654003.1","Nvec","OG_9824",1,0,0
"NV2t011654004.1","NV2t011654004.1","Nvec","OG_9824",1,0,0
"NV2t011654005.1","NV2t011654005.1","Nvec","OG_9824",1,0,0
"NV2t011654006.1","NV2t011654006.1","Nvec","OG_9824",1,0,0
"NV2t011654007.1","NV2t011654007.1","Nvec","OG_9824",1,0,0
"NV2t011695001.1","NV2t011695001.1","Nvec","OG_4220",1,0,0
"NV2t011754001.1","NV2t011754001.1","Nvec","OG_5899",1,0,0
"NV2t011764001.1","NV2t011764001.1","Nvec","OG_1190",1,1,0
"NV2t011764002.1","NV2t011764002.1","Nvec","OG_1190",1,1,0
"NV2t011764003.1","NV2t011764003.1","Nvec","OG_1190",1,1,0
"NV2t011764004.1","NV2t011764004.1","Nvec","OG_1190",1,1,0
"NV2t011839001.1","NV2t011839001.1","Nvec","OG_1472",1,0,0
"NV2t011839002.1","NV2t011839002.1","Nvec","OG_1472",1,0,0
"NV2t011839003.1","NV2t011839003.1","Nvec","OG_1472",1,0,0
"NV2t011839004.1","NV2t011839004.1","Nvec","OG_1472",1,0,0
"NV2t011955001.1","NV2t011955001.1","Nvec","OG_511",1,0,1
"NV2t011955002.1","NV2t011955002.1","Nvec","OG_511",1,0,1
"NV2t011957001.1","NV2t011957001.1","Nvec","OG_5902",1,0,0
"NV2t012019001.1","NV2t012019001.1","Nvec","OG_2682",1,1,0
"NV2t012019002.1","NV2t012019002.1","Nvec","OG_2682",1,1,0
"NV2t012019003.1","NV2t012019003.1","Nvec","OG_2682",1,1,0
"NV2t012023001.1","NV2t012023001.1","Nvec","OG_11511",1,0,0
"NV2t012040001.1","NV2t012040001.1","Nvec","OG_5090",1,1,1
"NV2t012046001.1","NV2t012046001.1","Nvec","OG_2667",1,1,0
"NV2t012053001.1","NV2t012053001.1","Nvec","OG_1094",1,0,0
"NV2t012059001.1","NV2t012059001.1","Nvec","OG_6953",1,1,0
"NV2t012123001.1","NV2t012123001.1","Nvec","OG_2671",1,0,0
"NV2t012145001.1","NV2t012145001.1","Nvec","OG_12735",1,1,0
"NV2t012152001.1","NV2t012152001.1","Nvec","OG_7123",1,0,0
"NV2t012162001.1","NV2t012162001.1","Nvec","OG_6741",1,0,0
"NV2t012162002.1","NV2t012162002.1","Nvec","OG_6741",1,0,0
"NV2t012162003.1","NV2t012162003.1","Nvec","OG_6741",1,0,0
"NV2t012165001.1","NV2t012165001.1","Nvec","OG_822",1,0,0
"NV2t012172001.1","NV2t012172001.1","Nvec","OG_822",1,0,0
"NV2t012227002.1","NV2t012227002.1","Nvec","OG_9863",1,0,0
"NV2t012295001.1","NV2t012295001.1","Nvec","OG_9668",1,0,1
"NV2t012324001.1","NV2t012324001.1","Nvec","OG_5096",1,1,0
"NV2t012328001.1","NV2t012328001.1","Nvec","OG_1252",1,0,0
"NV2t012331001.1","NV2t012331001.1","Nvec","OG_6731",1,0,0
"NV2t012367001.1","NV2t012367001.1","Nvec","OG_6090",1,0,0
"NV2t012367002.1","NV2t012367002.1","Nvec","OG_6090",1,0,0
"NV2t012367003.1","NV2t012367003.1","Nvec","OG_6090",1,0,0
"NV2t012367004.1","NV2t012367004.1","Nvec","OG_6090",1,0,0
"NV2t012456001.1","NV2t012456001.1","Nvec","OG_6961",1,1,0
"NV2t012456002.1","NV2t012456002.1","Nvec","OG_6961",1,1,0
"NV2t012456003.1","NV2t012456003.1","Nvec","OG_6961",1,1,0
"NV2t012456004.1","NV2t012456004.1","Nvec","OG_6961",1,1,0
"NV2t012456005.1","NV2t012456005.1","Nvec","OG_6961",1,1,0
"NV2t012484001.1","NV2t012484001.1","Nvec","OG_9829",1,0,1
"NV2t012493001.1","NV2t012493001.1","Nvec","OG_8434",1,1,1
"NV2t012518001.1","NV2t012518001.1","Nvec","OG_4301",1,0,0
"NV2t012552001.1","NV2t012552001.1","Nvec","OG_2688",1,0,0
"NV2t012581001.1","NV2t012581001.1","Nvec","OG_2706",1,0,0
"NV2t012585001.1","NV2t012585001.1","Nvec","OG_7076",1,1,0
"NV2t012585002.1","NV2t012585002.1","Nvec","OG_7076",1,1,0
"NV2t012585003.1","NV2t012585003.1","Nvec","OG_7076",1,1,0
"NV2t012696001.1","NV2t012696001.1","Nvec","OG_2653",1,0,0
"NV2t012698001.1","NV2t012698001.1","Nvec","OG_7042",1,1,1
"NV2t012758001.1","NV2t012758001.1","Nvec","OG_8198",1,1,0
"NV2t012829002.1","NV2t012829002.1","Nvec","OG_4321",1,0,0
"NV2t012838001.1","NV2t012838001.1","Nvec","OG_916",1,1,1
"NV2t012859001.1","NV2t012859001.1","Nvec","OG_625",1,0,1
"NV2t012859002.1","NV2t012859002.1","Nvec","OG_625",1,0,1
"NV2t012897001.1","NV2t012897001.1","Nvec","OG_7119",1,0,0
"NV2t012924001.1","NV2t012924001.1","Nvec","OG_9961",1,1,0
"NV2t012924002.1","NV2t012924002.1","Nvec","OG_9961",1,1,0
"NV2t012924003.1","NV2t012924003.1","Nvec","OG_9961",1,1,0
"NV2t013014001.1","NV2t013014001.1","Nvec","OG_4175",1,0,1
"NV2t013014002.1","NV2t013014002.1","Nvec","OG_4175",1,0,1
"NV2t013116001.1","NV2t013116001.1","Nvec","OG_116",1,1,0
"NV2t013116002.1","NV2t013116002.1","Nvec","OG_116",1,1,0
"NV2t013116003.1","NV2t013116003.1","Nvec","OG_116",1,1,0
"NV2t013116004.1","NV2t013116004.1","Nvec","OG_116",1,1,0
"NV2t013118001.1","NV2t013118001.1","Nvec","OG_840",1,1,1
"NV2t013121008.1","NV2t013121008.1","Nvec","OG_12224",1,0,0
"NV2t013193001.1","NV2t013193001.1","Nvec","OG_12277",1,0,1
"NV2t013193002.1","NV2t013193002.1","Nvec","OG_12277",1,0,1
"NV2t013212001.1","NV2t013212001.1","Nvec","OG_4325",1,0,0
"NV2t013253001.1","NV2t013253001.1","Nvec","OG_4387",1,0,0
"NV2t013253002.1","NV2t013253002.1","Nvec","OG_4387",1,0,0
"NV2t013253003.1","NV2t013253003.1","Nvec","OG_4387",1,0,0
"NV2t013253004.1","NV2t013253004.1","Nvec","OG_4387",1,0,0
"NV2t013253005.1","NV2t013253005.1","Nvec","OG_4387",1,0,0
"NV2t013254001.1","NV2t013254001.1","Nvec","OG_4388",1,0,0
"NV2t013356001.1","NV2t013356001.1","Nvec","OG_1944",1,0,0
"NV2t013356002.1","NV2t013356002.1","Nvec","OG_1944",1,0,0
"NV2t013356003.1","NV2t013356003.1","Nvec","OG_1944",1,0,0
"NV2t013356004.1","NV2t013356004.1","Nvec","OG_1944",1,0,0
"NV2t013356005.1","NV2t013356005.1","Nvec","OG_1944",1,0,0
"NV2t013381001.1","NV2t013381001.1","Nvec","OG_4399",1,0,1
"NV2t013390001.1","NV2t013390001.1","Nvec","OG_2129",1,1,1
"NV2t013481001.1","NV2t013481001.1","Nvec","OG_10149",1,0,0
"NV2t013533001.1","NV2t013533001.1","Nvec","OG_11824",1,0,1
"NV2t013586001.1","NV2t013586001.1","Nvec","OG_12000",1,0,0
"NV2t013590002.1","NV2t013590002.1","Nvec","OG_11050",1,1,0
"NV2t013658001.1","NV2t013658001.1","Nvec","OG_550",1,0,0
"NV2t013659002.1","NV2t013659002.1","Nvec","OG_10317",1,0,0
"NV2t013659003.1","NV2t013659003.1","Nvec","OG_10317",1,0,0
"NV2t013697001.1","NV2t013697001.1","Nvec","OG_5534",1,0,0
"NV2t013808001.1","NV2t013808001.1","Nvec","OG_209",1,0,1
"NV2t013808002.1","NV2t013808002.1","Nvec","OG_209",1,0,1
"NV2t013829001.1","NV2t013829001.1","Nvec","OG_31",1,0,0
"NV2t013829002.1","NV2t013829002.1","Nvec","OG_31",1,0,0
"NV2t013840001.1","NV2t013840001.1","Nvec","OG_10976",1,0,0
"NV2t013852001.1","NV2t013852001.1","Nvec","OG_12003",1,0,0
"NV2t013918001.1","NV2t013918001.1","Nvec","OG_10932",1,0,0
"NV2t013918002.1","NV2t013918002.1","Nvec","OG_10932",1,0,0
"NV2t013918003.1","NV2t013918003.1","Nvec","OG_10932",1,0,0
"NV2t013918004.1","NV2t013918004.1","Nvec","OG_10932",1,0,0
"NV2t013918005.1","NV2t013918005.1","Nvec","OG_10932",1,0,0
"NV2t013940001.1","NV2t013940001.1","Nvec","OG_38",1,0,0
"NV2t013966001.1","NV2t013966001.1","Nvec","OG_853",1,1,1
"NV2t014002001.1","NV2t014002001.1","Nvec","OG_4402",1,0,0
"NV2t014158001.1","NV2t014158001.1","Nvec","OG_95",1,0,0
"NV2t014158002.1","NV2t014158002.1","Nvec","OG_95",1,0,0
"NV2t014158003.1","NV2t014158003.1","Nvec","OG_95",1,0,0
"NV2t014158004.1","NV2t014158004.1","Nvec","OG_95",1,0,0
"NV2t014158005.1","NV2t014158005.1","Nvec","OG_95",1,0,0
"NV2t014158006.1","NV2t014158006.1","Nvec","OG_95",1,0,0
"NV2t014158007.1","NV2t014158007.1","Nvec","OG_95",1,0,0
"NV2t014158008.1","NV2t014158008.1","Nvec","OG_95",1,0,0
"NV2t014169001.1","NV2t014169001.1","Nvec","OG_10048",1,0,0
"NV2t014215002.1","NV2t014215002.1","Nvec","OG_6091",1,1,0
"NV2t014273001.1","NV2t014273001.1","Nvec","OG_11239",1,0,1
"NV2t014273002.1","NV2t014273002.1","Nvec","OG_11239",1,0,1
"NV2t014273003.1","NV2t014273003.1","Nvec","OG_11239",1,0,1
"NV2t014273004.1","NV2t014273004.1","Nvec","OG_11239",1,0,1
"NV2t014279001.1","NV2t014279001.1","Nvec","OG_1049",1,0,1
"NV2t014279002.1","NV2t014279002.1","Nvec","OG_1049",1,0,1
"NV2t014279003.1","NV2t014279003.1","Nvec","OG_1049",1,0,1
"NV2t014281001.1","NV2t014281001.1","Nvec","OG_882",1,1,1
"NV2t014281002.1","NV2t014281002.1","Nvec","OG_882",1,1,1
"NV2t014287001.1","NV2t014287001.1","Nvec","OG_882",1,1,1
"NV2t014292001.1","NV2t014292001.1","Nvec","OG_291",1,1,1
"NV2t014294001.1","NV2t014294001.1","Nvec","OG_814",1,1,1
"NV2t014305001.1","NV2t014305001.1","Nvec","OG_10361",1,0,0
"NV2t014305002.1","NV2t014305002.1","Nvec","OG_10361",1,0,0
"NV2t014305003.1","NV2t014305003.1","Nvec","OG_10361",1,0,0
"NV2t014305004.1","NV2t014305004.1","Nvec","OG_10361",1,0,0
"NV2t014305005.1","NV2t014305005.1","Nvec","OG_4456",1,0,0
"NV2t014311001.1","NV2t014311001.1","Nvec","OG_148",1,1,1
"NV2t014333001.1","NV2t014333001.1","Nvec","OG_176",1,1,1
"NV2t014333002.1","NV2t014333002.1","Nvec","OG_176",1,1,1
"NV2t014344001.1","NV2t014344001.1","Nvec","OG_20",1,1,0
"NV2t014400001.1","NV2t014400001.1","Nvec","OG_176",1,1,1
"NV2t014478001.1","NV2t014478001.1","Nvec","OG_49",1,0,0
"NV2t014502001.1","NV2t014502001.1","Nvec","OG_4351",1,0,0
"NV2t014502002.1","NV2t014502002.1","Nvec","OG_4351",1,0,0
"NV2t014502003.1","NV2t014502003.1","Nvec","OG_4351",1,0,0
"NV2t014537001.1","NV2t014537001.1","Nvec","OG_704",1,0,0
"NV2t014562001.1","NV2t014562001.1","Nvec","OG_2130",1,1,0
"NV2t014767001.1","NV2t014767001.1","Nvec","OG_12022",1,0,0
"NV2t014796001.1","NV2t014796001.1","Nvec","OG_2118",1,1,0
"NV2t014833001.1","NV2t014833001.1","Nvec","OG_12597",1,1,1
"NV2t014833002.1","NV2t014833002.1","Nvec","OG_12597",1,1,1
"NV2t014833003.1","NV2t014833003.1","Nvec","OG_12597",1,1,1
"NV2t014867001.1","NV2t014867001.1","Nvec","OG_12271",1,1,1
"NV2t014927001.1","NV2t014927001.1","Nvec","OG_5973",1,0,0
"NV2t014927002.1","NV2t014927002.1","Nvec","OG_5973",1,0,0
"NV2t014979001.1","NV2t014979001.1","Nvec","OG_5463",1,0,0
"NV2t015002001.1","NV2t015002001.1","Nvec","OG_10190",1,1,1
"NV2t015011001.1","NV2t015011001.1","Nvec","OG_10915",1,0,1
"NV2t015019001.1","NV2t015019001.1","Nvec","OG_282",1,1,1
"NV2t015099001.1","NV2t015099001.1","Nvec","OG_1002",1,0,0
"NV2t015110001.1","NV2t015110001.1","Nvec","OG_10363",1,0,1
"NV2t015144001.1","NV2t015144001.1","Nvec","OG_10212",1,0,0
"NV2t015152001.1","NV2t015152001.1","Nvec","OG_12292",1,0,0
"NV2t015152002.1","NV2t015152002.1","Nvec","OG_12292",1,0,0
"NV2t015221001.1","NV2t015221001.1","Nvec","OG_6161",1,0,0
"NV2t015241001.1","NV2t015241001.1","Nvec","OG_10391",1,0,1
"NV2t015250001.1","NV2t015250001.1","Nvec","OG_10059",1,1,0
"NV2t015264001.1","NV2t015264001.1","Nvec","OG_1114",1,1,1
"NV2t015419001.1","NV2t015419001.1","Nvec","OG_7942",1,0,0
"NV2t015419002.1","NV2t015419002.1","Nvec","OG_7942",1,0,0
"NV2t015441002.1","NV2t015441002.1","Nvec","OG_8936",1,0,0
"NV2t015441003.1","NV2t015441003.1","Nvec","OG_8936",1,0,0
"NV2t015441004.1","NV2t015441004.1","Nvec","OG_8936",1,0,0
"NV2t015441005.1","NV2t015441005.1","Nvec","OG_8936",1,0,0
"NV2t015441006.1","NV2t015441006.1","Nvec","OG_8936",1,0,0
"NV2t015441007.1","NV2t015441007.1","Nvec","OG_8936",1,0,0
"NV2t015541001.1","NV2t015541001.1","Nvec","OG_8132",1,0,0
"NV2t015541002.1","NV2t015541002.1","Nvec","OG_8132",1,0,0
"NV2t015568001.1","NV2t015568001.1","Nvec","OG_8142",1,0,1
"NV2t015627001.1","NV2t015627001.1","Nvec","OG_198",1,1,0
"NV2t015691001.1","NV2t015691001.1","Nvec","OG_7764",1,0,0
"NV2t015713001.1","NV2t015713001.1","Nvec","OG_2492",1,1,0
"NV2t015713002.1","NV2t015713002.1","Nvec","OG_2492",1,1,0
"NV2t015713003.1","NV2t015713003.1","Nvec","OG_2492",1,1,0
"NV2t015716001.1","NV2t015716001.1","Nvec","OG_774",1,0,0
"NV2t015721001.1","NV2t015721001.1","Nvec","OG_7803",1,0,0
"NV2t015721002.1","NV2t015721002.1","Nvec","OG_7803",1,0,0
"NV2t015736001.1","NV2t015736001.1","Nvec","OG_2455",1,0,0
"NV2t015776001.1","NV2t015776001.1","Nvec","OG_7914",1,0,1
"NV2t015814001.1","NV2t015814001.1","Nvec","OG_2345",1,0,0
"NV2t015936001.1","NV2t015936001.1","Nvec","OG_8078",1,0,0
"NV2t015946001.1","NV2t015946001.1","Nvec","OG_1204",1,0,1
"NV2t016054001.1","NV2t016054001.1","Nvec","OG_7859",1,0,0
"NV2t016097001.1","NV2t016097001.1","Nvec","OG_7796",1,1,0
"NV2t016097002.1","NV2t016097002.1","Nvec","OG_7796",1,1,0
"NV2t016097003.1","NV2t016097003.1","Nvec","OG_7796",1,1,0
"NV2t016148001.1","NV2t016148001.1","Nvec","OG_7870",1,0,0
"NV2t016182001.1","NV2t016182001.1","Nvec","OG_8016",1,1,0
"NV2t016213001.1","NV2t016213001.1","Nvec","OG_7850",1,0,0
"NV2t016270001.1","NV2t016270001.1","Nvec","OG_831",1,1,1
"NV2t016270002.1","NV2t016270002.1","Nvec","OG_831",1,1,1
"NV2t016273001.1","NV2t016273001.1","Nvec","OG_831",1,1,1
"NV2t016285001.1","NV2t016285001.1","Nvec","OG_2544",1,0,0
"NV2t016307001.1","NV2t016307001.1","Nvec","OG_6653",1,0,0
"NV2t016310001.1","NV2t016310001.1","Nvec","OG_6653",1,0,0
"NV2t016310002.1","NV2t016310002.1","Nvec","OG_6653",1,0,0
"NV2t016349001.1","NV2t016349001.1","Nvec","OG_2552",1,0,0
"NV2t016349002.1","NV2t016349002.1","Nvec","OG_2552",1,0,0
"NV2t016428001.1","NV2t016428001.1","Nvec","OG_2568",1,0,0
"NV2t016454001.1","NV2t016454001.1","Nvec","OG_8167",1,0,0
"NV2t016489001.1","NV2t016489001.1","Nvec","OG_6884",1,0,0
"NV2t016510001.1","NV2t016510001.1","Nvec","OG_5772",1,0,0
"NV2t016583001.1","NV2t016583001.1","Nvec","OG_7939",1,0,0
"NV2t016655001.1","NV2t016655001.1","Nvec","OG_7949",1,0,0
"NV2t016667001.1","NV2t016667001.1","Nvec","OG_7876",1,0,0
"NV2t016667002.1","NV2t016667002.1","Nvec","OG_7876",1,0,0
"NV2t016784001.1","NV2t016784001.1","Nvec","OG_8124",1,0,0
"NV2t016791001.1","NV2t016791001.1","Nvec","OG_2329",1,1,0
"NV2t016791002.1","NV2t016791002.1","Nvec","OG_2329",1,1,0
"NV2t016971001.1","NV2t016971001.1","Nvec","OG_5924",1,0,0
"NV2t016971002.1","NV2t016971002.1","Nvec","OG_5924",1,0,0
"NV2t016979001.1","NV2t016979001.1","Nvec","OG_2427",1,1,0
"NV2t017061003.1","NV2t017061003.1","Nvec","OG_2514",1,0,0
"NV2t017080001.1","NV2t017080001.1","Nvec","OG_7796",1,1,0
"NV2t017080003.1","NV2t017080003.1","Nvec","OG_7796",1,1,0
"NV2t017117001.1","NV2t017117001.1","Nvec","OG_2519",1,0,1
"NV2t017172001.1","NV2t017172001.1","Nvec","OG_1314",1,0,1
"NV2t017256001.1","NV2t017256001.1","Nvec","OG_5395",1,1,0
"NV2t017269001.1","NV2t017269001.1","Nvec","OG_2347",1,0,0
"NV2t017284001.1","NV2t017284001.1","Nvec","OG_2362",1,0,1
"NV2t017284002.1","NV2t017284002.1","Nvec","OG_2362",1,0,1
"NV2t017284003.1","NV2t017284003.1","Nvec","OG_2362",1,0,1
"NV2t017320003.1","NV2t017320003.1","Nvec","OG_8034",1,1,0
"NV2t017338001.1","NV2t017338001.1","Nvec","OG_8285",1,0,0
"NV2t017356001.1","NV2t017356001.1","Nvec","OG_3299",1,0,0
"NV2t017493001.1","NV2t017493001.1","Nvec","OG_8253",1,0,0
"NV2t017495003.1","NV2t017495003.1","Nvec","OG_12530",1,0,1
"NV2t017495009.1","NV2t017495009.1","Nvec","OG_12530",1,0,1
"NV2t017495012.1","NV2t017495012.1","Nvec","OG_12530",1,0,1
"NV2t017501001.1","NV2t017501001.1","Nvec","OG_126",1,1,1
"NV2t017591001.1","NV2t017591001.1","Nvec","OG_6531",1,1,1
"NV2t017635001.1","NV2t017635001.1","Nvec","OG_1995",1,0,0
"NV2t017641002.1","NV2t017641002.1","Nvec","OG_10944",1,0,0
"NV2t017678001.1","NV2t017678001.1","Nvec","OG_10239",1,0,0
"NV2t017678002.1","NV2t017678002.1","Nvec","OG_10239",1,0,0
"NV2t017678003.1","NV2t017678003.1","Nvec","OG_10239",1,0,0
"NV2t017717001.1","NV2t017717001.1","Nvec","OG_11272",1,1,0
"NV2t017745001.1","NV2t017745001.1","Nvec","OG_8317",1,0,0
"NV2t017782001.1","NV2t017782001.1","Nvec","OG_8417",1,1,0
"NV2t017863001.1","NV2t017863001.1","Nvec","OG_652",1,1,1
"NV2t017917001.1","NV2t017917001.1","Nvec","OG_12531",1,0,0
"NV2t017917002.1","NV2t017917002.1","Nvec","OG_12531",1,0,0
"NV2t017945004.1","NV2t017945004.1","Nvec","OG_3231",1,0,0
"NV2t017992001.1","NV2t017992001.1","Nvec","OG_1878",1,0,0
"NV2t018005001.1","NV2t018005001.1","Nvec","OG_8494",1,0,0
"NV2t018031001.1","NV2t018031001.1","Nvec","OG_1989",1,0,0
"NV2t018039001.1","NV2t018039001.1","Nvec","OG_640",1,1,1
"NV2t018060001.1","NV2t018060001.1","Nvec","OG_6376",1,0,0
"NV2t018123001.1","NV2t018123001.1","Nvec","OG_11242",1,0,0
"NV2t018254001.1","NV2t018254001.1","Nvec","OG_10965",1,0,0
"NV2t018286001.1","NV2t018286001.1","Nvec","OG_8359",1,0,1
"NV2t018288001.1","NV2t018288001.1","Nvec","OG_12690",1,0,0
"NV2t018397001.1","NV2t018397001.1","Nvec","OG_10966",1,0,1
"NV2t018521001.1","NV2t018521001.1","Nvec","OG_5811",1,0,0
"NV2t018532001.1","NV2t018532001.1","Nvec","OG_10920",1,0,0
"NV2t018553001.1","NV2t018553001.1","Nvec","OG_5401",1,0,1
"NV2t018566001.1","NV2t018566001.1","Nvec","OG_490",1,0,0
"NV2t018566002.1","NV2t018566002.1","Nvec","OG_490",1,0,0
"NV2t018597001.1","NV2t018597001.1","Nvec","OG_998",1,1,1
"NV2t018693001.1","NV2t018693001.1","Nvec","OG_8252",1,0,0
"NV2t018707001.1","NV2t018707001.1","Nvec","OG_3981",1,0,0
"NV2t018734001.1","NV2t018734001.1","Nvec","OG_3320",1,0,0
"NV2t018760004.1","NV2t018760004.1","Nvec","OG_8303",1,0,0
"NV2t018783001.1","NV2t018783001.1","Nvec","OG_11071",1,0,0
"NV2t018783002.1","NV2t018783002.1","Nvec","OG_11071",1,0,0
"NV2t018783003.1","NV2t018783003.1","Nvec","OG_11071",1,0,0
"NV2t018784001.1","NV2t018784001.1","Nvec","OG_7824",1,0,1
"NV2t018883002.1","NV2t018883002.1","Nvec","OG_1830",1,0,1
"NV2t018883004.1","NV2t018883004.1","Nvec","OG_1830",1,0,1
"NV2t018929001.1","NV2t018929001.1","Nvec","OG_882",1,1,1
"NV2t018957001.1","NV2t018957001.1","Nvec","OG_1059",1,0,0
"NV2t018959001.1","NV2t018959001.1","Nvec","OG_1059",1,0,0
"NV2t018961001.1","NV2t018961001.1","Nvec","OG_1059",1,0,0
"NV2t018968001.1","NV2t018968001.1","Nvec","OG_3228",1,0,1
"NV2t019042002.1","NV2t019042002.1","Nvec","OG_11209",1,1,0
"NV2t019042003.1","NV2t019042003.1","Nvec","OG_11209",1,1,0
"NV2t019150001.1","NV2t019150001.1","Nvec","OG_356",1,0,1
"NV2t019161001.1","NV2t019161001.1","Nvec","OG_11101",1,1,0
"NV2t019165001.1","NV2t019165001.1","Nvec","OG_594",1,1,1
"NV2t019165002.1","NV2t019165002.1","Nvec","OG_594",1,1,1
"NV2t019165003.1","NV2t019165003.1","Nvec","OG_594",1,1,1
"NV2t019166001.1","NV2t019166001.1","Nvec","OG_594",1,1,1
"NV2t019255001.1","NV2t019255001.1","Nvec","OG_11192",1,1,0
"NV2t019340001.1","NV2t019340001.1","Nvec","OG_10422",1,0,0
"NV2t019340002.1","NV2t019340002.1","Nvec","OG_10422",1,0,0
"NV2t019340003.1","NV2t019340003.1","Nvec","OG_10422",1,0,0
"NV2t019340004.1","NV2t019340004.1","Nvec","OG_10422",1,0,0
"NV2t019340005.1","NV2t019340005.1","Nvec","OG_10422",1,0,0
"NV2t019340006.1","NV2t019340006.1","Nvec","OG_10422",1,0,0
"NV2t019340007.1","NV2t019340007.1","Nvec","OG_10422",1,0,0
"NV2t019340008.1","NV2t019340008.1","Nvec","OG_10422",1,0,0
"NV2t019340009.1","NV2t019340009.1","Nvec","OG_10422",1,0,0
"NV2t019340010.1","NV2t019340010.1","Nvec","OG_10422",1,0,0
"NV2t019340011.1","NV2t019340011.1","Nvec","OG_10422",1,0,0
"NV2t019340012.1","NV2t019340012.1","Nvec","OG_10422",1,0,0
"NV2t019340013.1","NV2t019340013.1","Nvec","OG_10422",1,0,0
"NV2t019351001.1","NV2t019351001.1","Nvec","OG_6818",1,0,1
"NV2t019375001.1","NV2t019375001.1","Nvec","OG_5119",1,0,1
"NV2t019425001.1","NV2t019425001.1","Nvec","OG_6814",1,0,0
"NV2t019596001.1","NV2t019596001.1","Nvec","OG_2840",1,0,0
"NV2t019597001.1","NV2t019597001.1","Nvec","OG_10560",1,0,0
"NV2t019677001.1","NV2t019677001.1","Nvec","OG_9507",1,0,0
"NV2t019684001.1","NV2t019684001.1","Nvec","OG_2784",1,0,0
"NV2t019684002.1","NV2t019684002.1","Nvec","OG_2784",1,0,0
"NV2t019684003.1","NV2t019684003.1","Nvec","OG_2784",1,0,0
"NV2t019687001.1","NV2t019687001.1","Nvec","OG_10442",1,0,0
"NV2t019704001.1","NV2t019704001.1","Nvec","OG_10431",1,1,0
"NV2t019742001.1","NV2t019742001.1","Nvec","OG_10555",1,0,0
"NV2t019743001.1","NV2t019743001.1","Nvec","OG_2898",1,0,0
"NV2t019743002.1","NV2t019743002.1","Nvec","OG_2898",1,0,0
"NV2t019743003.1","NV2t019743003.1","Nvec","OG_2898",1,0,0
"NV2t019743004.1","NV2t019743004.1","Nvec","OG_2898",1,0,0
"NV2t019743005.1","NV2t019743005.1","Nvec","OG_2898",1,0,0
"NV2t019743006.1","NV2t019743006.1","Nvec","OG_2898",1,0,0
"NV2t019801001.1","NV2t019801001.1","Nvec","OG_5120",1,0,1
"NV2t019803001.1","NV2t019803001.1","Nvec","OG_5120",1,0,1
"NV2t019803002.1","NV2t019803002.1","Nvec","OG_5120",1,0,1
"NV2t019805001.1","NV2t019805001.1","Nvec","OG_5120",1,0,1
"NV2t019805004.1","NV2t019805004.1","Nvec","OG_5120",1,0,1
"NV2t019846001.1","NV2t019846001.1","Nvec","OG_12701",1,0,0
"NV2t019877001.1","NV2t019877001.1","Nvec","OG_10663",1,0,0
"NV2t019889001.1","NV2t019889001.1","Nvec","OG_5412",1,1,0
"NV2t019905001.1","NV2t019905001.1","Nvec","OG_242",1,1,1
"NV2t019911001.1","NV2t019911001.1","Nvec","OG_404",1,0,1
"NV2t019914001.1","NV2t019914001.1","Nvec","OG_2882",1,0,0
"NV2t019922001.1","NV2t019922001.1","Nvec","OG_10714",1,1,0
"NV2t019922002.1","NV2t019922002.1","Nvec","OG_10714",1,1,0
"NV2t019922003.1","NV2t019922003.1","Nvec","OG_10714",1,1,0
"NV2t019931001.1","NV2t019931001.1","Nvec","OG_689",1,0,1
"NV2t019986001.1","NV2t019986001.1","Nvec","OG_10683",1,0,1
"NV2t020013001.1","NV2t020013001.1","Nvec","OG_6819",1,0,1
"NV2t020013002.1","NV2t020013002.1","Nvec","OG_6819",1,0,1
"NV2t020019001.1","NV2t020019001.1","Nvec","OG_882",1,1,1
"NV2t020019002.1","NV2t020019002.1","Nvec","OG_882",1,1,1
"NV2t020020001.1","NV2t020020001.1","Nvec","OG_2863",1,0,0
"NV2t020066001.1","NV2t020066001.1","Nvec","OG_2991",1,1,0
"NV2t020066002.1","NV2t020066002.1","Nvec","OG_2991",1,1,0
"NV2t020067001.1","NV2t020067001.1","Nvec","OG_2991",1,1,0
"NV2t020084001.1","NV2t020084001.1","Nvec","OG_10688",1,1,0
"NV2t020115001.1","NV2t020115001.1","Nvec","OG_5833",1,0,0
"NV2t020149001.1","NV2t020149001.1","Nvec","OG_477",1,1,1
"NV2t020189001.1","NV2t020189001.1","Nvec","OG_304",1,1,1
"NV2t020189002.1","NV2t020189002.1","Nvec","OG_304",1,1,1
"NV2t020295001.1","NV2t020295001.1","Nvec","OG_5119",1,0,1
"NV2t020302001.1","NV2t020302001.1","Nvec","OG_10453",1,0,0
"NV2t020302002.1","NV2t020302002.1","Nvec","OG_10453",1,0,0
"NV2t020396001.1","NV2t020396001.1","Nvec","OG_6114",1,1,0
"NV2t020396002.1","NV2t020396002.1","Nvec","OG_6114",1,1,0
"NV2t020396003.1","NV2t020396003.1","Nvec","OG_6114",1,1,0
"NV2t020396004.1","NV2t020396004.1","Nvec","OG_6114",1,1,0
"NV2t020399001.1","NV2t020399001.1","Nvec","OG_10605",1,1,0
"NV2t020399002.1","NV2t020399002.1","Nvec","OG_10605",1,1,0
"NV2t020401001.1","NV2t020401001.1","Nvec","OG_10605",1,1,0
"NV2t020401002.1","NV2t020401002.1","Nvec","OG_10605",1,1,0
"NV2t020454001.1","NV2t020454001.1","Nvec","OG_1083",1,1,0
"NV2t020507001.1","NV2t020507001.1","Nvec","OG_10435",1,1,1
"NV2t020510001.1","NV2t020510001.1","Nvec","OG_7422",1,1,1
"NV2t020510002.1","NV2t020510002.1","Nvec","OG_7422",1,1,1
"NV2t020510003.1","NV2t020510003.1","Nvec","OG_7422",1,1,1
"NV2t020510004.1","NV2t020510004.1","Nvec","OG_7422",1,1,1
"NV2t020510005.1","NV2t020510005.1","Nvec","OG_7422",1,1,1
"NV2t020510006.1","NV2t020510006.1","Nvec","OG_7422",1,1,1
"NV2t020510007.1","NV2t020510007.1","Nvec","OG_7422",1,1,1
"NV2t020510008.1","NV2t020510008.1","Nvec","OG_7422",1,1,1
"NV2t020510009.1","NV2t020510009.1","Nvec","OG_7422",1,1,1
"NV2t020510010.1","NV2t020510010.1","Nvec","OG_7422",1,1,1
"NV2t020542001.1","NV2t020542001.1","Nvec","OG_3009",1,1,0
"NV2t020542002.1","NV2t020542002.1","Nvec","OG_3009",1,1,0
"NV2t020654001.1","NV2t020654001.1","Nvec","OG_10702",1,0,0
"NV2t020668001.1","NV2t020668001.1","Nvec","OG_585",1,0,0
"NV2t020685001.1","NV2t020685001.1","Nvec","OG_779",1,0,0
"NV2t020729001.1","NV2t020729001.1","Nvec","OG_871",1,1,0
"NV2t020737001.1","NV2t020737001.1","Nvec","OG_10403",1,0,1
"NV2t020737002.1","NV2t020737002.1","Nvec","OG_10403",1,0,1
"NV2t020749001.1","NV2t020749001.1","Nvec","OG_2976",1,0,0
"NV2t020855001.1","NV2t020855001.1","Nvec","OG_6800",1,0,0
"NV2t020862001.1","NV2t020862001.1","Nvec","OG_812",1,0,0
"NV2t020874001.1","NV2t020874001.1","Nvec","OG_10617",1,1,0
"NV2t020874002.1","NV2t020874002.1","Nvec","OG_10617",1,1,0
"NV2t020874003.1","NV2t020874003.1","Nvec","OG_10617",1,1,0
"NV2t020930001.1","NV2t020930001.1","Nvec","OG_274",1,1,1
"NV2t020959001.1","NV2t020959001.1","Nvec","OG_6862",1,0,0
"NV2t020959002.1","NV2t020959002.1","Nvec","OG_6862",1,0,0
"NV2t021024001.1","NV2t021024001.1","Nvec","OG_5190",1,0,0
"NV2t021024002.1","NV2t021024002.1","Nvec","OG_5190",1,0,0
"NV2t021052001.1","NV2t021052001.1","Nvec","OG_2788",1,0,0
"NV2t021052002.1","NV2t021052002.1","Nvec","OG_2788",1,0,0
"NV2t021102001.1","NV2t021102001.1","Nvec","OG_2885",1,0,0
"NV2t021108001.1","NV2t021108001.1","Nvec","OG_2836",1,0,0
"NV2t021115001.1","NV2t021115001.1","Nvec","OG_10491",1,1,0
"NV2t021144001.1","NV2t021144001.1","Nvec","OG_2991",1,1,0
"NV2t021144002.1","NV2t021144002.1","Nvec","OG_2991",1,1,0
"NV2t021144003.1","NV2t021144003.1","Nvec","OG_2991",1,1,0
"NV2t021145001.1","NV2t021145001.1","Nvec","OG_1246",1,0,0
"NV2t021147001.1","NV2t021147001.1","Nvec","OG_12578",1,0,0
"NV2t021217001.1","NV2t021217001.1","Nvec","OG_12578",1,0,0
"NV2t021217002.1","NV2t021217002.1","Nvec","OG_12578",1,0,0
"NV2t021219001.1","NV2t021219001.1","Nvec","OG_1246",1,0,0
"NV2t021219002.1","NV2t021219002.1","Nvec","OG_1246",1,0,0
"NV2t021455001.1","NV2t021455001.1","Nvec","OG_6260",1,1,0
"NV2t021470001.1","NV2t021470001.1","Nvec","OG_9315",1,0,0
"NV2t021473001.1","NV2t021473001.1","Nvec","OG_9317",1,0,0
"NV2t021535001.1","NV2t021535001.1","Nvec","OG_387",1,0,0
"NV2t021535002.1","NV2t021535002.1","Nvec","OG_387",1,0,0
"NV2t021535003.1","NV2t021535003.1","Nvec","OG_387",1,0,0
"NV2t021571001.1","NV2t021571001.1","Nvec","OG_805",1,0,0
"NV2t021647001.1","NV2t021647001.1","Nvec","OG_4748",1,1,0
"NV2t021647002.1","NV2t021647002.1","Nvec","OG_4748",1,1,0
"NV2t021704001.1","NV2t021704001.1","Nvec","OG_9117",1,0,0
"NV2t021791001.1","NV2t021791001.1","Nvec","OG_7627",1,0,1
"NV2t021799001.1","NV2t021799001.1","Nvec","OG_5954",1,0,0
"NV2t021803001.1","NV2t021803001.1","Nvec","OG_5954",1,0,0
"NV2t021827001.1","NV2t021827001.1","Nvec","OG_4788",1,0,0
"NV2t021833003.1","NV2t021833003.1","Nvec","OG_9015",1,0,0
"NV2t021833004.1","NV2t021833004.1","Nvec","OG_9015",1,0,0
"NV2t021833005.1","NV2t021833005.1","Nvec","OG_9015",1,0,0
"NV2t021866001.1","NV2t021866001.1","Nvec","OG_9296",1,0,0
"NV2t021926001.1","NV2t021926001.1","Nvec","OG_8812",1,1,1
"NV2t021951001.1","NV2t021951001.1","Nvec","OG_9226",1,0,0
"NV2t021951002.1","NV2t021951002.1","Nvec","OG_9226",1,0,0
"NV2t021961001.1","NV2t021961001.1","Nvec","OG_6707",1,0,0
"NV2t021990001.1","NV2t021990001.1","Nvec","OG_11086",1,0,0
"NV2t022042001.1","NV2t022042001.1","Nvec","OG_1206",1,0,0
"NV2t022052001.1","NV2t022052001.1","Nvec","OG_9256",1,0,0
"NV2t022170001.1","NV2t022170001.1","Nvec","OG_9046",1,1,0
"NV2t022188001.1","NV2t022188001.1","Nvec","OG_10695",1,0,0
"NV2t022188002.1","NV2t022188002.1","Nvec","OG_10695",1,0,0
"NV2t022188003.1","NV2t022188003.1","Nvec","OG_10695",1,0,0
"NV2t022258001.1","NV2t022258001.1","Nvec","OG_4646",1,0,0
"NV2t022258002.1","NV2t022258002.1","Nvec","OG_4646",1,0,0
"NV2t022258003.1","NV2t022258003.1","Nvec","OG_4646",1,0,0
"NV2t022283001.1","NV2t022283001.1","Nvec","OG_9147",1,0,0
"NV2t022289001.1","NV2t022289001.1","Nvec","OG_4750",1,1,0
"NV2t022451001.1","NV2t022451001.1","Nvec","OG_9193",1,0,1
"NV2t022495001.1","NV2t022495001.1","Nvec","OG_423",1,0,1
"NV2t022495002.1","NV2t022495002.1","Nvec","OG_423",1,0,1
"NV2t022495003.1","NV2t022495003.1","Nvec","OG_423",1,0,1
"NV2t022495004.1","NV2t022495004.1","Nvec","OG_423",1,0,1
"NV2t022495005.1","NV2t022495005.1","Nvec","OG_423",1,0,1
"NV2t022495006.1","NV2t022495006.1","Nvec","OG_423",1,0,1
"NV2t022495007.1","NV2t022495007.1","Nvec","OG_423",1,0,1
"NV2t022577001.1","NV2t022577001.1","Nvec","OG_6700",1,1,0
"NV2t022653001.1","NV2t022653001.1","Nvec","OG_5329",1,1,0
"NV2t022656001.1","NV2t022656001.1","Nvec","OG_5329",1,1,0
"NV2t022687001.1","NV2t022687001.1","Nvec","OG_4781",1,0,0
"NV2t022691001.1","NV2t022691001.1","Nvec","OG_4791",1,1,0
"NV2t022783001.1","NV2t022783001.1","Nvec","OG_227",1,0,1
"NV2t022783002.1","NV2t022783002.1","Nvec","OG_227",1,0,1
"NV2t022783003.1","NV2t022783003.1","Nvec","OG_227",1,0,1
"NV2t022783004.1","NV2t022783004.1","Nvec","OG_227",1,0,1
"NV2t022783005.1","NV2t022783005.1","Nvec","OG_227",1,0,1
"NV2t022840001.1","NV2t022840001.1","Nvec","OG_7239",1,0,0
"NV2t022843001.1","NV2t022843001.1","Nvec","OG_7239",1,0,0
"NV2t022890001.1","NV2t022890001.1","Nvec","OG_11451",1,0,0
"NV2t022893001.1","NV2t022893001.1","Nvec","OG_11660",1,0,0
"NV2t022938001.1","NV2t022938001.1","Nvec","OG_6609",1,0,0
"NV2t022938002.1","NV2t022938002.1","Nvec","OG_6609",1,0,0
"NV2t022938003.1","NV2t022938003.1","Nvec","OG_6609",1,0,0
"NV2t022990001.1","NV2t022990001.1","Nvec","OG_5142",1,0,0
"NV2t023073001.1","NV2t023073001.1","Nvec","OG_1227",1,0,0
"NV2t023127001.1","NV2t023127001.1","Nvec","OG_438",1,1,1
"NV2t023138001.1","NV2t023138001.1","Nvec","OG_12586",1,0,0
"NV2t023138002.1","NV2t023138002.1","Nvec","OG_12586",1,0,0
"NV2t023138003.1","NV2t023138003.1","Nvec","OG_12586",1,0,0
"NV2t023155001.1","NV2t023155001.1","Nvec","OG_3465",1,1,0
"NV2t023276001.1","NV2t023276001.1","Nvec","OG_1268",1,0,1
"NV2t023295001.1","NV2t023295001.1","Nvec","OG_1020",1,1,1
"NV2t023295002.1","NV2t023295002.1","Nvec","OG_1020",1,1,1
"NV2t023304001.1","NV2t023304001.1","Nvec","OG_11460",1,0,0
"NV2t023340001.1","NV2t023340001.1","Nvec","OG_8510",1,0,0
"NV2t023374001.1","NV2t023374001.1","Nvec","OG_11576",1,1,0
"NV2t023403001.1","NV2t023403001.1","Nvec","OG_6174",1,1,1
"NV2t023438001.1","NV2t023438001.1","Nvec","OG_6415",1,0,0
"NV2t023448001.1","NV2t023448001.1","Nvec","OG_9139",1,0,0
"NV2t023478001.1","NV2t023478001.1","Nvec","OG_639",1,0,1
"NV2t023478002.1","NV2t023478002.1","Nvec","OG_639",1,0,1
"NV2t023478003.1","NV2t023478003.1","Nvec","OG_639",1,0,1
"NV2t023478004.1","NV2t023478004.1","Nvec","OG_639",1,0,1
"NV2t023481001.1","NV2t023481001.1","Nvec","OG_639",1,0,1
"NV2t023516001.1","NV2t023516001.1","Nvec","OG_11416",1,1,0
"NV2t023516002.1","NV2t023516002.1","Nvec","OG_11416",1,1,0
"NV2t023524001.1","NV2t023524001.1","Nvec","OG_6286",1,1,0
"NV2t023583001.1","NV2t023583001.1","Nvec","OG_11637",1,1,0
"NV2t023583002.1","NV2t023583002.1","Nvec","OG_11637",1,1,0
"NV2t023674001.1","NV2t023674001.1","Nvec","OG_11413",1,1,0
"NV2t023704001.1","NV2t023704001.1","Nvec","OG_198",1,1,0
"NV2t023799001.1","NV2t023799001.1","Nvec","OG_3396",1,0,0
"NV2t023915001.1","NV2t023915001.1","Nvec","OG_11624",1,0,0
"NV2t023917001.1","NV2t023917001.1","Nvec","OG_358",1,1,1
"NV2t023957001.1","NV2t023957001.1","Nvec","OG_11374",1,0,0
"NV2t023957005.1","NV2t023957005.1","Nvec","OG_11374",1,0,0
"NV2t023957006.1","NV2t023957006.1","Nvec","OG_11374",1,0,0
"NV2t023979001.1","NV2t023979001.1","Nvec","OG_1083",1,1,0
"NV2t024010001.1","NV2t024010001.1","Nvec","OG_11307",1,0,0
"NV2t024023001.1","NV2t024023001.1","Nvec","OG_12073",1,0,0
"NV2t024137001.1","NV2t024137001.1","Nvec","OG_11400",1,1,0
"NV2t024148001.1","NV2t024148001.1","Nvec","OG_11565",1,0,0
"NV2t024192001.1","NV2t024192001.1","Nvec","OG_5152",1,1,0
"NV2t024199001.1","NV2t024199001.1","Nvec","OG_6477",1,1,0
"NV2t024302001.1","NV2t024302001.1","Nvec","OG_11761",1,0,0
"NV2t024375001.1","NV2t024375001.1","Nvec","OG_11352",1,0,0
"NV2t024375002.1","NV2t024375002.1","Nvec","OG_11352",1,0,0
"NV2t024471001.1","NV2t024471001.1","Nvec","OG_11541",1,0,0
"NV2t024471002.1","NV2t024471002.1","Nvec","OG_11541",1,0,0
"NV2t024496001.1","NV2t024496001.1","Nvec","OG_721",1,0,0
"NV2t024496003.1","NV2t024496003.1","Nvec","OG_721",1,0,0
"NV2t024652001.1","NV2t024652001.1","Nvec","OG_3638",1,0,0
"NV2t024652002.1","NV2t024652002.1","Nvec","OG_3638",1,0,0
"NV2t024652003.1","NV2t024652003.1","Nvec","OG_3638",1,0,0
"NV2t024652004.1","NV2t024652004.1","Nvec","OG_3638",1,0,0
"NV2t024718001.1","NV2t024718001.1","Nvec","OG_6510",1,0,0
"NV2t024718002.1","NV2t024718002.1","Nvec","OG_6510",1,0,0
"NV2t024801001.1","NV2t024801001.1","Nvec","OG_3635",1,0,0
"NV2t024826001.1","NV2t024826001.1","Nvec","OG_11425",1,0,0
"NV2t024826002.1","NV2t024826002.1","Nvec","OG_11425",1,0,0
"NV2t024826003.1","NV2t024826003.1","Nvec","OG_11425",1,0,0
"NV2t024870001.1","NV2t024870001.1","Nvec","OG_3526",1,0,0
"NV2t024870002.1","NV2t024870002.1","Nvec","OG_3526",1,0,0
"NV2t024897001.1","NV2t024897001.1","Nvec","OG_3606",1,0,0
"NV2t024985001.1","NV2t024985001.1","Nvec","OG_475",1,0,1
"NV2t025112001.1","NV2t025112001.1","Nvec","OG_322",1,0,1
"NV2t025112002.1","NV2t025112002.1","Nvec","OG_322",1,0,1
"NV2t025269001.1","NV2t025269001.1","Nvec","OG_11394",1,0,0
"NV2t025290001.1","NV2t025290001.1","Nvec","OG_5351",1,0,0
"NV2t025345001.1","NV2t025345001.1","Nvec","OG_783",1,0,0
"NV2t025353001.1","NV2t025353001.1","Nvec","OG_11620",1,0,0
"NV2t025363001.1","NV2t025363001.1","Nvec","OG_3573",1,0,0
"NV2t025385001.1","NV2t025385001.1","Nvec","OG_3374",1,1,0
"NV2t025385002.1","NV2t025385002.1","Nvec","OG_3374",1,1,0
"NV2t025564001.1","NV2t025564001.1","Nvec","OG_11409",1,0,1
"NV2t025621001.1","NV2t025621001.1","Nvec","OG_3375",1,1,0
"NV2t025621002.1","NV2t025621002.1","Nvec","OG_3375",1,1,0
"NV2t025621003.1","NV2t025621003.1","Nvec","OG_3375",1,1,0
"NV2t025621004.1","NV2t025621004.1","Nvec","OG_3375",1,1,0
"NV2t025621005.1","NV2t025621005.1","Nvec","OG_3375",1,1,0
"NV2t025650001.1","NV2t025650001.1","Nvec","OG_11440",1,0,0
"NV2t025658001.1","NV2t025658001.1","Nvec","OG_660",1,1,0
"NV2t025722001.1","NV2t025722001.1","Nvec","OG_1056",1,1,1
"NV2t025725001.1","NV2t025725001.1","Nvec","OG_1056",1,1,1
"NV2t025725002.1","NV2t025725002.1","Nvec","OG_1056",1,1,1
"NV2t025725003.1","NV2t025725003.1","Nvec","OG_1056",1,1,1
"NV2t025725004.1","NV2t025725004.1","Nvec","OG_1056",1,1,1
"NV2t025725005.1","NV2t025725005.1","Nvec","OG_1056",1,1,1
"NV2t025725006.1","NV2t025725006.1","Nvec","OG_1056",1,1,1
"NV2t025727001.1","NV2t025727001.1","Nvec","OG_1056",1,1,1
"NV2t025727002.1","NV2t025727002.1","Nvec","OG_1056",1,1,1
"NV2t025738001.1","NV2t025738001.1","Nvec","OG_3610",1,0,0
"NV2t025738002.1","NV2t025738002.1","Nvec","OG_3610",1,0,0
"NV2t025738003.1","NV2t025738003.1","Nvec","OG_3610",1,0,0
"NV2t025738004.1","NV2t025738004.1","Nvec","OG_3610",1,0,0
"NV2t025738005.1","NV2t025738005.1","Nvec","OG_3610",1,0,0
"NV2t025738006.1","NV2t025738006.1","Nvec","OG_3610",1,0,0
"NV2t025747001.1","NV2t025747001.1","Nvec","OG_4338",1,0,0
"NV2t025806001.1","NV2t025806001.1","Nvec","OG_236",1,1,0
"NV2t025807001.1","NV2t025807001.1","Nvec","OG_236",1,1,0
"NV2t025835001.1","NV2t025835001.1","Nvec","OG_198",1,1,0
"NV2t000384003.1","NV2t000384003.1","Nvec","OG_7504",1,0,0
"NV2t000646001.1","NV2t000646001.1","Nvec","OG_11183",1,0,0
"NV2t000674001.1","NV2t000674001.1","Nvec","OG_7585",1,1,0
"NV2t000694003.1","NV2t000694003.1","Nvec","OG_3800",1,1,0
"NV2t000694007.1","NV2t000694007.1","Nvec","OG_3800",1,1,0
"NV2t000694008.1","NV2t000694008.1","Nvec","OG_3800",1,1,0
"NV2t000694009.1","NV2t000694009.1","Nvec","OG_3800",1,1,0
"NV2t000737001.1","NV2t000737001.1","Nvec","OG_7243",1,1,1
"NV2t000876001.1","NV2t000876001.1","Nvec","OG_12713",1,0,0
"NV2t001033001.1","NV2t001033001.1","Nvec","OG_7647",1,0,0
"NV2t001134001.1","NV2t001134001.1","Nvec","OG_5432",1,0,0
"NV2t001184001.1","NV2t001184001.1","Nvec","OG_11",1,0,0
"NV2t001184002.1","NV2t001184002.1","Nvec","OG_11",1,0,0
"NV2t001217001.1","NV2t001217001.1","Nvec","OG_3743",1,0,1
"NV2t001400001.1","NV2t001400001.1","Nvec","OG_6013",1,1,0
"NV2t001587001.1","NV2t001587001.1","Nvec","OG_813",1,1,0
"NV2t001588001.1","NV2t001588001.1","Nvec","OG_4924",1,0,0
"NV2t001588002.1","NV2t001588002.1","Nvec","OG_4924",1,0,0
"NV2t001588003.1","NV2t001588003.1","Nvec","OG_4924",1,0,0
"NV2t001634001.1","NV2t001634001.1","Nvec","OG_1023",1,0,1
"NV2t001679001.1","NV2t001679001.1","Nvec","OG_1248",1,1,0
"NV2t001825001.1","NV2t001825001.1","Nvec","OG_5498",1,0,0
"NV2t001825002.1","NV2t001825002.1","Nvec","OG_5498",1,0,0
"NV2t001825003.1","NV2t001825003.1","Nvec","OG_5498",1,0,0
"NV2t002008001.1","NV2t002008001.1","Nvec","OG_4877",1,0,0
"NV2t002020001.1","NV2t002020001.1","Nvec","OG_7543",1,0,0
"NV2t002229001.1","NV2t002229001.1","Nvec","OG_1284",1,0,1
"NV2t002235001.1","NV2t002235001.1","Nvec","OG_659",1,1,1
"NV2t002298001.1","NV2t002298001.1","Nvec","OG_7373",1,0,0
"NV2t002298002.1","NV2t002298002.1","Nvec","OG_7373",1,0,0
"NV2t002325001.1","NV2t002325001.1","Nvec","OG_248",1,1,1
"NV2t002642001.1","NV2t002642001.1","Nvec","OG_8705",1,0,0
"NV2t002796001.1","NV2t002796001.1","Nvec","OG_7679",1,1,0
"NV2t002990001.1","NV2t002990001.1","Nvec","OG_3839",1,0,0
"NV2t002990002.1","NV2t002990002.1","Nvec","OG_3839",1,0,0
"NV2t003130001.1","NV2t003130001.1","Nvec","OG_8629",1,0,0
"NV2t003227001.1","NV2t003227001.1","Nvec","OG_1338",1,1,1
"NV2t003244001.1","NV2t003244001.1","Nvec","OG_8692",1,0,0
"NV2t003541001.1","NV2t003541001.1","Nvec","OG_1125",1,0,0
"NV2t003735001.1","NV2t003735001.1","Nvec","OG_176",1,1,1
"NV2t003785001.1","NV2t003785001.1","Nvec","OG_8687",1,1,0
"NV2t003785002.1","NV2t003785002.1","Nvec","OG_8687",1,1,0
"NV2t003865001.1","NV2t003865001.1","Nvec","OG_8918",1,0,0
"NV2t003888001.1","NV2t003888001.1","Nvec","OG_5306",1,0,0
"NV2t003941001.1","NV2t003941001.1","Nvec","OG_543",1,1,1
"NV2t004025001.1","NV2t004025001.1","Nvec","OG_1563",1,0,0
"NV2t004025002.1","NV2t004025002.1","Nvec","OG_1563",1,0,0
"NV2t004116001.1","NV2t004116001.1","Nvec","OG_998",1,1,1
"NV2t004287001.1","NV2t004287001.1","Nvec","OG_12055",1,0,0
"NV2t004382001.1","NV2t004382001.1","Nvec","OG_12110",1,0,0
"NV2t004382002.1","NV2t004382002.1","Nvec","OG_12110",1,0,0
"NV2t004655001.1","NV2t004655001.1","Nvec","OG_147",1,1,1
"NV2t004656001.1","NV2t004656001.1","Nvec","OG_504",1,1,1
"NV2t004656002.1","NV2t004656002.1","Nvec","OG_504",1,1,1
"NV2t004736001.1","NV2t004736001.1","Nvec","OG_6184",1,0,0
"NV2t004806001.1","NV2t004806001.1","Nvec","OG_12307",1,0,0
"NV2t005081001.1","NV2t005081001.1","Nvec","OG_617",1,1,1
"NV2t005180001.1","NV2t005180001.1","Nvec","OG_6442",1,0,0
"NV2t005310002.1","NV2t005310002.1","Nvec","OG_1750",1,0,0
"NV2t005310003.1","NV2t005310003.1","Nvec","OG_1750",1,0,0
"NV2t005597002.1","NV2t005597002.1","Nvec","OG_1125",1,0,0
"NV2t005750001.1","NV2t005750001.1","Nvec","OG_9495",1,0,1
"NV2t005778002.1","NV2t005778002.1","Nvec","OG_9424",1,0,0
"NV2t005783001.1","NV2t005783001.1","Nvec","OG_4872",1,1,1
"NV2t005787001.1","NV2t005787001.1","Nvec","OG_776",1,0,0
"NV2t005899003.1","NV2t005899003.1","Nvec","OG_963",1,1,0
"NV2t005899004.1","NV2t005899004.1","Nvec","OG_963",1,1,0
"NV2t005899007.1","NV2t005899007.1","Nvec","OG_963",1,1,0
"NV2t005899008.1","NV2t005899008.1","Nvec","OG_963",1,1,0
"NV2t005899009.1","NV2t005899009.1","Nvec","OG_963",1,1,0
"NV2t005899010.1","NV2t005899010.1","Nvec","OG_963",1,1,0
"NV2t005899011.1","NV2t005899011.1","Nvec","OG_963",1,1,0
"NV2t005899012.1","NV2t005899012.1","Nvec","OG_963",1,1,0
"NV2t005899013.1","NV2t005899013.1","Nvec","OG_963",1,1,0
"NV2t005899014.1","NV2t005899014.1","Nvec","OG_963",1,1,0
"NV2t005899015.1","NV2t005899015.1","Nvec","OG_963",1,1,0
"NV2t005899016.1","NV2t005899016.1","Nvec","OG_963",1,1,0
"NV2t005899017.1","NV2t005899017.1","Nvec","OG_963",1,1,0
"NV2t005899018.1","NV2t005899018.1","Nvec","OG_963",1,1,0
"NV2t005899019.1","NV2t005899019.1","Nvec","OG_963",1,1,0
"NV2t005899020.1","NV2t005899020.1","Nvec","OG_963",1,1,0
"NV2t005899021.1","NV2t005899021.1","Nvec","OG_963",1,1,0
"NV2t005899022.1","NV2t005899022.1","Nvec","OG_963",1,1,0
"NV2t005899023.1","NV2t005899023.1","Nvec","OG_963",1,1,0
"NV2t005899024.1","NV2t005899024.1","Nvec","OG_963",1,1,0
"NV2t005927001.1","NV2t005927001.1","Nvec","OG_9527",1,0,0
"NV2t006069001.1","NV2t006069001.1","Nvec","OG_9605",1,0,0
"NV2t006121001.1","NV2t006121001.1","Nvec","OG_9406",1,0,0
"NV2t006358001.1","NV2t006358001.1","Nvec","OG_5604",1,0,0
"NV2t006398001.1","NV2t006398001.1","Nvec","OG_1093",1,1,0
"NV2t006750001.1","NV2t006750001.1","Nvec","OG_1125",1,0,0
"NV2t006750002.1","NV2t006750002.1","Nvec","OG_1125",1,0,0
"NV2t006861001.1","NV2t006861001.1","Nvec","OG_204",1,0,1
"NV2t006871001.1","NV2t006871001.1","Nvec","OG_8341",1,0,0
"NV2t007002001.1","NV2t007002001.1","Nvec","OG_8524",1,1,0
"NV2t007002002.1","NV2t007002002.1","Nvec","OG_8524",1,1,0
"NV2t007002003.1","NV2t007002003.1","Nvec","OG_8524",1,1,0
"NV2t007002004.1","NV2t007002004.1","Nvec","OG_8524",1,1,0
"NV2t007090002.1","NV2t007090002.1","Nvec","OG_3178",1,0,0
"NV2t007090003.1","NV2t007090003.1","Nvec","OG_3178",1,0,0
"NV2t007105001.1","NV2t007105001.1","Nvec","OG_8533",1,0,0
"NV2t007379001.1","NV2t007379001.1","Nvec","OG_12618",1,0,0
"NV2t007391001.1","NV2t007391001.1","Nvec","OG_3128",1,0,0
"NV2t007644001.1","NV2t007644001.1","Nvec","OG_3289",1,0,0
"NV2t007644002.1","NV2t007644002.1","Nvec","OG_3289",1,0,0
"NV2t007644003.1","NV2t007644003.1","Nvec","OG_3289",1,0,0
"NV2t007647001.1","NV2t007647001.1","Nvec","OG_3052",1,0,0
"NV2t007647002.1","NV2t007647002.1","Nvec","OG_3052",1,0,0
"NV2t007668001.1","NV2t007668001.1","Nvec","OG_8563",1,1,1
"NV2t007761001.1","NV2t007761001.1","Nvec","OG_7169",1,0,0
"NV2t007783001.1","NV2t007783001.1","Nvec","OG_1093",1,1,0
"NV2t007850001.1","NV2t007850001.1","Nvec","OG_5946",1,0,0
"NV2t008024001.1","NV2t008024001.1","Nvec","OG_6625",1,0,0
"NV2t008024002.1","NV2t008024002.1","Nvec","OG_6625",1,0,0
"NV2t008024003.1","NV2t008024003.1","Nvec","OG_6625",1,0,0
"NV2t008024004.1","NV2t008024004.1","Nvec","OG_6625",1,0,0
"NV2t008024005.1","NV2t008024005.1","Nvec","OG_6625",1,0,0
"NV2t008024006.1","NV2t008024006.1","Nvec","OG_6625",1,0,0
"NV2t008024007.1","NV2t008024007.1","Nvec","OG_6625",1,0,0
"NV2t008024008.1","NV2t008024008.1","Nvec","OG_6625",1,0,0
"NV2t008024009.1","NV2t008024009.1","Nvec","OG_6625",1,0,0
"NV2t008033001.1","NV2t008033001.1","Nvec","OG_8402",1,0,0
"NV2t008047001.1","NV2t008047001.1","Nvec","OG_1147",1,1,0
"NV2t008191001.1","NV2t008191001.1","Nvec","OG_1125",1,0,0
"NV2t008213001.1","NV2t008213001.1","Nvec","OG_369",1,1,1
"NV2t008267010.1","NV2t008267010.1","Nvec","OG_4447",1,0,0
"NV2t008267011.1","NV2t008267011.1","Nvec","OG_4447",1,0,0
"NV2t008267012.1","NV2t008267012.1","Nvec","OG_4447",1,0,0
"NV2t008763001.1","NV2t008763001.1","Nvec","OG_10289",1,0,0
"NV2t008903001.1","NV2t008903001.1","Nvec","OG_4599",1,0,0
"NV2t009142001.1","NV2t009142001.1","Nvec","OG_10141",1,0,0
"NV2t009152001.1","NV2t009152001.1","Nvec","OG_10265",1,1,0
"NV2t009186001.1","NV2t009186001.1","Nvec","OG_6331",1,0,0
"NV2t009326001.1","NV2t009326001.1","Nvec","OG_1125",1,0,0
"NV2t009326002.1","NV2t009326002.1","Nvec","OG_1125",1,0,0
"NV2t009326003.1","NV2t009326003.1","Nvec","OG_1125",1,0,0
"NV2t009658001.1","NV2t009658001.1","Nvec","OG_1125",1,0,0
"NV2t009658002.1","NV2t009658002.1","Nvec","OG_1125",1,0,0
"NV2t009658003.1","NV2t009658003.1","Nvec","OG_1125",1,0,0
"NV2t009658004.1","NV2t009658004.1","Nvec","OG_1125",1,0,0
"NV2t009751002.1","NV2t009751002.1","Nvec","OG_257",1,1,1
"NV2t009810001.1","NV2t009810001.1","Nvec","OG_233",1,1,1
"NV2t010021001.1","NV2t010021001.1","Nvec","OG_10758",1,1,0
"NV2t010021002.1","NV2t010021002.1","Nvec","OG_10758",1,1,0
"NV2t010117001.1","NV2t010117001.1","Nvec","OG_6142",1,0,0
"NV2t010152001.1","NV2t010152001.1","Nvec","OG_1935",1,0,0
"NV2t010152002.1","NV2t010152002.1","Nvec","OG_1935",1,0,0
"NV2t010152003.1","NV2t010152003.1","Nvec","OG_1935",1,0,0
"NV2t010201001.1","NV2t010201001.1","Nvec","OG_166",1,1,1
"NV2t010201002.1","NV2t010201002.1","Nvec","OG_166",1,1,1
"NV2t010206002.1","NV2t010206002.1","Nvec","OG_6226",1,0,1
"NV2t010206003.1","NV2t010206003.1","Nvec","OG_6226",1,0,1
"NV2t010294001.1","NV2t010294001.1","Nvec","OG_242",1,1,1
"NV2t010307001.1","NV2t010307001.1","Nvec","OG_662",1,0,0
"NV2t010308001.1","NV2t010308001.1","Nvec","OG_6330",1,1,1
"NV2t010386001.1","NV2t010386001.1","Nvec","OG_2080",1,0,0
"NV2t010386002.1","NV2t010386002.1","Nvec","OG_2080",1,0,0
"NV2t010386003.1","NV2t010386003.1","Nvec","OG_2080",1,0,0
"NV2t010386004.1","NV2t010386004.1","Nvec","OG_2080",1,0,0
"NV2t010461001.1","NV2t010461001.1","Nvec","OG_10173",1,0,0
"NV2t010539001.1","NV2t010539001.1","Nvec","OG_11052",1,1,0
"NV2t010575001.1","NV2t010575001.1","Nvec","OG_1500",1,0,1
"NV2t010575002.1","NV2t010575002.1","Nvec","OG_1500",1,0,1
"NV2t010575003.1","NV2t010575003.1","Nvec","OG_1500",1,0,1
"NV2t010575004.1","NV2t010575004.1","Nvec","OG_1500",1,0,1
"NV2t010575005.1","NV2t010575005.1","Nvec","OG_1500",1,0,1
"NV2t010575006.1","NV2t010575006.1","Nvec","OG_1500",1,0,1
"NV2t010575007.1","NV2t010575007.1","Nvec","OG_1500",1,0,1
"NV2t010769001.1","NV2t010769001.1","Nvec","OG_9927",1,1,0
"NV2t010777001.1","NV2t010777001.1","Nvec","OG_235",1,0,0
"NV2t010802001.1","NV2t010802001.1","Nvec","OG_9939",1,0,0
"NV2t010821001.1","NV2t010821001.1","Nvec","OG_4117",1,0,0
"NV2t010821002.1","NV2t010821002.1","Nvec","OG_4117",1,0,0
"NV2t010821003.1","NV2t010821003.1","Nvec","OG_4117",1,0,0
"NV2t011281001.1","NV2t011281001.1","Nvec","OG_637",1,1,0
"NV2t011348001.1","NV2t011348001.1","Nvec","OG_4257",1,0,0
"NV2t011474001.1","NV2t011474001.1","Nvec","OG_764",1,1,1
"NV2t011570001.1","NV2t011570001.1","Nvec","OG_9970",1,1,0
"NV2t011570002.1","NV2t011570002.1","Nvec","OG_9970",1,1,0
"NV2t011608001.1","NV2t011608001.1","Nvec","OG_7130",1,0,0
"NV2t011988001.1","NV2t011988001.1","Nvec","OG_4103",1,0,0
"NV2t012376001.1","NV2t012376001.1","Nvec","OG_1147",1,1,0
"NV2t012507001.1","NV2t012507001.1","Nvec","OG_2666",1,1,0
"NV2t012559001.1","NV2t012559001.1","Nvec","OG_6871",1,1,1
"NV2t012609001.1","NV2t012609001.1","Nvec","OG_7133",1,1,0
"NV2t012719001.1","NV2t012719001.1","Nvec","OG_5478",1,0,0
"NV2t012873001.1","NV2t012873001.1","Nvec","OG_9429",1,0,0
"NV2t012873002.1","NV2t012873002.1","Nvec","OG_9429",1,0,0
"NV2t012873003.1","NV2t012873003.1","Nvec","OG_9429",1,0,0
"NV2t012920001.1","NV2t012920001.1","Nvec","OG_9949",1,0,0
"NV2t012972001.1","NV2t012972001.1","Nvec","OG_6373",1,1,0
"NV2t013089001.1","NV2t013089001.1","Nvec","OG_5733",1,0,1
"NV2t013129001.1","NV2t013129001.1","Nvec","OG_1125",1,0,0
"NV2t013236001.1","NV2t013236001.1","Nvec","OG_1125",1,0,0
"NV2t013269001.1","NV2t013269001.1","Nvec","OG_659",1,1,1
"NV2t013269002.1","NV2t013269002.1","Nvec","OG_659",1,1,1
"NV2t014098001.1","NV2t014098001.1","Nvec","OG_1125",1,0,0
"NV2t014126001.1","NV2t014126001.1","Nvec","OG_4452",1,0,0
"NV2t014126002.1","NV2t014126002.1","Nvec","OG_4452",1,0,0
"NV2t014161001.1","NV2t014161001.1","Nvec","OG_490",1,0,0
"NV2t014275001.1","NV2t014275001.1","Nvec","OG_6321",1,0,1
"NV2t014723001.1","NV2t014723001.1","Nvec","OG_6790",1,0,0
"NV2t014850001.1","NV2t014850001.1","Nvec","OG_5052",1,0,0
"NV2t014850002.1","NV2t014850002.1","Nvec","OG_5052",1,0,0
"NV2t014943003.1","NV2t014943003.1","Nvec","OG_12303",1,0,1
"NV2t014952002.1","NV2t014952002.1","Nvec","OG_1093",1,1,0
"NV2t015099002.1","NV2t015099002.1","Nvec","OG_1002",1,0,0
"NV2t015172001.1","NV2t015172001.1","Nvec","OG_1125",1,0,0
"NV2t015172002.1","NV2t015172002.1","Nvec","OG_1125",1,0,0
"NV2t015181001.1","NV2t015181001.1","Nvec","OG_1125",1,0,0
"NV2t015355001.1","NV2t015355001.1","Nvec","OG_7781",1,1,0
"NV2t015355002.1","NV2t015355002.1","Nvec","OG_7781",1,1,0
"NV2t015395001.1","NV2t015395001.1","Nvec","OG_763",1,1,0
"NV2t015440001.1","NV2t015440001.1","Nvec","OG_7827",1,0,0
"NV2t015728001.1","NV2t015728001.1","Nvec","OG_7856",1,0,0
"NV2t016069001.1","NV2t016069001.1","Nvec","OG_4562",1,0,0
"NV2t016086001.1","NV2t016086001.1","Nvec","OG_8043",1,0,1
"NV2t016139001.1","NV2t016139001.1","Nvec","OG_813",1,1,0
"NV2t016240001.1","NV2t016240001.1","Nvec","OG_2494",1,0,0
"NV2t016240002.1","NV2t016240002.1","Nvec","OG_2494",1,0,0
"NV2t016247001.1","NV2t016247001.1","Nvec","OG_2603",1,1,0
"NV2t016247002.1","NV2t016247002.1","Nvec","OG_2603",1,1,0
"NV2t016252001.1","NV2t016252001.1","Nvec","OG_2603",1,1,0
"NV2t016252002.1","NV2t016252002.1","Nvec","OG_2603",1,1,0
"NV2t016365001.1","NV2t016365001.1","Nvec","OG_2533",1,0,0
"NV2t016624001.1","NV2t016624001.1","Nvec","OG_2440",1,0,0
"NV2t016624002.1","NV2t016624002.1","Nvec","OG_2440",1,0,0
"NV2t016624003.1","NV2t016624003.1","Nvec","OG_2440",1,0,0
"NV2t016731001.1","NV2t016731001.1","Nvec","OG_8080",1,0,0
"NV2t016820001.1","NV2t016820001.1","Nvec","OG_2490",1,0,1
"NV2t016820002.1","NV2t016820002.1","Nvec","OG_2490",1,0,1
"NV2t016820003.1","NV2t016820003.1","Nvec","OG_2490",1,0,1
"NV2t016961001.1","NV2t016961001.1","Nvec","OG_2371",1,0,0
"NV2t016961002.1","NV2t016961002.1","Nvec","OG_2371",1,0,0
"NV2t016961003.1","NV2t016961003.1","Nvec","OG_2371",1,0,0
"NV2t016975001.1","NV2t016975001.1","Nvec","OG_7744",1,0,0
"NV2t017061001.1","NV2t017061001.1","Nvec","OG_2514",1,0,0
"NV2t017126001.1","NV2t017126001.1","Nvec","OG_7702",1,0,0
"NV2t017135001.1","NV2t017135001.1","Nvec","OG_7867",1,0,0
"NV2t017135002.1","NV2t017135002.1","Nvec","OG_7867",1,0,0
"NV2t017135003.1","NV2t017135003.1","Nvec","OG_7867",1,0,0
"NV2t017135004.1","NV2t017135004.1","Nvec","OG_7867",1,0,0
"NV2t017415001.1","NV2t017415001.1","Nvec","OG_1801",1,0,0
"NV2t017579001.1","NV2t017579001.1","Nvec","OG_11155",1,0,0
"NV2t017809001.1","NV2t017809001.1","Nvec","OG_1415",1,0,0
"NV2t017809002.1","NV2t017809002.1","Nvec","OG_1415",1,0,0
"NV2t017829001.1","NV2t017829001.1","Nvec","OG_10852",1,0,0
"NV2t017943001.1","NV2t017943001.1","Nvec","OG_1412",1,0,0
"NV2t018102001.1","NV2t018102001.1","Nvec","OG_5803",1,0,0
"NV2t018168001.1","NV2t018168001.1","Nvec","OG_5979",1,0,1
"NV2t018168002.1","NV2t018168002.1","Nvec","OG_5979",1,0,1
"NV2t018168003.1","NV2t018168003.1","Nvec","OG_5979",1,0,1
"NV2t018168004.1","NV2t018168004.1","Nvec","OG_5979",1,0,1
"NV2t018168008.1","NV2t018168008.1","Nvec","OG_5979",1,0,1
"NV2t018168009.1","NV2t018168009.1","Nvec","OG_5979",1,0,1
"NV2t018168010.1","NV2t018168010.1","Nvec","OG_5979",1,0,1
"NV2t018168011.1","NV2t018168011.1","Nvec","OG_5979",1,0,1
"NV2t018168012.1","NV2t018168012.1","Nvec","OG_5979",1,0,1
"NV2t018168013.1","NV2t018168013.1","Nvec","OG_5979",1,0,1
"NV2t018168015.1","NV2t018168015.1","Nvec","OG_5979",1,0,1
"NV2t018243001.1","NV2t018243001.1","Nvec","OG_1125",1,0,0
"NV2t018315001.1","NV2t018315001.1","Nvec","OG_11095",1,1,0
"NV2t018420001.1","NV2t018420001.1","Nvec","OG_10847",1,0,0
"NV2t018422001.1","NV2t018422001.1","Nvec","OG_12691",1,0,0
"NV2t018686001.1","NV2t018686001.1","Nvec","OG_1125",1,0,0
"NV2t018713001.1","NV2t018713001.1","Nvec","OG_2003",1,0,1
"NV2t019060001.1","NV2t019060001.1","Nvec","OG_11047",1,1,0
"NV2t019499001.1","NV2t019499001.1","Nvec","OG_730",1,0,0
"NV2t019501001.1","NV2t019501001.1","Nvec","OG_6131",1,0,1
"NV2t019507001.1","NV2t019507001.1","Nvec","OG_2957",1,0,0
"NV2t019738001.1","NV2t019738001.1","Nvec","OG_813",1,1,0
"NV2t019852001.1","NV2t019852001.1","Nvec","OG_2847",1,0,0
"NV2t019970001.1","NV2t019970001.1","Nvec","OG_2833",1,1,0
"NV2t019970002.1","NV2t019970002.1","Nvec","OG_2833",1,1,0
"NV2t019970003.1","NV2t019970003.1","Nvec","OG_2833",1,1,0
"NV2t019970004.1","NV2t019970004.1","Nvec","OG_2833",1,1,0
"NV2t019970006.1","NV2t019970006.1","Nvec","OG_2833",1,1,0
"NV2t019970007.1","NV2t019970007.1","Nvec","OG_2833",1,1,0
"NV2t020070001.1","NV2t020070001.1","Nvec","OG_2787",1,0,0
"NV2t020293001.1","NV2t020293001.1","Nvec","OG_5120",1,0,1
"NV2t020293002.1","NV2t020293002.1","Nvec","OG_5120",1,0,1
"NV2t020578001.1","NV2t020578001.1","Nvec","OG_2925",1,0,0
"NV2t020578002.1","NV2t020578002.1","Nvec","OG_2925",1,0,0
"NV2t020592001.1","NV2t020592001.1","Nvec","OG_813",1,1,0
"NV2t020790001.1","NV2t020790001.1","Nvec","OG_10436",1,0,0
"NV2t020876002.1","NV2t020876002.1","Nvec","OG_10566",1,0,0
"NV2t021346001.1","NV2t021346001.1","Nvec","OG_6682",1,1,1
"NV2t021516001.1","NV2t021516001.1","Nvec","OG_6762",1,1,1
"NV2t021725001.1","NV2t021725001.1","Nvec","OG_7235",1,1,1
"NV2t021765001.1","NV2t021765001.1","Nvec","OG_1125",1,0,0
"NV2t021814001.1","NV2t021814001.1","Nvec","OG_5954",1,0,0
"NV2t021834001.1","NV2t021834001.1","Nvec","OG_4742",1,0,0
"NV2t021834002.1","NV2t021834002.1","Nvec","OG_4742",1,0,0
"NV2t021846001.1","NV2t021846001.1","Nvec","OG_4807",1,0,0
"NV2t021912001.1","NV2t021912001.1","Nvec","OG_899",1,1,0
"NV2t021938001.1","NV2t021938001.1","Nvec","OG_4783",1,0,0
"NV2t021946001.1","NV2t021946001.1","Nvec","OG_4757",1,0,0
"NV2t022013001.1","NV2t022013001.1","Nvec","OG_4677",1,0,0
"NV2t022033002.1","NV2t022033002.1","Nvec","OG_659",1,1,1
"NV2t022090001.1","NV2t022090001.1","Nvec","OG_813",1,1,0
"NV2t022317001.1","NV2t022317001.1","Nvec","OG_9074",1,1,0
"NV2t022317002.1","NV2t022317002.1","Nvec","OG_9074",1,1,0
"NV2t022378001.1","NV2t022378001.1","Nvec","OG_6286",1,1,0
"NV2t022468001.1","NV2t022468001.1","Nvec","OG_9171",1,0,0
"NV2t022659001.1","NV2t022659001.1","Nvec","OG_4808",1,0,0
"NV2t022703001.1","NV2t022703001.1","Nvec","OG_4593",1,0,0
"NV2t023156001.1","NV2t023156001.1","Nvec","OG_170",1,1,1
"NV2t023156002.1","NV2t023156002.1","Nvec","OG_170",1,1,1
"NV2t023156003.1","NV2t023156003.1","Nvec","OG_170",1,1,1
"NV2t023176001.1","NV2t023176001.1","Nvec","OG_3559",1,0,1
"NV2t023181001.1","NV2t023181001.1","Nvec","OG_3559",1,0,1
"NV2t023223001.1","NV2t023223001.1","Nvec","OG_1244",1,0,0
"NV2t023274001.1","NV2t023274001.1","Nvec","OG_647",1,1,1
"NV2t023312001.1","NV2t023312001.1","Nvec","OG_5692",1,0,0
"NV2t023559001.1","NV2t023559001.1","Nvec","OG_662",1,0,0
"NV2t023594001.1","NV2t023594001.1","Nvec","OG_647",1,1,1
"NV2t023959001.1","NV2t023959001.1","Nvec","OG_227",1,0,1
"NV2t023998001.1","NV2t023998001.1","Nvec","OG_3464",1,0,0
"NV2t024283001.1","NV2t024283001.1","Nvec","OG_1125",1,0,0
"NV2t024360001.1","NV2t024360001.1","Nvec","OG_1275",1,0,0
"NV2t024618003.1","NV2t024618003.1","Nvec","OG_6440",1,0,0
"NV2t024618004.1","NV2t024618004.1","Nvec","OG_6440",1,0,0
"NV2t024947001.1","NV2t024947001.1","Nvec","OG_11767",1,0,0
"NV2t024968001.1","NV2t024968001.1","Nvec","OG_11696",1,0,1
"NV2t025048001.1","NV2t025048001.1","Nvec","OG_11393",1,1,0
"NV2t025049001.1","NV2t025049001.1","Nvec","OG_6223",1,0,0
"NV2t025075001.1","NV2t025075001.1","Nvec","OG_11331",1,0,0
"NV2t025075002.1","NV2t025075002.1","Nvec","OG_11331",1,0,0
"NV2t025075003.1","NV2t025075003.1","Nvec","OG_11331",1,0,0
"NV2t025114001.1","NV2t025114001.1","Nvec","OG_3631",1,1,0
"NV2t025133001.1","NV2t025133001.1","Nvec","OG_11437",1,0,0
"NV2t025246001.1","NV2t025246001.1","Nvec","OG_11614",1,0,0
"NV2t025331001.1","NV2t025331001.1","Nvec","OG_11417",1,0,0
"NV2t025331002.1","NV2t025331002.1","Nvec","OG_11417",1,0,0
"NV2t025331003.1","NV2t025331003.1","Nvec","OG_11417",1,0,0
"NV2t025342001.1","NV2t025342001.1","Nvec","OG_11633",1,0,0
"NV2t025378001.1","NV2t025378001.1","Nvec","OG_11721",1,1,1
"NV2t025378002.1","NV2t025378002.1","Nvec","OG_11721",1,1,1
"NV2t025448001.1","NV2t025448001.1","Nvec","OG_2865",1,0,1
"NV2t025460001.1","NV2t025460001.1","Nvec","OG_12745",1,0,0
"NV2t025460002.1","NV2t025460002.1","Nvec","OG_12745",1,0,0
"NV2t025461001.1","NV2t025461001.1","Nvec","OG_12658",1,0,0
"NV2t025517001.1","NV2t025517001.1","Nvec","OG_284",1,1,1
"NV2t025661001.1","NV2t025661001.1","Nvec","OG_660",1,1,0
"NV2t025661002.1","NV2t025661002.1","Nvec","OG_660",1,1,0
"NV2t025661003.1","NV2t025661003.1","Nvec","OG_660",1,1,0
"NV2t025701002.1","NV2t025701002.1","Nvec","OG_3637",1,0,0
"NV2t025783001.1","NV2t025783001.1","Nvec","OG_1125",1,0,0
"NV2t025783002.1","NV2t025783002.1","Nvec","OG_1125",1,0,0
"NV2t025783003.1","NV2t025783003.1","Nvec","OG_1125",1,0,0
"NV2t000076001.1","NV2t000076001.1","Nvec","OG_602",1,1,1
"NV2t000487001.1","NV2t000487001.1","Nvec","OG_7375",1,1,1
"NV2t000574001.1","NV2t000574001.1","Nvec","OG_7668",1,0,0
"NV2t000574002.1","NV2t000574002.1","Nvec","OG_7668",1,0,0
"NV2t000600001.1","NV2t000600001.1","Nvec","OG_219",1,1,1
"NV2t000921001.1","NV2t000921001.1","Nvec","OG_3835",1,1,0
"NV2t000921002.1","NV2t000921002.1","Nvec","OG_3835",1,1,0
"NV2t000967001.1","NV2t000967001.1","Nvec","OG_7447",1,0,0
"NV2t000989001.1","NV2t000989001.1","Nvec","OG_1394",1,0,0
"NV2t001100001.1","NV2t001100001.1","Nvec","OG_2181",1,0,0
"NV2t001468001.1","NV2t001468001.1","Nvec","OG_7259",1,1,0
"NV2t001615001.1","NV2t001615001.1","Nvec","OG_7420",1,0,0
"NV2t002137001.1","NV2t002137001.1","Nvec","OG_2262",1,0,0
"NV2t002554001.1","NV2t002554001.1","Nvec","OG_3998",1,0,0
"NV2t003119001.1","NV2t003119001.1","Nvec","OG_8784",1,0,0
"NV2t003247001.1","NV2t003247001.1","Nvec","OG_3933",1,1,0
"NV2t003415001.1","NV2t003415001.1","Nvec","OG_8898",1,0,0
"NV2t003415002.1","NV2t003415002.1","Nvec","OG_8898",1,0,0
"NV2t003642001.1","NV2t003642001.1","Nvec","OG_6053",1,1,0
"NV2t003780001.1","NV2t003780001.1","Nvec","OG_8935",1,1,0
"NV2t004103001.1","NV2t004103001.1","Nvec","OG_11910",1,0,0
"NV2t004138001.1","NV2t004138001.1","Nvec","OG_12628",1,0,0
"NV2t004436001.1","NV2t004436001.1","Nvec","OG_12630",1,0,0
"NV2t004887001.1","NV2t004887001.1","Nvec","OG_1770",1,0,0
"NV2t004887002.1","NV2t004887002.1","Nvec","OG_1770",1,0,0
"NV2t005057001.1","NV2t005057001.1","Nvec","OG_11853",1,0,0
"NV2t005057002.1","NV2t005057002.1","Nvec","OG_11853",1,0,0
"NV2t005286001.1","NV2t005286001.1","Nvec","OG_12027",1,0,0
"NV2t006657001.1","NV2t006657001.1","Nvec","OG_4931",1,0,0
"NV2t006695001.1","NV2t006695001.1","Nvec","OG_9509",1,0,0
"NV2t006954001.1","NV2t006954001.1","Nvec","OG_8935",1,1,0
"NV2t006954002.1","NV2t006954002.1","Nvec","OG_8935",1,1,0
"NV2t007123001.1","NV2t007123001.1","Nvec","OG_702",1,0,0
"NV2t007165001.1","NV2t007165001.1","Nvec","OG_8311",1,0,0
"NV2t008150001.1","NV2t008150001.1","Nvec","OG_127",1,1,0
"NV2t008343003.1","NV2t008343003.1","Nvec","OG_10130",1,0,0
"NV2t008343004.1","NV2t008343004.1","Nvec","OG_10130",1,0,0
"NV2t008343005.1","NV2t008343005.1","Nvec","OG_10130",1,0,0
"NV2t008343006.1","NV2t008343006.1","Nvec","OG_10130",1,0,0
"NV2t008672001.1","NV2t008672001.1","Nvec","OG_830",1,0,1
"NV2t008846001.1","NV2t008846001.1","Nvec","OG_10155",1,1,1
"NV2t009175001.1","NV2t009175001.1","Nvec","OG_4546",1,0,0
"NV2t009189001.1","NV2t009189001.1","Nvec","OG_1139",1,0,1
"NV2t009190002.1","NV2t009190002.1","Nvec","OG_1139",1,0,1
"NV2t009191001.1","NV2t009191001.1","Nvec","OG_1139",1,0,1
"NV2t009191002.1","NV2t009191002.1","Nvec","OG_1139",1,0,1
"NV2t009238001.1","NV2t009238001.1","Nvec","OG_4524",1,1,0
"NV2t009238002.1","NV2t009238002.1","Nvec","OG_4524",1,1,0
"NV2t009305001.1","NV2t009305001.1","Nvec","OG_362",1,1,1
"NV2t009367001.1","NV2t009367001.1","Nvec","OG_702",1,0,0
"NV2t009367005.1","NV2t009367005.1","Nvec","OG_1005",1,0,0
"NV2t009686001.1","NV2t009686001.1","Nvec","OG_8935",1,1,0
"NV2t009900001.1","NV2t009900001.1","Nvec","OG_11119",1,1,0
"NV2t009925002.1","NV2t009925002.1","Nvec","OG_702",1,0,0
"NV2t010434001.1","NV2t010434001.1","Nvec","OG_2039",1,0,1
"NV2t010434002.1","NV2t010434002.1","Nvec","OG_2039",1,0,1
"NV2t010544002.1","NV2t010544002.1","Nvec","OG_6791",1,0,0
"NV2t010544003.1","NV2t010544003.1","Nvec","OG_6791",1,0,0
"NV2t010544004.1","NV2t010544004.1","Nvec","OG_6791",1,0,0
"NV2t010544005.1","NV2t010544005.1","Nvec","OG_6791",1,0,0
"NV2t010544006.1","NV2t010544006.1","Nvec","OG_6791",1,0,0
"NV2t010713001.1","NV2t010713001.1","Nvec","OG_4226",1,0,0
"NV2t011832001.1","NV2t011832001.1","Nvec","OG_2746",1,0,0
"NV2t011832002.1","NV2t011832002.1","Nvec","OG_2746",1,0,0
"NV2t011860001.1","NV2t011860001.1","Nvec","OG_5900",1,0,0
"NV2t012080001.1","NV2t012080001.1","Nvec","OG_4089",1,0,0
"NV2t012128001.1","NV2t012128001.1","Nvec","OG_12557",1,1,0
"NV2t012128002.1","NV2t012128002.1","Nvec","OG_12557",1,1,0
"NV2t012128003.1","NV2t012128003.1","Nvec","OG_12557",1,1,0
"NV2t012128004.1","NV2t012128004.1","Nvec","OG_12557",1,1,0
"NV2t012128005.1","NV2t012128005.1","Nvec","OG_12557",1,1,0
"NV2t012284001.1","NV2t012284001.1","Nvec","OG_2648",1,0,0
"NV2t012708001.1","NV2t012708001.1","Nvec","OG_2704",1,1,0
"NV2t012727001.1","NV2t012727001.1","Nvec","OG_6383",1,0,0
"NV2t012727002.1","NV2t012727002.1","Nvec","OG_6383",1,0,0
"NV2t012822001.1","NV2t012822001.1","Nvec","OG_9701",1,0,0
"NV2t012822002.1","NV2t012822002.1","Nvec","OG_9701",1,0,0
"NV2t012822003.1","NV2t012822003.1","Nvec","OG_9701",1,0,0
"NV2t012822004.1","NV2t012822004.1","Nvec","OG_9701",1,0,0
"NV2t012861001.1","NV2t012861001.1","Nvec","OG_9814",1,0,0
"NV2t013314001.1","NV2t013314001.1","Nvec","OG_676",1,0,0
"NV2t013314002.1","NV2t013314002.1","Nvec","OG_676",1,0,0
"NV2t013893002.1","NV2t013893002.1","Nvec","OG_6834",1,0,0
"NV2t013893003.1","NV2t013893003.1","Nvec","OG_6834",1,0,0
"NV2t013938001.1","NV2t013938001.1","Nvec","OG_5159",1,1,0
"NV2t013938002.1","NV2t013938002.1","Nvec","OG_5159",1,1,0
"NV2t013985003.1","NV2t013985003.1","Nvec","OG_10207",1,1,0
"NV2t014297001.1","NV2t014297001.1","Nvec","OG_1242",1,0,0
"NV2t014673001.1","NV2t014673001.1","Nvec","OG_11908",1,0,0
"NV2t014680001.1","NV2t014680001.1","Nvec","OG_1017",1,1,1
"NV2t014781001.1","NV2t014781001.1","Nvec","OG_1519",1,0,0
"NV2t014907001.1","NV2t014907001.1","Nvec","OG_10311",1,1,0
"NV2t015224001.1","NV2t015224001.1","Nvec","OG_637",1,1,0
"NV2t015477001.1","NV2t015477001.1","Nvec","OG_9281",1,0,0
"NV2t015477002.1","NV2t015477002.1","Nvec","OG_9281",1,0,0
"NV2t015480001.1","NV2t015480001.1","Nvec","OG_9281",1,0,0
"NV2t016754001.1","NV2t016754001.1","Nvec","OG_7845",1,0,0
"NV2t016754002.1","NV2t016754002.1","Nvec","OG_7845",1,0,0
"NV2t016943001.1","NV2t016943001.1","Nvec","OG_7746",1,0,0
"NV2t016973001.1","NV2t016973001.1","Nvec","OG_1405",1,0,0
"NV2t017548001.1","NV2t017548001.1","Nvec","OG_1853",1,0,0
"NV2t017838001.1","NV2t017838001.1","Nvec","OG_6254",1,0,0
"NV2t018066001.1","NV2t018066001.1","Nvec","OG_127",1,1,0
"NV2t018281001.1","NV2t018281001.1","Nvec","OG_998",1,1,1
"NV2t018618001.1","NV2t018618001.1","Nvec","OG_3309",1,0,0
"NV2t018942001.1","NV2t018942001.1","Nvec","OG_6139",1,1,0
"NV2t019257001.1","NV2t019257001.1","Nvec","OG_248",1,1,1
"NV2t019257002.1","NV2t019257002.1","Nvec","OG_8935",1,1,0
"NV2t019375002.1","NV2t019375002.1","Nvec","OG_5119",1,0,1
"NV2t019375003.1","NV2t019375003.1","Nvec","OG_5119",1,0,1
"NV2t019823001.1","NV2t019823001.1","Nvec","OG_2880",1,1,0
"NV2t019861001.1","NV2t019861001.1","Nvec","OG_814",1,1,1
"NV2t019879001.1","NV2t019879001.1","Nvec","OG_10599",1,0,0
"NV2t019903001.1","NV2t019903001.1","Nvec","OG_1375",1,0,0
"NV2t020277001.1","NV2t020277001.1","Nvec","OG_10574",1,0,0
"NV2t020277002.1","NV2t020277002.1","Nvec","OG_10574",1,0,0
"NV2t020277003.1","NV2t020277003.1","Nvec","OG_10574",1,0,0
"NV2t020277004.1","NV2t020277004.1","Nvec","OG_10574",1,0,0
"NV2t020468001.1","NV2t020468001.1","Nvec","OG_11259",1,0,0
"NV2t020537001.1","NV2t020537001.1","Nvec","OG_10689",1,0,0
"NV2t020537002.1","NV2t020537002.1","Nvec","OG_10689",1,0,0
"NV2t020833001.1","NV2t020833001.1","Nvec","OG_10700",1,0,0
"NV2t020913001.1","NV2t020913001.1","Nvec","OG_593",1,1,1
"NV2t020913002.1","NV2t020913002.1","Nvec","OG_593",1,1,1
"NV2t020960001.1","NV2t020960001.1","Nvec","OG_6111",1,0,0
"NV2t021375001.1","NV2t021375001.1","Nvec","OG_305",1,1,1
"NV2t022162001.1","NV2t022162001.1","Nvec","OG_9040",1,0,0
"NV2t022296001.1","NV2t022296001.1","Nvec","OG_8569",1,1,0
"NV2t023046001.1","NV2t023046001.1","Nvec","OG_5963",1,0,1
"NV2t023562002.1","NV2t023562002.1","Nvec","OG_392",1,1,1
"NV2t023562003.1","NV2t023562003.1","Nvec","OG_392",1,1,1
"NV2t023562004.1","NV2t023562004.1","Nvec","OG_392",1,1,1
"NV2t023566001.1","NV2t023566001.1","Nvec","OG_392",1,1,1
"NV2t023566002.1","NV2t023566002.1","Nvec","OG_392",1,1,1
"NV2t023865001.1","NV2t023865001.1","Nvec","OG_11388",1,0,0
"NV2t023987001.1","NV2t023987001.1","Nvec","OG_702",1,0,0
"NV2t024038001.1","NV2t024038001.1","Nvec","OG_6508",1,0,0
"NV2t024161001.1","NV2t024161001.1","Nvec","OG_11685",1,0,0
"NV2t024310001.1","NV2t024310001.1","Nvec","OG_11455",1,0,0
"NV2t024329001.1","NV2t024329001.1","Nvec","OG_794",1,0,1
"NV2t024329002.1","NV2t024329002.1","Nvec","OG_794",1,0,1
"NV2t024738001.1","NV2t024738001.1","Nvec","OG_6327",1,0,0
"NV2t024779001.1","NV2t024779001.1","Nvec","OG_11717",1,0,0
"NV2t024845002.1","NV2t024845002.1","Nvec","OG_8756",1,0,0
"NV2t024845003.1","NV2t024845003.1","Nvec","OG_8756",1,0,0
"NV2t024845004.1","NV2t024845004.1","Nvec","OG_8756",1,0,0
"NV2t024920001.1","NV2t024920001.1","Nvec","OG_11579",1,1,1
"NV2t024947002.1","NV2t024947002.1","Nvec","OG_11767",1,0,0
"NV2t025236001.1","NV2t025236001.1","Nvec","OG_702",1,0,0
"NV2t025321001.1","NV2t025321001.1","Nvec","OG_3502",1,0,0
"NV2t025321002.1","NV2t025321002.1","Nvec","OG_3502",1,0,0
"NV2t025321003.1","NV2t025321003.1","Nvec","OG_3502",1,0,0
"NV2t025357002.1","NV2t025357002.1","Nvec","OG_11430",1,0,0
"NV2t000018001.1","NV2t000018001.1","Nvec","OG_2757",1,0,0
"NV2t000052001.1","NV2t000052001.1","Nvec","OG_2256",1,0,0
"NV2t000066001.1","NV2t000066001.1","Nvec","OG_7170",1,0,0
"NV2t000066002.1","NV2t000066002.1","Nvec","OG_7170",1,0,0
"NV2t000066003.1","NV2t000066003.1","Nvec","OG_7170",1,0,0
"NV2t000074001.1","NV2t000074001.1","Nvec","OG_7519",1,0,0
"NV2t000077001.1","NV2t000077001.1","Nvec","OG_617",1,1,1
"NV2t000088001.1","NV2t000088001.1","Nvec","OG_12644",1,0,0
"NV2t000095001.1","NV2t000095001.1","Nvec","OG_12710",1,0,0
"NV2t000230001.1","NV2t000230001.1","Nvec","OG_353",1,1,0
"NV2t000231001.1","NV2t000231001.1","Nvec","OG_6008",1,0,0
"NV2t000231002.1","NV2t000231002.1","Nvec","OG_6008",1,0,0
"NV2t000231003.1","NV2t000231003.1","Nvec","OG_6008",1,0,0
"NV2t000353001.1","NV2t000353001.1","Nvec","OG_2285",1,1,0
"NV2t000371001.1","NV2t000371001.1","Nvec","OG_7638",1,0,0
"NV2t000395001.1","NV2t000395001.1","Nvec","OG_186",1,1,1
"NV2t000428001.1","NV2t000428001.1","Nvec","OG_5857",1,0,0
"NV2t000436001.1","NV2t000436001.1","Nvec","OG_353",1,1,0
"NV2t000436002.1","NV2t000436002.1","Nvec","OG_353",1,1,0
"NV2t000436003.1","NV2t000436003.1","Nvec","OG_353",1,1,0
"NV2t000445001.1","NV2t000445001.1","Nvec","OG_4989",1,1,0
"NV2t000482001.1","NV2t000482001.1","Nvec","OG_6474",1,1,0
"NV2t000522001.1","NV2t000522001.1","Nvec","OG_6441",1,1,1
"NV2t000523001.1","NV2t000523001.1","Nvec","OG_6441",1,1,1
"NV2t000528001.1","NV2t000528001.1","Nvec","OG_7436",1,0,0
"NV2t000565001.1","NV2t000565001.1","Nvec","OG_7205",1,0,0
"NV2t000651001.1","NV2t000651001.1","Nvec","OG_6688",1,0,0
"NV2t000676001.1","NV2t000676001.1","Nvec","OG_7396",1,1,0
"NV2t000696001.1","NV2t000696001.1","Nvec","OG_5426",1,0,0
"NV2t000763001.1","NV2t000763001.1","Nvec","OG_5193",1,1,1
"NV2t000816001.1","NV2t000816001.1","Nvec","OG_5988",1,0,0
"NV2t001025001.1","NV2t001025001.1","Nvec","OG_225",1,0,0
"NV2t001025003.1","NV2t001025003.1","Nvec","OG_225",1,0,0
"NV2t001073001.1","NV2t001073001.1","Nvec","OG_2267",1,0,0
"NV2t001080001.1","NV2t001080001.1","Nvec","OG_2267",1,0,0
"NV2t001170001.1","NV2t001170001.1","Nvec","OG_12715",1,1,0
"NV2t001171001.1","NV2t001171001.1","Nvec","OG_1067",1,0,1
"NV2t001236001.1","NV2t001236001.1","Nvec","OG_7458",1,0,0
"NV2t001236002.1","NV2t001236002.1","Nvec","OG_7458",1,0,0
"NV2t001236003.1","NV2t001236003.1","Nvec","OG_7458",1,0,0
"NV2t001428001.1","NV2t001428001.1","Nvec","OG_2279",1,1,1
"NV2t001449001.1","NV2t001449001.1","Nvec","OG_7440",1,0,0
"NV2t001449002.1","NV2t001449002.1","Nvec","OG_7440",1,0,0
"NV2t001712001.1","NV2t001712001.1","Nvec","OG_7275",1,0,0
"NV2t001769001.1","NV2t001769001.1","Nvec","OG_7279",1,0,0
"NV2t001785001.1","NV2t001785001.1","Nvec","OG_6004",1,1,0
"NV2t001785002.1","NV2t001785002.1","Nvec","OG_6004",1,1,0
"NV2t001867001.1","NV2t001867001.1","Nvec","OG_7581",1,0,0
"NV2t001902001.1","NV2t001902001.1","Nvec","OG_7466",1,0,0
"NV2t001919001.1","NV2t001919001.1","Nvec","OG_198",1,1,0
"NV2t002077001.1","NV2t002077001.1","Nvec","OG_3726",1,1,0
"NV2t002115003.1","NV2t002115003.1","Nvec","OG_7159",1,1,0
"NV2t002115004.1","NV2t002115004.1","Nvec","OG_7159",1,1,0
"NV2t002125001.1","NV2t002125001.1","Nvec","OG_193",1,1,0
"NV2t002125002.1","NV2t002125002.1","Nvec","OG_193",1,1,0
"NV2t002184001.1","NV2t002184001.1","Nvec","OG_618",1,0,0
"NV2t002189001.1","NV2t002189001.1","Nvec","OG_7165",1,0,0
"NV2t002189002.1","NV2t002189002.1","Nvec","OG_7165",1,0,0
"NV2t002270001.1","NV2t002270001.1","Nvec","OG_7327",1,0,0
"NV2t002270002.1","NV2t002270002.1","Nvec","OG_7327",1,0,0
"NV2t002360001.1","NV2t002360001.1","Nvec","OG_318",1,0,1
"NV2t002402001.1","NV2t002402001.1","Nvec","OG_8902",1,0,0
"NV2t002402002.1","NV2t002402002.1","Nvec","OG_8902",1,0,0
"NV2t002402003.1","NV2t002402003.1","Nvec","OG_8902",1,0,0
"NV2t002472001.1","NV2t002472001.1","Nvec","OG_8737",1,0,0
"NV2t002508001.1","NV2t002508001.1","Nvec","OG_3901",1,0,1
"NV2t002518001.1","NV2t002518001.1","Nvec","OG_3911",1,0,1
"NV2t002620001.1","NV2t002620001.1","Nvec","OG_5929",1,0,0
"NV2t002620002.1","NV2t002620002.1","Nvec","OG_5929",1,0,0
"NV2t002620003.1","NV2t002620003.1","Nvec","OG_5929",1,0,0
"NV2t002623001.1","NV2t002623001.1","Nvec","OG_5929",1,0,0
"NV2t002627001.1","NV2t002627001.1","Nvec","OG_5929",1,0,0
"NV2t002627003.1","NV2t002627003.1","Nvec","OG_5929",1,0,0
"NV2t002714001.1","NV2t002714001.1","Nvec","OG_6397",1,1,1
"NV2t002716001.1","NV2t002716001.1","Nvec","OG_6397",1,1,1
"NV2t002755001.1","NV2t002755001.1","Nvec","OG_1276",1,0,0
"NV2t002864001.1","NV2t002864001.1","Nvec","OG_349",1,0,1
"NV2t002867001.1","NV2t002867001.1","Nvec","OG_150",1,1,1
"NV2t002878001.1","NV2t002878001.1","Nvec","OG_1002",1,0,0
"NV2t002899001.1","NV2t002899001.1","Nvec","OG_3916",1,1,1
"NV2t002925001.1","NV2t002925001.1","Nvec","OG_3930",1,0,0
"NV2t003005001.1","NV2t003005001.1","Nvec","OG_8863",1,0,0
"NV2t003037001.1","NV2t003037001.1","Nvec","OG_8794",1,1,0
"NV2t003062001.1","NV2t003062001.1","Nvec","OG_5254",1,1,1
"NV2t003062002.1","NV2t003062002.1","Nvec","OG_5254",1,1,1
"NV2t003062003.1","NV2t003062003.1","Nvec","OG_5254",1,1,1
"NV2t003135001.1","NV2t003135001.1","Nvec","OG_8849",1,0,1
"NV2t003135002.1","NV2t003135002.1","Nvec","OG_8849",1,0,1
"NV2t003155001.1","NV2t003155001.1","Nvec","OG_3991",1,1,0
"NV2t003155002.1","NV2t003155002.1","Nvec","OG_3991",1,1,0
"NV2t003161001.1","NV2t003161001.1","Nvec","OG_8741",1,0,0
"NV2t003344001.1","NV2t003344001.1","Nvec","OG_437",1,0,0
"NV2t003344002.1","NV2t003344002.1","Nvec","OG_437",1,0,0
"NV2t003345001.1","NV2t003345001.1","Nvec","OG_8867",1,1,0
"NV2t003360001.1","NV2t003360001.1","Nvec","OG_8894",1,0,0
"NV2t003360002.1","NV2t003360002.1","Nvec","OG_8894",1,0,0
"NV2t003360003.1","NV2t003360003.1","Nvec","OG_8894",1,0,0
"NV2t003375001.1","NV2t003375001.1","Nvec","OG_752",1,0,1
"NV2t003375002.1","NV2t003375002.1","Nvec","OG_752",1,0,1
"NV2t003375003.1","NV2t003375003.1","Nvec","OG_752",1,0,1
"NV2t003379001.1","NV2t003379001.1","Nvec","OG_8823",1,0,0
"NV2t003421001.1","NV2t003421001.1","Nvec","OG_2142",1,0,0
"NV2t003484001.1","NV2t003484001.1","Nvec","OG_8817",1,0,0
"NV2t003484002.1","NV2t003484002.1","Nvec","OG_8817",1,0,0
"NV2t003484003.1","NV2t003484003.1","Nvec","OG_8817",1,0,0
"NV2t003543001.1","NV2t003543001.1","Nvec","OG_369",1,1,1
"NV2t003582001.1","NV2t003582001.1","Nvec","OG_747",1,0,0
"NV2t003593001.1","NV2t003593001.1","Nvec","OG_8627",1,0,0
"NV2t003673001.1","NV2t003673001.1","Nvec","OG_5289",1,1,0
"NV2t003740001.1","NV2t003740001.1","Nvec","OG_3864",1,1,0
"NV2t003745001.1","NV2t003745001.1","Nvec","OG_8635",1,0,1
"NV2t003854001.1","NV2t003854001.1","Nvec","OG_4029",1,1,0
"NV2t003891001.1","NV2t003891001.1","Nvec","OG_8835",1,0,0
"NV2t003909001.1","NV2t003909001.1","Nvec","OG_8871",1,0,0
"NV2t003977001.1","NV2t003977001.1","Nvec","OG_6420",1,0,0
"NV2t003977002.1","NV2t003977002.1","Nvec","OG_6420",1,0,0
"NV2t003977003.1","NV2t003977003.1","Nvec","OG_6420",1,0,0
"NV2t003977004.1","NV2t003977004.1","Nvec","OG_6420",1,0,0
"NV2t003977005.1","NV2t003977005.1","Nvec","OG_6420",1,0,0
"NV2t004085001.1","NV2t004085001.1","Nvec","OG_772",1,0,0
"NV2t004109001.1","NV2t004109001.1","Nvec","OG_1648",1,1,0
"NV2t004109002.1","NV2t004109002.1","Nvec","OG_1648",1,1,0
"NV2t004109003.1","NV2t004109003.1","Nvec","OG_1648",1,1,0
"NV2t004109004.1","NV2t004109004.1","Nvec","OG_1648",1,1,0
"NV2t004121001.1","NV2t004121001.1","Nvec","OG_12007",1,0,0
"NV2t004173001.1","NV2t004173001.1","Nvec","OG_5655",1,0,0
"NV2t004190001.1","NV2t004190001.1","Nvec","OG_1705",1,0,0
"NV2t004204001.1","NV2t004204001.1","Nvec","OG_11854",1,1,0
"NV2t004207001.1","NV2t004207001.1","Nvec","OG_11886",1,0,1
"NV2t004226001.1","NV2t004226001.1","Nvec","OG_1743",1,0,1
"NV2t004226002.1","NV2t004226002.1","Nvec","OG_1743",1,0,1
"NV2t004315001.1","NV2t004315001.1","Nvec","OG_683",1,1,1
"NV2t004452001.1","NV2t004452001.1","Nvec","OG_245",1,0,0
"NV2t004484001.1","NV2t004484001.1","Nvec","OG_699",1,1,0
"NV2t004742002.1","NV2t004742002.1","Nvec","OG_1655",1,1,1
"NV2t004745002.1","NV2t004745002.1","Nvec","OG_1593",1,0,0
"NV2t004826001.1","NV2t004826001.1","Nvec","OG_1721",1,0,0
"NV2t004826002.1","NV2t004826002.1","Nvec","OG_1721",1,0,0
"NV2t004833001.1","NV2t004833001.1","Nvec","OG_1539",1,0,0
"NV2t004845001.1","NV2t004845001.1","Nvec","OG_5662",1,0,0
"NV2t004877002.1","NV2t004877002.1","Nvec","OG_1007",1,0,0
"NV2t004917001.1","NV2t004917001.1","Nvec","OG_11934",1,0,0
"NV2t004942001.1","NV2t004942001.1","Nvec","OG_10651",1,1,0
"NV2t004990002.1","NV2t004990002.1","Nvec","OG_12154",1,1,0
"NV2t005036001.1","NV2t005036001.1","Nvec","OG_12037",1,0,0
"NV2t005041001.1","NV2t005041001.1","Nvec","OG_251",1,0,0
"NV2t005044001.1","NV2t005044001.1","Nvec","OG_1072",1,0,0
"NV2t005242001.1","NV2t005242001.1","Nvec","OG_1685",1,0,1
"NV2t005242002.1","NV2t005242002.1","Nvec","OG_1685",1,0,1
"NV2t005242003.1","NV2t005242003.1","Nvec","OG_1685",1,0,1
"NV2t005258001.1","NV2t005258001.1","Nvec","OG_11799",1,0,0
"NV2t005258002.1","NV2t005258002.1","Nvec","OG_11799",1,0,0
"NV2t005258003.1","NV2t005258003.1","Nvec","OG_11799",1,0,0
"NV2t005258004.1","NV2t005258004.1","Nvec","OG_11799",1,0,0
"NV2t005258005.1","NV2t005258005.1","Nvec","OG_11799",1,0,0
"NV2t005275001.1","NV2t005275001.1","Nvec","OG_5668",1,0,0
"NV2t005281001.1","NV2t005281001.1","Nvec","OG_11909",1,0,0
"NV2t005354001.1","NV2t005354001.1","Nvec","OG_1629",1,0,0
"NV2t005354002.1","NV2t005354002.1","Nvec","OG_1629",1,0,0
"NV2t005509001.1","NV2t005509001.1","Nvec","OG_267",1,1,1
"NV2t005524011.1","NV2t005524011.1","Nvec","OG_9547",1,0,0
"NV2t005524012.1","NV2t005524012.1","Nvec","OG_9547",1,0,0
"NV2t005524013.1","NV2t005524013.1","Nvec","OG_9547",1,0,0
"NV2t005524014.1","NV2t005524014.1","Nvec","OG_9547",1,0,0
"NV2t005532001.1","NV2t005532001.1","Nvec","OG_9522",1,0,0
"NV2t005532002.1","NV2t005532002.1","Nvec","OG_9522",1,0,0
"NV2t005532003.1","NV2t005532003.1","Nvec","OG_9522",1,0,0
"NV2t005577001.1","NV2t005577001.1","Nvec","OG_12564",1,0,0
"NV2t005577002.1","NV2t005577002.1","Nvec","OG_12564",1,0,0
"NV2t005581001.1","NV2t005581001.1","Nvec","OG_9364",1,0,0
"NV2t005705001.1","NV2t005705001.1","Nvec","OG_12565",1,1,0
"NV2t005705002.1","NV2t005705002.1","Nvec","OG_12565",1,1,0
"NV2t005709001.1","NV2t005709001.1","Nvec","OG_128",1,0,1
"NV2t005709002.1","NV2t005709002.1","Nvec","OG_128",1,0,1
"NV2t005709005.1","NV2t005709005.1","Nvec","OG_128",1,0,1
"NV2t005709007.1","NV2t005709007.1","Nvec","OG_128",1,0,1
"NV2t005709008.1","NV2t005709008.1","Nvec","OG_128",1,0,1
"NV2t005709009.1","NV2t005709009.1","Nvec","OG_128",1,0,1
"NV2t005709010.1","NV2t005709010.1","Nvec","OG_128",1,0,1
"NV2t005709011.1","NV2t005709011.1","Nvec","OG_128",1,0,1
"NV2t005709013.1","NV2t005709013.1","Nvec","OG_128",1,0,1
"NV2t005709014.1","NV2t005709014.1","Nvec","OG_128",1,0,1
"NV2t005709015.1","NV2t005709015.1","Nvec","OG_128",1,0,1
"NV2t005709016.1","NV2t005709016.1","Nvec","OG_128",1,0,1
"NV2t005709017.1","NV2t005709017.1","Nvec","OG_128",1,0,1
"NV2t005709018.1","NV2t005709018.1","Nvec","OG_128",1,0,1
"NV2t005709019.1","NV2t005709019.1","Nvec","OG_128",1,0,1
"NV2t005714001.1","NV2t005714001.1","Nvec","OG_9474",1,0,0
"NV2t005714002.1","NV2t005714002.1","Nvec","OG_9474",1,0,0
"NV2t005765001.1","NV2t005765001.1","Nvec","OG_5261",1,1,0
"NV2t005824001.1","NV2t005824001.1","Nvec","OG_573",1,0,1
"NV2t005824002.1","NV2t005824002.1","Nvec","OG_573",1,0,1
"NV2t005853001.1","NV2t005853001.1","Nvec","OG_6329",1,0,0
"NV2t005886001.1","NV2t005886001.1","Nvec","OG_5589",1,0,0
"NV2t006021001.1","NV2t006021001.1","Nvec","OG_8256",1,0,0
"NV2t006039001.1","NV2t006039001.1","Nvec","OG_817",1,0,1
"NV2t006060002.1","NV2t006060002.1","Nvec","OG_964",1,0,1
"NV2t006073001.1","NV2t006073001.1","Nvec","OG_4906",1,0,0
"NV2t006085001.1","NV2t006085001.1","Nvec","OG_4869",1,0,0
"NV2t006201001.1","NV2t006201001.1","Nvec","OG_9595",1,0,0
"NV2t006240001.1","NV2t006240001.1","Nvec","OG_313",1,0,0
"NV2t006288002.1","NV2t006288002.1","Nvec","OG_5517",1,0,0
"NV2t006288003.1","NV2t006288003.1","Nvec","OG_5517",1,0,0
"NV2t006311001.1","NV2t006311001.1","Nvec","OG_339",1,0,0
"NV2t006517001.1","NV2t006517001.1","Nvec","OG_9418",1,0,0
"NV2t006519001.1","NV2t006519001.1","Nvec","OG_6072",1,0,0
"NV2t006519002.1","NV2t006519002.1","Nvec","OG_6072",1,0,0
"NV2t006563001.1","NV2t006563001.1","Nvec","OG_4951",1,0,0
"NV2t006572001.1","NV2t006572001.1","Nvec","OG_436",1,1,1
"NV2t006603001.1","NV2t006603001.1","Nvec","OG_4820",1,1,1
"NV2t006630001.1","NV2t006630001.1","Nvec","OG_2153",1,0,0
"NV2t006666001.1","NV2t006666001.1","Nvec","OG_9025",1,1,0
"NV2t006725001.1","NV2t006725001.1","Nvec","OG_608",1,1,1
"NV2t006729001.1","NV2t006729001.1","Nvec","OG_4867",1,0,0
"NV2t006947001.1","NV2t006947001.1","Nvec","OG_8385",1,0,0
"NV2t006998001.1","NV2t006998001.1","Nvec","OG_143",1,0,0
"NV2t006998002.1","NV2t006998002.1","Nvec","OG_143",1,0,0
"NV2t007016001.1","NV2t007016001.1","Nvec","OG_8472",1,1,0
"NV2t007055001.1","NV2t007055001.1","Nvec","OG_3208",1,0,0
"NV2t007055002.1","NV2t007055002.1","Nvec","OG_3208",1,0,0
"NV2t007084001.1","NV2t007084001.1","Nvec","OG_5272",1,0,0
"NV2t007116001.1","NV2t007116001.1","Nvec","OG_562",1,0,1
"NV2t007116003.1","NV2t007116003.1","Nvec","OG_562",1,0,1
"NV2t007163001.1","NV2t007163001.1","Nvec","OG_3166",1,0,0
"NV2t007251001.1","NV2t007251001.1","Nvec","OG_2093",1,0,0
"NV2t007285001.1","NV2t007285001.1","Nvec","OG_3220",1,0,0
"NV2t007303001.1","NV2t007303001.1","Nvec","OG_8600",1,0,0
"NV2t007303002.1","NV2t007303002.1","Nvec","OG_8600",1,0,0
"NV2t007303003.1","NV2t007303003.1","Nvec","OG_8600",1,0,0
"NV2t007336001.1","NV2t007336001.1","Nvec","OG_895",1,0,0
"NV2t007351001.1","NV2t007351001.1","Nvec","OG_3071",1,0,0
"NV2t007351002.1","NV2t007351002.1","Nvec","OG_3071",1,0,0
"NV2t007351003.1","NV2t007351003.1","Nvec","OG_3071",1,0,0
"NV2t007394001.1","NV2t007394001.1","Nvec","OG_8553",1,0,0
"NV2t007394002.1","NV2t007394002.1","Nvec","OG_8553",1,0,0
"NV2t007394003.1","NV2t007394003.1","Nvec","OG_8553",1,0,0
"NV2t007394004.1","NV2t007394004.1","Nvec","OG_8553",1,0,0
"NV2t007434001.1","NV2t007434001.1","Nvec","OG_8186",1,1,1
"NV2t007461001.1","NV2t007461001.1","Nvec","OG_8603",1,0,0
"NV2t007504001.1","NV2t007504001.1","Nvec","OG_8558",1,1,0
"NV2t007565001.1","NV2t007565001.1","Nvec","OG_6630",1,0,0
"NV2t007572001.1","NV2t007572001.1","Nvec","OG_8559",1,0,0
"NV2t007630001.1","NV2t007630001.1","Nvec","OG_8468",1,0,0
"NV2t007715001.1","NV2t007715001.1","Nvec","OG_3065",1,0,0
"NV2t007715002.1","NV2t007715002.1","Nvec","OG_3065",1,0,0
"NV2t007837001.1","NV2t007837001.1","Nvec","OG_6249",1,0,0
"NV2t007852001.1","NV2t007852001.1","Nvec","OG_3148",1,1,0
"NV2t007852002.1","NV2t007852002.1","Nvec","OG_3148",1,1,0
"NV2t007852003.1","NV2t007852003.1","Nvec","OG_3148",1,1,0
"NV2t007852004.1","NV2t007852004.1","Nvec","OG_3148",1,1,0
"NV2t007865001.1","NV2t007865001.1","Nvec","OG_8353",1,0,0
"NV2t007898002.1","NV2t007898002.1","Nvec","OG_8191",1,1,0
"NV2t007912001.1","NV2t007912001.1","Nvec","OG_7644",1,0,0
"NV2t007934002.1","NV2t007934002.1","Nvec","OG_6760",1,0,0
"NV2t007983001.1","NV2t007983001.1","Nvec","OG_8540",1,0,0
"NV2t008086001.1","NV2t008086001.1","Nvec","OG_300",1,1,1
"NV2t008087001.1","NV2t008087001.1","Nvec","OG_300",1,1,1
"NV2t008142001.1","NV2t008142001.1","Nvec","OG_332",1,1,1
"NV2t008264001.1","NV2t008264001.1","Nvec","OG_10115",1,0,0
"NV2t008267008.1","NV2t008267008.1","Nvec","OG_4447",1,0,0
"NV2t008267009.1","NV2t008267009.1","Nvec","OG_4447",1,0,0
"NV2t008342001.1","NV2t008342001.1","Nvec","OG_10125",1,1,0
"NV2t008343001.1","NV2t008343001.1","Nvec","OG_10295",1,0,0
"NV2t008343002.1","NV2t008343002.1","Nvec","OG_10295",1,0,0
"NV2t008351001.1","NV2t008351001.1","Nvec","OG_10263",1,1,0
"NV2t008372001.1","NV2t008372001.1","Nvec","OG_4544",1,0,0
"NV2t008455002.1","NV2t008455002.1","Nvec","OG_10308",1,0,0
"NV2t008455005.1","NV2t008455005.1","Nvec","OG_10308",1,0,0
"NV2t008455006.1","NV2t008455006.1","Nvec","OG_10308",1,0,0
"NV2t008474001.1","NV2t008474001.1","Nvec","OG_4614",1,0,0
"NV2t008487001.1","NV2t008487001.1","Nvec","OG_6100",1,1,0
"NV2t008514001.1","NV2t008514001.1","Nvec","OG_10360",1,0,0
"NV2t008607001.1","NV2t008607001.1","Nvec","OG_6767",1,0,0
"NV2t008648001.1","NV2t008648001.1","Nvec","OG_4592",1,0,0
"NV2t008722001.1","NV2t008722001.1","Nvec","OG_4489",1,1,0
"NV2t008786001.1","NV2t008786001.1","Nvec","OG_5057",1,0,0
"NV2t008853004.1","NV2t008853004.1","Nvec","OG_5933",1,0,0
"NV2t008853005.1","NV2t008853005.1","Nvec","OG_5933",1,0,0
"NV2t008879001.1","NV2t008879001.1","Nvec","OG_10194",1,0,0
"NV2t008901001.1","NV2t008901001.1","Nvec","OG_4598",1,1,0
"NV2t008947001.1","NV2t008947001.1","Nvec","OG_6611",1,1,0
"NV2t008999001.1","NV2t008999001.1","Nvec","OG_9988",1,0,0
"NV2t009056001.1","NV2t009056001.1","Nvec","OG_4604",1,1,0
"NV2t009056002.1","NV2t009056002.1","Nvec","OG_4604",1,1,0
"NV2t009056003.1","NV2t009056003.1","Nvec","OG_4604",1,1,0
"NV2t009223001.1","NV2t009223001.1","Nvec","OG_699",1,1,0
"NV2t009315002.1","NV2t009315002.1","Nvec","OG_12111",1,0,0
"NV2t009315003.1","NV2t009315003.1","Nvec","OG_12111",1,0,0
"NV2t009386001.1","NV2t009386001.1","Nvec","OG_454",1,0,1
"NV2t009403001.1","NV2t009403001.1","Nvec","OG_4494",1,0,0
"NV2t009491001.1","NV2t009491001.1","Nvec","OG_5253",1,1,0
"NV2t009538001.1","NV2t009538001.1","Nvec","OG_11174",1,0,0
"NV2t009547001.1","NV2t009547001.1","Nvec","OG_1987",1,0,0
"NV2t009770001.1","NV2t009770001.1","Nvec","OG_5207",1,1,0
"NV2t009770002.1","NV2t009770002.1","Nvec","OG_5207",1,1,0
"NV2t009861001.1","NV2t009861001.1","Nvec","OG_10637",1,0,0
"NV2t009902001.1","NV2t009902001.1","Nvec","OG_11034",1,0,0
"NV2t009902002.1","NV2t009902002.1","Nvec","OG_11034",1,0,0
"NV2t009902003.1","NV2t009902003.1","Nvec","OG_11034",1,0,0
"NV2t009999001.1","NV2t009999001.1","Nvec","OG_5506",1,0,0
"NV2t009999002.1","NV2t009999002.1","Nvec","OG_5506",1,0,0
"NV2t010064001.1","NV2t010064001.1","Nvec","OG_509",1,1,1
"NV2t010064002.1","NV2t010064002.1","Nvec","OG_509",1,1,1
"NV2t010064003.1","NV2t010064003.1","Nvec","OG_509",1,1,1
"NV2t010083001.1","NV2t010083001.1","Nvec","OG_10890",1,0,0
"NV2t010107001.1","NV2t010107001.1","Nvec","OG_10880",1,0,0
"NV2t010293001.1","NV2t010293001.1","Nvec","OG_856",1,0,0
"NV2t010319001.1","NV2t010319001.1","Nvec","OG_1513",1,0,0
"NV2t010376001.1","NV2t010376001.1","Nvec","OG_2005",1,1,0
"NV2t010429001.1","NV2t010429001.1","Nvec","OG_128",1,0,1
"NV2t010701001.1","NV2t010701001.1","Nvec","OG_2665",1,0,0
"NV2t010701002.1","NV2t010701002.1","Nvec","OG_2665",1,0,0
"NV2t010701003.1","NV2t010701003.1","Nvec","OG_2665",1,0,0
"NV2t010701004.1","NV2t010701004.1","Nvec","OG_2665",1,0,0
"NV2t010701005.1","NV2t010701005.1","Nvec","OG_2665",1,0,0
"NV2t010711001.1","NV2t010711001.1","Nvec","OG_818",1,1,1
"NV2t010855001.1","NV2t010855001.1","Nvec","OG_4273",1,0,0
"NV2t010855002.1","NV2t010855002.1","Nvec","OG_4273",1,0,0
"NV2t010855003.1","NV2t010855003.1","Nvec","OG_4273",1,0,0
"NV2t010855004.1","NV2t010855004.1","Nvec","OG_4273",1,0,0
"NV2t010855005.1","NV2t010855005.1","Nvec","OG_4273",1,0,0
"NV2t010997001.1","NV2t010997001.1","Nvec","OG_9731",1,1,0
"NV2t011012001.1","NV2t011012001.1","Nvec","OG_2679",1,1,0
"NV2t011090001.1","NV2t011090001.1","Nvec","OG_2752",1,0,0
"NV2t011119001.1","NV2t011119001.1","Nvec","OG_4181",1,0,0
"NV2t011119002.1","NV2t011119002.1","Nvec","OG_4181",1,0,0
"NV2t011119003.1","NV2t011119003.1","Nvec","OG_4181",1,0,0
"NV2t011119004.1","NV2t011119004.1","Nvec","OG_4181",1,0,0
"NV2t011119005.1","NV2t011119005.1","Nvec","OG_4181",1,0,0
"NV2t011152001.1","NV2t011152001.1","Nvec","OG_12151",1,0,0
"NV2t011152002.1","NV2t011152002.1","Nvec","OG_12151",1,0,0
"NV2t011255001.1","NV2t011255001.1","Nvec","OG_8117",1,0,0
"NV2t011389001.1","NV2t011389001.1","Nvec","OG_2705",1,0,0
"NV2t011389002.1","NV2t011389002.1","Nvec","OG_2705",1,0,0
"NV2t011389003.1","NV2t011389003.1","Nvec","OG_2705",1,0,0
"NV2t011389004.1","NV2t011389004.1","Nvec","OG_2705",1,0,0
"NV2t011406001.1","NV2t011406001.1","Nvec","OG_5151",1,0,0
"NV2t011544001.1","NV2t011544001.1","Nvec","OG_273",1,1,1
"NV2t011620001.1","NV2t011620001.1","Nvec","OG_9946",1,0,0
"NV2t011620002.1","NV2t011620002.1","Nvec","OG_9946",1,0,0
"NV2t011658001.1","NV2t011658001.1","Nvec","OG_5454",1,0,0
"NV2t011672001.1","NV2t011672001.1","Nvec","OG_9807",1,0,0
"NV2t011696001.1","NV2t011696001.1","Nvec","OG_4092",1,0,0
"NV2t011709001.1","NV2t011709001.1","Nvec","OG_9613",1,1,0
"NV2t011762001.1","NV2t011762001.1","Nvec","OG_10779",1,0,1
"NV2t011790001.1","NV2t011790001.1","Nvec","OG_7112",1,1,0
"NV2t011790002.1","NV2t011790002.1","Nvec","OG_7112",1,1,0
"NV2t011790003.1","NV2t011790003.1","Nvec","OG_7112",1,1,0
"NV2t011869001.1","NV2t011869001.1","Nvec","OG_332",1,1,1
"NV2t011894001.1","NV2t011894001.1","Nvec","OG_4130",1,0,0
"NV2t011931001.1","NV2t011931001.1","Nvec","OG_479",1,0,1
"NV2t011931002.1","NV2t011931002.1","Nvec","OG_479",1,0,1
"NV2t011931003.1","NV2t011931003.1","Nvec","OG_479",1,0,1
"NV2t011946001.1","NV2t011946001.1","Nvec","OG_1318",1,0,1
"NV2t011946002.1","NV2t011946002.1","Nvec","OG_1318",1,0,1
"NV2t011946003.1","NV2t011946003.1","Nvec","OG_1318",1,0,1
"NV2t011983001.1","NV2t011983001.1","Nvec","OG_9716",1,1,0
"NV2t012027001.1","NV2t012027001.1","Nvec","OG_9782",1,0,1
"NV2t012126001.1","NV2t012126001.1","Nvec","OG_9236",1,0,0
"NV2t012126002.1","NV2t012126002.1","Nvec","OG_9236",1,0,0
"NV2t012138002.1","NV2t012138002.1","Nvec","OG_1232",1,0,0
"NV2t012138003.1","NV2t012138003.1","Nvec","OG_1232",1,0,0
"NV2t012138004.1","NV2t012138004.1","Nvec","OG_1232",1,0,0
"NV2t012157001.1","NV2t012157001.1","Nvec","OG_9947",1,1,0
"NV2t012191001.1","NV2t012191001.1","Nvec","OG_5906",1,0,0
"NV2t012194001.1","NV2t012194001.1","Nvec","OG_9075",1,0,0
"NV2t012221001.1","NV2t012221001.1","Nvec","OG_4261",1,1,0
"NV2t012233001.1","NV2t012233001.1","Nvec","OG_4209",1,0,0
"NV2t012267001.1","NV2t012267001.1","Nvec","OG_938",1,1,1
"NV2t012267002.1","NV2t012267002.1","Nvec","OG_938",1,1,1
"NV2t012301001.1","NV2t012301001.1","Nvec","OG_6941",1,1,0
"NV2t012301002.1","NV2t012301002.1","Nvec","OG_6941",1,1,0
"NV2t012313001.1","NV2t012313001.1","Nvec","OG_5151",1,0,0
"NV2t012364001.1","NV2t012364001.1","Nvec","OG_5474",1,0,0
"NV2t012610001.1","NV2t012610001.1","Nvec","OG_601",1,1,0
"NV2t012695001.1","NV2t012695001.1","Nvec","OG_977",1,1,1
"NV2t012695003.1","NV2t012695003.1","Nvec","OG_977",1,1,1
"NV2t012700001.1","NV2t012700001.1","Nvec","OG_2714",1,0,0
"NV2t012705001.1","NV2t012705001.1","Nvec","OG_2701",1,0,0
"NV2t012705002.1","NV2t012705002.1","Nvec","OG_2701",1,0,0
"NV2t012705003.1","NV2t012705003.1","Nvec","OG_2701",1,0,0
"NV2t012712001.1","NV2t012712001.1","Nvec","OG_7057",1,0,0
"NV2t012783001.1","NV2t012783001.1","Nvec","OG_1324",1,0,0
"NV2t012826001.1","NV2t012826001.1","Nvec","OG_6736",1,0,0
"NV2t012826002.1","NV2t012826002.1","Nvec","OG_6736",1,0,0
"NV2t012828001.1","NV2t012828001.1","Nvec","OG_6736",1,0,0
"NV2t012828002.1","NV2t012828002.1","Nvec","OG_6736",1,0,0
"NV2t012828003.1","NV2t012828003.1","Nvec","OG_6736",1,0,0
"NV2t012828004.1","NV2t012828004.1","Nvec","OG_6736",1,0,0
"NV2t012857001.1","NV2t012857001.1","Nvec","OG_7122",1,0,1
"NV2t012869001.1","NV2t012869001.1","Nvec","OG_2713",1,0,0
"NV2t012922001.1","NV2t012922001.1","Nvec","OG_6755",1,0,0
"NV2t013111001.1","NV2t013111001.1","Nvec","OG_5734",1,0,0
"NV2t013260001.1","NV2t013260001.1","Nvec","OG_4431",1,0,0
"NV2t013260002.1","NV2t013260002.1","Nvec","OG_4431",1,0,0
"NV2t013264001.1","NV2t013264001.1","Nvec","OG_6143",1,0,1
"NV2t013264002.1","NV2t013264002.1","Nvec","OG_6143",1,0,1
"NV2t013266001.1","NV2t013266001.1","Nvec","OG_6143",1,0,1
"NV2t013268001.1","NV2t013268001.1","Nvec","OG_10877",1,0,0
"NV2t013324001.1","NV2t013324001.1","Nvec","OG_10940",1,1,0
"NV2t013372001.1","NV2t013372001.1","Nvec","OG_1069",1,0,0
"NV2t013372002.1","NV2t013372002.1","Nvec","OG_1069",1,0,0
"NV2t013372003.1","NV2t013372003.1","Nvec","OG_1069",1,0,0
"NV2t013372004.1","NV2t013372004.1","Nvec","OG_1069",1,0,0
"NV2t013372005.1","NV2t013372005.1","Nvec","OG_1069",1,0,0
"NV2t013372006.1","NV2t013372006.1","Nvec","OG_1069",1,0,0
"NV2t013372007.1","NV2t013372007.1","Nvec","OG_1069",1,0,0
"NV2t013372008.1","NV2t013372008.1","Nvec","OG_1069",1,0,0
"NV2t013399001.1","NV2t013399001.1","Nvec","OG_11292",1,0,0
"NV2t013454001.1","NV2t013454001.1","Nvec","OG_6759",1,0,0
"NV2t013454002.1","NV2t013454002.1","Nvec","OG_6759",1,0,0
"NV2t013456001.1","NV2t013456001.1","Nvec","OG_4441",1,0,0
"NV2t013456002.1","NV2t013456002.1","Nvec","OG_4441",1,0,0
"NV2t013463001.1","NV2t013463001.1","Nvec","OG_10221",1,1,1
"NV2t013463002.1","NV2t013463002.1","Nvec","OG_10221",1,1,1
"NV2t013463003.1","NV2t013463003.1","Nvec","OG_10221",1,1,1
"NV2t013463005.1","NV2t013463005.1","Nvec","OG_10221",1,1,1
"NV2t013475001.1","NV2t013475001.1","Nvec","OG_4373",1,0,0
"NV2t013554001.1","NV2t013554001.1","Nvec","OG_12243",1,0,0
"NV2t013672001.1","NV2t013672001.1","Nvec","OG_12122",1,0,0
"NV2t013861001.1","NV2t013861001.1","Nvec","OG_6765",1,0,0
"NV2t013861002.1","NV2t013861002.1","Nvec","OG_6765",1,0,0
"NV2t013866001.1","NV2t013866001.1","Nvec","OG_4407",1,1,0
"NV2t013874001.1","NV2t013874001.1","Nvec","OG_12178",1,0,0
"NV2t013874002.1","NV2t013874002.1","Nvec","OG_12178",1,0,0
"NV2t013899001.1","NV2t013899001.1","Nvec","OG_11266",1,1,1
"NV2t013899002.1","NV2t013899002.1","Nvec","OG_11266",1,1,1
"NV2t013899003.1","NV2t013899003.1","Nvec","OG_11266",1,1,1
"NV2t013899004.1","NV2t013899004.1","Nvec","OG_11266",1,1,1
"NV2t013899005.1","NV2t013899005.1","Nvec","OG_11266",1,1,1
"NV2t013899006.1","NV2t013899006.1","Nvec","OG_11266",1,1,1
"NV2t013899007.1","NV2t013899007.1","Nvec","OG_11266",1,1,1
"NV2t013899008.1","NV2t013899008.1","Nvec","OG_11266",1,1,1
"NV2t013907001.1","NV2t013907001.1","Nvec","OG_11266",1,1,1
"NV2t013907002.1","NV2t013907002.1","Nvec","OG_11266",1,1,1
"NV2t013907003.1","NV2t013907003.1","Nvec","OG_11266",1,1,1
"NV2t013907004.1","NV2t013907004.1","Nvec","OG_11266",1,1,1
"NV2t013907005.1","NV2t013907005.1","Nvec","OG_11266",1,1,1
"NV2t014050001.1","NV2t014050001.1","Nvec","OG_1165",1,1,0
"NV2t014156001.1","NV2t014156001.1","Nvec","OG_574",1,1,0
"NV2t014172001.1","NV2t014172001.1","Nvec","OG_920",1,1,1
"NV2t014202001.1","NV2t014202001.1","Nvec","OG_106",1,0,0
"NV2t014202002.1","NV2t014202002.1","Nvec","OG_106",1,0,0
"NV2t014202003.1","NV2t014202003.1","Nvec","OG_106",1,0,0
"NV2t014335001.1","NV2t014335001.1","Nvec","OG_5750",1,0,0
"NV2t014382001.1","NV2t014382001.1","Nvec","OG_8115",1,0,0
"NV2t014418001.1","NV2t014418001.1","Nvec","OG_111",1,1,1
"NV2t014420001.1","NV2t014420001.1","Nvec","OG_9880",1,0,0
"NV2t014428001.1","NV2t014428001.1","Nvec","OG_10333",1,0,1
"NV2t014463001.1","NV2t014463001.1","Nvec","OG_7106",1,0,1
"NV2t014463002.1","NV2t014463002.1","Nvec","OG_7106",1,0,1
"NV2t014463003.1","NV2t014463003.1","Nvec","OG_7106",1,0,1
"NV2t014463004.1","NV2t014463004.1","Nvec","OG_7106",1,0,1
"NV2t014579001.1","NV2t014579001.1","Nvec","OG_733",1,1,0
"NV2t014581001.1","NV2t014581001.1","Nvec","OG_9902",1,0,0
"NV2t014688001.1","NV2t014688001.1","Nvec","OG_8584",1,0,1
"NV2t014738001.1","NV2t014738001.1","Nvec","OG_12081",1,0,0
"NV2t014752001.1","NV2t014752001.1","Nvec","OG_12669",1,0,1
"NV2t014759001.1","NV2t014759001.1","Nvec","OG_10197",1,1,1
"NV2t014807001.1","NV2t014807001.1","Nvec","OG_10046",1,0,0
"NV2t014901001.1","NV2t014901001.1","Nvec","OG_4455",1,0,0
"NV2t014911001.1","NV2t014911001.1","Nvec","OG_12301",1,0,0
"NV2t014916001.1","NV2t014916001.1","Nvec","OG_12253",1,0,0
"NV2t014919001.1","NV2t014919001.1","Nvec","OG_1094",1,0,0
"NV2t014919002.1","NV2t014919002.1","Nvec","OG_1094",1,0,0
"NV2t014919003.1","NV2t014919003.1","Nvec","OG_1094",1,0,0
"NV2t014919004.1","NV2t014919004.1","Nvec","OG_1094",1,0,0
"NV2t014919005.1","NV2t014919005.1","Nvec","OG_1094",1,0,0
"NV2t014943001.1","NV2t014943001.1","Nvec","OG_12303",1,0,1
"NV2t014943002.1","NV2t014943002.1","Nvec","OG_12303",1,0,1
"NV2t014958001.1","NV2t014958001.1","Nvec","OG_596",1,1,1
"NV2t014958003.1","NV2t014958003.1","Nvec","OG_596",1,1,1
"NV2t014971001.1","NV2t014971001.1","Nvec","OG_659",1,1,1
"NV2t014985001.1","NV2t014985001.1","Nvec","OG_662",1,0,0
"NV2t015064001.1","NV2t015064001.1","Nvec","OG_10334",1,0,0
"NV2t015109001.1","NV2t015109001.1","Nvec","OG_10097",1,0,0
"NV2t015154001.1","NV2t015154001.1","Nvec","OG_1156",1,1,0
"NV2t015154002.1","NV2t015154002.1","Nvec","OG_1156",1,1,0
"NV2t015154003.1","NV2t015154003.1","Nvec","OG_1156",1,1,0
"NV2t015159001.1","NV2t015159001.1","Nvec","OG_6561",1,0,0
"NV2t015159002.1","NV2t015159002.1","Nvec","OG_6561",1,0,0
"NV2t015166001.1","NV2t015166001.1","Nvec","OG_10059",1,1,0
"NV2t015269001.1","NV2t015269001.1","Nvec","OG_88",1,0,0
"NV2t015280001.1","NV2t015280001.1","Nvec","OG_4382",1,0,1
"NV2t015394001.1","NV2t015394001.1","Nvec","OG_2565",1,0,1
"NV2t015394002.1","NV2t015394002.1","Nvec","OG_2565",1,0,1
"NV2t015394003.1","NV2t015394003.1","Nvec","OG_2565",1,0,1
"NV2t015451001.1","NV2t015451001.1","Nvec","OG_2474",1,1,1
"NV2t015511001.1","NV2t015511001.1","Nvec","OG_7996",1,0,1
"NV2t015634001.1","NV2t015634001.1","Nvec","OG_186",1,1,1
"NV2t015652001.1","NV2t015652001.1","Nvec","OG_155",1,1,1
"NV2t015666001.1","NV2t015666001.1","Nvec","OG_7957",1,0,0
"NV2t015900001.1","NV2t015900001.1","Nvec","OG_7941",1,1,0
"NV2t015978001.1","NV2t015978001.1","Nvec","OG_1407",1,0,0
"NV2t016083001.1","NV2t016083001.1","Nvec","OG_5761",1,0,0
"NV2t016130001.1","NV2t016130001.1","Nvec","OG_7911",1,0,0
"NV2t016130002.1","NV2t016130002.1","Nvec","OG_7911",1,0,0
"NV2t016166001.1","NV2t016166001.1","Nvec","OG_2454",1,1,1
"NV2t016195001.1","NV2t016195001.1","Nvec","OG_12675",1,0,0
"NV2t016248001.1","NV2t016248001.1","Nvec","OG_7834",1,1,1
"NV2t016248002.1","NV2t016248002.1","Nvec","OG_7834",1,1,1
"NV2t016253001.1","NV2t016253001.1","Nvec","OG_7834",1,1,1
"NV2t016336001.1","NV2t016336001.1","Nvec","OG_882",1,1,1
"NV2t016343002.1","NV2t016343002.1","Nvec","OG_882",1,1,1
"NV2t016432001.1","NV2t016432001.1","Nvec","OG_8064",1,0,0
"NV2t016479001.1","NV2t016479001.1","Nvec","OG_882",1,1,1
"NV2t016496001.1","NV2t016496001.1","Nvec","OG_248",1,1,1
"NV2t016496002.1","NV2t016496002.1","Nvec","OG_248",1,1,1
"NV2t016522001.1","NV2t016522001.1","Nvec","OG_8498",1,0,0
"NV2t016565001.1","NV2t016565001.1","Nvec","OG_201",1,0,0
"NV2t016682001.1","NV2t016682001.1","Nvec","OG_2548",1,1,0
"NV2t016682002.1","NV2t016682002.1","Nvec","OG_2548",1,1,0
"NV2t016709001.1","NV2t016709001.1","Nvec","OG_5775",1,0,0
"NV2t016715001.1","NV2t016715001.1","Nvec","OG_417",1,0,0
"NV2t016723001.1","NV2t016723001.1","Nvec","OG_5776",1,0,0
"NV2t016815001.1","NV2t016815001.1","Nvec","OG_9017",1,0,1
"NV2t016868001.1","NV2t016868001.1","Nvec","OG_6361",1,0,0
"NV2t016885001.1","NV2t016885001.1","Nvec","OG_2541",1,0,1
"NV2t016888001.1","NV2t016888001.1","Nvec","OG_201",1,0,0
"NV2t016998001.1","NV2t016998001.1","Nvec","OG_124",1,1,1
"NV2t017077002.1","NV2t017077002.1","Nvec","OG_8024",1,1,0
"NV2t017077003.1","NV2t017077003.1","Nvec","OG_8024",1,1,0
"NV2t017077004.1","NV2t017077004.1","Nvec","OG_8024",1,1,0
"NV2t017077005.1","NV2t017077005.1","Nvec","OG_8024",1,1,0
"NV2t017129001.1","NV2t017129001.1","Nvec","OG_8158",1,0,0
"NV2t017139001.1","NV2t017139001.1","Nvec","OG_7868",1,0,0
"NV2t017149001.1","NV2t017149001.1","Nvec","OG_237",1,0,0
"NV2t017149002.1","NV2t017149002.1","Nvec","OG_237",1,0,0
"NV2t017164001.1","NV2t017164001.1","Nvec","OG_7202",1,1,0
"NV2t017164002.1","NV2t017164002.1","Nvec","OG_7202",1,1,0
"NV2t017164003.1","NV2t017164003.1","Nvec","OG_7202",1,1,0
"NV2t017164004.1","NV2t017164004.1","Nvec","OG_7202",1,1,0
"NV2t017164005.1","NV2t017164005.1","Nvec","OG_7202",1,1,0
"NV2t017174001.1","NV2t017174001.1","Nvec","OG_8116",1,0,0
"NV2t017270001.1","NV2t017270001.1","Nvec","OG_1056",1,1,1
"NV2t017332001.1","NV2t017332001.1","Nvec","OG_11788",1,0,0
"NV2t017332002.1","NV2t017332002.1","Nvec","OG_11788",1,0,0
"NV2t017332003.1","NV2t017332003.1","Nvec","OG_11788",1,0,0
"NV2t017355001.1","NV2t017355001.1","Nvec","OG_3237",1,0,0
"NV2t017365001.1","NV2t017365001.1","Nvec","OG_723",1,0,1
"NV2t017474001.1","NV2t017474001.1","Nvec","OG_3300",1,0,0
"NV2t017507001.1","NV2t017507001.1","Nvec","OG_1880",1,0,0
"NV2t017507002.1","NV2t017507002.1","Nvec","OG_1880",1,0,0
"NV2t017507003.1","NV2t017507003.1","Nvec","OG_1880",1,0,0
"NV2t017507004.1","NV2t017507004.1","Nvec","OG_1880",1,0,0
"NV2t017507005.1","NV2t017507005.1","Nvec","OG_1880",1,0,0
"NV2t017507006.1","NV2t017507006.1","Nvec","OG_1880",1,0,0
"NV2t017517001.1","NV2t017517001.1","Nvec","OG_11037",1,0,0
"NV2t017574001.1","NV2t017574001.1","Nvec","OG_160",1,1,1
"NV2t017574002.1","NV2t017574002.1","Nvec","OG_160",1,1,1
"NV2t017574003.1","NV2t017574003.1","Nvec","OG_160",1,1,1
"NV2t017707001.1","NV2t017707001.1","Nvec","OG_11126",1,0,0
"NV2t017710001.1","NV2t017710001.1","Nvec","OG_10749",1,0,1
"NV2t017725001.1","NV2t017725001.1","Nvec","OG_12685",1,0,1
"NV2t017774001.1","NV2t017774001.1","Nvec","OG_10848",1,0,0
"NV2t017774002.1","NV2t017774002.1","Nvec","OG_10848",1,0,0
"NV2t017831001.1","NV2t017831001.1","Nvec","OG_600",1,0,0
"NV2t017833001.1","NV2t017833001.1","Nvec","OG_600",1,0,0
"NV2t017834001.1","NV2t017834001.1","Nvec","OG_600",1,0,0
"NV2t017904001.1","NV2t017904001.1","Nvec","OG_274",1,1,1
"NV2t017944001.1","NV2t017944001.1","Nvec","OG_8087",1,0,0
"NV2t017966001.1","NV2t017966001.1","Nvec","OG_1502",1,0,0
"NV2t017974001.1","NV2t017974001.1","Nvec","OG_10813",1,0,0
"NV2t017974002.1","NV2t017974002.1","Nvec","OG_10813",1,0,0
"NV2t018047001.1","NV2t018047001.1","Nvec","OG_3278",1,0,0
"NV2t018513001.1","NV2t018513001.1","Nvec","OG_1903",1,0,0
"NV2t018668001.1","NV2t018668001.1","Nvec","OG_186",1,1,1
"NV2t018729001.1","NV2t018729001.1","Nvec","OG_11011",1,0,0
"NV2t018818001.1","NV2t018818001.1","Nvec","OG_1813",1,0,0
"NV2t018820001.1","NV2t018820001.1","Nvec","OG_11222",1,0,1
"NV2t018820002.1","NV2t018820002.1","Nvec","OG_11222",1,0,1
"NV2t018820003.1","NV2t018820003.1","Nvec","OG_11222",1,0,1
"NV2t018848001.1","NV2t018848001.1","Nvec","OG_2082",1,0,0
"NV2t018859001.1","NV2t018859001.1","Nvec","OG_1848",1,0,0
"NV2t018952001.1","NV2t018952001.1","Nvec","OG_1998",1,0,0
"NV2t019039001.1","NV2t019039001.1","Nvec","OG_8182",1,1,0
"NV2t019039003.1","NV2t019039003.1","Nvec","OG_8182",1,1,0
"NV2t019271001.1","NV2t019271001.1","Nvec","OG_1975",1,1,0
"NV2t019271002.1","NV2t019271002.1","Nvec","OG_1975",1,1,0
"NV2t019271003.1","NV2t019271003.1","Nvec","OG_1975",1,1,0
"NV2t019302001.1","NV2t019302001.1","Nvec","OG_10475",1,0,0
"NV2t019302002.1","NV2t019302002.1","Nvec","OG_10475",1,0,0
"NV2t019302003.1","NV2t019302003.1","Nvec","OG_10475",1,0,0
"NV2t019392001.1","NV2t019392001.1","Nvec","OG_5396",1,1,0
"NV2t019392002.1","NV2t019392002.1","Nvec","OG_5396",1,1,0
"NV2t019480001.1","NV2t019480001.1","Nvec","OG_10603",1,0,0
"NV2t019480002.1","NV2t019480002.1","Nvec","OG_10603",1,0,0
"NV2t019480003.1","NV2t019480003.1","Nvec","OG_10603",1,0,0
"NV2t019480004.1","NV2t019480004.1","Nvec","OG_10603",1,0,0
"NV2t019480005.1","NV2t019480005.1","Nvec","OG_10603",1,0,0
"NV2t019480007.1","NV2t019480007.1","Nvec","OG_10603",1,0,0
"NV2t019480008.1","NV2t019480008.1","Nvec","OG_10603",1,0,0
"NV2t019480009.1","NV2t019480009.1","Nvec","OG_10603",1,0,0
"NV2t019480010.1","NV2t019480010.1","Nvec","OG_10603",1,0,0
"NV2t019580001.1","NV2t019580001.1","Nvec","OG_257",1,1,1
"NV2t019609001.1","NV2t019609001.1","Nvec","OG_847",1,1,1
"NV2t019609002.1","NV2t019609002.1","Nvec","OG_847",1,1,1
"NV2t019609003.1","NV2t019609003.1","Nvec","OG_847",1,1,1
"NV2t019609004.1","NV2t019609004.1","Nvec","OG_847",1,1,1
"NV2t019609005.1","NV2t019609005.1","Nvec","OG_847",1,1,1
"NV2t019609006.1","NV2t019609006.1","Nvec","OG_847",1,1,1
"NV2t019609008.1","NV2t019609008.1","Nvec","OG_847",1,1,1
"NV2t019609009.1","NV2t019609009.1","Nvec","OG_847",1,1,1
"NV2t019609010.1","NV2t019609010.1","Nvec","OG_847",1,1,1
"NV2t019609011.1","NV2t019609011.1","Nvec","OG_847",1,1,1
"NV2t019609012.1","NV2t019609012.1","Nvec","OG_847",1,1,1
"NV2t019609013.1","NV2t019609013.1","Nvec","OG_847",1,1,1
"NV2t019609014.1","NV2t019609014.1","Nvec","OG_847",1,1,1
"NV2t019609015.1","NV2t019609015.1","Nvec","OG_847",1,1,1
"NV2t019609016.1","NV2t019609016.1","Nvec","OG_847",1,1,1
"NV2t019609017.1","NV2t019609017.1","Nvec","OG_847",1,1,1
"NV2t019609018.1","NV2t019609018.1","Nvec","OG_847",1,1,1
"NV2t019609019.1","NV2t019609019.1","Nvec","OG_847",1,1,1
"NV2t019609020.1","NV2t019609020.1","Nvec","OG_847",1,1,1
"NV2t019643001.1","NV2t019643001.1","Nvec","OG_2783",1,0,0
"NV2t019745001.1","NV2t019745001.1","Nvec","OG_1009",1,1,0
"NV2t019769001.1","NV2t019769001.1","Nvec","OG_10727",1,0,0
"NV2t019825001.1","NV2t019825001.1","Nvec","OG_10398",1,1,1
"NV2t019866001.1","NV2t019866001.1","Nvec","OG_814",1,1,1
"NV2t019867001.1","NV2t019867001.1","Nvec","OG_8117",1,0,0
"NV2t019912001.1","NV2t019912001.1","Nvec","OG_6821",1,1,1
"NV2t019912002.1","NV2t019912002.1","Nvec","OG_6821",1,1,1
"NV2t019912003.1","NV2t019912003.1","Nvec","OG_6821",1,1,1
"NV2t019912004.1","NV2t019912004.1","Nvec","OG_6821",1,1,1
"NV2t019921001.1","NV2t019921001.1","Nvec","OG_10494",1,0,0
"NV2t020099001.1","NV2t020099001.1","Nvec","OG_2990",1,1,0
"NV2t020107001.1","NV2t020107001.1","Nvec","OG_2893",1,0,1
"NV2t020107002.1","NV2t020107002.1","Nvec","OG_2893",1,0,1
"NV2t020197001.1","NV2t020197001.1","Nvec","OG_6997",1,0,1
"NV2t020397001.1","NV2t020397001.1","Nvec","OG_2826",1,0,1
"NV2t020458001.1","NV2t020458001.1","Nvec","OG_3015",1,0,0
"NV2t020458002.1","NV2t020458002.1","Nvec","OG_3015",1,0,0
"NV2t020458003.1","NV2t020458003.1","Nvec","OG_3015",1,0,0
"NV2t020543001.1","NV2t020543001.1","Nvec","OG_5010",1,0,0
"NV2t020543002.1","NV2t020543002.1","Nvec","OG_5010",1,0,0
"NV2t020570001.1","NV2t020570001.1","Nvec","OG_1070",1,1,0
"NV2t020588001.1","NV2t020588001.1","Nvec","OG_5841",1,0,1
"NV2t020611001.1","NV2t020611001.1","Nvec","OG_246",1,0,1
"NV2t020611002.1","NV2t020611002.1","Nvec","OG_246",1,0,1
"NV2t020618001.1","NV2t020618001.1","Nvec","OG_5939",1,1,1
"NV2t020704001.1","NV2t020704001.1","Nvec","OG_10692",1,0,0
"NV2t020817001.1","NV2t020817001.1","Nvec","OG_10513",1,1,0
"NV2t020817002.1","NV2t020817002.1","Nvec","OG_10513",1,1,0
"NV2t020939001.1","NV2t020939001.1","Nvec","OG_2842",1,0,0
"NV2t021007003.1","NV2t021007003.1","Nvec","OG_10524",1,0,1
"NV2t021019001.1","NV2t021019001.1","Nvec","OG_5418",1,1,0
"NV2t021032003.1","NV2t021032003.1","Nvec","OG_2907",1,1,0
"NV2t021032004.1","NV2t021032004.1","Nvec","OG_2907",1,1,0
"NV2t021120001.1","NV2t021120001.1","Nvec","OG_8621",1,0,0
"NV2t021189001.1","NV2t021189001.1","Nvec","OG_5316",1,1,0
"NV2t021207001.1","NV2t021207001.1","Nvec","OG_6680",1,0,0
"NV2t021207002.1","NV2t021207002.1","Nvec","OG_6680",1,0,0
"NV2t021229001.1","NV2t021229001.1","Nvec","OG_9243",1,0,0
"NV2t021236001.1","NV2t021236001.1","Nvec","OG_6068",1,0,0
"NV2t021238001.1","NV2t021238001.1","Nvec","OG_9184",1,0,0
"NV2t021351001.1","NV2t021351001.1","Nvec","OG_9209",1,1,0
"NV2t021351002.1","NV2t021351002.1","Nvec","OG_9209",1,1,0
"NV2t021351003.1","NV2t021351003.1","Nvec","OG_9209",1,1,0
"NV2t021351004.1","NV2t021351004.1","Nvec","OG_9209",1,1,0
"NV2t021369001.1","NV2t021369001.1","Nvec","OG_10965",1,0,0
"NV2t021370001.1","NV2t021370001.1","Nvec","OG_6061",1,0,1
"NV2t021563001.1","NV2t021563001.1","Nvec","OG_9274",1,0,0
"NV2t021573001.1","NV2t021573001.1","Nvec","OG_9017",1,0,1
"NV2t021642001.1","NV2t021642001.1","Nvec","OG_6687",1,1,0
"NV2t021720002.1","NV2t021720002.1","Nvec","OG_4702",1,1,0
"NV2t021806001.1","NV2t021806001.1","Nvec","OG_4788",1,0,0
"NV2t021811001.1","NV2t021811001.1","Nvec","OG_4788",1,0,0
"NV2t021864001.1","NV2t021864001.1","Nvec","OG_4673",1,0,0
"NV2t021975001.1","NV2t021975001.1","Nvec","OG_723",1,0,1
"NV2t022132002.1","NV2t022132002.1","Nvec","OG_380",1,0,1
"NV2t022182001.1","NV2t022182001.1","Nvec","OG_9307",1,0,0
"NV2t022187001.1","NV2t022187001.1","Nvec","OG_9210",1,0,1
"NV2t022314002.1","NV2t022314002.1","Nvec","OG_9203",1,1,0
"NV2t022314006.1","NV2t022314006.1","Nvec","OG_9203",1,1,0
"NV2t022314008.1","NV2t022314008.1","Nvec","OG_9203",1,1,0
"NV2t022318001.1","NV2t022318001.1","Nvec","OG_1190",1,1,0
"NV2t022318002.1","NV2t022318002.1","Nvec","OG_1190",1,1,0
"NV2t022341001.1","NV2t022341001.1","Nvec","OG_9090",1,0,0
"NV2t022341002.1","NV2t022341002.1","Nvec","OG_9090",1,0,0
"NV2t022341003.1","NV2t022341003.1","Nvec","OG_9090",1,0,0
"NV2t022366001.1","NV2t022366001.1","Nvec","OG_5326",1,0,1
"NV2t022410001.1","NV2t022410001.1","Nvec","OG_391",1,0,0
"NV2t022410002.1","NV2t022410002.1","Nvec","OG_391",1,0,0
"NV2t022410003.1","NV2t022410003.1","Nvec","OG_391",1,0,0
"NV2t022467001.1","NV2t022467001.1","Nvec","OG_9171",1,0,0
"NV2t022467002.1","NV2t022467002.1","Nvec","OG_9171",1,0,0
"NV2t022485001.1","NV2t022485001.1","Nvec","OG_727",1,0,0
"NV2t022487001.1","NV2t022487001.1","Nvec","OG_557",1,1,1
"NV2t022515001.1","NV2t022515001.1","Nvec","OG_4719",1,0,0
"NV2t022569002.1","NV2t022569002.1","Nvec","OG_5960",1,0,0
"NV2t022602001.1","NV2t022602001.1","Nvec","OG_9305",1,0,0
"NV2t022685001.1","NV2t022685001.1","Nvec","OG_4779",1,0,0
"NV2t022771001.1","NV2t022771001.1","Nvec","OG_5065",1,0,0
"NV2t022781001.1","NV2t022781001.1","Nvec","OG_227",1,0,1
"NV2t022789001.1","NV2t022789001.1","Nvec","OG_5107",1,1,0
"NV2t022966001.1","NV2t022966001.1","Nvec","OG_7509",1,1,0
"NV2t023085001.1","NV2t023085001.1","Nvec","OG_5335",1,0,0
"NV2t023125001.1","NV2t023125001.1","Nvec","OG_956",1,1,1
"NV2t023309001.1","NV2t023309001.1","Nvec","OG_11484",1,1,0
"NV2t023309002.1","NV2t023309002.1","Nvec","OG_11484",1,1,0
"NV2t023309003.1","NV2t023309003.1","Nvec","OG_11484",1,1,0
"NV2t023332001.1","NV2t023332001.1","Nvec","OG_4413",1,0,0
"NV2t023332002.1","NV2t023332002.1","Nvec","OG_4413",1,0,0
"NV2t023334001.1","NV2t023334001.1","Nvec","OG_11777",1,0,1
"NV2t023334002.1","NV2t023334002.1","Nvec","OG_11777",1,0,1
"NV2t023334003.1","NV2t023334003.1","Nvec","OG_11777",1,0,1
"NV2t023334004.1","NV2t023334004.1","Nvec","OG_11777",1,0,1
"NV2t023370001.1","NV2t023370001.1","Nvec","OG_12645",1,0,0
"NV2t023371001.1","NV2t023371001.1","Nvec","OG_11576",1,1,0
"NV2t023371002.1","NV2t023371002.1","Nvec","OG_11576",1,1,0
"NV2t023436001.1","NV2t023436001.1","Nvec","OG_11312",1,0,0
"NV2t023451001.1","NV2t023451001.1","Nvec","OG_998",1,1,1
"NV2t023763001.1","NV2t023763001.1","Nvec","OG_3359",1,1,0
"NV2t023795001.1","NV2t023795001.1","Nvec","OG_791",1,0,0
"NV2t023833001.1","NV2t023833001.1","Nvec","OG_11657",1,0,0
"NV2t023833002.1","NV2t023833002.1","Nvec","OG_11657",1,0,0
"NV2t023856001.1","NV2t023856001.1","Nvec","OG_3442",1,0,0
"NV2t023931001.1","NV2t023931001.1","Nvec","OG_11443",1,0,0
"NV2t023933001.1","NV2t023933001.1","Nvec","OG_11443",1,0,0
"NV2t023938001.1","NV2t023938001.1","Nvec","OG_11729",1,0,0
"NV2t023938002.1","NV2t023938002.1","Nvec","OG_11729",1,0,0
"NV2t024224001.1","NV2t024224001.1","Nvec","OG_8481",1,0,0
"NV2t024306001.1","NV2t024306001.1","Nvec","OG_11315",1,0,0
"NV2t024345001.1","NV2t024345001.1","Nvec","OG_6199",1,0,0
"NV2t024427001.1","NV2t024427001.1","Nvec","OG_11533",1,0,0
"NV2t024616001.1","NV2t024616001.1","Nvec","OG_3368",1,0,0
"NV2t024618001.1","NV2t024618001.1","Nvec","OG_6440",1,0,0
"NV2t024618002.1","NV2t024618002.1","Nvec","OG_6440",1,0,0
"NV2t024619001.1","NV2t024619001.1","Nvec","OG_12650",1,0,1
"NV2t024622001.1","NV2t024622001.1","Nvec","OG_1327",1,1,0
"NV2t024622002.1","NV2t024622002.1","Nvec","OG_1327",1,1,0
"NV2t024713001.1","NV2t024713001.1","Nvec","OG_775",1,1,0
"NV2t024781001.1","NV2t024781001.1","Nvec","OG_1081",1,1,0
"NV2t024782001.1","NV2t024782001.1","Nvec","OG_11499",1,0,0
"NV2t024929001.1","NV2t024929001.1","Nvec","OG_3616",1,0,1
"NV2t024929002.1","NV2t024929002.1","Nvec","OG_3616",1,0,1
"NV2t025028002.1","NV2t025028002.1","Nvec","OG_4344",1,0,1
"NV2t025029001.1","NV2t025029001.1","Nvec","OG_6714",1,0,1
"NV2t025029002.1","NV2t025029002.1","Nvec","OG_6714",1,0,1
"NV2t025068001.1","NV2t025068001.1","Nvec","OG_9985",1,1,0
"NV2t025076002.1","NV2t025076002.1","Nvec","OG_11385",1,1,0
"NV2t025103001.1","NV2t025103001.1","Nvec","OG_12226",1,0,0
"NV2t025167001.1","NV2t025167001.1","Nvec","OG_5726",1,0,0
"NV2t025328001.1","NV2t025328001.1","Nvec","OG_5730",1,0,0
"NV2t025412001.1","NV2t025412001.1","Nvec","OG_5922",1,0,0
"NV2t025493001.1","NV2t025493001.1","Nvec","OG_818",1,1,1
"NV2t025501001.1","NV2t025501001.1","Nvec","OG_3686",1,0,0
"NV2t025501002.1","NV2t025501002.1","Nvec","OG_3686",1,0,0
"NV2t025561001.1","NV2t025561001.1","Nvec","OG_3649",1,0,0
"NV2t025609001.1","NV2t025609001.1","Nvec","OG_3366",1,0,1
"NV2t025613001.1","NV2t025613001.1","Nvec","OG_3548",1,0,0
"NV2t025632001.1","NV2t025632001.1","Nvec","OG_5353",1,0,0
"NV2t025664001.1","NV2t025664001.1","Nvec","OG_9670",1,0,1
"NV2t025664002.1","NV2t025664002.1","Nvec","OG_9670",1,0,1
"NV2t025664003.1","NV2t025664003.1","Nvec","OG_9670",1,0,1
"NV2t025670003.1","NV2t025670003.1","Nvec","OG_3597",1,1,0
"NV2t025998001.1","NV2t025998001.1","Nvec","OG_10691",1,0,0
"NV2t005019003.1","NV2t005019003.1","Nvec","OG_1696",1,0,0
"NV2t005019004.1","NV2t005019004.1","Nvec","OG_1696",1,0,0
"NV2t005019005.1","NV2t005019005.1","Nvec","OG_1696",1,0,0
"NV2t008406001.1","NV2t008406001.1","Nvec","OG_519",1,0,0
"NV2t008406002.1","NV2t008406002.1","Nvec","OG_519",1,0,0
"NV2t008406003.1","NV2t008406003.1","Nvec","OG_519",1,0,0
"NV2t009591001.1","NV2t009591001.1","Nvec","OG_1126",1,0,0
"NV2t000943001.1","NV2t000943001.1","Nvec","OG_7162",1,0,0
"NV2t000943002.1","NV2t000943002.1","Nvec","OG_7162",1,0,0
"NV2t000943003.1","NV2t000943003.1","Nvec","OG_7162",1,0,0
"NV2t000943006.1","NV2t000943006.1","Nvec","OG_7162",1,0,0
"NV2t000943005.1","NV2t000943005.1","Nvec","OG_7162",1,0,0
"NV2t000943004.1","NV2t000943004.1","Nvec","OG_7162",1,0,0
"NV2t012386001.1","NV2t012386001.1","Nvec","OG_9662",1,1,1
"NV2t017367001.1","NV2t017367001.1","Nvec","OG_1863",1,0,1
"NV2t020058001.1","NV2t020058001.1","Nvec","OG_749",1,0,0
"NV2t025466001.1","NV2t025466001.1","Nvec","OG_162",1,0,1
"NV2t014041002.1","NV2t014041002.1","Nvec","OG_1165",1,1,0
"NV2t014041003.1","NV2t014041003.1","Nvec","OG_1165",1,1,0
"NV2t023120001.1","NV2t023120001.1","Nvec","OG_11362",1,0,0
"NV2t005681002.1","NV2t005681002.1","Nvec","OG_270",1,1,1
"NV2t005681003.1","NV2t005681003.1","Nvec","OG_270",1,1,1
"NV2t005681001.1","NV2t005681001.1","Nvec","OG_757",1,1,1
"NV2t008417001.1","NV2t008417001.1","Nvec","OG_984",1,1,1
"NV2t009785001.1","NV2t009785001.1","Nvec","OG_11033",1,0,0
"NV2t009785002.1","NV2t009785002.1","Nvec","OG_11033",1,0,0
"NV2t001758001.1","NV2t001758001.1","Nvec","OG_7268",1,0,0
"NV2t000252001.1","NV2t000252001.1","Nvec","OG_7617",1,0,0
"NV2t000296001.1","NV2t000296001.1","Nvec","OG_7599",1,0,1
"NV2t000296002.1","NV2t000296002.1","Nvec","OG_7599",1,0,1
"NV2t012348003.1","NV2t012348003.1","Nvec","OG_6550",1,1,1
"NV2t012348002.1","NV2t012348002.1","Nvec","OG_6550",1,1,1
"NV2t012348001.1","NV2t012348001.1","Nvec","OG_6550",1,1,1
"NV2t012557001.1","NV2t012557001.1","Nvec","OG_6872",1,0,0
"NV2t011215001.1","NV2t011215001.1","Nvec","OG_4150",1,0,0
"NV2t013315001.1","NV2t013315001.1","Nvec","OG_680",1,1,1
"NV2t015787001.1","NV2t015787001.1","Nvec","OG_1095",1,0,1
"NV2t019036001.1","NV2t019036001.1","Nvec","OG_8542",1,1,0
"NV2t017646001.1","NV2t017646001.1","Nvec","OG_6329",1,0,0
"NV2t019962001.1","NV2t019962001.1","Nvec","OG_10459",1,0,0
"NV2t020075001.1","NV2t020075001.1","Nvec","OG_10676",1,0,0
"NV2t021959001.1","NV2t021959001.1","Nvec","OG_5324",1,1,0
"NV2t023905001.1","NV2t023905001.1","Nvec","OG_11700",1,0,0
"NV2t023905002.1","NV2t023905002.1","Nvec","OG_11700",1,0,0
"NV2t023103001.1","NV2t023103001.1","Nvec","OG_174",1,0,1
"NV2t023103002.1","NV2t023103002.1","Nvec","OG_174",1,0,1
"NV2t023103005.1","NV2t023103005.1","Nvec","OG_174",1,0,1
"NV2t023103004.1","NV2t023103004.1","Nvec","OG_174",1,0,1
"NV2t023103003.1","NV2t023103003.1","Nvec","OG_174",1,0,1
"NV2t023258001.1","NV2t023258001.1","Nvec","OG_7509",1,1,0
"NV2t025631001.1","NV2t025631001.1","Nvec","OG_6337",1,1,0
"NV2t024446001.1","NV2t024446001.1","Nvec","OG_5967",1,0,0
"NV2t024456001.1","NV2t024456001.1","Nvec","OG_5967",1,0,0
"NV2t025042001.1","NV2t025042001.1","Nvec","OG_5125",1,0,0
"NV2t003175002.1","NV2t003175002.1","Nvec","OG_8661",1,1,0
"NV2t003175001.1","NV2t003175001.1","Nvec","OG_8661",1,1,0
"NV2t008795001.1","NV2t008795001.1","Nvec","OG_10270",1,0,0
"NV2t001492001.1","NV2t001492001.1","Nvec","OG_6597",1,0,0
"NV2t001492002.1","NV2t001492002.1","Nvec","OG_6597",1,0,0
"NV2t000547001.1","NV2t000547001.1","Nvec","OG_7576",1,0,0
"NV2t000547002.1","NV2t000547002.1","Nvec","OG_7576",1,0,0
"NV2t000547003.1","NV2t000547003.1","Nvec","OG_7576",1,0,0
"NV2t000547004.1","NV2t000547004.1","Nvec","OG_7576",1,0,0
"NV2t000711001.1","NV2t000711001.1","Nvec","OG_741",1,0,1
"NV2t000714001.1","NV2t000714001.1","Nvec","OG_741",1,0,1
"NV2t000813001.1","NV2t000813001.1","Nvec","OG_411",1,0,1
"NV2t010891001.1","NV2t010891001.1","Nvec","OG_7050",1,0,0
"NV2t011334002.1","NV2t011334002.1","Nvec","OG_5198",1,0,0
"NV2t011334001.1","NV2t011334001.1","Nvec","OG_5198",1,0,0
"NV2t011334003.1","NV2t011334003.1","Nvec","OG_5198",1,0,0
"NV2t011334004.1","NV2t011334004.1","Nvec","OG_5198",1,0,0
"NV2t015410001.1","NV2t015410001.1","Nvec","OG_6033",1,0,0
"NV2t020392001.1","NV2t020392001.1","Nvec","OG_411",1,0,1
"NV2t020125002.1","NV2t020125002.1","Nvec","OG_10699",1,0,0
"NV2t020125003.1","NV2t020125003.1","Nvec","OG_10699",1,0,0
"NV2t022008001.1","NV2t022008001.1","Nvec","OG_381",1,0,1
"NV2t022008002.1","NV2t022008002.1","Nvec","OG_381",1,0,1
"NV2t025478002.1","NV2t025478002.1","Nvec","OG_6428",1,0,1
"NV2t025478001.1","NV2t025478001.1","Nvec","OG_6428",1,0,1
"NV2t025478003.1","NV2t025478003.1","Nvec","OG_6428",1,0,1
"NV2t025478010.1","NV2t025478010.1","Nvec","OG_6428",1,0,1
"NV2t025478004.1","NV2t025478004.1","Nvec","OG_6428",1,0,1
"NV2t025478008.1","NV2t025478008.1","Nvec","OG_6428",1,0,1
"NV2t025478011.1","NV2t025478011.1","Nvec","OG_6428",1,0,1
"NV2t025478006.1","NV2t025478006.1","Nvec","OG_6428",1,0,1
"NV2t025478009.1","NV2t025478009.1","Nvec","OG_6428",1,0,1
"NV2t025478007.1","NV2t025478007.1","Nvec","OG_6428",1,0,1
"NV2t025478005.1","NV2t025478005.1","Nvec","OG_6428",1,0,1
"NV2t025537001.1","NV2t025537001.1","Nvec","OG_7399",1,0,0
"NV2t003928001.1","NV2t003928001.1","Nvec","OG_179",1,0,0
"NV2t003928002.1","NV2t003928002.1","Nvec","OG_179",1,0,0
"NV2t002744001.1","NV2t002744001.1","Nvec","OG_304",1,1,1
"NV2t003150001.1","NV2t003150001.1","Nvec","OG_8974",1,1,0
"NV2t005202001.1","NV2t005202001.1","Nvec","OG_984",1,1,1
"NV2t006643002.1","NV2t006643002.1","Nvec","OG_429",1,0,1
"NV2t007752001.1","NV2t007752001.1","Nvec","OG_3107",1,0,0
"NV2t009228001.1","NV2t009228001.1","Nvec","OG_9990",1,0,0
"NV2t008438001.1","NV2t008438001.1","Nvec","OG_10025",1,0,0
"NV2t008438002.1","NV2t008438002.1","Nvec","OG_10025",1,0,0
"NV2t010584001.1","NV2t010584001.1","Nvec","OG_703",1,1,1
"NV2t001200001.1","NV2t001200001.1","Nvec","OG_12716",1,0,0
"NV2t000128001.1","NV2t000128001.1","Nvec","OG_1034",1,0,1
"NV2t000128002.1","NV2t000128002.1","Nvec","OG_1034",1,0,1
"NV2t000128003.1","NV2t000128003.1","Nvec","OG_1034",1,0,1
"NV2t000128004.1","NV2t000128004.1","Nvec","OG_1034",1,0,1
"NV2t001703001.1","NV2t001703001.1","Nvec","OG_7265",1,0,0
"NV2t012988001.1","NV2t012988001.1","Nvec","OG_9775",1,0,0
"NV2t011003001.1","NV2t011003001.1","Nvec","OG_7028",1,0,0
"NV2t011052001.1","NV2t011052001.1","Nvec","OG_9671",1,0,0
"NV2t014803001.1","NV2t014803001.1","Nvec","OG_531",1,0,1
"NV2t013537001.1","NV2t013537001.1","Nvec","OG_6774",1,0,0
"NV2t013537002.1","NV2t013537002.1","Nvec","OG_6774",1,0,0
"NV2t013537003.1","NV2t013537003.1","Nvec","OG_6774",1,0,0
"NV2t014012001.1","NV2t014012001.1","Nvec","OG_5359",1,0,1
"NV2t016649001.1","NV2t016649001.1","Nvec","OG_2606",1,0,0
"NV2t016922001.1","NV2t016922001.1","Nvec","OG_2394",1,1,0
"NV2t016216001.1","NV2t016216001.1","Nvec","OG_11064",1,0,0
"NV2t018831001.1","NV2t018831001.1","Nvec","OG_3324",1,0,0
"NV2t017732026.1","NV2t017732026.1","Nvec","OG_3230",1,1,0
"NV2t018064001.1","NV2t018064001.1","Nvec","OG_11094",1,0,0
"NV2t020404001.1","NV2t020404001.1","Nvec","OG_10606",1,0,0
"NV2t020404003.1","NV2t020404003.1","Nvec","OG_10606",1,0,0
"NV2t020404002.1","NV2t020404002.1","Nvec","OG_10606",1,0,0
"NV2t020404004.1","NV2t020404004.1","Nvec","OG_10606",1,0,0
"NV2t019998001.1","NV2t019998001.1","Nvec","OG_2978",1,0,0
"NV2t019998002.1","NV2t019998002.1","Nvec","OG_2978",1,0,0
"NV2t019998003.1","NV2t019998003.1","Nvec","OG_2978",1,0,0
"NV2t019998005.1","NV2t019998005.1","Nvec","OG_2978",1,0,0
"NV2t019998006.1","NV2t019998006.1","Nvec","OG_2978",1,0,0
"NV2t019998007.1","NV2t019998007.1","Nvec","OG_2978",1,0,0
"NV2t020032001.1","NV2t020032001.1","Nvec","OG_1000",1,0,0
"NV2t019369001.1","NV2t019369001.1","Nvec","OG_1494",1,1,0
"NV2t020313001.1","NV2t020313001.1","Nvec","OG_5837",1,0,0
"NV2t022458001.1","NV2t022458001.1","Nvec","OG_9045",1,0,0
"NV2t022458002.1","NV2t022458002.1","Nvec","OG_9045",1,0,0
"NV2t025539001.1","NV2t025539001.1","Nvec","OG_6423",1,0,0
"NV2t024724001.1","NV2t024724001.1","Nvec","OG_446",1,0,1
"NV2t003738001.1","NV2t003738001.1","Nvec","OG_8832",1,0,0
"NV2t010135001.1","NV2t010135001.1","Nvec","OG_155",1,1,1
"NV2t010135002.1","NV2t010135002.1","Nvec","OG_155",1,1,1
"NV2t000495001.1","NV2t000495001.1","Nvec","OG_239",1,0,0
"NV2t012226001.1","NV2t012226001.1","Nvec","OG_9943",1,0,0
"NV2t013603001.1","NV2t013603001.1","Nvec","OG_1192",1,0,0
"NV2t013927001.1","NV2t013927001.1","Nvec","OG_23",1,1,0
"NV2t018844001.1","NV2t018844001.1","Nvec","OG_10716",1,0,0
"NV2t018904001.1","NV2t018904001.1","Nvec","OG_11256",1,1,0
"NV2t019019001.1","NV2t019019001.1","Nvec","OG_8615",1,0,0
"NV2t019790001.1","NV2t019790001.1","Nvec","OG_10628",1,0,0
"NV2t019790002.1","NV2t019790002.1","Nvec","OG_10628",1,0,0
"NV2t019790003.1","NV2t019790003.1","Nvec","OG_10628",1,0,0
"NV2t022907001.1","NV2t022907001.1","Nvec","OG_3472",1,1,1
"NV2t012116001.1","NV2t012116001.1","Nvec","OG_7132",1,0,0
"NV2t012116002.1","NV2t012116002.1","Nvec","OG_7132",1,0,0
"NV2t019151001.1","NV2t019151001.1","Nvec","OG_11168",1,0,0
"NV2t018402001.1","NV2t018402001.1","Nvec","OG_5179",1,0,0
"NV2t022188004.1","NV2t022188004.1","Nvec","OG_10695",1,0,0
"NV2t023479001.1","NV2t023479001.1","Nvec","OG_639",1,0,1
"NV2t003424001.1","NV2t003424001.1","Nvec","OG_4067",1,0,0
"NV2t003424002.1","NV2t003424002.1","Nvec","OG_4067",1,0,0
"NV2t002488001.1","NV2t002488001.1","Nvec","OG_984",1,1,1
"NV2t002488002.1","NV2t002488002.1","Nvec","OG_984",1,1,1
"NV2t002488003.1","NV2t002488003.1","Nvec","OG_984",1,1,1
"NV2t004187001.1","NV2t004187001.1","Nvec","OG_11892",1,0,0
"NV2t004438001.1","NV2t004438001.1","Nvec","OG_882",1,1,1
"NV2t006187001.1","NV2t006187001.1","Nvec","OG_4896",1,0,0
"NV2t007377001.1","NV2t007377001.1","Nvec","OG_615",1,1,1
"NV2t007377002.1","NV2t007377002.1","Nvec","OG_615",1,1,1
"NV2t009313001.1","NV2t009313001.1","Nvec","OG_10180",1,0,0
"NV2t008777001.1","NV2t008777001.1","Nvec","OG_956",1,1,1
"NV2t008777002.1","NV2t008777002.1","Nvec","OG_956",1,1,1
"NV2t008777003.1","NV2t008777003.1","Nvec","OG_956",1,1,1
"NV2t008777004.1","NV2t008777004.1","Nvec","OG_956",1,1,1
"NV2t008777005.1","NV2t008777005.1","Nvec","OG_956",1,1,1
"NV2t008850001.1","NV2t008850001.1","Nvec","OG_4519",1,0,0
"NV2t009041001.1","NV2t009041001.1","Nvec","OG_4524",1,1,0
"NV2t008318001.1","NV2t008318001.1","Nvec","OG_9031",1,0,0
"NV2t009724001.1","NV2t009724001.1","Nvec","OG_11096",1,0,0
"NV2t009724002.1","NV2t009724002.1","Nvec","OG_11096",1,0,0
"NV2t010045001.1","NV2t010045001.1","Nvec","OG_11056",1,0,0
"NV2t010075001.1","NV2t010075001.1","Nvec","OG_190",1,1,1
"NV2t010075002.1","NV2t010075002.1","Nvec","OG_190",1,1,1
"NV2t001663001.1","NV2t001663001.1","Nvec","OG_7470",1,0,0
"NV2t001709001.1","NV2t001709001.1","Nvec","OG_7174",1,0,1
"NV2t001814001.1","NV2t001814001.1","Nvec","OG_6512",1,0,0
"NV2t000264001.1","NV2t000264001.1","Nvec","OG_3786",1,0,0
"NV2t012259001.1","NV2t012259001.1","Nvec","OG_5457",1,0,0
"NV2t012333005.1","NV2t012333005.1","Nvec","OG_9791",1,0,0
"NV2t012333008.1","NV2t012333008.1","Nvec","OG_9791",1,0,0
"NV2t012333002.1","NV2t012333002.1","Nvec","OG_9791",1,0,0
"NV2t012333006.1","NV2t012333006.1","Nvec","OG_9791",1,0,0
"NV2t012695002.1","NV2t012695002.1","Nvec","OG_977",1,1,1
"NV2t010810001.1","NV2t010810001.1","Nvec","OG_4542",1,0,0
"NV2t012830001.1","NV2t012830001.1","Nvec","OG_4322",1,0,1
"NV2t012830002.1","NV2t012830002.1","Nvec","OG_4322",1,0,1
"NV2t012943001.1","NV2t012943001.1","Nvec","OG_4281",1,0,0
"NV2t012943002.1","NV2t012943002.1","Nvec","OG_4281",1,0,0
"NV2t011487001.1","NV2t011487001.1","Nvec","OG_9676",1,0,0
"NV2t011487002.1","NV2t011487002.1","Nvec","OG_9676",1,0,0
"NV2t011590001.1","NV2t011590001.1","Nvec","OG_430",1,0,1
"NV2t011640001.1","NV2t011640001.1","Nvec","OG_7086",1,1,0
"NV2t014497001.1","NV2t014497001.1","Nvec","OG_5362",1,0,0
"NV2t015135001.1","NV2t015135001.1","Nvec","OG_1228",1,0,0
"NV2t015135002.1","NV2t015135002.1","Nvec","OG_1228",1,0,0
"NV2t016637001.1","NV2t016637001.1","Nvec","OG_7773",1,1,0
"NV2t016972001.1","NV2t016972001.1","Nvec","OG_2419",1,1,1
"NV2t016972002.1","NV2t016972002.1","Nvec","OG_2419",1,1,1
"NV2t018594001.1","NV2t018594001.1","Nvec","OG_271",1,1,0
"NV2t018611001.1","NV2t018611001.1","Nvec","OG_8181",1,0,1
"NV2t018941001.1","NV2t018941001.1","Nvec","OG_10887",1,0,0
"NV2t018941002.1","NV2t018941002.1","Nvec","OG_10887",1,0,0
"NV2t019241001.1","NV2t019241001.1","Nvec","OG_1168",1,1,0
"NV2t020364001.1","NV2t020364001.1","Nvec","OG_984",1,1,1
"NV2t020364002.1","NV2t020364002.1","Nvec","OG_984",1,1,1
"NV2t019443001.1","NV2t019443001.1","Nvec","OG_9719",1,0,0
"NV2t019443002.1","NV2t019443002.1","Nvec","OG_9719",1,0,0
"NV2t019443003.1","NV2t019443003.1","Nvec","OG_9719",1,0,0
"NV2t021048001.1","NV2t021048001.1","Nvec","OG_3017",1,1,0
"NV2t019525001.1","NV2t019525001.1","Nvec","OG_10144",1,0,0
"NV2t019525002.1","NV2t019525002.1","Nvec","OG_10144",1,0,0
"NV2t019786001.1","NV2t019786001.1","Nvec","OG_7943",1,0,1
"NV2t020294002.1","NV2t020294002.1","Nvec","OG_5119",1,0,1
"NV2t022111001.1","NV2t022111001.1","Nvec","OG_9311",1,1,0
"NV2t022143001.1","NV2t022143001.1","Nvec","OG_4656",1,0,0
"NV2t022276001.1","NV2t022276001.1","Nvec","OG_9122",1,0,0
"NV2t022276002.1","NV2t022276002.1","Nvec","OG_9122",1,0,0
"NV2t022276003.1","NV2t022276003.1","Nvec","OG_9122",1,0,0
"NV2t023605001.1","NV2t023605001.1","Nvec","OG_11585",1,0,0
"NV2t023646001.1","NV2t023646001.1","Nvec","OG_3353",1,1,0
"NV2t025420001.1","NV2t025420001.1","Nvec","OG_8432",1,0,0
"NV2t025420002.1","NV2t025420002.1","Nvec","OG_8432",1,0,0
"NV2t025420003.1","NV2t025420003.1","Nvec","OG_8432",1,0,0
"NV2t025527001.1","NV2t025527001.1","Nvec","OG_6578",1,0,0
"NV2t025585001.1","NV2t025585001.1","Nvec","OG_11779",1,1,0
"NV2t025009001.1","NV2t025009001.1","Nvec","OG_11629",1,0,0
"NV2t025009002.1","NV2t025009002.1","Nvec","OG_11629",1,0,0
"NV2t002635001.1","NV2t002635001.1","Nvec","OG_5031",1,0,0
"NV2t002666001.1","NV2t002666001.1","Nvec","OG_1094",1,0,0
"NV2t002913001.1","NV2t002913001.1","Nvec","OG_8905",1,0,0
"NV2t005045001.1","NV2t005045001.1","Nvec","OG_617",1,1,1
"NV2t005338001.1","NV2t005338001.1","Nvec","OG_4391",1,0,0
"NV2t004570001.1","NV2t004570001.1","Nvec","OG_12018",1,0,0
"NV2t005584001.1","NV2t005584001.1","Nvec","OG_5511",1,0,0
"NV2t005629001.1","NV2t005629001.1","Nvec","OG_6720",1,0,0
"NV2t005682001.1","NV2t005682001.1","Nvec","OG_771",1,1,0
"NV2t006034001.1","NV2t006034001.1","Nvec","OG_364",1,0,0
"NV2t008640002.1","NV2t008640002.1","Nvec","OG_10384",1,0,0
"NV2t008640001.1","NV2t008640001.1","Nvec","OG_10384",1,0,0
"NV2t008666001.1","NV2t008666001.1","Nvec","OG_10014",1,0,0
"NV2t001929001.1","NV2t001929001.1","Nvec","OG_3695",1,0,0
"NV2t000301001.1","NV2t000301001.1","Nvec","OG_4593",1,0,0
"NV2t012672001.1","NV2t012672001.1","Nvec","OG_9774",1,1,0
"NV2t012912001.1","NV2t012912001.1","Nvec","OG_5481",1,0,0
"NV2t011670001.1","NV2t011670001.1","Nvec","OG_9868",1,0,0
"NV2t011670002.1","NV2t011670002.1","Nvec","OG_9868",1,0,0
"NV2t011670003.1","NV2t011670003.1","Nvec","OG_9868",1,0,0
"NV2t011670004.1","NV2t011670004.1","Nvec","OG_9868",1,0,0
"NV2t011670005.1","NV2t011670005.1","Nvec","OG_9868",1,0,0
"NV2t011670006.1","NV2t011670006.1","Nvec","OG_9868",1,0,0
"NV2t015193001.1","NV2t015193001.1","Nvec","OG_12598",1,1,0
"NV2t015193002.1","NV2t015193002.1","Nvec","OG_12598",1,1,0
"NV2t013331001.1","NV2t013331001.1","Nvec","OG_11996",1,0,0
"NV2t013908001.1","NV2t013908001.1","Nvec","OG_1518",1,0,1
"NV2t014166001.1","NV2t014166001.1","Nvec","OG_2133",1,0,0
"NV2t014166002.1","NV2t014166002.1","Nvec","OG_2133",1,0,0
"NV2t015834001.1","NV2t015834001.1","Nvec","OG_11683",1,0,0
"NV2t019258001.1","NV2t019258001.1","Nvec","OG_8936",1,0,0
"NV2t017516001.1","NV2t017516001.1","Nvec","OG_1912",1,0,0
"NV2t017552001.1","NV2t017552001.1","Nvec","OG_6564",1,0,0
"NV2t017552002.1","NV2t017552002.1","Nvec","OG_6564",1,0,0
"NV2t021100001.1","NV2t021100001.1","Nvec","OG_5917",1,0,0
"NV2t019316002.1","NV2t019316002.1","Nvec","OG_747",1,0,0
"NV2t019316003.1","NV2t019316003.1","Nvec","OG_747",1,0,0
"NV2t019735001.1","NV2t019735001.1","Nvec","OG_5823",1,0,0
"NV2t020124001.1","NV2t020124001.1","Nvec","OG_442",1,0,0
"NV2t020124002.1","NV2t020124002.1","Nvec","OG_442",1,0,0
"NV2t020124003.1","NV2t020124003.1","Nvec","OG_442",1,0,0
"NV2t020124004.1","NV2t020124004.1","Nvec","OG_442",1,0,0
"NV2t020124005.1","NV2t020124005.1","Nvec","OG_442",1,0,0
"NV2t022157001.1","NV2t022157001.1","Nvec","OG_1953",1,0,0
"NV2t022292001.1","NV2t022292001.1","Nvec","OG_10869",1,0,0
"NV2t022324001.1","NV2t022324001.1","Nvec","OG_4631",1,1,0
"NV2t022324002.1","NV2t022324002.1","Nvec","OG_4631",1,1,0
"NV2t022324003.1","NV2t022324003.1","Nvec","OG_4631",1,1,0
"NV2t022571002.1","NV2t022571002.1","Nvec","OG_6698",1,1,0
"NV2t022571004.1","NV2t022571004.1","Nvec","OG_6698",1,1,0
"NV2t022694001.1","NV2t022694001.1","Nvec","OG_9183",1,0,0
"NV2t022694002.1","NV2t022694002.1","Nvec","OG_9183",1,0,0
"NV2t022694003.1","NV2t022694003.1","Nvec","OG_9183",1,0,0
"NV2t022694004.1","NV2t022694004.1","Nvec","OG_9183",1,0,0
"NV2t021394001.1","NV2t021394001.1","Nvec","OG_9113",1,0,0
"NV2t021394002.1","NV2t021394002.1","Nvec","OG_9113",1,0,0
"NV2t021423001.1","NV2t021423001.1","Nvec","OG_4640",1,0,0
"NV2t021423002.1","NV2t021423002.1","Nvec","OG_4640",1,0,0
"NV2t021423003.1","NV2t021423003.1","Nvec","OG_4640",1,0,0
"NV2t023748001.1","NV2t023748001.1","Nvec","OG_60",1,0,0
"NV2t022940001.1","NV2t022940001.1","Nvec","OG_3512",1,0,0
"NV2t022940002.1","NV2t022940002.1","Nvec","OG_3512",1,0,0
"NV2t022954001.1","NV2t022954001.1","Nvec","OG_241",1,1,1
"NV2t023484001.1","NV2t023484001.1","Nvec","OG_176",1,1,1
"NV2t025707001.1","NV2t025707001.1","Nvec","OG_3367",1,0,0
"NV2t024565001.1","NV2t024565001.1","Nvec","OG_3660",1,0,0
"NV2t024638001.1","NV2t024638001.1","Nvec","OG_3371",1,1,0
"NV2t024948001.1","NV2t024948001.1","Nvec","OG_9482",1,0,0
"NV2t006474001.1","NV2t006474001.1","Nvec","OG_492",1,0,0
"NV2t006748001.1","NV2t006748001.1","Nvec","OG_1114",1,1,1
"NV2t005524005.1","NV2t005524005.1","Nvec","OG_9547",1,0,0
"NV2t005524009.1","NV2t005524009.1","Nvec","OG_9547",1,0,0
"NV2t005524008.1","NV2t005524008.1","Nvec","OG_9547",1,0,0
"NV2t005524010.1","NV2t005524010.1","Nvec","OG_9547",1,0,0
"NV2t005524007.1","NV2t005524007.1","Nvec","OG_9547",1,0,0
"NV2t005524006.1","NV2t005524006.1","Nvec","OG_9547",1,0,0
"NV2t005524004.1","NV2t005524004.1","Nvec","OG_9547",1,0,0
"NV2t005524003.1","NV2t005524003.1","Nvec","OG_9547",1,0,0
"NV2t005524002.1","NV2t005524002.1","Nvec","OG_9547",1,0,0
"NV2t005524001.1","NV2t005524001.1","Nvec","OG_9547",1,0,0
"NV2t006363001.1","NV2t006363001.1","Nvec","OG_4938",1,0,0
"NV2t007892001.1","NV2t007892001.1","Nvec","OG_3088",1,0,0
"NV2t007043001.1","NV2t007043001.1","Nvec","OG_291",1,1,1
"NV2t000530001.1","NV2t000530001.1","Nvec","OG_7516",1,0,0
"NV2t000043001.1","NV2t000043001.1","Nvec","OG_5420",1,0,1
"NV2t014201001.1","NV2t014201001.1","Nvec","OG_5749",1,0,0
"NV2t014981001.1","NV2t014981001.1","Nvec","OG_601",1,1,0
"NV2t013427001.1","NV2t013427001.1","Nvec","OG_12296",1,0,1
"NV2t016512001.1","NV2t016512001.1","Nvec","OG_2483",1,0,0
"NV2t018934001.1","NV2t018934001.1","Nvec","OG_1855",1,0,0
"NV2t018934002.1","NV2t018934002.1","Nvec","OG_1855",1,0,0
"NV2t023346001.1","NV2t023346001.1","Nvec","OG_5337",1,0,0
"NV2t023672001.1","NV2t023672001.1","Nvec","OG_6167",1,1,0
"NV2t025419001.1","NV2t025419001.1","Nvec","OG_11348",1,0,0
"NV2t025419002.1","NV2t025419002.1","Nvec","OG_11348",1,0,0
"NV2t025419003.1","NV2t025419003.1","Nvec","OG_11348",1,0,0
"NV2t025419004.1","NV2t025419004.1","Nvec","OG_11348",1,0,0
"NV2t025419005.1","NV2t025419005.1","Nvec","OG_11348",1,0,0
"NV2t025419006.1","NV2t025419006.1","Nvec","OG_11348",1,0,0
"NV2t002552001.1","NV2t002552001.1","Nvec","OG_3998",1,0,0
"NV2t002554002.1","NV2t002554002.1","Nvec","OG_3998",1,0,0
"NV2t004286001.1","NV2t004286001.1","Nvec","OG_5135",1,0,1
"NV2t004692001.1","NV2t004692001.1","Nvec","OG_11978",1,1,0
"NV2t005889001.1","NV2t005889001.1","Nvec","OG_1000",1,0,0
"NV2t006252001.1","NV2t006252001.1","Nvec","OG_9359",1,0,0
"NV2t006252002.1","NV2t006252002.1","Nvec","OG_9359",1,0,0
"NV2t006252003.1","NV2t006252003.1","Nvec","OG_9359",1,0,0
"NV2t007485001.1","NV2t007485001.1","Nvec","OG_8355",1,0,0
"NV2t010596001.1","NV2t010596001.1","Nvec","OG_1016",1,1,0
"NV2t009725001.1","NV2t009725001.1","Nvec","OG_2046",1,0,0
"NV2t013318001.1","NV2t013318001.1","Nvec","OG_1956",1,0,0
"NV2t017007001.1","NV2t017007001.1","Nvec","OG_2523",1,1,0
"NV2t017304001.1","NV2t017304001.1","Nvec","OG_7704",1,0,0
"NV2t017304002.1","NV2t017304002.1","Nvec","OG_7704",1,0,0
"NV2t017567001.1","NV2t017567001.1","Nvec","OG_6604",1,1,1
"NV2t020837001.1","NV2t020837001.1","Nvec","OG_8571",1,0,0
"NV2t021459001.1","NV2t021459001.1","Nvec","OG_9201",1,1,0
"NV2t021459002.1","NV2t021459002.1","Nvec","OG_9201",1,1,0
"NV2t021902001.1","NV2t021902001.1","Nvec","OG_788",1,0,1
"NV2t021902002.1","NV2t021902002.1","Nvec","OG_788",1,0,1
"NV2t021902003.1","NV2t021902003.1","Nvec","OG_788",1,0,1
"NV2t021902004.1","NV2t021902004.1","Nvec","OG_788",1,0,1
"NV2t023311002.1","NV2t023311002.1","Nvec","OG_11512",1,0,0
"NV2t023311001.1","NV2t023311001.1","Nvec","OG_11512",1,0,0
"NV2t002558001.1","NV2t002558001.1","Nvec","OG_411",1,0,1
"NV2t002717001.1","NV2t002717001.1","Nvec","OG_6397",1,1,1
"NV2t002717003.1","NV2t002717003.1","Nvec","OG_6397",1,1,1
"NV2t002717002.1","NV2t002717002.1","Nvec","OG_6397",1,1,1
"NV2t003401001.1","NV2t003401001.1","Nvec","OG_6655",1,0,1
"NV2t003401002.1","NV2t003401002.1","Nvec","OG_6655",1,0,1
"NV2t005104001.1","NV2t005104001.1","Nvec","OG_680",1,1,1
"NV2t004231001.1","NV2t004231001.1","Nvec","OG_12246",1,0,0
"NV2t006433001.1","NV2t006433001.1","Nvec","OG_6614",1,0,1
"NV2t006638001.1","NV2t006638001.1","Nvec","OG_1034",1,0,1
"NV2t005979001.1","NV2t005979001.1","Nvec","OG_9403",1,0,0
"NV2t006124001.1","NV2t006124001.1","Nvec","OG_4053",1,1,0
"NV2t006289001.1","NV2t006289001.1","Nvec","OG_468",1,1,1
"NV2t006414001.1","NV2t006414001.1","Nvec","OG_9471",1,0,0
"NV2t008089001.1","NV2t008089001.1","Nvec","OG_1421",1,0,0
"NV2t007159001.1","NV2t007159001.1","Nvec","OG_3166",1,0,0
"NV2t007841001.1","NV2t007841001.1","Nvec","OG_8369",1,0,0
"NV2t008370001.1","NV2t008370001.1","Nvec","OG_531",1,0,1
"NV2t008370002.1","NV2t008370002.1","Nvec","OG_531",1,0,1
"NV2t008370003.1","NV2t008370003.1","Nvec","OG_531",1,0,1
"NV2t009747001.1","NV2t009747001.1","Nvec","OG_10788",1,0,0
"NV2t001265001.1","NV2t001265001.1","Nvec","OG_6461",1,0,0
"NV2t002177002.1","NV2t002177002.1","Nvec","OG_682",1,0,1
"NV2t002177001.1","NV2t002177001.1","Nvec","OG_682",1,0,1
"NV2t012117001.1","NV2t012117001.1","Nvec","OG_441",1,1,1
"NV2t012213001.1","NV2t012213001.1","Nvec","OG_6760",1,0,0
"NV2t011566001.1","NV2t011566001.1","Nvec","OG_7037",1,0,0
"NV2t011566002.1","NV2t011566002.1","Nvec","OG_7037",1,0,0
"NV2t011566003.1","NV2t011566003.1","Nvec","OG_7037",1,0,0
"NV2t011566005.1","NV2t011566005.1","Nvec","OG_7037",1,0,0
"NV2t011566006.1","NV2t011566006.1","Nvec","OG_7037",1,0,0
"NV2t013162001.1","NV2t013162001.1","Nvec","OG_10878",1,0,0
"NV2t013162003.1","NV2t013162003.1","Nvec","OG_10878",1,0,0
"NV2t013162004.1","NV2t013162004.1","Nvec","OG_10878",1,0,0
"NV2t015273001.1","NV2t015273001.1","Nvec","OG_4394",1,1,0
"NV2t013342001.1","NV2t013342001.1","Nvec","OG_5971",1,0,0
"NV2t014066001.1","NV2t014066001.1","Nvec","OG_6854",1,0,0
"NV2t015824001.1","NV2t015824001.1","Nvec","OG_6580",1,0,0
"NV2t015984001.1","NV2t015984001.1","Nvec","OG_2572",1,0,0
"NV2t015988001.1","NV2t015988001.1","Nvec","OG_8128",1,0,0
"NV2t015988002.1","NV2t015988002.1","Nvec","OG_8128",1,0,0
"NV2t017436001.1","NV2t017436001.1","Nvec","OG_11286",1,1,1
"NV2t021137001.1","NV2t021137001.1","Nvec","OG_1488",1,0,0
"NV2t019719001.1","NV2t019719001.1","Nvec","OG_9026",1,1,1
"NV2t019719002.1","NV2t019719002.1","Nvec","OG_9026",1,1,1
"NV2t019719003.1","NV2t019719003.1","Nvec","OG_9026",1,1,1
"NV2t019719004.1","NV2t019719004.1","Nvec","OG_9026",1,1,1
"NV2t019736001.1","NV2t019736001.1","Nvec","OG_2763",1,0,0
"NV2t019847001.1","NV2t019847001.1","Nvec","OG_6649",1,0,1
"NV2t019847002.1","NV2t019847002.1","Nvec","OG_6649",1,0,1
"NV2t020159001.1","NV2t020159001.1","Nvec","OG_676",1,0,0
"NV2t022255001.1","NV2t022255001.1","Nvec","OG_4801",1,0,1
"NV2t023709001.1","NV2t023709001.1","Nvec","OG_3386",1,0,0
"NV2t023709002.1","NV2t023709002.1","Nvec","OG_3386",1,0,0
"NV2t023709003.1","NV2t023709003.1","Nvec","OG_3386",1,0,0
"NV2t023739001.1","NV2t023739001.1","Nvec","OG_3412",1,0,0
"NV2t023739002.1","NV2t023739002.1","Nvec","OG_3412",1,0,0
"NV2t025935001.1","NV2t025935001.1","Nvec","OG_7435",1,0,0
"NV2t025935002.1","NV2t025935002.1","Nvec","OG_7435",1,0,0
"Ahyacinthus00072-RA","Ahyacinthus00072-RA","Ahya","OG_9052",1,1,0
"Ahyacinthus00128-RA","Ahyacinthus00128-RA","Ahya","OG_4631",1,1,0
"Ahyacinthus00170-RA","Ahyacinthus00170-RA","Ahya","OG_9194",0,1,1
"Ahyacinthus00179-RA","Ahyacinthus00179-RA","Ahya","OG_9140",0,1,0
"Ahyacinthus00294-RA","Ahyacinthus00294-RA","Ahya","OG_4660",0,1,0
"Ahyacinthus00372-RA","Ahyacinthus00372-RA","Ahya","OG_6065",0,1,0
"Ahyacinthus00398-RA","Ahyacinthus00398-RA","Ahya","OG_6682",1,1,1
"Ahyacinthus00402-RA","Ahyacinthus00402-RA","Ahya","OG_9013",0,1,0
"Ahyacinthus00404-RA","Ahyacinthus00404-RA","Ahya","OG_9013",0,1,0
"Ahyacinthus00440-RA","Ahyacinthus00440-RA","Ahya","OG_9088",0,1,0
"Ahyacinthus00455-RA","Ahyacinthus00455-RA","Ahya","OG_10941",0,1,0
"Ahyacinthus00491-RA","Ahyacinthus00491-RA","Ahya","OG_905",1,1,1
"Ahyacinthus00512-RA","Ahyacinthus00512-RA","Ahya","OG_9299",0,1,0
"Ahyacinthus00564-RA","Ahyacinthus00564-RA","Ahya","OG_859",0,1,0
"Ahyacinthus00666-RA","Ahyacinthus00666-RA","Ahya","OG_1056",1,1,1
"Ahyacinthus00710-RA","Ahyacinthus00710-RA","Ahya","OG_899",1,1,0
"Ahyacinthus00749-RA","Ahyacinthus00749-RA","Ahya","OG_9299",0,1,0
"Ahyacinthus00991-RA","Ahyacinthus00991-RA","Ahya","OG_868",0,1,1
"Ahyacinthus01105-RA","Ahyacinthus01105-RA","Ahya","OG_166",1,1,1
"Ahyacinthus01126-RA","Ahyacinthus01126-RA","Ahya","OG_9188",0,1,0
"Ahyacinthus01137-RA","Ahyacinthus01137-RA","Ahya","OG_166",1,1,1
"Ahyacinthus01230-RA","Ahyacinthus01230-RA","Ahya","OG_9175",0,1,1
"Ahyacinthus01240-RA","Ahyacinthus01240-RA","Ahya","OG_1348",0,1,0
"Ahyacinthus01249-RA","Ahyacinthus01249-RA","Ahya","OG_9028",0,1,1
"Ahyacinthus01303-RA","Ahyacinthus01303-RA","Ahya","OG_9326",0,1,0
"Ahyacinthus01338-RA","Ahyacinthus01338-RA","Ahya","OG_5062",0,1,0
"Ahyacinthus01347-RA","Ahyacinthus01347-RA","Ahya","OG_5064",0,1,0
"Ahyacinthus01385-RA","Ahyacinthus01385-RA","Ahya","OG_5330",1,1,0
"Ahyacinthus01437-RA","Ahyacinthus01437-RA","Ahya","OG_9242",0,1,0
"Ahyacinthus01472-RA","Ahyacinthus01472-RA","Ahya","OG_9100",0,1,0
"Ahyacinthus01509-RA","Ahyacinthus01509-RA","Ahya","OG_5325",0,1,0
"Ahyacinthus01556-RA","Ahyacinthus01556-RA","Ahya","OG_9127",0,1,0
"Ahyacinthus01631-RA","Ahyacinthus01631-RA","Ahya","OG_9294",0,1,0
"Ahyacinthus01665-RA","Ahyacinthus01665-RA","Ahya","OG_4800",0,1,0
"Ahyacinthus01706-RA","Ahyacinthus01706-RA","Ahya","OG_2303",0,1,0
"Ahyacinthus01738-RA","Ahyacinthus01738-RA","Ahya","OG_6205",1,1,1
"Ahyacinthus01782-RA","Ahyacinthus01782-RA","Ahya","OG_2324",0,1,0
"Ahyacinthus01800-RA","Ahyacinthus01800-RA","Ahya","OG_7979",0,1,0
"Ahyacinthus01855-RA","Ahyacinthus01855-RA","Ahya","OG_5376",0,1,0
"Ahyacinthus01922-RA","Ahyacinthus01922-RA","Ahya","OG_2367",0,1,0
"Ahyacinthus01989-RA","Ahyacinthus01989-RA","Ahya","OG_2394",1,1,0
"Ahyacinthus01991-RA","Ahyacinthus01991-RA","Ahya","OG_2394",1,1,0
"Ahyacinthus01992-RA","Ahyacinthus01992-RA","Ahya","OG_2394",1,1,0
"Ahyacinthus02013-RA","Ahyacinthus02013-RA","Ahya","OG_6550",1,1,1
"Ahyacinthus02019-RA","Ahyacinthus02019-RA","Ahya","OG_6280",0,1,1
"Ahyacinthus02050-RA","Ahyacinthus02050-RA","Ahya","OG_7941",1,1,0
"Ahyacinthus02078-RA","Ahyacinthus02078-RA","Ahya","OG_2403",1,1,0
"Ahyacinthus02206-RA","Ahyacinthus02206-RA","Ahya","OG_2427",1,1,0
"Ahyacinthus02208-RA","Ahyacinthus02208-RA","Ahya","OG_2427",1,1,0
"Ahyacinthus02229-RA","Ahyacinthus02229-RA","Ahya","OG_7771",0,1,1
"Ahyacinthus02280-RA","Ahyacinthus02280-RA","Ahya","OG_8138",0,1,0
"Ahyacinthus02299-RA","Ahyacinthus02299-RA","Ahya","OG_5395",1,1,0
"Ahyacinthus02373-RA","Ahyacinthus02373-RA","Ahya","OG_2462",0,1,0
"Ahyacinthus02437-RA","Ahyacinthus02437-RA","Ahya","OG_2474",1,1,1
"Ahyacinthus02558-RA","Ahyacinthus02558-RA","Ahya","OG_2493",0,1,0
"Ahyacinthus02643-RA","Ahyacinthus02643-RA","Ahya","OG_7969",0,1,0
"Ahyacinthus02730-RA","Ahyacinthus02730-RA","Ahya","OG_7773",1,1,0
"Ahyacinthus02771-RA","Ahyacinthus02771-RA","Ahya","OG_7826",0,1,0
"Ahyacinthus02798-RA","Ahyacinthus02798-RA","Ahya","OG_862",0,1,1
"Ahyacinthus02834-RA","Ahyacinthus02834-RA","Ahya","OG_2550",0,1,0
"Ahyacinthus02915-RA","Ahyacinthus02915-RA","Ahya","OG_8150",0,1,0
"Ahyacinthus02940-RA","Ahyacinthus02940-RA","Ahya","OG_7719",0,1,0
"Ahyacinthus03007-RA","Ahyacinthus03007-RA","Ahya","OG_2594",0,1,0
"Ahyacinthus03040-RA","Ahyacinthus03040-RA","Ahya","OG_7722",0,1,0
"Ahyacinthus03110-RA","Ahyacinthus03110-RA","Ahya","OG_12528",0,1,0
"Ahyacinthus03193-RA","Ahyacinthus03193-RA","Ahya","OG_8070",0,1,0
"Ahyacinthus03228-RA","Ahyacinthus03228-RA","Ahya","OG_377",0,1,0
"Ahyacinthus03504-RA","Ahyacinthus03504-RA","Ahya","OG_9971",0,1,0
"Ahyacinthus03506-RA","Ahyacinthus03506-RA","Ahya","OG_6091",1,1,0
"Ahyacinthus03528-RA","Ahyacinthus03528-RA","Ahya","OG_10059",1,1,0
"Ahyacinthus03554-RA","Ahyacinthus03554-RA","Ahya","OG_1482",0,1,0
"Ahyacinthus03564-RA","Ahyacinthus03564-RA","Ahya","OG_5680",0,1,0
"Ahyacinthus03611-RA","Ahyacinthus03611-RA","Ahya","OG_10392",0,1,0
"Ahyacinthus03629-RA","Ahyacinthus03629-RA","Ahya","OG_1181",0,1,0
"Ahyacinthus03647-RA","Ahyacinthus03647-RA","Ahya","OG_6846",0,1,0
"Ahyacinthus03704-RA","Ahyacinthus03704-RA","Ahya","OG_10142",0,1,0
"Ahyacinthus03730-RA","Ahyacinthus03730-RA","Ahya","OG_670",0,1,0
"Ahyacinthus03755-RA","Ahyacinthus03755-RA","Ahya","OG_10291",0,1,0
"Ahyacinthus03873-RA","Ahyacinthus03873-RA","Ahya","OG_1189",0,1,0
"Ahyacinthus03950-RA","Ahyacinthus03950-RA","Ahya","OG_10197",1,1,1
"Ahyacinthus03989-RA","Ahyacinthus03989-RA","Ahya","OG_814",1,1,1
"Ahyacinthus04059-RA","Ahyacinthus04059-RA","Ahya","OG_10172",0,1,0
"Ahyacinthus04101-RA","Ahyacinthus04101-RA","Ahya","OG_1152",0,1,0
"Ahyacinthus04106-RA","Ahyacinthus04106-RA","Ahya","OG_12665",0,1,0
"Ahyacinthus04391-RA","Ahyacinthus04391-RA","Ahya","OG_10207",1,1,0
"Ahyacinthus04419-RA","Ahyacinthus04419-RA","Ahya","OG_12434",0,1,0
"Ahyacinthus04473-RA","Ahyacinthus04473-RA","Ahya","OG_242",1,1,1
"Ahyacinthus04604-RA","Ahyacinthus04604-RA","Ahya","OG_186",1,1,1
"Ahyacinthus04609-RA","Ahyacinthus04609-RA","Ahya","OG_10234",0,1,0
"Ahyacinthus04619-RA","Ahyacinthus04619-RA","Ahya","OG_1091",0,1,1
"Ahyacinthus04628-RA","Ahyacinthus04628-RA","Ahya","OG_10030",0,1,0
"Ahyacinthus04655-RA","Ahyacinthus04655-RA","Ahya","OG_4511",0,1,0
"Ahyacinthus04665-RA","Ahyacinthus04665-RA","Ahya","OG_5203",1,1,1
"Ahyacinthus04679-RA","Ahyacinthus04679-RA","Ahya","OG_4514",1,1,0
"Ahyacinthus04721-RA","Ahyacinthus04721-RA","Ahya","OG_6100",1,1,0
"Ahyacinthus04859-RA","Ahyacinthus04859-RA","Ahya","OG_532",0,1,1
"Ahyacinthus04881-RA","Ahyacinthus04881-RA","Ahya","OG_6318",0,1,0
"Ahyacinthus04917-RA","Ahyacinthus04917-RA","Ahya","OG_10381",0,1,0
"Ahyacinthus04932-RA","Ahyacinthus04932-RA","Ahya","OG_10214",1,1,0
"Ahyacinthus04978-RA","Ahyacinthus04978-RA","Ahya","OG_1485",0,1,0
"Ahyacinthus04996-RA","Ahyacinthus04996-RA","Ahya","OG_10248",0,1,0
"Ahyacinthus05006-RA","Ahyacinthus05006-RA","Ahya","OG_12602",0,1,0
"Ahyacinthus05016-RA","Ahyacinthus05016-RA","Ahya","OG_170",1,1,1
"Ahyacinthus05020-RA","Ahyacinthus05020-RA","Ahya","OG_8418",0,1,1
"Ahyacinthus05068-RA","Ahyacinthus05068-RA","Ahya","OG_4589",0,1,0
"Ahyacinthus05165-RA","Ahyacinthus05165-RA","Ahya","OG_10278",1,1,0
"Ahyacinthus05180-RA","Ahyacinthus05180-RA","Ahya","OG_4076",1,1,0
"Ahyacinthus05244-RA","Ahyacinthus05244-RA","Ahya","OG_4087",0,1,0
"Ahyacinthus05279-RA","Ahyacinthus05279-RA","Ahya","OG_4093",0,1,0
"Ahyacinthus05311-RA","Ahyacinthus05311-RA","Ahya","OG_9382",0,1,0
"Ahyacinthus05382-RA","Ahyacinthus05382-RA","Ahya","OG_4106",0,1,0
"Ahyacinthus05521-RA","Ahyacinthus05521-RA","Ahya","OG_4146",0,1,0
"Ahyacinthus05619-RA","Ahyacinthus05619-RA","Ahya","OG_4163",0,1,0
"Ahyacinthus05634-RA","Ahyacinthus05634-RA","Ahya","OG_4167",0,1,0
"Ahyacinthus05637-RA","Ahyacinthus05637-RA","Ahya","OG_4169",1,1,0
"Ahyacinthus05729-RA","Ahyacinthus05729-RA","Ahya","OG_183",0,1,1
"Ahyacinthus05768-RA","Ahyacinthus05768-RA","Ahya","OG_6751",0,1,0
"Ahyacinthus05780-RA","Ahyacinthus05780-RA","Ahya","OG_831",1,1,1
"Ahyacinthus05784-RA","Ahyacinthus05784-RA","Ahya","OG_9776",0,1,0
"Ahyacinthus05848-RA","Ahyacinthus05848-RA","Ahya","OG_170",1,1,1
"Ahyacinthus05930-RA","Ahyacinthus05930-RA","Ahya","OG_517",0,1,0
"Ahyacinthus06000-RA","Ahyacinthus06000-RA","Ahya","OG_170",1,1,1
"Ahyacinthus06017-RA","Ahyacinthus06017-RA","Ahya","OG_1016",1,1,0
"Ahyacinthus06050-RA","Ahyacinthus06050-RA","Ahya","OG_377",0,1,0
"Ahyacinthus06103-RA","Ahyacinthus06103-RA","Ahya","OG_4210",1,1,0
"Ahyacinthus06105-RA","Ahyacinthus06105-RA","Ahya","OG_4211",0,1,0
"Ahyacinthus06205-RA","Ahyacinthus06205-RA","Ahya","OG_377",0,1,0
"Ahyacinthus06295-RA","Ahyacinthus06295-RA","Ahya","OG_9705",0,1,1
"Ahyacinthus06299-RA","Ahyacinthus06299-RA","Ahya","OG_724",0,1,0
"Ahyacinthus06310-RA","Ahyacinthus06310-RA","Ahya","OG_5096",1,1,0
"Ahyacinthus06322-RA","Ahyacinthus06322-RA","Ahya","OG_9935",0,1,0
"Ahyacinthus06395-RA","Ahyacinthus06395-RA","Ahya","OG_1051",1,1,0
"Ahyacinthus06397-RA","Ahyacinthus06397-RA","Ahya","OG_1051",1,1,0
"Ahyacinthus06400-RA","Ahyacinthus06400-RA","Ahya","OG_4237",0,1,0
"Ahyacinthus06441-RA","Ahyacinthus06441-RA","Ahya","OG_938",1,1,1
"Ahyacinthus06489-RA","Ahyacinthus06489-RA","Ahya","OG_6732",0,1,0
"Ahyacinthus06599-RA","Ahyacinthus06599-RA","Ahya","OG_9774",1,1,0
"Ahyacinthus06633-RA","Ahyacinthus06633-RA","Ahya","OG_5049",0,1,0
"Ahyacinthus06644-RA","Ahyacinthus06644-RA","Ahya","OG_9805",1,1,1
"Ahyacinthus06825-RA","Ahyacinthus06825-RA","Ahya","OG_9889",0,1,0
"Ahyacinthus06855-RA","Ahyacinthus06855-RA","Ahya","OG_9706",0,1,1
"Ahyacinthus06902-RA","Ahyacinthus06902-RA","Ahya","OG_9970",1,1,0
"Ahyacinthus06917-RA","Ahyacinthus06917-RA","Ahya","OG_1264",0,1,1
"Ahyacinthus06921-RA","Ahyacinthus06921-RA","Ahya","OG_5453",0,1,1
"Ahyacinthus06942-RA","Ahyacinthus06942-RA","Ahya","OG_9773",0,1,0
"Ahyacinthus07001-RA","Ahyacinthus07001-RA","Ahya","OG_848",0,1,0
"Ahyacinthus07013-RA","Ahyacinthus07013-RA","Ahya","OG_515",0,1,0
"Ahyacinthus07094-RA","Ahyacinthus07094-RA","Ahya","OG_937",0,1,0
"Ahyacinthus07110-RA","Ahyacinthus07110-RA","Ahya","OG_421",0,1,1
"Ahyacinthus07212-RA","Ahyacinthus07212-RA","Ahya","OG_920",1,1,1
"Ahyacinthus07272-RA","Ahyacinthus07272-RA","Ahya","OG_421",0,1,1
"Ahyacinthus07416-RA","Ahyacinthus07416-RA","Ahya","OG_353",1,1,0
"Ahyacinthus07470-RA","Ahyacinthus07470-RA","Ahya","OG_894",1,1,0
"Ahyacinthus07497-RA","Ahyacinthus07497-RA","Ahya","OG_353",1,1,0
"Ahyacinthus07536-RA","Ahyacinthus07536-RA","Ahya","OG_406",0,1,1
"Ahyacinthus07596-RA","Ahyacinthus07596-RA","Ahya","OG_299",0,1,0
"Ahyacinthus07842-RA","Ahyacinthus07842-RA","Ahya","OG_1393",1,1,0
"Ahyacinthus07848-RA","Ahyacinthus07848-RA","Ahya","OG_7204",0,1,0
"Ahyacinthus07853-RA","Ahyacinthus07853-RA","Ahya","OG_7167",0,1,0
"Ahyacinthus07930-RA","Ahyacinthus07930-RA","Ahya","OG_3726",1,1,0
"Ahyacinthus07964-RA","Ahyacinthus07964-RA","Ahya","OG_7348",0,1,0
"Ahyacinthus07968-RA","Ahyacinthus07968-RA","Ahya","OG_7348",0,1,0
"Ahyacinthus08008-RA","Ahyacinthus08008-RA","Ahya","OG_810",0,1,0
"Ahyacinthus08036-RA","Ahyacinthus08036-RA","Ahya","OG_7172",0,1,0
"Ahyacinthus08052-RA","Ahyacinthus08052-RA","Ahya","OG_926",0,1,0
"Ahyacinthus08071-RA","Ahyacinthus08071-RA","Ahya","OG_3747",0,1,0
"Ahyacinthus08125-RA","Ahyacinthus08125-RA","Ahya","OG_7238",0,1,0
"Ahyacinthus08223-RA","Ahyacinthus08223-RA","Ahya","OG_7354",0,1,0
"Ahyacinthus08345-RA","Ahyacinthus08345-RA","Ahya","OG_3805",0,1,0
"Ahyacinthus08431-RA","Ahyacinthus08431-RA","Ahya","OG_980",0,1,1
"Ahyacinthus08442-RA","Ahyacinthus08442-RA","Ahya","OG_7284",0,1,0
"Ahyacinthus08545-RA","Ahyacinthus08545-RA","Ahya","OG_6218",0,1,0
"Ahyacinthus08610-RA","Ahyacinthus08610-RA","Ahya","OG_1053",0,1,0
"Ahyacinthus08644-RA","Ahyacinthus08644-RA","Ahya","OG_6511",0,1,0
"Ahyacinthus08645-RA","Ahyacinthus08645-RA","Ahya","OG_11758",0,1,0
"Ahyacinthus08868-RA","Ahyacinthus08868-RA","Ahya","OG_11617",0,1,0
"Ahyacinthus08875-RA","Ahyacinthus08875-RA","Ahya","OG_848",0,1,0
"Ahyacinthus08939-RA","Ahyacinthus08939-RA","Ahya","OG_7041",1,1,0
"Ahyacinthus09008-RA","Ahyacinthus09008-RA","Ahya","OG_6448",0,1,0
"Ahyacinthus09042-RA","Ahyacinthus09042-RA","Ahya","OG_6168",0,1,0
"Ahyacinthus09158-RA","Ahyacinthus09158-RA","Ahya","OG_8753",0,1,0
"Ahyacinthus09184-RA","Ahyacinthus09184-RA","Ahya","OG_11419",1,1,1
"Ahyacinthus09204-RA","Ahyacinthus09204-RA","Ahya","OG_3454",0,1,0
"Ahyacinthus09248-RA","Ahyacinthus09248-RA","Ahya","OG_3462",0,1,0
"Ahyacinthus09346-RA","Ahyacinthus09346-RA","Ahya","OG_1194",0,1,0
"Ahyacinthus09559-RA","Ahyacinthus09559-RA","Ahya","OG_971",0,1,1
"Ahyacinthus09680-RA","Ahyacinthus09680-RA","Ahya","OG_810",0,1,0
"Ahyacinthus09684-RA","Ahyacinthus09684-RA","Ahya","OG_715",0,1,1
"Ahyacinthus09710-RA","Ahyacinthus09710-RA","Ahya","OG_3493",0,1,0
"Ahyacinthus09798-RA","Ahyacinthus09798-RA","Ahya","OG_966",1,1,1
"Ahyacinthus09851-RA","Ahyacinthus09851-RA","Ahya","OG_671",0,1,0
"Ahyacinthus09892-RA","Ahyacinthus09892-RA","Ahya","OG_11671",0,1,0
"Ahyacinthus09931-RA","Ahyacinthus09931-RA","Ahya","OG_11774",0,1,0
"Ahyacinthus09937-RA","Ahyacinthus09937-RA","Ahya","OG_11774",0,1,0
"Ahyacinthus09964-RA","Ahyacinthus09964-RA","Ahya","OG_3521",0,1,0
"Ahyacinthus10209-RA","Ahyacinthus10209-RA","Ahya","OG_12484",0,1,1
"Ahyacinthus10274-RA","Ahyacinthus10274-RA","Ahya","OG_11625",0,1,0
"Ahyacinthus10290-RA","Ahyacinthus10290-RA","Ahya","OG_3583",0,1,0
"Ahyacinthus10342-RA","Ahyacinthus10342-RA","Ahya","OG_1329",0,1,0
"Ahyacinthus10401-RA","Ahyacinthus10401-RA","Ahya","OG_5346",0,1,0
"Ahyacinthus10418-RA","Ahyacinthus10418-RA","Ahya","OG_3607",1,1,0
"Ahyacinthus10459-RA","Ahyacinthus10459-RA","Ahya","OG_11474",0,1,0
"Ahyacinthus10465-RA","Ahyacinthus10465-RA","Ahya","OG_11765",1,1,0
"Ahyacinthus10477-RA","Ahyacinthus10477-RA","Ahya","OG_6514",1,1,0
"Ahyacinthus10514-RA","Ahyacinthus10514-RA","Ahya","OG_11393",1,1,0
"Ahyacinthus10579-RA","Ahyacinthus10579-RA","Ahya","OG_11638",0,1,1
"Ahyacinthus10627-RA","Ahyacinthus10627-RA","Ahya","OG_11462",0,1,0
"Ahyacinthus10751-RA","Ahyacinthus10751-RA","Ahya","OG_11418",0,1,0
"Ahyacinthus10874-RA","Ahyacinthus10874-RA","Ahya","OG_11385",1,1,0
"Ahyacinthus10879-RA","Ahyacinthus10879-RA","Ahya","OG_11344",1,1,1
"Ahyacinthus10881-RA","Ahyacinthus10881-RA","Ahya","OG_11345",0,1,0
"Ahyacinthus10900-RA","Ahyacinthus10900-RA","Ahya","OG_5397",0,1,1
"Ahyacinthus11015-RA","Ahyacinthus11015-RA","Ahya","OG_10967",0,1,1
"Ahyacinthus11101-RA","Ahyacinthus11101-RA","Ahya","OG_1824",0,1,0
"Ahyacinthus11117-RA","Ahyacinthus11117-RA","Ahya","OG_11218",1,1,0
"Ahyacinthus11165-RA","Ahyacinthus11165-RA","Ahya","OG_160",1,1,1
"Ahyacinthus11213-RA","Ahyacinthus11213-RA","Ahya","OG_11263",0,1,0
"Ahyacinthus11217-RA","Ahyacinthus11217-RA","Ahya","OG_11263",0,1,0
"Ahyacinthus11300-RA","Ahyacinthus11300-RA","Ahya","OG_11256",1,1,0
"Ahyacinthus11315-RA","Ahyacinthus11315-RA","Ahya","OG_10921",1,1,0
"Ahyacinthus11317-RA","Ahyacinthus11317-RA","Ahya","OG_1869",0,1,0
"Ahyacinthus11321-RA","Ahyacinthus11321-RA","Ahya","OG_1872",0,1,0
"Ahyacinthus11333-RA","Ahyacinthus11333-RA","Ahya","OG_9352",0,1,0
"Ahyacinthus11351-RA","Ahyacinthus11351-RA","Ahya","OG_11260",0,1,1
"Ahyacinthus11422-RA","Ahyacinthus11422-RA","Ahya","OG_1886",0,1,0
"Ahyacinthus11453-RA","Ahyacinthus11453-RA","Ahya","OG_10796",0,1,0
"Ahyacinthus11487-RA","Ahyacinthus11487-RA","Ahya","OG_10794",0,1,0
"Ahyacinthus11490-RA","Ahyacinthus11490-RA","Ahya","OG_6459",0,1,0
"Ahyacinthus11495-RA","Ahyacinthus11495-RA","Ahya","OG_304",1,1,1
"Ahyacinthus11499-RA","Ahyacinthus11499-RA","Ahya","OG_304",1,1,1
"Ahyacinthus11500-RA","Ahyacinthus11500-RA","Ahya","OG_304",1,1,1
"Ahyacinthus11502-RA","Ahyacinthus11502-RA","Ahya","OG_304",1,1,1
"Ahyacinthus11525-RA","Ahyacinthus11525-RA","Ahya","OG_259",0,1,0
"Ahyacinthus11656-RA","Ahyacinthus11656-RA","Ahya","OG_170",1,1,1
"Ahyacinthus11721-RA","Ahyacinthus11721-RA","Ahya","OG_186",1,1,1
"Ahyacinthus11835-RA","Ahyacinthus11835-RA","Ahya","OG_10862",0,1,0
"Ahyacinthus11876-RA","Ahyacinthus11876-RA","Ahya","OG_159",0,1,1
"Ahyacinthus11892-RA","Ahyacinthus11892-RA","Ahya","OG_1945",0,1,0
"Ahyacinthus11894-RA","Ahyacinthus11894-RA","Ahya","OG_10839",0,1,0
"Ahyacinthus11896-RA","Ahyacinthus11896-RA","Ahya","OG_10839",0,1,0
"Ahyacinthus12055-RA","Ahyacinthus12055-RA","Ahya","OG_5449",0,1,0
"Ahyacinthus12065-RA","Ahyacinthus12065-RA","Ahya","OG_10810",0,1,0
"Ahyacinthus12084-RA","Ahyacinthus12084-RA","Ahya","OG_12344",0,1,0
"Ahyacinthus12197-RA","Ahyacinthus12197-RA","Ahya","OG_601",1,1,0
"Ahyacinthus12198-RA","Ahyacinthus12198-RA","Ahya","OG_601",1,1,0
"Ahyacinthus12207-RA","Ahyacinthus12207-RA","Ahya","OG_563",1,1,1
"Ahyacinthus12311-RA","Ahyacinthus12311-RA","Ahya","OG_2024",0,1,0
"Ahyacinthus12327-RA","Ahyacinthus12327-RA","Ahya","OG_1508",0,1,0
"Ahyacinthus12340-RA","Ahyacinthus12340-RA","Ahya","OG_596",1,1,1
"Ahyacinthus12342-RA","Ahyacinthus12342-RA","Ahya","OG_10997",0,1,0
"Ahyacinthus12401-RA","Ahyacinthus12401-RA","Ahya","OG_11060",0,1,1
"Ahyacinthus12497-RA","Ahyacinthus12497-RA","Ahya","OG_2053",0,1,0
"Ahyacinthus12566-RA","Ahyacinthus12566-RA","Ahya","OG_10760",0,1,0
"Ahyacinthus12589-RA","Ahyacinthus12589-RA","Ahya","OG_495",1,1,1
"Ahyacinthus12683-RA","Ahyacinthus12683-RA","Ahya","OG_11130",0,1,0
"Ahyacinthus12685-RA","Ahyacinthus12685-RA","Ahya","OG_7724",0,1,0
"Ahyacinthus12686-RA","Ahyacinthus12686-RA","Ahya","OG_7724",0,1,0
"Ahyacinthus12722-RA","Ahyacinthus12722-RA","Ahya","OG_11269",0,1,0
"Ahyacinthus12731-RA","Ahyacinthus12731-RA","Ahya","OG_10753",0,1,0
"Ahyacinthus12754-RA","Ahyacinthus12754-RA","Ahya","OG_6159",1,1,0
"Ahyacinthus12771-RA","Ahyacinthus12771-RA","Ahya","OG_10941",0,1,0
"Ahyacinthus12840-RA","Ahyacinthus12840-RA","Ahya","OG_352",1,1,1
"Ahyacinthus12861-RA","Ahyacinthus12861-RA","Ahya","OG_485",0,1,0
"Ahyacinthus12888-RA","Ahyacinthus12888-RA","Ahya","OG_1368",0,1,0
"Ahyacinthus12891-RA","Ahyacinthus12891-RA","Ahya","OG_11112",0,1,0
"Ahyacinthus12939-RA","Ahyacinthus12939-RA","Ahya","OG_2130",1,1,0
"Ahyacinthus12946-RA","Ahyacinthus12946-RA","Ahya","OG_2132",0,1,0
"Ahyacinthus12949-RA","Ahyacinthus12949-RA","Ahya","OG_2134",0,1,1
"Ahyacinthus12979-RA","Ahyacinthus12979-RA","Ahya","OG_11113",0,1,0
"Ahyacinthus13005-RA","Ahyacinthus13005-RA","Ahya","OG_2149",0,1,0
"Ahyacinthus13013-RA","Ahyacinthus13013-RA","Ahya","OG_2151",0,1,1
"Ahyacinthus13040-RA","Ahyacinthus13040-RA","Ahya","OG_3841",0,1,1
"Ahyacinthus13055-RA","Ahyacinthus13055-RA","Ahya","OG_8674",1,1,1
"Ahyacinthus13092-RA","Ahyacinthus13092-RA","Ahya","OG_8911",0,1,0
"Ahyacinthus13258-RA","Ahyacinthus13258-RA","Ahya","OG_8713",1,1,0
"Ahyacinthus13335-RA","Ahyacinthus13335-RA","Ahya","OG_8685",0,1,0
"Ahyacinthus13374-RA","Ahyacinthus13374-RA","Ahya","OG_3895",0,1,0
"Ahyacinthus13383-RA","Ahyacinthus13383-RA","Ahya","OG_330",0,1,0
"Ahyacinthus13391-RA","Ahyacinthus13391-RA","Ahya","OG_975",0,1,0
"Ahyacinthus13420-RA","Ahyacinthus13420-RA","Ahya","OG_6009",0,1,0
"Ahyacinthus13424-RA","Ahyacinthus13424-RA","Ahya","OG_8780",1,1,0
"Ahyacinthus13580-RA","Ahyacinthus13580-RA","Ahya","OG_3928",0,1,0
"Ahyacinthus13642-RA","Ahyacinthus13642-RA","Ahya","OG_3933",1,1,0
"Ahyacinthus13669-RA","Ahyacinthus13669-RA","Ahya","OG_8842",1,1,0
"Ahyacinthus13696-RA","Ahyacinthus13696-RA","Ahya","OG_8841",0,1,0
"Ahyacinthus13885-RA","Ahyacinthus13885-RA","Ahya","OG_421",0,1,1
"Ahyacinthus13950-RA","Ahyacinthus13950-RA","Ahya","OG_353",1,1,0
"Ahyacinthus13968-RA","Ahyacinthus13968-RA","Ahya","OG_408",1,1,1
"Ahyacinthus14007-RA","Ahyacinthus14007-RA","Ahya","OG_170",1,1,1
"Ahyacinthus14017-RA","Ahyacinthus14017-RA","Ahya","OG_568",0,1,0
"Ahyacinthus14160-RA","Ahyacinthus14160-RA","Ahya","OG_6053",1,1,0
"Ahyacinthus14183-RA","Ahyacinthus14183-RA","Ahya","OG_8659",0,1,0
"Ahyacinthus14189-RA","Ahyacinthus14189-RA","Ahya","OG_8897",0,1,1
"Ahyacinthus14218-RA","Ahyacinthus14218-RA","Ahya","OG_3991",1,1,0
"Ahyacinthus14256-RA","Ahyacinthus14256-RA","Ahya","OG_4000",0,1,0
"Ahyacinthus14292-RA","Ahyacinthus14292-RA","Ahya","OG_810",0,1,0
"Ahyacinthus14298-RA","Ahyacinthus14298-RA","Ahya","OG_5307",1,1,0
"Ahyacinthus14359-RA","Ahyacinthus14359-RA","Ahya","OG_828",0,1,0
"Ahyacinthus14422-RA","Ahyacinthus14422-RA","Ahya","OG_150",1,1,1
"Ahyacinthus14435-RA","Ahyacinthus14435-RA","Ahya","OG_12449",0,1,0
"Ahyacinthus14438-RA","Ahyacinthus14438-RA","Ahya","OG_1032",1,1,0
"Ahyacinthus14449-RA","Ahyacinthus14449-RA","Ahya","OG_8914",0,1,0
"Ahyacinthus14479-RA","Ahyacinthus14479-RA","Ahya","OG_8665",0,1,0
"Ahyacinthus14634-RA","Ahyacinthus14634-RA","Ahya","OG_8636",0,1,0
"Ahyacinthus14698-RA","Ahyacinthus14698-RA","Ahya","OG_4056",0,1,0
"Ahyacinthus14709-RA","Ahyacinthus14709-RA","Ahya","OG_6056",0,1,0
"Ahyacinthus14810-RA","Ahyacinthus14810-RA","Ahya","OG_20",1,1,0
"Ahyacinthus14818-RA","Ahyacinthus14818-RA","Ahya","OG_24",0,1,0
"Ahyacinthus14823-RA","Ahyacinthus14823-RA","Ahya","OG_377",0,1,0
"Ahyacinthus14854-RA","Ahyacinthus14854-RA","Ahya","OG_11839",0,1,0
"Ahyacinthus14871-RA","Ahyacinthus14871-RA","Ahya","OG_9777",0,1,0
"Ahyacinthus14885-RA","Ahyacinthus14885-RA","Ahya","OG_5074",0,1,0
"Ahyacinthus15094-RA","Ahyacinthus15094-RA","Ahya","OG_831",1,1,1
"Ahyacinthus15202-RA","Ahyacinthus15202-RA","Ahya","OG_12278",0,1,0
"Ahyacinthus15216-RA","Ahyacinthus15216-RA","Ahya","OG_90",0,1,0
"Ahyacinthus15289-RA","Ahyacinthus15289-RA","Ahya","OG_5360",1,1,1
"Ahyacinthus15346-RA","Ahyacinthus15346-RA","Ahya","OG_111",1,1,1
"Ahyacinthus15441-RA","Ahyacinthus15441-RA","Ahya","OG_1312",1,1,1
"Ahyacinthus15453-RA","Ahyacinthus15453-RA","Ahya","OG_12259",0,1,0
"Ahyacinthus15504-RA","Ahyacinthus15504-RA","Ahya","OG_834",0,1,0
"Ahyacinthus15595-RA","Ahyacinthus15595-RA","Ahya","OG_353",1,1,0
"Ahyacinthus15597-RA","Ahyacinthus15597-RA","Ahya","OG_353",1,1,0
"Ahyacinthus15612-RA","Ahyacinthus15612-RA","Ahya","OG_517",0,1,0
"Ahyacinthus15676-RA","Ahyacinthus15676-RA","Ahya","OG_6193",0,1,0
"Ahyacinthus15692-RA","Ahyacinthus15692-RA","Ahya","OG_6180",0,1,0
"Ahyacinthus15710-RA","Ahyacinthus15710-RA","Ahya","OG_1612",0,1,0
"Ahyacinthus15721-RA","Ahyacinthus15721-RA","Ahya","OG_1355",1,1,1
"Ahyacinthus15773-RA","Ahyacinthus15773-RA","Ahya","OG_1622",0,1,0
"Ahyacinthus15931-RA","Ahyacinthus15931-RA","Ahya","OG_1655",1,1,1
"Ahyacinthus16065-RA","Ahyacinthus16065-RA","Ahya","OG_1682",0,1,0
"Ahyacinthus16178-RA","Ahyacinthus16178-RA","Ahya","OG_1012",0,1,0
"Ahyacinthus16186-RA","Ahyacinthus16186-RA","Ahya","OG_12241",0,1,0
"Ahyacinthus16214-RA","Ahyacinthus16214-RA","Ahya","OG_11865",0,1,1
"Ahyacinthus16259-RA","Ahyacinthus16259-RA","Ahya","OG_12461",0,1,1
"Ahyacinthus16345-RA","Ahyacinthus16345-RA","Ahya","OG_6181",0,1,0
"Ahyacinthus16452-RA","Ahyacinthus16452-RA","Ahya","OG_1736",0,1,0
"Ahyacinthus16476-RA","Ahyacinthus16476-RA","Ahya","OG_11841",0,1,0
"Ahyacinthus16485-RA","Ahyacinthus16485-RA","Ahya","OG_12265",0,1,0
"Ahyacinthus16486-RA","Ahyacinthus16486-RA","Ahya","OG_1740",1,1,1
"Ahyacinthus16530-RA","Ahyacinthus16530-RA","Ahya","OG_575",0,1,0
"Ahyacinthus16573-RA","Ahyacinthus16573-RA","Ahya","OG_10675",0,1,0
"Ahyacinthus16574-RA","Ahyacinthus16574-RA","Ahya","OG_12163",0,1,0
"Ahyacinthus16663-RA","Ahyacinthus16663-RA","Ahya","OG_986",0,1,0
"Ahyacinthus16670-RA","Ahyacinthus16670-RA","Ahya","OG_986",0,1,0
"Ahyacinthus16676-RA","Ahyacinthus16676-RA","Ahya","OG_1767",1,1,1
"Ahyacinthus16696-RA","Ahyacinthus16696-RA","Ahya","OG_1772",0,1,0
"Ahyacinthus16721-RA","Ahyacinthus16721-RA","Ahya","OG_6478",0,1,0
"Ahyacinthus16793-RA","Ahyacinthus16793-RA","Ahya","OG_868",0,1,1
"Ahyacinthus16887-RA","Ahyacinthus16887-RA","Ahya","OG_861",0,1,1
"Ahyacinthus16923-RA","Ahyacinthus16923-RA","Ahya","OG_568",0,1,0
"Ahyacinthus16962-RA","Ahyacinthus16962-RA","Ahya","OG_2156",0,1,0
"Ahyacinthus16995-RA","Ahyacinthus16995-RA","Ahya","OG_810",0,1,0
"Ahyacinthus17050-RA","Ahyacinthus17050-RA","Ahya","OG_680",1,1,1
"Ahyacinthus17081-RA","Ahyacinthus17081-RA","Ahya","OG_887",0,1,0
"Ahyacinthus17201-RA","Ahyacinthus17201-RA","Ahya","OG_7673",0,1,0
"Ahyacinthus17202-RA","Ahyacinthus17202-RA","Ahya","OG_7674",1,1,0
"Ahyacinthus17206-RA","Ahyacinthus17206-RA","Ahya","OG_487",1,1,1
"Ahyacinthus17272-RA","Ahyacinthus17272-RA","Ahya","OG_2179",0,1,0
"Ahyacinthus17349-RA","Ahyacinthus17349-RA","Ahya","OG_7408",0,1,0
"Ahyacinthus17388-RA","Ahyacinthus17388-RA","Ahya","OG_2198",0,1,0
"Ahyacinthus17410-RA","Ahyacinthus17410-RA","Ahya","OG_6475",0,1,0
"Ahyacinthus17423-RA","Ahyacinthus17423-RA","Ahya","OG_7498",0,1,1
"Ahyacinthus17449-RA","Ahyacinthus17449-RA","Ahya","OG_2208",0,1,0
"Ahyacinthus17663-RA","Ahyacinthus17663-RA","Ahya","OG_7501",1,1,0
"Ahyacinthus17930-RA","Ahyacinthus17930-RA","Ahya","OG_2290",0,1,0
"Ahyacinthus18059-RA","Ahyacinthus18059-RA","Ahya","OG_1202",0,1,0
"Ahyacinthus18134-RA","Ahyacinthus18134-RA","Ahya","OG_259",0,1,0
"Ahyacinthus18212-RA","Ahyacinthus18212-RA","Ahya","OG_722",0,1,1
"Ahyacinthus18252-RA","Ahyacinthus18252-RA","Ahya","OG_377",0,1,0
"Ahyacinthus18305-RA","Ahyacinthus18305-RA","Ahya","OG_8409",0,1,0
"Ahyacinthus18316-RA","Ahyacinthus18316-RA","Ahya","OG_3060",0,1,0
"Ahyacinthus18331-RA","Ahyacinthus18331-RA","Ahya","OG_5089",1,1,1
"Ahyacinthus18360-RA","Ahyacinthus18360-RA","Ahya","OG_8329",0,1,0
"Ahyacinthus18407-RA","Ahyacinthus18407-RA","Ahya","OG_1377",1,1,0
"Ahyacinthus18421-RA","Ahyacinthus18421-RA","Ahya","OG_5014",1,1,0
"Ahyacinthus18506-RA","Ahyacinthus18506-RA","Ahya","OG_3095",0,1,0
"Ahyacinthus18545-RA","Ahyacinthus18545-RA","Ahya","OG_8185",0,1,0
"Ahyacinthus18550-RA","Ahyacinthus18550-RA","Ahya","OG_3100",1,1,0
"Ahyacinthus18628-RA","Ahyacinthus18628-RA","Ahya","OG_8173",0,1,0
"Ahyacinthus18632-RA","Ahyacinthus18632-RA","Ahya","OG_3115",1,1,0
"Ahyacinthus18721-RA","Ahyacinthus18721-RA","Ahya","OG_652",1,1,1
"Ahyacinthus18745-RA","Ahyacinthus18745-RA","Ahya","OG_305",1,1,1
"Ahyacinthus18769-RA","Ahyacinthus18769-RA","Ahya","OG_8440",1,1,0
"Ahyacinthus18781-RA","Ahyacinthus18781-RA","Ahya","OG_3148",1,1,0
"Ahyacinthus18786-RA","Ahyacinthus18786-RA","Ahya","OG_6352",0,1,0
"Ahyacinthus18837-RA","Ahyacinthus18837-RA","Ahya","OG_8197",0,1,1
"Ahyacinthus18894-RA","Ahyacinthus18894-RA","Ahya","OG_8411",0,1,0
"Ahyacinthus19166-RA","Ahyacinthus19166-RA","Ahya","OG_12415",0,1,0
"Ahyacinthus19189-RA","Ahyacinthus19189-RA","Ahya","OG_761",1,1,0
"Ahyacinthus19225-RA","Ahyacinthus19225-RA","Ahya","OG_920",1,1,1
"Ahyacinthus19245-RA","Ahyacinthus19245-RA","Ahya","OG_1107",0,1,0
"Ahyacinthus19329-RA","Ahyacinthus19329-RA","Ahya","OG_1121",0,1,0
"Ahyacinthus19358-RA","Ahyacinthus19358-RA","Ahya","OG_504",1,1,1
"Ahyacinthus19385-RA","Ahyacinthus19385-RA","Ahya","OG_813",1,1,0
"Ahyacinthus19406-RA","Ahyacinthus19406-RA","Ahya","OG_12535",0,1,0
"Ahyacinthus19471-RA","Ahyacinthus19471-RA","Ahya","OG_8187",0,1,0
"Ahyacinthus19495-RA","Ahyacinthus19495-RA","Ahya","OG_8182",1,1,0
"Ahyacinthus19507-RA","Ahyacinthus19507-RA","Ahya","OG_8324",0,1,0
"Ahyacinthus19591-RA","Ahyacinthus19591-RA","Ahya","OG_8277",0,1,0
"Ahyacinthus19673-RA","Ahyacinthus19673-RA","Ahya","OG_8245",0,1,0
"Ahyacinthus19720-RA","Ahyacinthus19720-RA","Ahya","OG_1571",0,1,0
"Ahyacinthus19747-RA","Ahyacinthus19747-RA","Ahya","OG_8209",0,1,1
"Ahyacinthus19865-RA","Ahyacinthus19865-RA","Ahya","OG_6601",0,1,1
"Ahyacinthus19887-RA","Ahyacinthus19887-RA","Ahya","OG_293",0,1,1
"Ahyacinthus19893-RA","Ahyacinthus19893-RA","Ahya","OG_312",0,1,1
"Ahyacinthus19896-RA","Ahyacinthus19896-RA","Ahya","OG_312",0,1,1
"Ahyacinthus19898-RA","Ahyacinthus19898-RA","Ahya","OG_312",0,1,1
"Ahyacinthus19917-RA","Ahyacinthus19917-RA","Ahya","OG_8408",0,1,0
"Ahyacinthus19962-RA","Ahyacinthus19962-RA","Ahya","OG_321",0,1,1
"Ahyacinthus20002-RA","Ahyacinthus20002-RA","Ahya","OG_5019",1,1,0
"Ahyacinthus20013-RA","Ahyacinthus20013-RA","Ahya","OG_150",1,1,1
"Ahyacinthus20176-RA","Ahyacinthus20176-RA","Ahya","OG_920",1,1,1
"Ahyacinthus20215-RA","Ahyacinthus20215-RA","Ahya","OG_300",1,1,1
"Ahyacinthus20220-RA","Ahyacinthus20220-RA","Ahya","OG_170",1,1,1
"Ahyacinthus20249-RA","Ahyacinthus20249-RA","Ahya","OG_6109",0,1,1
"Ahyacinthus20335-RA","Ahyacinthus20335-RA","Ahya","OG_5413",0,1,1
"Ahyacinthus20363-RA","Ahyacinthus20363-RA","Ahya","OG_10521",1,1,0
"Ahyacinthus20380-RA","Ahyacinthus20380-RA","Ahya","OG_2878",0,1,0
"Ahyacinthus20420-RA","Ahyacinthus20420-RA","Ahya","OG_5116",0,1,0
"Ahyacinthus20458-RA","Ahyacinthus20458-RA","Ahya","OG_10741",0,1,1
"Ahyacinthus20485-RA","Ahyacinthus20485-RA","Ahya","OG_5088",0,1,0
"Ahyacinthus20584-RA","Ahyacinthus20584-RA","Ahya","OG_10687",0,1,0
"Ahyacinthus20615-RA","Ahyacinthus20615-RA","Ahya","OG_12459",0,1,0
"Ahyacinthus20647-RA","Ahyacinthus20647-RA","Ahya","OG_10444",1,1,0
"Ahyacinthus20658-RA","Ahyacinthus20658-RA","Ahya","OG_10619",0,1,0
"Ahyacinthus20760-RA","Ahyacinthus20760-RA","Ahya","OG_6827",1,1,0
"Ahyacinthus20833-RA","Ahyacinthus20833-RA","Ahya","OG_10435",1,1,1
"Ahyacinthus20911-RA","Ahyacinthus20911-RA","Ahya","OG_2906",0,1,0
"Ahyacinthus20972-RA","Ahyacinthus20972-RA","Ahya","OG_9276",0,1,0
"Ahyacinthus21018-RA","Ahyacinthus21018-RA","Ahya","OG_2930",0,1,0
"Ahyacinthus21072-RA","Ahyacinthus21072-RA","Ahya","OG_6114",1,1,0
"Ahyacinthus21129-RA","Ahyacinthus21129-RA","Ahya","OG_10408",0,1,0
"Ahyacinthus21236-RA","Ahyacinthus21236-RA","Ahya","OG_10526",0,1,0
"Ahyacinthus21249-RA","Ahyacinthus21249-RA","Ahya","OG_928",0,1,0
"Ahyacinthus21301-RA","Ahyacinthus21301-RA","Ahya","OG_12665",0,1,0
"Ahyacinthus21316-RA","Ahyacinthus21316-RA","Ahya","OG_6204",1,1,0
"Ahyacinthus21508-RA","Ahyacinthus21508-RA","Ahya","OG_904",0,1,1
"Ahyacinthus21517-RA","Ahyacinthus21517-RA","Ahya","OG_904",0,1,1
"Ahyacinthus21518-RA","Ahyacinthus21518-RA","Ahya","OG_904",0,1,1
"Ahyacinthus21537-RA","Ahyacinthus21537-RA","Ahya","OG_904",0,1,1
"Ahyacinthus21562-RA","Ahyacinthus21562-RA","Ahya","OG_3017",1,1,0
"Ahyacinthus21569-RA","Ahyacinthus21569-RA","Ahya","OG_10399",0,1,0
"Ahyacinthus21574-RA","Ahyacinthus21574-RA","Ahya","OG_6119",0,1,0
"Ahyacinthus21698-RA","Ahyacinthus21698-RA","Ahya","OG_924",0,1,0
"Ahyacinthus21751-RA","Ahyacinthus21751-RA","Ahya","OG_1061",0,1,1
"Ahyacinthus21872-RA","Ahyacinthus21872-RA","Ahya","OG_216",0,1,0
"Ahyacinthus21881-RA","Ahyacinthus21881-RA","Ahya","OG_517",0,1,0
"Ahyacinthus21931-RA","Ahyacinthus21931-RA","Ahya","OG_1026",0,1,0
"Ahyacinthus22018-RA","Ahyacinthus22018-RA","Ahya","OG_291",1,1,1
"Ahyacinthus22154-RA","Ahyacinthus22154-RA","Ahya","OG_4823",1,1,0
"Ahyacinthus22170-RA","Ahyacinthus22170-RA","Ahya","OG_12608",0,1,0
"Ahyacinthus22174-RA","Ahyacinthus22174-RA","Ahya","OG_603",0,1,0
"Ahyacinthus22191-RA","Ahyacinthus22191-RA","Ahya","OG_9573",0,1,0
"Ahyacinthus22209-RA","Ahyacinthus22209-RA","Ahya","OG_353",1,1,0
"Ahyacinthus22210-RA","Ahyacinthus22210-RA","Ahya","OG_1076",1,1,1
"Ahyacinthus22222-RA","Ahyacinthus22222-RA","Ahya","OG_406",0,1,1
"Ahyacinthus22271-RA","Ahyacinthus22271-RA","Ahya","OG_962",0,1,0
"Ahyacinthus22286-RA","Ahyacinthus22286-RA","Ahya","OG_329",0,1,0
"Ahyacinthus22339-RA","Ahyacinthus22339-RA","Ahya","OG_1132",0,1,0
"Ahyacinthus22377-RA","Ahyacinthus22377-RA","Ahya","OG_170",1,1,1
"Ahyacinthus22384-RA","Ahyacinthus22384-RA","Ahya","OG_1132",0,1,0
"Ahyacinthus22500-RA","Ahyacinthus22500-RA","Ahya","OG_6721",0,1,0
"Ahyacinthus22532-RA","Ahyacinthus22532-RA","Ahya","OG_9479",0,1,0
"Ahyacinthus22619-RA","Ahyacinthus22619-RA","Ahya","OG_4882",0,1,0
"Ahyacinthus22754-RA","Ahyacinthus22754-RA","Ahya","OG_9343",0,1,1
"Ahyacinthus22755-RA","Ahyacinthus22755-RA","Ahya","OG_9342",1,1,0
"Ahyacinthus22770-RA","Ahyacinthus22770-RA","Ahya","OG_596",1,1,1
"Ahyacinthus22802-RA","Ahyacinthus22802-RA","Ahya","OG_420",0,1,1
"Ahyacinthus22844-RA","Ahyacinthus22844-RA","Ahya","OG_6937",0,1,1
"Ahyacinthus23056-RA","Ahyacinthus23056-RA","Ahya","OG_868",0,1,1
"Ahyacinthus23075-RA","Ahyacinthus23075-RA","Ahya","OG_9345",0,1,0
"Ahyacinthus23214-RA","Ahyacinthus23214-RA","Ahya","OG_5452",0,1,0
"Ahyacinthus23281-RA","Ahyacinthus23281-RA","Ahya","OG_2645",0,1,0
"Ahyacinthus23299-RA","Ahyacinthus23299-RA","Ahya","OG_6900",0,1,1
"Ahyacinthus23320-RA","Ahyacinthus23320-RA","Ahya","OG_7112",1,1,0
"Ahyacinthus23359-RA","Ahyacinthus23359-RA","Ahya","OG_6906",0,1,0
"Ahyacinthus23408-RA","Ahyacinthus23408-RA","Ahya","OG_7086",1,1,0
"Ahyacinthus23411-RA","Ahyacinthus23411-RA","Ahya","OG_2666",1,1,0
"Ahyacinthus23418-RA","Ahyacinthus23418-RA","Ahya","OG_6871",1,1,1
"Ahyacinthus23430-RA","Ahyacinthus23430-RA","Ahya","OG_7076",1,1,0
"Ahyacinthus23524-RA","Ahyacinthus23524-RA","Ahya","OG_2679",1,1,0
"Ahyacinthus23525-RA","Ahyacinthus23525-RA","Ahya","OG_2679",1,1,0
"Ahyacinthus23563-RA","Ahyacinthus23563-RA","Ahya","OG_504",1,1,1
"Ahyacinthus23580-RA","Ahyacinthus23580-RA","Ahya","OG_7195",0,1,0
"Ahyacinthus23816-RA","Ahyacinthus23816-RA","Ahya","OG_186",1,1,1
"Ahyacinthus24021-RA","Ahyacinthus24021-RA","Ahya","OG_443",0,1,0
"Ahyacinthus24042-RA","Ahyacinthus24042-RA","Ahya","OG_353",1,1,0
"Ahyacinthus24045-RA","Ahyacinthus24045-RA","Ahya","OG_5090",1,1,1
"Ahyacinthus24120-RA","Ahyacinthus24120-RA","Ahya","OG_601",1,1,0
"Ahyacinthus24157-RA","Ahyacinthus24157-RA","Ahya","OG_6863",1,1,0
"Ahyacinthus24307-RA","Ahyacinthus24307-RA","Ahya","OG_6424",0,1,0
"Ahyacinthus24339-RA","Ahyacinthus24339-RA","Ahya","OG_2724",0,1,0
"Ahyacinthus24377-RA","Ahyacinthus24377-RA","Ahya","OG_12422",0,1,0
"Ahyacinthus24431-RA","Ahyacinthus24431-RA","Ahya","OG_458",0,1,0
"Ahyacinthus24443-RA","Ahyacinthus24443-RA","Ahya","OG_1056",1,1,1
"Ahyacinthus24461-RA","Ahyacinthus24461-RA","Ahya","OG_5197",0,1,1
"Ahyacinthus24464-RA","Ahyacinthus24464-RA","Ahya","OG_2745",0,1,0
"Ahyacinthus24489-RA","Ahyacinthus24489-RA","Ahya","OG_9885",0,1,0
"Ahyacinthus24536-RA","Ahyacinthus24536-RA","Ahya","OG_299",0,1,0
"Ahyacinthus24549-RA","Ahyacinthus24549-RA","Ahya","OG_923",0,1,0
"Ahyacinthus24619-RA","Ahyacinthus24619-RA","Ahya","OG_923",0,1,0
"Ahyacinthus24652-RA","Ahyacinthus24652-RA","Ahya","OG_324",0,1,1
"Ahyacinthus24653-RA","Ahyacinthus24653-RA","Ahya","OG_324",0,1,1
"Ahyacinthus24848-RA","Ahyacinthus24848-RA","Ahya","OG_1235",0,1,0
"Ahyacinthus24941-RA","Ahyacinthus24941-RA","Ahya","OG_533",0,1,0
"Ahyacinthus24957-RA","Ahyacinthus24957-RA","Ahya","OG_5076",0,1,0
"Ahyacinthus25018-RA","Ahyacinthus25018-RA","Ahya","OG_353",1,1,0
"Ahyacinthus25106-RA","Ahyacinthus25106-RA","Ahya","OG_533",0,1,0
"Ahyacinthus25133-RA","Ahyacinthus25133-RA","Ahya","OG_901",0,1,1
"Ahyacinthus25207-RA","Ahyacinthus25207-RA","Ahya","OG_1319",0,1,0
"Ahyacinthus25216-RA","Ahyacinthus25216-RA","Ahya","OG_353",1,1,0
"Ahyacinthus25233-RA","Ahyacinthus25233-RA","Ahya","OG_4811",0,1,0
"Ahyacinthus25280-RA","Ahyacinthus25280-RA","Ahya","OG_353",1,1,0
"Ahyacinthus25342-RA","Ahyacinthus25342-RA","Ahya","OG_297",1,1,1
"Ahyacinthus25480-RA","Ahyacinthus25480-RA","Ahya","OG_1226",0,1,0
"Ahyacinthus25512-RA","Ahyacinthus25512-RA","Ahya","OG_477",1,1,1
"Ahyacinthus25664-RA","Ahyacinthus25664-RA","Ahya","OG_560",0,1,1
"Ahyacinthus25675-RA","Ahyacinthus25675-RA","Ahya","OG_382",1,1,0
"Ahyacinthus25758-RA","Ahyacinthus25758-RA","Ahya","OG_7464",0,1,0
"Ahyacinthus25807-RA","Ahyacinthus25807-RA","Ahya","OG_382",1,1,0
"Ahyacinthus25850-RA","Ahyacinthus25850-RA","Ahya","OG_761",1,1,0
"Ahyacinthus25852-RA","Ahyacinthus25852-RA","Ahya","OG_421",0,1,1
"Ahyacinthus25853-RA","Ahyacinthus25853-RA","Ahya","OG_421",0,1,1
"Ahyacinthus26051-RA","Ahyacinthus26051-RA","Ahya","OG_425",0,1,0
"Ahyacinthus26087-RA","Ahyacinthus26087-RA","Ahya","OG_1121",0,1,0
"Ahyacinthus26136-RA","Ahyacinthus26136-RA","Ahya","OG_923",0,1,0
"Ahyacinthus26349-RA","Ahyacinthus26349-RA","Ahya","OG_1051",1,1,0
"Ahyacinthus26499-RA","Ahyacinthus26499-RA","Ahya","OG_170",1,1,1
"Ahyacinthus26528-RA","Ahyacinthus26528-RA","Ahya","OG_222",0,1,1
"Ahyacinthus26716-RA","Ahyacinthus26716-RA","Ahya","OG_597",0,1,0
"Ahyacinthus26736-RA","Ahyacinthus26736-RA","Ahya","OG_810",0,1,0
"Ahyacinthus26822-RA","Ahyacinthus26822-RA","Ahya","OG_1121",0,1,0
"Ahyacinthus26885-RA","Ahyacinthus26885-RA","Ahya","OG_504",1,1,1
"Ahyacinthus26993-RA","Ahyacinthus26993-RA","Ahya","OG_504",1,1,1
"Ahyacinthus00739-RA","Ahyacinthus00739-RA","Ahya","OG_4684",0,1,0
"Ahyacinthus01601-RA","Ahyacinthus01601-RA","Ahya","OG_9130",0,1,0
"Ahyacinthus01618-RA","Ahyacinthus01618-RA","Ahya","OG_4791",1,1,0
"Ahyacinthus02201-RA","Ahyacinthus02201-RA","Ahya","OG_1373",1,1,0
"Ahyacinthus02492-RA","Ahyacinthus02492-RA","Ahya","OG_7888",0,1,0
"Ahyacinthus06332-RA","Ahyacinthus06332-RA","Ahya","OG_8780",1,1,0
"Ahyacinthus06674-RA","Ahyacinthus06674-RA","Ahya","OG_9766",0,1,0
"Ahyacinthus11493-RA","Ahyacinthus11493-RA","Ahya","OG_984",1,1,1
"Ahyacinthus11560-RA","Ahyacinthus11560-RA","Ahya","OG_11147",0,1,0
"Ahyacinthus14402-RA","Ahyacinthus14402-RA","Ahya","OG_5036",0,1,0
"Ahyacinthus15819-RA","Ahyacinthus15819-RA","Ahya","OG_763",1,1,0
"Ahyacinthus16879-RA","Ahyacinthus16879-RA","Ahya","OG_8974",1,1,0
"Ahyacinthus17539-RA","Ahyacinthus17539-RA","Ahya","OG_6490",0,1,0
"Ahyacinthus19905-RA","Ahyacinthus19905-RA","Ahya","OG_602",1,1,1
"Ahyacinthus20921-RA","Ahyacinthus20921-RA","Ahya","OG_6113",0,1,0
"Ahyacinthus21293-RA","Ahyacinthus21293-RA","Ahya","OG_10405",0,1,0
"Ahyacinthus26328-RA","Ahyacinthus26328-RA","Ahya","OG_717",0,1,0
"Ahyacinthus00125-RA","Ahyacinthus00125-RA","Ahya","OG_1190",1,1,0
"Ahyacinthus00235-RA","Ahyacinthus00235-RA","Ahya","OG_6699",0,1,0
"Ahyacinthus00848-RA","Ahyacinthus00848-RA","Ahya","OG_878",0,1,0
"Ahyacinthus01271-RA","Ahyacinthus01271-RA","Ahya","OG_1099",0,1,1
"Ahyacinthus02092-RA","Ahyacinthus02092-RA","Ahya","OG_2406",0,1,0
"Ahyacinthus02689-RA","Ahyacinthus02689-RA","Ahya","OG_2522",0,1,0
"Ahyacinthus02757-RA","Ahyacinthus02757-RA","Ahya","OG_7756",0,1,0
"Ahyacinthus02983-RA","Ahyacinthus02983-RA","Ahya","OG_273",1,1,1
"Ahyacinthus03022-RA","Ahyacinthus03022-RA","Ahya","OG_8024",1,1,0
"Ahyacinthus03142-RA","Ahyacinthus03142-RA","Ahya","OG_2610",0,1,1
"Ahyacinthus03510-RA","Ahyacinthus03510-RA","Ahya","OG_10059",1,1,0
"Ahyacinthus03835-RA","Ahyacinthus03835-RA","Ahya","OG_985",0,1,1
"Ahyacinthus04268-RA","Ahyacinthus04268-RA","Ahya","OG_10311",1,1,0
"Ahyacinthus04335-RA","Ahyacinthus04335-RA","Ahya","OG_10156",1,1,0
"Ahyacinthus04380-RA","Ahyacinthus04380-RA","Ahya","OG_462",0,1,1
"Ahyacinthus04621-RA","Ahyacinthus04621-RA","Ahya","OG_10049",0,1,0
"Ahyacinthus04662-RA","Ahyacinthus04662-RA","Ahya","OG_10155",1,1,1
"Ahyacinthus04892-RA","Ahyacinthus04892-RA","Ahya","OG_10176",1,1,0
"Ahyacinthus04935-RA","Ahyacinthus04935-RA","Ahya","OG_4553",1,1,0
"Ahyacinthus05008-RA","Ahyacinthus05008-RA","Ahya","OG_12563",0,1,1
"Ahyacinthus05112-RA","Ahyacinthus05112-RA","Ahya","OG_4604",1,1,0
"Ahyacinthus05477-RA","Ahyacinthus05477-RA","Ahya","OG_9871",0,1,0
"Ahyacinthus05612-RA","Ahyacinthus05612-RA","Ahya","OG_147",1,1,1
"Ahyacinthus05633-RA","Ahyacinthus05633-RA","Ahya","OG_4167",0,1,0
"Ahyacinthus05735-RA","Ahyacinthus05735-RA","Ahya","OG_183",0,1,1
"Ahyacinthus05741-RA","Ahyacinthus05741-RA","Ahya","OG_183",0,1,1
"Ahyacinthus05932-RA","Ahyacinthus05932-RA","Ahya","OG_421",0,1,1
"Ahyacinthus06598-RA","Ahyacinthus06598-RA","Ahya","OG_9774",1,1,0
"Ahyacinthus06608-RA","Ahyacinthus06608-RA","Ahya","OG_9737",0,1,0
"Ahyacinthus06695-RA","Ahyacinthus06695-RA","Ahya","OG_9681",0,1,0
"Ahyacinthus06876-RA","Ahyacinthus06876-RA","Ahya","OG_4306",0,1,0
"Ahyacinthus06992-RA","Ahyacinthus06992-RA","Ahya","OG_878",0,1,0
"Ahyacinthus07186-RA","Ahyacinthus07186-RA","Ahya","OG_746",0,1,0
"Ahyacinthus07820-RA","Ahyacinthus07820-RA","Ahya","OG_7283",0,1,0
"Ahyacinthus07936-RA","Ahyacinthus07936-RA","Ahya","OG_6444",0,1,0
"Ahyacinthus07967-RA","Ahyacinthus07967-RA","Ahya","OG_386",1,1,0
"Ahyacinthus09152-RA","Ahyacinthus09152-RA","Ahya","OG_647",1,1,1
"Ahyacinthus09874-RA","Ahyacinthus09874-RA","Ahya","OG_11582",0,1,0
"Ahyacinthus10131-RA","Ahyacinthus10131-RA","Ahya","OG_11692",0,1,0
"Ahyacinthus10561-RA","Ahyacinthus10561-RA","Ahya","OG_165",1,1,1
"Ahyacinthus10916-RA","Ahyacinthus10916-RA","Ahya","OG_1791",0,1,0
"Ahyacinthus11516-RA","Ahyacinthus11516-RA","Ahya","OG_1898",0,1,0
"Ahyacinthus11977-RA","Ahyacinthus11977-RA","Ahya","OG_1962",0,1,0
"Ahyacinthus12332-RA","Ahyacinthus12332-RA","Ahya","OG_11279",0,1,0
"Ahyacinthus12689-RA","Ahyacinthus12689-RA","Ahya","OG_2091",0,1,0
"Ahyacinthus12698-RA","Ahyacinthus12698-RA","Ahya","OG_2092",1,1,0
"Ahyacinthus12751-RA","Ahyacinthus12751-RA","Ahya","OG_882",1,1,1
"Ahyacinthus12936-RA","Ahyacinthus12936-RA","Ahya","OG_11295",0,1,0
"Ahyacinthus13112-RA","Ahyacinthus13112-RA","Ahya","OG_8649",0,1,0
"Ahyacinthus13135-RA","Ahyacinthus13135-RA","Ahya","OG_1352",0,1,0
"Ahyacinthus13381-RA","Ahyacinthus13381-RA","Ahya","OG_8637",1,1,0
"Ahyacinthus13441-RA","Ahyacinthus13441-RA","Ahya","OG_878",0,1,0
"Ahyacinthus13485-RA","Ahyacinthus13485-RA","Ahya","OG_878",0,1,0
"Ahyacinthus13609-RA","Ahyacinthus13609-RA","Ahya","OG_5110",0,1,0
"Ahyacinthus13732-RA","Ahyacinthus13732-RA","Ahya","OG_985",0,1,1
"Ahyacinthus13736-RA","Ahyacinthus13736-RA","Ahya","OG_985",0,1,1
"Ahyacinthus13739-RA","Ahyacinthus13739-RA","Ahya","OG_985",0,1,1
"Ahyacinthus14033-RA","Ahyacinthus14033-RA","Ahya","OG_6485",0,1,0
"Ahyacinthus14286-RA","Ahyacinthus14286-RA","Ahya","OG_386",1,1,0
"Ahyacinthus14586-RA","Ahyacinthus14586-RA","Ahya","OG_8774",0,1,0
"Ahyacinthus14846-RA","Ahyacinthus14846-RA","Ahya","OG_193",1,1,0
"Ahyacinthus15075-RA","Ahyacinthus15075-RA","Ahya","OG_62",1,1,0
"Ahyacinthus15142-RA","Ahyacinthus15142-RA","Ahya","OG_76",0,1,0
"Ahyacinthus15209-RA","Ahyacinthus15209-RA","Ahya","OG_12214",0,1,0
"Ahyacinthus15345-RA","Ahyacinthus15345-RA","Ahya","OG_12222",1,1,0
"Ahyacinthus15467-RA","Ahyacinthus15467-RA","Ahya","OG_881",0,1,1
"Ahyacinthus15481-RA","Ahyacinthus15481-RA","Ahya","OG_11854",1,1,0
"Ahyacinthus15497-RA","Ahyacinthus15497-RA","Ahya","OG_6195",0,1,0
"Ahyacinthus15667-RA","Ahyacinthus15667-RA","Ahya","OG_1602",0,1,0
"Ahyacinthus15694-RA","Ahyacinthus15694-RA","Ahya","OG_5313",0,1,0
"Ahyacinthus16110-RA","Ahyacinthus16110-RA","Ahya","OG_1687",0,1,0
"Ahyacinthus16251-RA","Ahyacinthus16251-RA","Ahya","OG_11922",1,1,0
"Ahyacinthus16331-RA","Ahyacinthus16331-RA","Ahya","OG_683",1,1,1
"Ahyacinthus16429-RA","Ahyacinthus16429-RA","Ahya","OG_10919",1,1,0
"Ahyacinthus16739-RA","Ahyacinthus16739-RA","Ahya","OG_1780",1,1,0
"Ahyacinthus16872-RA","Ahyacinthus16872-RA","Ahya","OG_7634",0,1,1
"Ahyacinthus17172-RA","Ahyacinthus17172-RA","Ahya","OG_7490",0,1,0
"Ahyacinthus17300-RA","Ahyacinthus17300-RA","Ahya","OG_2189",0,1,0
"Ahyacinthus17381-RA","Ahyacinthus17381-RA","Ahya","OG_12328",0,1,0
"Ahyacinthus17672-RA","Ahyacinthus17672-RA","Ahya","OG_7671",0,1,0
"Ahyacinthus17940-RA","Ahyacinthus17940-RA","Ahya","OG_6019",0,1,0
"Ahyacinthus18468-RA","Ahyacinthus18468-RA","Ahya","OG_8296",0,1,0
"Ahyacinthus19105-RA","Ahyacinthus19105-RA","Ahya","OG_992",0,1,0
"Ahyacinthus19566-RA","Ahyacinthus19566-RA","Ahya","OG_3258",0,1,0
"Ahyacinthus19805-RA","Ahyacinthus19805-RA","Ahya","OG_521",1,1,1
"Ahyacinthus19989-RA","Ahyacinthus19989-RA","Ahya","OG_8248",0,1,0
"Ahyacinthus20504-RA","Ahyacinthus20504-RA","Ahya","OG_2818",0,1,0
"Ahyacinthus20757-RA","Ahyacinthus20757-RA","Ahya","OG_10617",1,1,0
"Ahyacinthus20812-RA","Ahyacinthus20812-RA","Ahya","OG_12720",0,1,0
"Ahyacinthus20871-RA","Ahyacinthus20871-RA","Ahya","OG_384",1,1,0
"Ahyacinthus20909-RA","Ahyacinthus20909-RA","Ahya","OG_10476",0,1,0
"Ahyacinthus21147-RA","Ahyacinthus21147-RA","Ahya","OG_10725",0,1,0
"Ahyacinthus21168-RA","Ahyacinthus21168-RA","Ahya","OG_5122",0,1,0
"Ahyacinthus21358-RA","Ahyacinthus21358-RA","Ahya","OG_11054",0,1,1
"Ahyacinthus21471-RA","Ahyacinthus21471-RA","Ahya","OG_3012",0,1,0
"Ahyacinthus21491-RA","Ahyacinthus21491-RA","Ahya","OG_12698",0,1,0
"Ahyacinthus22017-RA","Ahyacinthus22017-RA","Ahya","OG_8014",0,1,0
"Ahyacinthus22716-RA","Ahyacinthus22716-RA","Ahya","OG_4900",0,1,0
"Ahyacinthus22725-RA","Ahyacinthus22725-RA","Ahya","OG_4902",0,1,0
"Ahyacinthus23085-RA","Ahyacinthus23085-RA","Ahya","OG_5261",1,1,0
"Ahyacinthus23206-RA","Ahyacinthus23206-RA","Ahya","OG_386",1,1,0
"Ahyacinthus23298-RA","Ahyacinthus23298-RA","Ahya","OG_131",0,1,0
"Ahyacinthus23508-RA","Ahyacinthus23508-RA","Ahya","OG_7093",0,1,0
"Ahyacinthus24948-RA","Ahyacinthus24948-RA","Ahya","OG_5113",0,1,0
"Ahyacinthus25370-RA","Ahyacinthus25370-RA","Ahya","OG_912",0,1,1
"Ahyacinthus25477-RA","Ahyacinthus25477-RA","Ahya","OG_746",0,1,0
"Ahyacinthus25619-RA","Ahyacinthus25619-RA","Ahya","OG_760",0,1,0
"Ahyacinthus25875-RA","Ahyacinthus25875-RA","Ahya","OG_1274",0,1,0
"Ahyacinthus00025-RA","Ahyacinthus00025-RA","Ahya","OG_596",1,1,1
"Ahyacinthus00067-RA","Ahyacinthus00067-RA","Ahya","OG_4625",0,1,0
"Ahyacinthus00362-RA","Ahyacinthus00362-RA","Ahya","OG_1101",0,1,1
"Ahyacinthus00600-RA","Ahyacinthus00600-RA","Ahya","OG_901",0,1,1
"Ahyacinthus01181-RA","Ahyacinthus01181-RA","Ahya","OG_4702",1,1,0
"Ahyacinthus01579-RA","Ahyacinthus01579-RA","Ahya","OG_9328",0,1,0
"Ahyacinthus01719-RA","Ahyacinthus01719-RA","Ahya","OG_7834",1,1,1
"Ahyacinthus01819-RA","Ahyacinthus01819-RA","Ahya","OG_7947",0,1,1
"Ahyacinthus01823-RA","Ahyacinthus01823-RA","Ahya","OG_882",1,1,1
"Ahyacinthus02138-RA","Ahyacinthus02138-RA","Ahya","OG_7878",0,1,0
"Ahyacinthus02143-RA","Ahyacinthus02143-RA","Ahya","OG_8118",0,1,0
"Ahyacinthus02340-RA","Ahyacinthus02340-RA","Ahya","OG_2454",1,1,1
"Ahyacinthus02612-RA","Ahyacinthus02612-RA","Ahya","OG_8413",0,1,1
"Ahyacinthus02657-RA","Ahyacinthus02657-RA","Ahya","OG_7879",0,1,0
"Ahyacinthus02817-RA","Ahyacinthus02817-RA","Ahya","OG_271",1,1,0
"Ahyacinthus02830-RA","Ahyacinthus02830-RA","Ahya","OG_2548",1,1,0
"Ahyacinthus02928-RA","Ahyacinthus02928-RA","Ahya","OG_8028",0,1,0
"Ahyacinthus03124-RA","Ahyacinthus03124-RA","Ahya","OG_8032",0,1,0
"Ahyacinthus03486-RA","Ahyacinthus03486-RA","Ahya","OG_5089",1,1,1
"Ahyacinthus03823-RA","Ahyacinthus03823-RA","Ahya","OG_543",1,1,1
"Ahyacinthus03946-RA","Ahyacinthus03946-RA","Ahya","OG_4422",0,1,0
"Ahyacinthus03961-RA","Ahyacinthus03961-RA","Ahya","OG_4424",0,1,1
"Ahyacinthus04055-RA","Ahyacinthus04055-RA","Ahya","OG_6777",0,1,0
"Ahyacinthus04765-RA","Ahyacinthus04765-RA","Ahya","OG_12420",0,1,0
"Ahyacinthus04923-RA","Ahyacinthus04923-RA","Ahya","OG_10106",1,1,0
"Ahyacinthus05403-RA","Ahyacinthus05403-RA","Ahya","OG_463",0,1,0
"Ahyacinthus05450-RA","Ahyacinthus05450-RA","Ahya","OG_9754",0,1,0
"Ahyacinthus05492-RA","Ahyacinthus05492-RA","Ahya","OG_9927",1,1,0
"Ahyacinthus05500-RA","Ahyacinthus05500-RA","Ahya","OG_9947",1,1,0
"Ahyacinthus05565-RA","Ahyacinthus05565-RA","Ahya","OG_9813",0,1,0
"Ahyacinthus05583-RA","Ahyacinthus05583-RA","Ahya","OG_9961",1,1,0
"Ahyacinthus05627-RA","Ahyacinthus05627-RA","Ahya","OG_9842",0,1,1
"Ahyacinthus05990-RA","Ahyacinthus05990-RA","Ahya","OG_6748",0,1,0
"Ahyacinthus06436-RA","Ahyacinthus06436-RA","Ahya","OG_4244",0,1,0
"Ahyacinthus06726-RA","Ahyacinthus06726-RA","Ahya","OG_792",1,1,1
"Ahyacinthus07739-RA","Ahyacinthus07739-RA","Ahya","OG_3714",0,1,0
"Ahyacinthus08046-RA","Ahyacinthus08046-RA","Ahya","OG_12336",0,1,0
"Ahyacinthus08360-RA","Ahyacinthus08360-RA","Ahya","OG_7307",0,1,0
"Ahyacinthus08367-RA","Ahyacinthus08367-RA","Ahya","OG_1200",1,1,0
"Ahyacinthus08537-RA","Ahyacinthus08537-RA","Ahya","OG_1021",0,1,0
"Ahyacinthus09264-RA","Ahyacinthus09264-RA","Ahya","OG_818",1,1,1
"Ahyacinthus09381-RA","Ahyacinthus09381-RA","Ahya","OG_3471",0,1,0
"Ahyacinthus09864-RA","Ahyacinthus09864-RA","Ahya","OG_495",1,1,1
"Ahyacinthus09895-RA","Ahyacinthus09895-RA","Ahya","OG_3514",0,1,0
"Ahyacinthus10152-RA","Ahyacinthus10152-RA","Ahya","OG_11309",0,1,0
"Ahyacinthus10271-RA","Ahyacinthus10271-RA","Ahya","OG_11789",1,1,0
"Ahyacinthus10307-RA","Ahyacinthus10307-RA","Ahya","OG_11790",0,1,0
"Ahyacinthus10328-RA","Ahyacinthus10328-RA","Ahya","OG_6592",0,1,0
"Ahyacinthus10339-RA","Ahyacinthus10339-RA","Ahya","OG_3595",0,1,0
"Ahyacinthus10390-RA","Ahyacinthus10390-RA","Ahya","OG_1009",1,1,0
"Ahyacinthus10674-RA","Ahyacinthus10674-RA","Ahya","OG_637",1,1,0
"Ahyacinthus10741-RA","Ahyacinthus10741-RA","Ahya","OG_640",1,1,1
"Ahyacinthus10772-RA","Ahyacinthus10772-RA","Ahya","OG_11347",0,1,0
"Ahyacinthus11425-RA","Ahyacinthus11425-RA","Ahya","OG_617",1,1,1
"Ahyacinthus11485-RA","Ahyacinthus11485-RA","Ahya","OG_12333",0,1,0
"Ahyacinthus11586-RA","Ahyacinthus11586-RA","Ahya","OG_11136",0,1,0
"Ahyacinthus11961-RA","Ahyacinthus11961-RA","Ahya","OG_1959",0,1,0
"Ahyacinthus12191-RA","Ahyacinthus12191-RA","Ahya","OG_10973",0,1,0
"Ahyacinthus12296-RA","Ahyacinthus12296-RA","Ahya","OG_6156",0,1,0
"Ahyacinthus12385-RA","Ahyacinthus12385-RA","Ahya","OG_854",0,1,0
"Ahyacinthus12429-RA","Ahyacinthus12429-RA","Ahya","OG_11290",0,1,0
"Ahyacinthus12454-RA","Ahyacinthus12454-RA","Ahya","OG_542",0,1,0
"Ahyacinthus12784-RA","Ahyacinthus12784-RA","Ahya","OG_5368",0,1,0
"Ahyacinthus12789-RA","Ahyacinthus12789-RA","Ahya","OG_11275",0,1,0
"Ahyacinthus12892-RA","Ahyacinthus12892-RA","Ahya","OG_10094",0,1,0
"Ahyacinthus13532-RA","Ahyacinthus13532-RA","Ahya","OG_347",0,1,1
"Ahyacinthus13539-RA","Ahyacinthus13539-RA","Ahya","OG_6666",0,1,0
"Ahyacinthus13631-RA","Ahyacinthus13631-RA","Ahya","OG_8724",0,1,1
"Ahyacinthus14078-RA","Ahyacinthus14078-RA","Ahya","OG_972",0,1,1
"Ahyacinthus14079-RA","Ahyacinthus14079-RA","Ahya","OG_972",0,1,1
"Ahyacinthus14081-RA","Ahyacinthus14081-RA","Ahya","OG_972",0,1,1
"Ahyacinthus14083-RA","Ahyacinthus14083-RA","Ahya","OG_972",0,1,1
"Ahyacinthus14234-RA","Ahyacinthus14234-RA","Ahya","OG_931",0,1,0
"Ahyacinthus14424-RA","Ahyacinthus14424-RA","Ahya","OG_8712",0,1,0
"Ahyacinthus14434-RA","Ahyacinthus14434-RA","Ahya","OG_12449",0,1,0
"Ahyacinthus14494-RA","Ahyacinthus14494-RA","Ahya","OG_5038",0,1,0
"Ahyacinthus14635-RA","Ahyacinthus14635-RA","Ahya","OG_8636",0,1,0
"Ahyacinthus14743-RA","Ahyacinthus14743-RA","Ahya","OG_8682",0,1,0
"Ahyacinthus14815-RA","Ahyacinthus14815-RA","Ahya","OG_206",1,1,1
"Ahyacinthus15144-RA","Ahyacinthus15144-RA","Ahya","OG_77",1,1,0
"Ahyacinthus15355-RA","Ahyacinthus15355-RA","Ahya","OG_12091",0,1,0
"Ahyacinthus15641-RA","Ahyacinthus15641-RA","Ahya","OG_1595",0,1,0
"Ahyacinthus16089-RA","Ahyacinthus16089-RA","Ahya","OG_7451",0,1,0
"Ahyacinthus16091-RA","Ahyacinthus16091-RA","Ahya","OG_12008",0,1,0
"Ahyacinthus16248-RA","Ahyacinthus16248-RA","Ahya","OG_11961",0,1,0
"Ahyacinthus16336-RA","Ahyacinthus16336-RA","Ahya","OG_1013",0,1,0
"Ahyacinthus16492-RA","Ahyacinthus16492-RA","Ahya","OG_699",1,1,0
"Ahyacinthus16499-RA","Ahyacinthus16499-RA","Ahya","OG_699",1,1,0
"Ahyacinthus16504-RA","Ahyacinthus16504-RA","Ahya","OG_699",1,1,0
"Ahyacinthus16506-RA","Ahyacinthus16506-RA","Ahya","OG_699",1,1,0
"Ahyacinthus16508-RA","Ahyacinthus16508-RA","Ahya","OG_699",1,1,0
"Ahyacinthus16606-RA","Ahyacinthus16606-RA","Ahya","OG_6568",0,1,0
"Ahyacinthus17053-RA","Ahyacinthus17053-RA","Ahya","OG_901",0,1,1
"Ahyacinthus17398-RA","Ahyacinthus17398-RA","Ahya","OG_2201",0,1,0
"Ahyacinthus17412-RA","Ahyacinthus17412-RA","Ahya","OG_2202",1,1,0
"Ahyacinthus17668-RA","Ahyacinthus17668-RA","Ahya","OG_2243",0,1,0
"Ahyacinthus17826-RA","Ahyacinthus17826-RA","Ahya","OG_7549",1,1,0
"Ahyacinthus18196-RA","Ahyacinthus18196-RA","Ahya","OG_664",1,1,1
"Ahyacinthus18312-RA","Ahyacinthus18312-RA","Ahya","OG_1147",1,1,0
"Ahyacinthus18599-RA","Ahyacinthus18599-RA","Ahya","OG_3109",0,1,1
"Ahyacinthus18649-RA","Ahyacinthus18649-RA","Ahya","OG_3122",1,1,0
"Ahyacinthus18662-RA","Ahyacinthus18662-RA","Ahya","OG_9508",0,1,0
"Ahyacinthus18921-RA","Ahyacinthus18921-RA","Ahya","OG_8537",0,1,0
"Ahyacinthus18947-RA","Ahyacinthus18947-RA","Ahya","OG_8198",1,1,0
"Ahyacinthus19278-RA","Ahyacinthus19278-RA","Ahya","OG_3213",0,1,0
"Ahyacinthus19354-RA","Ahyacinthus19354-RA","Ahya","OG_813",1,1,0
"Ahyacinthus19618-RA","Ahyacinthus19618-RA","Ahya","OG_3266",0,1,0
"Ahyacinthus19800-RA","Ahyacinthus19800-RA","Ahya","OG_8536",1,1,0
"Ahyacinthus20036-RA","Ahyacinthus20036-RA","Ahya","OG_336",1,1,1
"Ahyacinthus20261-RA","Ahyacinthus20261-RA","Ahya","OG_520",0,1,0
"Ahyacinthus20278-RA","Ahyacinthus20278-RA","Ahya","OG_287",0,1,1
"Ahyacinthus20491-RA","Ahyacinthus20491-RA","Ahya","OG_10726",0,1,0
"Ahyacinthus20748-RA","Ahyacinthus20748-RA","Ahya","OG_5192",0,1,0
"Ahyacinthus20835-RA","Ahyacinthus20835-RA","Ahya","OG_1259",0,1,1
"Ahyacinthus20874-RA","Ahyacinthus20874-RA","Ahya","OG_6120",1,1,0
"Ahyacinthus20933-RA","Ahyacinthus20933-RA","Ahya","OG_10731",0,1,0
"Ahyacinthus20967-RA","Ahyacinthus20967-RA","Ahya","OG_10513",1,1,0
"Ahyacinthus21051-RA","Ahyacinthus21051-RA","Ahya","OG_415",0,1,0
"Ahyacinthus21127-RA","Ahyacinthus21127-RA","Ahya","OG_10548",0,1,0
"Ahyacinthus21132-RA","Ahyacinthus21132-RA","Ahya","OG_6798",0,1,0
"Ahyacinthus21445-RA","Ahyacinthus21445-RA","Ahya","OG_5071",0,1,0
"Ahyacinthus22775-RA","Ahyacinthus22775-RA","Ahya","OG_6198",0,1,0
"Ahyacinthus22824-RA","Ahyacinthus22824-RA","Ahya","OG_7628",0,1,0
"Ahyacinthus23283-RA","Ahyacinthus23283-RA","Ahya","OG_934",0,1,0
"Ahyacinthus23669-RA","Ahyacinthus23669-RA","Ahya","OG_477",1,1,1
"Ahyacinthus23973-RA","Ahyacinthus23973-RA","Ahya","OG_957",0,1,0
"Ahyacinthus24392-RA","Ahyacinthus24392-RA","Ahya","OG_7108",0,1,0
"Ahyacinthus24968-RA","Ahyacinthus24968-RA","Ahya","OG_957",0,1,0
"Ahyacinthus25147-RA","Ahyacinthus25147-RA","Ahya","OG_818",1,1,1
"Ahyacinthus25620-RA","Ahyacinthus25620-RA","Ahya","OG_8639",0,1,0
"Ahyacinthus25698-RA","Ahyacinthus25698-RA","Ahya","OG_8639",0,1,0
"Ahyacinthus25762-RA","Ahyacinthus25762-RA","Ahya","OG_818",1,1,1
"Ahyacinthus25888-RA","Ahyacinthus25888-RA","Ahya","OG_257",1,1,1
"Ahyacinthus25925-RA","Ahyacinthus25925-RA","Ahya","OG_477",1,1,1
"Ahyacinthus25929-RA","Ahyacinthus25929-RA","Ahya","OG_477",1,1,1
"Ahyacinthus26266-RA","Ahyacinthus26266-RA","Ahya","OG_699",1,1,0
"Ahyacinthus26267-RA","Ahyacinthus26267-RA","Ahya","OG_699",1,1,0
"Ahyacinthus26269-RA","Ahyacinthus26269-RA","Ahya","OG_699",1,1,0
"Ahyacinthus26435-RA","Ahyacinthus26435-RA","Ahya","OG_699",1,1,0
"Ahyacinthus26437-RA","Ahyacinthus26437-RA","Ahya","OG_699",1,1,0
"Ahyacinthus26990-RA","Ahyacinthus26990-RA","Ahya","OG_182",0,1,0
"Ahyacinthus00093-RA","Ahyacinthus00093-RA","Ahya","OG_396",1,1,0
"Ahyacinthus00160-RA","Ahyacinthus00160-RA","Ahya","OG_9092",0,1,0
"Ahyacinthus00663-RA","Ahyacinthus00663-RA","Ahya","OG_951",0,1,1
"Ahyacinthus01204-RA","Ahyacinthus01204-RA","Ahya","OG_4710",0,1,1
"Ahyacinthus01410-RA","Ahyacinthus01410-RA","Ahya","OG_9241",0,1,0
"Ahyacinthus01679-RA","Ahyacinthus01679-RA","Ahya","OG_9201",1,1,0
"Ahyacinthus01720-RA","Ahyacinthus01720-RA","Ahya","OG_2309",0,1,0
"Ahyacinthus02172-RA","Ahyacinthus02172-RA","Ahya","OG_1051",1,1,0
"Ahyacinthus02502-RA","Ahyacinthus02502-RA","Ahya","OG_7207",0,1,0
"Ahyacinthus03915-RA","Ahyacinthus03915-RA","Ahya","OG_5159",1,1,0
"Ahyacinthus03978-RA","Ahyacinthus03978-RA","Ahya","OG_416",0,1,1
"Ahyacinthus04760-RA","Ahyacinthus04760-RA","Ahya","OG_6101",0,1,0
"Ahyacinthus04919-RA","Ahyacinthus04919-RA","Ahya","OG_10380",0,1,0
"Ahyacinthus05308-RA","Ahyacinthus05308-RA","Ahya","OG_4100",0,1,0
"Ahyacinthus05629-RA","Ahyacinthus05629-RA","Ahya","OG_274",1,1,1
"Ahyacinthus06482-RA","Ahyacinthus06482-RA","Ahya","OG_9796",0,1,0
"Ahyacinthus08175-RA","Ahyacinthus08175-RA","Ahya","OG_7243",1,1,1
"Ahyacinthus08351-RA","Ahyacinthus08351-RA","Ahya","OG_7223",1,1,0
"Ahyacinthus08578-RA","Ahyacinthus08578-RA","Ahya","OG_3835",1,1,0
"Ahyacinthus09116-RA","Ahyacinthus09116-RA","Ahya","OG_11576",1,1,0
"Ahyacinthus09238-RA","Ahyacinthus09238-RA","Ahya","OG_382",1,1,0
"Ahyacinthus09243-RA","Ahyacinthus09243-RA","Ahya","OG_10383",0,1,0
"Ahyacinthus09281-RA","Ahyacinthus09281-RA","Ahya","OG_382",1,1,0
"Ahyacinthus09351-RA","Ahyacinthus09351-RA","Ahya","OG_757",1,1,1
"Ahyacinthus09508-RA","Ahyacinthus09508-RA","Ahya","OG_3481",0,1,0
"Ahyacinthus09643-RA","Ahyacinthus09643-RA","Ahya","OG_9751",0,1,0
"Ahyacinthus10028-RA","Ahyacinthus10028-RA","Ahya","OG_6340",1,1,1
"Ahyacinthus10769-RA","Ahyacinthus10769-RA","Ahya","OG_6476",0,1,0
"Ahyacinthus11018-RA","Ahyacinthus11018-RA","Ahya","OG_193",1,1,0
"Ahyacinthus11278-RA","Ahyacinthus11278-RA","Ahya","OG_6842",1,1,0
"Ahyacinthus11429-RA","Ahyacinthus11429-RA","Ahya","OG_5089",1,1,1
"Ahyacinthus11744-RA","Ahyacinthus11744-RA","Ahya","OG_11116",0,1,0
"Ahyacinthus12053-RA","Ahyacinthus12053-RA","Ahya","OG_1974",1,1,0
"Ahyacinthus12592-RA","Ahyacinthus12592-RA","Ahya","OG_11160",0,1,0
"Ahyacinthus13239-RA","Ahyacinthus13239-RA","Ahya","OG_6259",1,1,1
"Ahyacinthus14588-RA","Ahyacinthus14588-RA","Ahya","OG_8774",0,1,0
"Ahyacinthus15009-RA","Ahyacinthus15009-RA","Ahya","OG_12440",0,1,0
"Ahyacinthus15852-RA","Ahyacinthus15852-RA","Ahya","OG_1640",0,1,0
"Ahyacinthus15900-RA","Ahyacinthus15900-RA","Ahya","OG_1648",1,1,0
"Ahyacinthus15906-RA","Ahyacinthus15906-RA","Ahya","OG_12197",0,1,0
"Ahyacinthus16075-RA","Ahyacinthus16075-RA","Ahya","OG_838",0,1,1
"Ahyacinthus16759-RA","Ahyacinthus16759-RA","Ahya","OG_12024",0,1,0
"Ahyacinthus16921-RA","Ahyacinthus16921-RA","Ahya","OG_259",0,1,0
"Ahyacinthus17250-RA","Ahyacinthus17250-RA","Ahya","OG_2177",0,1,0
"Ahyacinthus17297-RA","Ahyacinthus17297-RA","Ahya","OG_6013",1,1,0
"Ahyacinthus17549-RA","Ahyacinthus17549-RA","Ahya","OG_242",1,1,1
"Ahyacinthus17738-RA","Ahyacinthus17738-RA","Ahya","OG_2259",0,1,0
"Ahyacinthus18520-RA","Ahyacinthus18520-RA","Ahya","OG_6892",0,1,1
"Ahyacinthus18644-RA","Ahyacinthus18644-RA","Ahya","OG_8487",0,1,0
"Ahyacinthus19897-RA","Ahyacinthus19897-RA","Ahya","OG_312",0,1,1
"Ahyacinthus19963-RA","Ahyacinthus19963-RA","Ahya","OG_3331",0,1,0
"Ahyacinthus20706-RA","Ahyacinthus20706-RA","Ahya","OG_2872",1,1,0
"Ahyacinthus21548-RA","Ahyacinthus21548-RA","Ahya","OG_282",1,1,1
"Ahyacinthus21828-RA","Ahyacinthus21828-RA","Ahya","OG_408",1,1,1
"Ahyacinthus22040-RA","Ahyacinthus22040-RA","Ahya","OG_1544",0,1,0
"Ahyacinthus23297-RA","Ahyacinthus23297-RA","Ahya","OG_5458",0,1,0
"Ahyacinthus25353-RA","Ahyacinthus25353-RA","Ahya","OG_396",1,1,0
"Ahyacinthus25359-RA","Ahyacinthus25359-RA","Ahya","OG_396",1,1,0
"Ahyacinthus25578-RA","Ahyacinthus25578-RA","Ahya","OG_282",1,1,1
"Ahyacinthus26305-RA","Ahyacinthus26305-RA","Ahya","OG_1168",1,1,0
"Ahyacinthus26427-RA","Ahyacinthus26427-RA","Ahya","OG_396",1,1,0
"Ahyacinthus00047-RA","Ahyacinthus00047-RA","Ahya","OG_6709",0,1,0
"Ahyacinthus00185-RA","Ahyacinthus00185-RA","Ahya","OG_860",0,1,0
"Ahyacinthus00349-RA","Ahyacinthus00349-RA","Ahya","OG_6260",1,1,0
"Ahyacinthus00528-RA","Ahyacinthus00528-RA","Ahya","OG_1121",0,1,0
"Ahyacinthus00754-RA","Ahyacinthus00754-RA","Ahya","OG_1015",0,1,1
"Ahyacinthus01161-RA","Ahyacinthus01161-RA","Ahya","OG_9303",0,1,0
"Ahyacinthus01426-RA","Ahyacinthus01426-RA","Ahya","OG_5323",1,1,1
"Ahyacinthus01476-RA","Ahyacinthus01476-RA","Ahya","OG_9288",1,1,0
"Ahyacinthus01529-RA","Ahyacinthus01529-RA","Ahya","OG_4775",0,1,0
"Ahyacinthus01565-RA","Ahyacinthus01565-RA","Ahya","OG_4785",0,1,0
"Ahyacinthus01604-RA","Ahyacinthus01604-RA","Ahya","OG_9255",0,1,0
"Ahyacinthus01802-RA","Ahyacinthus01802-RA","Ahya","OG_6269",0,1,0
"Ahyacinthus01847-RA","Ahyacinthus01847-RA","Ahya","OG_2341",0,1,0
"Ahyacinthus02044-RA","Ahyacinthus02044-RA","Ahya","OG_7769",0,1,0
"Ahyacinthus02158-RA","Ahyacinthus02158-RA","Ahya","OG_2415",0,1,0
"Ahyacinthus02608-RA","Ahyacinthus02608-RA","Ahya","OG_684",1,1,0
"Ahyacinthus02609-RA","Ahyacinthus02609-RA","Ahya","OG_684",1,1,0
"Ahyacinthus02610-RA","Ahyacinthus02610-RA","Ahya","OG_5081",1,1,0
"Ahyacinthus02625-RA","Ahyacinthus02625-RA","Ahya","OG_6040",0,1,0
"Ahyacinthus02633-RA","Ahyacinthus02633-RA","Ahya","OG_7919",0,1,0
"Ahyacinthus02673-RA","Ahyacinthus02673-RA","Ahya","OG_7843",0,1,0
"Ahyacinthus02810-RA","Ahyacinthus02810-RA","Ahya","OG_7705",0,1,0
"Ahyacinthus02898-RA","Ahyacinthus02898-RA","Ahya","OG_8060",0,1,0
"Ahyacinthus02921-RA","Ahyacinthus02921-RA","Ahya","OG_5999",0,1,0
"Ahyacinthus02946-RA","Ahyacinthus02946-RA","Ahya","OG_2579",0,1,0
"Ahyacinthus03170-RA","Ahyacinthus03170-RA","Ahya","OG_936",0,1,0
"Ahyacinthus03175-RA","Ahyacinthus03175-RA","Ahya","OG_936",0,1,0
"Ahyacinthus03212-RA","Ahyacinthus03212-RA","Ahya","OG_7760",0,1,0
"Ahyacinthus03537-RA","Ahyacinthus03537-RA","Ahya","OG_12596",0,1,0
"Ahyacinthus03566-RA","Ahyacinthus03566-RA","Ahya","OG_4358",0,1,0
"Ahyacinthus03644-RA","Ahyacinthus03644-RA","Ahya","OG_527",0,1,1
"Ahyacinthus03776-RA","Ahyacinthus03776-RA","Ahya","OG_4393",0,1,0
"Ahyacinthus03822-RA","Ahyacinthus03822-RA","Ahya","OG_1241",0,1,0
"Ahyacinthus03896-RA","Ahyacinthus03896-RA","Ahya","OG_10131",0,1,0
"Ahyacinthus03929-RA","Ahyacinthus03929-RA","Ahya","OG_6319",0,1,1
"Ahyacinthus04057-RA","Ahyacinthus04057-RA","Ahya","OG_574",1,1,0
"Ahyacinthus04089-RA","Ahyacinthus04089-RA","Ahya","OG_436",1,1,1
"Ahyacinthus04093-RA","Ahyacinthus04093-RA","Ahya","OG_436",1,1,1
"Ahyacinthus04178-RA","Ahyacinthus04178-RA","Ahya","OG_5118",0,1,0
"Ahyacinthus04397-RA","Ahyacinthus04397-RA","Ahya","OG_1486",0,1,0
"Ahyacinthus04460-RA","Ahyacinthus04460-RA","Ahya","OG_10185",0,1,0
"Ahyacinthus04534-RA","Ahyacinthus04534-RA","Ahya","OG_10242",0,1,0
"Ahyacinthus04556-RA","Ahyacinthus04556-RA","Ahya","OG_4489",1,1,0
"Ahyacinthus04587-RA","Ahyacinthus04587-RA","Ahya","OG_4493",0,1,0
"Ahyacinthus04705-RA","Ahyacinthus04705-RA","Ahya","OG_10138",0,1,0
"Ahyacinthus04795-RA","Ahyacinthus04795-RA","Ahya","OG_4533",0,1,0
"Ahyacinthus04822-RA","Ahyacinthus04822-RA","Ahya","OG_12584",0,1,0
"Ahyacinthus04840-RA","Ahyacinthus04840-RA","Ahya","OG_4538",0,1,0
"Ahyacinthus04867-RA","Ahyacinthus04867-RA","Ahya","OG_10036",0,1,0
"Ahyacinthus04914-RA","Ahyacinthus04914-RA","Ahya","OG_5251",1,1,0
"Ahyacinthus04971-RA","Ahyacinthus04971-RA","Ahya","OG_4560",0,1,0
"Ahyacinthus05026-RA","Ahyacinthus05026-RA","Ahya","OG_4572",0,1,0
"Ahyacinthus05048-RA","Ahyacinthus05048-RA","Ahya","OG_4580",0,1,0
"Ahyacinthus05055-RA","Ahyacinthus05055-RA","Ahya","OG_4582",0,1,0
"Ahyacinthus05350-RA","Ahyacinthus05350-RA","Ahya","OG_181",0,1,1
"Ahyacinthus05499-RA","Ahyacinthus05499-RA","Ahya","OG_9947",1,1,0
"Ahyacinthus05504-RA","Ahyacinthus05504-RA","Ahya","OG_507",0,1,0
"Ahyacinthus05734-RA","Ahyacinthus05734-RA","Ahya","OG_1277",0,1,0
"Ahyacinthus06057-RA","Ahyacinthus06057-RA","Ahya","OG_8728",0,1,0
"Ahyacinthus06256-RA","Ahyacinthus06256-RA","Ahya","OG_4218",0,1,0
"Ahyacinthus06266-RA","Ahyacinthus06266-RA","Ahya","OG_9770",0,1,0
"Ahyacinthus06566-RA","Ahyacinthus06566-RA","Ahya","OG_1466",0,1,0
"Ahyacinthus06774-RA","Ahyacinthus06774-RA","Ahya","OG_590",0,1,0
"Ahyacinthus06924-RA","Ahyacinthus06924-RA","Ahya","OG_5479",0,1,0
"Ahyacinthus06936-RA","Ahyacinthus06936-RA","Ahya","OG_9635",0,1,0
"Ahyacinthus07123-RA","Ahyacinthus07123-RA","Ahya","OG_7733",0,1,0
"Ahyacinthus07261-RA","Ahyacinthus07261-RA","Ahya","OG_983",0,1,0
"Ahyacinthus07473-RA","Ahyacinthus07473-RA","Ahya","OG_277",0,1,1
"Ahyacinthus07664-RA","Ahyacinthus07664-RA","Ahya","OG_3702",1,1,1
"Ahyacinthus07728-RA","Ahyacinthus07728-RA","Ahya","OG_3710",0,1,0
"Ahyacinthus07790-RA","Ahyacinthus07790-RA","Ahya","OG_185",0,1,1
"Ahyacinthus07791-RA","Ahyacinthus07791-RA","Ahya","OG_185",0,1,1
"Ahyacinthus07966-RA","Ahyacinthus07966-RA","Ahya","OG_6246",0,1,0
"Ahyacinthus08030-RA","Ahyacinthus08030-RA","Ahya","OG_6454",0,1,0
"Ahyacinthus08135-RA","Ahyacinthus08135-RA","Ahya","OG_979",0,1,1
"Ahyacinthus08196-RA","Ahyacinthus08196-RA","Ahya","OG_12542",0,1,0
"Ahyacinthus08272-RA","Ahyacinthus08272-RA","Ahya","OG_980",0,1,1
"Ahyacinthus08273-RA","Ahyacinthus08273-RA","Ahya","OG_7210",0,1,1
"Ahyacinthus08324-RA","Ahyacinthus08324-RA","Ahya","OG_3800",1,1,0
"Ahyacinthus08409-RA","Ahyacinthus08409-RA","Ahya","OG_7180",0,1,0
"Ahyacinthus08631-RA","Ahyacinthus08631-RA","Ahya","OG_6345",0,1,0
"Ahyacinthus08765-RA","Ahyacinthus08765-RA","Ahya","OG_3374",1,1,0
"Ahyacinthus08783-RA","Ahyacinthus08783-RA","Ahya","OG_6164",0,1,1
"Ahyacinthus08999-RA","Ahyacinthus08999-RA","Ahya","OG_6455",0,1,0
"Ahyacinthus09124-RA","Ahyacinthus09124-RA","Ahya","OG_11366",0,1,0
"Ahyacinthus09127-RA","Ahyacinthus09127-RA","Ahya","OG_11366",0,1,0
"Ahyacinthus09220-RA","Ahyacinthus09220-RA","Ahya","OG_11737",0,1,0
"Ahyacinthus09314-RA","Ahyacinthus09314-RA","Ahya","OG_277",0,1,1
"Ahyacinthus09441-RA","Ahyacinthus09441-RA","Ahya","OG_11484",1,1,0
"Ahyacinthus09532-RA","Ahyacinthus09532-RA","Ahya","OG_144",1,1,1
"Ahyacinthus09735-RA","Ahyacinthus09735-RA","Ahya","OG_11566",0,1,0
"Ahyacinthus09771-RA","Ahyacinthus09771-RA","Ahya","OG_5081",1,1,0
"Ahyacinthus09893-RA","Ahyacinthus09893-RA","Ahya","OG_11671",0,1,0
"Ahyacinthus09953-RA","Ahyacinthus09953-RA","Ahya","OG_3520",0,1,1
"Ahyacinthus10067-RA","Ahyacinthus10067-RA","Ahya","OG_11350",0,1,0
"Ahyacinthus10291-RA","Ahyacinthus10291-RA","Ahya","OG_3581",0,1,0
"Ahyacinthus10480-RA","Ahyacinthus10480-RA","Ahya","OG_11766",0,1,0
"Ahyacinthus10485-RA","Ahyacinthus10485-RA","Ahya","OG_977",1,1,1
"Ahyacinthus10672-RA","Ahyacinthus10672-RA","Ahya","OG_11675",0,1,0
"Ahyacinthus10696-RA","Ahyacinthus10696-RA","Ahya","OG_6337",1,1,0
"Ahyacinthus10766-RA","Ahyacinthus10766-RA","Ahya","OG_165",1,1,1
"Ahyacinthus10775-RA","Ahyacinthus10775-RA","Ahya","OG_3669",0,1,0
"Ahyacinthus10805-RA","Ahyacinthus10805-RA","Ahya","OG_173",1,1,1
"Ahyacinthus11149-RA","Ahyacinthus11149-RA","Ahya","OG_6563",1,1,0
"Ahyacinthus11156-RA","Ahyacinthus11156-RA","Ahya","OG_6841",0,1,0
"Ahyacinthus11179-RA","Ahyacinthus11179-RA","Ahya","OG_11272",1,1,0
"Ahyacinthus11374-RA","Ahyacinthus11374-RA","Ahya","OG_183",0,1,1
"Ahyacinthus11463-RA","Ahyacinthus11463-RA","Ahya","OG_1894",0,1,0
"Ahyacinthus11604-RA","Ahyacinthus11604-RA","Ahya","OG_10792",0,1,0
"Ahyacinthus11613-RA","Ahyacinthus11613-RA","Ahya","OG_10835",0,1,0
"Ahyacinthus11814-RA","Ahyacinthus11814-RA","Ahya","OG_10940",1,1,0
"Ahyacinthus11822-RA","Ahyacinthus11822-RA","Ahya","OG_923",0,1,0
"Ahyacinthus11924-RA","Ahyacinthus11924-RA","Ahya","OG_7155",1,1,0
"Ahyacinthus11989-RA","Ahyacinthus11989-RA","Ahya","OG_10957",0,1,0
"Ahyacinthus12026-RA","Ahyacinthus12026-RA","Ahya","OG_11204",0,1,0
"Ahyacinthus12064-RA","Ahyacinthus12064-RA","Ahya","OG_10809",0,1,0
"Ahyacinthus12087-RA","Ahyacinthus12087-RA","Ahya","OG_11017",0,1,0
"Ahyacinthus12095-RA","Ahyacinthus12095-RA","Ahya","OG_6857",1,1,0
"Ahyacinthus12319-RA","Ahyacinthus12319-RA","Ahya","OG_10868",1,1,0
"Ahyacinthus12323-RA","Ahyacinthus12323-RA","Ahya","OG_125",1,1,1
"Ahyacinthus12412-RA","Ahyacinthus12412-RA","Ahya","OG_5253",1,1,0
"Ahyacinthus12464-RA","Ahyacinthus12464-RA","Ahya","OG_1294",0,1,0
"Ahyacinthus12472-RA","Ahyacinthus12472-RA","Ahya","OG_2048",0,1,0
"Ahyacinthus12485-RA","Ahyacinthus12485-RA","Ahya","OG_11302",0,1,0
"Ahyacinthus12492-RA","Ahyacinthus12492-RA","Ahya","OG_10812",0,1,0
"Ahyacinthus12502-RA","Ahyacinthus12502-RA","Ahya","OG_5257",0,1,0
"Ahyacinthus12522-RA","Ahyacinthus12522-RA","Ahya","OG_2056",0,1,0
"Ahyacinthus12524-RA","Ahyacinthus12524-RA","Ahya","OG_2059",0,1,0
"Ahyacinthus12582-RA","Ahyacinthus12582-RA","Ahya","OG_6155",0,1,0
"Ahyacinthus12666-RA","Ahyacinthus12666-RA","Ahya","OG_10528",0,1,0
"Ahyacinthus12718-RA","Ahyacinthus12718-RA","Ahya","OG_617",1,1,1
"Ahyacinthus12812-RA","Ahyacinthus12812-RA","Ahya","OG_597",0,1,0
"Ahyacinthus12898-RA","Ahyacinthus12898-RA","Ahya","OG_5357",0,1,1
"Ahyacinthus12972-RA","Ahyacinthus12972-RA","Ahya","OG_2139",0,1,0
"Ahyacinthus13017-RA","Ahyacinthus13017-RA","Ahya","OG_9999",1,1,1
"Ahyacinthus13081-RA","Ahyacinthus13081-RA","Ahya","OG_6664",1,1,0
"Ahyacinthus13119-RA","Ahyacinthus13119-RA","Ahya","OG_8891",0,1,0
"Ahyacinthus13206-RA","Ahyacinthus13206-RA","Ahya","OG_9010",0,1,0
"Ahyacinthus13211-RA","Ahyacinthus13211-RA","Ahya","OG_8779",0,1,0
"Ahyacinthus13280-RA","Ahyacinthus13280-RA","Ahya","OG_342",0,1,1
"Ahyacinthus13327-RA","Ahyacinthus13327-RA","Ahya","OG_8620",0,1,0
"Ahyacinthus13332-RA","Ahyacinthus13332-RA","Ahya","OG_361",0,1,0
"Ahyacinthus13366-RA","Ahyacinthus13366-RA","Ahya","OG_8669",1,1,0
"Ahyacinthus13376-RA","Ahyacinthus13376-RA","Ahya","OG_3895",0,1,0
"Ahyacinthus13530-RA","Ahyacinthus13530-RA","Ahya","OG_347",0,1,1
"Ahyacinthus13533-RA","Ahyacinthus13533-RA","Ahya","OG_347",0,1,1
"Ahyacinthus13536-RA","Ahyacinthus13536-RA","Ahya","OG_347",0,1,1
"Ahyacinthus13537-RA","Ahyacinthus13537-RA","Ahya","OG_347",0,1,1
"Ahyacinthus13544-RA","Ahyacinthus13544-RA","Ahya","OG_8759",0,1,0
"Ahyacinthus14001-RA","Ahyacinthus14001-RA","Ahya","OG_5111",0,1,0
"Ahyacinthus14102-RA","Ahyacinthus14102-RA","Ahya","OG_1338",1,1,1
"Ahyacinthus14245-RA","Ahyacinthus14245-RA","Ahya","OG_338",0,1,1
"Ahyacinthus14450-RA","Ahyacinthus14450-RA","Ahya","OG_8913",0,1,0
"Ahyacinthus14481-RA","Ahyacinthus14481-RA","Ahya","OG_8772",0,1,0
"Ahyacinthus14505-RA","Ahyacinthus14505-RA","Ahya","OG_14",0,1,0
"Ahyacinthus14524-RA","Ahyacinthus14524-RA","Ahya","OG_1099",0,1,1
"Ahyacinthus14578-RA","Ahyacinthus14578-RA","Ahya","OG_8951",0,1,0
"Ahyacinthus14672-RA","Ahyacinthus14672-RA","Ahya","OG_12743",0,1,0
"Ahyacinthus14684-RA","Ahyacinthus14684-RA","Ahya","OG_12743",0,1,0
"Ahyacinthus14848-RA","Ahyacinthus14848-RA","Ahya","OG_7195",0,1,0
"Ahyacinthus14953-RA","Ahyacinthus14953-RA","Ahya","OG_11889",1,1,0
"Ahyacinthus14993-RA","Ahyacinthus14993-RA","Ahya","OG_51",1,1,0
"Ahyacinthus15008-RA","Ahyacinthus15008-RA","Ahya","OG_10616",0,1,0
"Ahyacinthus15028-RA","Ahyacinthus15028-RA","Ahya","OG_12284",0,1,0
"Ahyacinthus15207-RA","Ahyacinthus15207-RA","Ahya","OG_86",0,1,0
"Ahyacinthus15211-RA","Ahyacinthus15211-RA","Ahya","OG_12597",1,1,1
"Ahyacinthus15428-RA","Ahyacinthus15428-RA","Ahya","OG_11938",0,1,0
"Ahyacinthus15526-RA","Ahyacinthus15526-RA","Ahya","OG_1051",1,1,0
"Ahyacinthus15630-RA","Ahyacinthus15630-RA","Ahya","OG_12232",1,1,0
"Ahyacinthus15709-RA","Ahyacinthus15709-RA","Ahya","OG_12014",0,1,0
"Ahyacinthus15712-RA","Ahyacinthus15712-RA","Ahya","OG_12208",0,1,0
"Ahyacinthus15871-RA","Ahyacinthus15871-RA","Ahya","OG_11868",0,1,0
"Ahyacinthus15904-RA","Ahyacinthus15904-RA","Ahya","OG_12196",0,1,0
"Ahyacinthus16026-RA","Ahyacinthus16026-RA","Ahya","OG_12056",0,1,1
"Ahyacinthus16090-RA","Ahyacinthus16090-RA","Ahya","OG_12008",0,1,0
"Ahyacinthus16164-RA","Ahyacinthus16164-RA","Ahya","OG_1695",1,1,0
"Ahyacinthus16254-RA","Ahyacinthus16254-RA","Ahya","OG_1706",0,1,0
"Ahyacinthus16286-RA","Ahyacinthus16286-RA","Ahya","OG_1363",0,1,1
"Ahyacinthus16333-RA","Ahyacinthus16333-RA","Ahya","OG_344",0,1,0
"Ahyacinthus16334-RA","Ahyacinthus16334-RA","Ahya","OG_1013",0,1,0
"Ahyacinthus16341-RA","Ahyacinthus16341-RA","Ahya","OG_344",0,1,0
"Ahyacinthus16343-RA","Ahyacinthus16343-RA","Ahya","OG_1718",0,1,0
"Ahyacinthus16408-RA","Ahyacinthus16408-RA","Ahya","OG_1728",0,1,1
"Ahyacinthus16470-RA","Ahyacinthus16470-RA","Ahya","OG_468",1,1,1
"Ahyacinthus16493-RA","Ahyacinthus16493-RA","Ahya","OG_889",1,1,1
"Ahyacinthus16582-RA","Ahyacinthus16582-RA","Ahya","OG_11862",0,1,1
"Ahyacinthus16713-RA","Ahyacinthus16713-RA","Ahya","OG_11810",0,1,0
"Ahyacinthus16722-RA","Ahyacinthus16722-RA","Ahya","OG_149",1,1,1
"Ahyacinthus16733-RA","Ahyacinthus16733-RA","Ahya","OG_971",0,1,1
"Ahyacinthus16734-RA","Ahyacinthus16734-RA","Ahya","OG_971",0,1,1
"Ahyacinthus16905-RA","Ahyacinthus16905-RA","Ahya","OG_771",1,1,0
"Ahyacinthus17046-RA","Ahyacinthus17046-RA","Ahya","OG_1052",0,1,1
"Ahyacinthus17366-RA","Ahyacinthus17366-RA","Ahya","OG_6500",0,1,0
"Ahyacinthus17513-RA","Ahyacinthus17513-RA","Ahya","OG_7676",0,1,0
"Ahyacinthus17545-RA","Ahyacinthus17545-RA","Ahya","OG_242",1,1,1
"Ahyacinthus17546-RA","Ahyacinthus17546-RA","Ahya","OG_242",1,1,1
"Ahyacinthus17618-RA","Ahyacinthus17618-RA","Ahya","OG_7461",1,1,0
"Ahyacinthus17700-RA","Ahyacinthus17700-RA","Ahya","OG_2250",0,1,0
"Ahyacinthus17723-RA","Ahyacinthus17723-RA","Ahya","OG_220",0,1,0
"Ahyacinthus17838-RA","Ahyacinthus17838-RA","Ahya","OG_219",1,1,1
"Ahyacinthus17919-RA","Ahyacinthus17919-RA","Ahya","OG_242",1,1,1
"Ahyacinthus18008-RA","Ahyacinthus18008-RA","Ahya","OG_5071",0,1,0
"Ahyacinthus18009-RA","Ahyacinthus18009-RA","Ahya","OG_5071",0,1,0
"Ahyacinthus18061-RA","Ahyacinthus18061-RA","Ahya","OG_1031",0,1,0
"Ahyacinthus18106-RA","Ahyacinthus18106-RA","Ahya","OG_868",0,1,1
"Ahyacinthus18131-RA","Ahyacinthus18131-RA","Ahya","OG_868",0,1,1
"Ahyacinthus18294-RA","Ahyacinthus18294-RA","Ahya","OG_8201",0,1,0
"Ahyacinthus18371-RA","Ahyacinthus18371-RA","Ahya","OG_8388",0,1,0
"Ahyacinthus18419-RA","Ahyacinthus18419-RA","Ahya","OG_12376",0,1,1
"Ahyacinthus18508-RA","Ahyacinthus18508-RA","Ahya","OG_5982",0,1,0
"Ahyacinthus18584-RA","Ahyacinthus18584-RA","Ahya","OG_5286",1,1,0
"Ahyacinthus18659-RA","Ahyacinthus18659-RA","Ahya","OG_8346",0,1,0
"Ahyacinthus18660-RA","Ahyacinthus18660-RA","Ahya","OG_8347",0,1,0
"Ahyacinthus18665-RA","Ahyacinthus18665-RA","Ahya","OG_3124",0,1,0
"Ahyacinthus18829-RA","Ahyacinthus18829-RA","Ahya","OG_1022",1,1,1
"Ahyacinthus18847-RA","Ahyacinthus18847-RA","Ahya","OG_8431",0,1,0
"Ahyacinthus18897-RA","Ahyacinthus18897-RA","Ahya","OG_8299",0,1,0
"Ahyacinthus18900-RA","Ahyacinthus18900-RA","Ahya","OG_1098",0,1,1
"Ahyacinthus18924-RA","Ahyacinthus18924-RA","Ahya","OG_12327",0,1,0
"Ahyacinthus18931-RA","Ahyacinthus18931-RA","Ahya","OG_6635",0,1,0
"Ahyacinthus19153-RA","Ahyacinthus19153-RA","Ahya","OG_377",0,1,0
"Ahyacinthus19248-RA","Ahyacinthus19248-RA","Ahya","OG_889",1,1,1
"Ahyacinthus19546-RA","Ahyacinthus19546-RA","Ahya","OG_12687",1,1,0
"Ahyacinthus19556-RA","Ahyacinthus19556-RA","Ahya","OG_1098",0,1,1
"Ahyacinthus19565-RA","Ahyacinthus19565-RA","Ahya","OG_8282",0,1,0
"Ahyacinthus19679-RA","Ahyacinthus19679-RA","Ahya","OG_8424",0,1,0
"Ahyacinthus19781-RA","Ahyacinthus19781-RA","Ahya","OG_8254",0,1,0
"Ahyacinthus19901-RA","Ahyacinthus19901-RA","Ahya","OG_6638",0,1,0
"Ahyacinthus20004-RA","Ahyacinthus20004-RA","Ahya","OG_12621",0,1,0
"Ahyacinthus20031-RA","Ahyacinthus20031-RA","Ahya","OG_8573",0,1,1
"Ahyacinthus20047-RA","Ahyacinthus20047-RA","Ahya","OG_3351",0,1,0
"Ahyacinthus20202-RA","Ahyacinthus20202-RA","Ahya","OG_11997",0,1,0
"Ahyacinthus20327-RA","Ahyacinthus20327-RA","Ahya","OG_2776",0,1,0
"Ahyacinthus20486-RA","Ahyacinthus20486-RA","Ahya","OG_224",0,1,1
"Ahyacinthus20585-RA","Ahyacinthus20585-RA","Ahya","OG_10688",1,1,0
"Ahyacinthus20826-RA","Ahyacinthus20826-RA","Ahya","OG_10516",1,1,0
"Ahyacinthus20863-RA","Ahyacinthus20863-RA","Ahya","OG_10551",1,1,0
"Ahyacinthus20935-RA","Ahyacinthus20935-RA","Ahya","OG_6828",0,1,0
"Ahyacinthus21078-RA","Ahyacinthus21078-RA","Ahya","OG_2940",1,1,1
"Ahyacinthus21283-RA","Ahyacinthus21283-RA","Ahya","OG_548",0,1,1
"Ahyacinthus21304-RA","Ahyacinthus21304-RA","Ahya","OG_10581",1,1,0
"Ahyacinthus21611-RA","Ahyacinthus21611-RA","Ahya","OG_1494",1,1,0
"Ahyacinthus21631-RA","Ahyacinthus21631-RA","Ahya","OG_5072",0,1,0
"Ahyacinthus21712-RA","Ahyacinthus21712-RA","Ahya","OG_1187",0,1,0
"Ahyacinthus22096-RA","Ahyacinthus22096-RA","Ahya","OG_1186",0,1,0
"Ahyacinthus22183-RA","Ahyacinthus22183-RA","Ahya","OG_597",0,1,0
"Ahyacinthus22344-RA","Ahyacinthus22344-RA","Ahya","OG_445",0,1,0
"Ahyacinthus22504-RA","Ahyacinthus22504-RA","Ahya","OG_9483",0,1,0
"Ahyacinthus22535-RA","Ahyacinthus22535-RA","Ahya","OG_9452",0,1,0
"Ahyacinthus22578-RA","Ahyacinthus22578-RA","Ahya","OG_9512",1,1,1
"Ahyacinthus22633-RA","Ahyacinthus22633-RA","Ahya","OG_472",1,1,1
"Ahyacinthus22712-RA","Ahyacinthus22712-RA","Ahya","OG_6727",0,1,1
"Ahyacinthus22789-RA","Ahyacinthus22789-RA","Ahya","OG_5069",0,1,0
"Ahyacinthus22815-RA","Ahyacinthus22815-RA","Ahya","OG_4921",0,1,0
"Ahyacinthus22835-RA","Ahyacinthus22835-RA","Ahya","OG_6711",0,1,0
"Ahyacinthus22905-RA","Ahyacinthus22905-RA","Ahya","OG_5134",0,1,0
"Ahyacinthus22910-RA","Ahyacinthus22910-RA","Ahya","OG_1461",0,1,0
"Ahyacinthus23039-RA","Ahyacinthus23039-RA","Ahya","OG_5266",0,1,0
"Ahyacinthus23118-RA","Ahyacinthus23118-RA","Ahya","OG_971",0,1,1
"Ahyacinthus23131-RA","Ahyacinthus23131-RA","Ahya","OG_9583",0,1,0
"Ahyacinthus23198-RA","Ahyacinthus23198-RA","Ahya","OG_12728",0,1,0
"Ahyacinthus23245-RA","Ahyacinthus23245-RA","Ahya","OG_2640",0,1,0
"Ahyacinthus23274-RA","Ahyacinthus23274-RA","Ahya","OG_869",0,1,1
"Ahyacinthus23334-RA","Ahyacinthus23334-RA","Ahya","OG_5461",0,1,0
"Ahyacinthus23397-RA","Ahyacinthus23397-RA","Ahya","OG_6385",0,1,0
"Ahyacinthus23419-RA","Ahyacinthus23419-RA","Ahya","OG_5460",0,1,0
"Ahyacinthus23505-RA","Ahyacinthus23505-RA","Ahya","OG_7006",1,1,0
"Ahyacinthus23663-RA","Ahyacinthus23663-RA","Ahya","OG_12496",0,1,0
"Ahyacinthus23679-RA","Ahyacinthus23679-RA","Ahya","OG_141",0,1,0
"Ahyacinthus23864-RA","Ahyacinthus23864-RA","Ahya","OG_938",1,1,1
"Ahyacinthus23913-RA","Ahyacinthus23913-RA","Ahya","OG_1187",0,1,0
"Ahyacinthus24153-RA","Ahyacinthus24153-RA","Ahya","OG_6863",1,1,0
"Ahyacinthus24277-RA","Ahyacinthus24277-RA","Ahya","OG_2716",0,1,0
"Ahyacinthus24550-RA","Ahyacinthus24550-RA","Ahya","OG_5081",1,1,0
"Ahyacinthus24661-RA","Ahyacinthus24661-RA","Ahya","OG_739",0,1,0
"Ahyacinthus24668-RA","Ahyacinthus24668-RA","Ahya","OG_889",1,1,1
"Ahyacinthus24893-RA","Ahyacinthus24893-RA","Ahya","OG_1168",1,1,0
"Ahyacinthus25367-RA","Ahyacinthus25367-RA","Ahya","OG_860",0,1,0
"Ahyacinthus25373-RA","Ahyacinthus25373-RA","Ahya","OG_5081",1,1,0
"Ahyacinthus25560-RA","Ahyacinthus25560-RA","Ahya","OG_1217",0,1,1
"Ahyacinthus25687-RA","Ahyacinthus25687-RA","Ahya","OG_533",0,1,0
"Ahyacinthus25872-RA","Ahyacinthus25872-RA","Ahya","OG_155",1,1,1
"Ahyacinthus25895-RA","Ahyacinthus25895-RA","Ahya","OG_684",1,1,0
"Ahyacinthus25896-RA","Ahyacinthus25896-RA","Ahya","OG_684",1,1,0
"Ahyacinthus26098-RA","Ahyacinthus26098-RA","Ahya","OG_8935",1,1,0
"Ahyacinthus26146-RA","Ahyacinthus26146-RA","Ahya","OG_868",0,1,1
"Ahyacinthus26194-RA","Ahyacinthus26194-RA","Ahya","OG_155",1,1,1
"Ahyacinthus26700-RA","Ahyacinthus26700-RA","Ahya","OG_277",0,1,1
"Ahyacinthus26743-RA","Ahyacinthus26743-RA","Ahya","OG_270",1,1,1
"Ahyacinthus26820-RA","Ahyacinthus26820-RA","Ahya","OG_1277",0,1,0
"Ahyacinthus27051-RA","Ahyacinthus27051-RA","Ahya","OG_684",1,1,0
"Ahyacinthus00358-RA","Ahyacinthus00358-RA","Ahya","OG_9019",1,1,0
"Ahyacinthus02296-RA","Ahyacinthus02296-RA","Ahya","OG_12683",0,1,0
"Ahyacinthus04858-RA","Ahyacinthus04858-RA","Ahya","OG_10083",0,1,0
"Ahyacinthus05924-RA","Ahyacinthus05924-RA","Ahya","OG_549",0,1,0
"Ahyacinthus06030-RA","Ahyacinthus06030-RA","Ahya","OG_296",0,1,0
"Ahyacinthus06893-RA","Ahyacinthus06893-RA","Ahya","OG_334",0,1,0
"Ahyacinthus08651-RA","Ahyacinthus08651-RA","Ahya","OG_11427",1,1,0
"Ahyacinthus09624-RA","Ahyacinthus09624-RA","Ahya","OG_12585",0,1,0
"Ahyacinthus09732-RA","Ahyacinthus09732-RA","Ahya","OG_3496",0,1,0
"Ahyacinthus10757-RA","Ahyacinthus10757-RA","Ahya","OG_11558",0,1,0
"Ahyacinthus11514-RA","Ahyacinthus11514-RA","Ahya","OG_11216",1,1,0
"Ahyacinthus11947-RA","Ahyacinthus11947-RA","Ahya","OG_1951",0,1,0
"Ahyacinthus13049-RA","Ahyacinthus13049-RA","Ahya","OG_3842",0,1,0
"Ahyacinthus13698-RA","Ahyacinthus13698-RA","Ahya","OG_296",0,1,0
"Ahyacinthus14569-RA","Ahyacinthus14569-RA","Ahya","OG_8695",0,1,0
"Ahyacinthus14917-RA","Ahyacinthus14917-RA","Ahya","OG_12063",0,1,0
"Ahyacinthus15256-RA","Ahyacinthus15256-RA","Ahya","OG_6618",0,1,0
"Ahyacinthus15813-RA","Ahyacinthus15813-RA","Ahya","OG_12147",0,1,0
"Ahyacinthus16327-RA","Ahyacinthus16327-RA","Ahya","OG_683",1,1,1
"Ahyacinthus16768-RA","Ahyacinthus16768-RA","Ahya","OG_296",0,1,0
"Ahyacinthus17840-RA","Ahyacinthus17840-RA","Ahya","OG_2279",1,1,1
"Ahyacinthus19035-RA","Ahyacinthus19035-RA","Ahya","OG_296",0,1,0
"Ahyacinthus19666-RA","Ahyacinthus19666-RA","Ahya","OG_5983",0,1,0
"Ahyacinthus20098-RA","Ahyacinthus20098-RA","Ahya","OG_912",0,1,1
"Ahyacinthus20914-RA","Ahyacinthus20914-RA","Ahya","OG_9952",0,1,0
"Ahyacinthus21302-RA","Ahyacinthus21302-RA","Ahya","OG_6829",1,1,0
"Ahyacinthus21840-RA","Ahyacinthus21840-RA","Ahya","OG_4814",0,1,0
"Ahyacinthus22683-RA","Ahyacinthus22683-RA","Ahya","OG_296",0,1,0
"Ahyacinthus23186-RA","Ahyacinthus23186-RA","Ahya","OG_2624",0,1,0
"Ahyacinthus24429-RA","Ahyacinthus24429-RA","Ahya","OG_951",0,1,1
"Ahyacinthus24564-RA","Ahyacinthus24564-RA","Ahya","OG_5081",1,1,0
"Ahyacinthus25333-RA","Ahyacinthus25333-RA","Ahya","OG_905",1,1,1
"Ahyacinthus26607-RA","Ahyacinthus26607-RA","Ahya","OG_296",0,1,0
"Ahyacinthus02791-RA","Ahyacinthus02791-RA","Ahya","OG_862",0,1,1
"Ahyacinthus06410-RA","Ahyacinthus06410-RA","Ahya","OG_5157",0,1,0
"Ahyacinthus09454-RA","Ahyacinthus09454-RA","Ahya","OG_1083",1,1,0
"Ahyacinthus11273-RA","Ahyacinthus11273-RA","Ahya","OG_1083",1,1,0
"Ahyacinthus11915-RA","Ahyacinthus11915-RA","Ahya","OG_1083",1,1,0
"Ahyacinthus17734-RA","Ahyacinthus17734-RA","Ahya","OG_228",1,1,1
"Ahyacinthus23785-RA","Ahyacinthus23785-RA","Ahya","OG_8522",0,1,1
"Ahyacinthus25260-RA","Ahyacinthus25260-RA","Ahya","OG_1083",1,1,0
"Ahyacinthus00039-RA","Ahyacinthus00039-RA","Ahya","OG_950",0,1,1
"Ahyacinthus00388-RA","Ahyacinthus00388-RA","Ahya","OG_1449",0,1,1
"Ahyacinthus00397-RA","Ahyacinthus00397-RA","Ahya","OG_6682",1,1,1
"Ahyacinthus01189-RA","Ahyacinthus01189-RA","Ahya","OG_9207",0,1,0
"Ahyacinthus01304-RA","Ahyacinthus01304-RA","Ahya","OG_9039",0,1,0
"Ahyacinthus01332-RA","Ahyacinthus01332-RA","Ahya","OG_956",1,1,1
"Ahyacinthus01390-RA","Ahyacinthus01390-RA","Ahya","OG_8812",1,1,1
"Ahyacinthus01442-RA","Ahyacinthus01442-RA","Ahya","OG_1140",0,1,1
"Ahyacinthus01505-RA","Ahyacinthus01505-RA","Ahya","OG_5112",0,1,0
"Ahyacinthus01591-RA","Ahyacinthus01591-RA","Ahya","OG_6690",0,1,0
"Ahyacinthus01799-RA","Ahyacinthus01799-RA","Ahya","OG_2329",1,1,0
"Ahyacinthus01876-RA","Ahyacinthus01876-RA","Ahya","OG_8076",1,1,1
"Ahyacinthus01946-RA","Ahyacinthus01946-RA","Ahya","OG_7882",0,1,1
"Ahyacinthus01997-RA","Ahyacinthus01997-RA","Ahya","OG_6038",0,1,0
"Ahyacinthus02056-RA","Ahyacinthus02056-RA","Ahya","OG_882",1,1,1
"Ahyacinthus02173-RA","Ahyacinthus02173-RA","Ahya","OG_2419",1,1,1
"Ahyacinthus02304-RA","Ahyacinthus02304-RA","Ahya","OG_458",0,1,0
"Ahyacinthus02518-RA","Ahyacinthus02518-RA","Ahya","OG_12435",0,1,1
"Ahyacinthus03089-RA","Ahyacinthus03089-RA","Ahya","OG_7772",0,1,0
"Ahyacinthus03295-RA","Ahyacinthus03295-RA","Ahya","OG_372",1,1,1
"Ahyacinthus03498-RA","Ahyacinthus03498-RA","Ahya","OG_495",1,1,1
"Ahyacinthus03650-RA","Ahyacinthus03650-RA","Ahya","OG_10103",1,1,0
"Ahyacinthus03718-RA","Ahyacinthus03718-RA","Ahya","OG_706",1,1,0
"Ahyacinthus03853-RA","Ahyacinthus03853-RA","Ahya","OG_6286",1,1,0
"Ahyacinthus03942-RA","Ahyacinthus03942-RA","Ahya","OG_4420",0,1,0
"Ahyacinthus04445-RA","Ahyacinthus04445-RA","Ahya","OG_9997",0,1,0
"Ahyacinthus04766-RA","Ahyacinthus04766-RA","Ahya","OG_5242",0,1,1
"Ahyacinthus04854-RA","Ahyacinthus04854-RA","Ahya","OG_1370",0,1,1
"Ahyacinthus05243-RA","Ahyacinthus05243-RA","Ahya","OG_9688",0,1,1
"Ahyacinthus05248-RA","Ahyacinthus05248-RA","Ahya","OG_9727",0,1,0
"Ahyacinthus05522-RA","Ahyacinthus05522-RA","Ahya","OG_1190",1,1,0
"Ahyacinthus05530-RA","Ahyacinthus05530-RA","Ahya","OG_905",1,1,1
"Ahyacinthus05638-RA","Ahyacinthus05638-RA","Ahya","OG_9662",1,1,1
"Ahyacinthus05786-RA","Ahyacinthus05786-RA","Ahya","OG_1471",0,1,0
"Ahyacinthus05971-RA","Ahyacinthus05971-RA","Ahya","OG_905",1,1,1
"Ahyacinthus06328-RA","Ahyacinthus06328-RA","Ahya","OG_871",1,1,0
"Ahyacinthus06345-RA","Ahyacinthus06345-RA","Ahya","OG_244",1,1,0
"Ahyacinthus06471-RA","Ahyacinthus06471-RA","Ahya","OG_6441",1,1,1
"Ahyacinthus06701-RA","Ahyacinthus06701-RA","Ahya","OG_497",1,1,1
"Ahyacinthus06799-RA","Ahyacinthus06799-RA","Ahya","OG_6087",1,1,1
"Ahyacinthus06974-RA","Ahyacinthus06974-RA","Ahya","OG_553",0,1,0
"Ahyacinthus07036-RA","Ahyacinthus07036-RA","Ahya","OG_248",1,1,1
"Ahyacinthus07095-RA","Ahyacinthus07095-RA","Ahya","OG_719",0,1,0
"Ahyacinthus08021-RA","Ahyacinthus08021-RA","Ahya","OG_1053",0,1,0
"Ahyacinthus08389-RA","Ahyacinthus08389-RA","Ahya","OG_7155",1,1,0
"Ahyacinthus08390-RA","Ahyacinthus08390-RA","Ahya","OG_7155",1,1,0
"Ahyacinthus08621-RA","Ahyacinthus08621-RA","Ahya","OG_176",1,1,1
"Ahyacinthus08657-RA","Ahyacinthus08657-RA","Ahya","OG_1269",0,1,0
"Ahyacinthus08866-RA","Ahyacinthus08866-RA","Ahya","OG_3394",0,1,0
"Ahyacinthus08871-RA","Ahyacinthus08871-RA","Ahya","OG_12404",0,1,1
"Ahyacinthus08880-RA","Ahyacinthus08880-RA","Ahya","OG_12404",0,1,1
"Ahyacinthus08988-RA","Ahyacinthus08988-RA","Ahya","OG_11402",0,1,0
"Ahyacinthus09057-RA","Ahyacinthus09057-RA","Ahya","OG_11591",0,1,0
"Ahyacinthus09151-RA","Ahyacinthus09151-RA","Ahya","OG_3437",1,1,0
"Ahyacinthus09177-RA","Ahyacinthus09177-RA","Ahya","OG_267",1,1,1
"Ahyacinthus09485-RA","Ahyacinthus09485-RA","Ahya","OG_467",0,1,0
"Ahyacinthus09627-RA","Ahyacinthus09627-RA","Ahya","OG_12642",0,1,0
"Ahyacinthus09833-RA","Ahyacinthus09833-RA","Ahya","OG_797",1,1,1
"Ahyacinthus10295-RA","Ahyacinthus10295-RA","Ahya","OG_12218",0,1,1
"Ahyacinthus10382-RA","Ahyacinthus10382-RA","Ahya","OG_11361",0,1,0
"Ahyacinthus10383-RA","Ahyacinthus10383-RA","Ahya","OG_11361",0,1,0
"Ahyacinthus10386-RA","Ahyacinthus10386-RA","Ahya","OG_11361",0,1,0
"Ahyacinthus10388-RA","Ahyacinthus10388-RA","Ahya","OG_11361",0,1,0
"Ahyacinthus10468-RA","Ahyacinthus10468-RA","Ahya","OG_6241",0,1,0
"Ahyacinthus10573-RA","Ahyacinthus10573-RA","Ahya","OG_1075",0,1,0
"Ahyacinthus10791-RA","Ahyacinthus10791-RA","Ahya","OG_11607",1,1,0
"Ahyacinthus10796-RA","Ahyacinthus10796-RA","Ahya","OG_10415",0,1,1
"Ahyacinthus10802-RA","Ahyacinthus10802-RA","Ahya","OG_10415",0,1,1
"Ahyacinthus10804-RA","Ahyacinthus10804-RA","Ahya","OG_10415",0,1,1
"Ahyacinthus10994-RA","Ahyacinthus10994-RA","Ahya","OG_11100",1,1,1
"Ahyacinthus11268-RA","Ahyacinthus11268-RA","Ahya","OG_6571",0,1,0
"Ahyacinthus11437-RA","Ahyacinthus11437-RA","Ahya","OG_1889",0,1,0
"Ahyacinthus11444-RA","Ahyacinthus11444-RA","Ahya","OG_984",1,1,1
"Ahyacinthus11465-RA","Ahyacinthus11465-RA","Ahya","OG_991",1,1,0
"Ahyacinthus11743-RA","Ahyacinthus11743-RA","Ahya","OG_11115",0,1,0
"Ahyacinthus11767-RA","Ahyacinthus11767-RA","Ahya","OG_553",0,1,0
"Ahyacinthus11983-RA","Ahyacinthus11983-RA","Ahya","OG_418",0,1,0
"Ahyacinthus12058-RA","Ahyacinthus12058-RA","Ahya","OG_1975",1,1,0
"Ahyacinthus12078-RA","Ahyacinthus12078-RA","Ahya","OG_1979",0,1,0
"Ahyacinthus12182-RA","Ahyacinthus12182-RA","Ahya","OG_11015",0,1,0
"Ahyacinthus12313-RA","Ahyacinthus12313-RA","Ahya","OG_4982",0,1,0
"Ahyacinthus12338-RA","Ahyacinthus12338-RA","Ahya","OG_596",1,1,1
"Ahyacinthus12477-RA","Ahyacinthus12477-RA","Ahya","OG_7403",1,1,1
"Ahyacinthus12921-RA","Ahyacinthus12921-RA","Ahya","OG_2125",1,1,1
"Ahyacinthus13419-RA","Ahyacinthus13419-RA","Ahya","OG_11885",0,1,0
"Ahyacinthus13563-RA","Ahyacinthus13563-RA","Ahya","OG_1301",0,1,0
"Ahyacinthus13592-RA","Ahyacinthus13592-RA","Ahya","OG_8805",1,1,0
"Ahyacinthus13675-RA","Ahyacinthus13675-RA","Ahya","OG_8838",0,1,1
"Ahyacinthus14714-RA","Ahyacinthus14714-RA","Ahya","OG_8661",1,1,0
"Ahyacinthus14916-RA","Ahyacinthus14916-RA","Ahya","OG_11856",0,1,0
"Ahyacinthus15067-RA","Ahyacinthus15067-RA","Ahya","OG_12193",0,1,0
"Ahyacinthus15835-RA","Ahyacinthus15835-RA","Ahya","OG_718",1,1,0
"Ahyacinthus15914-RA","Ahyacinthus15914-RA","Ahya","OG_12322",0,1,1
"Ahyacinthus15942-RA","Ahyacinthus15942-RA","Ahya","OG_11959",0,1,0
"Ahyacinthus16332-RA","Ahyacinthus16332-RA","Ahya","OG_1013",0,1,0
"Ahyacinthus16527-RA","Ahyacinthus16527-RA","Ahya","OG_11962",0,1,0
"Ahyacinthus16631-RA","Ahyacinthus16631-RA","Ahya","OG_11817",0,1,0
"Ahyacinthus16634-RA","Ahyacinthus16634-RA","Ahya","OG_998",1,1,1
"Ahyacinthus16699-RA","Ahyacinthus16699-RA","Ahya","OG_1774",0,1,0
"Ahyacinthus17126-RA","Ahyacinthus17126-RA","Ahya","OG_1567",0,1,0
"Ahyacinthus17356-RA","Ahyacinthus17356-RA","Ahya","OG_7642",0,1,0
"Ahyacinthus17424-RA","Ahyacinthus17424-RA","Ahya","OG_7459",0,1,0
"Ahyacinthus17461-RA","Ahyacinthus17461-RA","Ahya","OG_8050",0,1,0
"Ahyacinthus18205-RA","Ahyacinthus18205-RA","Ahya","OG_149",1,1,1
"Ahyacinthus18293-RA","Ahyacinthus18293-RA","Ahya","OG_8200",1,1,0
"Ahyacinthus18320-RA","Ahyacinthus18320-RA","Ahya","OG_8585",0,1,0
"Ahyacinthus18591-RA","Ahyacinthus18591-RA","Ahya","OG_300",1,1,1
"Ahyacinthus18606-RA","Ahyacinthus18606-RA","Ahya","OG_8304",1,1,1
"Ahyacinthus18933-RA","Ahyacinthus18933-RA","Ahya","OG_3181",0,1,0
"Ahyacinthus19119-RA","Ahyacinthus19119-RA","Ahya","OG_3205",1,1,0
"Ahyacinthus19474-RA","Ahyacinthus19474-RA","Ahya","OG_3170",1,1,0
"Ahyacinthus19475-RA","Ahyacinthus19475-RA","Ahya","OG_8382",0,1,1
"Ahyacinthus19601-RA","Ahyacinthus19601-RA","Ahya","OG_1119",0,1,0
"Ahyacinthus19603-RA","Ahyacinthus19603-RA","Ahya","OG_1119",0,1,0
"Ahyacinthus19713-RA","Ahyacinthus19713-RA","Ahya","OG_8316",0,1,0
"Ahyacinthus19716-RA","Ahyacinthus19716-RA","Ahya","OG_3287",0,1,0
"Ahyacinthus19772-RA","Ahyacinthus19772-RA","Ahya","OG_8444",0,1,0
"Ahyacinthus19809-RA","Ahyacinthus19809-RA","Ahya","OG_8389",0,1,0
"Ahyacinthus19884-RA","Ahyacinthus19884-RA","Ahya","OG_8542",1,1,0
"Ahyacinthus19886-RA","Ahyacinthus19886-RA","Ahya","OG_8542",1,1,0
"Ahyacinthus20478-RA","Ahyacinthus20478-RA","Ahya","OG_2816",0,1,0
"Ahyacinthus20704-RA","Ahyacinthus20704-RA","Ahya","OG_10728",0,1,0
"Ahyacinthus20728-RA","Ahyacinthus20728-RA","Ahya","OG_831",1,1,1
"Ahyacinthus20738-RA","Ahyacinthus20738-RA","Ahya","OG_176",1,1,1
"Ahyacinthus21054-RA","Ahyacinthus21054-RA","Ahya","OG_10710",0,1,1
"Ahyacinthus21303-RA","Ahyacinthus21303-RA","Ahya","OG_1051",1,1,0
"Ahyacinthus21836-RA","Ahyacinthus21836-RA","Ahya","OG_553",0,1,0
"Ahyacinthus21883-RA","Ahyacinthus21883-RA","Ahya","OG_257",1,1,1
"Ahyacinthus22189-RA","Ahyacinthus22189-RA","Ahya","OG_9574",1,1,0
"Ahyacinthus22444-RA","Ahyacinthus22444-RA","Ahya","OG_6075",0,1,0
"Ahyacinthus22465-RA","Ahyacinthus22465-RA","Ahya","OG_9477",0,1,0
"Ahyacinthus22609-RA","Ahyacinthus22609-RA","Ahya","OG_206",1,1,1
"Ahyacinthus22805-RA","Ahyacinthus22805-RA","Ahya","OG_9461",0,1,0
"Ahyacinthus22809-RA","Ahyacinthus22809-RA","Ahya","OG_9532",0,1,0
"Ahyacinthus22836-RA","Ahyacinthus22836-RA","Ahya","OG_12565",1,1,0
"Ahyacinthus23209-RA","Ahyacinthus23209-RA","Ahya","OG_7104",0,1,0
"Ahyacinthus23262-RA","Ahyacinthus23262-RA","Ahya","OG_6951",0,1,0
"Ahyacinthus23358-RA","Ahyacinthus23358-RA","Ahya","OG_2657",0,1,0
"Ahyacinthus23485-RA","Ahyacinthus23485-RA","Ahya","OG_130",0,1,1
"Ahyacinthus23578-RA","Ahyacinthus23578-RA","Ahya","OG_432",1,1,0
"Ahyacinthus23819-RA","Ahyacinthus23819-RA","Ahya","OG_921",0,1,0
"Ahyacinthus24037-RA","Ahyacinthus24037-RA","Ahya","OG_1087",0,1,0
"Ahyacinthus24364-RA","Ahyacinthus24364-RA","Ahya","OG_1382",0,1,0
"Ahyacinthus24404-RA","Ahyacinthus24404-RA","Ahya","OG_6379",0,1,0
"Ahyacinthus24499-RA","Ahyacinthus24499-RA","Ahya","OG_2755",1,1,0
"Ahyacinthus24717-RA","Ahyacinthus24717-RA","Ahya","OG_512",0,1,1
"Ahyacinthus24900-RA","Ahyacinthus24900-RA","Ahya","OG_553",0,1,0
"Ahyacinthus25334-RA","Ahyacinthus25334-RA","Ahya","OG_905",1,1,1
"Ahyacinthus25532-RA","Ahyacinthus25532-RA","Ahya","OG_559",1,1,1
"Ahyacinthus25796-RA","Ahyacinthus25796-RA","Ahya","OG_7608",0,1,0
"Ahyacinthus26171-RA","Ahyacinthus26171-RA","Ahya","OG_206",1,1,1
"Ahyacinthus26174-RA","Ahyacinthus26174-RA","Ahya","OG_206",1,1,1
"Ahyacinthus26179-RA","Ahyacinthus26179-RA","Ahya","OG_206",1,1,1
"Ahyacinthus26181-RA","Ahyacinthus26181-RA","Ahya","OG_206",1,1,1
"Ahyacinthus26182-RA","Ahyacinthus26182-RA","Ahya","OG_206",1,1,1
"Ahyacinthus26202-RA","Ahyacinthus26202-RA","Ahya","OG_5078",0,1,0
"Ahyacinthus26356-RA","Ahyacinthus26356-RA","Ahya","OG_6291",0,1,0
"Ahyacinthus26365-RA","Ahyacinthus26365-RA","Ahya","OG_130",0,1,1
"Ahyacinthus26394-RA","Ahyacinthus26394-RA","Ahya","OG_553",0,1,0
"Ahyacinthus26548-RA","Ahyacinthus26548-RA","Ahya","OG_559",1,1,1
"Ahyacinthus00029-RA","Ahyacinthus00029-RA","Ahya","OG_375",0,1,0
"Ahyacinthus00272-RA","Ahyacinthus00272-RA","Ahya","OG_673",0,1,0
"Ahyacinthus00375-RA","Ahyacinthus00375-RA","Ahya","OG_4668",0,1,0
"Ahyacinthus00736-RA","Ahyacinthus00736-RA","Ahya","OG_4685",0,1,0
"Ahyacinthus00768-RA","Ahyacinthus00768-RA","Ahya","OG_369",1,1,1
"Ahyacinthus00790-RA","Ahyacinthus00790-RA","Ahya","OG_850",0,1,0
"Ahyacinthus00792-RA","Ahyacinthus00792-RA","Ahya","OG_880",0,1,0
"Ahyacinthus00981-RA","Ahyacinthus00981-RA","Ahya","OG_850",0,1,0
"Ahyacinthus01287-RA","Ahyacinthus01287-RA","Ahya","OG_9159",0,1,0
"Ahyacinthus01318-RA","Ahyacinthus01318-RA","Ahya","OG_6705",0,1,0
"Ahyacinthus01811-RA","Ahyacinthus01811-RA","Ahya","OG_8039",0,1,0
"Ahyacinthus01977-RA","Ahyacinthus01977-RA","Ahya","OG_6283",0,1,0
"Ahyacinthus02033-RA","Ahyacinthus02033-RA","Ahya","OG_6283",0,1,0
"Ahyacinthus02082-RA","Ahyacinthus02082-RA","Ahya","OG_7811",0,1,0
"Ahyacinthus02119-RA","Ahyacinthus02119-RA","Ahya","OG_8008",1,1,0
"Ahyacinthus02357-RA","Ahyacinthus02357-RA","Ahya","OG_2457",0,1,0
"Ahyacinthus02376-RA","Ahyacinthus02376-RA","Ahya","OG_8127",0,1,0
"Ahyacinthus02650-RA","Ahyacinthus02650-RA","Ahya","OG_7718",0,1,0
"Ahyacinthus02695-RA","Ahyacinthus02695-RA","Ahya","OG_2523",1,1,0
"Ahyacinthus02885-RA","Ahyacinthus02885-RA","Ahya","OG_1849",0,1,1
"Ahyacinthus02986-RA","Ahyacinthus02986-RA","Ahya","OG_273",1,1,1
"Ahyacinthus03063-RA","Ahyacinthus03063-RA","Ahya","OG_2601",0,1,0
"Ahyacinthus03153-RA","Ahyacinthus03153-RA","Ahya","OG_8016",1,1,0
"Ahyacinthus03312-RA","Ahyacinthus03312-RA","Ahya","OG_369",1,1,1
"Ahyacinthus03558-RA","Ahyacinthus03558-RA","Ahya","OG_4357",0,1,1
"Ahyacinthus03706-RA","Ahyacinthus03706-RA","Ahya","OG_12598",1,1,0
"Ahyacinthus03774-RA","Ahyacinthus03774-RA","Ahya","OG_1483",0,1,1
"Ahyacinthus03893-RA","Ahyacinthus03893-RA","Ahya","OG_6775",0,1,1
"Ahyacinthus03918-RA","Ahyacinthus03918-RA","Ahya","OG_282",1,1,1
"Ahyacinthus03948-RA","Ahyacinthus03948-RA","Ahya","OG_10196",1,1,0
"Ahyacinthus03959-RA","Ahyacinthus03959-RA","Ahya","OG_524",1,1,0
"Ahyacinthus04204-RA","Ahyacinthus04204-RA","Ahya","OG_811",0,1,0
"Ahyacinthus04422-RA","Ahyacinthus04422-RA","Ahya","OG_6092",0,1,0
"Ahyacinthus04466-RA","Ahyacinthus04466-RA","Ahya","OG_4467",1,1,0
"Ahyacinthus04674-RA","Ahyacinthus04674-RA","Ahya","OG_10263",1,1,0
"Ahyacinthus04754-RA","Ahyacinthus04754-RA","Ahya","OG_552",0,1,0
"Ahyacinthus04793-RA","Ahyacinthus04793-RA","Ahya","OG_4529",0,1,0
"Ahyacinthus04843-RA","Ahyacinthus04843-RA","Ahya","OG_465",0,1,0
"Ahyacinthus04907-RA","Ahyacinthus04907-RA","Ahya","OG_513",0,1,0
"Ahyacinthus04977-RA","Ahyacinthus04977-RA","Ahya","OG_10188",1,1,0
"Ahyacinthus05024-RA","Ahyacinthus05024-RA","Ahya","OG_5289",1,1,0
"Ahyacinthus05070-RA","Ahyacinthus05070-RA","Ahya","OG_5245",0,1,0
"Ahyacinthus05085-RA","Ahyacinthus05085-RA","Ahya","OG_4594",0,1,1
"Ahyacinthus05260-RA","Ahyacinthus05260-RA","Ahya","OG_1290",0,1,0
"Ahyacinthus05617-RA","Ahyacinthus05617-RA","Ahya","OG_306",0,1,1
"Ahyacinthus05800-RA","Ahyacinthus05800-RA","Ahya","OG_9674",0,1,0
"Ahyacinthus05887-RA","Ahyacinthus05887-RA","Ahya","OG_868",0,1,1
"Ahyacinthus06488-RA","Ahyacinthus06488-RA","Ahya","OG_9653",0,1,0
"Ahyacinthus06668-RA","Ahyacinthus06668-RA","Ahya","OG_877",0,1,0
"Ahyacinthus06760-RA","Ahyacinthus06760-RA","Ahya","OG_4288",0,1,0
"Ahyacinthus06877-RA","Ahyacinthus06877-RA","Ahya","OG_9817",0,1,0
"Ahyacinthus06976-RA","Ahyacinthus06976-RA","Ahya","OG_418",0,1,0
"Ahyacinthus07134-RA","Ahyacinthus07134-RA","Ahya","OG_12569",0,1,1
"Ahyacinthus07168-RA","Ahyacinthus07168-RA","Ahya","OG_901",0,1,1
"Ahyacinthus07486-RA","Ahyacinthus07486-RA","Ahya","OG_631",1,1,0
"Ahyacinthus07492-RA","Ahyacinthus07492-RA","Ahya","OG_142",0,1,0
"Ahyacinthus07564-RA","Ahyacinthus07564-RA","Ahya","OG_257",1,1,1
"Ahyacinthus07591-RA","Ahyacinthus07591-RA","Ahya","OG_1538",0,1,0
"Ahyacinthus07647-RA","Ahyacinthus07647-RA","Ahya","OG_869",0,1,1
"Ahyacinthus07753-RA","Ahyacinthus07753-RA","Ahya","OG_819",1,1,0
"Ahyacinthus07816-RA","Ahyacinthus07816-RA","Ahya","OG_7235",1,1,1
"Ahyacinthus08070-RA","Ahyacinthus08070-RA","Ahya","OG_7305",0,1,0
"Ahyacinthus08116-RA","Ahyacinthus08116-RA","Ahya","OG_7240",0,1,1
"Ahyacinthus08144-RA","Ahyacinthus08144-RA","Ahya","OG_158",0,1,0
"Ahyacinthus08207-RA","Ahyacinthus08207-RA","Ahya","OG_12725",0,1,0
"Ahyacinthus08243-RA","Ahyacinthus08243-RA","Ahya","OG_7277",0,1,0
"Ahyacinthus08303-RA","Ahyacinthus08303-RA","Ahya","OG_1245",0,1,0
"Ahyacinthus08321-RA","Ahyacinthus08321-RA","Ahya","OG_1247",1,1,1
"Ahyacinthus08339-RA","Ahyacinthus08339-RA","Ahya","OG_7376",0,1,0
"Ahyacinthus08405-RA","Ahyacinthus08405-RA","Ahya","OG_816",0,1,0
"Ahyacinthus08683-RA","Ahyacinthus08683-RA","Ahya","OG_6175",0,1,1
"Ahyacinthus09200-RA","Ahyacinthus09200-RA","Ahya","OG_12643",0,1,0
"Ahyacinthus09276-RA","Ahyacinthus09276-RA","Ahya","OG_157",0,1,1
"Ahyacinthus09930-RA","Ahyacinthus09930-RA","Ahya","OG_3519",0,1,0
"Ahyacinthus10025-RA","Ahyacinthus10025-RA","Ahya","OG_6340",1,1,1
"Ahyacinthus10096-RA","Ahyacinthus10096-RA","Ahya","OG_3540",0,1,0
"Ahyacinthus10122-RA","Ahyacinthus10122-RA","Ahya","OG_11640",0,1,1
"Ahyacinthus10340-RA","Ahyacinthus10340-RA","Ahya","OG_660",1,1,0
"Ahyacinthus10464-RA","Ahyacinthus10464-RA","Ahya","OG_11764",0,1,0
"Ahyacinthus10487-RA","Ahyacinthus10487-RA","Ahya","OG_3621",0,1,0
"Ahyacinthus10755-RA","Ahyacinthus10755-RA","Ahya","OG_11561",0,1,0
"Ahyacinthus10834-RA","Ahyacinthus10834-RA","Ahya","OG_3680",0,1,0
"Ahyacinthus10937-RA","Ahyacinthus10937-RA","Ahya","OG_815",0,1,1
"Ahyacinthus11377-RA","Ahyacinthus11377-RA","Ahya","OG_777",1,1,1
"Ahyacinthus11836-RA","Ahyacinthus11836-RA","Ahya","OG_10863",0,1,0
"Ahyacinthus12301-RA","Ahyacinthus12301-RA","Ahya","OG_11003",0,1,1
"Ahyacinthus12551-RA","Ahyacinthus12551-RA","Ahya","OG_8711",0,1,1
"Ahyacinthus12674-RA","Ahyacinthus12674-RA","Ahya","OG_2086",0,1,0
"Ahyacinthus12687-RA","Ahyacinthus12687-RA","Ahya","OG_11130",0,1,0
"Ahyacinthus12755-RA","Ahyacinthus12755-RA","Ahya","OG_6529",0,1,1
"Ahyacinthus12849-RA","Ahyacinthus12849-RA","Ahya","OG_2118",1,1,0
"Ahyacinthus12912-RA","Ahyacinthus12912-RA","Ahya","OG_372",1,1,1
"Ahyacinthus13158-RA","Ahyacinthus13158-RA","Ahya","OG_5149",0,1,0
"Ahyacinthus13164-RA","Ahyacinthus13164-RA","Ahya","OG_5149",0,1,0
"Ahyacinthus13340-RA","Ahyacinthus13340-RA","Ahya","OG_9008",0,1,0
"Ahyacinthus13375-RA","Ahyacinthus13375-RA","Ahya","OG_3895",0,1,0
"Ahyacinthus13521-RA","Ahyacinthus13521-RA","Ahya","OG_937",0,1,0
"Ahyacinthus13688-RA","Ahyacinthus13688-RA","Ahya","OG_8840",0,1,0
"Ahyacinthus13847-RA","Ahyacinthus13847-RA","Ahya","OG_5412",1,1,0
"Ahyacinthus13910-RA","Ahyacinthus13910-RA","Ahya","OG_494",0,1,0
"Ahyacinthus14055-RA","Ahyacinthus14055-RA","Ahya","OG_3973",0,1,0
"Ahyacinthus14056-RA","Ahyacinthus14056-RA","Ahya","OG_3974",0,1,0
"Ahyacinthus14087-RA","Ahyacinthus14087-RA","Ahya","OG_149",1,1,1
"Ahyacinthus14258-RA","Ahyacinthus14258-RA","Ahya","OG_8843",0,1,0
"Ahyacinthus14309-RA","Ahyacinthus14309-RA","Ahya","OG_4012",0,1,0
"Ahyacinthus14378-RA","Ahyacinthus14378-RA","Ahya","OG_8976",0,1,0
"Ahyacinthus14425-RA","Ahyacinthus14425-RA","Ahya","OG_6648",0,1,0
"Ahyacinthus14451-RA","Ahyacinthus14451-RA","Ahya","OG_4028",0,1,0
"Ahyacinthus14471-RA","Ahyacinthus14471-RA","Ahya","OG_4033",0,1,0
"Ahyacinthus14602-RA","Ahyacinthus14602-RA","Ahya","OG_266",0,1,1
"Ahyacinthus14632-RA","Ahyacinthus14632-RA","Ahya","OG_8788",0,1,0
"Ahyacinthus14829-RA","Ahyacinthus14829-RA","Ahya","OG_734",0,1,0
"Ahyacinthus14882-RA","Ahyacinthus14882-RA","Ahya","OG_11878",0,1,0
"Ahyacinthus14915-RA","Ahyacinthus14915-RA","Ahya","OG_11856",0,1,0
"Ahyacinthus15029-RA","Ahyacinthus15029-RA","Ahya","OG_57",0,1,0
"Ahyacinthus15035-RA","Ahyacinthus15035-RA","Ahya","OG_6555",0,1,1
"Ahyacinthus15036-RA","Ahyacinthus15036-RA","Ahya","OG_733",1,1,0
"Ahyacinthus15044-RA","Ahyacinthus15044-RA","Ahya","OG_733",1,1,0
"Ahyacinthus15103-RA","Ahyacinthus15103-RA","Ahya","OG_729",0,1,0
"Ahyacinthus15296-RA","Ahyacinthus15296-RA","Ahya","OG_108",0,1,1
"Ahyacinthus15738-RA","Ahyacinthus15738-RA","Ahya","OG_12229",0,1,0
"Ahyacinthus15796-RA","Ahyacinthus15796-RA","Ahya","OG_10241",0,1,1
"Ahyacinthus15807-RA","Ahyacinthus15807-RA","Ahya","OG_751",0,1,1
"Ahyacinthus16249-RA","Ahyacinthus16249-RA","Ahya","OG_617",1,1,1
"Ahyacinthus16716-RA","Ahyacinthus16716-RA","Ahya","OG_11810",0,1,0
"Ahyacinthus16741-RA","Ahyacinthus16741-RA","Ahya","OG_1783",0,1,0
"Ahyacinthus16842-RA","Ahyacinthus16842-RA","Ahya","OG_264",0,1,1
"Ahyacinthus16928-RA","Ahyacinthus16928-RA","Ahya","OG_871",1,1,0
"Ahyacinthus17113-RA","Ahyacinthus17113-RA","Ahya","OG_242",1,1,1
"Ahyacinthus17134-RA","Ahyacinthus17134-RA","Ahya","OG_2162",0,1,0
"Ahyacinthus17287-RA","Ahyacinthus17287-RA","Ahya","OG_2185",1,1,0
"Ahyacinthus17288-RA","Ahyacinthus17288-RA","Ahya","OG_2183",0,1,0
"Ahyacinthus17327-RA","Ahyacinthus17327-RA","Ahya","OG_150",1,1,1
"Ahyacinthus17406-RA","Ahyacinthus17406-RA","Ahya","OG_4993",0,1,0
"Ahyacinthus17470-RA","Ahyacinthus17470-RA","Ahya","OG_340",0,1,1
"Ahyacinthus17740-RA","Ahyacinthus17740-RA","Ahya","OG_6480",0,1,0
"Ahyacinthus17858-RA","Ahyacinthus17858-RA","Ahya","OG_2283",0,1,0
"Ahyacinthus17938-RA","Ahyacinthus17938-RA","Ahya","OG_1475",0,1,0
"Ahyacinthus18006-RA","Ahyacinthus18006-RA","Ahya","OG_746",0,1,0
"Ahyacinthus18007-RA","Ahyacinthus18007-RA","Ahya","OG_5145",0,1,0
"Ahyacinthus18254-RA","Ahyacinthus18254-RA","Ahya","OG_8332",1,1,0
"Ahyacinthus18337-RA","Ahyacinthus18337-RA","Ahya","OG_8179",0,1,0
"Ahyacinthus18402-RA","Ahyacinthus18402-RA","Ahya","OG_3077",0,1,0
"Ahyacinthus18487-RA","Ahyacinthus18487-RA","Ahya","OG_5944",0,1,0
"Ahyacinthus18514-RA","Ahyacinthus18514-RA","Ahya","OG_3097",1,1,0
"Ahyacinthus18895-RA","Ahyacinthus18895-RA","Ahya","OG_899",1,1,0
"Ahyacinthus18951-RA","Ahyacinthus18951-RA","Ahya","OG_233",1,1,1
"Ahyacinthus18989-RA","Ahyacinthus18989-RA","Ahya","OG_3191",0,1,0
"Ahyacinthus19064-RA","Ahyacinthus19064-RA","Ahya","OG_248",1,1,1
"Ahyacinthus19173-RA","Ahyacinthus19173-RA","Ahya","OG_443",0,1,0
"Ahyacinthus19360-RA","Ahyacinthus19360-RA","Ahya","OG_282",1,1,1
"Ahyacinthus19574-RA","Ahyacinthus19574-RA","Ahya","OG_3261",0,1,1
"Ahyacinthus19599-RA","Ahyacinthus19599-RA","Ahya","OG_1119",0,1,0
"Ahyacinthus19663-RA","Ahyacinthus19663-RA","Ahya","OG_6620",0,1,0
"Ahyacinthus19748-RA","Ahyacinthus19748-RA","Ahya","OG_3295",0,1,0
"Ahyacinthus19821-RA","Ahyacinthus19821-RA","Ahya","OG_3312",0,1,0
"Ahyacinthus20361-RA","Ahyacinthus20361-RA","Ahya","OG_905",1,1,1
"Ahyacinthus20433-RA","Ahyacinthus20433-RA","Ahya","OG_2803",0,1,1
"Ahyacinthus20570-RA","Ahyacinthus20570-RA","Ahya","OG_10605",1,1,0
"Ahyacinthus20700-RA","Ahyacinthus20700-RA","Ahya","OG_2866",0,1,0
"Ahyacinthus20877-RA","Ahyacinthus20877-RA","Ahya","OG_1070",1,1,0
"Ahyacinthus20905-RA","Ahyacinthus20905-RA","Ahya","OG_10480",0,1,0
"Ahyacinthus20988-RA","Ahyacinthus20988-RA","Ahya","OG_5418",1,1,0
"Ahyacinthus21103-RA","Ahyacinthus21103-RA","Ahya","OG_2944",1,1,0
"Ahyacinthus21123-RA","Ahyacinthus21123-RA","Ahya","OG_8808",0,1,0
"Ahyacinthus21367-RA","Ahyacinthus21367-RA","Ahya","OG_10395",1,1,1
"Ahyacinthus21370-RA","Ahyacinthus21370-RA","Ahya","OG_10395",1,1,1
"Ahyacinthus21371-RA","Ahyacinthus21371-RA","Ahya","OG_10395",1,1,1
"Ahyacinthus21407-RA","Ahyacinthus21407-RA","Ahya","OG_8762",0,1,0
"Ahyacinthus21437-RA","Ahyacinthus21437-RA","Ahya","OG_877",0,1,0
"Ahyacinthus21449-RA","Ahyacinthus21449-RA","Ahya","OG_10682",0,1,0
"Ahyacinthus22533-RA","Ahyacinthus22533-RA","Ahya","OG_9462",0,1,0
"Ahyacinthus22556-RA","Ahyacinthus22556-RA","Ahya","OG_9389",0,1,0
"Ahyacinthus22690-RA","Ahyacinthus22690-RA","Ahya","OG_1041",0,1,0
"Ahyacinthus22692-RA","Ahyacinthus22692-RA","Ahya","OG_9432",1,1,1
"Ahyacinthus22806-RA","Ahyacinthus22806-RA","Ahya","OG_9460",0,1,0
"Ahyacinthus22968-RA","Ahyacinthus22968-RA","Ahya","OG_447",1,1,1
"Ahyacinthus23037-RA","Ahyacinthus23037-RA","Ahya","OG_4954",0,1,0
"Ahyacinthus23336-RA","Ahyacinthus23336-RA","Ahya","OG_7042",1,1,1
"Ahyacinthus23539-RA","Ahyacinthus23539-RA","Ahya","OG_7102",0,1,0
"Ahyacinthus23546-RA","Ahyacinthus23546-RA","Ahya","OG_7102",0,1,0
"Ahyacinthus23896-RA","Ahyacinthus23896-RA","Ahya","OG_12482",0,1,0
"Ahyacinthus24169-RA","Ahyacinthus24169-RA","Ahya","OG_282",1,1,1
"Ahyacinthus24483-RA","Ahyacinthus24483-RA","Ahya","OG_6955",0,1,0
"Ahyacinthus24729-RA","Ahyacinthus24729-RA","Ahya","OG_264",0,1,1
"Ahyacinthus24764-RA","Ahyacinthus24764-RA","Ahya","OG_825",0,1,1
"Ahyacinthus25049-RA","Ahyacinthus25049-RA","Ahya","OG_869",0,1,1
"Ahyacinthus25130-RA","Ahyacinthus25130-RA","Ahya","OG_869",0,1,1
"Ahyacinthus25159-RA","Ahyacinthus25159-RA","Ahya","OG_418",0,1,0
"Ahyacinthus25703-RA","Ahyacinthus25703-RA","Ahya","OG_418",0,1,0
"Ahyacinthus25983-RA","Ahyacinthus25983-RA","Ahya","OG_720",0,1,1
"Ahyacinthus26186-RA","Ahyacinthus26186-RA","Ahya","OG_880",0,1,0
"Ahyacinthus26717-RA","Ahyacinthus26717-RA","Ahya","OG_369",1,1,1
"Ahyacinthus26729-RA","Ahyacinthus26729-RA","Ahya","OG_764",1,1,1
"Ahyacinthus26854-RA","Ahyacinthus26854-RA","Ahya","OG_11017",0,1,0
"Ahyacinthus27039-RA","Ahyacinthus27039-RA","Ahya","OG_6282",1,1,0
"Ahyacinthus00074-RA","Ahyacinthus00074-RA","Ahya","OG_9200",0,1,1
"Ahyacinthus00306-RA","Ahyacinthus00306-RA","Ahya","OG_556",0,1,0
"Ahyacinthus00357-RA","Ahyacinthus00357-RA","Ahya","OG_9019",1,1,0
"Ahyacinthus00614-RA","Ahyacinthus00614-RA","Ahya","OG_6698",1,1,0
"Ahyacinthus00931-RA","Ahyacinthus00931-RA","Ahya","OG_377",0,1,0
"Ahyacinthus01228-RA","Ahyacinthus01228-RA","Ahya","OG_9174",0,1,0
"Ahyacinthus01311-RA","Ahyacinthus01311-RA","Ahya","OG_9046",1,1,0
"Ahyacinthus01405-RA","Ahyacinthus01405-RA","Ahya","OG_4751",0,1,0
"Ahyacinthus01420-RA","Ahyacinthus01420-RA","Ahya","OG_5324",1,1,0
"Ahyacinthus01890-RA","Ahyacinthus01890-RA","Ahya","OG_2358",0,1,1
"Ahyacinthus01939-RA","Ahyacinthus01939-RA","Ahya","OG_7884",1,1,0
"Ahyacinthus01974-RA","Ahyacinthus01974-RA","Ahya","OG_7693",0,1,0
"Ahyacinthus02043-RA","Ahyacinthus02043-RA","Ahya","OG_7766",0,1,1
"Ahyacinthus02049-RA","Ahyacinthus02049-RA","Ahya","OG_12364",0,1,0
"Ahyacinthus02179-RA","Ahyacinthus02179-RA","Ahya","OG_12682",1,1,0
"Ahyacinthus02272-RA","Ahyacinthus02272-RA","Ahya","OG_7796",1,1,0
"Ahyacinthus02496-RA","Ahyacinthus02496-RA","Ahya","OG_967",0,1,1
"Ahyacinthus02499-RA","Ahyacinthus02499-RA","Ahya","OG_5466",1,1,0
"Ahyacinthus02604-RA","Ahyacinthus02604-RA","Ahya","OG_5087",0,1,0
"Ahyacinthus02638-RA","Ahyacinthus02638-RA","Ahya","OG_6596",1,1,0
"Ahyacinthus02693-RA","Ahyacinthus02693-RA","Ahya","OG_170",1,1,1
"Ahyacinthus02786-RA","Ahyacinthus02786-RA","Ahya","OG_7695",0,1,0
"Ahyacinthus02793-RA","Ahyacinthus02793-RA","Ahya","OG_862",0,1,1
"Ahyacinthus02828-RA","Ahyacinthus02828-RA","Ahya","OG_7959",0,1,0
"Ahyacinthus02857-RA","Ahyacinthus02857-RA","Ahya","OG_6552",0,1,0
"Ahyacinthus02902-RA","Ahyacinthus02902-RA","Ahya","OG_847",1,1,1
"Ahyacinthus03614-RA","Ahyacinthus03614-RA","Ahya","OG_395",0,1,0
"Ahyacinthus03615-RA","Ahyacinthus03615-RA","Ahya","OG_5133",0,1,1
"Ahyacinthus03645-RA","Ahyacinthus03645-RA","Ahya","OG_10101",1,1,0
"Ahyacinthus03761-RA","Ahyacinthus03761-RA","Ahya","OG_12332",0,1,0
"Ahyacinthus04478-RA","Ahyacinthus04478-RA","Ahya","OG_5921",0,1,0
"Ahyacinthus04688-RA","Ahyacinthus04688-RA","Ahya","OG_10053",1,1,0
"Ahyacinthus04716-RA","Ahyacinthus04716-RA","Ahya","OG_4522",1,1,0
"Ahyacinthus04962-RA","Ahyacinthus04962-RA","Ahya","OG_4555",0,1,0
"Ahyacinthus05098-RA","Ahyacinthus05098-RA","Ahya","OG_10382",0,1,0
"Ahyacinthus05267-RA","Ahyacinthus05267-RA","Ahya","OG_9915",0,1,0
"Ahyacinthus05435-RA","Ahyacinthus05435-RA","Ahya","OG_565",0,1,1
"Ahyacinthus05585-RA","Ahyacinthus05585-RA","Ahya","OG_2240",0,1,0
"Ahyacinthus05913-RA","Ahyacinthus05913-RA","Ahya","OG_677",0,1,0
"Ahyacinthus06025-RA","Ahyacinthus06025-RA","Ahya","OG_832",0,1,0
"Ahyacinthus06090-RA","Ahyacinthus06090-RA","Ahya","OG_236",1,1,0
"Ahyacinthus06398-RA","Ahyacinthus06398-RA","Ahya","OG_9811",0,1,0
"Ahyacinthus06509-RA","Ahyacinthus06509-RA","Ahya","OG_405",0,1,1
"Ahyacinthus06544-RA","Ahyacinthus06544-RA","Ahya","OG_1165",1,1,0
"Ahyacinthus06868-RA","Ahyacinthus06868-RA","Ahya","OG_9804",0,1,0
"Ahyacinthus06918-RA","Ahyacinthus06918-RA","Ahya","OG_9654",0,1,0
"Ahyacinthus07082-RA","Ahyacinthus07082-RA","Ahya","OG_1395",1,1,0
"Ahyacinthus07100-RA","Ahyacinthus07100-RA","Ahya","OG_6330",1,1,1
"Ahyacinthus07148-RA","Ahyacinthus07148-RA","Ahya","OG_6330",1,1,1
"Ahyacinthus07344-RA","Ahyacinthus07344-RA","Ahya","OG_914",0,1,0
"Ahyacinthus07391-RA","Ahyacinthus07391-RA","Ahya","OG_677",0,1,0
"Ahyacinthus07477-RA","Ahyacinthus07477-RA","Ahya","OG_868",0,1,1
"Ahyacinthus07676-RA","Ahyacinthus07676-RA","Ahya","OG_1120",0,1,1
"Ahyacinthus07810-RA","Ahyacinthus07810-RA","Ahya","OG_7193",0,1,0
"Ahyacinthus07906-RA","Ahyacinthus07906-RA","Ahya","OG_3724",0,1,0
"Ahyacinthus08027-RA","Ahyacinthus08027-RA","Ahya","OG_7159",1,1,0
"Ahyacinthus08031-RA","Ahyacinthus08031-RA","Ahya","OG_7381",0,1,0
"Ahyacinthus08129-RA","Ahyacinthus08129-RA","Ahya","OG_979",0,1,1
"Ahyacinthus08131-RA","Ahyacinthus08131-RA","Ahya","OG_979",0,1,1
"Ahyacinthus08133-RA","Ahyacinthus08133-RA","Ahya","OG_979",0,1,1
"Ahyacinthus08172-RA","Ahyacinthus08172-RA","Ahya","OG_7176",0,1,0
"Ahyacinthus08229-RA","Ahyacinthus08229-RA","Ahya","OG_7226",1,1,0
"Ahyacinthus08314-RA","Ahyacinthus08314-RA","Ahya","OG_7367",1,1,0
"Ahyacinthus08467-RA","Ahyacinthus08467-RA","Ahya","OG_9862",0,1,0
"Ahyacinthus08653-RA","Ahyacinthus08653-RA","Ahya","OG_11428",0,1,0
"Ahyacinthus08773-RA","Ahyacinthus08773-RA","Ahya","OG_3371",1,1,0
"Ahyacinthus08932-RA","Ahyacinthus08932-RA","Ahya","OG_3400",0,1,1
"Ahyacinthus09245-RA","Ahyacinthus09245-RA","Ahya","OG_3461",0,1,0
"Ahyacinthus09317-RA","Ahyacinthus09317-RA","Ahya","OG_3465",1,1,0
"Ahyacinthus09553-RA","Ahyacinthus09553-RA","Ahya","OG_11519",0,1,0
"Ahyacinthus09610-RA","Ahyacinthus09610-RA","Ahya","OG_952",0,1,0
"Ahyacinthus09747-RA","Ahyacinthus09747-RA","Ahya","OG_630",0,1,1
"Ahyacinthus09758-RA","Ahyacinthus09758-RA","Ahya","OG_632",0,1,0
"Ahyacinthus09786-RA","Ahyacinthus09786-RA","Ahya","OG_5340",0,1,0
"Ahyacinthus10018-RA","Ahyacinthus10018-RA","Ahya","OG_3528",0,1,0
"Ahyacinthus10231-RA","Ahyacinthus10231-RA","Ahya","OG_453",0,1,0
"Ahyacinthus10430-RA","Ahyacinthus10430-RA","Ahya","OG_5354",0,1,0
"Ahyacinthus10613-RA","Ahyacinthus10613-RA","Ahya","OG_3640",0,1,0
"Ahyacinthus10720-RA","Ahyacinthus10720-RA","Ahya","OG_640",1,1,1
"Ahyacinthus10738-RA","Ahyacinthus10738-RA","Ahya","OG_640",1,1,1
"Ahyacinthus10746-RA","Ahyacinthus10746-RA","Ahya","OG_126",1,1,1
"Ahyacinthus10886-RA","Ahyacinthus10886-RA","Ahya","OG_11661",0,1,0
"Ahyacinthus11134-RA","Ahyacinthus11134-RA","Ahya","OG_11247",0,1,0
"Ahyacinthus11235-RA","Ahyacinthus11235-RA","Ahya","OG_616",1,1,0
"Ahyacinthus11237-RA","Ahyacinthus11237-RA","Ahya","OG_616",1,1,0
"Ahyacinthus11292-RA","Ahyacinthus11292-RA","Ahya","OG_6147",0,1,0
"Ahyacinthus11334-RA","Ahyacinthus11334-RA","Ahya","OG_1876",0,1,0
"Ahyacinthus11788-RA","Ahyacinthus11788-RA","Ahya","OG_868",0,1,1
"Ahyacinthus11868-RA","Ahyacinthus11868-RA","Ahya","OG_15",0,1,0
"Ahyacinthus12317-RA","Ahyacinthus12317-RA","Ahya","OG_4984",0,1,0
"Ahyacinthus12858-RA","Ahyacinthus12858-RA","Ahya","OG_2119",0,1,0
"Ahyacinthus13095-RA","Ahyacinthus13095-RA","Ahya","OG_8867",1,1,0
"Ahyacinthus13102-RA","Ahyacinthus13102-RA","Ahya","OG_6315",0,1,0
"Ahyacinthus13155-RA","Ahyacinthus13155-RA","Ahya","OG_608",1,1,1
"Ahyacinthus13236-RA","Ahyacinthus13236-RA","Ahya","OG_6259",1,1,1
"Ahyacinthus13378-RA","Ahyacinthus13378-RA","Ahya","OG_3899",0,1,0
"Ahyacinthus13526-RA","Ahyacinthus13526-RA","Ahya","OG_354",1,1,1
"Ahyacinthus13527-RA","Ahyacinthus13527-RA","Ahya","OG_347",0,1,1
"Ahyacinthus13528-RA","Ahyacinthus13528-RA","Ahya","OG_347",0,1,1
"Ahyacinthus13867-RA","Ahyacinthus13867-RA","Ahya","OG_891",0,1,0
"Ahyacinthus13914-RA","Ahyacinthus13914-RA","Ahya","OG_832",0,1,0
"Ahyacinthus13989-RA","Ahyacinthus13989-RA","Ahya","OG_190",1,1,1
"Ahyacinthus14190-RA","Ahyacinthus14190-RA","Ahya","OG_8897",0,1,1
"Ahyacinthus14193-RA","Ahyacinthus14193-RA","Ahya","OG_8897",0,1,1
"Ahyacinthus14224-RA","Ahyacinthus14224-RA","Ahya","OG_6611",1,1,0
"Ahyacinthus14419-RA","Ahyacinthus14419-RA","Ahya","OG_4026",0,1,0
"Ahyacinthus14700-RA","Ahyacinthus14700-RA","Ahya","OG_8735",1,1,0
"Ahyacinthus14869-RA","Ahyacinthus14869-RA","Ahya","OG_30",0,1,0
"Ahyacinthus14995-RA","Ahyacinthus14995-RA","Ahya","OG_11900",0,1,0
"Ahyacinthus15178-RA","Ahyacinthus15178-RA","Ahya","OG_832",0,1,0
"Ahyacinthus15208-RA","Ahyacinthus15208-RA","Ahya","OG_12213",0,1,0
"Ahyacinthus15342-RA","Ahyacinthus15342-RA","Ahya","OG_6627",0,1,0
"Ahyacinthus15839-RA","Ahyacinthus15839-RA","Ahya","OG_11999",0,1,0
"Ahyacinthus15846-RA","Ahyacinthus15846-RA","Ahya","OG_12461",0,1,1
"Ahyacinthus15849-RA","Ahyacinthus15849-RA","Ahya","OG_12461",0,1,1
"Ahyacinthus16144-RA","Ahyacinthus16144-RA","Ahya","OG_11929",0,1,0
"Ahyacinthus16328-RA","Ahyacinthus16328-RA","Ahya","OG_683",1,1,1
"Ahyacinthus16340-RA","Ahyacinthus16340-RA","Ahya","OG_679",0,1,1
"Ahyacinthus16954-RA","Ahyacinthus16954-RA","Ahya","OG_7526",0,1,0
"Ahyacinthus17041-RA","Ahyacinthus17041-RA","Ahya","OG_222",0,1,1
"Ahyacinthus17096-RA","Ahyacinthus17096-RA","Ahya","OG_4989",1,1,0
"Ahyacinthus17237-RA","Ahyacinthus17237-RA","Ahya","OG_6965",0,1,0
"Ahyacinthus17330-RA","Ahyacinthus17330-RA","Ahya","OG_874",0,1,1
"Ahyacinthus17477-RA","Ahyacinthus17477-RA","Ahya","OG_7407",0,1,1
"Ahyacinthus17719-RA","Ahyacinthus17719-RA","Ahya","OG_875",0,1,1
"Ahyacinthus17776-RA","Ahyacinthus17776-RA","Ahya","OG_5424",0,1,0
"Ahyacinthus17886-RA","Ahyacinthus17886-RA","Ahya","OG_165",1,1,1
"Ahyacinthus18209-RA","Ahyacinthus18209-RA","Ahya","OG_868",0,1,1
"Ahyacinthus18338-RA","Ahyacinthus18338-RA","Ahya","OG_8179",0,1,0
"Ahyacinthus18345-RA","Ahyacinthus18345-RA","Ahya","OG_3068",0,1,1
"Ahyacinthus18380-RA","Ahyacinthus18380-RA","Ahya","OG_3074",0,1,0
"Ahyacinthus18500-RA","Ahyacinthus18500-RA","Ahya","OG_8472",1,1,0
"Ahyacinthus18549-RA","Ahyacinthus18549-RA","Ahya","OG_3100",1,1,0
"Ahyacinthus18633-RA","Ahyacinthus18633-RA","Ahya","OG_3116",1,1,0
"Ahyacinthus18696-RA","Ahyacinthus18696-RA","Ahya","OG_7011",0,1,0
"Ahyacinthus18715-RA","Ahyacinthus18715-RA","Ahya","OG_3134",0,1,0
"Ahyacinthus18860-RA","Ahyacinthus18860-RA","Ahya","OG_5284",1,1,0
"Ahyacinthus19003-RA","Ahyacinthus19003-RA","Ahya","OG_8271",1,1,0
"Ahyacinthus19117-RA","Ahyacinthus19117-RA","Ahya","OG_8331",0,1,1
"Ahyacinthus19161-RA","Ahyacinthus19161-RA","Ahya","OG_677",0,1,0
"Ahyacinthus19261-RA","Ahyacinthus19261-RA","Ahya","OG_3209",1,1,0
"Ahyacinthus19457-RA","Ahyacinthus19457-RA","Ahya","OG_4960",1,1,0
"Ahyacinthus19607-RA","Ahyacinthus19607-RA","Ahya","OG_8458",0,1,0
"Ahyacinthus19672-RA","Ahyacinthus19672-RA","Ahya","OG_3276",0,1,0
"Ahyacinthus19931-RA","Ahyacinthus19931-RA","Ahya","OG_8546",0,1,1
"Ahyacinthus19945-RA","Ahyacinthus19945-RA","Ahya","OG_8262",1,1,0
"Ahyacinthus19977-RA","Ahyacinthus19977-RA","Ahya","OG_3334",0,1,0
"Ahyacinthus20092-RA","Ahyacinthus20092-RA","Ahya","OG_677",0,1,0
"Ahyacinthus20198-RA","Ahyacinthus20198-RA","Ahya","OG_416",0,1,1
"Ahyacinthus20538-RA","Ahyacinthus20538-RA","Ahya","OG_9026",1,1,1
"Ahyacinthus20724-RA","Ahyacinthus20724-RA","Ahya","OG_176",1,1,1
"Ahyacinthus20932-RA","Ahyacinthus20932-RA","Ahya","OG_2916",1,1,0
"Ahyacinthus21207-RA","Ahyacinthus21207-RA","Ahya","OG_12453",0,1,0
"Ahyacinthus21326-RA","Ahyacinthus21326-RA","Ahya","OG_5934",0,1,1
"Ahyacinthus21331-RA","Ahyacinthus21331-RA","Ahya","OG_5934",0,1,1
"Ahyacinthus21334-RA","Ahyacinthus21334-RA","Ahya","OG_5934",0,1,1
"Ahyacinthus21341-RA","Ahyacinthus21341-RA","Ahya","OG_2990",1,1,0
"Ahyacinthus21564-RA","Ahyacinthus21564-RA","Ahya","OG_10685",0,1,0
"Ahyacinthus21683-RA","Ahyacinthus21683-RA","Ahya","OG_677",0,1,0
"Ahyacinthus22520-RA","Ahyacinthus22520-RA","Ahya","OG_9347",0,1,0
"Ahyacinthus22659-RA","Ahyacinthus22659-RA","Ahya","OG_305",1,1,1
"Ahyacinthus22663-RA","Ahyacinthus22663-RA","Ahya","OG_305",1,1,1
"Ahyacinthus22786-RA","Ahyacinthus22786-RA","Ahya","OG_9431",0,1,0
"Ahyacinthus23070-RA","Ahyacinthus23070-RA","Ahya","OG_811",0,1,0
"Ahyacinthus23091-RA","Ahyacinthus23091-RA","Ahya","OG_9451",0,1,1
"Ahyacinthus23096-RA","Ahyacinthus23096-RA","Ahya","OG_9451",0,1,1
"Ahyacinthus23420-RA","Ahyacinthus23420-RA","Ahya","OG_2667",1,1,0
"Ahyacinthus23542-RA","Ahyacinthus23542-RA","Ahya","OG_936",0,1,0
"Ahyacinthus23605-RA","Ahyacinthus23605-RA","Ahya","OG_907",0,1,0
"Ahyacinthus23751-RA","Ahyacinthus23751-RA","Ahya","OG_1118",0,1,0
"Ahyacinthus23986-RA","Ahyacinthus23986-RA","Ahya","OG_149",1,1,1
"Ahyacinthus24313-RA","Ahyacinthus24313-RA","Ahya","OG_6867",0,1,1
"Ahyacinthus24317-RA","Ahyacinthus24317-RA","Ahya","OG_7003",1,1,0
"Ahyacinthus24434-RA","Ahyacinthus24434-RA","Ahya","OG_951",0,1,1
"Ahyacinthus24959-RA","Ahyacinthus24959-RA","Ahya","OG_677",0,1,0
"Ahyacinthus24993-RA","Ahyacinthus24993-RA","Ahya","OG_722",0,1,1
"Ahyacinthus25399-RA","Ahyacinthus25399-RA","Ahya","OG_8331",0,1,1
"Ahyacinthus25402-RA","Ahyacinthus25402-RA","Ahya","OG_1212",0,1,1
"Ahyacinthus25486-RA","Ahyacinthus25486-RA","Ahya","OG_914",0,1,0
"Ahyacinthus25553-RA","Ahyacinthus25553-RA","Ahya","OG_818",1,1,1
"Ahyacinthus26072-RA","Ahyacinthus26072-RA","Ahya","OG_990",0,1,0
"Ahyacinthus26163-RA","Ahyacinthus26163-RA","Ahya","OG_990",0,1,0
"Ahyacinthus26389-RA","Ahyacinthus26389-RA","Ahya","OG_234",1,1,0
"Ahyacinthus26596-RA","Ahyacinthus26596-RA","Ahya","OG_170",1,1,1
"Ahyacinthus00304-RA","Ahyacinthus00304-RA","Ahya","OG_6693",1,1,1
"Ahyacinthus00812-RA","Ahyacinthus00812-RA","Ahya","OG_353",1,1,0
"Ahyacinthus01056-RA","Ahyacinthus01056-RA","Ahya","OG_916",1,1,1
"Ahyacinthus01062-RA","Ahyacinthus01062-RA","Ahya","OG_415",0,1,0
"Ahyacinthus01065-RA","Ahyacinthus01065-RA","Ahya","OG_5146",0,1,0
"Ahyacinthus01089-RA","Ahyacinthus01089-RA","Ahya","OG_1186",0,1,0
"Ahyacinthus01220-RA","Ahyacinthus01220-RA","Ahya","OG_4718",0,1,0
"Ahyacinthus01221-RA","Ahyacinthus01221-RA","Ahya","OG_5164",0,1,0
"Ahyacinthus01253-RA","Ahyacinthus01253-RA","Ahya","OG_9074",1,1,0
"Ahyacinthus01379-RA","Ahyacinthus01379-RA","Ahya","OG_9311",1,1,0
"Ahyacinthus01396-RA","Ahyacinthus01396-RA","Ahya","OG_4748",1,1,0
"Ahyacinthus01444-RA","Ahyacinthus01444-RA","Ahya","OG_1140",0,1,1
"Ahyacinthus01523-RA","Ahyacinthus01523-RA","Ahya","OG_9121",1,1,0
"Ahyacinthus01590-RA","Ahyacinthus01590-RA","Ahya","OG_6690",0,1,0
"Ahyacinthus01647-RA","Ahyacinthus01647-RA","Ahya","OG_9103",0,1,0
"Ahyacinthus01681-RA","Ahyacinthus01681-RA","Ahya","OG_4806",0,1,0
"Ahyacinthus01700-RA","Ahyacinthus01700-RA","Ahya","OG_1178",0,1,0
"Ahyacinthus01827-RA","Ahyacinthus01827-RA","Ahya","OG_8091",0,1,1
"Ahyacinthus01897-RA","Ahyacinthus01897-RA","Ahya","OG_2363",0,1,1
"Ahyacinthus01945-RA","Ahyacinthus01945-RA","Ahya","OG_2379",1,1,0
"Ahyacinthus01987-RA","Ahyacinthus01987-RA","Ahya","OG_2394",1,1,0
"Ahyacinthus02006-RA","Ahyacinthus02006-RA","Ahya","OG_427",0,1,1
"Ahyacinthus02073-RA","Ahyacinthus02073-RA","Ahya","OG_7928",0,1,0
"Ahyacinthus02203-RA","Ahyacinthus02203-RA","Ahya","OG_7742",0,1,1
"Ahyacinthus02212-RA","Ahyacinthus02212-RA","Ahya","OG_7750",0,1,1
"Ahyacinthus02226-RA","Ahyacinthus02226-RA","Ahya","OG_12677",0,1,0
"Ahyacinthus02463-RA","Ahyacinthus02463-RA","Ahya","OG_5778",0,1,1
"Ahyacinthus02628-RA","Ahyacinthus02628-RA","Ahya","OG_8083",0,1,0
"Ahyacinthus02629-RA","Ahyacinthus02629-RA","Ahya","OG_8084",1,1,0
"Ahyacinthus02664-RA","Ahyacinthus02664-RA","Ahya","OG_6021",0,1,0
"Ahyacinthus02792-RA","Ahyacinthus02792-RA","Ahya","OG_862",0,1,1
"Ahyacinthus03102-RA","Ahyacinthus03102-RA","Ahya","OG_4053",1,1,0
"Ahyacinthus03298-RA","Ahyacinthus03298-RA","Ahya","OG_778",1,1,0
"Ahyacinthus03442-RA","Ahyacinthus03442-RA","Ahya","OG_4333",0,1,0
"Ahyacinthus03447-RA","Ahyacinthus03447-RA","Ahya","OG_4337",0,1,0
"Ahyacinthus03546-RA","Ahyacinthus03546-RA","Ahya","OG_10342",1,1,0
"Ahyacinthus03848-RA","Ahyacinthus03848-RA","Ahya","OG_12663",0,1,0
"Ahyacinthus03883-RA","Ahyacinthus03883-RA","Ahya","OG_593",1,1,1
"Ahyacinthus03886-RA","Ahyacinthus03886-RA","Ahya","OG_10369",0,1,0
"Ahyacinthus03897-RA","Ahyacinthus03897-RA","Ahya","OG_4415",0,1,0
"Ahyacinthus03951-RA","Ahyacinthus03951-RA","Ahya","OG_10198",0,1,1
"Ahyacinthus04066-RA","Ahyacinthus04066-RA","Ahya","OG_5118",0,1,0
"Ahyacinthus04081-RA","Ahyacinthus04081-RA","Ahya","OG_427",0,1,1
"Ahyacinthus04107-RA","Ahyacinthus04107-RA","Ahya","OG_10225",0,1,0
"Ahyacinthus04578-RA","Ahyacinthus04578-RA","Ahya","OG_1302",0,1,0
"Ahyacinthus04638-RA","Ahyacinthus04638-RA","Ahya","OG_10072",0,1,0
"Ahyacinthus04893-RA","Ahyacinthus04893-RA","Ahya","OG_10176",1,1,0
"Ahyacinthus05513-RA","Ahyacinthus05513-RA","Ahya","OG_9699",0,1,0
"Ahyacinthus05675-RA","Ahyacinthus05675-RA","Ahya","OG_6757",0,1,0
"Ahyacinthus05841-RA","Ahyacinthus05841-RA","Ahya","OG_301",0,1,0
"Ahyacinthus05968-RA","Ahyacinthus05968-RA","Ahya","OG_857",0,1,0
"Ahyacinthus06262-RA","Ahyacinthus06262-RA","Ahya","OG_6742",0,1,0
"Ahyacinthus06491-RA","Ahyacinthus06491-RA","Ahya","OG_6732",0,1,0
"Ahyacinthus06591-RA","Ahyacinthus06591-RA","Ahya","OG_4261",1,1,0
"Ahyacinthus06690-RA","Ahyacinthus06690-RA","Ahya","OG_4278",0,1,0
"Ahyacinthus06837-RA","Ahyacinthus06837-RA","Ahya","OG_876",0,1,1
"Ahyacinthus06846-RA","Ahyacinthus06846-RA","Ahya","OG_9639",1,1,0
"Ahyacinthus06994-RA","Ahyacinthus06994-RA","Ahya","OG_811",0,1,0
"Ahyacinthus07111-RA","Ahyacinthus07111-RA","Ahya","OG_427",0,1,1
"Ahyacinthus07192-RA","Ahyacinthus07192-RA","Ahya","OG_785",0,1,0
"Ahyacinthus07376-RA","Ahyacinthus07376-RA","Ahya","OG_1178",0,1,0
"Ahyacinthus07513-RA","Ahyacinthus07513-RA","Ahya","OG_470",1,1,0
"Ahyacinthus07762-RA","Ahyacinthus07762-RA","Ahya","OG_792",1,1,1
"Ahyacinthus07989-RA","Ahyacinthus07989-RA","Ahya","OG_6011",1,1,0
"Ahyacinthus08014-RA","Ahyacinthus08014-RA","Ahya","OG_925",0,1,0
"Ahyacinthus08061-RA","Ahyacinthus08061-RA","Ahya","OG_6445",0,1,0
"Ahyacinthus08242-RA","Ahyacinthus08242-RA","Ahya","OG_3780",0,1,0
"Ahyacinthus08340-RA","Ahyacinthus08340-RA","Ahya","OG_7375",1,1,1
"Ahyacinthus08665-RA","Ahyacinthus08665-RA","Ahya","OG_11572",1,1,0
"Ahyacinthus08827-RA","Ahyacinthus08827-RA","Ahya","OG_3383",0,1,0
"Ahyacinthus09053-RA","Ahyacinthus09053-RA","Ahya","OG_3424",0,1,0
"Ahyacinthus09100-RA","Ahyacinthus09100-RA","Ahya","OG_11763",0,1,0
"Ahyacinthus09138-RA","Ahyacinthus09138-RA","Ahya","OG_6167",1,1,0
"Ahyacinthus09274-RA","Ahyacinthus09274-RA","Ahya","OG_811",0,1,0
"Ahyacinthus09564-RA","Ahyacinthus09564-RA","Ahya","OG_155",1,1,1
"Ahyacinthus09605-RA","Ahyacinthus09605-RA","Ahya","OG_427",0,1,1
"Ahyacinthus09664-RA","Ahyacinthus09664-RA","Ahya","OG_916",1,1,1
"Ahyacinthus09671-RA","Ahyacinthus09671-RA","Ahya","OG_6632",0,1,0
"Ahyacinthus09941-RA","Ahyacinthus09941-RA","Ahya","OG_298",0,1,1
"Ahyacinthus10016-RA","Ahyacinthus10016-RA","Ahya","OG_3527",0,1,0
"Ahyacinthus10050-RA","Ahyacinthus10050-RA","Ahya","OG_916",1,1,1
"Ahyacinthus10110-RA","Ahyacinthus10110-RA","Ahya","OG_11597",0,1,0
"Ahyacinthus10134-RA","Ahyacinthus10134-RA","Ahya","OG_3549",0,1,0
"Ahyacinthus10369-RA","Ahyacinthus10369-RA","Ahya","OG_316",0,1,1
"Ahyacinthus10396-RA","Ahyacinthus10396-RA","Ahya","OG_5722",1,1,0
"Ahyacinthus10434-RA","Ahyacinthus10434-RA","Ahya","OG_6483",0,1,1
"Ahyacinthus10678-RA","Ahyacinthus10678-RA","Ahya","OG_637",1,1,0
"Ahyacinthus10685-RA","Ahyacinthus10685-RA","Ahya","OG_699",1,1,0
"Ahyacinthus10700-RA","Ahyacinthus10700-RA","Ahya","OG_3655",0,1,0
"Ahyacinthus10823-RA","Ahyacinthus10823-RA","Ahya","OG_6340",1,1,1
"Ahyacinthus10825-RA","Ahyacinthus10825-RA","Ahya","OG_6340",1,1,1
"Ahyacinthus10835-RA","Ahyacinthus10835-RA","Ahya","OG_6732",0,1,0
"Ahyacinthus10885-RA","Ahyacinthus10885-RA","Ahya","OG_6479",0,1,0
"Ahyacinthus10907-RA","Ahyacinthus10907-RA","Ahya","OG_5094",0,1,0
"Ahyacinthus11142-RA","Ahyacinthus11142-RA","Ahya","OG_12672",0,1,0
"Ahyacinthus11163-RA","Ahyacinthus11163-RA","Ahya","OG_1836",0,1,0
"Ahyacinthus11259-RA","Ahyacinthus11259-RA","Ahya","OG_11194",0,1,0
"Ahyacinthus11281-RA","Ahyacinthus11281-RA","Ahya","OG_10866",0,1,0
"Ahyacinthus11840-RA","Ahyacinthus11840-RA","Ahya","OG_353",1,1,0
"Ahyacinthus11901-RA","Ahyacinthus11901-RA","Ahya","OG_9143",0,1,0
"Ahyacinthus11971-RA","Ahyacinthus11971-RA","Ahya","OG_1960",0,1,0
"Ahyacinthus12037-RA","Ahyacinthus12037-RA","Ahya","OG_5259",0,1,0
"Ahyacinthus12048-RA","Ahyacinthus12048-RA","Ahya","OG_11159",0,1,0
"Ahyacinthus12086-RA","Ahyacinthus12086-RA","Ahya","OG_10022",0,1,0
"Ahyacinthus12155-RA","Ahyacinthus12155-RA","Ahya","OG_11297",1,1,0
"Ahyacinthus12158-RA","Ahyacinthus12158-RA","Ahya","OG_6551",1,1,0
"Ahyacinthus12381-RA","Ahyacinthus12381-RA","Ahya","OG_2030",0,1,0
"Ahyacinthus12546-RA","Ahyacinthus12546-RA","Ahya","OG_1507",0,1,0
"Ahyacinthus12594-RA","Ahyacinthus12594-RA","Ahya","OG_6848",0,1,0
"Ahyacinthus12626-RA","Ahyacinthus12626-RA","Ahya","OG_4988",0,1,0
"Ahyacinthus12677-RA","Ahyacinthus12677-RA","Ahya","OG_7573",0,1,0
"Ahyacinthus12690-RA","Ahyacinthus12690-RA","Ahya","OG_2089",0,1,0
"Ahyacinthus12830-RA","Ahyacinthus12830-RA","Ahya","OG_10764",0,1,0
"Ahyacinthus12893-RA","Ahyacinthus12893-RA","Ahya","OG_5128",0,1,1
"Ahyacinthus12916-RA","Ahyacinthus12916-RA","Ahya","OG_5128",0,1,1
"Ahyacinthus12945-RA","Ahyacinthus12945-RA","Ahya","OG_10799",0,1,0
"Ahyacinthus13057-RA","Ahyacinthus13057-RA","Ahya","OG_8956",1,1,1
"Ahyacinthus13230-RA","Ahyacinthus13230-RA","Ahya","OG_1117",1,1,0
"Ahyacinthus13232-RA","Ahyacinthus13232-RA","Ahya","OG_3864",1,1,0
"Ahyacinthus13337-RA","Ahyacinthus13337-RA","Ahya","OG_3886",0,1,0
"Ahyacinthus13711-RA","Ahyacinthus13711-RA","Ahya","OG_5094",0,1,0
"Ahyacinthus13802-RA","Ahyacinthus13802-RA","Ahya","OG_1022",1,1,1
"Ahyacinthus14037-RA","Ahyacinthus14037-RA","Ahya","OG_5290",0,1,0
"Ahyacinthus14071-RA","Ahyacinthus14071-RA","Ahya","OG_8708",0,1,0
"Ahyacinthus14142-RA","Ahyacinthus14142-RA","Ahya","OG_3977",0,1,0
"Ahyacinthus14206-RA","Ahyacinthus14206-RA","Ahya","OG_270",1,1,1
"Ahyacinthus14207-RA","Ahyacinthus14207-RA","Ahya","OG_353",1,1,0
"Ahyacinthus14368-RA","Ahyacinthus14368-RA","Ahya","OG_8927",0,1,0
"Ahyacinthus14512-RA","Ahyacinthus14512-RA","Ahya","OG_5939",1,1,1
"Ahyacinthus14594-RA","Ahyacinthus14594-RA","Ahya","OG_4046",0,1,0
"Ahyacinthus14945-RA","Ahyacinthus14945-RA","Ahya","OG_427",0,1,1
"Ahyacinthus15231-RA","Ahyacinthus15231-RA","Ahya","OG_759",1,1,0
"Ahyacinthus15234-RA","Ahyacinthus15234-RA","Ahya","OG_759",1,1,0
"Ahyacinthus15240-RA","Ahyacinthus15240-RA","Ahya","OG_759",1,1,0
"Ahyacinthus15241-RA","Ahyacinthus15241-RA","Ahya","OG_759",1,1,0
"Ahyacinthus15379-RA","Ahyacinthus15379-RA","Ahya","OG_12177",0,1,0
"Ahyacinthus15412-RA","Ahyacinthus15412-RA","Ahya","OG_501",0,1,1
"Ahyacinthus15500-RA","Ahyacinthus15500-RA","Ahya","OG_916",1,1,1
"Ahyacinthus15547-RA","Ahyacinthus15547-RA","Ahya","OG_1226",0,1,0
"Ahyacinthus15689-RA","Ahyacinthus15689-RA","Ahya","OG_1607",0,1,0
"Ahyacinthus15730-RA","Ahyacinthus15730-RA","Ahya","OG_11926",0,1,0
"Ahyacinthus15816-RA","Ahyacinthus15816-RA","Ahya","OG_1630",0,1,0
"Ahyacinthus15972-RA","Ahyacinthus15972-RA","Ahya","OG_12084",1,1,0
"Ahyacinthus16002-RA","Ahyacinthus16002-RA","Ahya","OG_11914",0,1,0
"Ahyacinthus16135-RA","Ahyacinthus16135-RA","Ahya","OG_480",0,1,1
"Ahyacinthus16393-RA","Ahyacinthus16393-RA","Ahya","OG_517",0,1,0
"Ahyacinthus16402-RA","Ahyacinthus16402-RA","Ahya","OG_7421",0,1,0
"Ahyacinthus16490-RA","Ahyacinthus16490-RA","Ahya","OG_324",0,1,1
"Ahyacinthus16496-RA","Ahyacinthus16496-RA","Ahya","OG_699",1,1,0
"Ahyacinthus16642-RA","Ahyacinthus16642-RA","Ahya","OG_1759",0,1,0
"Ahyacinthus16693-RA","Ahyacinthus16693-RA","Ahya","OG_7725",0,1,0
"Ahyacinthus16718-RA","Ahyacinthus16718-RA","Ahya","OG_12154",1,1,0
"Ahyacinthus16908-RA","Ahyacinthus16908-RA","Ahya","OG_415",0,1,0
"Ahyacinthus17027-RA","Ahyacinthus17027-RA","Ahya","OG_2159",0,1,0
"Ahyacinthus17055-RA","Ahyacinthus17055-RA","Ahya","OG_353",1,1,0
"Ahyacinthus17192-RA","Ahyacinthus17192-RA","Ahya","OG_7681",0,1,0
"Ahyacinthus17289-RA","Ahyacinthus17289-RA","Ahya","OG_2186",0,1,0
"Ahyacinthus17292-RA","Ahyacinthus17292-RA","Ahya","OG_7514",0,1,0
"Ahyacinthus17301-RA","Ahyacinthus17301-RA","Ahya","OG_7401",0,1,0
"Ahyacinthus17335-RA","Ahyacinthus17335-RA","Ahya","OG_874",0,1,1
"Ahyacinthus17583-RA","Ahyacinthus17583-RA","Ahya","OG_2231",0,1,0
"Ahyacinthus17594-RA","Ahyacinthus17594-RA","Ahya","OG_7476",0,1,0
"Ahyacinthus17676-RA","Ahyacinthus17676-RA","Ahya","OG_7672",0,1,1
"Ahyacinthus17872-RA","Ahyacinthus17872-RA","Ahya","OG_7394",0,1,0
"Ahyacinthus18036-RA","Ahyacinthus18036-RA","Ahya","OG_353",1,1,0
"Ahyacinthus18062-RA","Ahyacinthus18062-RA","Ahya","OG_1026",0,1,0
"Ahyacinthus18078-RA","Ahyacinthus18078-RA","Ahya","OG_876",0,1,1
"Ahyacinthus18119-RA","Ahyacinthus18119-RA","Ahya","OG_353",1,1,0
"Ahyacinthus18234-RA","Ahyacinthus18234-RA","Ahya","OG_8232",0,1,0
"Ahyacinthus18447-RA","Ahyacinthus18447-RA","Ahya","OG_8604",0,1,0
"Ahyacinthus18452-RA","Ahyacinthus18452-RA","Ahya","OG_8604",0,1,0
"Ahyacinthus18479-RA","Ahyacinthus18479-RA","Ahya","OG_3089",0,1,0
"Ahyacinthus18641-RA","Ahyacinthus18641-RA","Ahya","OG_3118",0,1,0
"Ahyacinthus18842-RA","Ahyacinthus18842-RA","Ahya","OG_6732",0,1,0
"Ahyacinthus18903-RA","Ahyacinthus18903-RA","Ahya","OG_8234",1,1,1
"Ahyacinthus19001-RA","Ahyacinthus19001-RA","Ahya","OG_5273",0,1,0
"Ahyacinthus19004-RA","Ahyacinthus19004-RA","Ahya","OG_12568",1,1,0
"Ahyacinthus19439-RA","Ahyacinthus19439-RA","Ahya","OG_3229",0,1,0
"Ahyacinthus19480-RA","Ahyacinthus19480-RA","Ahya","OG_3239",0,1,0
"Ahyacinthus19621-RA","Ahyacinthus19621-RA","Ahya","OG_5398",0,1,0
"Ahyacinthus19743-RA","Ahyacinthus19743-RA","Ahya","OG_5278",0,1,0
"Ahyacinthus19999-RA","Ahyacinthus19999-RA","Ahya","OG_7186",0,1,0
"Ahyacinthus20049-RA","Ahyacinthus20049-RA","Ahya","OG_1178",0,1,0
"Ahyacinthus20082-RA","Ahyacinthus20082-RA","Ahya","OG_216",0,1,0
"Ahyacinthus20108-RA","Ahyacinthus20108-RA","Ahya","OG_515",0,1,0
"Ahyacinthus20207-RA","Ahyacinthus20207-RA","Ahya","OG_6802",0,1,1
"Ahyacinthus21188-RA","Ahyacinthus21188-RA","Ahya","OG_1292",1,1,1
"Ahyacinthus21257-RA","Ahyacinthus21257-RA","Ahya","OG_2973",0,1,0
"Ahyacinthus21513-RA","Ahyacinthus21513-RA","Ahya","OG_284",1,1,1
"Ahyacinthus21567-RA","Ahyacinthus21567-RA","Ahya","OG_7492",0,1,1
"Ahyacinthus21738-RA","Ahyacinthus21738-RA","Ahya","OG_6107",0,1,0
"Ahyacinthus21805-RA","Ahyacinthus21805-RA","Ahya","OG_813",1,1,0
"Ahyacinthus22025-RA","Ahyacinthus22025-RA","Ahya","OG_857",0,1,0
"Ahyacinthus22079-RA","Ahyacinthus22079-RA","Ahya","OG_4820",1,1,1
"Ahyacinthus22211-RA","Ahyacinthus22211-RA","Ahya","OG_436",1,1,1
"Ahyacinthus22305-RA","Ahyacinthus22305-RA","Ahya","OG_5268",0,1,0
"Ahyacinthus22328-RA","Ahyacinthus22328-RA","Ahya","OG_963",1,1,0
"Ahyacinthus22402-RA","Ahyacinthus22402-RA","Ahya","OG_4848",0,1,0
"Ahyacinthus22439-RA","Ahyacinthus22439-RA","Ahya","OG_4852",1,1,0
"Ahyacinthus22730-RA","Ahyacinthus22730-RA","Ahya","OG_5213",0,1,0
"Ahyacinthus22750-RA","Ahyacinthus22750-RA","Ahya","OG_4907",0,1,0
"Ahyacinthus22781-RA","Ahyacinthus22781-RA","Ahya","OG_9425",0,1,0
"Ahyacinthus23158-RA","Ahyacinthus23158-RA","Ahya","OG_901",0,1,1
"Ahyacinthus23174-RA","Ahyacinthus23174-RA","Ahya","OG_6939",0,1,0
"Ahyacinthus23387-RA","Ahyacinthus23387-RA","Ahya","OG_6874",0,1,0
"Ahyacinthus23423-RA","Ahyacinthus23423-RA","Ahya","OG_2669",0,1,0
"Ahyacinthus23520-RA","Ahyacinthus23520-RA","Ahya","OG_307",0,1,0
"Ahyacinthus23521-RA","Ahyacinthus23521-RA","Ahya","OG_307",0,1,0
"Ahyacinthus23600-RA","Ahyacinthus23600-RA","Ahya","OG_916",1,1,1
"Ahyacinthus23601-RA","Ahyacinthus23601-RA","Ahya","OG_2682",1,1,0
"Ahyacinthus23629-RA","Ahyacinthus23629-RA","Ahya","OG_12735",1,1,0
"Ahyacinthus24025-RA","Ahyacinthus24025-RA","Ahya","OG_1026",0,1,0
"Ahyacinthus24040-RA","Ahyacinthus24040-RA","Ahya","OG_905",1,1,1
"Ahyacinthus24076-RA","Ahyacinthus24076-RA","Ahya","OG_1336",1,1,1
"Ahyacinthus24108-RA","Ahyacinthus24108-RA","Ahya","OG_284",1,1,1
"Ahyacinthus24143-RA","Ahyacinthus24143-RA","Ahya","OG_808",0,1,1
"Ahyacinthus24216-RA","Ahyacinthus24216-RA","Ahya","OG_124",1,1,1
"Ahyacinthus24485-RA","Ahyacinthus24485-RA","Ahya","OG_7029",1,1,0
"Ahyacinthus24601-RA","Ahyacinthus24601-RA","Ahya","OG_916",1,1,1
"Ahyacinthus24835-RA","Ahyacinthus24835-RA","Ahya","OG_5090",1,1,1
"Ahyacinthus24977-RA","Ahyacinthus24977-RA","Ahya","OG_6732",0,1,0
"Ahyacinthus24982-RA","Ahyacinthus24982-RA","Ahya","OG_155",1,1,1
"Ahyacinthus24998-RA","Ahyacinthus24998-RA","Ahya","OG_155",1,1,1
"Ahyacinthus25154-RA","Ahyacinthus25154-RA","Ahya","OG_811",0,1,0
"Ahyacinthus25255-RA","Ahyacinthus25255-RA","Ahya","OG_504",1,1,1
"Ahyacinthus25650-RA","Ahyacinthus25650-RA","Ahya","OG_377",0,1,0
"Ahyacinthus25678-RA","Ahyacinthus25678-RA","Ahya","OG_427",0,1,1
"Ahyacinthus25826-RA","Ahyacinthus25826-RA","Ahya","OG_427",0,1,1
"Ahyacinthus25870-RA","Ahyacinthus25870-RA","Ahya","OG_916",1,1,1
"Ahyacinthus26014-RA","Ahyacinthus26014-RA","Ahya","OG_284",1,1,1
"Ahyacinthus26212-RA","Ahyacinthus26212-RA","Ahya","OG_427",0,1,1
"Ahyacinthus26519-RA","Ahyacinthus26519-RA","Ahya","OG_284",1,1,1
"Ahyacinthus26731-RA","Ahyacinthus26731-RA","Ahya","OG_155",1,1,1
"Ahyacinthus26954-RA","Ahyacinthus26954-RA","Ahya","OG_1595",0,1,0
"Ahyacinthus00083-RA","Ahyacinthus00083-RA","Ahya","OG_8939",0,1,0
"Ahyacinthus00874-RA","Ahyacinthus00874-RA","Ahya","OG_571",0,1,0
"Ahyacinthus01972-RA","Ahyacinthus01972-RA","Ahya","OG_2390",0,1,0
"Ahyacinthus02039-RA","Ahyacinthus02039-RA","Ahya","OG_7768",0,1,1
"Ahyacinthus02850-RA","Ahyacinthus02850-RA","Ahya","OG_885",0,1,1
"Ahyacinthus02852-RA","Ahyacinthus02852-RA","Ahya","OG_885",0,1,1
"Ahyacinthus03474-RA","Ahyacinthus03474-RA","Ahya","OG_10379",0,1,0
"Ahyacinthus03861-RA","Ahyacinthus03861-RA","Ahya","OG_1250",0,1,1
"Ahyacinthus05313-RA","Ahyacinthus05313-RA","Ahya","OG_9697",0,1,0
"Ahyacinthus06453-RA","Ahyacinthus06453-RA","Ahya","OG_938",1,1,1
"Ahyacinthus08609-RA","Ahyacinthus08609-RA","Ahya","OG_6467",0,1,0
"Ahyacinthus09227-RA","Ahyacinthus09227-RA","Ahya","OG_793",1,1,1
"Ahyacinthus10080-RA","Ahyacinthus10080-RA","Ahya","OG_3537",0,1,0
"Ahyacinthus10176-RA","Ahyacinthus10176-RA","Ahya","OG_955",0,1,1
"Ahyacinthus10784-RA","Ahyacinthus10784-RA","Ahya","OG_3671",0,1,0
"Ahyacinthus12192-RA","Ahyacinthus12192-RA","Ahya","OG_10972",0,1,0
"Ahyacinthus12513-RA","Ahyacinthus12513-RA","Ahya","OG_2054",0,1,0
"Ahyacinthus13111-RA","Ahyacinthus13111-RA","Ahya","OG_472",1,1,1
"Ahyacinthus13854-RA","Ahyacinthus13854-RA","Ahya","OG_3957",0,1,0
"Ahyacinthus14472-RA","Ahyacinthus14472-RA","Ahya","OG_1026",0,1,0
"Ahyacinthus15894-RA","Ahyacinthus15894-RA","Ahya","OG_7574",0,1,0
"Ahyacinthus15928-RA","Ahyacinthus15928-RA","Ahya","OG_1653",0,1,0
"Ahyacinthus16433-RA","Ahyacinthus16433-RA","Ahya","OG_11978",1,1,0
"Ahyacinthus17486-RA","Ahyacinthus17486-RA","Ahya","OG_217",0,1,0
"Ahyacinthus17995-RA","Ahyacinthus17995-RA","Ahya","OG_1186",0,1,0
"Ahyacinthus18361-RA","Ahyacinthus18361-RA","Ahya","OG_8482",0,1,0
"Ahyacinthus18812-RA","Ahyacinthus18812-RA","Ahya","OG_8541",0,1,0
"Ahyacinthus19022-RA","Ahyacinthus19022-RA","Ahya","OG_3198",0,1,1
"Ahyacinthus20397-RA","Ahyacinthus20397-RA","Ahya","OG_6110",0,1,0
"Ahyacinthus20443-RA","Ahyacinthus20443-RA","Ahya","OG_10622",0,1,0
"Ahyacinthus20645-RA","Ahyacinthus20645-RA","Ahya","OG_3488",0,1,1
"Ahyacinthus21315-RA","Ahyacinthus21315-RA","Ahya","OG_10594",0,1,0
"Ahyacinthus21944-RA","Ahyacinthus21944-RA","Ahya","OG_876",0,1,1
"Ahyacinthus22129-RA","Ahyacinthus22129-RA","Ahya","OG_902",0,1,1
"Ahyacinthus22130-RA","Ahyacinthus22130-RA","Ahya","OG_902",0,1,1
"Ahyacinthus22797-RA","Ahyacinthus22797-RA","Ahya","OG_4919",1,1,1
"Ahyacinthus23469-RA","Ahyacinthus23469-RA","Ahya","OG_1108",0,1,0
"Ahyacinthus24471-RA","Ahyacinthus24471-RA","Ahya","OG_2747",0,1,0
"Ahyacinthus24897-RA","Ahyacinthus24897-RA","Ahya","OG_900",0,1,0
"Ahyacinthus26744-RA","Ahyacinthus26744-RA","Ahya","OG_902",0,1,1
"Ahyacinthus00249-RA","Ahyacinthus00249-RA","Ahya","OG_6704",0,1,0
"Ahyacinthus00285-RA","Ahyacinthus00285-RA","Ahya","OG_9203",1,1,0
"Ahyacinthus01132-RA","Ahyacinthus01132-RA","Ahya","OG_8",0,1,0
"Ahyacinthus01275-RA","Ahyacinthus01275-RA","Ahya","OG_4728",0,1,1
"Ahyacinthus01277-RA","Ahyacinthus01277-RA","Ahya","OG_4727",0,1,0
"Ahyacinthus01415-RA","Ahyacinthus01415-RA","Ahya","OG_9263",0,1,1
"Ahyacinthus01581-RA","Ahyacinthus01581-RA","Ahya","OG_9214",0,1,0
"Ahyacinthus01736-RA","Ahyacinthus01736-RA","Ahya","OG_7972",1,1,0
"Ahyacinthus01768-RA","Ahyacinthus01768-RA","Ahya","OG_12678",0,1,0
"Ahyacinthus02110-RA","Ahyacinthus02110-RA","Ahya","OG_8141",0,1,0
"Ahyacinthus02241-RA","Ahyacinthus02241-RA","Ahya","OG_8048",0,1,0
"Ahyacinthus02847-RA","Ahyacinthus02847-RA","Ahya","OG_5923",0,1,0
"Ahyacinthus03297-RA","Ahyacinthus03297-RA","Ahya","OG_680",1,1,1
"Ahyacinthus04593-RA","Ahyacinthus04593-RA","Ahya","OG_10024",0,1,1
"Ahyacinthus04988-RA","Ahyacinthus04988-RA","Ahya","OG_5247",1,1,0
"Ahyacinthus05118-RA","Ahyacinthus05118-RA","Ahya","OG_10249",0,1,1
"Ahyacinthus05239-RA","Ahyacinthus05239-RA","Ahya","OG_4084",0,1,0
"Ahyacinthus05516-RA","Ahyacinthus05516-RA","Ahya","OG_4143",0,1,0
"Ahyacinthus05517-RA","Ahyacinthus05517-RA","Ahya","OG_9626",1,1,0
"Ahyacinthus05552-RA","Ahyacinthus05552-RA","Ahya","OG_9711",0,1,0
"Ahyacinthus05956-RA","Ahyacinthus05956-RA","Ahya","OG_901",0,1,1
"Ahyacinthus06107-RA","Ahyacinthus06107-RA","Ahya","OG_4212",0,1,0
"Ahyacinthus06618-RA","Ahyacinthus06618-RA","Ahya","OG_939",0,1,0
"Ahyacinthus07185-RA","Ahyacinthus07185-RA","Ahya","OG_746",0,1,0
"Ahyacinthus07318-RA","Ahyacinthus07318-RA","Ahya","OG_761",1,1,0
"Ahyacinthus07365-RA","Ahyacinthus07365-RA","Ahya","OG_7250",0,1,1
"Ahyacinthus07379-RA","Ahyacinthus07379-RA","Ahya","OG_12432",0,1,0
"Ahyacinthus07543-RA","Ahyacinthus07543-RA","Ahya","OG_901",0,1,1
"Ahyacinthus07684-RA","Ahyacinthus07684-RA","Ahya","OG_905",1,1,1
"Ahyacinthus07730-RA","Ahyacinthus07730-RA","Ahya","OG_3709",0,1,0
"Ahyacinthus07849-RA","Ahyacinthus07849-RA","Ahya","OG_7203",0,1,0
"Ahyacinthus08136-RA","Ahyacinthus08136-RA","Ahya","OG_979",0,1,1
"Ahyacinthus08652-RA","Ahyacinthus08652-RA","Ahya","OG_3359",1,1,0
"Ahyacinthus08764-RA","Ahyacinthus08764-RA","Ahya","OG_3369",1,1,0
"Ahyacinthus09896-RA","Ahyacinthus09896-RA","Ahya","OG_3515",0,1,0
"Ahyacinthus10169-RA","Ahyacinthus10169-RA","Ahya","OG_11321",0,1,0
"Ahyacinthus10225-RA","Ahyacinthus10225-RA","Ahya","OG_11480",0,1,0
"Ahyacinthus10227-RA","Ahyacinthus10227-RA","Ahya","OG_11481",1,1,0
"Ahyacinthus10421-RA","Ahyacinthus10421-RA","Ahya","OG_11779",1,1,0
"Ahyacinthus10432-RA","Ahyacinthus10432-RA","Ahya","OG_11783",1,1,0
"Ahyacinthus10516-RA","Ahyacinthus10516-RA","Ahya","OG_11709",0,1,0
"Ahyacinthus10597-RA","Ahyacinthus10597-RA","Ahya","OG_6577",0,1,1
"Ahyacinthus10703-RA","Ahyacinthus10703-RA","Ahya","OG_3656",0,1,0
"Ahyacinthus10852-RA","Ahyacinthus10852-RA","Ahya","OG_11433",0,1,0
"Ahyacinthus10865-RA","Ahyacinthus10865-RA","Ahya","OG_11332",0,1,0
"Ahyacinthus11087-RA","Ahyacinthus11087-RA","Ahya","OG_6933",0,1,0
"Ahyacinthus11599-RA","Ahyacinthus11599-RA","Ahya","OG_664",1,1,1
"Ahyacinthus12125-RA","Ahyacinthus12125-RA","Ahya","OG_6858",0,1,0
"Ahyacinthus12184-RA","Ahyacinthus12184-RA","Ahya","OG_1316",1,1,0
"Ahyacinthus12404-RA","Ahyacinthus12404-RA","Ahya","OG_6853",0,1,0
"Ahyacinthus12543-RA","Ahyacinthus12543-RA","Ahya","OG_10928",1,1,1
"Ahyacinthus13195-RA","Ahyacinthus13195-RA","Ahya","OG_8930",0,1,0
"Ahyacinthus13261-RA","Ahyacinthus13261-RA","Ahya","OG_5305",0,1,0
"Ahyacinthus13263-RA","Ahyacinthus13263-RA","Ahya","OG_5305",0,1,0
"Ahyacinthus13264-RA","Ahyacinthus13264-RA","Ahya","OG_5305",0,1,0
"Ahyacinthus13453-RA","Ahyacinthus13453-RA","Ahya","OG_1020",1,1,1
"Ahyacinthus13473-RA","Ahyacinthus13473-RA","Ahya","OG_1020",1,1,1
"Ahyacinthus14122-RA","Ahyacinthus14122-RA","Ahya","OG_804",0,1,0
"Ahyacinthus14222-RA","Ahyacinthus14222-RA","Ahya","OG_3993",0,1,0
"Ahyacinthus14229-RA","Ahyacinthus14229-RA","Ahya","OG_931",0,1,0
"Ahyacinthus14232-RA","Ahyacinthus14232-RA","Ahya","OG_931",0,1,0
"Ahyacinthus14587-RA","Ahyacinthus14587-RA","Ahya","OG_8774",0,1,0
"Ahyacinthus14671-RA","Ahyacinthus14671-RA","Ahya","OG_12743",0,1,0
"Ahyacinthus14681-RA","Ahyacinthus14681-RA","Ahya","OG_362",1,1,1
"Ahyacinthus15099-RA","Ahyacinthus15099-RA","Ahya","OG_5235",1,1,1
"Ahyacinthus15278-RA","Ahyacinthus15278-RA","Ahya","OG_11963",0,1,0
"Ahyacinthus15572-RA","Ahyacinthus15572-RA","Ahya","OG_551",0,1,1
"Ahyacinthus15724-RA","Ahyacinthus15724-RA","Ahya","OG_12133",1,1,0
"Ahyacinthus15825-RA","Ahyacinthus15825-RA","Ahya","OG_12220",0,1,0
"Ahyacinthus16109-RA","Ahyacinthus16109-RA","Ahya","OG_12316",0,1,0
"Ahyacinthus16119-RA","Ahyacinthus16119-RA","Ahya","OG_11987",0,1,0
"Ahyacinthus16313-RA","Ahyacinthus16313-RA","Ahya","OG_12041",1,1,1
"Ahyacinthus16411-RA","Ahyacinthus16411-RA","Ahya","OG_12210",0,1,0
"Ahyacinthus16495-RA","Ahyacinthus16495-RA","Ahya","OG_332",1,1,1
"Ahyacinthus16679-RA","Ahyacinthus16679-RA","Ahya","OG_12186",0,1,0
"Ahyacinthus16691-RA","Ahyacinthus16691-RA","Ahya","OG_6183",0,1,0
"Ahyacinthus16719-RA","Ahyacinthus16719-RA","Ahya","OG_6188",0,1,0
"Ahyacinthus16738-RA","Ahyacinthus16738-RA","Ahya","OG_12288",0,1,0
"Ahyacinthus17252-RA","Ahyacinthus17252-RA","Ahya","OG_7565",0,1,0
"Ahyacinthus17286-RA","Ahyacinthus17286-RA","Ahya","OG_7475",0,1,0
"Ahyacinthus17958-RA","Ahyacinthus17958-RA","Ahya","OG_6487",0,1,0
"Ahyacinthus18118-RA","Ahyacinthus18118-RA","Ahya","OG_248",1,1,1
"Ahyacinthus18266-RA","Ahyacinthus18266-RA","Ahya","OG_3042",0,1,0
"Ahyacinthus18821-RA","Ahyacinthus18821-RA","Ahya","OG_3162",0,1,0
"Ahyacinthus19259-RA","Ahyacinthus19259-RA","Ahya","OG_8575",0,1,0
"Ahyacinthus19500-RA","Ahyacinthus19500-RA","Ahya","OG_3246",0,1,0
"Ahyacinthus19587-RA","Ahyacinthus19587-RA","Ahya","OG_3264",0,1,0
"Ahyacinthus19656-RA","Ahyacinthus19656-RA","Ahya","OG_8614",1,1,0
"Ahyacinthus19791-RA","Ahyacinthus19791-RA","Ahya","OG_8417",1,1,0
"Ahyacinthus20053-RA","Ahyacinthus20053-RA","Ahya","OG_1093",1,1,0
"Ahyacinthus20451-RA","Ahyacinthus20451-RA","Ahya","OG_10493",0,1,0
"Ahyacinthus20758-RA","Ahyacinthus20758-RA","Ahya","OG_2880",1,1,0
"Ahyacinthus20800-RA","Ahyacinthus20800-RA","Ahya","OG_10418",0,1,0
"Ahyacinthus20808-RA","Ahyacinthus20808-RA","Ahya","OG_6799",0,1,0
"Ahyacinthus20821-RA","Ahyacinthus20821-RA","Ahya","OG_10648",0,1,0
"Ahyacinthus20837-RA","Ahyacinthus20837-RA","Ahya","OG_1259",0,1,1
"Ahyacinthus21000-RA","Ahyacinthus21000-RA","Ahya","OG_1017",1,1,1
"Ahyacinthus21252-RA","Ahyacinthus21252-RA","Ahya","OG_1259",0,1,1
"Ahyacinthus21464-RA","Ahyacinthus21464-RA","Ahya","OG_1085",0,1,0
"Ahyacinthus21465-RA","Ahyacinthus21465-RA","Ahya","OG_1085",0,1,0
"Ahyacinthus21913-RA","Ahyacinthus21913-RA","Ahya","OG_12432",0,1,0
"Ahyacinthus21940-RA","Ahyacinthus21940-RA","Ahya","OG_901",0,1,1
"Ahyacinthus22083-RA","Ahyacinthus22083-RA","Ahya","OG_6115",0,1,0
"Ahyacinthus22108-RA","Ahyacinthus22108-RA","Ahya","OG_12432",0,1,0
"Ahyacinthus22206-RA","Ahyacinthus22206-RA","Ahya","OG_5165",0,1,0
"Ahyacinthus22389-RA","Ahyacinthus22389-RA","Ahya","OG_5083",0,1,1
"Ahyacinthus22485-RA","Ahyacinthus22485-RA","Ahya","OG_5169",0,1,0
"Ahyacinthus22489-RA","Ahyacinthus22489-RA","Ahya","OG_5169",0,1,0
"Ahyacinthus22706-RA","Ahyacinthus22706-RA","Ahya","OG_4898",1,1,0
"Ahyacinthus23003-RA","Ahyacinthus23003-RA","Ahya","OG_4946",0,1,0
"Ahyacinthus23089-RA","Ahyacinthus23089-RA","Ahya","OG_9451",0,1,1
"Ahyacinthus23090-RA","Ahyacinthus23090-RA","Ahya","OG_9451",0,1,1
"Ahyacinthus23394-RA","Ahyacinthus23394-RA","Ahya","OG_7032",0,1,0
"Ahyacinthus23668-RA","Ahyacinthus23668-RA","Ahya","OG_5089",1,1,1
"Ahyacinthus24160-RA","Ahyacinthus24160-RA","Ahya","OG_544",0,1,0
"Ahyacinthus24162-RA","Ahyacinthus24162-RA","Ahya","OG_544",0,1,0
"Ahyacinthus24231-RA","Ahyacinthus24231-RA","Ahya","OG_6953",1,1,0
"Ahyacinthus24455-RA","Ahyacinthus24455-RA","Ahya","OG_12557",1,1,0
"Ahyacinthus24638-RA","Ahyacinthus24638-RA","Ahya","OG_828",0,1,0
"Ahyacinthus24740-RA","Ahyacinthus24740-RA","Ahya","OG_1001",1,1,1
"Ahyacinthus24759-RA","Ahyacinthus24759-RA","Ahya","OG_766",0,1,1
"Ahyacinthus25381-RA","Ahyacinthus25381-RA","Ahya","OG_12432",0,1,0
"Ahyacinthus25913-RA","Ahyacinthus25913-RA","Ahya","OG_901",0,1,1
"Ahyacinthus00049-RA","Ahyacinthus00049-RA","Ahya","OG_9086",0,1,0
"Ahyacinthus00450-RA","Ahyacinthus00450-RA","Ahya","OG_738",0,1,0
"Ahyacinthus00567-RA","Ahyacinthus00567-RA","Ahya","OG_913",0,1,0
"Ahyacinthus00611-RA","Ahyacinthus00611-RA","Ahya","OG_6815",0,1,1
"Ahyacinthus00621-RA","Ahyacinthus00621-RA","Ahya","OG_467",0,1,0
"Ahyacinthus00924-RA","Ahyacinthus00924-RA","Ahya","OG_1372",0,1,0
"Ahyacinthus01020-RA","Ahyacinthus01020-RA","Ahya","OG_12417",0,1,0
"Ahyacinthus01052-RA","Ahyacinthus01052-RA","Ahya","OG_761",1,1,0
"Ahyacinthus01063-RA","Ahyacinthus01063-RA","Ahya","OG_571",0,1,0
"Ahyacinthus01068-RA","Ahyacinthus01068-RA","Ahya","OG_811",0,1,0
"Ahyacinthus01069-RA","Ahyacinthus01069-RA","Ahya","OG_571",0,1,0
"Ahyacinthus01134-RA","Ahyacinthus01134-RA","Ahya","OG_8983",0,1,0
"Ahyacinthus01135-RA","Ahyacinthus01135-RA","Ahya","OG_8983",0,1,0
"Ahyacinthus01334-RA","Ahyacinthus01334-RA","Ahya","OG_956",1,1,1
"Ahyacinthus01381-RA","Ahyacinthus01381-RA","Ahya","OG_4746",0,1,0
"Ahyacinthus01400-RA","Ahyacinthus01400-RA","Ahya","OG_6687",1,1,0
"Ahyacinthus01401-RA","Ahyacinthus01401-RA","Ahya","OG_4750",1,1,0
"Ahyacinthus01440-RA","Ahyacinthus01440-RA","Ahya","OG_9128",0,1,0
"Ahyacinthus01745-RA","Ahyacinthus01745-RA","Ahya","OG_7698",0,1,0
"Ahyacinthus01826-RA","Ahyacinthus01826-RA","Ahya","OG_8093",0,1,0
"Ahyacinthus01981-RA","Ahyacinthus01981-RA","Ahya","OG_8035",0,1,0
"Ahyacinthus01995-RA","Ahyacinthus01995-RA","Ahya","OG_2397",0,1,1
"Ahyacinthus02058-RA","Ahyacinthus02058-RA","Ahya","OG_882",1,1,1
"Ahyacinthus02165-RA","Ahyacinthus02165-RA","Ahya","OG_848",0,1,0
"Ahyacinthus02236-RA","Ahyacinthus02236-RA","Ahya","OG_7752",0,1,0
"Ahyacinthus02306-RA","Ahyacinthus02306-RA","Ahya","OG_2443",0,1,0
"Ahyacinthus02391-RA","Ahyacinthus02391-RA","Ahya","OG_8052",0,1,0
"Ahyacinthus02397-RA","Ahyacinthus02397-RA","Ahya","OG_884",0,1,0
"Ahyacinthus02398-RA","Ahyacinthus02398-RA","Ahya","OG_884",0,1,0
"Ahyacinthus02399-RA","Ahyacinthus02399-RA","Ahya","OG_884",0,1,0
"Ahyacinthus02416-RA","Ahyacinthus02416-RA","Ahya","OG_5174",0,1,0
"Ahyacinthus02490-RA","Ahyacinthus02490-RA","Ahya","OG_376",0,1,0
"Ahyacinthus02542-RA","Ahyacinthus02542-RA","Ahya","OG_436",1,1,1
"Ahyacinthus02551-RA","Ahyacinthus02551-RA","Ahya","OG_2492",1,1,0
"Ahyacinthus02565-RA","Ahyacinthus02565-RA","Ahya","OG_7985",0,1,0
"Ahyacinthus02672-RA","Ahyacinthus02672-RA","Ahya","OG_2518",1,1,0
"Ahyacinthus02724-RA","Ahyacinthus02724-RA","Ahya","OG_2526",0,1,0
"Ahyacinthus02873-RA","Ahyacinthus02873-RA","Ahya","OG_7778",0,1,1
"Ahyacinthus02906-RA","Ahyacinthus02906-RA","Ahya","OG_12484",0,1,1
"Ahyacinthus03078-RA","Ahyacinthus03078-RA","Ahya","OG_2603",1,1,0
"Ahyacinthus03099-RA","Ahyacinthus03099-RA","Ahya","OG_5240",0,1,0
"Ahyacinthus03173-RA","Ahyacinthus03173-RA","Ahya","OG_270",1,1,1
"Ahyacinthus03244-RA","Ahyacinthus03244-RA","Ahya","OG_869",0,1,1
"Ahyacinthus03287-RA","Ahyacinthus03287-RA","Ahya","OG_1325",0,1,0
"Ahyacinthus03492-RA","Ahyacinthus03492-RA","Ahya","OG_529",0,1,0
"Ahyacinthus03540-RA","Ahyacinthus03540-RA","Ahya","OG_4352",1,1,0
"Ahyacinthus03583-RA","Ahyacinthus03583-RA","Ahya","OG_9983",0,1,0
"Ahyacinthus03604-RA","Ahyacinthus03604-RA","Ahya","OG_4367",0,1,0
"Ahyacinthus03625-RA","Ahyacinthus03625-RA","Ahya","OG_1181",0,1,0
"Ahyacinthus03633-RA","Ahyacinthus03633-RA","Ahya","OG_6104",0,1,0
"Ahyacinthus03724-RA","Ahyacinthus03724-RA","Ahya","OG_942",1,1,0
"Ahyacinthus03736-RA","Ahyacinthus03736-RA","Ahya","OG_4381",0,1,1
"Ahyacinthus03740-RA","Ahyacinthus03740-RA","Ahya","OG_10221",1,1,1
"Ahyacinthus03855-RA","Ahyacinthus03855-RA","Ahya","OG_4407",1,1,0
"Ahyacinthus03856-RA","Ahyacinthus03856-RA","Ahya","OG_6095",0,1,0
"Ahyacinthus03910-RA","Ahyacinthus03910-RA","Ahya","OG_696",0,1,0
"Ahyacinthus03924-RA","Ahyacinthus03924-RA","Ahya","OG_10275",0,1,1
"Ahyacinthus03936-RA","Ahyacinthus03936-RA","Ahya","OG_10306",0,1,0
"Ahyacinthus03967-RA","Ahyacinthus03967-RA","Ahya","OG_10230",0,1,0
"Ahyacinthus04015-RA","Ahyacinthus04015-RA","Ahya","OG_766",0,1,1
"Ahyacinthus04157-RA","Ahyacinthus04157-RA","Ahya","OG_1325",0,1,0
"Ahyacinthus04253-RA","Ahyacinthus04253-RA","Ahya","OG_156",0,1,1
"Ahyacinthus04296-RA","Ahyacinthus04296-RA","Ahya","OG_10127",1,1,0
"Ahyacinthus04314-RA","Ahyacinthus04314-RA","Ahya","OG_10368",0,1,0
"Ahyacinthus04319-RA","Ahyacinthus04319-RA","Ahya","OG_10368",0,1,0
"Ahyacinthus04374-RA","Ahyacinthus04374-RA","Ahya","OG_4453",0,1,0
"Ahyacinthus04452-RA","Ahyacinthus04452-RA","Ahya","OG_8780",1,1,0
"Ahyacinthus04453-RA","Ahyacinthus04453-RA","Ahya","OG_8780",1,1,0
"Ahyacinthus04454-RA","Ahyacinthus04454-RA","Ahya","OG_8780",1,1,0
"Ahyacinthus04485-RA","Ahyacinthus04485-RA","Ahya","OG_10354",0,1,0
"Ahyacinthus04541-RA","Ahyacinthus04541-RA","Ahya","OG_10245",0,1,0
"Ahyacinthus04678-RA","Ahyacinthus04678-RA","Ahya","OG_10265",1,1,0
"Ahyacinthus04697-RA","Ahyacinthus04697-RA","Ahya","OG_9976",1,1,0
"Ahyacinthus04717-RA","Ahyacinthus04717-RA","Ahya","OG_10255",0,1,1
"Ahyacinthus04774-RA","Ahyacinthus04774-RA","Ahya","OG_10118",1,1,0
"Ahyacinthus04837-RA","Ahyacinthus04837-RA","Ahya","OG_10125",1,1,0
"Ahyacinthus04942-RA","Ahyacinthus04942-RA","Ahya","OG_678",0,1,1
"Ahyacinthus04999-RA","Ahyacinthus04999-RA","Ahya","OG_10108",0,1,0
"Ahyacinthus05167-RA","Ahyacinthus05167-RA","Ahya","OG_1480",0,1,1
"Ahyacinthus05541-RA","Ahyacinthus05541-RA","Ahya","OG_9917",0,1,0
"Ahyacinthus05703-RA","Ahyacinthus05703-RA","Ahya","OG_9794",0,1,0
"Ahyacinthus05904-RA","Ahyacinthus05904-RA","Ahya","OG_715",0,1,1
"Ahyacinthus06040-RA","Ahyacinthus06040-RA","Ahya","OG_9618",0,1,0
"Ahyacinthus06061-RA","Ahyacinthus06061-RA","Ahya","OG_766",0,1,1
"Ahyacinthus06101-RA","Ahyacinthus06101-RA","Ahya","OG_4207",0,1,0
"Ahyacinthus06138-RA","Ahyacinthus06138-RA","Ahya","OG_847",1,1,1
"Ahyacinthus06179-RA","Ahyacinthus06179-RA","Ahya","OG_848",0,1,0
"Ahyacinthus06251-RA","Ahyacinthus06251-RA","Ahya","OG_9736",0,1,0
"Ahyacinthus06291-RA","Ahyacinthus06291-RA","Ahya","OG_9705",0,1,1
"Ahyacinthus06320-RA","Ahyacinthus06320-RA","Ahya","OG_4229",0,1,0
"Ahyacinthus06457-RA","Ahyacinthus06457-RA","Ahya","OG_8434",1,1,1
"Ahyacinthus06514-RA","Ahyacinthus06514-RA","Ahya","OG_9955",0,1,0
"Ahyacinthus06515-RA","Ahyacinthus06515-RA","Ahya","OG_5470",0,1,0
"Ahyacinthus06610-RA","Ahyacinthus06610-RA","Ahya","OG_9826",0,1,0
"Ahyacinthus06647-RA","Ahyacinthus06647-RA","Ahya","OG_9923",0,1,0
"Ahyacinthus06687-RA","Ahyacinthus06687-RA","Ahya","OG_4279",0,1,0
"Ahyacinthus06725-RA","Ahyacinthus06725-RA","Ahya","OG_792",1,1,1
"Ahyacinthus06771-RA","Ahyacinthus06771-RA","Ahya","OG_6397",1,1,1
"Ahyacinthus06861-RA","Ahyacinthus06861-RA","Ahya","OG_9931",0,1,1
"Ahyacinthus06881-RA","Ahyacinthus06881-RA","Ahya","OG_9729",0,1,1
"Ahyacinthus07086-RA","Ahyacinthus07086-RA","Ahya","OG_3691",0,1,0
"Ahyacinthus07166-RA","Ahyacinthus07166-RA","Ahya","OG_1325",0,1,0
"Ahyacinthus07314-RA","Ahyacinthus07314-RA","Ahya","OG_332",1,1,1
"Ahyacinthus07328-RA","Ahyacinthus07328-RA","Ahya","OG_869",0,1,1
"Ahyacinthus07590-RA","Ahyacinthus07590-RA","Ahya","OG_5078",0,1,0
"Ahyacinthus07852-RA","Ahyacinthus07852-RA","Ahya","OG_5193",1,1,1
"Ahyacinthus07938-RA","Ahyacinthus07938-RA","Ahya","OG_7213",0,1,0
"Ahyacinthus08000-RA","Ahyacinthus08000-RA","Ahya","OG_786",0,1,0
"Ahyacinthus08073-RA","Ahyacinthus08073-RA","Ahya","OG_7219",0,1,0
"Ahyacinthus08142-RA","Ahyacinthus08142-RA","Ahya","OG_7384",0,1,0
"Ahyacinthus08162-RA","Ahyacinthus08162-RA","Ahya","OG_6406",0,1,0
"Ahyacinthus08253-RA","Ahyacinthus08253-RA","Ahya","OG_3783",0,1,0
"Ahyacinthus08286-RA","Ahyacinthus08286-RA","Ahya","OG_7319",0,1,0
"Ahyacinthus08318-RA","Ahyacinthus08318-RA","Ahya","OG_7325",1,1,0
"Ahyacinthus08322-RA","Ahyacinthus08322-RA","Ahya","OG_3799",0,1,0
"Ahyacinthus08429-RA","Ahyacinthus08429-RA","Ahya","OG_6004",1,1,0
"Ahyacinthus08622-RA","Ahyacinthus08622-RA","Ahya","OG_4702",1,1,0
"Ahyacinthus08626-RA","Ahyacinthus08626-RA","Ahya","OG_3353",1,1,0
"Ahyacinthus08667-RA","Ahyacinthus08667-RA","Ahya","OG_165",1,1,1
"Ahyacinthus08668-RA","Ahyacinthus08668-RA","Ahya","OG_161",0,1,1
"Ahyacinthus08839-RA","Ahyacinthus08839-RA","Ahya","OG_6240",0,1,1
"Ahyacinthus08953-RA","Ahyacinthus08953-RA","Ahya","OG_6340",1,1,1
"Ahyacinthus09092-RA","Ahyacinthus09092-RA","Ahya","OG_847",1,1,1
"Ahyacinthus09163-RA","Ahyacinthus09163-RA","Ahya","OG_5343",0,1,0
"Ahyacinthus09286-RA","Ahyacinthus09286-RA","Ahya","OG_766",0,1,1
"Ahyacinthus09315-RA","Ahyacinthus09315-RA","Ahya","OG_170",1,1,1
"Ahyacinthus09465-RA","Ahyacinthus09465-RA","Ahya","OG_165",1,1,1
"Ahyacinthus09494-RA","Ahyacinthus09494-RA","Ahya","OG_901",0,1,1
"Ahyacinthus09575-RA","Ahyacinthus09575-RA","Ahya","OG_2301",0,1,0
"Ahyacinthus09631-RA","Ahyacinthus09631-RA","Ahya","OG_571",0,1,0
"Ahyacinthus09661-RA","Ahyacinthus09661-RA","Ahya","OG_848",0,1,0
"Ahyacinthus09714-RA","Ahyacinthus09714-RA","Ahya","OG_571",0,1,0
"Ahyacinthus09717-RA","Ahyacinthus09717-RA","Ahya","OG_571",0,1,0
"Ahyacinthus09783-RA","Ahyacinthus09783-RA","Ahya","OG_11564",0,1,0
"Ahyacinthus09866-RA","Ahyacinthus09866-RA","Ahya","OG_3509",0,1,0
"Ahyacinthus09994-RA","Ahyacinthus09994-RA","Ahya","OG_165",1,1,1
"Ahyacinthus10115-RA","Ahyacinthus10115-RA","Ahya","OG_1564",0,1,0
"Ahyacinthus10128-RA","Ahyacinthus10128-RA","Ahya","OG_6165",0,1,0
"Ahyacinthus10190-RA","Ahyacinthus10190-RA","Ahya","OG_3561",0,1,1
"Ahyacinthus10345-RA","Ahyacinthus10345-RA","Ahya","OG_3597",1,1,0
"Ahyacinthus10501-RA","Ahyacinthus10501-RA","Ahya","OG_12594",0,1,0
"Ahyacinthus10559-RA","Ahyacinthus10559-RA","Ahya","OG_3631",1,1,0
"Ahyacinthus10572-RA","Ahyacinthus10572-RA","Ahya","OG_11639",0,1,0
"Ahyacinthus10638-RA","Ahyacinthus10638-RA","Ahya","OG_1056",1,1,1
"Ahyacinthus10659-RA","Ahyacinthus10659-RA","Ahya","OG_11508",0,1,0
"Ahyacinthus10701-RA","Ahyacinthus10701-RA","Ahya","OG_11448",0,1,0
"Ahyacinthus10747-RA","Ahyacinthus10747-RA","Ahya","OG_1093",1,1,0
"Ahyacinthus10922-RA","Ahyacinthus10922-RA","Ahya","OG_11095",1,1,0
"Ahyacinthus10957-RA","Ahyacinthus10957-RA","Ahya","OG_6280",0,1,1
"Ahyacinthus10960-RA","Ahyacinthus10960-RA","Ahya","OG_6280",0,1,1
"Ahyacinthus11090-RA","Ahyacinthus11090-RA","Ahya","OG_1822",1,1,0
"Ahyacinthus11221-RA","Ahyacinthus11221-RA","Ahya","OG_11209",1,1,0
"Ahyacinthus11330-RA","Ahyacinthus11330-RA","Ahya","OG_11192",1,1,0
"Ahyacinthus11448-RA","Ahyacinthus11448-RA","Ahya","OG_11264",0,1,0
"Ahyacinthus11519-RA","Ahyacinthus11519-RA","Ahya","OG_6851",0,1,0
"Ahyacinthus11521-RA","Ahyacinthus11521-RA","Ahya","OG_10830",0,1,1
"Ahyacinthus11539-RA","Ahyacinthus11539-RA","Ahya","OG_6531",1,1,1
"Ahyacinthus11576-RA","Ahyacinthus11576-RA","Ahya","OG_571",0,1,0
"Ahyacinthus11590-RA","Ahyacinthus11590-RA","Ahya","OG_4981",0,1,0
"Ahyacinthus11746-RA","Ahyacinthus11746-RA","Ahya","OG_622",0,1,1
"Ahyacinthus11763-RA","Ahyacinthus11763-RA","Ahya","OG_332",1,1,1
"Ahyacinthus11778-RA","Ahyacinthus11778-RA","Ahya","OG_5945",0,1,0
"Ahyacinthus11818-RA","Ahyacinthus11818-RA","Ahya","OG_622",0,1,1
"Ahyacinthus11819-RA","Ahyacinthus11819-RA","Ahya","OG_622",0,1,1
"Ahyacinthus11879-RA","Ahyacinthus11879-RA","Ahya","OG_268",0,1,1
"Ahyacinthus11920-RA","Ahyacinthus11920-RA","Ahya","OG_571",0,1,0
"Ahyacinthus11993-RA","Ahyacinthus11993-RA","Ahya","OG_563",1,1,1
"Ahyacinthus12009-RA","Ahyacinthus12009-RA","Ahya","OG_5207",1,1,0
"Ahyacinthus12013-RA","Ahyacinthus12013-RA","Ahya","OG_12471",0,1,0
"Ahyacinthus12030-RA","Ahyacinthus12030-RA","Ahya","OG_1967",0,1,0
"Ahyacinthus12069-RA","Ahyacinthus12069-RA","Ahya","OG_1978",1,1,1
"Ahyacinthus12077-RA","Ahyacinthus12077-RA","Ahya","OG_6220",1,1,0
"Ahyacinthus12178-RA","Ahyacinthus12178-RA","Ahya","OG_12442",0,1,0
"Ahyacinthus12202-RA","Ahyacinthus12202-RA","Ahya","OG_5255",1,1,0
"Ahyacinthus12253-RA","Ahyacinthus12253-RA","Ahya","OG_6148",1,1,0
"Ahyacinthus12263-RA","Ahyacinthus12263-RA","Ahya","OG_5177",0,1,0
"Ahyacinthus12398-RA","Ahyacinthus12398-RA","Ahya","OG_11058",0,1,0
"Ahyacinthus12463-RA","Ahyacinthus12463-RA","Ahya","OG_447",1,1,1
"Ahyacinthus12507-RA","Ahyacinthus12507-RA","Ahya","OG_10842",0,1,0
"Ahyacinthus12620-RA","Ahyacinthus12620-RA","Ahya","OG_10891",0,1,0
"Ahyacinthus12631-RA","Ahyacinthus12631-RA","Ahya","OG_2078",0,1,0
"Ahyacinthus12739-RA","Ahyacinthus12739-RA","Ahya","OG_2103",0,1,0
"Ahyacinthus12775-RA","Ahyacinthus12775-RA","Ahya","OG_11119",1,1,0
"Ahyacinthus12929-RA","Ahyacinthus12929-RA","Ahya","OG_2129",1,1,1
"Ahyacinthus13363-RA","Ahyacinthus13363-RA","Ahya","OG_3894",0,1,0
"Ahyacinthus13380-RA","Ahyacinthus13380-RA","Ahya","OG_170",1,1,1
"Ahyacinthus13492-RA","Ahyacinthus13492-RA","Ahya","OG_8982",0,1,0
"Ahyacinthus13512-RA","Ahyacinthus13512-RA","Ahya","OG_6661",0,1,0
"Ahyacinthus13559-RA","Ahyacinthus13559-RA","Ahya","OG_350",0,1,0
"Ahyacinthus13561-RA","Ahyacinthus13561-RA","Ahya","OG_350",0,1,0
"Ahyacinthus13578-RA","Ahyacinthus13578-RA","Ahya","OG_3926",0,1,1
"Ahyacinthus13653-RA","Ahyacinthus13653-RA","Ahya","OG_8776",0,1,0
"Ahyacinthus13677-RA","Ahyacinthus13677-RA","Ahya","OG_8839",0,1,0
"Ahyacinthus13749-RA","Ahyacinthus13749-RA","Ahya","OG_901",0,1,1
"Ahyacinthus13771-RA","Ahyacinthus13771-RA","Ahya","OG_8640",0,1,0
"Ahyacinthus14139-RA","Ahyacinthus14139-RA","Ahya","OG_1015",0,1,1
"Ahyacinthus14149-RA","Ahyacinthus14149-RA","Ahya","OG_3980",0,1,1
"Ahyacinthus14155-RA","Ahyacinthus14155-RA","Ahya","OG_775",1,1,0
"Ahyacinthus14204-RA","Ahyacinthus14204-RA","Ahya","OG_622",0,1,1
"Ahyacinthus14453-RA","Ahyacinthus14453-RA","Ahya","OG_4029",1,1,0
"Ahyacinthus14503-RA","Ahyacinthus14503-RA","Ahya","OG_1332",0,1,0
"Ahyacinthus14543-RA","Ahyacinthus14543-RA","Ahya","OG_7679",1,1,0
"Ahyacinthus14568-RA","Ahyacinthus14568-RA","Ahya","OG_8696",0,1,0
"Ahyacinthus14615-RA","Ahyacinthus14615-RA","Ahya","OG_4047",1,1,1
"Ahyacinthus14898-RA","Ahyacinthus14898-RA","Ahya","OG_12005",0,1,0
"Ahyacinthus14935-RA","Ahyacinthus14935-RA","Ahya","OG_41",0,1,0
"Ahyacinthus14997-RA","Ahyacinthus14997-RA","Ahya","OG_848",0,1,0
"Ahyacinthus15226-RA","Ahyacinthus15226-RA","Ahya","OG_12271",1,1,1
"Ahyacinthus15274-RA","Ahyacinthus15274-RA","Ahya","OG_924",0,1,0
"Ahyacinthus15331-RA","Ahyacinthus15331-RA","Ahya","OG_6575",0,1,0
"Ahyacinthus15364-RA","Ahyacinthus15364-RA","Ahya","OG_282",1,1,1
"Ahyacinthus15485-RA","Ahyacinthus15485-RA","Ahya","OG_4702",1,1,0
"Ahyacinthus15658-RA","Ahyacinthus15658-RA","Ahya","OG_11958",0,1,0
"Ahyacinthus15812-RA","Ahyacinthus15812-RA","Ahya","OG_10618",0,1,0
"Ahyacinthus15947-RA","Ahyacinthus15947-RA","Ahya","OG_1172",0,1,0
"Ahyacinthus16066-RA","Ahyacinthus16066-RA","Ahya","OG_1679",1,1,0
"Ahyacinthus16088-RA","Ahyacinthus16088-RA","Ahya","OG_11800",0,1,0
"Ahyacinthus16270-RA","Ahyacinthus16270-RA","Ahya","OG_11704",0,1,1
"Ahyacinthus16337-RA","Ahyacinthus16337-RA","Ahya","OG_1013",0,1,0
"Ahyacinthus16346-RA","Ahyacinthus16346-RA","Ahya","OG_1719",0,1,1
"Ahyacinthus16396-RA","Ahyacinthus16396-RA","Ahya","OG_12161",0,1,0
"Ahyacinthus16460-RA","Ahyacinthus16460-RA","Ahya","OG_751",0,1,1
"Ahyacinthus16595-RA","Ahyacinthus16595-RA","Ahya","OG_124",1,1,1
"Ahyacinthus16664-RA","Ahyacinthus16664-RA","Ahya","OG_587",1,1,0
"Ahyacinthus16687-RA","Ahyacinthus16687-RA","Ahya","OG_1771",0,1,0
"Ahyacinthus16983-RA","Ahyacinthus16983-RA","Ahya","OG_869",0,1,1
"Ahyacinthus17005-RA","Ahyacinthus17005-RA","Ahya","OG_869",0,1,1
"Ahyacinthus17340-RA","Ahyacinthus17340-RA","Ahya","OG_7413",0,1,0
"Ahyacinthus17370-RA","Ahyacinthus17370-RA","Ahya","OG_7388",0,1,0
"Ahyacinthus17454-RA","Ahyacinthus17454-RA","Ahya","OG_7540",0,1,0
"Ahyacinthus17573-RA","Ahyacinthus17573-RA","Ahya","OG_2229",0,1,0
"Ahyacinthus17596-RA","Ahyacinthus17596-RA","Ahya","OG_7554",0,1,0
"Ahyacinthus17750-RA","Ahyacinthus17750-RA","Ahya","OG_7488",0,1,1
"Ahyacinthus17778-RA","Ahyacinthus17778-RA","Ahya","OG_7683",0,1,0
"Ahyacinthus17797-RA","Ahyacinthus17797-RA","Ahya","OG_7510",0,1,0
"Ahyacinthus17818-RA","Ahyacinthus17818-RA","Ahya","OG_219",1,1,1
"Ahyacinthus17823-RA","Ahyacinthus17823-RA","Ahya","OG_2274",0,1,1
"Ahyacinthus17876-RA","Ahyacinthus17876-RA","Ahya","OG_7396",1,1,0
"Ahyacinthus17956-RA","Ahyacinthus17956-RA","Ahya","OG_1186",0,1,0
"Ahyacinthus18038-RA","Ahyacinthus18038-RA","Ahya","OG_766",0,1,1
"Ahyacinthus18228-RA","Ahyacinthus18228-RA","Ahya","OG_891",0,1,0
"Ahyacinthus18265-RA","Ahyacinthus18265-RA","Ahya","OG_6610",0,1,0
"Ahyacinthus18272-RA","Ahyacinthus18272-RA","Ahya","OG_3043",1,1,1
"Ahyacinthus18386-RA","Ahyacinthus18386-RA","Ahya","OG_8569",1,1,0
"Ahyacinthus18427-RA","Ahyacinthus18427-RA","Ahya","OG_3082",0,1,0
"Ahyacinthus18443-RA","Ahyacinthus18443-RA","Ahya","OG_8237",0,1,1
"Ahyacinthus18444-RA","Ahyacinthus18444-RA","Ahya","OG_8605",0,1,0
"Ahyacinthus18465-RA","Ahyacinthus18465-RA","Ahya","OG_848",0,1,0
"Ahyacinthus18597-RA","Ahyacinthus18597-RA","Ahya","OG_820",0,1,0
"Ahyacinthus18603-RA","Ahyacinthus18603-RA","Ahya","OG_8304",1,1,1
"Ahyacinthus18755-RA","Ahyacinthus18755-RA","Ahya","OG_3143",0,1,0
"Ahyacinthus18849-RA","Ahyacinthus18849-RA","Ahya","OG_923",0,1,0
"Ahyacinthus18948-RA","Ahyacinthus18948-RA","Ahya","OG_5128",0,1,1
"Ahyacinthus18976-RA","Ahyacinthus18976-RA","Ahya","OG_5128",0,1,1
"Ahyacinthus18980-RA","Ahyacinthus18980-RA","Ahya","OG_5128",0,1,1
"Ahyacinthus18987-RA","Ahyacinthus18987-RA","Ahya","OG_3190",0,1,0
"Ahyacinthus19015-RA","Ahyacinthus19015-RA","Ahya","OG_571",0,1,0
"Ahyacinthus19060-RA","Ahyacinthus19060-RA","Ahya","OG_153",0,1,0
"Ahyacinthus19122-RA","Ahyacinthus19122-RA","Ahya","OG_6044",1,1,0
"Ahyacinthus19280-RA","Ahyacinthus19280-RA","Ahya","OG_3212",0,1,0
"Ahyacinthus19377-RA","Ahyacinthus19377-RA","Ahya","OG_1081",1,1,0
"Ahyacinthus19466-RA","Ahyacinthus19466-RA","Ahya","OG_3236",1,1,1
"Ahyacinthus19523-RA","Ahyacinthus19523-RA","Ahya","OG_8442",0,1,0
"Ahyacinthus19543-RA","Ahyacinthus19543-RA","Ahya","OG_8491",1,1,0
"Ahyacinthus19662-RA","Ahyacinthus19662-RA","Ahya","OG_8617",0,1,0
"Ahyacinthus19750-RA","Ahyacinthus19750-RA","Ahya","OG_3296",0,1,0
"Ahyacinthus19849-RA","Ahyacinthus19849-RA","Ahya","OG_3315",0,1,0
"Ahyacinthus19855-RA","Ahyacinthus19855-RA","Ahya","OG_5128",0,1,1
"Ahyacinthus19864-RA","Ahyacinthus19864-RA","Ahya","OG_5128",0,1,1
"Ahyacinthus20060-RA","Ahyacinthus20060-RA","Ahya","OG_2758",0,1,0
"Ahyacinthus20113-RA","Ahyacinthus20113-RA","Ahya","OG_1015",0,1,1
"Ahyacinthus20150-RA","Ahyacinthus20150-RA","Ahya","OG_10431",1,1,0
"Ahyacinthus20229-RA","Ahyacinthus20229-RA","Ahya","OG_10398",1,1,1
"Ahyacinthus20378-RA","Ahyacinthus20378-RA","Ahya","OG_10504",0,1,0
"Ahyacinthus20444-RA","Ahyacinthus20444-RA","Ahya","OG_10714",1,1,0
"Ahyacinthus20480-RA","Ahyacinthus20480-RA","Ahya","OG_2814",0,1,0
"Ahyacinthus20528-RA","Ahyacinthus20528-RA","Ahya","OG_6815",0,1,1
"Ahyacinthus20529-RA","Ahyacinthus20529-RA","Ahya","OG_6815",0,1,1
"Ahyacinthus20555-RA","Ahyacinthus20555-RA","Ahya","OG_487",1,1,1
"Ahyacinthus20561-RA","Ahyacinthus20561-RA","Ahya","OG_2833",1,1,0
"Ahyacinthus20642-RA","Ahyacinthus20642-RA","Ahya","OG_10469",0,1,0
"Ahyacinthus20666-RA","Ahyacinthus20666-RA","Ahya","OG_6116",0,1,1
"Ahyacinthus20735-RA","Ahyacinthus20735-RA","Ahya","OG_10483",0,1,0
"Ahyacinthus20770-RA","Ahyacinthus20770-RA","Ahya","OG_6821",1,1,1
"Ahyacinthus21028-RA","Ahyacinthus21028-RA","Ahya","OG_582",0,1,0
"Ahyacinthus21063-RA","Ahyacinthus21063-RA","Ahya","OG_10429",0,1,0
"Ahyacinthus21066-RA","Ahyacinthus21066-RA","Ahya","OG_10429",0,1,0
"Ahyacinthus21231-RA","Ahyacinthus21231-RA","Ahya","OG_1325",0,1,0
"Ahyacinthus21323-RA","Ahyacinthus21323-RA","Ahya","OG_2986",0,1,1
"Ahyacinthus21369-RA","Ahyacinthus21369-RA","Ahya","OG_10562",0,1,0
"Ahyacinthus21432-RA","Ahyacinthus21432-RA","Ahya","OG_3009",1,1,0
"Ahyacinthus21608-RA","Ahyacinthus21608-RA","Ahya","OG_170",1,1,1
"Ahyacinthus21626-RA","Ahyacinthus21626-RA","Ahya","OG_869",0,1,1
"Ahyacinthus21629-RA","Ahyacinthus21629-RA","Ahya","OG_5945",0,1,0
"Ahyacinthus21681-RA","Ahyacinthus21681-RA","Ahya","OG_869",0,1,1
"Ahyacinthus21684-RA","Ahyacinthus21684-RA","Ahya","OG_739",0,1,0
"Ahyacinthus21741-RA","Ahyacinthus21741-RA","Ahya","OG_3028",0,1,0
"Ahyacinthus21835-RA","Ahyacinthus21835-RA","Ahya","OG_6076",1,1,0
"Ahyacinthus21925-RA","Ahyacinthus21925-RA","Ahya","OG_12615",0,1,0
"Ahyacinthus22015-RA","Ahyacinthus22015-RA","Ahya","OG_811",0,1,0
"Ahyacinthus22157-RA","Ahyacinthus22157-RA","Ahya","OG_5",1,1,0
"Ahyacinthus22218-RA","Ahyacinthus22218-RA","Ahya","OG_436",1,1,1
"Ahyacinthus22338-RA","Ahyacinthus22338-RA","Ahya","OG_316",0,1,1
"Ahyacinthus22768-RA","Ahyacinthus22768-RA","Ahya","OG_9350",0,1,0
"Ahyacinthus22791-RA","Ahyacinthus22791-RA","Ahya","OG_9561",0,1,0
"Ahyacinthus23053-RA","Ahyacinthus23053-RA","Ahya","OG_9705",0,1,1
"Ahyacinthus23109-RA","Ahyacinthus23109-RA","Ahya","OG_936",0,1,0
"Ahyacinthus23173-RA","Ahyacinthus23173-RA","Ahya","OG_7052",0,1,0
"Ahyacinthus23256-RA","Ahyacinthus23256-RA","Ahya","OG_7026",0,1,0
"Ahyacinthus23323-RA","Ahyacinthus23323-RA","Ahya","OG_6373",1,1,0
"Ahyacinthus23329-RA","Ahyacinthus23329-RA","Ahya","OG_6003",0,1,0
"Ahyacinthus23333-RA","Ahyacinthus23333-RA","Ahya","OG_2650",0,1,0
"Ahyacinthus23349-RA","Ahyacinthus23349-RA","Ahya","OG_2656",0,1,0
"Ahyacinthus23361-RA","Ahyacinthus23361-RA","Ahya","OG_848",0,1,0
"Ahyacinthus23615-RA","Ahyacinthus23615-RA","Ahya","OG_149",1,1,1
"Ahyacinthus23714-RA","Ahyacinthus23714-RA","Ahya","OG_773",0,1,1
"Ahyacinthus23742-RA","Ahyacinthus23742-RA","Ahya","OG_901",0,1,1
"Ahyacinthus23809-RA","Ahyacinthus23809-RA","Ahya","OG_1015",0,1,1
"Ahyacinthus23859-RA","Ahyacinthus23859-RA","Ahya","OG_2686",0,1,0
"Ahyacinthus23866-RA","Ahyacinthus23866-RA","Ahya","OG_938",1,1,1
"Ahyacinthus24006-RA","Ahyacinthus24006-RA","Ahya","OG_901",0,1,1
"Ahyacinthus24015-RA","Ahyacinthus24015-RA","Ahya","OG_1325",0,1,0
"Ahyacinthus24131-RA","Ahyacinthus24131-RA","Ahya","OG_6405",0,1,0
"Ahyacinthus24181-RA","Ahyacinthus24181-RA","Ahya","OG_9143",0,1,0
"Ahyacinthus24220-RA","Ahyacinthus24220-RA","Ahya","OG_5998",0,1,0
"Ahyacinthus24251-RA","Ahyacinthus24251-RA","Ahya","OG_6996",0,1,0
"Ahyacinthus24274-RA","Ahyacinthus24274-RA","Ahya","OG_7021",0,1,0
"Ahyacinthus24323-RA","Ahyacinthus24323-RA","Ahya","OG_487",1,1,1
"Ahyacinthus24465-RA","Ahyacinthus24465-RA","Ahya","OG_6941",1,1,0
"Ahyacinthus24472-RA","Ahyacinthus24472-RA","Ahya","OG_7128",0,1,0
"Ahyacinthus24531-RA","Ahyacinthus24531-RA","Ahya","OG_766",0,1,1
"Ahyacinthus24713-RA","Ahyacinthus24713-RA","Ahya","OG_571",0,1,0
"Ahyacinthus25011-RA","Ahyacinthus25011-RA","Ahya","OG_571",0,1,0
"Ahyacinthus25302-RA","Ahyacinthus25302-RA","Ahya","OG_1015",0,1,1
"Ahyacinthus25324-RA","Ahyacinthus25324-RA","Ahya","OG_5078",0,1,0
"Ahyacinthus25437-RA","Ahyacinthus25437-RA","Ahya","OG_6291",0,1,0
"Ahyacinthus25508-RA","Ahyacinthus25508-RA","Ahya","OG_869",0,1,1
"Ahyacinthus25574-RA","Ahyacinthus25574-RA","Ahya","OG_913",0,1,0
"Ahyacinthus25608-RA","Ahyacinthus25608-RA","Ahya","OG_533",0,1,0
"Ahyacinthus25615-RA","Ahyacinthus25615-RA","Ahya","OG_332",1,1,1
"Ahyacinthus25740-RA","Ahyacinthus25740-RA","Ahya","OG_913",0,1,0
"Ahyacinthus25755-RA","Ahyacinthus25755-RA","Ahya","OG_868",0,1,1
"Ahyacinthus26196-RA","Ahyacinthus26196-RA","Ahya","OG_4702",1,1,0
"Ahyacinthus26221-RA","Ahyacinthus26221-RA","Ahya","OG_848",0,1,0
"Ahyacinthus26311-RA","Ahyacinthus26311-RA","Ahya","OG_901",0,1,1
"Ahyacinthus26456-RA","Ahyacinthus26456-RA","Ahya","OG_5",1,1,0
"Ahyacinthus26710-RA","Ahyacinthus26710-RA","Ahya","OG_869",0,1,1
"Ahyacinthus26751-RA","Ahyacinthus26751-RA","Ahya","OG_222",0,1,1
"Ahyacinthus00668-RA","Ahyacinthus00668-RA","Ahya","OG_951",0,1,1
"Ahyacinthus00940-RA","Ahyacinthus00940-RA","Ahya","OG_377",0,1,0
"Ahyacinthus01109-RA","Ahyacinthus01109-RA","Ahya","OG_416",0,1,1
"Ahyacinthus01111-RA","Ahyacinthus01111-RA","Ahya","OG_4690",0,1,0
"Ahyacinthus01183-RA","Ahyacinthus01183-RA","Ahya","OG_9209",1,1,0
"Ahyacinthus01292-RA","Ahyacinthus01292-RA","Ahya","OG_392",1,1,1
"Ahyacinthus01348-RA","Ahyacinthus01348-RA","Ahya","OG_956",1,1,1
"Ahyacinthus01582-RA","Ahyacinthus01582-RA","Ahya","OG_9112",0,1,0
"Ahyacinthus01642-RA","Ahyacinthus01642-RA","Ahya","OG_12668",0,1,0
"Ahyacinthus01690-RA","Ahyacinthus01690-RA","Ahya","OG_4805",0,1,0
"Ahyacinthus01830-RA","Ahyacinthus01830-RA","Ahya","OG_7909",0,1,1
"Ahyacinthus01872-RA","Ahyacinthus01872-RA","Ahya","OG_5379",0,1,1
"Ahyacinthus02282-RA","Ahyacinthus02282-RA","Ahya","OG_7997",0,1,0
"Ahyacinthus02314-RA","Ahyacinthus02314-RA","Ahya","OG_5396",1,1,0
"Ahyacinthus02330-RA","Ahyacinthus02330-RA","Ahya","OG_7202",1,1,0
"Ahyacinthus02450-RA","Ahyacinthus02450-RA","Ahya","OG_6826",0,1,0
"Ahyacinthus02451-RA","Ahyacinthus02451-RA","Ahya","OG_6826",0,1,0
"Ahyacinthus02614-RA","Ahyacinthus02614-RA","Ahya","OG_8149",0,1,0
"Ahyacinthus02617-RA","Ahyacinthus02617-RA","Ahya","OG_2507",0,1,0
"Ahyacinthus02649-RA","Ahyacinthus02649-RA","Ahya","OG_7887",0,1,0
"Ahyacinthus02801-RA","Ahyacinthus02801-RA","Ahya","OG_8056",0,1,0
"Ahyacinthus02833-RA","Ahyacinthus02833-RA","Ahya","OG_2547",0,1,0
"Ahyacinthus03086-RA","Ahyacinthus03086-RA","Ahya","OG_2607",0,1,0
"Ahyacinthus03156-RA","Ahyacinthus03156-RA","Ahya","OG_8020",0,1,0
"Ahyacinthus03405-RA","Ahyacinthus03405-RA","Ahya","OG_766",0,1,1
"Ahyacinthus03539-RA","Ahyacinthus03539-RA","Ahya","OG_5051",1,1,0
"Ahyacinthus03777-RA","Ahyacinthus03777-RA","Ahya","OG_4394",1,1,0
"Ahyacinthus03920-RA","Ahyacinthus03920-RA","Ahya","OG_9974",1,1,0
"Ahyacinthus04202-RA","Ahyacinthus04202-RA","Ahya","OG_377",0,1,0
"Ahyacinthus04221-RA","Ahyacinthus04221-RA","Ahya","OG_680",1,1,1
"Ahyacinthus04329-RA","Ahyacinthus04329-RA","Ahya","OG_9992",0,1,0
"Ahyacinthus04475-RA","Ahyacinthus04475-RA","Ahya","OG_300",1,1,1
"Ahyacinthus04476-RA","Ahyacinthus04476-RA","Ahya","OG_300",1,1,1
"Ahyacinthus04606-RA","Ahyacinthus04606-RA","Ahya","OG_303",1,1,0
"Ahyacinthus04653-RA","Ahyacinthus04653-RA","Ahya","OG_4510",1,1,1
"Ahyacinthus04998-RA","Ahyacinthus04998-RA","Ahya","OG_4568",0,1,0
"Ahyacinthus05001-RA","Ahyacinthus05001-RA","Ahya","OG_10107",0,1,0
"Ahyacinthus05018-RA","Ahyacinthus05018-RA","Ahya","OG_8418",0,1,1
"Ahyacinthus05044-RA","Ahyacinthus05044-RA","Ahya","OG_4577",0,1,1
"Ahyacinthus05157-RA","Ahyacinthus05157-RA","Ahya","OG_4613",1,1,0
"Ahyacinthus05511-RA","Ahyacinthus05511-RA","Ahya","OG_4140",0,1,0
"Ahyacinthus05842-RA","Ahyacinthus05842-RA","Ahya","OG_578",0,1,0
"Ahyacinthus06174-RA","Ahyacinthus06174-RA","Ahya","OG_416",0,1,1
"Ahyacinthus06217-RA","Ahyacinthus06217-RA","Ahya","OG_843",0,1,0
"Ahyacinthus06269-RA","Ahyacinthus06269-RA","Ahya","OG_4223",0,1,0
"Ahyacinthus06479-RA","Ahyacinthus06479-RA","Ahya","OG_4249",0,1,0
"Ahyacinthus06916-RA","Ahyacinthus06916-RA","Ahya","OG_9913",0,1,0
"Ahyacinthus07076-RA","Ahyacinthus07076-RA","Ahya","OG_284",1,1,1
"Ahyacinthus07540-RA","Ahyacinthus07540-RA","Ahya","OG_1538",0,1,0
"Ahyacinthus07615-RA","Ahyacinthus07615-RA","Ahya","OG_7310",0,1,0
"Ahyacinthus07716-RA","Ahyacinthus07716-RA","Ahya","OG_3705",0,1,0
"Ahyacinthus07904-RA","Ahyacinthus07904-RA","Ahya","OG_6434",0,1,0
"Ahyacinthus07996-RA","Ahyacinthus07996-RA","Ahya","OG_1096",0,1,0
"Ahyacinthus08338-RA","Ahyacinthus08338-RA","Ahya","OG_6474",1,1,0
"Ahyacinthus08348-RA","Ahyacinthus08348-RA","Ahya","OG_12547",0,1,0
"Ahyacinthus08712-RA","Ahyacinthus08712-RA","Ahya","OG_3362",0,1,0
"Ahyacinthus08952-RA","Ahyacinthus08952-RA","Ahya","OG_6340",1,1,1
"Ahyacinthus09312-RA","Ahyacinthus09312-RA","Ahya","OG_1657",1,1,0
"Ahyacinthus10006-RA","Ahyacinthus10006-RA","Ahya","OG_11446",0,1,0
"Ahyacinthus10085-RA","Ahyacinthus10085-RA","Ahya","OG_3538",0,1,0
"Ahyacinthus10264-RA","Ahyacinthus10264-RA","Ahya","OG_1185",0,1,0
"Ahyacinthus10351-RA","Ahyacinthus10351-RA","Ahya","OG_5232",0,1,0
"Ahyacinthus10673-RA","Ahyacinthus10673-RA","Ahya","OG_11705",0,1,0
"Ahyacinthus10964-RA","Ahyacinthus10964-RA","Ahya","OG_1800",0,1,0
"Ahyacinthus11032-RA","Ahyacinthus11032-RA","Ahya","OG_6139",1,1,0
"Ahyacinthus11159-RA","Ahyacinthus11159-RA","Ahya","OG_10845",0,1,1
"Ahyacinthus11287-RA","Ahyacinthus11287-RA","Ahya","OG_11080",0,1,0
"Ahyacinthus11542-RA","Ahyacinthus11542-RA","Ahya","OG_1907",0,1,1
"Ahyacinthus11591-RA","Ahyacinthus11591-RA","Ahya","OG_12696",0,1,0
"Ahyacinthus11725-RA","Ahyacinthus11725-RA","Ahya","OG_1190",1,1,0
"Ahyacinthus11791-RA","Ahyacinthus11791-RA","Ahya","OG_1231",0,1,0
"Ahyacinthus11951-RA","Ahyacinthus11951-RA","Ahya","OG_10770",1,1,0
"Ahyacinthus12669-RA","Ahyacinthus12669-RA","Ahya","OG_12468",0,1,0
"Ahyacinthus12824-RA","Ahyacinthus12824-RA","Ahya","OG_11090",0,1,0
"Ahyacinthus12923-RA","Ahyacinthus12923-RA","Ahya","OG_2126",0,1,0
"Ahyacinthus13118-RA","Ahyacinthus13118-RA","Ahya","OG_8890",0,1,0
"Ahyacinthus13271-RA","Ahyacinthus13271-RA","Ahya","OG_3874",0,1,0
"Ahyacinthus13279-RA","Ahyacinthus13279-RA","Ahya","OG_342",0,1,1
"Ahyacinthus13289-RA","Ahyacinthus13289-RA","Ahya","OG_342",0,1,1
"Ahyacinthus13356-RA","Ahyacinthus13356-RA","Ahya","OG_3892",0,1,0
"Ahyacinthus13458-RA","Ahyacinthus13458-RA","Ahya","OG_176",1,1,1
"Ahyacinthus13505-RA","Ahyacinthus13505-RA","Ahya","OG_8999",0,1,0
"Ahyacinthus13524-RA","Ahyacinthus13524-RA","Ahya","OG_354",1,1,1
"Ahyacinthus13588-RA","Ahyacinthus13588-RA","Ahya","OG_416",0,1,1
"Ahyacinthus13700-RA","Ahyacinthus13700-RA","Ahya","OG_5094",0,1,0
"Ahyacinthus14353-RA","Ahyacinthus14353-RA","Ahya","OG_1062",0,1,1
"Ahyacinthus14354-RA","Ahyacinthus14354-RA","Ahya","OG_1062",0,1,1
"Ahyacinthus14473-RA","Ahyacinthus14473-RA","Ahya","OG_5291",1,1,1
"Ahyacinthus14819-RA","Ahyacinthus14819-RA","Ahya","OG_23",1,1,0
"Ahyacinthus14957-RA","Ahyacinthus14957-RA","Ahya","OG_12087",0,1,0
"Ahyacinthus15283-RA","Ahyacinthus15283-RA","Ahya","OG_12169",0,1,0
"Ahyacinthus15314-RA","Ahyacinthus15314-RA","Ahya","OG_111",1,1,1
"Ahyacinthus15317-RA","Ahyacinthus15317-RA","Ahya","OG_111",1,1,1
"Ahyacinthus15396-RA","Ahyacinthus15396-RA","Ahya","OG_436",1,1,1
"Ahyacinthus15414-RA","Ahyacinthus15414-RA","Ahya","OG_525",0,1,0
"Ahyacinthus15787-RA","Ahyacinthus15787-RA","Ahya","OG_12098",1,1,0
"Ahyacinthus16007-RA","Ahyacinthus16007-RA","Ahya","OG_284",1,1,1
"Ahyacinthus16511-RA","Ahyacinthus16511-RA","Ahya","OG_986",0,1,0
"Ahyacinthus16546-RA","Ahyacinthus16546-RA","Ahya","OG_11880",0,1,0
"Ahyacinthus16629-RA","Ahyacinthus16629-RA","Ahya","OG_6641",0,1,0
"Ahyacinthus16712-RA","Ahyacinthus16712-RA","Ahya","OG_1173",0,1,0
"Ahyacinthus17037-RA","Ahyacinthus17037-RA","Ahya","OG_222",0,1,1
"Ahyacinthus17076-RA","Ahyacinthus17076-RA","Ahya","OG_242",1,1,1
"Ahyacinthus17368-RA","Ahyacinthus17368-RA","Ahya","OG_6501",0,1,0
"Ahyacinthus17437-RA","Ahyacinthus17437-RA","Ahya","OG_2206",1,1,0
"Ahyacinthus17691-RA","Ahyacinthus17691-RA","Ahya","OG_7450",1,1,0
"Ahyacinthus17817-RA","Ahyacinthus17817-RA","Ahya","OG_219",1,1,1
"Ahyacinthus17865-RA","Ahyacinthus17865-RA","Ahya","OG_2285",1,1,0
"Ahyacinthus17880-RA","Ahyacinthus17880-RA","Ahya","OG_1356",0,1,0
"Ahyacinthus17923-RA","Ahyacinthus17923-RA","Ahya","OG_2289",0,1,1
"Ahyacinthus18144-RA","Ahyacinthus18144-RA","Ahya","OG_6762",1,1,1
"Ahyacinthus18366-RA","Ahyacinthus18366-RA","Ahya","OG_8563",1,1,1
"Ahyacinthus18517-RA","Ahyacinthus18517-RA","Ahya","OG_8529",0,1,0
"Ahyacinthus18616-RA","Ahyacinthus18616-RA","Ahya","OG_8368",0,1,0
"Ahyacinthus18719-RA","Ahyacinthus18719-RA","Ahya","OG_8427",0,1,0
"Ahyacinthus18804-RA","Ahyacinthus18804-RA","Ahya","OG_8393",0,1,0
"Ahyacinthus19250-RA","Ahyacinthus19250-RA","Ahya","OG_1015",0,1,1
"Ahyacinthus19441-RA","Ahyacinthus19441-RA","Ahya","OG_3230",1,1,0
"Ahyacinthus19442-RA","Ahyacinthus19442-RA","Ahya","OG_1534",0,1,0
"Ahyacinthus19485-RA","Ahyacinthus19485-RA","Ahya","OG_3242",0,1,0
"Ahyacinthus19520-RA","Ahyacinthus19520-RA","Ahya","OG_8344",0,1,1
"Ahyacinthus19571-RA","Ahyacinthus19571-RA","Ahya","OG_3259",0,1,1
"Ahyacinthus19622-RA","Ahyacinthus19622-RA","Ahya","OG_3268",0,1,1
"Ahyacinthus19787-RA","Ahyacinthus19787-RA","Ahya","OG_8284",0,1,0
"Ahyacinthus19891-RA","Ahyacinthus19891-RA","Ahya","OG_312",0,1,1
"Ahyacinthus19894-RA","Ahyacinthus19894-RA","Ahya","OG_312",0,1,1
"Ahyacinthus19908-RA","Ahyacinthus19908-RA","Ahya","OG_6603",0,1,0
"Ahyacinthus20314-RA","Ahyacinthus20314-RA","Ahya","OG_2774",1,1,0
"Ahyacinthus20474-RA","Ahyacinthus20474-RA","Ahya","OG_565",0,1,1
"Ahyacinthus20524-RA","Ahyacinthus20524-RA","Ahya","OG_12704",0,1,0
"Ahyacinthus20573-RA","Ahyacinthus20573-RA","Ahya","OG_10701",0,1,0
"Ahyacinthus20665-RA","Ahyacinthus20665-RA","Ahya","OG_10485",0,1,0
"Ahyacinthus20670-RA","Ahyacinthus20670-RA","Ahya","OG_10715",0,1,0
"Ahyacinthus20726-RA","Ahyacinthus20726-RA","Ahya","OG_831",1,1,1
"Ahyacinthus20903-RA","Ahyacinthus20903-RA","Ahya","OG_10479",0,1,0
"Ahyacinthus20939-RA","Ahyacinthus20939-RA","Ahya","OG_10569",0,1,0
"Ahyacinthus20962-RA","Ahyacinthus20962-RA","Ahya","OG_5186",1,1,0
"Ahyacinthus21049-RA","Ahyacinthus21049-RA","Ahya","OG_2937",0,1,0
"Ahyacinthus21134-RA","Ahyacinthus21134-RA","Ahya","OG_2952",0,1,1
"Ahyacinthus21241-RA","Ahyacinthus21241-RA","Ahya","OG_10654",0,1,0
"Ahyacinthus21423-RA","Ahyacinthus21423-RA","Ahya","OG_10460",0,1,0
"Ahyacinthus21454-RA","Ahyacinthus21454-RA","Ahya","OG_1169",0,1,0
"Ahyacinthus21752-RA","Ahyacinthus21752-RA","Ahya","OG_1015",0,1,1
"Ahyacinthus21774-RA","Ahyacinthus21774-RA","Ahya","OG_377",0,1,0
"Ahyacinthus21841-RA","Ahyacinthus21841-RA","Ahya","OG_4815",0,1,0
"Ahyacinthus22456-RA","Ahyacinthus22456-RA","Ahya","OG_377",0,1,0
"Ahyacinthus22471-RA","Ahyacinthus22471-RA","Ahya","OG_4857",0,1,0
"Ahyacinthus22579-RA","Ahyacinthus22579-RA","Ahya","OG_9510",0,1,0
"Ahyacinthus22589-RA","Ahyacinthus22589-RA","Ahya","OG_4872",1,1,1
"Ahyacinthus22617-RA","Ahyacinthus22617-RA","Ahya","OG_4881",0,1,0
"Ahyacinthus22693-RA","Ahyacinthus22693-RA","Ahya","OG_9432",1,1,1
"Ahyacinthus22889-RA","Ahyacinthus22889-RA","Ahya","OG_12330",0,1,0
"Ahyacinthus23151-RA","Ahyacinthus23151-RA","Ahya","OG_943",0,1,0
"Ahyacinthus23330-RA","Ahyacinthus23330-RA","Ahya","OG_7090",0,1,0
"Ahyacinthus23489-RA","Ahyacinthus23489-RA","Ahya","OG_6964",0,1,0
"Ahyacinthus23506-RA","Ahyacinthus23506-RA","Ahya","OG_557",1,1,1
"Ahyacinthus23613-RA","Ahyacinthus23613-RA","Ahya","OG_894",1,1,0
"Ahyacinthus23654-RA","Ahyacinthus23654-RA","Ahya","OG_186",1,1,1
"Ahyacinthus23757-RA","Ahyacinthus23757-RA","Ahya","OG_512",0,1,1
"Ahyacinthus23994-RA","Ahyacinthus23994-RA","Ahya","OG_1231",0,1,0
"Ahyacinthus24053-RA","Ahyacinthus24053-RA","Ahya","OG_823",0,1,0
"Ahyacinthus24229-RA","Ahyacinthus24229-RA","Ahya","OG_2709",0,1,0
"Ahyacinthus24363-RA","Ahyacinthus24363-RA","Ahya","OG_6419",0,1,0
"Ahyacinthus24595-RA","Ahyacinthus24595-RA","Ahya","OG_664",1,1,1
"Ahyacinthus24600-RA","Ahyacinthus24600-RA","Ahya","OG_845",0,1,0
"Ahyacinthus24718-RA","Ahyacinthus24718-RA","Ahya","OG_382",1,1,0
"Ahyacinthus25052-RA","Ahyacinthus25052-RA","Ahya","OG_1039",0,1,0
"Ahyacinthus25108-RA","Ahyacinthus25108-RA","Ahya","OG_680",1,1,1
"Ahyacinthus25338-RA","Ahyacinthus25338-RA","Ahya","OG_416",0,1,1
"Ahyacinthus25363-RA","Ahyacinthus25363-RA","Ahya","OG_1186",0,1,0
"Ahyacinthus26446-RA","Ahyacinthus26446-RA","Ahya","OG_842",0,1,0
"Ahyacinthus26573-RA","Ahyacinthus26573-RA","Ahya","OG_825",0,1,1
"Ahyacinthus26632-RA","Ahyacinthus26632-RA","Ahya","OG_7310",0,1,0
"Ahyacinthus26749-RA","Ahyacinthus26749-RA","Ahya","OG_823",0,1,0
"Ahyacinthus26784-RA","Ahyacinthus26784-RA","Ahya","OG_170",1,1,1
"Ahyacinthus26799-RA","Ahyacinthus26799-RA","Ahya","OG_3352",1,1,0
"Ahyacinthus26821-RA","Ahyacinthus26821-RA","Ahya","OG_416",0,1,1
"Ahyacinthus26825-RA","Ahyacinthus26825-RA","Ahya","OG_416",0,1,1
"Ahyacinthus26997-RA","Ahyacinthus26997-RA","Ahya","OG_3352",1,1,0
"Ahyacinthus00050-RA","Ahyacinthus00050-RA","Ahya","OG_521",1,1,1
"Ahyacinthus00265-RA","Ahyacinthus00265-RA","Ahya","OG_1149",1,1,1
"Ahyacinthus00442-RA","Ahyacinthus00442-RA","Ahya","OG_12398",0,1,0
"Ahyacinthus00443-RA","Ahyacinthus00443-RA","Ahya","OG_12398",0,1,0
"Ahyacinthus00475-RA","Ahyacinthus00475-RA","Ahya","OG_282",1,1,1
"Ahyacinthus00581-RA","Ahyacinthus00581-RA","Ahya","OG_547",0,1,0
"Ahyacinthus00687-RA","Ahyacinthus00687-RA","Ahya","OG_951",0,1,1
"Ahyacinthus01096-RA","Ahyacinthus01096-RA","Ahya","OG_9150",0,1,0
"Ahyacinthus01264-RA","Ahyacinthus01264-RA","Ahya","OG_9295",0,1,0
"Ahyacinthus01794-RA","Ahyacinthus01794-RA","Ahya","OG_2330",0,1,0
"Ahyacinthus02224-RA","Ahyacinthus02224-RA","Ahya","OG_5393",0,1,0
"Ahyacinthus02931-RA","Ahyacinthus02931-RA","Ahya","OG_8029",0,1,0
"Ahyacinthus03347-RA","Ahyacinthus03347-RA","Ahya","OG_1079",0,1,1
"Ahyacinthus03361-RA","Ahyacinthus03361-RA","Ahya","OG_868",0,1,1
"Ahyacinthus03635-RA","Ahyacinthus03635-RA","Ahya","OG_12444",0,1,0
"Ahyacinthus03672-RA","Ahyacinthus03672-RA","Ahya","OG_10153",0,1,0
"Ahyacinthus04232-RA","Ahyacinthus04232-RA","Ahya","OG_905",1,1,1
"Ahyacinthus04461-RA","Ahyacinthus04461-RA","Ahya","OG_10343",0,1,0
"Ahyacinthus04543-RA","Ahyacinthus04543-RA","Ahya","OG_10245",0,1,0
"Ahyacinthus04722-RA","Ahyacinthus04722-RA","Ahya","OG_6787",1,1,0
"Ahyacinthus05097-RA","Ahyacinthus05097-RA","Ahya","OG_438",1,1,1
"Ahyacinthus05286-RA","Ahyacinthus05286-RA","Ahya","OG_9664",0,1,0
"Ahyacinthus05414-RA","Ahyacinthus05414-RA","Ahya","OG_4116",0,1,0
"Ahyacinthus05498-RA","Ahyacinthus05498-RA","Ahya","OG_4139",0,1,1
"Ahyacinthus05724-RA","Ahyacinthus05724-RA","Ahya","OG_447",1,1,1
"Ahyacinthus05900-RA","Ahyacinthus05900-RA","Ahya","OG_905",1,1,1
"Ahyacinthus06021-RA","Ahyacinthus06021-RA","Ahya","OG_1180",0,1,0
"Ahyacinthus06204-RA","Ahyacinthus06204-RA","Ahya","OG_745",0,1,1
"Ahyacinthus06431-RA","Ahyacinthus06431-RA","Ahya","OG_12738",0,1,0
"Ahyacinthus06565-RA","Ahyacinthus06565-RA","Ahya","OG_514",0,1,0
"Ahyacinthus06578-RA","Ahyacinthus06578-RA","Ahya","OG_9613",1,1,0
"Ahyacinthus07085-RA","Ahyacinthus07085-RA","Ahya","OG_7259",1,1,0
"Ahyacinthus07236-RA","Ahyacinthus07236-RA","Ahya","OG_8450",0,1,0
"Ahyacinthus07523-RA","Ahyacinthus07523-RA","Ahya","OG_353",1,1,0
"Ahyacinthus07528-RA","Ahyacinthus07528-RA","Ahya","OG_541",1,1,1
"Ahyacinthus07800-RA","Ahyacinthus07800-RA","Ahya","OG_876",0,1,1
"Ahyacinthus08124-RA","Ahyacinthus08124-RA","Ahya","OG_7238",0,1,0
"Ahyacinthus08396-RA","Ahyacinthus08396-RA","Ahya","OG_151",0,1,0
"Ahyacinthus08804-RA","Ahyacinthus08804-RA","Ahya","OG_3381",0,1,0
"Ahyacinthus08945-RA","Ahyacinthus08945-RA","Ahya","OG_12593",0,1,0
"Ahyacinthus08949-RA","Ahyacinthus08949-RA","Ahya","OG_6436",0,1,0
"Ahyacinthus09024-RA","Ahyacinthus09024-RA","Ahya","OG_11400",1,1,0
"Ahyacinthus09062-RA","Ahyacinthus09062-RA","Ahya","OG_3425",0,1,0
"Ahyacinthus09668-RA","Ahyacinthus09668-RA","Ahya","OG_6174",1,1,1
"Ahyacinthus09877-RA","Ahyacinthus09877-RA","Ahya","OG_11414",0,1,0
"Ahyacinthus10630-RA","Ahyacinthus10630-RA","Ahya","OG_6446",0,1,0
"Ahyacinthus10677-RA","Ahyacinthus10677-RA","Ahya","OG_637",1,1,0
"Ahyacinthus10838-RA","Ahyacinthus10838-RA","Ahya","OG_798",0,1,1
"Ahyacinthus10858-RA","Ahyacinthus10858-RA","Ahya","OG_3684",0,1,0
"Ahyacinthus11352-RA","Ahyacinthus11352-RA","Ahya","OG_5403",0,1,0
"Ahyacinthus11436-RA","Ahyacinthus11436-RA","Ahya","OG_10795",0,1,0
"Ahyacinthus11633-RA","Ahyacinthus11633-RA","Ahya","OG_353",1,1,0
"Ahyacinthus11697-RA","Ahyacinthus11697-RA","Ahya","OG_876",0,1,1
"Ahyacinthus12032-RA","Ahyacinthus12032-RA","Ahya","OG_5254",1,1,1
"Ahyacinthus12076-RA","Ahyacinthus12076-RA","Ahya","OG_158",0,1,0
"Ahyacinthus12588-RA","Ahyacinthus12588-RA","Ahya","OG_2069",0,1,0
"Ahyacinthus12767-RA","Ahyacinthus12767-RA","Ahya","OG_878",0,1,0
"Ahyacinthus13079-RA","Ahyacinthus13079-RA","Ahya","OG_3846",0,1,0
"Ahyacinthus13392-RA","Ahyacinthus13392-RA","Ahya","OG_8881",0,1,1
"Ahyacinthus13427-RA","Ahyacinthus13427-RA","Ahya","OG_6258",0,1,1
"Ahyacinthus13519-RA","Ahyacinthus13519-RA","Ahya","OG_3916",1,1,1
"Ahyacinthus13555-RA","Ahyacinthus13555-RA","Ahya","OG_170",1,1,1
"Ahyacinthus13643-RA","Ahyacinthus13643-RA","Ahya","OG_3935",0,1,0
"Ahyacinthus15085-RA","Ahyacinthus15085-RA","Ahya","OG_12030",0,1,0
"Ahyacinthus15616-RA","Ahyacinthus15616-RA","Ahya","OG_1588",0,1,0
"Ahyacinthus15866-RA","Ahyacinthus15866-RA","Ahya","OG_10211",0,1,0
"Ahyacinthus15939-RA","Ahyacinthus15939-RA","Ahya","OG_11981",1,1,0
"Ahyacinthus16926-RA","Ahyacinthus16926-RA","Ahya","OG_282",1,1,1
"Ahyacinthus17241-RA","Ahyacinthus17241-RA","Ahya","OG_7607",0,1,0
"Ahyacinthus17365-RA","Ahyacinthus17365-RA","Ahya","OG_1248",1,1,0
"Ahyacinthus17419-RA","Ahyacinthus17419-RA","Ahya","OG_7422",1,1,1
"Ahyacinthus17426-RA","Ahyacinthus17426-RA","Ahya","OG_2203",0,1,0
"Ahyacinthus17457-RA","Ahyacinthus17457-RA","Ahya","OG_705",0,1,0
"Ahyacinthus17695-RA","Ahyacinthus17695-RA","Ahya","OG_7590",0,1,0
"Ahyacinthus17878-RA","Ahyacinthus17878-RA","Ahya","OG_7585",1,1,0
"Ahyacinthus18245-RA","Ahyacinthus18245-RA","Ahya","OG_7637",0,1,0
"Ahyacinthus18306-RA","Ahyacinthus18306-RA","Ahya","OG_8409",0,1,0
"Ahyacinthus18555-RA","Ahyacinthus18555-RA","Ahya","OG_8186",1,1,1
"Ahyacinthus18802-RA","Ahyacinthus18802-RA","Ahya","OG_8202",0,1,0
"Ahyacinthus19393-RA","Ahyacinthus19393-RA","Ahya","OG_3223",1,1,1
"Ahyacinthus19539-RA","Ahyacinthus19539-RA","Ahya","OG_861",0,1,1
"Ahyacinthus19550-RA","Ahyacinthus19550-RA","Ahya","OG_327",1,1,0
"Ahyacinthus19552-RA","Ahyacinthus19552-RA","Ahya","OG_327",1,1,0
"Ahyacinthus19816-RA","Ahyacinthus19816-RA","Ahya","OG_3310",0,1,0
"Ahyacinthus20873-RA","Ahyacinthus20873-RA","Ahya","OG_12703",0,1,0
"Ahyacinthus21269-RA","Ahyacinthus21269-RA","Ahya","OG_879",0,1,0
"Ahyacinthus21307-RA","Ahyacinthus21307-RA","Ahya","OG_10580",0,1,0
"Ahyacinthus21448-RA","Ahyacinthus21448-RA","Ahya","OG_3010",1,1,0
"Ahyacinthus21507-RA","Ahyacinthus21507-RA","Ahya","OG_1071",0,1,0
"Ahyacinthus21623-RA","Ahyacinthus21623-RA","Ahya","OG_353",1,1,0
"Ahyacinthus21673-RA","Ahyacinthus21673-RA","Ahya","OG_170",1,1,1
"Ahyacinthus21963-RA","Ahyacinthus21963-RA","Ahya","OG_1090",0,1,1
"Ahyacinthus22006-RA","Ahyacinthus22006-RA","Ahya","OG_353",1,1,0
"Ahyacinthus22034-RA","Ahyacinthus22034-RA","Ahya","OG_1180",0,1,0
"Ahyacinthus22769-RA","Ahyacinthus22769-RA","Ahya","OG_9025",1,1,0
"Ahyacinthus23120-RA","Ahyacinthus23120-RA","Ahya","OG_879",0,1,0
"Ahyacinthus23307-RA","Ahyacinthus23307-RA","Ahya","OG_6938",0,1,1
"Ahyacinthus23431-RA","Ahyacinthus23431-RA","Ahya","OG_6289",0,1,0
"Ahyacinthus23666-RA","Ahyacinthus23666-RA","Ahya","OG_353",1,1,0
"Ahyacinthus24340-RA","Ahyacinthus24340-RA","Ahya","OG_2724",0,1,0
"Ahyacinthus24423-RA","Ahyacinthus24423-RA","Ahya","OG_7133",1,1,0
"Ahyacinthus24656-RA","Ahyacinthus24656-RA","Ahya","OG_868",0,1,1
"Ahyacinthus24872-RA","Ahyacinthus24872-RA","Ahya","OG_353",1,1,0
"Ahyacinthus24928-RA","Ahyacinthus24928-RA","Ahya","OG_12349",0,1,0
"Ahyacinthus25155-RA","Ahyacinthus25155-RA","Ahya","OG_713",0,1,0
"Ahyacinthus25285-RA","Ahyacinthus25285-RA","Ahya","OG_5113",0,1,0
"Ahyacinthus25785-RA","Ahyacinthus25785-RA","Ahya","OG_6266",0,1,0
"Ahyacinthus25820-RA","Ahyacinthus25820-RA","Ahya","OG_415",0,1,0
"Ahyacinthus25822-RA","Ahyacinthus25822-RA","Ahya","OG_1205",0,1,0
"Ahyacinthus25992-RA","Ahyacinthus25992-RA","Ahya","OG_282",1,1,1
"Ahyacinthus26540-RA","Ahyacinthus26540-RA","Ahya","OG_12115",0,1,0
"Ahyacinthus26691-RA","Ahyacinthus26691-RA","Ahya","OG_12115",0,1,0
"Ahyacinthus26727-RA","Ahyacinthus26727-RA","Ahya","OG_745",0,1,1
"Ahyacinthus00144-RA","Ahyacinthus00144-RA","Ahya","OG_5316",1,1,0
"Ahyacinthus00441-RA","Ahyacinthus00441-RA","Ahya","OG_12398",0,1,0
"Ahyacinthus00446-RA","Ahyacinthus00446-RA","Ahya","OG_1446",0,1,0
"Ahyacinthus00670-RA","Ahyacinthus00670-RA","Ahya","OG_951",0,1,1
"Ahyacinthus00840-RA","Ahyacinthus00840-RA","Ahya","OG_909",0,1,0
"Ahyacinthus00945-RA","Ahyacinthus00945-RA","Ahya","OG_953",0,1,0
"Ahyacinthus01127-RA","Ahyacinthus01127-RA","Ahya","OG_1267",0,1,1
"Ahyacinthus01152-RA","Ahyacinthus01152-RA","Ahya","OG_4693",0,1,0
"Ahyacinthus01241-RA","Ahyacinthus01241-RA","Ahya","OG_9179",1,1,0
"Ahyacinthus01342-RA","Ahyacinthus01342-RA","Ahya","OG_5063",0,1,0
"Ahyacinthus01576-RA","Ahyacinthus01576-RA","Ahya","OG_9160",0,1,0
"Ahyacinthus01694-RA","Ahyacinthus01694-RA","Ahya","OG_5329",1,1,0
"Ahyacinthus01803-RA","Ahyacinthus01803-RA","Ahya","OG_8037",0,1,1
"Ahyacinthus01838-RA","Ahyacinthus01838-RA","Ahya","OG_2338",0,1,1
"Ahyacinthus02041-RA","Ahyacinthus02041-RA","Ahya","OG_1358",0,1,0
"Ahyacinthus02273-RA","Ahyacinthus02273-RA","Ahya","OG_5172",0,1,0
"Ahyacinthus02520-RA","Ahyacinthus02520-RA","Ahya","OG_2487",0,1,0
"Ahyacinthus02658-RA","Ahyacinthus02658-RA","Ahya","OG_7879",0,1,0
"Ahyacinthus03108-RA","Ahyacinthus03108-RA","Ahya","OG_5358",0,1,0
"Ahyacinthus03119-RA","Ahyacinthus03119-RA","Ahya","OG_8034",1,1,0
"Ahyacinthus03169-RA","Ahyacinthus03169-RA","Ahya","OG_909",0,1,0
"Ahyacinthus03190-RA","Ahyacinthus03190-RA","Ahya","OG_2613",0,1,0
"Ahyacinthus03211-RA","Ahyacinthus03211-RA","Ahya","OG_652",1,1,1
"Ahyacinthus03697-RA","Ahyacinthus03697-RA","Ahya","OG_6309",0,1,0
"Ahyacinthus03870-RA","Ahyacinthus03870-RA","Ahya","OG_9985",1,1,0
"Ahyacinthus04030-RA","Ahyacinthus04030-RA","Ahya","OG_10190",1,1,1
"Ahyacinthus04228-RA","Ahyacinthus04228-RA","Ahya","OG_440",0,1,0
"Ahyacinthus04404-RA","Ahyacinthus04404-RA","Ahya","OG_10362",0,1,0
"Ahyacinthus04550-RA","Ahyacinthus04550-RA","Ahya","OG_862",0,1,1
"Ahyacinthus04651-RA","Ahyacinthus04651-RA","Ahya","OG_4508",0,1,0
"Ahyacinthus04856-RA","Ahyacinthus04856-RA","Ahya","OG_10083",0,1,0
"Ahyacinthus04928-RA","Ahyacinthus04928-RA","Ahya","OG_10288",0,1,0
"Ahyacinthus05137-RA","Ahyacinthus05137-RA","Ahya","OG_6464",0,1,0
"Ahyacinthus05162-RA","Ahyacinthus05162-RA","Ahya","OG_4615",0,1,0
"Ahyacinthus05164-RA","Ahyacinthus05164-RA","Ahya","OG_10277",1,1,0
"Ahyacinthus05174-RA","Ahyacinthus05174-RA","Ahya","OG_4618",1,1,0
"Ahyacinthus05211-RA","Ahyacinthus05211-RA","Ahya","OG_9781",0,1,0
"Ahyacinthus05451-RA","Ahyacinthus05451-RA","Ahya","OG_5043",1,1,0
"Ahyacinthus05591-RA","Ahyacinthus05591-RA","Ahya","OG_2238",0,1,0
"Ahyacinthus05595-RA","Ahyacinthus05595-RA","Ahya","OG_2238",0,1,0
"Ahyacinthus05915-RA","Ahyacinthus05915-RA","Ahya","OG_270",1,1,1
"Ahyacinthus06130-RA","Ahyacinthus06130-RA","Ahya","OG_8251",0,1,0
"Ahyacinthus06247-RA","Ahyacinthus06247-RA","Ahya","OG_9731",1,1,0
"Ahyacinthus06496-RA","Ahyacinthus06496-RA","Ahya","OG_9709",0,1,0
"Ahyacinthus06597-RA","Ahyacinthus06597-RA","Ahya","OG_9774",1,1,0
"Ahyacinthus06658-RA","Ahyacinthus06658-RA","Ahya","OG_12423",0,1,0
"Ahyacinthus06692-RA","Ahyacinthus06692-RA","Ahya","OG_5050",0,1,0
"Ahyacinthus06813-RA","Ahyacinthus06813-RA","Ahya","OG_4299",1,1,0
"Ahyacinthus07012-RA","Ahyacinthus07012-RA","Ahya","OG_353",1,1,0
"Ahyacinthus07240-RA","Ahyacinthus07240-RA","Ahya","OG_8450",0,1,0
"Ahyacinthus07384-RA","Ahyacinthus07384-RA","Ahya","OG_746",0,1,0
"Ahyacinthus07792-RA","Ahyacinthus07792-RA","Ahya","OG_909",0,1,0
"Ahyacinthus07795-RA","Ahyacinthus07795-RA","Ahya","OG_7193",0,1,0
"Ahyacinthus07977-RA","Ahyacinthus07977-RA","Ahya","OG_910",0,1,0
"Ahyacinthus08182-RA","Ahyacinthus08182-RA","Ahya","OG_3768",0,1,0
"Ahyacinthus08222-RA","Ahyacinthus08222-RA","Ahya","OG_12715",1,1,0
"Ahyacinthus08268-RA","Ahyacinthus08268-RA","Ahya","OG_7212",0,1,0
"Ahyacinthus08298-RA","Ahyacinthus08298-RA","Ahya","OG_7266",0,1,0
"Ahyacinthus08317-RA","Ahyacinthus08317-RA","Ahya","OG_7326",0,1,1
"Ahyacinthus08430-RA","Ahyacinthus08430-RA","Ahya","OG_6004",1,1,0
"Ahyacinthus08611-RA","Ahyacinthus08611-RA","Ahya","OG_455",0,1,0
"Ahyacinthus09041-RA","Ahyacinthus09041-RA","Ahya","OG_241",1,1,1
"Ahyacinthus09226-RA","Ahyacinthus09226-RA","Ahya","OG_5152",1,1,0
"Ahyacinthus09285-RA","Ahyacinthus09285-RA","Ahya","OG_408",1,1,1
"Ahyacinthus09393-RA","Ahyacinthus09393-RA","Ahya","OG_3474",0,1,0
"Ahyacinthus09435-RA","Ahyacinthus09435-RA","Ahya","OG_1522",0,1,0
"Ahyacinthus09606-RA","Ahyacinthus09606-RA","Ahya","OG_1016",1,1,0
"Ahyacinthus09654-RA","Ahyacinthus09654-RA","Ahya","OG_632",0,1,0
"Ahyacinthus09759-RA","Ahyacinthus09759-RA","Ahya","OG_632",0,1,0
"Ahyacinthus09818-RA","Ahyacinthus09818-RA","Ahya","OG_11680",0,1,0
"Ahyacinthus10142-RA","Ahyacinthus10142-RA","Ahya","OG_9704",0,1,0
"Ahyacinthus10246-RA","Ahyacinthus10246-RA","Ahya","OG_3567",0,1,0
"Ahyacinthus10363-RA","Ahyacinthus10363-RA","Ahya","OG_316",0,1,1
"Ahyacinthus10413-RA","Ahyacinthus10413-RA","Ahya","OG_658",0,1,0
"Ahyacinthus10431-RA","Ahyacinthus10431-RA","Ahya","OG_11479",0,1,0
"Ahyacinthus10733-RA","Ahyacinthus10733-RA","Ahya","OG_11563",0,1,0
"Ahyacinthus10820-RA","Ahyacinthus10820-RA","Ahya","OG_12595",0,1,0
"Ahyacinthus10863-RA","Ahyacinthus10863-RA","Ahya","OG_11525",0,1,0
"Ahyacinthus10992-RA","Ahyacinthus10992-RA","Ahya","OG_11101",1,1,0
"Ahyacinthus11459-RA","Ahyacinthus11459-RA","Ahya","OG_11225",1,1,0
"Ahyacinthus11527-RA","Ahyacinthus11527-RA","Ahya","OG_440",0,1,0
"Ahyacinthus11581-RA","Ahyacinthus11581-RA","Ahya","OG_11032",1,1,0
"Ahyacinthus11751-RA","Ahyacinthus11751-RA","Ahya","OG_1180",0,1,0
"Ahyacinthus11805-RA","Ahyacinthus11805-RA","Ahya","OG_909",0,1,0
"Ahyacinthus12104-RA","Ahyacinthus12104-RA","Ahya","OG_11182",0,1,0
"Ahyacinthus12364-RA","Ahyacinthus12364-RA","Ahya","OG_4986",0,1,0
"Ahyacinthus12400-RA","Ahyacinthus12400-RA","Ahya","OG_6852",0,1,1
"Ahyacinthus12403-RA","Ahyacinthus12403-RA","Ahya","OG_11059",1,1,0
"Ahyacinthus12548-RA","Ahyacinthus12548-RA","Ahya","OG_11050",1,1,0
"Ahyacinthus12556-RA","Ahyacinthus12556-RA","Ahya","OG_2063",0,1,0
"Ahyacinthus12639-RA","Ahyacinthus12639-RA","Ahya","OG_11052",1,1,0
"Ahyacinthus12641-RA","Ahyacinthus12641-RA","Ahya","OG_11053",0,1,0
"Ahyacinthus12780-RA","Ahyacinthus12780-RA","Ahya","OG_2108",1,1,0
"Ahyacinthus13007-RA","Ahyacinthus13007-RA","Ahya","OG_2150",0,1,0
"Ahyacinthus13089-RA","Ahyacinthus13089-RA","Ahya","OG_767",0,1,1
"Ahyacinthus13313-RA","Ahyacinthus13313-RA","Ahya","OG_879",0,1,0
"Ahyacinthus13365-RA","Ahyacinthus13365-RA","Ahya","OG_8907",0,1,1
"Ahyacinthus13451-RA","Ahyacinthus13451-RA","Ahya","OG_481",0,1,1
"Ahyacinthus13602-RA","Ahyacinthus13602-RA","Ahya","OG_512",0,1,1
"Ahyacinthus13630-RA","Ahyacinthus13630-RA","Ahya","OG_8724",0,1,1
"Ahyacinthus13772-RA","Ahyacinthus13772-RA","Ahya","OG_161",0,1,1
"Ahyacinthus13775-RA","Ahyacinthus13775-RA","Ahya","OG_213",1,1,0
"Ahyacinthus13949-RA","Ahyacinthus13949-RA","Ahya","OG_353",1,1,0
"Ahyacinthus14030-RA","Ahyacinthus14030-RA","Ahya","OG_331",0,1,0
"Ahyacinthus14296-RA","Ahyacinthus14296-RA","Ahya","OG_331",0,1,0
"Ahyacinthus14638-RA","Ahyacinthus14638-RA","Ahya","OG_4054",0,1,1
"Ahyacinthus14740-RA","Ahyacinthus14740-RA","Ahya","OG_8761",0,1,0
"Ahyacinthus14802-RA","Ahyacinthus14802-RA","Ahya","OG_332",1,1,1
"Ahyacinthus15189-RA","Ahyacinthus15189-RA","Ahya","OG_5128",0,1,1
"Ahyacinthus15657-RA","Ahyacinthus15657-RA","Ahya","OG_1599",0,1,0
"Ahyacinthus15666-RA","Ahyacinthus15666-RA","Ahya","OG_1601",1,1,0
"Ahyacinthus15940-RA","Ahyacinthus15940-RA","Ahya","OG_10651",1,1,0
"Ahyacinthus16000-RA","Ahyacinthus16000-RA","Ahya","OG_6179",0,1,0
"Ahyacinthus16019-RA","Ahyacinthus16019-RA","Ahya","OG_12059",0,1,0
"Ahyacinthus16034-RA","Ahyacinthus16034-RA","Ahya","OG_5128",0,1,1
"Ahyacinthus16326-RA","Ahyacinthus16326-RA","Ahya","OG_683",1,1,1
"Ahyacinthus16576-RA","Ahyacinthus16576-RA","Ahya","OG_1134",0,1,1
"Ahyacinthus16653-RA","Ahyacinthus16653-RA","Ahya","OG_988",0,1,0
"Ahyacinthus17082-RA","Ahyacinthus17082-RA","Ahya","OG_459",0,1,0
"Ahyacinthus17324-RA","Ahyacinthus17324-RA","Ahya","OG_7681",0,1,0
"Ahyacinthus17581-RA","Ahyacinthus17581-RA","Ahya","OG_998",1,1,1
"Ahyacinthus17718-RA","Ahyacinthus17718-RA","Ahya","OG_875",0,1,1
"Ahyacinthus17792-RA","Ahyacinthus17792-RA","Ahya","OG_7509",1,1,0
"Ahyacinthus17891-RA","Ahyacinthus17891-RA","Ahya","OG_222",0,1,1
"Ahyacinthus17910-RA","Ahyacinthus17910-RA","Ahya","OG_242",1,1,1
"Ahyacinthus18027-RA","Ahyacinthus18027-RA","Ahya","OG_353",1,1,0
"Ahyacinthus18188-RA","Ahyacinthus18188-RA","Ahya","OG_921",0,1,0
"Ahyacinthus18210-RA","Ahyacinthus18210-RA","Ahya","OG_353",1,1,0
"Ahyacinthus18428-RA","Ahyacinthus18428-RA","Ahya","OG_8287",1,1,0
"Ahyacinthus18638-RA","Ahyacinthus18638-RA","Ahya","OG_398",0,1,0
"Ahyacinthus18648-RA","Ahyacinthus18648-RA","Ahya","OG_241",1,1,1
"Ahyacinthus18672-RA","Ahyacinthus18672-RA","Ahya","OG_300",1,1,1
"Ahyacinthus18705-RA","Ahyacinthus18705-RA","Ahya","OG_8558",1,1,0
"Ahyacinthus18756-RA","Ahyacinthus18756-RA","Ahya","OG_8557",0,1,1
"Ahyacinthus18915-RA","Ahyacinthus18915-RA","Ahya","OG_771",1,1,0
"Ahyacinthus18935-RA","Ahyacinthus18935-RA","Ahya","OG_3182",0,1,0
"Ahyacinthus19019-RA","Ahyacinthus19019-RA","Ahya","OG_7023",0,1,0
"Ahyacinthus19340-RA","Ahyacinthus19340-RA","Ahya","OG_840",1,1,1
"Ahyacinthus19951-RA","Ahyacinthus19951-RA","Ahya","OG_8493",0,1,0
"Ahyacinthus20147-RA","Ahyacinthus20147-RA","Ahya","OG_12539",0,1,0
"Ahyacinthus20168-RA","Ahyacinthus20168-RA","Ahya","OG_715",0,1,1
"Ahyacinthus20173-RA","Ahyacinthus20173-RA","Ahya","OG_825",0,1,1
"Ahyacinthus20212-RA","Ahyacinthus20212-RA","Ahya","OG_300",1,1,1
"Ahyacinthus20237-RA","Ahyacinthus20237-RA","Ahya","OG_580",0,1,0
"Ahyacinthus20270-RA","Ahyacinthus20270-RA","Ahya","OG_5128",0,1,1
"Ahyacinthus20272-RA","Ahyacinthus20272-RA","Ahya","OG_5128",0,1,1
"Ahyacinthus20406-RA","Ahyacinthus20406-RA","Ahya","OG_10490",1,1,0
"Ahyacinthus20587-RA","Ahyacinthus20587-RA","Ahya","OG_10561",0,1,0
"Ahyacinthus20648-RA","Ahyacinthus20648-RA","Ahya","OG_10443",0,1,0
"Ahyacinthus20698-RA","Ahyacinthus20698-RA","Ahya","OG_2868",0,1,1
"Ahyacinthus20824-RA","Ahyacinthus20824-RA","Ahya","OG_10515",0,1,0
"Ahyacinthus20878-RA","Ahyacinthus20878-RA","Ahya","OG_5005",0,1,0
"Ahyacinthus20879-RA","Ahyacinthus20879-RA","Ahya","OG_10712",0,1,1
"Ahyacinthus21115-RA","Ahyacinthus21115-RA","Ahya","OG_10452",0,1,1
"Ahyacinthus21343-RA","Ahyacinthus21343-RA","Ahya","OG_2991",1,1,0
"Ahyacinthus21486-RA","Ahyacinthus21486-RA","Ahya","OG_7964",0,1,0
"Ahyacinthus21489-RA","Ahyacinthus21489-RA","Ahya","OG_7964",0,1,0
"Ahyacinthus21923-RA","Ahyacinthus21923-RA","Ahya","OG_9454",1,1,1
"Ahyacinthus22251-RA","Ahyacinthus22251-RA","Ahya","OG_9594",1,1,0
"Ahyacinthus22536-RA","Ahyacinthus22536-RA","Ahya","OG_4865",0,1,0
"Ahyacinthus22581-RA","Ahyacinthus22581-RA","Ahya","OG_12754",0,1,0
"Ahyacinthus22582-RA","Ahyacinthus22582-RA","Ahya","OG_12754",0,1,0
"Ahyacinthus23060-RA","Ahyacinthus23060-RA","Ahya","OG_4957",0,1,0
"Ahyacinthus23246-RA","Ahyacinthus23246-RA","Ahya","OG_6961",1,1,0
"Ahyacinthus23555-RA","Ahyacinthus23555-RA","Ahya","OG_1101",0,1,1
"Ahyacinthus23970-RA","Ahyacinthus23970-RA","Ahya","OG_1195",0,1,0
"Ahyacinthus24177-RA","Ahyacinthus24177-RA","Ahya","OG_6896",1,1,0
"Ahyacinthus24179-RA","Ahyacinthus24179-RA","Ahya","OG_6896",1,1,0
"Ahyacinthus24545-RA","Ahyacinthus24545-RA","Ahya","OG_823",0,1,0
"Ahyacinthus24829-RA","Ahyacinthus24829-RA","Ahya","OG_198",1,1,0
"Ahyacinthus25020-RA","Ahyacinthus25020-RA","Ahya","OG_353",1,1,0
"Ahyacinthus25167-RA","Ahyacinthus25167-RA","Ahya","OG_910",0,1,0
"Ahyacinthus25668-RA","Ahyacinthus25668-RA","Ahya","OG_921",0,1,0
"Ahyacinthus25841-RA","Ahyacinthus25841-RA","Ahya","OG_353",1,1,0
"Ahyacinthus25987-RA","Ahyacinthus25987-RA","Ahya","OG_715",0,1,1
"Ahyacinthus26003-RA","Ahyacinthus26003-RA","Ahya","OG_5128",0,1,1
"Ahyacinthus26115-RA","Ahyacinthus26115-RA","Ahya","OG_825",0,1,1
"Ahyacinthus26167-RA","Ahyacinthus26167-RA","Ahya","OG_715",0,1,1
"Ahyacinthus26195-RA","Ahyacinthus26195-RA","Ahya","OG_825",0,1,1
"Ahyacinthus26652-RA","Ahyacinthus26652-RA","Ahya","OG_353",1,1,0
"Ahyacinthus26687-RA","Ahyacinthus26687-RA","Ahya","OG_353",1,1,0
"Ahyacinthus26814-RA","Ahyacinthus26814-RA","Ahya","OG_353",1,1,0
"Ahyacinthus26832-RA","Ahyacinthus26832-RA","Ahya","OG_270",1,1,1
"Ahyacinthus26976-RA","Ahyacinthus26976-RA","Ahya","OG_353",1,1,0
"Ahyacinthus27025-RA","Ahyacinthus27025-RA","Ahya","OG_440",0,1,0
"Ahyacinthus27034-RA","Ahyacinthus27034-RA","Ahya","OG_6604",1,1,1
"Ahyacinthus27076-RA","Ahyacinthus27076-RA","Ahya","OG_715",0,1,1
"Ahyacinthus00075-RA","Ahyacinthus00075-RA","Ahya","OG_6700",1,1,0
"Ahyacinthus04033-RA","Ahyacinthus04033-RA","Ahya","OG_10190",1,1,1
"Ahyacinthus07498-RA","Ahyacinthus07498-RA","Ahya","OG_697",0,1,1
"Ahyacinthus07952-RA","Ahyacinthus07952-RA","Ahya","OG_604",0,1,0
"Ahyacinthus10691-RA","Ahyacinthus10691-RA","Ahya","OG_9366",0,1,1
"Ahyacinthus10692-RA","Ahyacinthus10692-RA","Ahya","OG_9366",0,1,1
"Ahyacinthus13041-RA","Ahyacinthus13041-RA","Ahya","OG_6264",0,1,0
"Ahyacinthus14144-RA","Ahyacinthus14144-RA","Ahya","OG_8632",0,1,0
"Ahyacinthus14500-RA","Ahyacinthus14500-RA","Ahya","OG_8687",1,1,0
"Ahyacinthus16258-RA","Ahyacinthus16258-RA","Ahya","OG_12461",0,1,1
"Ahyacinthus16647-RA","Ahyacinthus16647-RA","Ahya","OG_1760",0,1,1
"Ahyacinthus16737-RA","Ahyacinthus16737-RA","Ahya","OG_12287",0,1,0
"Ahyacinthus24357-RA","Ahyacinthus24357-RA","Ahya","OG_6384",0,1,0
"Ahyacinthus00142-RA","Ahyacinthus00142-RA","Ahya","OG_6066",0,1,0
"Ahyacinthus00158-RA","Ahyacinthus00158-RA","Ahya","OG_5107",1,1,0
"Ahyacinthus00395-RA","Ahyacinthus00395-RA","Ahya","OG_4672",0,1,0
"Ahyacinthus00587-RA","Ahyacinthus00587-RA","Ahya","OG_9073",0,1,0
"Ahyacinthus00651-RA","Ahyacinthus00651-RA","Ahya","OG_951",0,1,1
"Ahyacinthus00654-RA","Ahyacinthus00654-RA","Ahya","OG_1120",0,1,1
"Ahyacinthus00662-RA","Ahyacinthus00662-RA","Ahya","OG_951",0,1,1
"Ahyacinthus01489-RA","Ahyacinthus01489-RA","Ahya","OG_9262",0,1,0
"Ahyacinthus01889-RA","Ahyacinthus01889-RA","Ahya","OG_8165",1,1,1
"Ahyacinthus02100-RA","Ahyacinthus02100-RA","Ahya","OG_7781",1,1,0
"Ahyacinthus02192-RA","Ahyacinthus02192-RA","Ahya","OG_2423",0,1,0
"Ahyacinthus02554-RA","Ahyacinthus02554-RA","Ahya","OG_565",0,1,1
"Ahyacinthus02611-RA","Ahyacinthus02611-RA","Ahya","OG_5081",1,1,0
"Ahyacinthus02639-RA","Ahyacinthus02639-RA","Ahya","OG_8107",0,1,0
"Ahyacinthus03256-RA","Ahyacinthus03256-RA","Ahya","OG_1120",0,1,1
"Ahyacinthus03387-RA","Ahyacinthus03387-RA","Ahya","OG_818",1,1,1
"Ahyacinthus03527-RA","Ahyacinthus03527-RA","Ahya","OG_10059",1,1,0
"Ahyacinthus03844-RA","Ahyacinthus03844-RA","Ahya","OG_3918",0,1,0
"Ahyacinthus04791-RA","Ahyacinthus04791-RA","Ahya","OG_4527",0,1,0
"Ahyacinthus04879-RA","Ahyacinthus04879-RA","Ahya","OG_450",0,1,1
"Ahyacinthus05352-RA","Ahyacinthus05352-RA","Ahya","OG_9945",0,1,1
"Ahyacinthus05524-RA","Ahyacinthus05524-RA","Ahya","OG_6733",1,1,0
"Ahyacinthus06201-RA","Ahyacinthus06201-RA","Ahya","OG_11650",0,1,1
"Ahyacinthus06203-RA","Ahyacinthus06203-RA","Ahya","OG_773",0,1,1
"Ahyacinthus06941-RA","Ahyacinthus06941-RA","Ahya","OG_4323",1,1,0
"Ahyacinthus07081-RA","Ahyacinthus07081-RA","Ahya","OG_5989",1,1,0
"Ahyacinthus07201-RA","Ahyacinthus07201-RA","Ahya","OG_754",0,1,0
"Ahyacinthus07963-RA","Ahyacinthus07963-RA","Ahya","OG_3731",0,1,0
"Ahyacinthus08134-RA","Ahyacinthus08134-RA","Ahya","OG_979",0,1,1
"Ahyacinthus08391-RA","Ahyacinthus08391-RA","Ahya","OG_3813",1,1,0
"Ahyacinthus08815-RA","Ahyacinthus08815-RA","Ahya","OG_3382",1,1,0
"Ahyacinthus08872-RA","Ahyacinthus08872-RA","Ahya","OG_12404",0,1,1
"Ahyacinthus08874-RA","Ahyacinthus08874-RA","Ahya","OG_12404",0,1,1
"Ahyacinthus08876-RA","Ahyacinthus08876-RA","Ahya","OG_12404",0,1,1
"Ahyacinthus08982-RA","Ahyacinthus08982-RA","Ahya","OG_11637",1,1,0
"Ahyacinthus09196-RA","Ahyacinthus09196-RA","Ahya","OG_11787",0,1,0
"Ahyacinthus09463-RA","Ahyacinthus09463-RA","Ahya","OG_12498",0,1,0
"Ahyacinthus09611-RA","Ahyacinthus09611-RA","Ahya","OG_757",1,1,1
"Ahyacinthus10022-RA","Ahyacinthus10022-RA","Ahya","OG_6340",1,1,1
"Ahyacinthus10150-RA","Ahyacinthus10150-RA","Ahya","OG_11311",0,1,0
"Ahyacinthus10440-RA","Ahyacinthus10440-RA","Ahya","OG_6166",0,1,0
"Ahyacinthus10532-RA","Ahyacinthus10532-RA","Ahya","OG_11421",0,1,0
"Ahyacinthus10779-RA","Ahyacinthus10779-RA","Ahya","OG_11458",0,1,0
"Ahyacinthus11193-RA","Ahyacinthus11193-RA","Ahya","OG_11286",1,1,1
"Ahyacinthus11946-RA","Ahyacinthus11946-RA","Ahya","OG_10927",0,1,0
"Ahyacinthus11995-RA","Ahyacinthus11995-RA","Ahya","OG_5167",1,1,0
"Ahyacinthus12328-RA","Ahyacinthus12328-RA","Ahya","OG_1508",0,1,0
"Ahyacinthus12480-RA","Ahyacinthus12480-RA","Ahya","OG_233",1,1,1
"Ahyacinthus13116-RA","Ahyacinthus13116-RA","Ahya","OG_6574",1,1,0
"Ahyacinthus13809-RA","Ahyacinthus13809-RA","Ahya","OG_8803",0,1,0
"Ahyacinthus14521-RA","Ahyacinthus14521-RA","Ahya","OG_8853",0,1,0
"Ahyacinthus15217-RA","Ahyacinthus15217-RA","Ahya","OG_11968",0,1,0
"Ahyacinthus15227-RA","Ahyacinthus15227-RA","Ahya","OG_1156",1,1,0
"Ahyacinthus16129-RA","Ahyacinthus16129-RA","Ahya","OG_6365",0,1,0
"Ahyacinthus16260-RA","Ahyacinthus16260-RA","Ahya","OG_10613",0,1,0
"Ahyacinthus16376-RA","Ahyacinthus16376-RA","Ahya","OG_1722",0,1,0
"Ahyacinthus16828-RA","Ahyacinthus16828-RA","Ahya","OG_1120",0,1,1
"Ahyacinthus16883-RA","Ahyacinthus16883-RA","Ahya","OG_7593",0,1,0
"Ahyacinthus17139-RA","Ahyacinthus17139-RA","Ahya","OG_7559",0,1,0
"Ahyacinthus17171-RA","Ahyacinthus17171-RA","Ahya","OG_2166",0,1,0
"Ahyacinthus17520-RA","Ahyacinthus17520-RA","Ahya","OG_2218",0,1,0
"Ahyacinthus18307-RA","Ahyacinthus18307-RA","Ahya","OG_8409",0,1,0
"Ahyacinthus18561-RA","Ahyacinthus18561-RA","Ahya","OG_8345",0,1,0
"Ahyacinthus18574-RA","Ahyacinthus18574-RA","Ahya","OG_8452",0,1,1
"Ahyacinthus18972-RA","Ahyacinthus18972-RA","Ahya","OG_566",1,1,0
"Ahyacinthus19146-RA","Ahyacinthus19146-RA","Ahya","OG_8314",0,1,0
"Ahyacinthus19998-RA","Ahyacinthus19998-RA","Ahya","OG_8222",0,1,0
"Ahyacinthus20009-RA","Ahyacinthus20009-RA","Ahya","OG_8447",0,1,0
"Ahyacinthus20186-RA","Ahyacinthus20186-RA","Ahya","OG_541",1,1,1
"Ahyacinthus21403-RA","Ahyacinthus21403-RA","Ahya","OG_10441",0,1,1
"Ahyacinthus22002-RA","Ahyacinthus22002-RA","Ahya","OG_1281",1,1,1
"Ahyacinthus22105-RA","Ahyacinthus22105-RA","Ahya","OG_12639",0,1,0
"Ahyacinthus22110-RA","Ahyacinthus22110-RA","Ahya","OG_358",1,1,1
"Ahyacinthus22479-RA","Ahyacinthus22479-RA","Ahya","OG_1289",0,1,0
"Ahyacinthus22699-RA","Ahyacinthus22699-RA","Ahya","OG_9590",0,1,1
"Ahyacinthus23313-RA","Ahyacinthus23313-RA","Ahya","OG_7072",1,1,1
"Ahyacinthus23509-RA","Ahyacinthus23509-RA","Ahya","OG_6411",0,1,0
"Ahyacinthus23917-RA","Ahyacinthus23917-RA","Ahya","OG_1074",0,1,0
"Ahyacinthus23955-RA","Ahyacinthus23955-RA","Ahya","OG_757",1,1,1
"Ahyacinthus24548-RA","Ahyacinthus24548-RA","Ahya","OG_5081",1,1,0
"Ahyacinthus24580-RA","Ahyacinthus24580-RA","Ahya","OG_5081",1,1,0
"Ahyacinthus24914-RA","Ahyacinthus24914-RA","Ahya","OG_5081",1,1,0
"Ahyacinthus24962-RA","Ahyacinthus24962-RA","Ahya","OG_891",0,1,0
"Ahyacinthus25346-RA","Ahyacinthus25346-RA","Ahya","OG_818",1,1,1
"Ahyacinthus25579-RA","Ahyacinthus25579-RA","Ahya","OG_369",1,1,1
"Ahyacinthus25580-RA","Ahyacinthus25580-RA","Ahya","OG_11650",0,1,1
"Ahyacinthus25729-RA","Ahyacinthus25729-RA","Ahya","OG_5081",1,1,0
"Ahyacinthus25972-RA","Ahyacinthus25972-RA","Ahya","OG_369",1,1,1
"Ahyacinthus26495-RA","Ahyacinthus26495-RA","Ahya","OG_5102",0,1,0
"Ahyacinthus26502-RA","Ahyacinthus26502-RA","Ahya","OG_891",0,1,0
"Ahyacinthus00509-RA","Ahyacinthus00509-RA","Ahya","OG_315",0,1,0
"Ahyacinthus02908-RA","Ahyacinthus02908-RA","Ahya","OG_278",1,1,0
"Ahyacinthus03118-RA","Ahyacinthus03118-RA","Ahya","OG_10465",0,1,0
"Ahyacinthus03291-RA","Ahyacinthus03291-RA","Ahya","OG_1357",0,1,0
"Ahyacinthus03688-RA","Ahyacinthus03688-RA","Ahya","OG_1033",1,1,1
"Ahyacinthus03987-RA","Ahyacinthus03987-RA","Ahya","OG_814",1,1,1
"Ahyacinthus04009-RA","Ahyacinthus04009-RA","Ahya","OG_814",1,1,1
"Ahyacinthus04013-RA","Ahyacinthus04013-RA","Ahya","OG_814",1,1,1
"Ahyacinthus04016-RA","Ahyacinthus04016-RA","Ahya","OG_814",1,1,1
"Ahyacinthus04018-RA","Ahyacinthus04018-RA","Ahya","OG_814",1,1,1
"Ahyacinthus04293-RA","Ahyacinthus04293-RA","Ahya","OG_10256",0,1,0
"Ahyacinthus05090-RA","Ahyacinthus05090-RA","Ahya","OG_4598",1,1,0
"Ahyacinthus06747-RA","Ahyacinthus06747-RA","Ahya","OG_9950",0,1,0
"Ahyacinthus07808-RA","Ahyacinthus07808-RA","Ahya","OG_7193",0,1,0
"Ahyacinthus07814-RA","Ahyacinthus07814-RA","Ahya","OG_7232",0,1,0
"Ahyacinthus08751-RA","Ahyacinthus08751-RA","Ahya","OG_1327",1,1,0
"Ahyacinthus09001-RA","Ahyacinthus09001-RA","Ahya","OG_10604",0,1,0
"Ahyacinthus09083-RA","Ahyacinthus09083-RA","Ahya","OG_6477",1,1,0
"Ahyacinthus09433-RA","Ahyacinthus09433-RA","Ahya","OG_3479",0,1,0
"Ahyacinthus10069-RA","Ahyacinthus10069-RA","Ahya","OG_3532",0,1,1
"Ahyacinthus10172-RA","Ahyacinthus10172-RA","Ahya","OG_3557",0,1,0
"Ahyacinthus10711-RA","Ahyacinthus10711-RA","Ahya","OG_11599",0,1,0
"Ahyacinthus11231-RA","Ahyacinthus11231-RA","Ahya","OG_11048",1,1,0
"Ahyacinthus12079-RA","Ahyacinthus12079-RA","Ahya","OG_1979",0,1,0
"Ahyacinthus12181-RA","Ahyacinthus12181-RA","Ahya","OG_1999",0,1,0
"Ahyacinthus12244-RA","Ahyacinthus12244-RA","Ahya","OG_11088",0,1,0
"Ahyacinthus13121-RA","Ahyacinthus13121-RA","Ahya","OG_3853",0,1,0
"Ahyacinthus13626-RA","Ahyacinthus13626-RA","Ahya","OG_148",1,1,1
"Ahyacinthus13628-RA","Ahyacinthus13628-RA","Ahya","OG_148",1,1,1
"Ahyacinthus14034-RA","Ahyacinthus14034-RA","Ahya","OG_8794",1,1,0
"Ahyacinthus15265-RA","Ahyacinthus15265-RA","Ahya","OG_12290",0,1,0
"Ahyacinthus15763-RA","Ahyacinthus15763-RA","Ahya","OG_12279",0,1,0
"Ahyacinthus16071-RA","Ahyacinthus16071-RA","Ahya","OG_838",0,1,1
"Ahyacinthus16149-RA","Ahyacinthus16149-RA","Ahya","OG_6356",0,1,0
"Ahyacinthus16668-RA","Ahyacinthus16668-RA","Ahya","OG_587",1,1,0
"Ahyacinthus17725-RA","Ahyacinthus17725-RA","Ahya","OG_220",0,1,0
"Ahyacinthus18368-RA","Ahyacinthus18368-RA","Ahya","OG_3069",0,1,1
"Ahyacinthus18379-RA","Ahyacinthus18379-RA","Ahya","OG_6049",0,1,0
"Ahyacinthus19766-RA","Ahyacinthus19766-RA","Ahya","OG_8547",0,1,0
"Ahyacinthus20014-RA","Ahyacinthus20014-RA","Ahya","OG_3344",0,1,0
"Ahyacinthus20680-RA","Ahyacinthus20680-RA","Ahya","OG_12708",0,1,0
"Ahyacinthus20849-RA","Ahyacinthus20849-RA","Ahya","OG_10641",0,1,0
"Ahyacinthus24088-RA","Ahyacinthus24088-RA","Ahya","OG_7121",0,1,0
"Ahyacinthus24510-RA","Ahyacinthus24510-RA","Ahya","OG_6975",0,1,0
"Ahyacinthus25598-RA","Ahyacinthus25598-RA","Ahya","OG_5165",0,1,0
"Ahyacinthus25720-RA","Ahyacinthus25720-RA","Ahya","OG_5165",0,1,0
"Ahyacinthus26145-RA","Ahyacinthus26145-RA","Ahya","OG_568",0,1,0
"Ahyacinthus26308-RA","Ahyacinthus26308-RA","Ahya","OG_834",0,1,0
"Ahyacinthus00157-RA","Ahyacinthus00157-RA","Ahya","OG_346",0,1,1
"Ahyacinthus00686-RA","Ahyacinthus00686-RA","Ahya","OG_369",1,1,1
"Ahyacinthus02207-RA","Ahyacinthus02207-RA","Ahya","OG_2427",1,1,0
"Ahyacinthus02378-RA","Ahyacinthus02378-RA","Ahya","OG_7849",0,1,0
"Ahyacinthus02960-RA","Ahyacinthus02960-RA","Ahya","OG_7688",1,1,0
"Ahyacinthus03955-RA","Ahyacinthus03955-RA","Ahya","OG_4423",0,1,0
"Ahyacinthus04823-RA","Ahyacinthus04823-RA","Ahya","OG_521",1,1,1
"Ahyacinthus04827-RA","Ahyacinthus04827-RA","Ahya","OG_521",1,1,1
"Ahyacinthus05411-RA","Ahyacinthus05411-RA","Ahya","OG_9716",1,1,0
"Ahyacinthus05604-RA","Ahyacinthus05604-RA","Ahya","OG_9899",0,1,1
"Ahyacinthus06347-RA","Ahyacinthus06347-RA","Ahya","OG_1474",0,1,0
"Ahyacinthus06790-RA","Ahyacinthus06790-RA","Ahya","OG_5994",0,1,0
"Ahyacinthus06858-RA","Ahyacinthus06858-RA","Ahya","OG_9708",0,1,1
"Ahyacinthus07362-RA","Ahyacinthus07362-RA","Ahya","OG_11150",0,1,0
"Ahyacinthus07425-RA","Ahyacinthus07425-RA","Ahya","OG_367",0,1,1
"Ahyacinthus07529-RA","Ahyacinthus07529-RA","Ahya","OG_369",1,1,1
"Ahyacinthus07609-RA","Ahyacinthus07609-RA","Ahya","OG_867",0,1,0
"Ahyacinthus07933-RA","Ahyacinthus07933-RA","Ahya","OG_3728",0,1,0
"Ahyacinthus08283-RA","Ahyacinthus08283-RA","Ahya","OG_6462",0,1,1
"Ahyacinthus08299-RA","Ahyacinthus08299-RA","Ahya","OG_7266",0,1,0
"Ahyacinthus08302-RA","Ahyacinthus08302-RA","Ahya","OG_7266",0,1,0
"Ahyacinthus08748-RA","Ahyacinthus08748-RA","Ahya","OG_674",0,1,0
"Ahyacinthus08831-RA","Ahyacinthus08831-RA","Ahya","OG_3385",0,1,1
"Ahyacinthus08965-RA","Ahyacinthus08965-RA","Ahya","OG_3409",1,1,0
"Ahyacinthus09207-RA","Ahyacinthus09207-RA","Ahya","OG_3455",0,1,1
"Ahyacinthus09452-RA","Ahyacinthus09452-RA","Ahya","OG_10559",1,1,1
"Ahyacinthus09919-RA","Ahyacinthus09919-RA","Ahya","OG_3516",0,1,0
"Ahyacinthus10123-RA","Ahyacinthus10123-RA","Ahya","OG_11640",0,1,1
"Ahyacinthus10219-RA","Ahyacinthus10219-RA","Ahya","OG_1056",1,1,1
"Ahyacinthus10833-RA","Ahyacinthus10833-RA","Ahya","OG_3679",0,1,0
"Ahyacinthus11151-RA","Ahyacinthus11151-RA","Ahya","OG_6563",1,1,0
"Ahyacinthus11191-RA","Ahyacinthus11191-RA","Ahya","OG_1844",0,1,0
"Ahyacinthus11936-RA","Ahyacinthus11936-RA","Ahya","OG_176",1,1,1
"Ahyacinthus12194-RA","Ahyacinthus12194-RA","Ahya","OG_2002",0,1,0
"Ahyacinthus12203-RA","Ahyacinthus12203-RA","Ahya","OG_2005",1,1,0
"Ahyacinthus12222-RA","Ahyacinthus12222-RA","Ahya","OG_10815",0,1,0
"Ahyacinthus12353-RA","Ahyacinthus12353-RA","Ahya","OG_11107",1,1,0
"Ahyacinthus12565-RA","Ahyacinthus12565-RA","Ahya","OG_5371",0,1,0
"Ahyacinthus12691-RA","Ahyacinthus12691-RA","Ahya","OG_10988",0,1,0
"Ahyacinthus12773-RA","Ahyacinthus12773-RA","Ahya","OG_10942",0,1,0
"Ahyacinthus13744-RA","Ahyacinthus13744-RA","Ahya","OG_470",1,1,0
"Ahyacinthus14901-RA","Ahyacinthus14901-RA","Ahya","OG_12005",0,1,0
"Ahyacinthus15150-RA","Ahyacinthus15150-RA","Ahya","OG_81",0,1,0
"Ahyacinthus15284-RA","Ahyacinthus15284-RA","Ahya","OG_12170",0,1,0
"Ahyacinthus15465-RA","Ahyacinthus15465-RA","Ahya","OG_710",0,1,0
"Ahyacinthus16148-RA","Ahyacinthus16148-RA","Ahya","OG_1342",0,1,0
"Ahyacinthus16243-RA","Ahyacinthus16243-RA","Ahya","OG_10844",1,1,0
"Ahyacinthus16369-RA","Ahyacinthus16369-RA","Ahya","OG_12103",1,1,0
"Ahyacinthus16821-RA","Ahyacinthus16821-RA","Ahya","OG_867",0,1,0
"Ahyacinthus17408-RA","Ahyacinthus17408-RA","Ahya","OG_7385",0,1,0
"Ahyacinthus17415-RA","Ahyacinthus17415-RA","Ahya","OG_5105",0,1,0
"Ahyacinthus17737-RA","Ahyacinthus17737-RA","Ahya","OG_7542",0,1,1
"Ahyacinthus18335-RA","Ahyacinthus18335-RA","Ahya","OG_8543",0,1,0
"Ahyacinthus18381-RA","Ahyacinthus18381-RA","Ahya","OG_7402",1,1,0
"Ahyacinthus18454-RA","Ahyacinthus18454-RA","Ahya","OG_8523",1,1,0
"Ahyacinthus18472-RA","Ahyacinthus18472-RA","Ahya","OG_8191",1,1,0
"Ahyacinthus18680-RA","Ahyacinthus18680-RA","Ahya","OG_8554",0,1,0
"Ahyacinthus18859-RA","Ahyacinthus18859-RA","Ahya","OG_325",0,1,1
"Ahyacinthus18868-RA","Ahyacinthus18868-RA","Ahya","OG_6892",0,1,1
"Ahyacinthus19519-RA","Ahyacinthus19519-RA","Ahya","OG_3255",0,1,0
"Ahyacinthus19554-RA","Ahyacinthus19554-RA","Ahya","OG_470",1,1,0
"Ahyacinthus20042-RA","Ahyacinthus20042-RA","Ahya","OG_5282",0,1,0
"Ahyacinthus20219-RA","Ahyacinthus20219-RA","Ahya","OG_10679",0,1,0
"Ahyacinthus20402-RA","Ahyacinthus20402-RA","Ahya","OG_10491",1,1,0
"Ahyacinthus20719-RA","Ahyacinthus20719-RA","Ahya","OG_12458",0,1,0
"Ahyacinthus20751-RA","Ahyacinthus20751-RA","Ahya","OG_2878",0,1,0
"Ahyacinthus20807-RA","Ahyacinthus20807-RA","Ahya","OG_5004",0,1,0
"Ahyacinthus22458-RA","Ahyacinthus22458-RA","Ahya","OG_4854",0,1,0
"Ahyacinthus22569-RA","Ahyacinthus22569-RA","Ahya","OG_7378",0,1,0
"Ahyacinthus23233-RA","Ahyacinthus23233-RA","Ahya","OG_7138",0,1,0
"Ahyacinthus23285-RA","Ahyacinthus23285-RA","Ahya","OG_6789",0,1,0
"Ahyacinthus23592-RA","Ahyacinthus23592-RA","Ahya","OG_7101",0,1,0
"Ahyacinthus24133-RA","Ahyacinthus24133-RA","Ahya","OG_6213",0,1,1
"Ahyacinthus24509-RA","Ahyacinthus24509-RA","Ahya","OG_6723",0,1,0
"Ahyacinthus24664-RA","Ahyacinthus24664-RA","Ahya","OG_1168",1,1,0
"Ahyacinthus25341-RA","Ahyacinthus25341-RA","Ahya","OG_11333",0,1,0
"Ahyacinthus25537-RA","Ahyacinthus25537-RA","Ahya","OG_840",1,1,1
"Ahyacinthus25773-RA","Ahyacinthus25773-RA","Ahya","OG_840",1,1,1
"Ahyacinthus26629-RA","Ahyacinthus26629-RA","Ahya","OG_11733",0,1,0
"Ahyacinthus26877-RA","Ahyacinthus26877-RA","Ahya","OG_228",1,1,1
"Ahyacinthus00002-RA","Ahyacinthus00002-RA","Ahya","OG_367",0,1,1
"Ahyacinthus00064-RA","Ahyacinthus00064-RA","Ahya","OG_6215",0,1,0
"Ahyacinthus00135-RA","Ahyacinthus00135-RA","Ahya","OG_4633",0,1,0
"Ahyacinthus00138-RA","Ahyacinthus00138-RA","Ahya","OG_1371",0,1,0
"Ahyacinthus00260-RA","Ahyacinthus00260-RA","Ahya","OG_4653",0,1,0
"Ahyacinthus00383-RA","Ahyacinthus00383-RA","Ahya","OG_4670",0,1,0
"Ahyacinthus00530-RA","Ahyacinthus00530-RA","Ahya","OG_938",1,1,1
"Ahyacinthus00659-RA","Ahyacinthus00659-RA","Ahya","OG_170",1,1,1
"Ahyacinthus01148-RA","Ahyacinthus01148-RA","Ahya","OG_847",1,1,1
"Ahyacinthus01214-RA","Ahyacinthus01214-RA","Ahya","OG_2598",0,1,0
"Ahyacinthus01301-RA","Ahyacinthus01301-RA","Ahya","OG_4730",1,1,0
"Ahyacinthus01434-RA","Ahyacinthus01434-RA","Ahya","OG_4759",0,1,1
"Ahyacinthus02057-RA","Ahyacinthus02057-RA","Ahya","OG_882",1,1,1
"Ahyacinthus02075-RA","Ahyacinthus02075-RA","Ahya","OG_6548",0,1,0
"Ahyacinthus02114-RA","Ahyacinthus02114-RA","Ahya","OG_5380",0,1,1
"Ahyacinthus02166-RA","Ahyacinthus02166-RA","Ahya","OG_1203",0,1,0
"Ahyacinthus02233-RA","Ahyacinthus02233-RA","Ahya","OG_6230",0,1,0
"Ahyacinthus02352-RA","Ahyacinthus02352-RA","Ahya","OG_1413",0,1,0
"Ahyacinthus02647-RA","Ahyacinthus02647-RA","Ahya","OG_2511",0,1,0
"Ahyacinthus02675-RA","Ahyacinthus02675-RA","Ahya","OG_6022",0,1,0
"Ahyacinthus02723-RA","Ahyacinthus02723-RA","Ahya","OG_1120",0,1,1
"Ahyacinthus02953-RA","Ahyacinthus02953-RA","Ahya","OG_12362",0,1,1
"Ahyacinthus02998-RA","Ahyacinthus02998-RA","Ahya","OG_6032",0,1,0
"Ahyacinthus03179-RA","Ahyacinthus03179-RA","Ahya","OG_7379",0,1,0
"Ahyacinthus03180-RA","Ahyacinthus03180-RA","Ahya","OG_7379",0,1,0
"Ahyacinthus03239-RA","Ahyacinthus03239-RA","Ahya","OG_737",0,1,1
"Ahyacinthus03283-RA","Ahyacinthus03283-RA","Ahya","OG_757",1,1,1
"Ahyacinthus03284-RA","Ahyacinthus03284-RA","Ahya","OG_1115",0,1,1
"Ahyacinthus03341-RA","Ahyacinthus03341-RA","Ahya","OG_7379",0,1,0
"Ahyacinthus03590-RA","Ahyacinthus03590-RA","Ahya","OG_4363",0,1,0
"Ahyacinthus03612-RA","Ahyacinthus03612-RA","Ahya","OG_941",0,1,0
"Ahyacinthus03613-RA","Ahyacinthus03613-RA","Ahya","OG_941",0,1,0
"Ahyacinthus03626-RA","Ahyacinthus03626-RA","Ahya","OG_1565",0,1,0
"Ahyacinthus03630-RA","Ahyacinthus03630-RA","Ahya","OG_1181",0,1,0
"Ahyacinthus03690-RA","Ahyacinthus03690-RA","Ahya","OG_1311",0,1,1
"Ahyacinthus04056-RA","Ahyacinthus04056-RA","Ahya","OG_10171",0,1,0
"Ahyacinthus04143-RA","Ahyacinthus04143-RA","Ahya","OG_12670",0,1,0
"Ahyacinthus04146-RA","Ahyacinthus04146-RA","Ahya","OG_10151",1,1,0
"Ahyacinthus04158-RA","Ahyacinthus04158-RA","Ahya","OG_348",0,1,0
"Ahyacinthus04282-RA","Ahyacinthus04282-RA","Ahya","OG_10077",0,1,0
"Ahyacinthus04332-RA","Ahyacinthus04332-RA","Ahya","OG_12604",0,1,0
"Ahyacinthus04493-RA","Ahyacinthus04493-RA","Ahya","OG_1559",1,1,0
"Ahyacinthus04586-RA","Ahyacinthus04586-RA","Ahya","OG_1476",0,1,0
"Ahyacinthus04677-RA","Ahyacinthus04677-RA","Ahya","OG_4513",0,1,0
"Ahyacinthus04684-RA","Ahyacinthus04684-RA","Ahya","OG_10084",0,1,0
"Ahyacinthus04737-RA","Ahyacinthus04737-RA","Ahya","OG_4524",1,1,0
"Ahyacinthus04990-RA","Ahyacinthus04990-RA","Ahya","OG_4566",0,1,0
"Ahyacinthus05091-RA","Ahyacinthus05091-RA","Ahya","OG_10268",0,1,0
"Ahyacinthus05178-RA","Ahyacinthus05178-RA","Ahya","OG_7200",0,1,0
"Ahyacinthus05823-RA","Ahyacinthus05823-RA","Ahya","OG_1115",0,1,1
"Ahyacinthus06069-RA","Ahyacinthus06069-RA","Ahya","OG_1098",0,1,1
"Ahyacinthus06277-RA","Ahyacinthus06277-RA","Ahya","OG_314",0,1,0
"Ahyacinthus06445-RA","Ahyacinthus06445-RA","Ahya","OG_938",1,1,1
"Ahyacinthus06508-RA","Ahyacinthus06508-RA","Ahya","OG_9837",0,1,0
"Ahyacinthus06792-RA","Ahyacinthus06792-RA","Ahya","OG_1120",0,1,1
"Ahyacinthus06801-RA","Ahyacinthus06801-RA","Ahya","OG_4297",0,1,0
"Ahyacinthus06859-RA","Ahyacinthus06859-RA","Ahya","OG_1041",0,1,0
"Ahyacinthus07051-RA","Ahyacinthus07051-RA","Ahya","OG_840",1,1,1
"Ahyacinthus07118-RA","Ahyacinthus07118-RA","Ahya","OG_6012",0,1,0
"Ahyacinthus07243-RA","Ahyacinthus07243-RA","Ahya","OG_7324",0,1,1
"Ahyacinthus07315-RA","Ahyacinthus07315-RA","Ahya","OG_416",0,1,1
"Ahyacinthus07717-RA","Ahyacinthus07717-RA","Ahya","OG_5095",0,1,1
"Ahyacinthus07950-RA","Ahyacinthus07950-RA","Ahya","OG_5389",0,1,0
"Ahyacinthus08013-RA","Ahyacinthus08013-RA","Ahya","OG_925",0,1,0
"Ahyacinthus08200-RA","Ahyacinthus08200-RA","Ahya","OG_12541",1,1,0
"Ahyacinthus08247-RA","Ahyacinthus08247-RA","Ahya","OG_7179",0,1,1
"Ahyacinthus08333-RA","Ahyacinthus08333-RA","Ahya","OG_3802",0,1,0
"Ahyacinthus08336-RA","Ahyacinthus08336-RA","Ahya","OG_3803",0,1,0
"Ahyacinthus08344-RA","Ahyacinthus08344-RA","Ahya","OG_3806",0,1,0
"Ahyacinthus08639-RA","Ahyacinthus08639-RA","Ahya","OG_11416",1,1,0
"Ahyacinthus09023-RA","Ahyacinthus09023-RA","Ahya","OG_11401",0,1,0
"Ahyacinthus09258-RA","Ahyacinthus09258-RA","Ahya","OG_11413",1,1,0
"Ahyacinthus09262-RA","Ahyacinthus09262-RA","Ahya","OG_11413",1,1,0
"Ahyacinthus09388-RA","Ahyacinthus09388-RA","Ahya","OG_3473",0,1,0
"Ahyacinthus09516-RA","Ahyacinthus09516-RA","Ahya","OG_3485",0,1,0
"Ahyacinthus09752-RA","Ahyacinthus09752-RA","Ahya","OG_6176",0,1,0
"Ahyacinthus10217-RA","Ahyacinthus10217-RA","Ahya","OG_1120",0,1,1
"Ahyacinthus10273-RA","Ahyacinthus10273-RA","Ahya","OG_3579",0,1,1
"Ahyacinthus10447-RA","Ahyacinthus10447-RA","Ahya","OG_3615",0,1,0
"Ahyacinthus10526-RA","Ahyacinthus10526-RA","Ahya","OG_11316",0,1,0
"Ahyacinthus10546-RA","Ahyacinthus10546-RA","Ahya","OG_1033",1,1,1
"Ahyacinthus10551-RA","Ahyacinthus10551-RA","Ahya","OG_11579",1,1,1
"Ahyacinthus10585-RA","Ahyacinthus10585-RA","Ahya","OG_11756",1,1,0
"Ahyacinthus10735-RA","Ahyacinthus10735-RA","Ahya","OG_1120",0,1,1
"Ahyacinthus10864-RA","Ahyacinthus10864-RA","Ahya","OG_11526",0,1,1
"Ahyacinthus10988-RA","Ahyacinthus10988-RA","Ahya","OG_594",1,1,1
"Ahyacinthus11031-RA","Ahyacinthus11031-RA","Ahya","OG_10827",1,1,0
"Ahyacinthus11183-RA","Ahyacinthus11183-RA","Ahya","OG_10893",0,1,0
"Ahyacinthus11230-RA","Ahyacinthus11230-RA","Ahya","OG_11047",1,1,0
"Ahyacinthus11303-RA","Ahyacinthus11303-RA","Ahya","OG_1866",0,1,0
"Ahyacinthus11414-RA","Ahyacinthus11414-RA","Ahya","OG_11200",0,1,1
"Ahyacinthus11703-RA","Ahyacinthus11703-RA","Ahya","OG_977",1,1,1
"Ahyacinthus11816-RA","Ahyacinthus11816-RA","Ahya","OG_615",1,1,1
"Ahyacinthus11823-RA","Ahyacinthus11823-RA","Ahya","OG_853",1,1,1
"Ahyacinthus11906-RA","Ahyacinthus11906-RA","Ahya","OG_897",0,1,0
"Ahyacinthus12539-RA","Ahyacinthus12539-RA","Ahya","OG_10777",0,1,0
"Ahyacinthus12550-RA","Ahyacinthus12550-RA","Ahya","OG_2061",0,1,0
"Ahyacinthus12614-RA","Ahyacinthus12614-RA","Ahya","OG_5258",0,1,0
"Ahyacinthus12617-RA","Ahyacinthus12617-RA","Ahya","OG_10758",1,1,0
"Ahyacinthus12682-RA","Ahyacinthus12682-RA","Ahya","OG_2090",0,1,0
"Ahyacinthus12709-RA","Ahyacinthus12709-RA","Ahya","OG_2096",0,1,0
"Ahyacinthus12841-RA","Ahyacinthus12841-RA","Ahya","OG_11266",1,1,1
"Ahyacinthus12896-RA","Ahyacinthus12896-RA","Ahya","OG_11227",0,1,0
"Ahyacinthus12914-RA","Ahyacinthus12914-RA","Ahya","OG_6323",0,1,1
"Ahyacinthus12942-RA","Ahyacinthus12942-RA","Ahya","OG_615",1,1,1
"Ahyacinthus13341-RA","Ahyacinthus13341-RA","Ahya","OG_9009",0,1,0
"Ahyacinthus13435-RA","Ahyacinthus13435-RA","Ahya","OG_3909",1,1,0
"Ahyacinthus13479-RA","Ahyacinthus13479-RA","Ahya","OG_5082",0,1,0
"Ahyacinthus13508-RA","Ahyacinthus13508-RA","Ahya","OG_3913",0,1,1
"Ahyacinthus13584-RA","Ahyacinthus13584-RA","Ahya","OG_509",1,1,1
"Ahyacinthus13815-RA","Ahyacinthus13815-RA","Ahya","OG_6644",0,1,0
"Ahyacinthus13967-RA","Ahyacinthus13967-RA","Ahya","OG_408",1,1,1
"Ahyacinthus14101-RA","Ahyacinthus14101-RA","Ahya","OG_1338",1,1,1
"Ahyacinthus14205-RA","Ahyacinthus14205-RA","Ahya","OG_897",0,1,0
"Ahyacinthus14661-RA","Ahyacinthus14661-RA","Ahya","OG_12743",0,1,0
"Ahyacinthus14770-RA","Ahyacinthus14770-RA","Ahya","OG_8896",0,1,0
"Ahyacinthus14919-RA","Ahyacinthus14919-RA","Ahya","OG_12061",0,1,0
"Ahyacinthus15076-RA","Ahyacinthus15076-RA","Ahya","OG_63",0,1,0
"Ahyacinthus15086-RA","Ahyacinthus15086-RA","Ahya","OG_176",1,1,1
"Ahyacinthus15146-RA","Ahyacinthus15146-RA","Ahya","OG_1120",0,1,1
"Ahyacinthus15394-RA","Ahyacinthus15394-RA","Ahya","OG_118",0,1,0
"Ahyacinthus15411-RA","Ahyacinthus15411-RA","Ahya","OG_378",0,1,1
"Ahyacinthus15885-RA","Ahyacinthus15885-RA","Ahya","OG_6182",0,1,0
"Ahyacinthus15948-RA","Ahyacinthus15948-RA","Ahya","OG_1172",0,1,0
"Ahyacinthus15970-RA","Ahyacinthus15970-RA","Ahya","OG_1667",0,1,0
"Ahyacinthus16105-RA","Ahyacinthus16105-RA","Ahya","OG_1686",0,1,0
"Ahyacinthus16143-RA","Ahyacinthus16143-RA","Ahya","OG_11929",0,1,0
"Ahyacinthus16238-RA","Ahyacinthus16238-RA","Ahya","OG_12072",0,1,0
"Ahyacinthus16274-RA","Ahyacinthus16274-RA","Ahya","OG_1710",0,1,0
"Ahyacinthus16318-RA","Ahyacinthus16318-RA","Ahya","OG_12042",0,1,0
"Ahyacinthus16330-RA","Ahyacinthus16330-RA","Ahya","OG_683",1,1,1
"Ahyacinthus16335-RA","Ahyacinthus16335-RA","Ahya","OG_1013",0,1,0
"Ahyacinthus16976-RA","Ahyacinthus16976-RA","Ahya","OG_802",0,1,0
"Ahyacinthus16999-RA","Ahyacinthus16999-RA","Ahya","OG_503",1,1,0
"Ahyacinthus17138-RA","Ahyacinthus17138-RA","Ahya","OG_6515",1,1,1
"Ahyacinthus17284-RA","Ahyacinthus17284-RA","Ahya","OG_2182",0,1,0
"Ahyacinthus17293-RA","Ahyacinthus17293-RA","Ahya","OG_6489",0,1,0
"Ahyacinthus17495-RA","Ahyacinthus17495-RA","Ahya","OG_7486",0,1,0
"Ahyacinthus17673-RA","Ahyacinthus17673-RA","Ahya","OG_7671",0,1,0
"Ahyacinthus17702-RA","Ahyacinthus17702-RA","Ahya","OG_818",1,1,1
"Ahyacinthus17827-RA","Ahyacinthus17827-RA","Ahya","OG_6491",0,1,0
"Ahyacinthus17844-RA","Ahyacinthus17844-RA","Ahya","OG_2278",0,1,0
"Ahyacinthus18263-RA","Ahyacinthus18263-RA","Ahya","OG_3041",0,1,0
"Ahyacinthus18431-RA","Ahyacinthus18431-RA","Ahya","OG_3083",0,1,0
"Ahyacinthus18494-RA","Ahyacinthus18494-RA","Ahya","OG_8539",1,1,0
"Ahyacinthus18543-RA","Ahyacinthus18543-RA","Ahya","OG_1420",0,1,0
"Ahyacinthus18692-RA","Ahyacinthus18692-RA","Ahya","OG_8231",0,1,0
"Ahyacinthus18695-RA","Ahyacinthus18695-RA","Ahya","OG_8521",0,1,0
"Ahyacinthus18740-RA","Ahyacinthus18740-RA","Ahya","OG_3142",0,1,0
"Ahyacinthus19005-RA","Ahyacinthus19005-RA","Ahya","OG_7720",0,1,0
"Ahyacinthus19047-RA","Ahyacinthus19047-RA","Ahya","OG_802",0,1,0
"Ahyacinthus19339-RA","Ahyacinthus19339-RA","Ahya","OG_1098",0,1,1
"Ahyacinthus19509-RA","Ahyacinthus19509-RA","Ahya","OG_8322",0,1,0
"Ahyacinthus19540-RA","Ahyacinthus19540-RA","Ahya","OG_1041",0,1,0
"Ahyacinthus19833-RA","Ahyacinthus19833-RA","Ahya","OG_441",1,1,1
"Ahyacinthus20076-RA","Ahyacinthus20076-RA","Ahya","OG_659",1,1,1
"Ahyacinthus20111-RA","Ahyacinthus20111-RA","Ahya","OG_858",0,1,0
"Ahyacinthus20178-RA","Ahyacinthus20178-RA","Ahya","OG_1076",1,1,1
"Ahyacinthus20252-RA","Ahyacinthus20252-RA","Ahya","OG_1076",1,1,1
"Ahyacinthus20260-RA","Ahyacinthus20260-RA","Ahya","OG_1076",1,1,1
"Ahyacinthus20325-RA","Ahyacinthus20325-RA","Ahya","OG_4408",0,1,0
"Ahyacinthus20912-RA","Ahyacinthus20912-RA","Ahya","OG_2907",1,1,0
"Ahyacinthus20976-RA","Ahyacinthus20976-RA","Ahya","OG_10568",0,1,1
"Ahyacinthus21136-RA","Ahyacinthus21136-RA","Ahya","OG_10589",0,1,0
"Ahyacinthus21184-RA","Ahyacinthus21184-RA","Ahya","OG_2959",0,1,0
"Ahyacinthus21206-RA","Ahyacinthus21206-RA","Ahya","OG_10652",0,1,0
"Ahyacinthus21211-RA","Ahyacinthus21211-RA","Ahya","OG_10652",0,1,0
"Ahyacinthus21214-RA","Ahyacinthus21214-RA","Ahya","OG_10652",0,1,0
"Ahyacinthus21290-RA","Ahyacinthus21290-RA","Ahya","OG_12456",0,1,0
"Ahyacinthus21441-RA","Ahyacinthus21441-RA","Ahya","OG_5071",0,1,0
"Ahyacinthus21451-RA","Ahyacinthus21451-RA","Ahya","OG_3011",0,1,0
"Ahyacinthus21619-RA","Ahyacinthus21619-RA","Ahya","OG_333",1,1,0
"Ahyacinthus21645-RA","Ahyacinthus21645-RA","Ahya","OG_12347",0,1,0
"Ahyacinthus21721-RA","Ahyacinthus21721-RA","Ahya","OG_5124",0,1,0
"Ahyacinthus21737-RA","Ahyacinthus21737-RA","Ahya","OG_929",0,1,0
"Ahyacinthus21964-RA","Ahyacinthus21964-RA","Ahya","OG_1071",0,1,0
"Ahyacinthus21968-RA","Ahyacinthus21968-RA","Ahya","OG_270",1,1,1
"Ahyacinthus22192-RA","Ahyacinthus22192-RA","Ahya","OG_12610",0,1,0
"Ahyacinthus22314-RA","Ahyacinthus22314-RA","Ahya","OG_358",1,1,1
"Ahyacinthus22450-RA","Ahyacinthus22450-RA","Ahya","OG_9413",0,1,0
"Ahyacinthus22607-RA","Ahyacinthus22607-RA","Ahya","OG_9437",0,1,0
"Ahyacinthus22672-RA","Ahyacinthus22672-RA","Ahya","OG_4895",0,1,0
"Ahyacinthus22695-RA","Ahyacinthus22695-RA","Ahya","OG_9370",0,1,0
"Ahyacinthus22972-RA","Ahyacinthus22972-RA","Ahya","OG_902",0,1,1
"Ahyacinthus22993-RA","Ahyacinthus22993-RA","Ahya","OG_902",0,1,1
"Ahyacinthus23190-RA","Ahyacinthus23190-RA","Ahya","OG_2630",0,1,0
"Ahyacinthus23303-RA","Ahyacinthus23303-RA","Ahya","OG_7045",0,1,1
"Ahyacinthus23413-RA","Ahyacinthus23413-RA","Ahya","OG_7131",0,1,0
"Ahyacinthus23459-RA","Ahyacinthus23459-RA","Ahya","OG_7120",0,1,0
"Ahyacinthus23474-RA","Ahyacinthus23474-RA","Ahya","OG_6943",0,1,0
"Ahyacinthus23726-RA","Ahyacinthus23726-RA","Ahya","OG_1229",0,1,0
"Ahyacinthus23744-RA","Ahyacinthus23744-RA","Ahya","OG_804",0,1,0
"Ahyacinthus24005-RA","Ahyacinthus24005-RA","Ahya","OG_802",0,1,0
"Ahyacinthus24058-RA","Ahyacinthus24058-RA","Ahya","OG_8897",0,1,1
"Ahyacinthus24102-RA","Ahyacinthus24102-RA","Ahya","OG_813",1,1,0
"Ahyacinthus24196-RA","Ahyacinthus24196-RA","Ahya","OG_4171",0,1,0
"Ahyacinthus24362-RA","Ahyacinthus24362-RA","Ahya","OG_6419",0,1,0
"Ahyacinthus24568-RA","Ahyacinthus24568-RA","Ahya","OG_1346",0,1,0
"Ahyacinthus24607-RA","Ahyacinthus24607-RA","Ahya","OG_5124",0,1,0
"Ahyacinthus24640-RA","Ahyacinthus24640-RA","Ahya","OG_901",0,1,1
"Ahyacinthus24750-RA","Ahyacinthus24750-RA","Ahya","OG_314",0,1,0
"Ahyacinthus24767-RA","Ahyacinthus24767-RA","Ahya","OG_871",1,1,0
"Ahyacinthus24859-RA","Ahyacinthus24859-RA","Ahya","OG_358",1,1,1
"Ahyacinthus24867-RA","Ahyacinthus24867-RA","Ahya","OG_424",0,1,1
"Ahyacinthus25200-RA","Ahyacinthus25200-RA","Ahya","OG_288",1,1,1
"Ahyacinthus25269-RA","Ahyacinthus25269-RA","Ahya","OG_5087",0,1,0
"Ahyacinthus25457-RA","Ahyacinthus25457-RA","Ahya","OG_224",0,1,1
"Ahyacinthus25531-RA","Ahyacinthus25531-RA","Ahya","OG_127",1,1,0
"Ahyacinthus25566-RA","Ahyacinthus25566-RA","Ahya","OG_270",1,1,1
"Ahyacinthus25596-RA","Ahyacinthus25596-RA","Ahya","OG_369",1,1,1
"Ahyacinthus25711-RA","Ahyacinthus25711-RA","Ahya","OG_1346",0,1,0
"Ahyacinthus25713-RA","Ahyacinthus25713-RA","Ahya","OG_897",0,1,0
"Ahyacinthus25741-RA","Ahyacinthus25741-RA","Ahya","OG_802",0,1,0
"Ahyacinthus25760-RA","Ahyacinthus25760-RA","Ahya","OG_257",1,1,1
"Ahyacinthus25838-RA","Ahyacinthus25838-RA","Ahya","OG_224",0,1,1
"Ahyacinthus25882-RA","Ahyacinthus25882-RA","Ahya","OG_288",1,1,1
"Ahyacinthus25915-RA","Ahyacinthus25915-RA","Ahya","OG_1098",0,1,1
"Ahyacinthus26018-RA","Ahyacinthus26018-RA","Ahya","OG_416",0,1,1
"Ahyacinthus26319-RA","Ahyacinthus26319-RA","Ahya","OG_5082",0,1,0
"Ahyacinthus26421-RA","Ahyacinthus26421-RA","Ahya","OG_7023",0,1,0
"Ahyacinthus26638-RA","Ahyacinthus26638-RA","Ahya","OG_8897",0,1,1
"Ahyacinthus26805-RA","Ahyacinthus26805-RA","Ahya","OG_288",1,1,1
"Ahyacinthus26878-RA","Ahyacinthus26878-RA","Ahya","OG_6406",0,1,0
"Ahyacinthus26888-RA","Ahyacinthus26888-RA","Ahya","OG_224",0,1,1
"Ahyacinthus27022-RA","Ahyacinthus27022-RA","Ahya","OG_1346",0,1,0
"Ahyacinthus03766-RA","Ahyacinthus03766-RA","Ahya","OG_6097",0,1,0
"Ahyacinthus08781-RA","Ahyacinthus08781-RA","Ahya","OG_3375",1,1,0
"Ahyacinthus10031-RA","Ahyacinthus10031-RA","Ahya","OG_3529",0,1,0
"Ahyacinthus10338-RA","Ahyacinthus10338-RA","Ahya","OG_11441",0,1,0
"Ahyacinthus11458-RA","Ahyacinthus11458-RA","Ahya","OG_12657",0,1,0
"Ahyacinthus12423-RA","Ahyacinthus12423-RA","Ahya","OG_11082",0,1,0
"Ahyacinthus13197-RA","Ahyacinthus13197-RA","Ahya","OG_3858",1,1,0
"Ahyacinthus15104-RA","Ahyacinthus15104-RA","Ahya","OG_5363",0,1,0
"Ahyacinthus15297-RA","Ahyacinthus15297-RA","Ahya","OG_6605",0,1,0
"Ahyacinthus15348-RA","Ahyacinthus15348-RA","Ahya","OG_12223",0,1,0
"Ahyacinthus18101-RA","Ahyacinthus18101-RA","Ahya","OG_369",1,1,1
"Ahyacinthus18899-RA","Ahyacinthus18899-RA","Ahya","OG_5285",0,1,0
"Ahyacinthus20870-RA","Ahyacinthus20870-RA","Ahya","OG_2894",0,1,0
"Ahyacinthus23325-RA","Ahyacinthus23325-RA","Ahya","OG_6373",1,1,0
"Ahyacinthus00177-RA","Ahyacinthus00177-RA","Ahya","OG_6663",0,1,1
"Ahyacinthus00178-RA","Ahyacinthus00178-RA","Ahya","OG_6663",0,1,1
"Ahyacinthus00472-RA","Ahyacinthus00472-RA","Ahya","OG_1110",0,1,0
"Ahyacinthus00642-RA","Ahyacinthus00642-RA","Ahya","OG_9115",0,1,0
"Ahyacinthus00995-RA","Ahyacinthus00995-RA","Ahya","OG_4688",0,1,0
"Ahyacinthus01673-RA","Ahyacinthus01673-RA","Ahya","OG_9063",0,1,0
"Ahyacinthus01908-RA","Ahyacinthus01908-RA","Ahya","OG_1273",0,1,0
"Ahyacinthus02531-RA","Ahyacinthus02531-RA","Ahya","OG_285",0,1,0
"Ahyacinthus03379-RA","Ahyacinthus03379-RA","Ahya","OG_1110",0,1,0
"Ahyacinthus03818-RA","Ahyacinthus03818-RA","Ahya","OG_6779",0,1,0
"Ahyacinthus04446-RA","Ahyacinthus04446-RA","Ahya","OG_12481",0,1,1
"Ahyacinthus04448-RA","Ahyacinthus04448-RA","Ahya","OG_10285",0,1,0
"Ahyacinthus05214-RA","Ahyacinthus05214-RA","Ahya","OG_9781",0,1,0
"Ahyacinthus06293-RA","Ahyacinthus06293-RA","Ahya","OG_9705",0,1,1
"Ahyacinthus06616-RA","Ahyacinthus06616-RA","Ahya","OG_939",0,1,0
"Ahyacinthus06617-RA","Ahyacinthus06617-RA","Ahya","OG_939",0,1,0
"Ahyacinthus07077-RA","Ahyacinthus07077-RA","Ahya","OG_170",1,1,1
"Ahyacinthus07886-RA","Ahyacinthus07886-RA","Ahya","OG_414",0,1,0
"Ahyacinthus08580-RA","Ahyacinthus08580-RA","Ahya","OG_7198",0,1,0
"Ahyacinthus08698-RA","Ahyacinthus08698-RA","Ahya","OG_1378",1,1,1
"Ahyacinthus09061-RA","Ahyacinthus09061-RA","Ahya","OG_11319",0,1,0
"Ahyacinthus09234-RA","Ahyacinthus09234-RA","Ahya","OG_1110",0,1,0
"Ahyacinthus09387-RA","Ahyacinthus09387-RA","Ahya","OG_3472",1,1,1
"Ahyacinthus09470-RA","Ahyacinthus09470-RA","Ahya","OG_386",1,1,0
"Ahyacinthus09565-RA","Ahyacinthus09565-RA","Ahya","OG_8947",0,1,0
"Ahyacinthus10035-RA","Ahyacinthus10035-RA","Ahya","OG_1110",0,1,0
"Ahyacinthus10322-RA","Ahyacinthus10322-RA","Ahya","OG_11383",0,1,0
"Ahyacinthus10565-RA","Ahyacinthus10565-RA","Ahya","OG_11495",0,1,0
"Ahyacinthus10729-RA","Ahyacinthus10729-RA","Ahya","OG_11721",1,1,1
"Ahyacinthus11439-RA","Ahyacinthus11439-RA","Ahya","OG_1892",0,1,1
"Ahyacinthus12062-RA","Ahyacinthus12062-RA","Ahya","OG_10875",0,1,0
"Ahyacinthus12325-RA","Ahyacinthus12325-RA","Ahya","OG_11063",0,1,0
"Ahyacinthus12456-RA","Ahyacinthus12456-RA","Ahya","OG_2045",1,1,0
"Ahyacinthus12644-RA","Ahyacinthus12644-RA","Ahya","OG_8220",0,1,1
"Ahyacinthus12987-RA","Ahyacinthus12987-RA","Ahya","OG_929",0,1,0
"Ahyacinthus13405-RA","Ahyacinthus13405-RA","Ahya","OG_5217",0,1,0
"Ahyacinthus14049-RA","Ahyacinthus14049-RA","Ahya","OG_8807",0,1,0
"Ahyacinthus14121-RA","Ahyacinthus14121-RA","Ahya","OG_386",1,1,0
"Ahyacinthus14699-RA","Ahyacinthus14699-RA","Ahya","OG_8949",0,1,0
"Ahyacinthus15015-RA","Ahyacinthus15015-RA","Ahya","OG_55",0,1,0
"Ahyacinthus15161-RA","Ahyacinthus15161-RA","Ahya","OG_82",0,1,1
"Ahyacinthus15367-RA","Ahyacinthus15367-RA","Ahya","OG_929",0,1,0
"Ahyacinthus15369-RA","Ahyacinthus15369-RA","Ahya","OG_116",1,1,0
"Ahyacinthus16390-RA","Ahyacinthus16390-RA","Ahya","OG_12160",0,1,0
"Ahyacinthus16394-RA","Ahyacinthus16394-RA","Ahya","OG_700",0,1,0
"Ahyacinthus17239-RA","Ahyacinthus17239-RA","Ahya","OG_6966",0,1,0
"Ahyacinthus18236-RA","Ahyacinthus18236-RA","Ahya","OG_8294",0,1,0
"Ahyacinthus18418-RA","Ahyacinthus18418-RA","Ahya","OG_3081",0,1,1
"Ahyacinthus18496-RA","Ahyacinthus18496-RA","Ahya","OG_8524",1,1,0
"Ahyacinthus18521-RA","Ahyacinthus18521-RA","Ahya","OG_1110",0,1,0
"Ahyacinthus19124-RA","Ahyacinthus19124-RA","Ahya","OG_8376",0,1,0
"Ahyacinthus19268-RA","Ahyacinthus19268-RA","Ahya","OG_1110",0,1,0
"Ahyacinthus19668-RA","Ahyacinthus19668-RA","Ahya","OG_3274",0,1,0
"Ahyacinthus19687-RA","Ahyacinthus19687-RA","Ahya","OG_3281",0,1,0
"Ahyacinthus19736-RA","Ahyacinthus19736-RA","Ahya","OG_3292",0,1,1
"Ahyacinthus20046-RA","Ahyacinthus20046-RA","Ahya","OG_1110",0,1,0
"Ahyacinthus20341-RA","Ahyacinthus20341-RA","Ahya","OG_10465",0,1,0
"Ahyacinthus20618-RA","Ahyacinthus20618-RA","Ahya","OG_664",1,1,1
"Ahyacinthus21165-RA","Ahyacinthus21165-RA","Ahya","OG_10634",0,1,1
"Ahyacinthus21386-RA","Ahyacinthus21386-RA","Ahya","OG_12450",0,1,0
"Ahyacinthus21499-RA","Ahyacinthus21499-RA","Ahya","OG_1110",0,1,0
"Ahyacinthus22121-RA","Ahyacinthus22121-RA","Ahya","OG_248",1,1,1
"Ahyacinthus22303-RA","Ahyacinthus22303-RA","Ahya","OG_1114",1,1,1
"Ahyacinthus22561-RA","Ahyacinthus22561-RA","Ahya","OG_445",0,1,0
"Ahyacinthus22722-RA","Ahyacinthus22722-RA","Ahya","OG_9357",0,1,0
"Ahyacinthus23121-RA","Ahyacinthus23121-RA","Ahya","OG_1110",0,1,0
"Ahyacinthus23584-RA","Ahyacinthus23584-RA","Ahya","OG_1110",0,1,0
"Ahyacinthus23651-RA","Ahyacinthus23651-RA","Ahya","OG_929",0,1,0
"Ahyacinthus23671-RA","Ahyacinthus23671-RA","Ahya","OG_455",0,1,0
"Ahyacinthus23680-RA","Ahyacinthus23680-RA","Ahya","OG_1110",0,1,0
"Ahyacinthus24136-RA","Ahyacinthus24136-RA","Ahya","OG_808",0,1,1
"Ahyacinthus24199-RA","Ahyacinthus24199-RA","Ahya","OG_2704",1,1,0
"Ahyacinthus24258-RA","Ahyacinthus24258-RA","Ahya","OG_7087",0,1,0
"Ahyacinthus25369-RA","Ahyacinthus25369-RA","Ahya","OG_703",1,1,1
"Ahyacinthus26292-RA","Ahyacinthus26292-RA","Ahya","OG_709",0,1,0
"Ahyacinthus26603-RA","Ahyacinthus26603-RA","Ahya","OG_631",1,1,0
"Ahyacinthus26815-RA","Ahyacinthus26815-RA","Ahya","OG_7689",1,1,0
"evm.model.Ap1.1150","evm.model.Ap1.1150","Apoc","OG_282",1,1,1
"evm.model.Ap1.1272","evm.model.Ap1.1272","Apoc","OG_11485",1,0,1
"evm.model.Ap1.136","evm.model.Ap1.136","Apoc","OG_176",1,1,1
"evm.model.Ap1.137","evm.model.Ap1.137","Apoc","OG_176",1,1,1
"evm.model.Ap1.1396","evm.model.Ap1.1396","Apoc","OG_1020",1,1,1
"evm.model.Ap1.1653","evm.model.Ap1.1653","Apoc","OG_11754",0,0,1
"evm.model.Ap1.1659","evm.model.Ap1.1659","Apoc","OG_11755",0,0,1
"evm.model.Ap1.1695","evm.model.Ap1.1695","Apoc","OG_667",1,0,1
"evm.model.Ap1.1718","evm.model.Ap1.1718","Apoc","OG_12404",0,1,1
"evm.model.Ap1.2005","evm.model.Ap1.2005","Apoc","OG_978",1,0,1
"evm.model.Ap1.229","evm.model.Ap1.229","Apoc","OG_11420",0,0,1
"evm.model.Ap1.2712","evm.model.Ap1.2712","Apoc","OG_3547",0,0,1
"evm.model.Ap1.2988","evm.model.Ap1.2988","Apoc","OG_541",1,1,1
"evm.model.Ap1.2992","evm.model.Ap1.2992","Apoc","OG_11559",0,0,1
"evm.model.Ap1.3542","evm.model.Ap1.3542","Apoc","OG_6051",1,0,1
"evm.model.Ap1.3705","evm.model.Ap1.3705","Apoc","OG_11409",1,0,1
"evm.model.Ap1.4049","evm.model.Ap1.4049","Apoc","OG_3600",0,0,1
"evm.model.Ap1.422","evm.model.Ap1.422","Apoc","OG_11647",0,0,1
"evm.model.Ap1.497","evm.model.Ap1.497","Apoc","OG_3414",0,0,1
"evm.model.Ap1.594","evm.model.Ap1.594","Apoc","OG_11335",0,0,1
"evm.model.Ap1.672","evm.model.Ap1.672","Apoc","OG_11663",0,0,1
"evm.model.Ap1.780","evm.model.Ap1.780","Apoc","OG_324",0,1,1
"evm.model.Ap10.1124","evm.model.Ap10.1124","Apoc","OG_7166",0,0,1
"evm.model.Ap10.1483","evm.model.Ap10.1483","Apoc","OG_3732",0,0,1
"evm.model.Ap10.168","evm.model.Ap10.168","Apoc","OG_195",0,0,1
"evm.model.Ap10.1708","evm.model.Ap10.1708","Apoc","OG_1056",1,1,1
"evm.model.Ap10.1833","evm.model.Ap10.1833","Apoc","OG_480",0,1,1
"evm.model.Ap10.351","evm.model.Ap10.351","Apoc","OG_875",0,1,1
"evm.model.Ap10.489","evm.model.Ap10.489","Apoc","OG_3772",0,0,1
"evm.model.Ap10.640","evm.model.Ap10.640","Apoc","OG_1284",1,0,1
"evm.model.Ap10.696","evm.model.Ap10.696","Apoc","OG_1142",1,0,1
"evm.model.Ap10.709","evm.model.Ap10.709","Apoc","OG_282",1,1,1
"evm.model.Ap10.80","evm.model.Ap10.80","Apoc","OG_7375",1,1,1
"evm.model.Ap10.842","evm.model.Ap10.842","Apoc","OG_7324",0,1,1
"evm.model.Ap10.874","evm.model.Ap10.874","Apoc","OG_5495",0,0,1
"evm.model.Ap10.901","evm.model.Ap10.901","Apoc","OG_3690",0,0,1
"evm.model.Ap11.1299","evm.model.Ap11.1299","Apoc","OG_332",1,1,1
"evm.model.Ap11.1341","evm.model.Ap11.1341","Apoc","OG_6213",0,1,1
"evm.model.Ap11.1346","evm.model.Ap11.1346","Apoc","OG_6213",0,1,1
"evm.model.Ap11.1363","evm.model.Ap11.1363","Apoc","OG_6213",0,1,1
"evm.model.Ap11.1372","evm.model.Ap11.1372","Apoc","OG_186",1,1,1
"evm.model.Ap11.1787_evm.model.Ap11.1788","evm.model.Ap11.1787_evm.model.Ap11.1788","Apoc","OG_2736",0,0,1
"evm.model.Ap12.1201","evm.model.Ap12.1201","Apoc","OG_766",0,1,1
"evm.model.Ap12.1253","evm.model.Ap12.1253","Apoc","OG_868",0,1,1
"evm.model.Ap12.2022","evm.model.Ap12.2022","Apoc","OG_232",0,0,1
"evm.model.Ap12.2164","evm.model.Ap12.2164","Apoc","OG_7902",0,0,1
"evm.model.Ap12.2210","evm.model.Ap12.2210","Apoc","OG_293",0,1,1
"evm.model.Ap12.223","evm.model.Ap12.223","Apoc","OG_291",1,1,1
"evm.model.Ap12.2273","evm.model.Ap12.2273","Apoc","OG_8382",0,1,1
"evm.model.Ap12.2779","evm.model.Ap12.2779","Apoc","OG_8546",0,1,1
"evm.model.Ap12.467","evm.model.Ap12.467","Apoc","OG_1353",1,0,1
"evm.model.Ap12.512","evm.model.Ap12.512","Apoc","OG_3109",0,1,1
"evm.model.Ap12.513","evm.model.Ap12.513","Apoc","OG_8304",1,1,1
"evm.model.Ap12.96","evm.model.Ap12.96","Apoc","OG_3119",0,0,1
"evm.model.Ap13.1073","evm.model.Ap13.1073","Apoc","OG_516",1,0,1
"evm.model.Ap13.1151","evm.model.Ap13.1151","Apoc","OG_516",1,0,1
"evm.model.Ap13.1389","evm.model.Ap13.1389","Apoc","OG_584",0,0,1
"evm.model.Ap13.156","evm.model.Ap13.156","Apoc","OG_10464",0,0,1
"evm.model.Ap13.1660","evm.model.Ap13.1660","Apoc","OG_1049",1,0,1
"evm.model.Ap13.1859","evm.model.Ap13.1859","Apoc","OG_5119",1,0,1
"evm.model.Ap13.201","evm.model.Ap13.201","Apoc","OG_5932",0,0,1
"evm.model.Ap13.204","evm.model.Ap13.204","Apoc","OG_5932",0,0,1
"evm.model.Ap13.2098","evm.model.Ap13.2098","Apoc","OG_541",1,1,1
"evm.model.Ap13.2421","evm.model.Ap13.2421","Apoc","OG_2952",0,1,1
"evm.model.Ap13.2470","evm.model.Ap13.2470","Apoc","OG_10635",1,0,1
"evm.model.Ap13.2532","evm.model.Ap13.2532","Apoc","OG_6818",1,0,1
"evm.model.Ap13.2532.1.5f15e0f0","evm.model.Ap13.2532.1.5f15e0f0","Apoc","OG_6818",1,0,1
"evm.model.Ap13.2637","evm.model.Ap13.2637","Apoc","OG_12447",0,0,1
"evm.model.Ap13.3130","evm.model.Ap13.3130","Apoc","OG_9907",0,0,1
"evm.model.Ap13.385","evm.model.Ap13.385","Apoc","OG_10720",0,0,1
"evm.model.Ap13.386","evm.model.Ap13.386","Apoc","OG_10720",0,0,1
"evm.model.Ap13.40","evm.model.Ap13.40","Apoc","OG_798",0,1,1
"evm.model.Ap13.659","evm.model.Ap13.659","Apoc","OG_5846",0,0,1
"evm.model.Ap13.750","evm.model.Ap13.750","Apoc","OG_257",1,1,1
"evm.model.Ap13.76","evm.model.Ap13.76","Apoc","OG_10732",0,0,1
"evm.model.Ap13.774","evm.model.Ap13.774","Apoc","OG_2940",1,1,1
"evm.model.Ap13.904","evm.model.Ap13.904","Apoc","OG_10451",0,0,1
"evm.model.Ap14.1128","evm.model.Ap14.1128","Apoc","OG_7563",0,0,1
"evm.model.Ap14.1545","evm.model.Ap14.1545","Apoc","OG_882",1,1,1
"evm.model.Ap14.18","evm.model.Ap14.18","Apoc","OG_3035",0,0,1
"evm.model.Ap14.1859","evm.model.Ap14.1859","Apoc","OG_5442",0,0,1
"evm.model.Ap14.1890","evm.model.Ap14.1890","Apoc","OG_7518",1,0,1
"evm.model.Ap14.205","evm.model.Ap14.205","Apoc","OG_2289",0,1,1
"evm.model.Ap14.299","evm.model.Ap14.299","Apoc","OG_247",1,0,1
"evm.model.Ap14.768_evm.model.Ap14.780","evm.model.Ap14.768_evm.model.Ap14.780","Apoc","OG_2212",0,0,1
"evm.model.Ap14.789","evm.model.Ap14.789","Apoc","OG_7660",0,0,1
"evm.model.Ap2.1426","evm.model.Ap2.1426","Apoc","OG_594",1,1,1
"evm.model.Ap2.1436","evm.model.Ap2.1436","Apoc","OG_11100",1,1,1
"evm.model.Ap2.1463","evm.model.Ap2.1463","Apoc","OG_847",1,1,1
"evm.model.Ap2.1597","evm.model.Ap2.1597","Apoc","OG_241",1,1,1
"evm.model.Ap2.2063","evm.model.Ap2.2063","Apoc","OG_607",0,0,1
"evm.model.Ap2.2065","evm.model.Ap2.2065","Apoc","OG_607",0,0,1
"evm.model.Ap2.2197","evm.model.Ap2.2197","Apoc","OG_6935",0,0,1
"evm.model.Ap2.2391","evm.model.Ap2.2391","Apoc","OG_655",0,0,1
"evm.model.Ap2.2497","evm.model.Ap2.2497","Apoc","OG_905",1,1,1
"evm.model.Ap2.2670","evm.model.Ap2.2670","Apoc","OG_563",1,1,1
"evm.model.Ap2.3085","evm.model.Ap2.3085","Apoc","OG_8220",0,1,1
"evm.model.Ap2.316","evm.model.Ap2.316","Apoc","OG_10986",0,0,1
"evm.model.Ap2.3328","evm.model.Ap2.3328","Apoc","OG_419",0,0,1
"evm.model.Ap2.3423","evm.model.Ap2.3423","Apoc","OG_10925",1,0,1
"evm.model.Ap2.3554","evm.model.Ap2.3554","Apoc","OG_170",1,1,1
"evm.model.Ap2.3716_evm.model.Ap2.3714","evm.model.Ap2.3716_evm.model.Ap2.3714","Apoc","OG_1934",0,0,1
"evm.model.Ap2.372","evm.model.Ap2.372","Apoc","OG_10851",0,0,1
"evm.model.Ap2.3732","evm.model.Ap2.3732","Apoc","OG_905",1,1,1
"evm.model.Ap2.3924","evm.model.Ap2.3924","Apoc","OG_282",1,1,1
"evm.model.Ap2.3928","evm.model.Ap2.3928","Apoc","OG_10915",1,0,1
"evm.model.Ap2.849","evm.model.Ap2.849","Apoc","OG_5791",0,0,1
"evm.model.Ap3.1191","evm.model.Ap3.1191","Apoc","OG_12527",1,0,1
"evm.model.Ap3.1205","evm.model.Ap3.1205","Apoc","OG_1313",1,0,1
"evm.model.Ap3.1205.1.5f15e482","evm.model.Ap3.1205.1.5f15e482","Apoc","OG_1313",1,0,1
"evm.model.Ap3.1327","evm.model.Ap3.1327","Apoc","OG_368",1,0,1
"evm.model.Ap3.1328","evm.model.Ap3.1328","Apoc","OG_367",0,1,1
"evm.model.Ap3.1530","evm.model.Ap3.1530","Apoc","OG_6024",0,0,1
"evm.model.Ap3.1612","evm.model.Ap3.1612","Apoc","OG_605",0,0,1
"evm.model.Ap3.1653","evm.model.Ap3.1653","Apoc","OG_252",1,0,1
"evm.model.Ap3.2","evm.model.Ap3.2","Apoc","OG_336",1,1,1
"evm.model.Ap3.2000","evm.model.Ap3.2000","Apoc","OG_2532",0,0,1
"evm.model.Ap3.2094","evm.model.Ap3.2094","Apoc","OG_2563",0,0,1
"evm.model.Ap3.2142","evm.model.Ap3.2142","Apoc","OG_475",1,0,1
"evm.model.Ap3.2157","evm.model.Ap3.2157","Apoc","OG_2588",0,0,1
"evm.model.Ap3.2169","evm.model.Ap3.2169","Apoc","OG_273",1,1,1
"evm.model.Ap3.2385","evm.model.Ap3.2385","Apoc","OG_6469",0,0,1
"evm.model.Ap3.730","evm.model.Ap3.730","Apoc","OG_8142",1,0,1
"evm.model.Ap3.825","evm.model.Ap3.825","Apoc","OG_8122",0,0,1
"evm.model.Ap4.1409","evm.model.Ap4.1409","Apoc","OG_853",1,1,1
"evm.model.Ap4.1502","evm.model.Ap4.1502","Apoc","OG_204",1,0,1
"evm.model.Ap4.1613","evm.model.Ap4.1613","Apoc","OG_186",1,1,1
"evm.model.Ap4.1714","evm.model.Ap4.1714","Apoc","OG_6613",0,0,1
"evm.model.Ap4.1714.1.5f15e08a","evm.model.Ap4.1714.1.5f15e08a","Apoc","OG_6613",0,0,1
"evm.model.Ap4.1806","evm.model.Ap4.1806","Apoc","OG_11928",1,0,1
"evm.model.Ap4.2645","evm.model.Ap4.2645","Apoc","OG_1174",0,0,1
"evm.model.Ap4.3157","evm.model.Ap4.3157","Apoc","OG_282",1,1,1
"evm.model.Ap4.321","evm.model.Ap4.321","Apoc","OG_11895",0,0,1
"evm.model.Ap4.3479","evm.model.Ap4.3479","Apoc","OG_741",1,0,1
"evm.model.Ap4.4349","evm.model.Ap4.4349","Apoc","OG_1344",0,0,1
"evm.model.Ap4.4495","evm.model.Ap4.4495","Apoc","OG_186",1,1,1
"evm.model.Ap4.477","evm.model.Ap4.477","Apoc","OG_324",0,1,1
"evm.model.Ap4.4913","evm.model.Ap4.4913","Apoc","OG_332",1,1,1
"evm.model.Ap4.5094","evm.model.Ap4.5094","Apoc","OG_12248",0,0,1
"evm.model.Ap4.5096","evm.model.Ap4.5096","Apoc","OG_8576",0,0,1
"evm.model.Ap4.5496","evm.model.Ap4.5496","Apoc","OG_1685",1,0,1
"evm.model.Ap4.5708","evm.model.Ap4.5708","Apoc","OG_6351",0,0,1
"evm.model.Ap4.5791","evm.model.Ap4.5791","Apoc","OG_757",1,1,1
"evm.model.Ap4.6186","evm.model.Ap4.6186","Apoc","OG_5951",0,0,1
"evm.model.Ap4.6294","evm.model.Ap4.6294","Apoc","OG_12157",1,0,1
"evm.model.Ap4.6320","evm.model.Ap4.6320","Apoc","OG_204",1,0,1
"evm.model.Ap4.6354","evm.model.Ap4.6354","Apoc","OG_204",1,0,1
"evm.model.Ap4.6657","evm.model.Ap4.6657","Apoc","OG_11954",0,0,1
"evm.model.Ap4.6776","evm.model.Ap4.6776","Apoc","OG_998",1,1,1
"evm.model.Ap4.6916","evm.model.Ap4.6916","Apoc","OG_144",1,1,1
"evm.model.Ap4.6982","evm.model.Ap4.6982","Apoc","OG_623",0,0,1
"evm.model.Ap4.7041","evm.model.Ap4.7041","Apoc","OG_5934",0,1,1
"evm.model.Ap4.7168","evm.model.Ap4.7168","Apoc","OG_683",1,1,1
"evm.model.Ap5.1025","evm.model.Ap5.1025","Apoc","OG_12724",0,0,1
"evm.model.Ap5.1027","evm.model.Ap5.1027","Apoc","OG_8956",1,1,1
"evm.model.Ap5.1117","evm.model.Ap5.1117","Apoc","OG_368",1,0,1
"evm.model.Ap5.1119","evm.model.Ap5.1119","Apoc","OG_367",0,1,1
"evm.model.Ap5.1595","evm.model.Ap5.1595","Apoc","OG_12383",0,0,1
"evm.model.Ap5.1903","evm.model.Ap5.1903","Apoc","OG_752",1,0,1
"evm.model.Ap5.205","evm.model.Ap5.205","Apoc","OG_5296",0,0,1
"evm.model.Ap5.2318","evm.model.Ap5.2318","Apoc","OG_8849",1,0,1
"evm.model.Ap5.240","evm.model.Ap5.240","Apoc","OG_3875",0,0,1
"evm.model.Ap5.2541","evm.model.Ap5.2541","Apoc","OG_1287",0,0,1
"evm.model.Ap5.43","evm.model.Ap5.43","Apoc","OG_5643",0,0,1
"evm.model.Ap5.590_evm.model.Ap5.588","evm.model.Ap5.590_evm.model.Ap5.588","Apoc","OG_1024",1,0,1
"evm.model.Ap5.621","evm.model.Ap5.621","Apoc","OG_3916",1,1,1
"evm.model.Ap5.652","evm.model.Ap5.652","Apoc","OG_347",0,1,1
"evm.model.Ap6.1164","evm.model.Ap6.1164","Apoc","OG_10110",0,0,1
"evm.model.Ap6.1184","evm.model.Ap6.1184","Apoc","OG_10110",0,0,1
"evm.model.Ap6.1254","evm.model.Ap6.1254","Apoc","OG_10313",0,0,1
"evm.model.Ap6.1286","evm.model.Ap6.1286","Apoc","OG_826",0,0,1
"evm.model.Ap6.1374","evm.model.Ap6.1374","Apoc","OG_10391",1,0,1
"evm.model.Ap6.173","evm.model.Ap6.173","Apoc","OG_10338",0,0,1
"evm.model.Ap6.2056","evm.model.Ap6.2056","Apoc","OG_475",1,0,1
"evm.model.Ap6.2738","evm.model.Ap6.2738","Apoc","OG_10099",0,0,1
"evm.model.Ap6.2904","evm.model.Ap6.2904","Apoc","OG_10216",0,0,1
"evm.model.Ap6.2924","evm.model.Ap6.2924","Apoc","OG_11704",0,1,1
"evm.model.Ap6.2930","evm.model.Ap6.2930","Apoc","OG_170",1,1,1
"evm.model.Ap6.3051","evm.model.Ap6.3051","Apoc","OG_10254",1,0,1
"evm.model.Ap6.337","evm.model.Ap6.337","Apoc","OG_10148",1,0,1
"evm.model.Ap6.56","evm.model.Ap6.56","Apoc","OG_12430",0,0,1
"evm.model.Ap6.92","evm.model.Ap6.92","Apoc","OG_4340",0,0,1
"evm.model.Ap7.1190","evm.model.Ap7.1190","Apoc","OG_5942",0,0,1
"evm.model.Ap7.120","evm.model.Ap7.120","Apoc","OG_497",1,1,1
"evm.model.Ap7.134","evm.model.Ap7.134","Apoc","OG_497",1,1,1
"evm.model.Ap7.138","evm.model.Ap7.138","Apoc","OG_9920",0,0,1
"evm.model.Ap7.1570","evm.model.Ap7.1570","Apoc","OG_4215",1,0,1
"evm.model.Ap7.2402","evm.model.Ap7.2402","Apoc","OG_9645",0,0,1
"evm.model.Ap7.2760","evm.model.Ap7.2760","Apoc","OG_9758",0,0,1
"evm.model.Ap7.2934","evm.model.Ap7.2934","Apoc","OG_9688",0,1,1
"evm.model.Ap7.486","evm.model.Ap7.486","Apoc","OG_150",1,1,1
"evm.model.Ap7.512","evm.model.Ap7.512","Apoc","OG_150",1,1,1
"evm.model.Ap7.598","evm.model.Ap7.598","Apoc","OG_6244",0,0,1
"evm.model.Ap7.599","evm.model.Ap7.599","Apoc","OG_6244",0,0,1
"evm.model.Ap7.838","evm.model.Ap7.838","Apoc","OG_1076",1,1,1
"evm.model.Ap7.984","evm.model.Ap7.984","Apoc","OG_478",0,0,1
"evm.model.Ap8.1235","evm.model.Ap8.1235","Apoc","OG_9248",0,0,1
"evm.model.Ap8.161","evm.model.Ap8.161","Apoc","OG_1453",0,0,1
"evm.model.Ap8.1636","evm.model.Ap8.1636","Apoc","OG_156",0,1,1
"evm.model.Ap8.1699","evm.model.Ap8.1699","Apoc","OG_9118",1,0,1
"evm.model.Ap8.1887","evm.model.Ap8.1887","Apoc","OG_411",1,0,1
"evm.model.Ap8.1907","evm.model.Ap8.1907","Apoc","OG_874",0,1,1
"evm.model.Ap8.1967","evm.model.Ap8.1967","Apoc","OG_9049",0,0,1
"evm.model.Ap8.2050","evm.model.Ap8.2050","Apoc","OG_4728",0,1,1
"evm.model.Ap8.2382","evm.model.Ap8.2382","Apoc","OG_9192",0,0,1
"evm.model.Ap8.2714","evm.model.Ap8.2714","Apoc","OG_9169",0,0,1
"evm.model.Ap8.332","evm.model.Ap8.332","Apoc","OG_128",1,0,1
"evm.model.Ap8.550","evm.model.Ap8.550","Apoc","OG_316",0,1,1
"evm.model.Ap8.94","evm.model.Ap8.94","Apoc","OG_407",0,0,1
"evm.model.Ap9.1001","evm.model.Ap9.1001","Apoc","OG_447",1,1,1
"evm.model.Ap9.1248","evm.model.Ap9.1248","Apoc","OG_9494",0,0,1
"evm.model.Ap9.1582","evm.model.Ap9.1582","Apoc","OG_4856",0,0,1
"evm.model.Ap9.2251","evm.model.Ap9.2251","Apoc","OG_4847",0,0,1
"evm.model.Ap9.2274","evm.model.Ap9.2274","Apoc","OG_5120",1,0,1
"evm.model.Ap9.2317","evm.model.Ap9.2317","Apoc","OG_9348",0,0,1
"evm.model.Ap9.239","evm.model.Ap9.239","Apoc","OG_257",1,1,1
"evm.model.Ap9.2459","evm.model.Ap9.2459","Apoc","OG_9559",0,0,1
"evm.model.Ap9.2476","evm.model.Ap9.2476","Apoc","OG_4849",0,0,1
"evm.model.Ap9.2577","evm.model.Ap9.2577","Apoc","OG_9495",1,0,1
"evm.model.Ap9.2586","evm.model.Ap9.2586","Apoc","OG_4891",1,0,1
"evm.model.Ap9.2679","evm.model.Ap9.2679","Apoc","OG_2393",0,0,1
"evm.model.Ap9.32","evm.model.Ap9.32","Apoc","OG_596",1,1,1
"evm.model.Ap9.363","evm.model.Ap9.363","Apoc","OG_441",1,1,1
"evm.model.Ap9.382","evm.model.Ap9.382","Apoc","OG_6712",1,0,1
"evm.model.Ap9.384","evm.model.Ap9.384","Apoc","OG_6937",0,1,1
"evm.model.Ap9.410","evm.model.Ap9.410","Apoc","OG_6712",1,0,1
"evm.model.Ap9.495","evm.model.Ap9.495","Apoc","OG_9393",1,0,1
"evm.model.Ap9.541","evm.model.Ap9.541","Apoc","OG_4936",0,0,1
"evm.model.Ap9.665","evm.model.Ap9.665","Apoc","OG_697",0,1,1
"evm.model.Ap9.699","evm.model.Ap9.699","Apoc","OG_324",0,1,1
"evm.model.Ap9.932","evm.model.Ap9.932","Apoc","OG_757",1,1,1
"evm.model.Ap1.1697","evm.model.Ap1.1697","Apoc","OG_647",1,1,1
"evm.model.Ap1.1738","evm.model.Ap1.1738","Apoc","OG_487",1,1,1
"evm.model.Ap1.1762","evm.model.Ap1.1762","Apoc","OG_487",1,1,1
"evm.model.Ap1.2241","evm.model.Ap1.2241","Apoc","OG_736",0,0,1
"evm.model.Ap1.2350","evm.model.Ap1.2350","Apoc","OG_1114",1,1,1
"evm.model.Ap1.2405","evm.model.Ap1.2405","Apoc","OG_147",1,1,1
"evm.model.Ap1.2434","evm.model.Ap1.2434","Apoc","OG_147",1,1,1
"evm.model.Ap1.2902","evm.model.Ap1.2902","Apoc","OG_3676",0,0,1
"evm.model.Ap1.2951","evm.model.Ap1.2951","Apoc","OG_11768",1,0,1
"evm.model.Ap1.3766","evm.model.Ap1.3766","Apoc","OG_135",0,0,1
"evm.model.Ap1.4017","evm.model.Ap1.4017","Apoc","OG_316",0,1,1
"evm.model.Ap1.4110","evm.model.Ap1.4110","Apoc","OG_12218",0,1,1
"evm.model.Ap1.4110.1.5f15e506","evm.model.Ap1.4110.1.5f15e506","Apoc","OG_12218",0,1,1
"evm.model.Ap1.4123","evm.model.Ap1.4123","Apoc","OG_12218",0,1,1
"evm.model.Ap1.4190","evm.model.Ap1.4190","Apoc","OG_3579",0,1,1
"evm.model.Ap1.799","evm.model.Ap1.799","Apoc","OG_638",0,0,1
"evm.model.Ap1.929","evm.model.Ap1.929","Apoc","OG_698",0,0,1
"evm.model.Ap10.1066","evm.model.Ap10.1066","Apoc","OG_185",0,1,1
"evm.model.Ap10.1987","evm.model.Ap10.1987","Apoc","OG_1023",1,0,1
"evm.model.Ap10.501","evm.model.Ap10.501","Apoc","OG_7179",0,1,1
"evm.model.Ap11.1284","evm.model.Ap11.1284","Apoc","OG_723",1,0,1
"evm.model.Ap11.1460","evm.model.Ap11.1460","Apoc","OG_7056",0,0,1
"evm.model.Ap11.529","evm.model.Ap11.529","Apoc","OG_868",0,1,1
"evm.model.Ap11.541","evm.model.Ap11.541","Apoc","OG_132",0,0,1
"evm.model.Ap11.627","evm.model.Ap11.627","Apoc","OG_147",1,1,1
"evm.model.Ap11.641","evm.model.Ap11.641","Apoc","OG_147",1,1,1
"evm.model.Ap12.1535","evm.model.Ap12.1535","Apoc","OG_3215",0,0,1
"evm.model.Ap12.16","evm.model.Ap12.16","Apoc","OG_4071",0,0,1
"evm.model.Ap12.1791","evm.model.Ap12.1791","Apoc","OG_321",0,1,1
"evm.model.Ap12.1909","evm.model.Ap12.1909","Apoc","OG_288",1,1,1
"evm.model.Ap12.2176","evm.model.Ap12.2176","Apoc","OG_6601",0,1,1
"evm.model.Ap12.254","evm.model.Ap12.254","Apoc","OG_8197",0,1,1
"evm.model.Ap12.2722","evm.model.Ap12.2722","Apoc","OG_8181",1,0,1
"evm.model.Ap12.598","evm.model.Ap12.598","Apoc","OG_305",1,1,1
"evm.model.Ap12.818","evm.model.Ap12.818","Apoc","OG_1414",0,0,1
"evm.model.Ap12.820","evm.model.Ap12.820","Apoc","OG_129",0,0,1
"evm.model.Ap12.83","evm.model.Ap12.83","Apoc","OG_172",0,0,1
"evm.model.Ap13.125","evm.model.Ap13.125","Apoc","OG_784",0,0,1
"evm.model.Ap13.125.1.5f15dc2c","evm.model.Ap13.125.1.5f15dc2c","Apoc","OG_784",0,0,1
"evm.model.Ap13.1563_evm.model.Ap13.1564","evm.model.Ap13.1563_evm.model.Ap13.1564","Apoc","OG_831",1,1,1
"evm.model.Ap13.1945","evm.model.Ap13.1945","Apoc","OG_304",1,1,1
"evm.model.Ap13.2649","evm.model.Ap13.2649","Apoc","OG_12447",0,0,1
"evm.model.Ap13.2852","evm.model.Ap13.2852","Apoc","OG_10576",0,0,1
"evm.model.Ap13.624","evm.model.Ap13.624","Apoc","OG_5377",0,0,1
"evm.model.Ap13.70","evm.model.Ap13.70","Apoc","OG_10435",1,1,1
"evm.model.Ap13.784","evm.model.Ap13.784","Apoc","OG_10665",0,0,1
"evm.model.Ap13.900","evm.model.Ap13.900","Apoc","OG_689",1,0,1
"evm.model.Ap13.912","evm.model.Ap13.912","Apoc","OG_7640",0,0,1
"evm.model.Ap14.1057","evm.model.Ap14.1057","Apoc","OG_2279",1,1,1
"evm.model.Ap14.1057.1.5f15dd86","evm.model.Ap14.1057.1.5f15dd86","Apoc","OG_2279",1,1,1
"evm.model.Ap14.1189","evm.model.Ap14.1189","Apoc","OG_165",1,1,1
"evm.model.Ap14.14","evm.model.Ap14.14","Apoc","OG_7634",0,1,1
"evm.model.Ap14.1891","evm.model.Ap14.1891","Apoc","OG_7517",0,0,1
"evm.model.Ap14.663","evm.model.Ap14.663","Apoc","OG_1060",0,0,1
"evm.model.Ap14.67","evm.model.Ap14.67","Apoc","OG_680",1,1,1
"evm.model.Ap14.848","evm.model.Ap14.848","Apoc","OG_7480",0,0,1
"evm.model.Ap2.101.1.5f15dcc0","evm.model.Ap2.101.1.5f15dcc0","Apoc","OG_372",1,1,1
"evm.model.Ap2.1246","evm.model.Ap2.1246","Apoc","OG_1010",0,0,1
"evm.model.Ap2.1725","evm.model.Ap2.1725","Apoc","OG_625",1,0,1
"evm.model.Ap2.2167","evm.model.Ap2.2167","Apoc","OG_5937",0,0,1
"evm.model.Ap2.2495","evm.model.Ap2.2495","Apoc","OG_10836",0,0,1
"evm.model.Ap2.288","evm.model.Ap2.288","Apoc","OG_10779",1,0,1
"evm.model.Ap2.3192","evm.model.Ap2.3192","Apoc","OG_11076",0,0,1
"evm.model.Ap2.3325","evm.model.Ap2.3325","Apoc","OG_1272",0,0,1
"evm.model.Ap2.38","evm.model.Ap2.38","Apoc","OG_372",1,1,1
"evm.model.Ap2.644","evm.model.Ap2.644","Apoc","OG_189",0,0,1
"evm.model.Ap3.1101","evm.model.Ap3.1101","Apoc","OG_7891",0,0,1
"evm.model.Ap3.144","evm.model.Ap3.144","Apoc","OG_5382",0,0,1
"evm.model.Ap3.144.1.5f15e1ce","evm.model.Ap3.144.1.5f15e1ce","Apoc","OG_5382",0,0,1
"evm.model.Ap3.1758","evm.model.Ap3.1758","Apoc","OG_6997",1,0,1
"evm.model.Ap3.197","evm.model.Ap3.197","Apoc","OG_7971",0,0,1
"evm.model.Ap3.2111","evm.model.Ap3.2111","Apoc","OG_885",0,1,1
"evm.model.Ap3.755","evm.model.Ap3.755","Apoc","OG_8009",0,0,1
"evm.model.Ap3.8","evm.model.Ap3.8","Apoc","OG_2308",0,0,1
"evm.model.Ap4.1035","evm.model.Ap4.1035","Apoc","OG_5090",1,1,1
"evm.model.Ap4.1268","evm.model.Ap4.1268","Apoc","OG_12607",0,0,1
"evm.model.Ap4.1335","evm.model.Ap4.1335","Apoc","OG_12277",1,0,1
"evm.model.Ap4.1785","evm.model.Ap4.1785","Apoc","OG_7480",0,0,1
"evm.model.Ap4.2559","evm.model.Ap4.2559","Apoc","OG_698",0,0,1
"evm.model.Ap4.2738","evm.model.Ap4.2738","Apoc","OG_189",0,0,1
"evm.model.Ap4.3371","evm.model.Ap4.3371","Apoc","OG_12510",0,0,1
"evm.model.Ap4.3515","evm.model.Ap4.3515","Apoc","OG_189",0,0,1
"evm.model.Ap4.4012","evm.model.Ap4.4012","Apoc","OG_698",0,0,1
"evm.model.Ap4.4836","evm.model.Ap4.4836","Apoc","OG_12191",0,0,1
"evm.model.Ap4.5872","evm.model.Ap4.5872","Apoc","OG_1659",1,0,1
"evm.model.Ap4.6043","evm.model.Ap4.6043","Apoc","OG_977",1,1,1
"evm.model.Ap4.6165","evm.model.Ap4.6165","Apoc","OG_150",1,1,1
"evm.model.Ap4.6165.1.5f15e3c1","evm.model.Ap4.6165.1.5f15e3c1","Apoc","OG_150",1,1,1
"evm.model.Ap4.6165.2.5f15e3c1","evm.model.Ap4.6165.2.5f15e3c1","Apoc","OG_150",1,1,1
"evm.model.Ap4.6827","evm.model.Ap4.6827","Apoc","OG_12219",0,0,1
"evm.model.Ap4.7137","evm.model.Ap4.7137","Apoc","OG_6293",0,0,1
"evm.model.Ap4.7147","evm.model.Ap4.7147","Apoc","OG_9466",0,0,1
"evm.model.Ap5.1324","evm.model.Ap5.1324","Apoc","OG_472",1,1,1
"evm.model.Ap5.1523","evm.model.Ap5.1523","Apoc","OG_335",0,0,1
"evm.model.Ap5.160","evm.model.Ap5.160","Apoc","OG_8635",1,0,1
"evm.model.Ap5.1814","evm.model.Ap5.1814","Apoc","OG_189",0,0,1
"evm.model.Ap5.211","evm.model.Ap5.211","Apoc","OG_565",0,1,1
"evm.model.Ap5.2416","evm.model.Ap5.2416","Apoc","OG_338",0,1,1
"evm.model.Ap5.2419","evm.model.Ap5.2419","Apoc","OG_338",0,1,1
"evm.model.Ap5.325","evm.model.Ap5.325","Apoc","OG_6259",1,1,1
"evm.model.Ap5.341","evm.model.Ap5.341","Apoc","OG_336",1,1,1
"evm.model.Ap5.342","evm.model.Ap5.342","Apoc","OG_6259",1,1,1
"evm.model.Ap5.351","evm.model.Ap5.351","Apoc","OG_336",1,1,1
"evm.model.Ap5.864","evm.model.Ap5.864","Apoc","OG_8988",0,0,1
"evm.model.Ap6.1075","evm.model.Ap6.1075","Apoc","OG_985",0,1,1
"evm.model.Ap6.1620","evm.model.Ap6.1620","Apoc","OG_1022",1,1,1
"evm.model.Ap6.1629","evm.model.Ap6.1629","Apoc","OG_1022",1,1,1
"evm.model.Ap6.19","evm.model.Ap6.19","Apoc","OG_12669",1,0,1
"evm.model.Ap6.2401","evm.model.Ap6.2401","Apoc","OG_10179",0,0,1
"evm.model.Ap6.2440","evm.model.Ap6.2440","Apoc","OG_532",0,1,1
"evm.model.Ap6.3004","evm.model.Ap6.3004","Apoc","OG_10175",0,0,1
"evm.model.Ap6.3147","evm.model.Ap6.3147","Apoc","OG_5203",1,1,1
"evm.model.Ap6.483","evm.model.Ap6.483","Apoc","OG_4376",0,0,1
"evm.model.Ap6.492","evm.model.Ap6.492","Apoc","OG_1311",0,1,1
"evm.model.Ap6.639","evm.model.Ap6.639","Apoc","OG_4424",0,1,1
"evm.model.Ap6.972_evm.model.Ap6.974","evm.model.Ap6.972_evm.model.Ap6.974","Apoc","OG_10323",0,0,1
"evm.model.Ap7.113","evm.model.Ap7.113","Apoc","OG_9744",0,0,1
"evm.model.Ap7.203","evm.model.Ap7.203","Apoc","OG_4320",0,0,1
"evm.model.Ap7.2037","evm.model.Ap7.2037","Apoc","OG_1067",1,0,1
"evm.model.Ap7.2668","evm.model.Ap7.2668","Apoc","OG_189",0,0,1
"evm.model.Ap7.2782","evm.model.Ap7.2782","Apoc","OG_9899",0,1,1
"evm.model.Ap7.2874","evm.model.Ap7.2874","Apoc","OG_9782",1,0,1
"evm.model.Ap7.327","evm.model.Ap7.327","Apoc","OG_308",0,0,1
"evm.model.Ap8.1005","evm.model.Ap8.1005","Apoc","OG_6693",1,1,1
"evm.model.Ap8.224","evm.model.Ap8.224","Apoc","OG_769",0,0,1
"evm.model.Ap8.224.1.5f15e58b","evm.model.Ap8.224.1.5f15e58b","Apoc","OG_769",0,0,1
"evm.model.Ap8.2344","evm.model.Ap8.2344","Apoc","OG_7480",0,0,1
"evm.model.Ap8.2345","evm.model.Ap8.2345","Apoc","OG_7480",0,0,1
"evm.model.Ap8.2346","evm.model.Ap8.2346","Apoc","OG_7480",0,0,1
"evm.model.Ap8.2396","evm.model.Ap8.2396","Apoc","OG_9093",0,0,1
"evm.model.Ap8.2695","evm.model.Ap8.2695","Apoc","OG_9016",0,0,1
"evm.model.Ap8.2793","evm.model.Ap8.2793","Apoc","OG_868",0,1,1
"evm.model.Ap8.414","evm.model.Ap8.414","Apoc","OG_787",0,0,1
"evm.model.Ap9.1149","evm.model.Ap9.1149","Apoc","OG_6207",0,0,1
"evm.model.Ap9.1149.1.5f15e73f","evm.model.Ap9.1149.1.5f15e73f","Apoc","OG_6207",0,0,1
"evm.model.Ap9.1367","evm.model.Ap9.1367","Apoc","OG_392",1,1,1
"evm.model.Ap9.152","evm.model.Ap9.152","Apoc","OG_6727",0,1,1
"evm.model.Ap9.1707","evm.model.Ap9.1707","Apoc","OG_698",0,0,1
"evm.model.Ap9.1884","evm.model.Ap9.1884","Apoc","OG_188",0,0,1
"evm.model.Ap9.2113","evm.model.Ap9.2113","Apoc","OG_452",0,0,1
"evm.model.Ap9.219","evm.model.Ap9.219","Apoc","OG_4915",0,0,1
"evm.model.Ap9.512","evm.model.Ap9.512","Apoc","OG_447",1,1,1
"evm.model.Ap9.546","evm.model.Ap9.546","Apoc","OG_444",0,0,1
"evm.model.Ap9.744","evm.model.Ap9.744","Apoc","OG_967",0,1,1
"evm.model.Ap1.1220","evm.model.Ap1.1220","Apoc","OG_11584",1,0,1
"evm.model.Ap1.1502","evm.model.Ap1.1502","Apoc","OG_12569",0,1,1
"evm.model.Ap1.1817","evm.model.Ap1.1817","Apoc","OG_6503",0,0,1
"evm.model.Ap1.1817.1.5f15e075","evm.model.Ap1.1817.1.5f15e075","Apoc","OG_6503",0,0,1
"evm.model.Ap1.1856","evm.model.Ap1.1856","Apoc","OG_697",0,1,1
"evm.model.Ap1.1859","evm.model.Ap1.1859","Apoc","OG_247",1,0,1
"evm.model.Ap1.1925","evm.model.Ap1.1925","Apoc","OG_11506",1,0,1
"evm.model.Ap1.2","evm.model.Ap1.2","Apoc","OG_168",0,0,1
"evm.model.Ap1.2035","evm.model.Ap1.2035","Apoc","OG_312",0,1,1
"evm.model.Ap1.2139","evm.model.Ap1.2139","Apoc","OG_246",1,0,1
"evm.model.Ap1.2550","evm.model.Ap1.2550","Apoc","OG_6614",1,0,1
"evm.model.Ap1.2646","evm.model.Ap1.2646","Apoc","OG_3536",1,0,1
"evm.model.Ap1.2686","evm.model.Ap1.2686","Apoc","OG_6340",1,1,1
"evm.model.Ap1.2686.1.5f15e1cd","evm.model.Ap1.2686.1.5f15e1cd","Apoc","OG_6340",1,1,1
"evm.model.Ap1.3089","evm.model.Ap1.3089","Apoc","OG_640",1,1,1
"evm.model.Ap1.330","evm.model.Ap1.330","Apoc","OG_11489",1,0,1
"evm.model.Ap1.659","evm.model.Ap1.659","Apoc","OG_3436",0,0,1
"evm.model.Ap1.755","evm.model.Ap1.755","Apoc","OG_11583",0,0,1
"evm.model.Ap10.1593","evm.model.Ap10.1593","Apoc","OG_181",0,1,1
"evm.model.Ap10.1691","evm.model.Ap10.1691","Apoc","OG_161",0,1,1
"evm.model.Ap10.2023","evm.model.Ap10.2023","Apoc","OG_161",0,1,1
"evm.model.Ap10.2065","evm.model.Ap10.2065","Apoc","OG_124",1,1,1
"evm.model.Ap10.788","evm.model.Ap10.788","Apoc","OG_155",1,1,1
"evm.model.Ap11.1293","evm.model.Ap11.1293","Apoc","OG_6213",0,1,1
"evm.model.Ap11.136","evm.model.Ap11.136","Apoc","OG_7097",0,0,1
"evm.model.Ap11.1636","evm.model.Ap11.1636","Apoc","OG_5197",0,1,1
"evm.model.Ap11.1795","evm.model.Ap11.1795","Apoc","OG_1282",0,0,1
"evm.model.Ap11.248","evm.model.Ap11.248","Apoc","OG_882",1,1,1
"evm.model.Ap11.340","evm.model.Ap11.340","Apoc","OG_971",0,1,1
"evm.model.Ap11.464","evm.model.Ap11.464","Apoc","OG_134",0,0,1
"evm.model.Ap11.467","evm.model.Ap11.467","Apoc","OG_134",0,0,1
"evm.model.Ap12.1041","evm.model.Ap12.1041","Apoc","OG_3069",0,1,1
"evm.model.Ap12.1156","evm.model.Ap12.1156","Apoc","OG_548",0,1,1
"evm.model.Ap12.1384","evm.model.Ap12.1384","Apoc","OG_3189",0,0,1
"evm.model.Ap12.2037","evm.model.Ap12.2037","Apoc","OG_853",1,1,1
"evm.model.Ap12.2039","evm.model.Ap12.2039","Apoc","OG_460",0,0,1
"evm.model.Ap12.2127_evm.model.Ap12.2128","evm.model.Ap12.2127_evm.model.Ap12.2128","Apoc","OG_312",0,1,1
"evm.model.Ap12.2129","evm.model.Ap12.2129","Apoc","OG_312",0,1,1
"evm.model.Ap12.2218","evm.model.Ap12.2218","Apoc","OG_312",0,1,1
"evm.model.Ap12.2265","evm.model.Ap12.2265","Apoc","OG_3236",1,1,1
"evm.model.Ap12.2265.1.5f15e67d","evm.model.Ap12.2265.1.5f15e67d","Apoc","OG_3236",1,1,1
"evm.model.Ap12.2495","evm.model.Ap12.2495","Apoc","OG_6285",0,0,1
"evm.model.Ap12.2736","evm.model.Ap12.2736","Apoc","OG_3251",0,0,1
"evm.model.Ap12.76","evm.model.Ap12.76","Apoc","OG_8599",0,0,1
"evm.model.Ap12.772","evm.model.Ap12.772","Apoc","OG_5277",0,0,1
"evm.model.Ap12.995","evm.model.Ap12.995","Apoc","OG_311",0,0,1
"evm.model.Ap13.136","evm.model.Ap13.136","Apoc","OG_12455",0,0,1
"evm.model.Ap13.1363","evm.model.Ap13.1363","Apoc","OG_1499",0,0,1
"evm.model.Ap13.137","evm.model.Ap13.137","Apoc","OG_10559",1,1,1
"evm.model.Ap13.1403","evm.model.Ap13.1403","Apoc","OG_10697",0,0,1
"evm.model.Ap13.1624","evm.model.Ap13.1624","Apoc","OG_559",1,1,1
"evm.model.Ap13.1658","evm.model.Ap13.1658","Apoc","OG_176",1,1,1
"evm.model.Ap13.2121","evm.model.Ap13.2121","Apoc","OG_6802",0,1,1
"evm.model.Ap13.2165","evm.model.Ap13.2165","Apoc","OG_6323",0,1,1
"evm.model.Ap13.2234","evm.model.Ap13.2234","Apoc","OG_987",0,0,1
"evm.model.Ap13.2385","evm.model.Ap13.2385","Apoc","OG_596",1,1,1
"evm.model.Ap13.3001","evm.model.Ap13.3001","Apoc","OG_1491",0,0,1
"evm.model.Ap13.3064","evm.model.Ap13.3064","Apoc","OG_10598",0,0,1
"evm.model.Ap13.3136","evm.model.Ap13.3136","Apoc","OG_10718",0,0,1
"evm.model.Ap13.363","evm.model.Ap13.363","Apoc","OG_300",1,1,1
"evm.model.Ap13.443","evm.model.Ap13.443","Apoc","OG_10564",0,0,1
"evm.model.Ap13.838","evm.model.Ap13.838","Apoc","OG_697",0,1,1
"evm.model.Ap13.959","evm.model.Ap13.959","Apoc","OG_10741",0,1,1
"evm.model.Ap14.1533","evm.model.Ap14.1533","Apoc","OG_173",1,1,1
"evm.model.Ap14.1559","evm.model.Ap14.1559","Apoc","OG_1402",1,0,1
"evm.model.Ap14.1738","evm.model.Ap14.1738","Apoc","OG_875",0,1,1
"evm.model.Ap14.1989","evm.model.Ap14.1989","Apoc","OG_7422",1,1,1
"evm.model.Ap14.2032","evm.model.Ap14.2032","Apoc","OG_2194",0,0,1
"evm.model.Ap14.42","evm.model.Ap14.42","Apoc","OG_222",0,1,1
"evm.model.Ap14.440","evm.model.Ap14.440","Apoc","OG_316",0,1,1
"evm.model.Ap14.641","evm.model.Ap14.641","Apoc","OG_930",0,0,1
"evm.model.Ap14.953","evm.model.Ap14.953","Apoc","OG_7629",0,0,1
"evm.model.Ap2.1071_evm.model.Ap2.1061","evm.model.Ap2.1071_evm.model.Ap2.1061","Apoc","OG_1928",0,0,1
"evm.model.Ap2.1605","evm.model.Ap2.1605","Apoc","OG_12455",0,0,1
"evm.model.Ap2.1609","evm.model.Ap2.1609","Apoc","OG_5083",0,1,1
"evm.model.Ap2.1621","evm.model.Ap2.1621","Apoc","OG_5083",0,1,1
"evm.model.Ap2.1940","evm.model.Ap2.1940","Apoc","OG_325",0,1,1
"evm.model.Ap2.197","evm.model.Ap2.197","Apoc","OG_11299",0,0,1
"evm.model.Ap2.1994","evm.model.Ap2.1994","Apoc","OG_1973",0,0,1
"evm.model.Ap2.263","evm.model.Ap2.263","Apoc","OG_1890",1,0,1
"evm.model.Ap2.2667","evm.model.Ap2.2667","Apoc","OG_6535",1,0,1
"evm.model.Ap2.3052","evm.model.Ap2.3052","Apoc","OG_379",0,0,1
"evm.model.Ap2.3256","evm.model.Ap2.3256","Apoc","OG_11118",0,0,1
"evm.model.Ap2.340","evm.model.Ap2.340","Apoc","OG_130",0,1,1
"evm.model.Ap2.368","evm.model.Ap2.368","Apoc","OG_11054",0,1,1
"evm.model.Ap2.3773","evm.model.Ap2.3773","Apoc","OG_372",1,1,1
"evm.model.Ap2.3775","evm.model.Ap2.3775","Apoc","OG_372",1,1,1
"evm.model.Ap2.3889_evm.model.Ap2.3892","evm.model.Ap2.3889_evm.model.Ap2.3892","Apoc","OG_10905",0,0,1
"evm.model.Ap2.3905","evm.model.Ap2.3905","Apoc","OG_247",1,0,1
"evm.model.Ap2.630","evm.model.Ap2.630","Apoc","OG_11210",0,0,1
"evm.model.Ap2.824","evm.model.Ap2.824","Apoc","OG_633",0,0,1
"evm.model.Ap2.9","evm.model.Ap2.9","Apoc","OG_1920",1,0,1
"evm.model.Ap3.1210","evm.model.Ap3.1210","Apoc","OG_8043",1,0,1
"evm.model.Ap3.128","evm.model.Ap3.128","Apoc","OG_7909",0,1,1
"evm.model.Ap3.134","evm.model.Ap3.134","Apoc","OG_7947",0,1,1
"evm.model.Ap3.1341","evm.model.Ap3.1341","Apoc","OG_161",0,1,1
"evm.model.Ap3.1493","evm.model.Ap3.1493","Apoc","OG_436",1,1,1
"evm.model.Ap3.1592","evm.model.Ap3.1592","Apoc","OG_148",1,1,1
"evm.model.Ap3.169","evm.model.Ap3.169","Apoc","OG_8165",1,1,1
"evm.model.Ap3.2164","evm.model.Ap3.2164","Apoc","OG_273",1,1,1
"evm.model.Ap3.2290","evm.model.Ap3.2290","Apoc","OG_149",1,1,1
"evm.model.Ap3.2494","evm.model.Ap3.2494","Apoc","OG_2584",0,0,1
"evm.model.Ap3.295","evm.model.Ap3.295","Apoc","OG_7707",1,0,1
"evm.model.Ap3.344","evm.model.Ap3.344","Apoc","OG_1003",0,0,1
"evm.model.Ap3.603","evm.model.Ap3.603","Apoc","OG_2402",1,0,1
"evm.model.Ap3.747","evm.model.Ap3.747","Apoc","OG_5380",0,1,1
"evm.model.Ap4.1413","evm.model.Ap4.1413","Apoc","OG_12271",1,1,1
"evm.model.Ap4.1665","evm.model.Ap4.1665","Apoc","OG_161",0,1,1
"evm.model.Ap4.1743","evm.model.Ap4.1743","Apoc","OG_11833",1,0,1
"evm.model.Ap4.1780","evm.model.Ap4.1780","Apoc","OG_6524",1,0,1
"evm.model.Ap4.463","evm.model.Ap4.463","Apoc","OG_11942",0,0,1
"evm.model.Ap4.4934","evm.model.Ap4.4934","Apoc","OG_11819",0,0,1
"evm.model.Ap4.4934.1.5f15e143","evm.model.Ap4.4934.1.5f15e143","Apoc","OG_11819",0,0,1
"evm.model.Ap4.5160","evm.model.Ap4.5160","Apoc","OG_617",1,1,1
"evm.model.Ap4.5313","evm.model.Ap4.5313","Apoc","OG_5139",0,0,1
"evm.model.Ap4.536","evm.model.Ap4.536","Apoc","OG_12516",0,0,1
"evm.model.Ap4.5580","evm.model.Ap4.5580","Apoc","OG_168",0,0,1
"evm.model.Ap4.5689","evm.model.Ap4.5689","Apoc","OG_1670",0,0,1
"evm.model.Ap4.6011","evm.model.Ap4.6011","Apoc","OG_751",0,1,1
"evm.model.Ap4.6014","evm.model.Ap4.6014","Apoc","OG_751",0,1,1
"evm.model.Ap4.6019","evm.model.Ap4.6019","Apoc","OG_751",0,1,1
"evm.model.Ap4.6415","evm.model.Ap4.6415","Apoc","OG_6367",0,0,1
"evm.model.Ap4.7031","evm.model.Ap4.7031","Apoc","OG_971",0,1,1
"evm.model.Ap5.1023","evm.model.Ap5.1023","Apoc","OG_3838",0,0,1
"evm.model.Ap5.1320","evm.model.Ap5.1320","Apoc","OG_8651",1,0,1
"evm.model.Ap5.1718_evm.model.Ap5.1714.1.5f168d0d","evm.model.Ap5.1718_evm.model.Ap5.1714.1.5f168d0d","Apoc","OG_150",1,1,1
"evm.model.Ap5.2912","evm.model.Ap5.2912","Apoc","OG_8900",0,0,1
"evm.model.Ap5.538","evm.model.Ap5.538","Apoc","OG_9007",1,0,1
"evm.model.Ap5.699","evm.model.Ap5.699","Apoc","OG_8212",0,0,1
"evm.model.Ap6.101","evm.model.Ap6.101","Apoc","OG_10160",0,0,1
"evm.model.Ap6.1051","evm.model.Ap6.1051","Apoc","OG_1139",1,0,1
"evm.model.Ap6.1262","evm.model.Ap6.1262","Apoc","OG_10363",1,0,1
"evm.model.Ap6.1761","evm.model.Ap6.1761","Apoc","OG_5942",0,0,1
"evm.model.Ap6.1928","evm.model.Ap6.1928","Apoc","OG_7106",1,0,1
"evm.model.Ap6.2037","evm.model.Ap6.2037","Apoc","OG_168",0,0,1
"evm.model.Ap6.208","evm.model.Ap6.208","Apoc","OG_12435",0,1,1
"evm.model.Ap6.2484","evm.model.Ap6.2484","Apoc","OG_10294",0,0,1
"evm.model.Ap6.2667","evm.model.Ap6.2667","Apoc","OG_168",0,0,1
"evm.model.Ap6.2672","evm.model.Ap6.2672","Apoc","OG_6314",0,0,1
"evm.model.Ap6.2727","evm.model.Ap6.2727","Apoc","OG_1480",0,1,1
"evm.model.Ap6.2751","evm.model.Ap6.2751","Apoc","OG_10003",0,0,1
"evm.model.Ap6.285","evm.model.Ap6.285","Apoc","OG_545",1,0,1
"evm.model.Ap6.3059","evm.model.Ap6.3059","Apoc","OG_10255",0,1,1
"evm.model.Ap6.3112","evm.model.Ap6.3112","Apoc","OG_5242",0,1,1
"evm.model.Ap6.3155_evm.model.Ap6.3156","evm.model.Ap6.3155_evm.model.Ap6.3156","Apoc","OG_6786",0,0,1
"evm.model.Ap6.3155_evm.model.Ap6.3156.2.5f169177","evm.model.Ap6.3155_evm.model.Ap6.3156.2.5f169177","Apoc","OG_6786",0,0,1
"evm.model.Ap6.416","evm.model.Ap6.416","Apoc","OG_527",0,1,1
"evm.model.Ap7.1363","evm.model.Ap7.1363","Apoc","OG_9966",1,0,1
"evm.model.Ap7.1497","evm.model.Ap7.1497","Apoc","OG_8434",1,1,1
"evm.model.Ap7.1506","evm.model.Ap7.1506","Apoc","OG_480",0,1,1
"evm.model.Ap7.1768","evm.model.Ap7.1768","Apoc","OG_984",1,1,1
"evm.model.Ap7.192","evm.model.Ap7.192","Apoc","OG_9848",1,0,1
"evm.model.Ap7.195","evm.model.Ap7.195","Apoc","OG_4322",1,0,1
"evm.model.Ap7.2035","evm.model.Ap7.2035","Apoc","OG_6604",1,1,1
"evm.model.Ap7.2231","evm.model.Ap7.2231","Apoc","OG_486",0,0,1
"evm.model.Ap7.2241","evm.model.Ap7.2241","Apoc","OG_9753",0,0,1
"evm.model.Ap7.2863","evm.model.Ap7.2863","Apoc","OG_9842",0,1,1
"evm.model.Ap7.2915","evm.model.Ap7.2915","Apoc","OG_9787",0,0,1
"evm.model.Ap7.397","evm.model.Ap7.397","Apoc","OG_168",0,0,1
"evm.model.Ap7.555","evm.model.Ap7.555","Apoc","OG_168",0,0,1
"evm.model.Ap8.1069","evm.model.Ap8.1069","Apoc","OG_161",0,1,1
"evm.model.Ap8.1287","evm.model.Ap8.1287","Apoc","OG_9210",1,0,1
"evm.model.Ap8.1347","evm.model.Ap8.1347","Apoc","OG_155",1,1,1
"evm.model.Ap8.1673","evm.model.Ap8.1673","Apoc","OG_9141",0,0,1
"evm.model.Ap8.1746","evm.model.Ap8.1746","Apoc","OG_9309",0,0,1
"evm.model.Ap8.2024","evm.model.Ap8.2024","Apoc","OG_6697",0,0,1
"evm.model.Ap8.2383","evm.model.Ap8.2383","Apoc","OG_9193",1,0,1
"evm.model.Ap8.2565","evm.model.Ap8.2565","Apoc","OG_697",0,1,1
"evm.model.Ap8.2593","evm.model.Ap8.2593","Apoc","OG_9304",0,0,1
"evm.model.Ap8.2726","evm.model.Ap8.2726","Apoc","OG_7627",1,0,1
"evm.model.Ap8.2767","evm.model.Ap8.2767","Apoc","OG_6682",1,1,1
"evm.model.Ap8.2767.1.5f15e8cb","evm.model.Ap8.2767.1.5f15e8cb","Apoc","OG_6682",1,1,1
"evm.model.Ap8.277","evm.model.Ap8.277","Apoc","OG_9263",0,1,1
"evm.model.Ap8.2852","evm.model.Ap8.2852","Apoc","OG_166",1,1,1
"evm.model.Ap8.348","evm.model.Ap8.348","Apoc","OG_1091",0,1,1
"evm.model.Ap8.364","evm.model.Ap8.364","Apoc","OG_1091",0,1,1
"evm.model.Ap8.365","evm.model.Ap8.365","Apoc","OG_1091",0,1,1
"evm.model.Ap8.648","evm.model.Ap8.648","Apoc","OG_6061",1,0,1
"evm.model.Ap8.695","evm.model.Ap8.695","Apoc","OG_5326",1,0,1
"evm.model.Ap9.1107","evm.model.Ap9.1107","Apoc","OG_1098",0,1,1
"evm.model.Ap9.1492","evm.model.Ap9.1492","Apoc","OG_475",1,0,1
"evm.model.Ap9.1645","evm.model.Ap9.1645","Apoc","OG_450",0,1,1
"evm.model.Ap9.1646","evm.model.Ap9.1646","Apoc","OG_450",0,1,1
"evm.model.Ap9.1739","evm.model.Ap9.1739","Apoc","OG_126",1,1,1
"evm.model.Ap9.1815","evm.model.Ap9.1815","Apoc","OG_340",0,1,1
"evm.model.Ap9.1990","evm.model.Ap9.1990","Apoc","OG_770",0,0,1
"evm.model.Ap9.2455","evm.model.Ap9.2455","Apoc","OG_9555",0,0,1
"evm.model.Ap9.2581","evm.model.Ap9.2581","Apoc","OG_9405",1,0,1
"evm.model.Ap9.2615","evm.model.Ap9.2615","Apoc","OG_6296",0,0,1
"evm.model.Ap9.2746","evm.model.Ap9.2746","Apoc","OG_157",0,1,1
"evm.model.Ap9.310","evm.model.Ap9.310","Apoc","OG_4926",0,0,1
"evm.model.Ap9.974","evm.model.Ap9.974","Apoc","OG_168",0,0,1
"evm.model.Ap1.1266","evm.model.Ap1.1266","Apoc","OG_3472",1,1,1
"evm.model.Ap1.1567","evm.model.Ap1.1567","Apoc","OG_241",1,1,1
"evm.model.Ap1.1580","evm.model.Ap1.1580","Apoc","OG_1079",0,1,1
"evm.model.Ap1.1617","evm.model.Ap1.1617","Apoc","OG_3400",0,1,1
"evm.model.Ap1.1668","evm.model.Ap1.1668","Apoc","OG_1268",1,0,1
"evm.model.Ap1.1668.1.5f15e044","evm.model.Ap1.1668.1.5f15e044","Apoc","OG_1268",1,0,1
"evm.model.Ap1.192","evm.model.Ap1.192","Apoc","OG_984",1,1,1
"evm.model.Ap1.1992","evm.model.Ap1.1992","Apoc","OG_148",1,1,1
"evm.model.Ap1.2020","evm.model.Ap1.2020","Apoc","OG_3366",1,0,1
"evm.model.Ap1.2349","evm.model.Ap1.2349","Apoc","OG_853",1,1,1
"evm.model.Ap1.2675","evm.model.Ap1.2675","Apoc","OG_10754",0,0,1
"evm.model.Ap1.3511","evm.model.Ap1.3511","Apoc","OG_11548",0,0,1
"evm.model.Ap1.3762","evm.model.Ap1.3762","Apoc","OG_1112",0,0,1
"evm.model.Ap1.669","evm.model.Ap1.669","Apoc","OG_647",1,1,1
"evm.model.Ap1.720","evm.model.Ap1.720","Apoc","OG_641",1,0,1
"evm.model.Ap1.77","evm.model.Ap1.77","Apoc","OG_11540",0,0,1
"evm.model.Ap1.826","evm.model.Ap1.826","Apoc","OG_11536",0,0,1
"evm.model.Ap10.1228","evm.model.Ap10.1228","Apoc","OG_160",1,1,1
"evm.model.Ap10.1248","evm.model.Ap10.1248","Apoc","OG_1090",0,1,1
"evm.model.Ap10.1574","evm.model.Ap10.1574","Apoc","OG_951",0,1,1
"evm.model.Ap10.1824","evm.model.Ap10.1824","Apoc","OG_162",1,0,1
"evm.model.Ap10.1829","evm.model.Ap10.1829","Apoc","OG_162",1,0,1
"evm.model.Ap10.2045","evm.model.Ap10.2045","Apoc","OG_979",0,1,1
"evm.model.Ap10.373","evm.model.Ap10.373","Apoc","OG_6462",0,1,1
"evm.model.Ap10.393","evm.model.Ap10.393","Apoc","OG_7221",0,0,1
"evm.model.Ap11.1043","evm.model.Ap11.1043","Apoc","OG_2670",0,0,1
"evm.model.Ap11.1281","evm.model.Ap11.1281","Apoc","OG_818",1,1,1
"evm.model.Ap11.1418","evm.model.Ap11.1418","Apoc","OG_7122",1,0,1
"evm.model.Ap11.1519","evm.model.Ap11.1519","Apoc","OG_6915",0,0,1
"evm.model.Ap11.1699","evm.model.Ap11.1699","Apoc","OG_7031",0,0,1
"evm.model.Ap11.1775","evm.model.Ap11.1775","Apoc","OG_380",1,0,1
"evm.model.Ap11.262","evm.model.Ap11.262","Apoc","OG_6210",1,0,1
"evm.model.Ap11.589","evm.model.Ap11.589","Apoc","OG_7045",0,1,1
"evm.model.Ap11.593_evm.model.Ap11.597","evm.model.Ap11.593_evm.model.Ap11.597","Apoc","OG_148",1,1,1
"evm.model.Ap12.100","evm.model.Ap12.100","Apoc","OG_3120",0,0,1
"evm.model.Ap12.1086","evm.model.Ap12.1086","Apoc","OG_3068",0,1,1
"evm.model.Ap12.1495","evm.model.Ap12.1495","Apoc","OG_8414",1,0,1
"evm.model.Ap12.1548","evm.model.Ap12.1548","Apoc","OG_3219",0,0,1
"evm.model.Ap12.1614","evm.model.Ap12.1614","Apoc","OG_421",0,1,1
"evm.model.Ap12.1904","evm.model.Ap12.1904","Apoc","OG_367",0,1,1
"evm.model.Ap12.1993","evm.model.Ap12.1993","Apoc","OG_8370",0,0,1
"evm.model.Ap12.2026","evm.model.Ap12.2026","Apoc","OG_559",1,1,1
"evm.model.Ap12.2121","evm.model.Ap12.2121","Apoc","OG_441",1,1,1
"evm.model.Ap12.2294","evm.model.Ap12.2294","Apoc","OG_853",1,1,1
"evm.model.Ap12.448","evm.model.Ap12.448","Apoc","OG_715",0,1,1
"evm.model.Ap12.873","evm.model.Ap12.873","Apoc","OG_3076",0,0,1
"evm.model.Ap12.896","evm.model.Ap12.896","Apoc","OG_3081",0,1,1
"evm.model.Ap13.1588","evm.model.Ap13.1588","Apoc","OG_2800",0,0,1
"evm.model.Ap13.1717","evm.model.Ap13.1717","Apoc","OG_10452",0,1,1
"evm.model.Ap13.193","evm.model.Ap13.193","Apoc","OG_9213",0,0,1
"evm.model.Ap13.214","evm.model.Ap13.214","Apoc","OG_9213",0,0,1
"evm.model.Ap13.2172","evm.model.Ap13.2172","Apoc","OG_1259",0,1,1
"evm.model.Ap13.2876","evm.model.Ap13.2876","Apoc","OG_10477",0,0,1
"evm.model.Ap13.3","evm.model.Ap13.3","Apoc","OG_10398",1,1,1
"evm.model.Ap13.3069","evm.model.Ap13.3069","Apoc","OG_322",1,0,1
"evm.model.Ap13.384","evm.model.Ap13.384","Apoc","OG_10720",0,0,1
"evm.model.Ap13.393","evm.model.Ap13.393","Apoc","OG_2868",0,1,1
"evm.model.Ap13.646","evm.model.Ap13.646","Apoc","OG_6525",1,0,1
"evm.model.Ap13.766_evm.model.Ap13.767","evm.model.Ap13.766_evm.model.Ap13.767","Apoc","OG_912",0,1,1
"evm.model.Ap13.799","evm.model.Ap13.799","Apoc","OG_853",1,1,1
"evm.model.Ap13.884","evm.model.Ap13.884","Apoc","OG_10683",1,0,1
"evm.model.Ap14.1144","evm.model.Ap14.1144","Apoc","OG_7488",0,1,1
"evm.model.Ap14.170","evm.model.Ap14.170","Apoc","OG_219",1,1,1
"evm.model.Ap14.1993","evm.model.Ap14.1993","Apoc","OG_7422",1,1,1
"evm.model.Ap14.2008","evm.model.Ap14.2008","Apoc","OG_521",1,1,1
"evm.model.Ap14.908","evm.model.Ap14.908","Apoc","OG_7357",0,0,1
"evm.model.Ap2.1016","evm.model.Ap2.1016","Apoc","OG_853",1,1,1
"evm.model.Ap2.1192","evm.model.Ap2.1192","Apoc","OG_10749",1,0,1
"evm.model.Ap2.1203","evm.model.Ap2.1203","Apoc","OG_5397",0,1,1
"evm.model.Ap2.1262","evm.model.Ap2.1262","Apoc","OG_241",1,1,1
"evm.model.Ap2.1357","evm.model.Ap2.1357","Apoc","OG_258",0,0,1
"evm.model.Ap2.1401","evm.model.Ap2.1401","Apoc","OG_10908",0,0,1
"evm.model.Ap2.1649","evm.model.Ap2.1649","Apoc","OG_10845",0,1,1
"evm.model.Ap2.2251","evm.model.Ap2.2251","Apoc","OG_1500",1,0,1
"evm.model.Ap2.2252","evm.model.Ap2.2252","Apoc","OG_1500",1,0,1
"evm.model.Ap2.2432","evm.model.Ap2.2432","Apoc","OG_2021",0,0,1
"evm.model.Ap2.2436","evm.model.Ap2.2436","Apoc","OG_563",1,1,1
"evm.model.Ap2.28","evm.model.Ap2.28","Apoc","OG_1900",0,0,1
"evm.model.Ap2.3152","evm.model.Ap2.3152","Apoc","OG_2071",0,0,1
"evm.model.Ap2.3352","evm.model.Ap2.3352","Apoc","OG_1509",0,0,1
"evm.model.Ap2.3788","evm.model.Ap2.3788","Apoc","OG_11266",1,1,1
"evm.model.Ap2.4142","evm.model.Ap2.4142","Apoc","OG_9999",1,1,1
"evm.model.Ap3.1065","evm.model.Ap3.1065","Apoc","OG_7685",0,0,1
"evm.model.Ap3.148","evm.model.Ap3.148","Apoc","OG_8037",0,1,1
"evm.model.Ap3.1481","evm.model.Ap3.1481","Apoc","OG_8148",0,0,1
"evm.model.Ap3.1660","evm.model.Ap3.1660","Apoc","OG_2519",1,0,1
"evm.model.Ap3.1709","evm.model.Ap3.1709","Apoc","OG_6544",0,0,1
"evm.model.Ap3.1726","evm.model.Ap3.1726","Apoc","OG_722",0,1,1
"evm.model.Ap3.1865","evm.model.Ap3.1865","Apoc","OG_304",1,1,1
"evm.model.Ap3.1870","evm.model.Ap3.1870","Apoc","OG_304",1,1,1
"evm.model.Ap3.2515","evm.model.Ap3.2515","Apoc","OG_7996",1,0,1
"evm.model.Ap3.545","evm.model.Ap3.545","Apoc","OG_273",1,1,1
"evm.model.Ap3.599","evm.model.Ap3.599","Apoc","OG_1314",1,0,1
"evm.model.Ap3.613","evm.model.Ap3.613","Apoc","OG_6036",1,0,1
"evm.model.Ap3.613.1.5f15e330","evm.model.Ap3.613.1.5f15e330","Apoc","OG_6036",1,0,1
"evm.model.Ap3.848","evm.model.Ap3.848","Apoc","OG_7982",0,0,1
"evm.model.Ap3.896","evm.model.Ap3.896","Apoc","OG_439",0,0,1
"evm.model.Ap4.1166","evm.model.Ap4.1166","Apoc","OG_695",0,0,1
"evm.model.Ap4.1356","evm.model.Ap4.1356","Apoc","OG_12597",1,1,1
"evm.model.Ap4.1407","evm.model.Ap4.1407","Apoc","OG_853",1,1,1
"evm.model.Ap4.2000","evm.model.Ap4.2000","Apoc","OG_258",0,0,1
"evm.model.Ap4.2973","evm.model.Ap4.2973","Apoc","OG_818",1,1,1
"evm.model.Ap4.3530","evm.model.Ap4.3530","Apoc","OG_318",1,0,1
"evm.model.Ap4.5236","evm.model.Ap4.5236","Apoc","OG_421",0,1,1
"evm.model.Ap4.5641","evm.model.Ap4.5641","Apoc","OG_12056",0,1,1
"evm.model.Ap4.5859","evm.model.Ap4.5859","Apoc","OG_11846",0,0,1
"evm.model.Ap4.6065","evm.model.Ap4.6065","Apoc","OG_737",0,1,1
"evm.model.Ap4.6184","evm.model.Ap4.6184","Apoc","OG_1546",0,0,1
"evm.model.Ap4.6257","evm.model.Ap4.6257","Apoc","OG_11921",0,0,1
"evm.model.Ap4.6309","evm.model.Ap4.6309","Apoc","OG_155",1,1,1
"evm.model.Ap4.656","evm.model.Ap4.656","Apoc","OG_853",1,1,1
"evm.model.Ap4.6778","evm.model.Ap4.6778","Apoc","OG_6098",0,0,1
"evm.model.Ap4.6809","evm.model.Ap4.6809","Apoc","OG_11821",1,0,1
"evm.model.Ap4.6828","evm.model.Ap4.6828","Apoc","OG_1631",0,0,1
"evm.model.Ap5.1136","evm.model.Ap5.1136","Apoc","OG_5647",0,0,1
"evm.model.Ap5.1316","evm.model.Ap5.1316","Apoc","OG_8789",1,0,1
"evm.model.Ap5.2619","evm.model.Ap5.2619","Apoc","OG_6655",1,0,1
"evm.model.Ap5.2619.1.5f15e722","evm.model.Ap5.2619.1.5f15e722","Apoc","OG_6655",1,0,1
"evm.model.Ap5.2818","evm.model.Ap5.2818","Apoc","OG_1338",1,1,1
"evm.model.Ap5.2943","evm.model.Ap5.2943","Apoc","OG_421",0,1,1
"evm.model.Ap5.558","evm.model.Ap5.558","Apoc","OG_8907",0,1,1
"evm.model.Ap5.582","evm.model.Ap5.582","Apoc","OG_286",0,0,1
"evm.model.Ap5.709","evm.model.Ap5.709","Apoc","OG_3926",0,1,1
"evm.model.Ap5.891","evm.model.Ap5.891","Apoc","OG_6670",0,0,1
"evm.model.Ap6.1036","evm.model.Ap6.1036","Apoc","OG_340",0,1,1
"evm.model.Ap6.1469","evm.model.Ap6.1469","Apoc","OG_10050",0,0,1
"evm.model.Ap6.1937","evm.model.Ap6.1937","Apoc","OG_406",0,1,1
"evm.model.Ap6.2355","evm.model.Ap6.2355","Apoc","OG_4600",0,0,1
"evm.model.Ap6.2451","evm.model.Ap6.2451","Apoc","OG_1370",0,1,1
"evm.model.Ap6.2487","evm.model.Ap6.2487","Apoc","OG_4537",0,0,1
"evm.model.Ap6.2518","evm.model.Ap6.2518","Apoc","OG_10006",0,0,1
"evm.model.Ap6.2744","evm.model.Ap6.2744","Apoc","OG_12563",0,1,1
"evm.model.Ap6.2907","evm.model.Ap6.2907","Apoc","OG_678",0,1,1
"evm.model.Ap6.344","evm.model.Ap6.344","Apoc","OG_4364",0,0,1
"evm.model.Ap6.577","evm.model.Ap6.577","Apoc","OG_4382",1,0,1
"evm.model.Ap6.69","evm.model.Ap6.69","Apoc","OG_4329",0,0,1
"evm.model.Ap7.1090","evm.model.Ap7.1090","Apoc","OG_5687",0,0,1
"evm.model.Ap7.1936","evm.model.Ap7.1936","Apoc","OG_722",0,1,1
"evm.model.Ap7.216","evm.model.Ap7.216","Apoc","OG_1264",0,1,1
"evm.model.Ap7.2228","evm.model.Ap7.2228","Apoc","OG_486",0,0,1
"evm.model.Ap7.2383","evm.model.Ap7.2383","Apoc","OG_324",0,1,1
"evm.model.Ap7.2508","evm.model.Ap7.2508","Apoc","OG_697",0,1,1
"evm.model.Ap7.2638","evm.model.Ap7.2638","Apoc","OG_764",1,1,1
"evm.model.Ap7.2837","evm.model.Ap7.2837","Apoc","OG_9956",0,0,1
"evm.model.Ap7.320","evm.model.Ap7.320","Apoc","OG_9752",0,0,1
"evm.model.Ap7.794","evm.model.Ap7.794","Apoc","OG_479",1,0,1
"evm.model.Ap7.794.1.5f15e879","evm.model.Ap7.794.1.5f15e879","Apoc","OG_479",1,0,1
"evm.model.Ap7.934","evm.model.Ap7.934","Apoc","OG_9686",0,0,1
"evm.model.Ap8.1068","evm.model.Ap8.1068","Apoc","OG_1136",0,0,1
"evm.model.Ap8.2357","evm.model.Ap8.2357","Apoc","OG_346",0,1,1
"evm.model.Ap8.267","evm.model.Ap8.267","Apoc","OG_5226",1,0,1
"evm.model.Ap8.2676","evm.model.Ap8.2676","Apoc","OG_9124",0,0,1
"evm.model.Ap8.2807","evm.model.Ap8.2807","Apoc","OG_1043",0,0,1
"evm.model.Ap8.838","evm.model.Ap8.838","Apoc","OG_9167",0,0,1
"evm.model.Ap9.1483","evm.model.Ap9.1483","Apoc","OG_736",0,0,1
"evm.model.Ap9.1960","evm.model.Ap9.1960","Apoc","OG_853",1,1,1
"evm.model.Ap9.2246","evm.model.Ap9.2246","Apoc","OG_4846",1,0,1
"evm.model.Ap9.24","evm.model.Ap9.24","Apoc","OG_4916",0,0,1
"evm.model.Ap9.2506","evm.model.Ap9.2506","Apoc","OG_9601",0,0,1
"evm.model.Ap9.2529","evm.model.Ap9.2529","Apoc","OG_9530",0,0,1
"evm.model.Ap9.5","evm.model.Ap9.5","Apoc","OG_4919",1,1,1
"evm.model.Ap9.906","evm.model.Ap9.906","Apoc","OG_817",1,0,1
"evm.model.Ap9.908","evm.model.Ap9.908","Apoc","OG_817",1,0,1
"evm.model.Ap1.1034","evm.model.Ap1.1034","Apoc","OG_630",0,1,1
"evm.model.Ap1.1034.1.5f15dedd","evm.model.Ap1.1034.1.5f15dedd","Apoc","OG_630",0,1,1
"evm.model.Ap1.1035","evm.model.Ap1.1035","Apoc","OG_630",0,1,1
"evm.model.Ap1.1036","evm.model.Ap1.1036","Apoc","OG_630",0,1,1
"evm.model.Ap1.1038","evm.model.Ap1.1038","Apoc","OG_1140",0,1,1
"evm.model.Ap1.1066","evm.model.Ap1.1066","Apoc","OG_3495",0,0,1
"evm.model.Ap1.1069","evm.model.Ap1.1069","Apoc","OG_165",1,1,1
"evm.model.Ap1.1092","evm.model.Ap1.1092","Apoc","OG_956",1,1,1
"evm.model.Ap1.1116","evm.model.Ap1.1116","Apoc","OG_6174",1,1,1
"evm.model.Ap1.1195","evm.model.Ap1.1195","Apoc","OG_6441",1,1,1
"evm.model.Ap1.126","evm.model.Ap1.126","Apoc","OG_6240",0,1,1
"evm.model.Ap1.132","evm.model.Ap1.132","Apoc","OG_3455",0,1,1
"evm.model.Ap1.1369","evm.model.Ap1.1369","Apoc","OG_427",0,1,1
"evm.model.Ap1.1416","evm.model.Ap1.1416","Apoc","OG_3358",0,0,1
"evm.model.Ap1.1425","evm.model.Ap1.1425","Apoc","OG_177",0,0,1
"evm.model.Ap1.1498","evm.model.Ap1.1498","Apoc","OG_6240",0,1,1
"evm.model.Ap1.1503","evm.model.Ap1.1503","Apoc","OG_12569",0,1,1
"evm.model.Ap1.1603","evm.model.Ap1.1603","Apoc","OG_11305",0,0,1
"evm.model.Ap1.1696","evm.model.Ap1.1696","Apoc","OG_647",1,1,1
"evm.model.Ap1.1813","evm.model.Ap1.1813","Apoc","OG_3390",0,0,1
"evm.model.Ap1.1860","evm.model.Ap1.1860","Apoc","OG_247",1,0,1
"evm.model.Ap1.1954","evm.model.Ap1.1954","Apoc","OG_6164",0,1,1
"evm.model.Ap1.197","evm.model.Ap1.197","Apoc","OG_11419",1,1,1
"evm.model.Ap1.2011","evm.model.Ap1.2011","Apoc","OG_12650",1,0,1
"evm.model.Ap1.2043","evm.model.Ap1.2043","Apoc","OG_447",1,1,1
"evm.model.Ap1.2103","evm.model.Ap1.2103","Apoc","OG_11746",0,0,1
"evm.model.Ap1.2105","evm.model.Ap1.2105","Apoc","OG_972",0,1,1
"evm.model.Ap1.2127","evm.model.Ap1.2127","Apoc","OG_797",1,1,1
"evm.model.Ap1.2127.1.5f15e0d8","evm.model.Ap1.2127.1.5f15e0d8","Apoc","OG_797",1,1,1
"evm.model.Ap1.2141","evm.model.Ap1.2141","Apoc","OG_644",0,0,1
"evm.model.Ap1.2174","evm.model.Ap1.2174","Apoc","OG_3505",0,0,1
"evm.model.Ap1.2199","evm.model.Ap1.2199","Apoc","OG_242",1,1,1
"evm.model.Ap1.2281","evm.model.Ap1.2281","Apoc","OG_298",0,1,1
"evm.model.Ap1.2286","evm.model.Ap1.2286","Apoc","OG_298",0,1,1
"evm.model.Ap1.2291","evm.model.Ap1.2291","Apoc","OG_298",0,1,1
"evm.model.Ap1.2292","evm.model.Ap1.2292","Apoc","OG_3520",0,1,1
"evm.model.Ap1.2320","evm.model.Ap1.2320","Apoc","OG_5969",1,0,1
"evm.model.Ap1.2546","evm.model.Ap1.2546","Apoc","OG_3559",1,0,1
"evm.model.Ap1.2595","evm.model.Ap1.2595","Apoc","OG_11344",1,1,1
"evm.model.Ap1.2657","evm.model.Ap1.2657","Apoc","OG_3530",0,0,1
"evm.model.Ap1.2663","evm.model.Ap1.2663","Apoc","OG_11398",1,0,1
"evm.model.Ap1.2707","evm.model.Ap1.2707","Apoc","OG_155",1,1,1
"evm.model.Ap1.2714","evm.model.Ap1.2714","Apoc","OG_11640",0,1,1
"evm.model.Ap1.2742","evm.model.Ap1.2742","Apoc","OG_1188",0,0,1
"evm.model.Ap1.2745","evm.model.Ap1.2745","Apoc","OG_6486",0,0,1
"evm.model.Ap1.2745.1.5f15e203","evm.model.Ap1.2745.1.5f15e203","Apoc","OG_6486",0,0,1
"evm.model.Ap1.2755","evm.model.Ap1.2755","Apoc","OG_155",1,1,1
"evm.model.Ap1.2771","evm.model.Ap1.2771","Apoc","OG_11526",0,1,1
"evm.model.Ap1.2791","evm.model.Ap1.2791","Apoc","OG_3681",0,0,1
"evm.model.Ap1.2808","evm.model.Ap1.2808","Apoc","OG_11688",0,0,1
"evm.model.Ap1.281","evm.model.Ap1.281","Apoc","OG_6175",0,1,1
"evm.model.Ap1.2815","evm.model.Ap1.2815","Apoc","OG_11500",0,0,1
"evm.model.Ap1.2831","evm.model.Ap1.2831","Apoc","OG_6340",1,1,1
"evm.model.Ap1.2847","evm.model.Ap1.2847","Apoc","OG_6340",1,1,1
"evm.model.Ap1.2907","evm.model.Ap1.2907","Apoc","OG_286",0,0,1
"evm.model.Ap1.2963","evm.model.Ap1.2963","Apoc","OG_5977",1,0,1
"evm.model.Ap1.2966","evm.model.Ap1.2966","Apoc","OG_3670",0,0,1
"evm.model.Ap1.2971","evm.model.Ap1.2971","Apoc","OG_11650",0,1,1
"evm.model.Ap1.3016","evm.model.Ap1.3016","Apoc","OG_325",0,1,1
"evm.model.Ap1.3031","evm.model.Ap1.3031","Apoc","OG_11721",1,1,1
"evm.model.Ap1.3084","evm.model.Ap1.3084","Apoc","OG_246",1,0,1
"evm.model.Ap1.3155","evm.model.Ap1.3155","Apoc","OG_6240",0,1,1
"evm.model.Ap1.3195","evm.model.Ap1.3195","Apoc","OG_6240",0,1,1
"evm.model.Ap1.3326","evm.model.Ap1.3326","Apoc","OG_3616",1,0,1
"evm.model.Ap1.3397","evm.model.Ap1.3397","Apoc","OG_3626",0,0,1
"evm.model.Ap1.3404","evm.model.Ap1.3404","Apoc","OG_11667",0,0,1
"evm.model.Ap1.3412","evm.model.Ap1.3412","Apoc","OG_1033",1,1,1
"evm.model.Ap1.3417","evm.model.Ap1.3417","Apoc","OG_11579",1,1,1
"evm.model.Ap1.3449","evm.model.Ap1.3449","Apoc","OG_11638",0,1,1
"evm.model.Ap1.3505","evm.model.Ap1.3505","Apoc","OG_6809",0,0,1
"evm.model.Ap1.351","evm.model.Ap1.351","Apoc","OG_155",1,1,1
"evm.model.Ap1.3567","evm.model.Ap1.3567","Apoc","OG_628",0,0,1
"evm.model.Ap1.3577","evm.model.Ap1.3577","Apoc","OG_170",1,1,1
"evm.model.Ap1.3592","evm.model.Ap1.3592","Apoc","OG_144",1,1,1
"evm.model.Ap1.3594","evm.model.Ap1.3594","Apoc","OG_6339",0,0,1
"evm.model.Ap1.362","evm.model.Ap1.362","Apoc","OG_11575",0,0,1
"evm.model.Ap1.3629","evm.model.Ap1.3629","Apoc","OG_6339",0,0,1
"evm.model.Ap1.3651","evm.model.Ap1.3651","Apoc","OG_3648",0,0,1
"evm.model.Ap1.3657","evm.model.Ap1.3657","Apoc","OG_170",1,1,1
"evm.model.Ap1.3704","evm.model.Ap1.3704","Apoc","OG_3561",0,1,1
"evm.model.Ap1.3706","evm.model.Ap1.3706","Apoc","OG_980",0,1,1
"evm.model.Ap1.3732","evm.model.Ap1.3732","Apoc","OG_12484",0,1,1
"evm.model.Ap1.3735","evm.model.Ap1.3735","Apoc","OG_1056",1,1,1
"evm.model.Ap1.3735.1.5f15e47a","evm.model.Ap1.3735.1.5f15e47a","Apoc","OG_1056",1,1,1
"evm.model.Ap1.3747","evm.model.Ap1.3747","Apoc","OG_286",0,0,1
"evm.model.Ap1.3759","evm.model.Ap1.3759","Apoc","OG_1056",1,1,1
"evm.model.Ap1.37_evm.model.Ap1.38","evm.model.Ap1.37_evm.model.Ap1.38","Apoc","OG_11516",0,0,1
"evm.model.Ap1.3867","evm.model.Ap1.3867","Apoc","OG_947",0,0,1
"evm.model.Ap1.3870","evm.model.Ap1.3870","Apoc","OG_325",0,1,1
"evm.model.Ap1.3891","evm.model.Ap1.3891","Apoc","OG_901",0,1,1
"evm.model.Ap1.3912","evm.model.Ap1.3912","Apoc","OG_1104",0,0,1
"evm.model.Ap1.3996","evm.model.Ap1.3996","Apoc","OG_406",0,1,1
"evm.model.Ap1.4021","evm.model.Ap1.4021","Apoc","OG_9748",0,0,1
"evm.model.Ap1.4023","evm.model.Ap1.4023","Apoc","OG_6428",1,0,1
"evm.model.Ap1.4023.1.5f15e4ce","evm.model.Ap1.4023.1.5f15e4ce","Apoc","OG_6428",1,0,1
"evm.model.Ap1.4066","evm.model.Ap1.4066","Apoc","OG_736",0,0,1
"evm.model.Ap1.4105","evm.model.Ap1.4105","Apoc","OG_257",1,1,1
"evm.model.Ap1.4178","evm.model.Ap1.4178","Apoc","OG_3582",0,0,1
"evm.model.Ap1.744","evm.model.Ap1.744","Apoc","OG_304",1,1,1
"evm.model.Ap1.749","evm.model.Ap1.749","Apoc","OG_902",0,1,1
"evm.model.Ap1.784","evm.model.Ap1.784","Apoc","OG_249",0,0,1
"evm.model.Ap1.825","evm.model.Ap1.825","Apoc","OG_6460",0,0,1
"evm.model.Ap1.835","evm.model.Ap1.835","Apoc","OG_427",0,1,1
"evm.model.Ap1.863","evm.model.Ap1.863","Apoc","OG_5961",0,0,1
"evm.model.Ap1.95","evm.model.Ap1.95","Apoc","OG_3457",1,0,1
"evm.model.Ap1.964","evm.model.Ap1.964","Apoc","OG_840",1,1,1
"evm.model.Ap1.982","evm.model.Ap1.982","Apoc","OG_6900",0,1,1
"evm.model.Ap10.102","evm.model.Ap10.102","Apoc","OG_6453",0,0,1
"evm.model.Ap10.102.1.5f15dbbd","evm.model.Ap10.102.1.5f15dbbd","Apoc","OG_6453",0,0,1
"evm.model.Ap10.1047","evm.model.Ap10.1047","Apoc","OG_159",0,1,1
"evm.model.Ap10.1049","evm.model.Ap10.1049","Apoc","OG_159",0,1,1
"evm.model.Ap10.1053","evm.model.Ap10.1053","Apoc","OG_159",0,1,1
"evm.model.Ap10.1060","evm.model.Ap10.1060","Apoc","OG_185",0,1,1
"evm.model.Ap10.1098","evm.model.Ap10.1098","Apoc","OG_6438",0,0,1
"evm.model.Ap10.1122","evm.model.Ap10.1122","Apoc","OG_248",1,1,1
"evm.model.Ap10.113","evm.model.Ap10.113","Apoc","OG_7326",0,1,1
"evm.model.Ap10.1148","evm.model.Ap10.1148","Apoc","OG_286",0,0,1
"evm.model.Ap10.1224","evm.model.Ap10.1224","Apoc","OG_890",0,0,1
"evm.model.Ap10.1313","evm.model.Ap10.1313","Apoc","OG_516",1,0,1
"evm.model.Ap10.1355","evm.model.Ap10.1355","Apoc","OG_174",1,0,1
"evm.model.Ap10.139","evm.model.Ap10.139","Apoc","OG_659",1,1,1
"evm.model.Ap10.143","evm.model.Ap10.143","Apoc","OG_1398",0,0,1
"evm.model.Ap10.15","evm.model.Ap10.15","Apoc","OG_7280",1,0,1
"evm.model.Ap10.1530","evm.model.Ap10.1530","Apoc","OG_905",1,1,1
"evm.model.Ap10.1564","evm.model.Ap10.1564","Apoc","OG_951",0,1,1
"evm.model.Ap10.1573","evm.model.Ap10.1573","Apoc","OG_951",0,1,1
"evm.model.Ap10.1580","evm.model.Ap10.1580","Apoc","OG_951",0,1,1
"evm.model.Ap10.1581","evm.model.Ap10.1581","Apoc","OG_951",0,1,1
"evm.model.Ap10.1626","evm.model.Ap10.1626","Apoc","OG_477",1,1,1
"evm.model.Ap10.1649","evm.model.Ap10.1649","Apoc","OG_3743",1,0,1
"evm.model.Ap10.1670","evm.model.Ap10.1670","Apoc","OG_161",0,1,1
"evm.model.Ap10.1739","evm.model.Ap10.1739","Apoc","OG_3727",1,0,1
"evm.model.Ap10.1751","evm.model.Ap10.1751","Apoc","OG_7215",0,0,1
"evm.model.Ap10.1762","evm.model.Ap10.1762","Apoc","OG_6441",1,1,1
"evm.model.Ap10.1763","evm.model.Ap10.1763","Apoc","OG_6441",1,1,1
"evm.model.Ap10.1862","evm.model.Ap10.1862","Apoc","OG_7271",0,0,1
"evm.model.Ap10.1884","evm.model.Ap10.1884","Apoc","OG_6470",1,0,1
"evm.model.Ap10.1884.1.5f15dede","evm.model.Ap10.1884.1.5f15dede","Apoc","OG_6470",1,0,1
"evm.model.Ap10.1897","evm.model.Ap10.1897","Apoc","OG_5963",1,0,1
"evm.model.Ap10.1914","evm.model.Ap10.1914","Apoc","OG_5193",1,1,1
"evm.model.Ap10.1978","evm.model.Ap10.1978","Apoc","OG_7243",1,1,1
"evm.model.Ap10.2006","evm.model.Ap10.2006","Apoc","OG_7181",0,0,1
"evm.model.Ap10.2090","evm.model.Ap10.2090","Apoc","OG_7344",0,0,1
"evm.model.Ap10.232","evm.model.Ap10.232","Apoc","OG_3823",0,0,1
"evm.model.Ap10.319","evm.model.Ap10.319","Apoc","OG_7210",0,1,1
"evm.model.Ap10.322","evm.model.Ap10.322","Apoc","OG_1254",0,0,1
"evm.model.Ap10.347","evm.model.Ap10.347","Apoc","OG_477",1,1,1
"evm.model.Ap10.353","evm.model.Ap10.353","Apoc","OG_3789",0,0,1
"evm.model.Ap10.433","evm.model.Ap10.433","Apoc","OG_927",0,0,1
"evm.model.Ap10.452","evm.model.Ap10.452","Apoc","OG_264",0,1,1
"evm.model.Ap10.479","evm.model.Ap10.479","Apoc","OG_516",1,0,1
"evm.model.Ap10.526","evm.model.Ap10.526","Apoc","OG_209",1,0,1
"evm.model.Ap10.63","evm.model.Ap10.63","Apoc","OG_7308",0,0,1
"evm.model.Ap10.637","evm.model.Ap10.637","Apoc","OG_3702",1,1,1
"evm.model.Ap10.730","evm.model.Ap10.730","Apoc","OG_130",0,1,1
"evm.model.Ap10.774","evm.model.Ap10.774","Apoc","OG_5420",1,0,1
"evm.model.Ap10.78","evm.model.Ap10.78","Apoc","OG_7315",0,0,1
"evm.model.Ap10.882","evm.model.Ap10.882","Apoc","OG_197",1,0,1
"evm.model.Ap10.915","evm.model.Ap10.915","Apoc","OG_3699",1,0,1
"evm.model.Ap11.1069","evm.model.Ap11.1069","Apoc","OG_477",1,1,1
"evm.model.Ap11.1102","evm.model.Ap11.1102","Apoc","OG_6224",0,0,1
"evm.model.Ap11.1192","evm.model.Ap11.1192","Apoc","OG_6604",1,1,1
"evm.model.Ap11.1223","evm.model.Ap11.1223","Apoc","OG_6976",0,0,1
"evm.model.Ap11.1279","evm.model.Ap11.1279","Apoc","OG_723",1,0,1
"evm.model.Ap11.1287","evm.model.Ap11.1287","Apoc","OG_12538",0,0,1
"evm.model.Ap11.1303","evm.model.Ap11.1303","Apoc","OG_6987",0,0,1
"evm.model.Ap11.1306","evm.model.Ap11.1306","Apoc","OG_2694",1,0,1
"evm.model.Ap11.1371","evm.model.Ap11.1371","Apoc","OG_128",1,0,1
"evm.model.Ap11.14","evm.model.Ap11.14","Apoc","OG_6371",1,0,1
"evm.model.Ap11.14.1.5f15db9e","evm.model.Ap11.14.1.5f15db9e","Apoc","OG_6371",1,0,1
"evm.model.Ap11.14.2.5f15db9e","evm.model.Ap11.14.2.5f15db9e","Apoc","OG_6371",1,0,1
"evm.model.Ap11.1408","evm.model.Ap11.1408","Apoc","OG_2376",0,0,1
"evm.model.Ap11.1415","evm.model.Ap11.1415","Apoc","OG_2376",0,0,1
"evm.model.Ap11.1421","evm.model.Ap11.1421","Apoc","OG_2691",1,0,1
"evm.model.Ap11.1424","evm.model.Ap11.1424","Apoc","OG_1336",1,1,1
"evm.model.Ap11.1426","evm.model.Ap11.1426","Apoc","OG_6931",0,0,1
"evm.model.Ap11.1435","evm.model.Ap11.1435","Apoc","OG_1387",0,0,1
"evm.model.Ap11.1451","evm.model.Ap11.1451","Apoc","OG_148",1,1,1
"evm.model.Ap11.1455","evm.model.Ap11.1455","Apoc","OG_148",1,1,1
"evm.model.Ap11.1457","evm.model.Ap11.1457","Apoc","OG_148",1,1,1
"evm.model.Ap11.149","evm.model.Ap11.149","Apoc","OG_6766",0,0,1
"evm.model.Ap11.1536","evm.model.Ap11.1536","Apoc","OG_6992",0,0,1
"evm.model.Ap11.1584","evm.model.Ap11.1584","Apoc","OG_2732",1,0,1
"evm.model.Ap11.1682","evm.model.Ap11.1682","Apoc","OG_243",0,0,1
"evm.model.Ap11.1706","evm.model.Ap11.1706","Apoc","OG_6921",0,0,1
"evm.model.Ap11.1746","evm.model.Ap11.1746","Apoc","OG_438",1,1,1
"evm.model.Ap11.1776","evm.model.Ap11.1776","Apoc","OG_6425",0,0,1
"evm.model.Ap11.1776.1.5f15deeb","evm.model.Ap11.1776.1.5f15deeb","Apoc","OG_6425",0,0,1
"evm.model.Ap11.1796","evm.model.Ap11.1796","Apoc","OG_1282",0,0,1
"evm.model.Ap11.1856","evm.model.Ap11.1856","Apoc","OG_869",0,1,1
"evm.model.Ap11.186","evm.model.Ap11.186","Apoc","OG_7018",0,0,1
"evm.model.Ap11.1863","evm.model.Ap11.1863","Apoc","OG_2634",0,0,1
"evm.model.Ap11.1907","evm.model.Ap11.1907","Apoc","OG_6925",0,0,1
"evm.model.Ap11.332_evm.model.Ap11.328","evm.model.Ap11.332_evm.model.Ap11.328","Apoc","OG_7092",0,0,1
"evm.model.Ap11.358","evm.model.Ap11.358","Apoc","OG_6871",1,1,1
"evm.model.Ap11.367","evm.model.Ap11.367","Apoc","OG_487",1,1,1
"evm.model.Ap11.375","evm.model.Ap11.375","Apoc","OG_7080",0,0,1
"evm.model.Ap11.413","evm.model.Ap11.413","Apoc","OG_5090",1,1,1
"evm.model.Ap11.422","evm.model.Ap11.422","Apoc","OG_938",1,1,1
"evm.model.Ap11.48","evm.model.Ap11.48","Apoc","OG_6900",0,1,1
"evm.model.Ap11.501","evm.model.Ap11.501","Apoc","OG_2300",0,0,1
"evm.model.Ap11.543","evm.model.Ap11.543","Apoc","OG_6900",0,1,1
"evm.model.Ap11.598","evm.model.Ap11.598","Apoc","OG_6938",0,1,1
"evm.model.Ap11.618","evm.model.Ap11.618","Apoc","OG_7072",1,1,1
"evm.model.Ap11.62","evm.model.Ap11.62","Apoc","OG_7010",0,0,1
"evm.model.Ap11.741","evm.model.Ap11.741","Apoc","OG_208",0,0,1
"evm.model.Ap11.76","evm.model.Ap11.76","Apoc","OG_6947",0,0,1
"evm.model.Ap11.796","evm.model.Ap11.796","Apoc","OG_6407",0,0,1
"evm.model.Ap11.816","evm.model.Ap11.816","Apoc","OG_137",0,0,1
"evm.model.Ap11.848","evm.model.Ap11.848","Apoc","OG_808",0,1,1
"evm.model.Ap11.87","evm.model.Ap11.87","Apoc","OG_7051",0,0,1
"evm.model.Ap11.950","evm.model.Ap11.950","Apoc","OG_1120",0,1,1
"evm.model.Ap12.10","evm.model.Ap12.10","Apoc","OG_8397",0,0,1
"evm.model.Ap12.101","evm.model.Ap12.101","Apoc","OG_3123",0,0,1
"evm.model.Ap12.1270","evm.model.Ap12.1270","Apoc","OG_8504",0,0,1
"evm.model.Ap12.129","evm.model.Ap12.129","Apoc","OG_3129",0,0,1
"evm.model.Ap12.1359","evm.model.Ap12.1359","Apoc","OG_12375",0,0,1
"evm.model.Ap12.1378","evm.model.Ap12.1378","Apoc","OG_8273",0,0,1
"evm.model.Ap12.1379","evm.model.Ap12.1379","Apoc","OG_8273",0,0,1
"evm.model.Ap12.1449","evm.model.Ap12.1449","Apoc","OG_3198",0,1,1
"evm.model.Ap12.1494","evm.model.Ap12.1494","Apoc","OG_8415",0,0,1
"evm.model.Ap12.1500","evm.model.Ap12.1500","Apoc","OG_1115",0,1,1
"evm.model.Ap12.1501","evm.model.Ap12.1501","Apoc","OG_8413",0,1,1
"evm.model.Ap12.1593","evm.model.Ap12.1593","Apoc","OG_3223",1,1,1
"evm.model.Ap12.1595","evm.model.Ap12.1595","Apoc","OG_5271",0,0,1
"evm.model.Ap12.1685","evm.model.Ap12.1685","Apoc","OG_8400",0,0,1
"evm.model.Ap12.1692","evm.model.Ap12.1692","Apoc","OG_6045",0,0,1
"evm.model.Ap12.1770","evm.model.Ap12.1770","Apoc","OG_8171",0,0,1
"evm.model.Ap12.1792","evm.model.Ap12.1792","Apoc","OG_3330",1,0,1
"evm.model.Ap12.1798","evm.model.Ap12.1798","Apoc","OG_8240",0,0,1
"evm.model.Ap12.1807","evm.model.Ap12.1807","Apoc","OG_8240",0,0,1
"evm.model.Ap12.1818","evm.model.Ap12.1818","Apoc","OG_5178",0,0,1
"evm.model.Ap12.1821_evm.model.Ap12.1830","evm.model.Ap12.1821_evm.model.Ap12.1830","Apoc","OG_8613",1,0,1
"evm.model.Ap12.1829","evm.model.Ap12.1829","Apoc","OG_5963",1,0,1
"evm.model.Ap12.1858","evm.model.Ap12.1858","Apoc","OG_8589",0,0,1
"evm.model.Ap12.1934","evm.model.Ap12.1934","Apoc","OG_916",1,1,1
"evm.model.Ap12.1985","evm.model.Ap12.1985","Apoc","OG_148",1,1,1
"evm.model.Ap12.1987","evm.model.Ap12.1987","Apoc","OG_148",1,1,1
"evm.model.Ap12.2090","evm.model.Ap12.2090","Apoc","OG_3306",1,0,1
"evm.model.Ap12.2113","evm.model.Ap12.2113","Apoc","OG_5808",0,0,1
"evm.model.Ap12.2162","evm.model.Ap12.2162","Apoc","OG_3316",0,0,1
"evm.model.Ap12.2167","evm.model.Ap12.2167","Apoc","OG_8359",1,0,1
"evm.model.Ap12.2193","evm.model.Ap12.2193","Apoc","OG_3319",0,0,1
"evm.model.Ap12.2193.1.5f15e653","evm.model.Ap12.2193.1.5f15e653","Apoc","OG_3319",0,0,1
"evm.model.Ap12.2225","evm.model.Ap12.2225","Apoc","OG_8435",1,0,1
"evm.model.Ap12.2228","evm.model.Ap12.2228","Apoc","OG_8436",0,0,1
"evm.model.Ap12.2229","evm.model.Ap12.2229","Apoc","OG_8436",0,0,1
"evm.model.Ap12.2239","evm.model.Ap12.2239","Apoc","OG_8584",1,0,1
"evm.model.Ap12.2332","evm.model.Ap12.2332","Apoc","OG_3228",1,0,1
"evm.model.Ap12.2401_evm.model.Ap12.2399","evm.model.Ap12.2401_evm.model.Ap12.2399","Apoc","OG_8394",0,0,1
"evm.model.Ap12.2453","evm.model.Ap12.2453","Apoc","OG_8209",0,1,1
"evm.model.Ap12.2455","evm.model.Ap12.2455","Apoc","OG_3294",0,0,1
"evm.model.Ap12.2472","evm.model.Ap12.2472","Apoc","OG_3292",0,1,1
"evm.model.Ap12.2487","evm.model.Ap12.2487","Apoc","OG_297",1,1,1
"evm.model.Ap12.2496","evm.model.Ap12.2496","Apoc","OG_5939",1,1,1
"evm.model.Ap12.2528","evm.model.Ap12.2528","Apoc","OG_5488",0,0,1
"evm.model.Ap12.2529","evm.model.Ap12.2529","Apoc","OG_1423",0,0,1
"evm.model.Ap12.2541","evm.model.Ap12.2541","Apoc","OG_8426",0,0,1
"evm.model.Ap12.2640","evm.model.Ap12.2640","Apoc","OG_8280",0,0,1
"evm.model.Ap12.2650","evm.model.Ap12.2650","Apoc","OG_8460",0,0,1
"evm.model.Ap12.2673","evm.model.Ap12.2673","Apoc","OG_3259",0,1,1
"evm.model.Ap12.2694","evm.model.Ap12.2694","Apoc","OG_2377",0,0,1
"evm.model.Ap12.2713","evm.model.Ap12.2713","Apoc","OG_3244",0,0,1
"evm.model.Ap12.2724","evm.model.Ap12.2724","Apoc","OG_8501",0,0,1
"evm.model.Ap12.2733","evm.model.Ap12.2733","Apoc","OG_3250",0,0,1
"evm.model.Ap12.274","evm.model.Ap12.274","Apoc","OG_3163",0,0,1
"evm.model.Ap12.2743","evm.model.Ap12.2743","Apoc","OG_3253",0,0,1
"evm.model.Ap12.2748","evm.model.Ap12.2748","Apoc","OG_5787",0,0,1
"evm.model.Ap12.2763","evm.model.Ap12.2763","Apoc","OG_8265",0,0,1
"evm.model.Ap12.2782","evm.model.Ap12.2782","Apoc","OG_8363",1,0,1
"evm.model.Ap12.2787","evm.model.Ap12.2787","Apoc","OG_8365",1,0,1
"evm.model.Ap12.367","evm.model.Ap12.367","Apoc","OG_8619",1,0,1
"evm.model.Ap12.436","evm.model.Ap12.436","Apoc","OG_416",0,1,1
"evm.model.Ap12.443","evm.model.Ap12.443","Apoc","OG_8403",0,0,1
"evm.model.Ap12.458","evm.model.Ap12.458","Apoc","OG_8186",1,1,1
"evm.model.Ap12.475","evm.model.Ap12.475","Apoc","OG_8452",0,1,1
"evm.model.Ap12.533","evm.model.Ap12.533","Apoc","OG_6214",0,0,1
"evm.model.Ap12.542","evm.model.Ap12.542","Apoc","OG_3112",0,0,1
"evm.model.Ap12.553","evm.model.Ap12.553","Apoc","OG_305",1,1,1
"evm.model.Ap12.572","evm.model.Ap12.572","Apoc","OG_5127",0,0,1
"evm.model.Ap12.643","evm.model.Ap12.643","Apoc","OG_8557",0,1,1
"evm.model.Ap12.693","evm.model.Ap12.693","Apoc","OG_416",0,1,1
"evm.model.Ap12.912","evm.model.Ap12.912","Apoc","OG_298",0,1,1
"evm.model.Ap12.948","evm.model.Ap12.948","Apoc","OG_8237",0,1,1
"evm.model.Ap12.98","evm.model.Ap12.98","Apoc","OG_3117",0,0,1
"evm.model.Ap13.1057","evm.model.Ap13.1057","Apoc","OG_286",0,0,1
"evm.model.Ap13.1153","evm.model.Ap13.1153","Apoc","OG_6821",1,1,1
"evm.model.Ap13.1157","evm.model.Ap13.1157","Apoc","OG_12461",0,1,1
"evm.model.Ap13.1176","evm.model.Ap13.1176","Apoc","OG_399",1,0,1
"evm.model.Ap13.1176.1.5f15de7b","evm.model.Ap13.1176.1.5f15de7b","Apoc","OG_399",1,0,1
"evm.model.Ap13.1181","evm.model.Ap13.1181","Apoc","OG_10629",0,0,1
"evm.model.Ap13.1197","evm.model.Ap13.1197","Apoc","OG_10502",0,0,1
"evm.model.Ap13.1222","evm.model.Ap13.1222","Apoc","OG_3018",0,0,1
"evm.model.Ap13.126","evm.model.Ap13.126","Apoc","OG_784",0,0,1
"evm.model.Ap13.13","evm.model.Ap13.13","Apoc","OG_10474",0,0,1
"evm.model.Ap13.1311","evm.model.Ap13.1311","Apoc","OG_3033",0,0,1
"evm.model.Ap13.1356","evm.model.Ap13.1356","Apoc","OG_2935",0,0,1
"evm.model.Ap13.1382","evm.model.Ap13.1382","Apoc","OG_1015",0,1,1
"evm.model.Ap13.1401","evm.model.Ap13.1401","Apoc","OG_5413",0,1,1
"evm.model.Ap13.1467","evm.model.Ap13.1467","Apoc","OG_287",0,1,1
"evm.model.Ap13.1469","evm.model.Ap13.1469","Apoc","OG_197",1,0,1
"evm.model.Ap13.1470","evm.model.Ap13.1470","Apoc","OG_890",0,0,1
"evm.model.Ap13.1490","evm.model.Ap13.1490","Apoc","OG_197",1,0,1
"evm.model.Ap13.1666","evm.model.Ap13.1666","Apoc","OG_481",0,1,1
"evm.model.Ap13.1808","evm.model.Ap13.1808","Apoc","OG_3224",0,0,1
"evm.model.Ap13.1854","evm.model.Ap13.1854","Apoc","OG_831",1,1,1
"evm.model.Ap13.1876","evm.model.Ap13.1876","Apoc","OG_10524",1,0,1
"evm.model.Ap13.1937","evm.model.Ap13.1937","Apoc","OG_304",1,1,1
"evm.model.Ap13.1944","evm.model.Ap13.1944","Apoc","OG_304",1,1,1
"evm.model.Ap13.1950","evm.model.Ap13.1950","Apoc","OG_304",1,1,1
"evm.model.Ap13.1957","evm.model.Ap13.1957","Apoc","OG_304",1,1,1
"evm.model.Ap13.2034","evm.model.Ap13.2034","Apoc","OG_6109",0,1,1
"evm.model.Ap13.2052","evm.model.Ap13.2052","Apoc","OG_300",1,1,1
"evm.model.Ap13.2139","evm.model.Ap13.2139","Apoc","OG_682",1,0,1
"evm.model.Ap13.216","evm.model.Ap13.216","Apoc","OG_6117",0,0,1
"evm.model.Ap13.222","evm.model.Ap13.222","Apoc","OG_306",0,1,1
"evm.model.Ap13.2335","evm.model.Ap13.2335","Apoc","OG_5939",1,1,1
"evm.model.Ap13.2383","evm.model.Ap13.2383","Apoc","OG_596",1,1,1
"evm.model.Ap13.242","evm.model.Ap13.242","Apoc","OG_847",1,1,1
"evm.model.Ap13.242.1.5f15dc65","evm.model.Ap13.242.1.5f15dc65","Apoc","OG_847",1,1,1
"evm.model.Ap13.242.2.5f15dc65","evm.model.Ap13.242.2.5f15dc65","Apoc","OG_847",1,1,1
"evm.model.Ap13.242.3.5f15dc66","evm.model.Ap13.242.3.5f15dc66","Apoc","OG_847",1,1,1
"evm.model.Ap13.2452","evm.model.Ap13.2452","Apoc","OG_166",1,1,1
"evm.model.Ap13.2492","evm.model.Ap13.2492","Apoc","OG_181",0,1,1
"evm.model.Ap13.2497","evm.model.Ap13.2497","Apoc","OG_1292",1,1,1
"evm.model.Ap13.2497.1.5f15e0e5","evm.model.Ap13.2497.1.5f15e0e5","Apoc","OG_1292",1,1,1
"evm.model.Ap13.2571","evm.model.Ap13.2571","Apoc","OG_6240",0,1,1
"evm.model.Ap13.2634","evm.model.Ap13.2634","Apoc","OG_2982",0,0,1
"evm.model.Ap13.272","evm.model.Ap13.272","Apoc","OG_10593",0,0,1
"evm.model.Ap13.2749","evm.model.Ap13.2749","Apoc","OG_736",0,0,1
"evm.model.Ap13.2769","evm.model.Ap13.2769","Apoc","OG_562",1,0,1
"evm.model.Ap13.2783","evm.model.Ap13.2783","Apoc","OG_130",0,1,1
"evm.model.Ap13.2796","evm.model.Ap13.2796","Apoc","OG_10712",0,1,1
"evm.model.Ap13.2810","evm.model.Ap13.2810","Apoc","OG_562",1,0,1
"evm.model.Ap13.2857","evm.model.Ap13.2857","Apoc","OG_10578",0,0,1
"evm.model.Ap13.2907","evm.model.Ap13.2907","Apoc","OG_10638",0,0,1
"evm.model.Ap13.2941","evm.model.Ap13.2941","Apoc","OG_316",0,1,1
"evm.model.Ap13.2951","evm.model.Ap13.2951","Apoc","OG_478",0,0,1
"evm.model.Ap13.2976","evm.model.Ap13.2976","Apoc","OG_6815",0,1,1
"evm.model.Ap13.2986","evm.model.Ap13.2986","Apoc","OG_6815",0,1,1
"evm.model.Ap13.2993","evm.model.Ap13.2993","Apoc","OG_5123",1,0,1
"evm.model.Ap13.30","evm.model.Ap13.30","Apoc","OG_383",0,0,1
"evm.model.Ap13.3000","evm.model.Ap13.3000","Apoc","OG_6815",0,1,1
"evm.model.Ap13.3008","evm.model.Ap13.3008","Apoc","OG_10512",0,0,1
"evm.model.Ap13.3047","evm.model.Ap13.3047","Apoc","OG_6131",1,0,1
"evm.model.Ap13.3084","evm.model.Ap13.3084","Apoc","OG_2997",1,0,1
"evm.model.Ap13.3090","evm.model.Ap13.3090","Apoc","OG_6819",1,0,1
"evm.model.Ap13.3150","evm.model.Ap13.3150","Apoc","OG_10441",0,1,1
"evm.model.Ap13.3152","evm.model.Ap13.3152","Apoc","OG_6803",0,0,1
"evm.model.Ap13.3153","evm.model.Ap13.3153","Apoc","OG_6803",0,0,1
"evm.model.Ap13.3174","evm.model.Ap13.3174","Apoc","OG_2986",0,1,1
"evm.model.Ap13.3174.1.5f15e269","evm.model.Ap13.3174.1.5f15e269","Apoc","OG_2986",0,1,1
"evm.model.Ap13.345","evm.model.Ap13.345","Apoc","OG_2893",1,0,1
"evm.model.Ap13.472","evm.model.Ap13.472","Apoc","OG_10520",0,0,1
"evm.model.Ap13.507","evm.model.Ap13.507","Apoc","OG_2852",0,0,1
"evm.model.Ap13.579","evm.model.Ap13.579","Apoc","OG_10709",1,0,1
"evm.model.Ap13.627","evm.model.Ap13.627","Apoc","OG_441",1,1,1
"evm.model.Ap13.664","evm.model.Ap13.664","Apoc","OG_10671",0,0,1
"evm.model.Ap13.703","evm.model.Ap13.703","Apoc","OG_5841",1,0,1
"evm.model.Ap13.710","evm.model.Ap13.710","Apoc","OG_5831",0,0,1
"evm.model.Ap13.755","evm.model.Ap13.755","Apoc","OG_170",1,1,1
"evm.model.Ap13.762","evm.model.Ap13.762","Apoc","OG_240",0,0,1
"evm.model.Ap13.764","evm.model.Ap13.764","Apoc","OG_240",0,0,1
"evm.model.Ap13.779","evm.model.Ap13.779","Apoc","OG_2803",0,1,1
"evm.model.Ap13.783","evm.model.Ap13.783","Apoc","OG_5826",0,0,1
"evm.model.Ap13.798","evm.model.Ap13.798","Apoc","OG_565",0,1,1
"evm.model.Ap13.83","evm.model.Ap13.83","Apoc","OG_966",1,1,1
"evm.model.Ap13.888","evm.model.Ap13.888","Apoc","OG_224",0,1,1
"evm.model.Ap13.934","evm.model.Ap13.934","Apoc","OG_2805",0,0,1
"evm.model.Ap13.989","evm.model.Ap13.989","Apoc","OG_9026",1,1,1
"evm.model.Ap14.1071","evm.model.Ap14.1071","Apoc","OG_6531",1,1,1
"evm.model.Ap14.1123","evm.model.Ap14.1123","Apoc","OG_2248",0,0,1
"evm.model.Ap14.1123.1.5f15dda9","evm.model.Ap14.1123.1.5f15dda9","Apoc","OG_2248",0,0,1
"evm.model.Ap14.1135","evm.model.Ap14.1135","Apoc","OG_2244",0,0,1
"evm.model.Ap14.1136","evm.model.Ap14.1136","Apoc","OG_7672",0,1,1
"evm.model.Ap14.1157","evm.model.Ap14.1157","Apoc","OG_322",1,0,1
"evm.model.Ap14.1214","evm.model.Ap14.1214","Apoc","OG_2263",0,0,1
"evm.model.Ap14.1301","evm.model.Ap14.1301","Apoc","OG_2294",1,0,1
"evm.model.Ap14.1303","evm.model.Ap14.1303","Apoc","OG_7520",0,0,1
"evm.model.Ap14.1305","evm.model.Ap14.1305","Apoc","OG_1001",1,1,1
"evm.model.Ap14.1306","evm.model.Ap14.1306","Apoc","OG_2219",0,0,1
"evm.model.Ap14.1319","evm.model.Ap14.1319","Apoc","OG_241",1,1,1
"evm.model.Ap14.1338","evm.model.Ap14.1338","Apoc","OG_146",0,0,1
"evm.model.Ap14.1351","evm.model.Ap14.1351","Apoc","OG_6441",1,1,1
"evm.model.Ap14.1361","evm.model.Ap14.1361","Apoc","OG_7456",0,0,1
"evm.model.Ap14.1398","evm.model.Ap14.1398","Apoc","OG_512",0,1,1
"evm.model.Ap14.1417","evm.model.Ap14.1417","Apoc","OG_7492",0,1,1
"evm.model.Ap14.142","evm.model.Ap14.142","Apoc","OG_150",1,1,1
"evm.model.Ap14.1474","evm.model.Ap14.1474","Apoc","OG_7428",0,0,1
"evm.model.Ap14.1489","evm.model.Ap14.1489","Apoc","OG_7599",1,0,1
"evm.model.Ap14.158","evm.model.Ap14.158","Apoc","OG_2276",0,0,1
"evm.model.Ap14.1598","evm.model.Ap14.1598","Apoc","OG_7498",0,1,1
"evm.model.Ap14.166","evm.model.Ap14.166","Apoc","OG_219",1,1,1
"evm.model.Ap14.1821","evm.model.Ap14.1821","Apoc","OG_981",0,0,1
"evm.model.Ap14.184","evm.model.Ap14.184","Apoc","OG_316",0,1,1
"evm.model.Ap14.2063","evm.model.Ap14.2063","Apoc","OG_170",1,1,1
"evm.model.Ap14.240","evm.model.Ap14.240","Apoc","OG_602",1,1,1
"evm.model.Ap14.247","evm.model.Ap14.247","Apoc","OG_6515",1,1,1
"evm.model.Ap14.247.1.5f15dbf0","evm.model.Ap14.247.1.5f15dbf0","Apoc","OG_6515",1,1,1
"evm.model.Ap14.278","evm.model.Ap14.278","Apoc","OG_6240",0,1,1
"evm.model.Ap14.322","evm.model.Ap14.322","Apoc","OG_6240",0,1,1
"evm.model.Ap14.323","evm.model.Ap14.323","Apoc","OG_2171",0,0,1
"evm.model.Ap14.333","evm.model.Ap14.333","Apoc","OG_6240",0,1,1
"evm.model.Ap14.380","evm.model.Ap14.380","Apoc","OG_487",1,1,1
"evm.model.Ap14.381","evm.model.Ap14.381","Apoc","OG_441",1,1,1
"evm.model.Ap14.396","evm.model.Ap14.396","Apoc","OG_966",1,1,1
"evm.model.Ap14.409","evm.model.Ap14.409","Apoc","OG_240",0,0,1
"evm.model.Ap14.410","evm.model.Ap14.410","Apoc","OG_240",0,0,1
"evm.model.Ap14.429","evm.model.Ap14.429","Apoc","OG_150",1,1,1
"evm.model.Ap14.429.1.5f15dc3c","evm.model.Ap14.429.1.5f15dc3c","Apoc","OG_150",1,1,1
"evm.model.Ap14.435","evm.model.Ap14.435","Apoc","OG_7678",0,0,1
"evm.model.Ap14.445","evm.model.Ap14.445","Apoc","OG_874",0,1,1
"evm.model.Ap14.567","evm.model.Ap14.567","Apoc","OG_304",1,1,1
"evm.model.Ap14.585","evm.model.Ap14.585","Apoc","OG_242",1,1,1
"evm.model.Ap14.586","evm.model.Ap14.586","Apoc","OG_242",1,1,1
"evm.model.Ap14.609","evm.model.Ap14.609","Apoc","OG_242",1,1,1
"evm.model.Ap14.624","evm.model.Ap14.624","Apoc","OG_242",1,1,1
"evm.model.Ap14.649","evm.model.Ap14.649","Apoc","OG_1162",0,0,1
"evm.model.Ap14.68","evm.model.Ap14.68","Apoc","OG_2155",0,0,1
"evm.model.Ap14.721","evm.model.Ap14.721","Apoc","OG_1146",0,0,1
"evm.model.Ap14.787","evm.model.Ap14.787","Apoc","OG_7407",0,1,1
"evm.model.Ap14.87","evm.model.Ap14.87","Apoc","OG_7533",0,0,1
"evm.model.Ap14.915","evm.model.Ap14.915","Apoc","OG_165",1,1,1
"evm.model.Ap14.934","evm.model.Ap14.934","Apoc","OG_7553",0,0,1
"evm.model.Ap14.951","evm.model.Ap14.951","Apoc","OG_218",1,0,1
"evm.model.Ap14.993","evm.model.Ap14.993","Apoc","OG_861",0,1,1
"evm.model.Ap2.1048","evm.model.Ap2.1048","Apoc","OG_163",0,0,1
"evm.model.Ap2.1075","evm.model.Ap2.1075","Apoc","OG_703",1,1,1
"evm.model.Ap2.1102","evm.model.Ap2.1102","Apoc","OG_188",0,0,1
"evm.model.Ap2.1154","evm.model.Ap2.1154","Apoc","OG_11039",0,0,1
"evm.model.Ap2.1222","evm.model.Ap2.1222","Apoc","OG_186",1,1,1
"evm.model.Ap2.123","evm.model.Ap2.123","Apoc","OG_264",0,1,1
"evm.model.Ap2.1275","evm.model.Ap2.1275","Apoc","OG_274",1,1,1
"evm.model.Ap2.1311","evm.model.Ap2.1311","Apoc","OG_847",1,1,1
"evm.model.Ap2.1328","evm.model.Ap2.1328","Apoc","OG_12530",1,0,1
"evm.model.Ap2.136","evm.model.Ap2.136","Apoc","OG_11163",0,0,1
"evm.model.Ap2.137","evm.model.Ap2.137","Apoc","OG_11162",0,0,1
"evm.model.Ap2.1385","evm.model.Ap2.1385","Apoc","OG_6280",0,1,1
"evm.model.Ap2.1397","evm.model.Ap2.1397","Apoc","OG_1309",0,0,1
"evm.model.Ap2.1415","evm.model.Ap2.1415","Apoc","OG_1038",0,0,1
"evm.model.Ap2.1421","evm.model.Ap2.1421","Apoc","OG_286",0,0,1
"evm.model.Ap2.1479","evm.model.Ap2.1479","Apoc","OG_10829",0,0,1
"evm.model.Ap2.1489","evm.model.Ap2.1489","Apoc","OG_847",1,1,1
"evm.model.Ap2.1510","evm.model.Ap2.1510","Apoc","OG_11222",1,0,1
"evm.model.Ap2.1529","evm.model.Ap2.1529","Apoc","OG_10937",0,0,1
"evm.model.Ap2.1543","evm.model.Ap2.1543","Apoc","OG_622",0,1,1
"evm.model.Ap2.1554","evm.model.Ap2.1554","Apoc","OG_12472",0,0,1
"evm.model.Ap2.1569","evm.model.Ap2.1569","Apoc","OG_557",1,1,1
"evm.model.Ap2.157","evm.model.Ap2.157","Apoc","OG_130",0,1,1
"evm.model.Ap2.1583","evm.model.Ap2.1583","Apoc","OG_11146",0,0,1
"evm.model.Ap2.1643","evm.model.Ap2.1643","Apoc","OG_264",0,1,1
"evm.model.Ap2.1704","evm.model.Ap2.1704","Apoc","OG_246",1,0,1
"evm.model.Ap2.1709","evm.model.Ap2.1709","Apoc","OG_11286",1,1,1
"evm.model.Ap2.1729","evm.model.Ap2.1729","Apoc","OG_206",1,1,1
"evm.model.Ap2.1741","evm.model.Ap2.1741","Apoc","OG_460",0,0,1
"evm.model.Ap2.1769","evm.model.Ap2.1769","Apoc","OG_625",1,0,1
"evm.model.Ap2.180","evm.model.Ap2.180","Apoc","OG_249",0,0,1
"evm.model.Ap2.1846.1.5f15e064","evm.model.Ap2.1846.1.5f15e064","Apoc","OG_2088",0,0,1
"evm.model.Ap2.1852","evm.model.Ap2.1852","Apoc","OG_10854",0,0,1
"evm.model.Ap2.1890","evm.model.Ap2.1890","Apoc","OG_2084",0,0,1
"evm.model.Ap2.1906","evm.model.Ap2.1906","Apoc","OG_2012",0,0,1
"evm.model.Ap2.1958","evm.model.Ap2.1958","Apoc","OG_5180",0,0,1
"evm.model.Ap2.1962_evm.model.Ap2.1963","evm.model.Ap2.1962_evm.model.Ap2.1963","Apoc","OG_5956",0,0,1
"evm.model.Ap2.1982","evm.model.Ap2.1982","Apoc","OG_6397",1,1,1
"evm.model.Ap2.1989","evm.model.Ap2.1989","Apoc","OG_2344",0,0,1
"evm.model.Ap2.1991","evm.model.Ap2.1991","Apoc","OG_2003",1,0,1
"evm.model.Ap2.2015","evm.model.Ap2.2015","Apoc","OG_6330",1,1,1
"evm.model.Ap2.2017","evm.model.Ap2.2017","Apoc","OG_6330",1,1,1
"evm.model.Ap2.2050","evm.model.Ap2.2050","Apoc","OG_1978",1,1,1
"evm.model.Ap2.2134","evm.model.Ap2.2134","Apoc","OG_1981",0,0,1
"evm.model.Ap2.2169","evm.model.Ap2.2169","Apoc","OG_1003",0,0,1
"evm.model.Ap2.221","evm.model.Ap2.221","Apoc","OG_11200",0,1,1
"evm.model.Ap2.2234","evm.model.Ap2.2234","Apoc","OG_475",1,0,1
"evm.model.Ap2.2271","evm.model.Ap2.2271","Apoc","OG_149",1,1,1
"evm.model.Ap2.2351","evm.model.Ap2.2351","Apoc","OG_596",1,1,1
"evm.model.Ap2.238","evm.model.Ap2.238","Apoc","OG_383",0,0,1
"evm.model.Ap2.2396","evm.model.Ap2.2396","Apoc","OG_815",0,1,1
"evm.model.Ap2.2434","evm.model.Ap2.2434","Apoc","OG_11003",0,1,1
"evm.model.Ap2.246","evm.model.Ap2.246","Apoc","OG_1146",0,0,1
"evm.model.Ap2.2500","evm.model.Ap2.2500","Apoc","OG_125",1,1,1
"evm.model.Ap2.2579","evm.model.Ap2.2579","Apoc","OG_10982",0,0,1
"evm.model.Ap2.2635","evm.model.Ap2.2635","Apoc","OG_11236",1,0,1
"evm.model.Ap2.264","evm.model.Ap2.264","Apoc","OG_1892",0,1,1
"evm.model.Ap2.2717","evm.model.Ap2.2717","Apoc","OG_610",0,0,1
"evm.model.Ap2.2899","evm.model.Ap2.2899","Apoc","OG_2039",1,0,1
"evm.model.Ap2.2946","evm.model.Ap2.2946","Apoc","OG_11066",1,0,1
"evm.model.Ap2.2950","evm.model.Ap2.2950","Apoc","OG_477",1,1,1
"evm.model.Ap2.2999","evm.model.Ap2.2999","Apoc","OG_7404",0,0,1
"evm.model.Ap2.3068","evm.model.Ap2.3068","Apoc","OG_5254",1,1,1
"evm.model.Ap2.3073","evm.model.Ap2.3073","Apoc","OG_8522",0,1,1
"evm.model.Ap2.3086","evm.model.Ap2.3086","Apoc","OG_11255",0,0,1
"evm.model.Ap2.3093","evm.model.Ap2.3093","Apoc","OG_2077",0,0,1
"evm.model.Ap2.3107_evm.model.Ap2.3108","evm.model.Ap2.3107_evm.model.Ap2.3108","Apoc","OG_2073",0,0,1
"evm.model.Ap2.3203","evm.model.Ap2.3203","Apoc","OG_6852",0,1,1
"evm.model.Ap2.3203.1.5f15e359","evm.model.Ap2.3203.1.5f15e359","Apoc","OG_6852",0,1,1
"evm.model.Ap2.3204","evm.model.Ap2.3204","Apoc","OG_11060",0,1,1
"evm.model.Ap2.3206","evm.model.Ap2.3206","Apoc","OG_2034",0,0,1
"evm.model.Ap2.3206.1.5f15e35c","evm.model.Ap2.3206.1.5f15e35c","Apoc","OG_2034",0,0,1
"evm.model.Ap2.3225","evm.model.Ap2.3225","Apoc","OG_10928",1,1,1
"evm.model.Ap2.323","evm.model.Ap2.323","Apoc","OG_777",1,1,1
"evm.model.Ap2.328","evm.model.Ap2.328","Apoc","OG_10763",0,0,1
"evm.model.Ap2.3282","evm.model.Ap2.3282","Apoc","OG_2055",0,0,1
"evm.model.Ap2.3287","evm.model.Ap2.3287","Apoc","OG_11044",1,0,1
"evm.model.Ap2.3462","evm.model.Ap2.3462","Apoc","OG_11180",0,0,1
"evm.model.Ap2.3469","evm.model.Ap2.3469","Apoc","OG_241",1,1,1
"evm.model.Ap2.3510","evm.model.Ap2.3510","Apoc","OG_268",0,1,1
"evm.model.Ap2.3517","evm.model.Ap2.3517","Apoc","OG_268",0,1,1
"evm.model.Ap2.3526","evm.model.Ap2.3526","Apoc","OG_6836",0,0,1
"evm.model.Ap2.3526.1.5f15e416","evm.model.Ap2.3526.1.5f15e416","Apoc","OG_6836",0,0,1
"evm.model.Ap2.3600","evm.model.Ap2.3600","Apoc","OG_2070",1,0,1
"evm.model.Ap2.3658","evm.model.Ap2.3658","Apoc","OG_2065",0,0,1
"evm.model.Ap2.3664","evm.model.Ap2.3664","Apoc","OG_11252",0,0,1
"evm.model.Ap2.3687","evm.model.Ap2.3687","Apoc","OG_5369",0,0,1
"evm.model.Ap2.3687.1.5f15e47a","evm.model.Ap2.3687.1.5f15e47a","Apoc","OG_5369",0,0,1
"evm.model.Ap2.3726","evm.model.Ap2.3726","Apoc","OG_6710",0,0,1
"evm.model.Ap2.3738","evm.model.Ap2.3738","Apoc","OG_241",1,1,1
"evm.model.Ap2.3750","evm.model.Ap2.3750","Apoc","OG_11195",0,0,1
"evm.model.Ap2.3777","evm.model.Ap2.3777","Apoc","OG_249",0,0,1
"evm.model.Ap2.3783","evm.model.Ap2.3783","Apoc","OG_249",0,0,1
"evm.model.Ap2.3787","evm.model.Ap2.3787","Apoc","OG_352",1,1,1
"evm.model.Ap2.3815","evm.model.Ap2.3815","Apoc","OG_10904",0,0,1
"evm.model.Ap2.3848","evm.model.Ap2.3848","Apoc","OG_5963",1,0,1
"evm.model.Ap2.3864","evm.model.Ap2.3864","Apoc","OG_873",1,0,1
"evm.model.Ap2.3867","evm.model.Ap2.3867","Apoc","OG_150",1,1,1
"evm.model.Ap2.3869","evm.model.Ap2.3869","Apoc","OG_150",1,1,1
"evm.model.Ap2.3870","evm.model.Ap2.3870","Apoc","OG_165",1,1,1
"evm.model.Ap2.3921","evm.model.Ap2.3921","Apoc","OG_2125",1,1,1
"evm.model.Ap2.3942","evm.model.Ap2.3942","Apoc","OG_2129",1,1,1
"evm.model.Ap2.3944","evm.model.Ap2.3944","Apoc","OG_1049",1,0,1
"evm.model.Ap2.396","evm.model.Ap2.396","Apoc","OG_1863",1,0,1
"evm.model.Ap2.4016","evm.model.Ap2.4016","Apoc","OG_2134",0,1,1
"evm.model.Ap2.4020","evm.model.Ap2.4020","Apoc","OG_6149",0,0,1
"evm.model.Ap2.4080","evm.model.Ap2.4080","Apoc","OG_610",0,0,1
"evm.model.Ap2.4122","evm.model.Ap2.4122","Apoc","OG_2147",0,0,1
"evm.model.Ap2.440","evm.model.Ap2.440","Apoc","OG_6399",0,0,1
"evm.model.Ap2.5","evm.model.Ap2.5","Apoc","OG_11138",0,0,1
"evm.model.Ap2.521","evm.model.Ap2.521","Apoc","OG_5963",1,0,1
"evm.model.Ap2.691","evm.model.Ap2.691","Apoc","OG_10830",0,1,1
"evm.model.Ap2.848","evm.model.Ap2.848","Apoc","OG_5090",1,1,1
"evm.model.Ap2.918","evm.model.Ap2.918","Apoc","OG_11125",1,0,1
"evm.model.Ap2.919","evm.model.Ap2.919","Apoc","OG_11124",0,0,1
"evm.model.Ap2.925","evm.model.Ap2.925","Apoc","OG_11191",1,0,1
"evm.model.Ap2.926","evm.model.Ap2.926","Apoc","OG_1875",0,0,1
"evm.model.Ap2.981","evm.model.Ap2.981","Apoc","OG_367",0,1,1
"evm.model.Ap3.1017","evm.model.Ap3.1017","Apoc","OG_7750",0,1,1
"evm.model.Ap3.1064","evm.model.Ap3.1064","Apoc","OG_7686",1,0,1
"evm.model.Ap3.1067","evm.model.Ap3.1067","Apoc","OG_2474",1,1,1
"evm.model.Ap3.1090","evm.model.Ap3.1090","Apoc","OG_8134",0,0,1
"evm.model.Ap3.1126","evm.model.Ap3.1126","Apoc","OG_2463",0,0,1
"evm.model.Ap3.116","evm.model.Ap3.116","Apoc","OG_625",1,0,1
"evm.model.Ap3.12","evm.model.Ap3.12","Apoc","OG_7834",1,1,1
"evm.model.Ap3.1219","evm.model.Ap3.1219","Apoc","OG_8044",1,0,1
"evm.model.Ap3.131","evm.model.Ap3.131","Apoc","OG_8091",0,1,1
"evm.model.Ap3.1335","evm.model.Ap3.1335","Apoc","OG_2454",1,1,1
"evm.model.Ap3.1339","evm.model.Ap3.1339","Apoc","OG_1907",0,1,1
"evm.model.Ap3.1350","evm.model.Ap3.1350","Apoc","OG_7687",0,0,1
"evm.model.Ap3.1422","evm.model.Ap3.1422","Apoc","OG_5778",0,1,1
"evm.model.Ap3.1468","evm.model.Ap3.1468","Apoc","OG_7787",0,0,1
"evm.model.Ap3.1504","evm.model.Ap3.1504","Apoc","OG_2490",1,0,1
"evm.model.Ap3.1514","evm.model.Ap3.1514","Apoc","OG_5963",1,0,1
"evm.model.Ap3.1551","evm.model.Ap3.1551","Apoc","OG_2525",0,0,1
"evm.model.Ap3.1551.1.5f15e551","evm.model.Ap3.1551.1.5f15e551","Apoc","OG_2525",0,0,1
"evm.model.Ap3.170","evm.model.Ap3.170","Apoc","OG_2358",0,1,1
"evm.model.Ap3.1833_evm.model.Ap3.1835","evm.model.Ap3.1833_evm.model.Ap3.1835","Apoc","OG_2610",0,1,1
"evm.model.Ap3.1879","evm.model.Ap3.1879","Apoc","OG_2543",1,0,1
"evm.model.Ap3.1904","evm.model.Ap3.1904","Apoc","OG_2541",1,0,1
"evm.model.Ap3.1910","evm.model.Ap3.1910","Apoc","OG_862",0,1,1
"evm.model.Ap3.195","evm.model.Ap3.195","Apoc","OG_882",1,1,1
"evm.model.Ap3.2006","evm.model.Ap3.2006","Apoc","OG_8112",0,0,1
"evm.model.Ap3.2057","evm.model.Ap3.2057","Apoc","OG_7211",1,0,1
"evm.model.Ap3.208","evm.model.Ap3.208","Apoc","OG_8102",1,0,1
"evm.model.Ap3.2103","evm.model.Ap3.2103","Apoc","OG_7778",0,1,1
"evm.model.Ap3.2107","evm.model.Ap3.2107","Apoc","OG_6762",1,1,1
"evm.model.Ap3.2123","evm.model.Ap3.2123","Apoc","OG_165",1,1,1
"evm.model.Ap3.2125","evm.model.Ap3.2125","Apoc","OG_551",0,1,1
"evm.model.Ap3.2137","evm.model.Ap3.2137","Apoc","OG_6594",0,0,1
"evm.model.Ap3.2137.1.5f15e68b","evm.model.Ap3.2137.1.5f15e68b","Apoc","OG_6594",0,0,1
"evm.model.Ap3.2138","evm.model.Ap3.2138","Apoc","OG_12362",0,1,1
"evm.model.Ap3.215","evm.model.Ap3.215","Apoc","OG_7914",1,0,1
"evm.model.Ap3.216","evm.model.Ap3.216","Apoc","OG_7915",0,0,1
"evm.model.Ap3.2185","evm.model.Ap3.2185","Apoc","OG_2508",1,0,1
"evm.model.Ap3.221","evm.model.Ap3.221","Apoc","OG_12529",0,0,1
"evm.model.Ap3.2239","evm.model.Ap3.2239","Apoc","OG_8106",0,0,1
"evm.model.Ap3.2332","evm.model.Ap3.2332","Apoc","OG_7838",0,0,1
"evm.model.Ap3.2364","evm.model.Ap3.2364","Apoc","OG_7894",0,0,1
"evm.model.Ap3.24","evm.model.Ap3.24","Apoc","OG_6205",1,1,1
"evm.model.Ap3.2473","evm.model.Ap3.2473","Apoc","OG_2580",0,0,1
"evm.model.Ap3.2478","evm.model.Ap3.2478","Apoc","OG_2582",0,0,1
"evm.model.Ap3.281","evm.model.Ap3.281","Apoc","OG_2397",0,1,1
"evm.model.Ap3.3","evm.model.Ap3.3","Apoc","OG_625",1,0,1
"evm.model.Ap3.359","evm.model.Ap3.359","Apoc","OG_163",0,0,1
"evm.model.Ap3.361","evm.model.Ap3.361","Apoc","OG_7882",0,1,1
"evm.model.Ap3.435","evm.model.Ap3.435","Apoc","OG_737",0,1,1
"evm.model.Ap3.491","evm.model.Ap3.491","Apoc","OG_2392",0,0,1
"evm.model.Ap3.55","evm.model.Ap3.55","Apoc","OG_8076",1,1,1
"evm.model.Ap3.561","evm.model.Ap3.561","Apoc","OG_7768",0,1,1
"evm.model.Ap3.582","evm.model.Ap3.582","Apoc","OG_882",1,1,1
"evm.model.Ap3.59","evm.model.Ap3.59","Apoc","OG_5379",0,1,1
"evm.model.Ap3.594","evm.model.Ap3.594","Apoc","OG_882",1,1,1
"evm.model.Ap3.594.1.5f15e320","evm.model.Ap3.594.1.5f15e320","Apoc","OG_882",1,1,1
"evm.model.Ap3.605","evm.model.Ap3.605","Apoc","OG_308",0,0,1
"evm.model.Ap3.607","evm.model.Ap3.607","Apoc","OG_7927",0,0,1
"evm.model.Ap3.608","evm.model.Ap3.608","Apoc","OG_7927",0,0,1
"evm.model.Ap3.617","evm.model.Ap3.617","Apoc","OG_1052",0,1,1
"evm.model.Ap3.631","evm.model.Ap3.631","Apoc","OG_165",1,1,1
"evm.model.Ap3.668","evm.model.Ap3.668","Apoc","OG_2405",0,0,1
"evm.model.Ap3.677","evm.model.Ap3.677","Apoc","OG_2404",0,0,1
"evm.model.Ap3.682","evm.model.Ap3.682","Apoc","OG_7943",1,0,1
"evm.model.Ap3.688","evm.model.Ap3.688","Apoc","OG_7943",1,0,1
"evm.model.Ap3.737","evm.model.Ap3.737","Apoc","OG_8143",0,0,1
"evm.model.Ap3.776","evm.model.Ap3.776","Apoc","OG_7877",0,0,1
"evm.model.Ap3.829","evm.model.Ap3.829","Apoc","OG_260",1,0,1
"evm.model.Ap3.849","evm.model.Ap3.849","Apoc","OG_2419",1,1,1
"evm.model.Ap3.87","evm.model.Ap3.87","Apoc","OG_2338",0,1,1
"evm.model.Ap3.892","evm.model.Ap3.892","Apoc","OG_281",1,0,1
"evm.model.Ap3.90","evm.model.Ap3.90","Apoc","OG_2339",0,0,1
"evm.model.Ap3.903","evm.model.Ap3.903","Apoc","OG_439",0,0,1
"evm.model.Ap3.906_evm.model.Ap3.914","evm.model.Ap3.906_evm.model.Ap3.914","Apoc","OG_281",1,0,1
"evm.model.Ap3.933","evm.model.Ap3.933","Apoc","OG_7742",0,1,1
"evm.model.Ap3.962","evm.model.Ap3.962","Apoc","OG_7797",0,0,1
"evm.model.Ap3.964","evm.model.Ap3.964","Apoc","OG_7799",0,0,1
"evm.model.Ap4.1000","evm.model.Ap4.1000","Apoc","OG_12082",0,0,1
"evm.model.Ap4.1017","evm.model.Ap4.1017","Apoc","OG_686",0,0,1
"evm.model.Ap4.1058","evm.model.Ap4.1058","Apoc","OG_516",1,0,1
"evm.model.Ap4.1104","evm.model.Ap4.1104","Apoc","OG_1015",0,1,1
"evm.model.Ap4.1136","evm.model.Ap4.1136","Apoc","OG_71",0,0,1
"evm.model.Ap4.1175","evm.model.Ap4.1175","Apoc","OG_6555",0,1,1
"evm.model.Ap4.1238","evm.model.Ap4.1238","Apoc","OG_6197",0,0,1
"evm.model.Ap4.1293","evm.model.Ap4.1293","Apoc","OG_82",0,1,1
"evm.model.Ap4.1329","evm.model.Ap4.1329","Apoc","OG_85",0,0,1
"evm.model.Ap4.1351","evm.model.Ap4.1351","Apoc","OG_623",0,0,1
"evm.model.Ap4.1394","evm.model.Ap4.1394","Apoc","OG_901",0,1,1
"evm.model.Ap4.1532","evm.model.Ap4.1532","Apoc","OG_5360",1,1,1
"evm.model.Ap4.1566","evm.model.Ap4.1566","Apoc","OG_10044",0,0,1
"evm.model.Ap4.1620","evm.model.Ap4.1620","Apoc","OG_745",0,1,1
"evm.model.Ap4.1625","evm.model.Ap4.1625","Apoc","OG_4817",0,0,1
"evm.model.Ap4.1682","evm.model.Ap4.1682","Apoc","OG_7824",1,0,1
"evm.model.Ap4.1737","evm.model.Ap4.1737","Apoc","OG_50",0,0,1
"evm.model.Ap4.1858","evm.model.Ap4.1858","Apoc","OG_170",1,1,1
"evm.model.Ap4.1960","evm.model.Ap4.1960","Apoc","OG_1104",0,0,1
"evm.model.Ap4.2064","evm.model.Ap4.2064","Apoc","OG_682",1,0,1
"evm.model.Ap4.2072","evm.model.Ap4.2072","Apoc","OG_970",0,0,1
"evm.model.Ap4.217","evm.model.Ap4.217","Apoc","OG_516",1,0,1
"evm.model.Ap4.2383","evm.model.Ap4.2383","Apoc","OG_284",1,1,1
"evm.model.Ap4.2389","evm.model.Ap4.2389","Apoc","OG_284",1,1,1
"evm.model.Ap4.239","evm.model.Ap4.239","Apoc","OG_516",1,0,1
"evm.model.Ap4.2394","evm.model.Ap4.2394","Apoc","OG_978",1,0,1
"evm.model.Ap4.2413","evm.model.Ap4.2413","Apoc","OG_284",1,1,1
"evm.model.Ap4.2423","evm.model.Ap4.2423","Apoc","OG_901",0,1,1
"evm.model.Ap4.245","evm.model.Ap4.245","Apoc","OG_516",1,0,1
"evm.model.Ap4.2524","evm.model.Ap4.2524","Apoc","OG_286",0,0,1
"evm.model.Ap4.2538","evm.model.Ap4.2538","Apoc","OG_1278",0,0,1
"evm.model.Ap4.2692","evm.model.Ap4.2692","Apoc","OG_516",1,0,1
"evm.model.Ap4.2976","evm.model.Ap4.2976","Apoc","OG_282",1,1,1
"evm.model.Ap4.2986","evm.model.Ap4.2986","Apoc","OG_369",1,1,1
"evm.model.Ap4.3080","evm.model.Ap4.3080","Apoc","OG_130",0,1,1
"evm.model.Ap4.3108","evm.model.Ap4.3108","Apoc","OG_889",1,1,1
"evm.model.Ap4.3293","evm.model.Ap4.3293","Apoc","OG_922",0,0,1
"evm.model.Ap4.335","evm.model.Ap4.335","Apoc","OG_263",0,0,1
"evm.model.Ap4.3376","evm.model.Ap4.3376","Apoc","OG_9386",0,0,1
"evm.model.Ap4.3380","evm.model.Ap4.3380","Apoc","OG_898",0,0,1
"evm.model.Ap4.3431","evm.model.Ap4.3431","Apoc","OG_1162",0,0,1
"evm.model.Ap4.3465","evm.model.Ap4.3465","Apoc","OG_664",1,1,1
"evm.model.Ap4.3645","evm.model.Ap4.3645","Apoc","OG_1015",0,1,1
"evm.model.Ap4.3702","evm.model.Ap4.3702","Apoc","OG_504",1,1,1
"evm.model.Ap4.403","evm.model.Ap4.403","Apoc","OG_543",1,1,1
"evm.model.Ap4.404","evm.model.Ap4.404","Apoc","OG_543",1,1,1
"evm.model.Ap4.406","evm.model.Ap4.406","Apoc","OG_40",0,0,1
"evm.model.Ap4.4309","evm.model.Ap4.4309","Apoc","OG_697",0,1,1
"evm.model.Ap4.432","evm.model.Ap4.432","Apoc","OG_46",0,0,1
"evm.model.Ap4.4397","evm.model.Ap4.4397","Apoc","OG_282",1,1,1
"evm.model.Ap4.4398","evm.model.Ap4.4398","Apoc","OG_282",1,1,1
"evm.model.Ap4.443","evm.model.Ap4.443","Apoc","OG_176",1,1,1
"evm.model.Ap4.4582","evm.model.Ap4.4582","Apoc","OG_270",1,1,1
"evm.model.Ap4.4701","evm.model.Ap4.4701","Apoc","OG_406",0,1,1
"evm.model.Ap4.4929","evm.model.Ap4.4929","Apoc","OG_970",0,0,1
"evm.model.Ap4.4967","evm.model.Ap4.4967","Apoc","OG_1043",0,0,1
"evm.model.Ap4.4988","evm.model.Ap4.4988","Apoc","OG_818",1,1,1
"evm.model.Ap4.5043","evm.model.Ap4.5043","Apoc","OG_6422",0,0,1
"evm.model.Ap4.5047","evm.model.Ap4.5047","Apoc","OG_6422",0,0,1
"evm.model.Ap4.5055","evm.model.Ap4.5055","Apoc","OG_1363",0,1,1
"evm.model.Ap4.5079","evm.model.Ap4.5079","Apoc","OG_12150",1,0,1
"evm.model.Ap4.5182","evm.model.Ap4.5182","Apoc","OG_1212",0,1,1
"evm.model.Ap4.5208","evm.model.Ap4.5208","Apoc","OG_617",1,1,1
"evm.model.Ap4.5262","evm.model.Ap4.5262","Apoc","OG_11865",0,1,1
"evm.model.Ap4.5282","evm.model.Ap4.5282","Apoc","OG_659",1,1,1
"evm.model.Ap4.5303","evm.model.Ap4.5303","Apoc","OG_11933",0,0,1
"evm.model.Ap4.5375","evm.model.Ap4.5375","Apoc","OG_693",0,0,1
"evm.model.Ap4.5385","evm.model.Ap4.5385","Apoc","OG_6231",0,0,1
"evm.model.Ap4.540","evm.model.Ap4.540","Apoc","OG_7201",0,0,1
"evm.model.Ap4.5467","evm.model.Ap4.5467","Apoc","OG_11857",0,0,1
"evm.model.Ap4.55","evm.model.Ap4.55","Apoc","OG_12303",1,0,1
"evm.model.Ap4.5502","evm.model.Ap4.5502","Apoc","OG_838",0,1,1
"evm.model.Ap4.5504","evm.model.Ap4.5504","Apoc","OG_838",0,1,1
"evm.model.Ap4.5516","evm.model.Ap4.5516","Apoc","OG_11813",0,0,1
"evm.model.Ap4.5541","evm.model.Ap4.5541","Apoc","OG_149",1,1,1
"evm.model.Ap4.5595","evm.model.Ap4.5595","Apoc","OG_11829",0,0,1
"evm.model.Ap4.5613","evm.model.Ap4.5613","Apoc","OG_12117",0,0,1
"evm.model.Ap4.5653","evm.model.Ap4.5653","Apoc","OG_6178",0,0,1
"evm.model.Ap4.5656","evm.model.Ap4.5656","Apoc","OG_284",1,1,1
"evm.model.Ap4.5701","evm.model.Ap4.5701","Apoc","OG_6351",0,0,1
"evm.model.Ap4.5731","evm.model.Ap4.5731","Apoc","OG_264",0,1,1
"evm.model.Ap4.583","evm.model.Ap4.583","Apoc","OG_11866",0,0,1
"evm.model.Ap4.5848","evm.model.Ap4.5848","Apoc","OG_12038",1,0,1
"evm.model.Ap4.5878","evm.model.Ap4.5878","Apoc","OG_1655",1,1,1
"evm.model.Ap4.5920","evm.model.Ap4.5920","Apoc","OG_12322",0,1,1
"evm.model.Ap4.5956","evm.model.Ap4.5956","Apoc","OG_11886",1,0,1
"evm.model.Ap4.60","evm.model.Ap4.60","Apoc","OG_12254",0,0,1
"evm.model.Ap4.6007","evm.model.Ap4.6007","Apoc","OG_1738",0,0,1
"evm.model.Ap4.602","evm.model.Ap4.602","Apoc","OG_1312",1,1,1
"evm.model.Ap4.6090","evm.model.Ap4.6090","Apoc","OG_1728",0,1,1
"evm.model.Ap4.6095","evm.model.Ap4.6095","Apoc","OG_950",0,1,1
"evm.model.Ap4.6166","evm.model.Ap4.6166","Apoc","OG_155",1,1,1
"evm.model.Ap4.6193","evm.model.Ap4.6193","Apoc","OG_11860",0,0,1
"evm.model.Ap4.6199","evm.model.Ap4.6199","Apoc","OG_11863",0,0,1
"evm.model.Ap4.6281","evm.model.Ap4.6281","Apoc","OG_1743",1,0,1
"evm.model.Ap4.633","evm.model.Ap4.633","Apoc","OG_1099",0,1,1
"evm.model.Ap4.6371","evm.model.Ap4.6371","Apoc","OG_1740",1,1,1
"evm.model.Ap4.6376","evm.model.Ap4.6376","Apoc","OG_477",1,1,1
"evm.model.Ap4.64","evm.model.Ap4.64","Apoc","OG_12252",0,0,1
"evm.model.Ap4.6428","evm.model.Ap4.6428","Apoc","OG_1713",0,0,1
"evm.model.Ap4.644","evm.model.Ap4.644","Apoc","OG_11805",0,0,1
"evm.model.Ap4.6487","evm.model.Ap4.6487","Apoc","OG_752",1,0,1
"evm.model.Ap4.651","evm.model.Ap4.651","Apoc","OG_11805",0,0,1
"evm.model.Ap4.6515","evm.model.Ap4.6515","Apoc","OG_703",1,1,1
"evm.model.Ap4.6577","evm.model.Ap4.6577","Apoc","OG_1355",1,1,1
"evm.model.Ap4.6608","evm.model.Ap4.6608","Apoc","OG_12034",0,0,1
"evm.model.Ap4.6621","evm.model.Ap4.6621","Apoc","OG_12174",0,0,1
"evm.model.Ap4.6735","evm.model.Ap4.6735","Apoc","OG_10241",0,1,1
"evm.model.Ap4.6772","evm.model.Ap4.6772","Apoc","OG_1160",0,0,1
"evm.model.Ap4.6785","evm.model.Ap4.6785","Apoc","OG_11905",0,0,1
"evm.model.Ap4.6792","evm.model.Ap4.6792","Apoc","OG_1017",1,1,1
"evm.model.Ap4.6794","evm.model.Ap4.6794","Apoc","OG_1017",1,1,1
"evm.model.Ap4.6797","evm.model.Ap4.6797","Apoc","OG_12221",0,0,1
"evm.model.Ap4.69","evm.model.Ap4.69","Apoc","OG_206",1,1,1
"evm.model.Ap4.6902","evm.model.Ap4.6902","Apoc","OG_208",0,0,1
"evm.model.Ap4.6922","evm.model.Ap4.6922","Apoc","OG_6529",0,1,1
"evm.model.Ap4.6938","evm.model.Ap4.6938","Apoc","OG_163",0,0,1
"evm.model.Ap4.697","evm.model.Ap4.697","Apoc","OG_5091",0,0,1
"evm.model.Ap4.6984","evm.model.Ap4.6984","Apoc","OG_1767",1,1,1
"evm.model.Ap4.6986","evm.model.Ap4.6986","Apoc","OG_1768",0,0,1
"evm.model.Ap4.6992","evm.model.Ap4.6992","Apoc","OG_5225",0,0,1
"evm.model.Ap4.700","evm.model.Ap4.700","Apoc","OG_5091",0,0,1
"evm.model.Ap4.7006","evm.model.Ap4.7006","Apoc","OG_155",1,1,1
"evm.model.Ap4.701","evm.model.Ap4.701","Apoc","OG_5091",0,0,1
"evm.model.Ap4.7016","evm.model.Ap4.7016","Apoc","OG_1765",0,0,1
"evm.model.Ap4.7045","evm.model.Ap4.7045","Apoc","OG_1760",0,1,1
"evm.model.Ap4.7069","evm.model.Ap4.7069","Apoc","OG_12280",0,0,1
"evm.model.Ap4.7111","evm.model.Ap4.7111","Apoc","OG_11984",0,0,1
"evm.model.Ap4.7119","evm.model.Ap4.7119","Apoc","OG_11983",0,0,1
"evm.model.Ap4.7144","evm.model.Ap4.7144","Apoc","OG_12041",1,1,1
"evm.model.Ap4.716","evm.model.Ap4.716","Apoc","OG_5091",0,0,1
"evm.model.Ap4.717","evm.model.Ap4.717","Apoc","OG_5091",0,0,1
"evm.model.Ap4.7244","evm.model.Ap4.7244","Apoc","OG_1719",0,1,1
"evm.model.Ap4.7267","evm.model.Ap4.7267","Apoc","OG_969",0,0,1
"evm.model.Ap4.758","evm.model.Ap4.758","Apoc","OG_247",1,0,1
"evm.model.Ap4.796","evm.model.Ap4.796","Apoc","OG_318",1,0,1
"evm.model.Ap4.873","evm.model.Ap4.873","Apoc","OG_264",0,1,1
"evm.model.Ap4.909","evm.model.Ap4.909","Apoc","OG_11824",1,0,1
"evm.model.Ap4.938","evm.model.Ap4.938","Apoc","OG_12296",1,0,1
"evm.model.Ap5.1004","evm.model.Ap5.1004","Apoc","OG_8848",0,0,1
"evm.model.Ap5.1021","evm.model.Ap5.1021","Apoc","OG_3841",0,1,1
"evm.model.Ap5.1041","evm.model.Ap5.1041","Apoc","OG_8674",1,1,1
"evm.model.Ap5.1059","evm.model.Ap5.1059","Apoc","OG_8802",0,0,1
"evm.model.Ap5.1094","evm.model.Ap5.1094","Apoc","OG_186",1,1,1
"evm.model.Ap5.1139","evm.model.Ap5.1139","Apoc","OG_682",1,0,1
"evm.model.Ap5.119","evm.model.Ap5.119","Apoc","OG_736",0,0,1
"evm.model.Ap5.1219","evm.model.Ap5.1219","Apoc","OG_8994",0,0,1
"evm.model.Ap5.1268","evm.model.Ap5.1268","Apoc","OG_767",0,1,1
"evm.model.Ap5.132","evm.model.Ap5.132","Apoc","OG_3967",0,0,1
"evm.model.Ap5.1340","evm.model.Ap5.1340","Apoc","OG_3854",0,0,1
"evm.model.Ap5.1352","evm.model.Ap5.1352","Apoc","OG_270",1,1,1
"evm.model.Ap5.1352.1.5f15e50d","evm.model.Ap5.1352.1.5f15e50d","Apoc","OG_270",1,1,1
"evm.model.Ap5.1383","evm.model.Ap5.1383","Apoc","OG_6660",1,0,1
"evm.model.Ap5.1461","evm.model.Ap5.1461","Apoc","OG_406",0,1,1
"evm.model.Ap5.1466","evm.model.Ap5.1466","Apoc","OG_890",0,0,1
"evm.model.Ap5.1490","evm.model.Ap5.1490","Apoc","OG_6550",1,1,1
"evm.model.Ap5.1525","evm.model.Ap5.1525","Apoc","OG_3860",0,0,1
"evm.model.Ap5.159","evm.model.Ap5.159","Apoc","OG_8877",0,0,1
"evm.model.Ap5.1607","evm.model.Ap5.1607","Apoc","OG_688",1,0,1
"evm.model.Ap5.1679","evm.model.Ap5.1679","Apoc","OG_362",1,1,1
"evm.model.Ap5.1679.1.5f15e58d","evm.model.Ap5.1679.1.5f15e58d","Apoc","OG_362",1,1,1
"evm.model.Ap5.1685","evm.model.Ap5.1685","Apoc","OG_257",1,1,1
"evm.model.Ap5.1715","evm.model.Ap5.1715","Apoc","OG_1030",0,0,1
"evm.model.Ap5.1718_evm.model.Ap5.1714","evm.model.Ap5.1718_evm.model.Ap5.1714","Apoc","OG_150",1,1,1
"evm.model.Ap5.1729","evm.model.Ap5.1729","Apoc","OG_362",1,1,1
"evm.model.Ap5.1761","evm.model.Ap5.1761","Apoc","OG_7680",1,0,1
"evm.model.Ap5.181","evm.model.Ap5.181","Apoc","OG_3908",0,0,1
"evm.model.Ap5.181.1.5f15e28e","evm.model.Ap5.181.1.5f15e28e","Apoc","OG_3908",0,0,1
"evm.model.Ap5.1874","evm.model.Ap5.1874","Apoc","OG_9011",0,0,1
"evm.model.Ap5.1966","evm.model.Ap5.1966","Apoc","OG_349",1,0,1
"evm.model.Ap5.1969","evm.model.Ap5.1969","Apoc","OG_349",1,0,1
"evm.model.Ap5.1970","evm.model.Ap5.1970","Apoc","OG_349",1,0,1
"evm.model.Ap5.2110_evm.model.Ap5.2111_evm.model.Ap5.2120","evm.model.Ap5.2110_evm.model.Ap5.2111_evm.model.Ap5.2120","Apoc","OG_370",0,0,1
"evm.model.Ap5.2110_evm.model.Ap5.2111_evm.model.Ap5.2120.1.5f168dfd","evm.model.Ap5.2110_evm.model.Ap5.2111_evm.model.Ap5.2120.1.5f168dfd","Apoc","OG_370",0,0,1
"evm.model.Ap5.2110_evm.model.Ap5.2111_evm.model.Ap5.2120.2.5f168dfd","evm.model.Ap5.2110_evm.model.Ap5.2111_evm.model.Ap5.2120.2.5f168dfd","Apoc","OG_370",0,0,1
"evm.model.Ap5.2138","evm.model.Ap5.2138","Apoc","OG_3914",1,0,1
"evm.model.Ap5.2144","evm.model.Ap5.2144","Apoc","OG_3913",0,1,1
"evm.model.Ap5.215","evm.model.Ap5.215","Apoc","OG_868",0,1,1
"evm.model.Ap5.2166","evm.model.Ap5.2166","Apoc","OG_3911",1,0,1
"evm.model.Ap5.2197","evm.model.Ap5.2197","Apoc","OG_358",1,1,1
"evm.model.Ap5.2215","evm.model.Ap5.2215","Apoc","OG_5291",1,1,1
"evm.model.Ap5.2246","evm.model.Ap5.2246","Apoc","OG_4032",1,0,1
"evm.model.Ap5.2330","evm.model.Ap5.2330","Apoc","OG_8630",0,0,1
"evm.model.Ap5.2355","evm.model.Ap5.2355","Apoc","OG_322",1,0,1
"evm.model.Ap5.2382","evm.model.Ap5.2382","Apoc","OG_356",1,0,1
"evm.model.Ap5.2395","evm.model.Ap5.2395","Apoc","OG_4057",0,0,1
"evm.model.Ap5.2406","evm.model.Ap5.2406","Apoc","OG_4060",0,0,1
"evm.model.Ap5.2411","evm.model.Ap5.2411","Apoc","OG_3969",0,0,1
"evm.model.Ap5.2426","evm.model.Ap5.2426","Apoc","OG_328",1,0,1
"evm.model.Ap5.2430","evm.model.Ap5.2430","Apoc","OG_328",1,0,1
"evm.model.Ap5.248","evm.model.Ap5.248","Apoc","OG_342",0,1,1
"evm.model.Ap5.2522","evm.model.Ap5.2522","Apoc","OG_3996",1,0,1
"evm.model.Ap5.2719","evm.model.Ap5.2719","Apoc","OG_4072",1,0,1
"evm.model.Ap5.2728","evm.model.Ap5.2728","Apoc","OG_8897",0,1,1
"evm.model.Ap5.2760","evm.model.Ap5.2760","Apoc","OG_6362",0,0,1
"evm.model.Ap5.2778","evm.model.Ap5.2778","Apoc","OG_3980",0,1,1
"evm.model.Ap5.2781","evm.model.Ap5.2781","Apoc","OG_3979",0,0,1
"evm.model.Ap5.288","evm.model.Ap5.288","Apoc","OG_3866",0,0,1
"evm.model.Ap5.2939","evm.model.Ap5.2939","Apoc","OG_4047",1,1,1
"evm.model.Ap5.295","evm.model.Ap5.295","Apoc","OG_8887",0,0,1
"evm.model.Ap5.2950","evm.model.Ap5.2950","Apoc","OG_6647",1,0,1
"evm.model.Ap5.2950.1.5f1690d1","evm.model.Ap5.2950.1.5f1690d1","Apoc","OG_6647",1,0,1
"evm.model.Ap5.2954","evm.model.Ap5.2954","Apoc","OG_8711",0,1,1
"evm.model.Ap5.329","evm.model.Ap5.329","Apoc","OG_6669",0,0,1
"evm.model.Ap5.352","evm.model.Ap5.352","Apoc","OG_336",1,1,1
"evm.model.Ap5.364","evm.model.Ap5.364","Apoc","OG_1062",0,1,1
"evm.model.Ap5.371","evm.model.Ap5.371","Apoc","OG_1098",0,1,1
"evm.model.Ap5.385","evm.model.Ap5.385","Apoc","OG_8744",0,0,1
"evm.model.Ap5.385.1.5f15e306","evm.model.Ap5.385.1.5f15e306","Apoc","OG_8744",0,0,1
"evm.model.Ap5.400","evm.model.Ap5.400","Apoc","OG_4018",0,0,1
"evm.model.Ap5.447","evm.model.Ap5.447","Apoc","OG_6669",0,0,1
"evm.model.Ap5.562","evm.model.Ap5.562","Apoc","OG_8671",0,0,1
"evm.model.Ap5.638","evm.model.Ap5.638","Apoc","OG_354",1,1,1
"evm.model.Ap5.695","evm.model.Ap5.695","Apoc","OG_8834",1,0,1
"evm.model.Ap5.777","evm.model.Ap5.777","Apoc","OG_8857",1,0,1
"evm.model.Ap5.794","evm.model.Ap5.794","Apoc","OG_304",1,1,1
"evm.model.Ap5.819","evm.model.Ap5.819","Apoc","OG_341",1,0,1
"evm.model.Ap5.844","evm.model.Ap5.844","Apoc","OG_2865",1,0,1
"evm.model.Ap5.846","evm.model.Ap5.846","Apoc","OG_8881",0,1,1
"evm.model.Ap5.851","evm.model.Ap5.851","Apoc","OG_3901",1,0,1
"evm.model.Ap5.923","evm.model.Ap5.923","Apoc","OG_3942",0,0,1
"evm.model.Ap5.937","evm.model.Ap5.937","Apoc","OG_8838",0,1,1
"evm.model.Ap6.1073","evm.model.Ap6.1073","Apoc","OG_985",0,1,1
"evm.model.Ap6.1101","evm.model.Ap6.1101","Apoc","OG_406",0,1,1
"evm.model.Ap6.1122","evm.model.Ap6.1122","Apoc","OG_208",0,0,1
"evm.model.Ap6.1233","evm.model.Ap6.1233","Apoc","OG_9980",0,0,1
"evm.model.Ap6.1271","evm.model.Ap6.1271","Apoc","OG_10206",0,0,1
"evm.model.Ap6.13","evm.model.Ap6.13","Apoc","OG_10198",0,1,1
"evm.model.Ap6.1308","evm.model.Ap6.1308","Apoc","OG_10333",1,0,1
"evm.model.Ap6.14","evm.model.Ap6.14","Apoc","OG_10197",1,1,1
"evm.model.Ap6.1528","evm.model.Ap6.1528","Apoc","OG_4435",1,0,1
"evm.model.Ap6.1528.1.5f15df76","evm.model.Ap6.1528.1.5f15df76","Apoc","OG_4435",1,0,1
"evm.model.Ap6.1528.2.5f15df76","evm.model.Ap6.1528.2.5f15df76","Apoc","OG_4435",1,0,1
"evm.model.Ap6.153","evm.model.Ap6.153","Apoc","OG_4344",1,0,1
"evm.model.Ap6.158","evm.model.Ap6.158","Apoc","OG_4347",0,0,1
"evm.model.Ap6.1615","evm.model.Ap6.1615","Apoc","OG_6775",0,1,1
"evm.model.Ap6.1615.1.5f15df99","evm.model.Ap6.1615.1.5f15df99","Apoc","OG_6775",0,1,1
"evm.model.Ap6.1663","evm.model.Ap6.1663","Apoc","OG_10394",0,0,1
"evm.model.Ap6.1664","evm.model.Ap6.1664","Apoc","OG_10394",0,0,1
"evm.model.Ap6.1747","evm.model.Ap6.1747","Apoc","OG_4390",0,0,1
"evm.model.Ap6.1755","evm.model.Ap6.1755","Apoc","OG_163",0,0,1
"evm.model.Ap6.1792","evm.model.Ap6.1792","Apoc","OG_6776",0,0,1
"evm.model.Ap6.1796","evm.model.Ap6.1796","Apoc","OG_4399",1,0,1
"evm.model.Ap6.1800","evm.model.Ap6.1800","Apoc","OG_6714",1,0,1
"evm.model.Ap6.1805","evm.model.Ap6.1805","Apoc","OG_6714",1,0,1
"evm.model.Ap6.1883","evm.model.Ap6.1883","Apoc","OG_8418",0,1,1
"evm.model.Ap6.1927","evm.model.Ap6.1927","Apoc","OG_215",0,0,1
"evm.model.Ap6.195","evm.model.Ap6.195","Apoc","OG_9366",0,1,1
"evm.model.Ap6.2127","evm.model.Ap6.2127","Apoc","OG_531",1,0,1
"evm.model.Ap6.2146","evm.model.Ap6.2146","Apoc","OG_10303",0,0,1
"evm.model.Ap6.2183","evm.model.Ap6.2183","Apoc","OG_4594",0,1,1
"evm.model.Ap6.2350","evm.model.Ap6.2350","Apoc","OG_543",1,1,1
"evm.model.Ap6.2354","evm.model.Ap6.2354","Apoc","OG_543",1,1,1
"evm.model.Ap6.2378","evm.model.Ap6.2378","Apoc","OG_4577",0,1,1
"evm.model.Ap6.2389","evm.model.Ap6.2389","Apoc","OG_10352",0,0,1
"evm.model.Ap6.2390","evm.model.Ap6.2390","Apoc","OG_4575",1,0,1
"evm.model.Ap6.2408","evm.model.Ap6.2408","Apoc","OG_461",0,0,1
"evm.model.Ap6.245","evm.model.Ap6.245","Apoc","OG_4357",0,1,1
"evm.model.Ap6.2461","evm.model.Ap6.2461","Apoc","OG_543",1,1,1
"evm.model.Ap6.2467","evm.model.Ap6.2467","Apoc","OG_383",0,0,1
"evm.model.Ap6.2470","evm.model.Ap6.2470","Apoc","OG_543",1,1,1
"evm.model.Ap6.2508","evm.model.Ap6.2508","Apoc","OG_736",0,0,1
"evm.model.Ap6.2525","evm.model.Ap6.2525","Apoc","OG_5248",0,0,1
"evm.model.Ap6.2537","evm.model.Ap6.2537","Apoc","OG_10117",0,0,1
"evm.model.Ap6.2540","evm.model.Ap6.2540","Apoc","OG_6105",0,0,1
"evm.model.Ap6.2543","evm.model.Ap6.2543","Apoc","OG_6105",0,0,1
"evm.model.Ap6.2553","evm.model.Ap6.2553","Apoc","OG_5559",0,0,1
"evm.model.Ap6.2586","evm.model.Ap6.2586","Apoc","OG_10155",1,1,1
"evm.model.Ap6.2595","evm.model.Ap6.2595","Apoc","OG_4510",1,1,1
"evm.model.Ap6.2598","evm.model.Ap6.2598","Apoc","OG_4504",0,0,1
"evm.model.Ap6.2618","evm.model.Ap6.2618","Apoc","OG_10253",0,0,1
"evm.model.Ap6.262","evm.model.Ap6.262","Apoc","OG_516",1,0,1
"evm.model.Ap6.2623","evm.model.Ap6.2623","Apoc","OG_6762",1,1,1
"evm.model.Ap6.2661","evm.model.Ap6.2661","Apoc","OG_10389",0,0,1
"evm.model.Ap6.2677","evm.model.Ap6.2677","Apoc","OG_10120",0,0,1
"evm.model.Ap6.2769","evm.model.Ap6.2769","Apoc","OG_215",0,0,1
"evm.model.Ap6.2776","evm.model.Ap6.2776","Apoc","OG_1153",0,0,1
"evm.model.Ap6.2791","evm.model.Ap6.2791","Apoc","OG_4",1,0,1
"evm.model.Ap6.2797","evm.model.Ap6.2797","Apoc","OG_10249",0,1,1
"evm.model.Ap6.2852","evm.model.Ap6.2852","Apoc","OG_521",1,1,1
"evm.model.Ap6.2896","evm.model.Ap6.2896","Apoc","OG_1881",0,0,1
"evm.model.Ap6.3017","evm.model.Ap6.3017","Apoc","OG_2865",1,0,1
"evm.model.Ap6.3018","evm.model.Ap6.3018","Apoc","OG_6762",1,1,1
"evm.model.Ap6.3018.1.5f169127","evm.model.Ap6.3018.1.5f169127","Apoc","OG_6762",1,1,1
"evm.model.Ap6.3029","evm.model.Ap6.3029","Apoc","OG_2865",1,0,1
"evm.model.Ap6.3029.1.5f15e258","evm.model.Ap6.3029.1.5f15e258","Apoc","OG_2865",1,0,1
"evm.model.Ap6.3039","evm.model.Ap6.3039","Apoc","OG_10331",0,0,1
"evm.model.Ap6.3110","evm.model.Ap6.3110","Apoc","OG_10035",0,0,1
"evm.model.Ap6.3118","evm.model.Ap6.3118","Apoc","OG_4521",0,0,1
"evm.model.Ap6.3182","evm.model.Ap6.3182","Apoc","OG_1040",0,0,1
"evm.model.Ap6.321","evm.model.Ap6.321","Apoc","OG_10314",0,0,1
"evm.model.Ap6.340","evm.model.Ap6.340","Apoc","OG_6250",0,0,1
"evm.model.Ap6.40","evm.model.Ap6.40","Apoc","OG_6319",0,1,1
"evm.model.Ap6.488","evm.model.Ap6.488","Apoc","OG_5359",1,0,1
"evm.model.Ap6.489","evm.model.Ap6.489","Apoc","OG_10345",0,0,1
"evm.model.Ap6.490","evm.model.Ap6.490","Apoc","OG_4378",0,0,1
"evm.model.Ap6.549","evm.model.Ap6.549","Apoc","OG_208",0,0,1
"evm.model.Ap6.580","evm.model.Ap6.580","Apoc","OG_10221",1,1,1
"evm.model.Ap6.586","evm.model.Ap6.586","Apoc","OG_6210",1,0,1
"evm.model.Ap6.601_evm.model.Ap6.602","evm.model.Ap6.601_evm.model.Ap6.602","Apoc","OG_1209",0,0,1
"evm.model.Ap6.622","evm.model.Ap6.622","Apoc","OG_1209",0,0,1
"evm.model.Ap6.622.1.5f15dd66","evm.model.Ap6.622.1.5f15dd66","Apoc","OG_1209",0,0,1
"evm.model.Ap6.902","evm.model.Ap6.902","Apoc","OG_851",0,0,1
"evm.model.Ap6.967_evm.model.Ap6.970","evm.model.Ap6.967_evm.model.Ap6.970","Apoc","OG_1483",0,1,1
"evm.model.Ap7.1043","evm.model.Ap7.1043","Apoc","OG_9705",0,1,1
"evm.model.Ap7.1076","evm.model.Ap7.1076","Apoc","OG_6892",0,1,1
"evm.model.Ap7.1194","evm.model.Ap7.1194","Apoc","OG_9893",1,0,1
"evm.model.Ap7.1210","evm.model.Ap7.1210","Apoc","OG_905",1,1,1
"evm.model.Ap7.1225","evm.model.Ap7.1225","Apoc","OG_416",0,1,1
"evm.model.Ap7.1260","evm.model.Ap7.1260","Apoc","OG_703",1,1,1
"evm.model.Ap7.128","evm.model.Ap7.128","Apoc","OG_9884",0,0,1
"evm.model.Ap7.1326","evm.model.Ap7.1326","Apoc","OG_5963",1,0,1
"evm.model.Ap7.1401","evm.model.Ap7.1401","Apoc","OG_9636",0,0,1
"evm.model.Ap7.1495","evm.model.Ap7.1495","Apoc","OG_6335",0,0,1
"evm.model.Ap7.1530","evm.model.Ap7.1530","Apoc","OG_163",0,0,1
"evm.model.Ap7.1554","evm.model.Ap7.1554","Apoc","OG_9617",0,0,1
"evm.model.Ap7.1735","evm.model.Ap7.1735","Apoc","OG_1120",0,1,1
"evm.model.Ap7.1738","evm.model.Ap7.1738","Apoc","OG_9705",0,1,1
"evm.model.Ap7.19","evm.model.Ap7.19","Apoc","OG_1849",0,1,1
"evm.model.Ap7.1954","evm.model.Ap7.1954","Apoc","OG_4105",0,0,1
"evm.model.Ap7.1955","evm.model.Ap7.1955","Apoc","OG_9945",0,1,1
"evm.model.Ap7.1984","evm.model.Ap7.1984","Apoc","OG_228",1,1,1
"evm.model.Ap7.2034","evm.model.Ap7.2034","Apoc","OG_6604",1,1,1
"evm.model.Ap7.2036","evm.model.Ap7.2036","Apoc","OG_6604",1,1,1
"evm.model.Ap7.2045","evm.model.Ap7.2045","Apoc","OG_6604",1,1,1
"evm.model.Ap7.2090","evm.model.Ap7.2090","Apoc","OG_543",1,1,1
"evm.model.Ap7.214","evm.model.Ap7.214","Apoc","OG_4319",0,0,1
"evm.model.Ap7.2243","evm.model.Ap7.2243","Apoc","OG_4128",0,0,1
"evm.model.Ap7.2293","evm.model.Ap7.2293","Apoc","OG_9668",1,0,1
"evm.model.Ap7.2344","evm.model.Ap7.2344","Apoc","OG_9219",0,0,1
"evm.model.Ap7.2350","evm.model.Ap7.2350","Apoc","OG_543",1,1,1
"evm.model.Ap7.2392","evm.model.Ap7.2392","Apoc","OG_9644",0,0,1
"evm.model.Ap7.2405","evm.model.Ap7.2405","Apoc","OG_970",0,0,1
"evm.model.Ap7.2438","evm.model.Ap7.2438","Apoc","OG_475",1,0,1
"evm.model.Ap7.2506","evm.model.Ap7.2506","Apoc","OG_9702",0,0,1
"evm.model.Ap7.2530","evm.model.Ap7.2530","Apoc","OG_183",0,1,1
"evm.model.Ap7.2531","evm.model.Ap7.2531","Apoc","OG_183",0,1,1
"evm.model.Ap7.2562","evm.model.Ap7.2562","Apoc","OG_9916",0,0,1
"evm.model.Ap7.2566","evm.model.Ap7.2566","Apoc","OG_183",0,1,1
"evm.model.Ap7.2583","evm.model.Ap7.2583","Apoc","OG_4187",0,0,1
"evm.model.Ap7.2637","evm.model.Ap7.2637","Apoc","OG_9656",0,0,1
"evm.model.Ap7.2667","evm.model.Ap7.2667","Apoc","OG_249",0,0,1
"evm.model.Ap7.2671","evm.model.Ap7.2671","Apoc","OG_167",0,0,1
"evm.model.Ap7.2675","evm.model.Ap7.2675","Apoc","OG_167",0,0,1
"evm.model.Ap7.2678","evm.model.Ap7.2678","Apoc","OG_9821",0,0,1
"evm.model.Ap7.2689","evm.model.Ap7.2689","Apoc","OG_249",0,0,1
"evm.model.Ap7.2712","evm.model.Ap7.2712","Apoc","OG_9710",0,0,1
"evm.model.Ap7.2746","evm.model.Ap7.2746","Apoc","OG_9829",1,0,1
"evm.model.Ap7.2818","evm.model.Ap7.2818","Apoc","OG_4175",1,0,1
"evm.model.Ap7.2826","evm.model.Ap7.2826","Apoc","OG_861",0,1,1
"evm.model.Ap7.2827","evm.model.Ap7.2827","Apoc","OG_9662",1,1,1
"evm.model.Ap7.2871","evm.model.Ap7.2871","Apoc","OG_5904",0,0,1
"evm.model.Ap7.2917","evm.model.Ap7.2917","Apoc","OG_4080",1,0,1
"evm.model.Ap7.299","evm.model.Ap7.299","Apoc","OG_9629",0,0,1
"evm.model.Ap7.352","evm.model.Ap7.352","Apoc","OG_9706",0,1,1
"evm.model.Ap7.359","evm.model.Ap7.359","Apoc","OG_9708",0,1,1
"evm.model.Ap7.360","evm.model.Ap7.360","Apoc","OG_9931",0,1,1
"evm.model.Ap7.53","evm.model.Ap7.53","Apoc","OG_6087",1,1,1
"evm.model.Ap7.62","evm.model.Ap7.62","Apoc","OG_409",0,0,1
"evm.model.Ap7.661","evm.model.Ap7.661","Apoc","OG_4195",0,0,1
"evm.model.Ap7.7","evm.model.Ap7.7","Apoc","OG_9805",1,1,1
"evm.model.Ap7.709","evm.model.Ap7.709","Apoc","OG_6735",0,0,1
"evm.model.Ap7.73","evm.model.Ap7.73","Apoc","OG_9641",0,0,1
"evm.model.Ap7.773","evm.model.Ap7.773","Apoc","OG_773",0,1,1
"evm.model.Ap7.8","evm.model.Ap7.8","Apoc","OG_9805",1,1,1
"evm.model.Ap7.854","evm.model.Ap7.854","Apoc","OG_408",1,1,1
"evm.model.Ap7.86","evm.model.Ap7.86","Apoc","OG_551",0,1,1
"evm.model.Ap7.89","evm.model.Ap7.89","Apoc","OG_4293",0,0,1
"evm.model.Ap7.926","evm.model.Ap7.926","Apoc","OG_9838",0,0,1
"evm.model.Ap7.948","evm.model.Ap7.948","Apoc","OG_6212",0,0,1
"evm.model.Ap7.964","evm.model.Ap7.964","Apoc","OG_170",1,1,1
"evm.model.Ap7.980","evm.model.Ap7.980","Apoc","OG_4090",0,0,1
"evm.model.Ap8.1022","evm.model.Ap8.1022","Apoc","OG_249",0,0,1
"evm.model.Ap8.109","evm.model.Ap8.109","Apoc","OG_404",1,0,1
"evm.model.Ap8.11","evm.model.Ap8.11","Apoc","OG_9200",0,1,1
"evm.model.Ap8.1218","evm.model.Ap8.1218","Apoc","OG_400",0,0,1
"evm.model.Ap8.1229","evm.model.Ap8.1229","Apoc","OG_400",0,0,1
"evm.model.Ap8.1244","evm.model.Ap8.1244","Apoc","OG_9292",0,0,1
"evm.model.Ap8.1326","evm.model.Ap8.1326","Apoc","OG_423",1,0,1
"evm.model.Ap8.1365","evm.model.Ap8.1365","Apoc","OG_208",0,0,1
"evm.model.Ap8.1392","evm.model.Ap8.1392","Apoc","OG_423",1,0,1
"evm.model.Ap8.1510","evm.model.Ap8.1510","Apoc","OG_956",1,1,1
"evm.model.Ap8.1606","evm.model.Ap8.1606","Apoc","OG_5133",0,1,1
"evm.model.Ap8.1622","evm.model.Ap8.1622","Apoc","OG_172",0,0,1
"evm.model.Ap8.167","evm.model.Ap8.167","Apoc","OG_419",0,0,1
"evm.model.Ap8.168","evm.model.Ap8.168","Apoc","OG_419",0,0,1
"evm.model.Ap8.169","evm.model.Ap8.169","Apoc","OG_419",0,0,1
"evm.model.Ap8.170","evm.model.Ap8.170","Apoc","OG_419",0,0,1
"evm.model.Ap8.171","evm.model.Ap8.171","Apoc","OG_419",0,0,1
"evm.model.Ap8.1797_evm.model.Ap8.1799","evm.model.Ap8.1797_evm.model.Ap8.1799","Apoc","OG_4712",0,0,1
"evm.model.Ap8.1842","evm.model.Ap8.1842","Apoc","OG_9158",1,0,1
"evm.model.Ap8.1955","evm.model.Ap8.1955","Apoc","OG_4721",0,0,1
"evm.model.Ap8.2121","evm.model.Ap8.2121","Apoc","OG_955",0,1,1
"evm.model.Ap8.215","evm.model.Ap8.215","Apoc","OG_267",1,1,1
"evm.model.Ap8.2194","evm.model.Ap8.2194","Apoc","OG_5089",1,1,1
"evm.model.Ap8.2362","evm.model.Ap8.2362","Apoc","OG_264",0,1,1
"evm.model.Ap8.2373","evm.model.Ap8.2373","Apoc","OG_4639",1,0,1
"evm.model.Ap8.2381","evm.model.Ap8.2381","Apoc","OG_9194",0,1,1
"evm.model.Ap8.2445","evm.model.Ap8.2445","Apoc","OG_1149",1,1,1
"evm.model.Ap8.2447","evm.model.Ap8.2447","Apoc","OG_788",1,0,1
"evm.model.Ap8.2482","evm.model.Ap8.2482","Apoc","OG_9204",0,0,1
"evm.model.Ap8.2498","evm.model.Ap8.2498","Apoc","OG_4659",0,0,1
"evm.model.Ap8.2514","evm.model.Ap8.2514","Apoc","OG_422",0,0,1
"evm.model.Ap8.2624","evm.model.Ap8.2624","Apoc","OG_1449",0,1,1
"evm.model.Ap8.2656","evm.model.Ap8.2656","Apoc","OG_9030",0,0,1
"evm.model.Ap8.2677","evm.model.Ap8.2677","Apoc","OG_4741",0,0,1
"evm.model.Ap8.2698","evm.model.Ap8.2698","Apoc","OG_4738",0,0,1
"evm.model.Ap8.2759","evm.model.Ap8.2759","Apoc","OG_9322",0,0,1
"evm.model.Ap8.278","evm.model.Ap8.278","Apoc","OG_4752",0,0,1
"evm.model.Ap8.2790","evm.model.Ap8.2790","Apoc","OG_1266",0,0,1
"evm.model.Ap8.2801","evm.model.Ap8.2801","Apoc","OG_1098",0,1,1
"evm.model.Ap8.326","evm.model.Ap8.326","Apoc","OG_5527",0,0,1
"evm.model.Ap8.361","evm.model.Ap8.361","Apoc","OG_5323",1,1,1
"evm.model.Ap8.41","evm.model.Ap8.41","Apoc","OG_9231",0,0,1
"evm.model.Ap8.437","evm.model.Ap8.437","Apoc","OG_9155",0,0,1
"evm.model.Ap8.452","evm.model.Ap8.452","Apoc","OG_9055",1,0,1
"evm.model.Ap8.464","evm.model.Ap8.464","Apoc","OG_8812",1,1,1
"evm.model.Ap8.482","evm.model.Ap8.482","Apoc","OG_9332",1,0,1
"evm.model.Ap8.538","evm.model.Ap8.538","Apoc","OG_150",1,1,1
"evm.model.Ap8.689","evm.model.Ap8.689","Apoc","OG_1267",0,1,1
"evm.model.Ap8.73","evm.model.Ap8.73","Apoc","OG_419",0,0,1
"evm.model.Ap8.803","evm.model.Ap8.803","Apoc","OG_905",1,1,1
"evm.model.Ap8.971","evm.model.Ap8.971","Apoc","OG_149",1,1,1
"evm.model.Ap9.1020","evm.model.Ap9.1020","Apoc","OG_9564",0,0,1
"evm.model.Ap9.1033","evm.model.Ap9.1033","Apoc","OG_9451",0,1,1
"evm.model.Ap9.1034","evm.model.Ap9.1034","Apoc","OG_9526",1,0,1
"evm.model.Ap9.1111","evm.model.Ap9.1111","Apoc","OG_4955",0,0,1
"evm.model.Ap9.1117","evm.model.Ap9.1117","Apoc","OG_4950",0,0,1
"evm.model.Ap9.1128","evm.model.Ap9.1128","Apoc","OG_5208",0,0,1
"evm.model.Ap9.1128.1.5f15e72a","evm.model.Ap9.1128.1.5f15e72a","Apoc","OG_5208",0,0,1
"evm.model.Ap9.1156","evm.model.Ap9.1156","Apoc","OG_9434",0,0,1
"evm.model.Ap9.1177","evm.model.Ap9.1177","Apoc","OG_1090",0,1,1
"evm.model.Ap9.1192","evm.model.Ap9.1192","Apoc","OG_9434",0,0,1
"evm.model.Ap9.1314","evm.model.Ap9.1314","Apoc","OG_5979",1,0,1
"evm.model.Ap9.1384","evm.model.Ap9.1384","Apoc","OG_144",1,1,1
"evm.model.Ap9.1479","evm.model.Ap9.1479","Apoc","OG_266",0,1,1
"evm.model.Ap9.1505","evm.model.Ap9.1505","Apoc","OG_4861",0,0,1
"evm.model.Ap9.1579","evm.model.Ap9.1579","Apoc","OG_446",1,0,1
"evm.model.Ap9.1579.1.5f15e7bc","evm.model.Ap9.1579.1.5f15e7bc","Apoc","OG_446",1,0,1
"evm.model.Ap9.1605","evm.model.Ap9.1605","Apoc","OG_6079",0,0,1
"evm.model.Ap9.1616","evm.model.Ap9.1616","Apoc","OG_12462",0,0,1
"evm.model.Ap9.1678","evm.model.Ap9.1678","Apoc","OG_427",0,1,1
"evm.model.Ap9.1699","evm.model.Ap9.1699","Apoc","OG_2302",1,0,1
"evm.model.Ap9.1736","evm.model.Ap9.1736","Apoc","OG_168",0,0,1
"evm.model.Ap9.1837","evm.model.Ap9.1837","Apoc","OG_584",0,0,1
"evm.model.Ap9.188","evm.model.Ap9.188","Apoc","OG_9459",0,0,1
"evm.model.Ap9.1901","evm.model.Ap9.1901","Apoc","OG_736",0,0,1
"evm.model.Ap9.1924","evm.model.Ap9.1924","Apoc","OG_9454",1,1,1
"evm.model.Ap9.1967","evm.model.Ap9.1967","Apoc","OG_9388",0,0,1
"evm.model.Ap9.2071","evm.model.Ap9.2071","Apoc","OG_9415",1,0,1
"evm.model.Ap9.2077","evm.model.Ap9.2077","Apoc","OG_9415",1,0,1
"evm.model.Ap9.210","evm.model.Ap9.210","Apoc","OG_9432",1,1,1
"evm.model.Ap9.2238","evm.model.Ap9.2238","Apoc","OG_9539",0,0,1
"evm.model.Ap9.2405","evm.model.Ap9.2405","Apoc","OG_9512",1,1,1
"evm.model.Ap9.2473","evm.model.Ap9.2473","Apoc","OG_6722",0,0,1
"evm.model.Ap9.2510","evm.model.Ap9.2510","Apoc","OG_4820",1,1,1
"evm.model.Ap9.2510.1.5f15e882","evm.model.Ap9.2510.1.5f15e882","Apoc","OG_4820",1,1,1
"evm.model.Ap9.2523","evm.model.Ap9.2523","Apoc","OG_1061",0,1,1
"evm.model.Ap9.2531","evm.model.Ap9.2531","Apoc","OG_429",1,0,1
"evm.model.Ap9.254","evm.model.Ap9.254","Apoc","OG_1030",0,0,1
"evm.model.Ap9.2568","evm.model.Ap9.2568","Apoc","OG_9405",1,0,1
"evm.model.Ap9.257","evm.model.Ap9.257","Apoc","OG_438",1,1,1
"evm.model.Ap9.2570","evm.model.Ap9.2570","Apoc","OG_9405",1,0,1
"evm.model.Ap9.2571","evm.model.Ap9.2571","Apoc","OG_9405",1,0,1
"evm.model.Ap9.2573","evm.model.Ap9.2573","Apoc","OG_286",0,0,1
"evm.model.Ap9.2665","evm.model.Ap9.2665","Apoc","OG_4884",0,0,1
"evm.model.Ap9.2670","evm.model.Ap9.2670","Apoc","OG_242",1,1,1
"evm.model.Ap9.334","evm.model.Ap9.334","Apoc","OG_964",1,0,1
"evm.model.Ap9.506","evm.model.Ap9.506","Apoc","OG_5608",0,0,1
"evm.model.Ap9.599","evm.model.Ap9.599","Apoc","OG_737",0,1,1
"evm.model.Ap9.74","evm.model.Ap9.74","Apoc","OG_6240",0,1,1
"evm.model.Ap9.762","evm.model.Ap9.762","Apoc","OG_318",1,0,1
"evm.model.Ap9.790","evm.model.Ap9.790","Apoc","OG_9409",0,0,1
"evm.model.Ap9.82","evm.model.Ap9.82","Apoc","OG_9343",0,1,1
"evm.model.Ap9.93","evm.model.Ap9.93","Apoc","OG_9513",0,0,1
"evm.model.Ap9.981_evm.model.Ap9.982","evm.model.Ap9.981_evm.model.Ap9.982","Apoc","OG_1281",1,1,1
"evm.model.Ap1.1132","evm.model.Ap1.1132","Apoc","OG_3491",0,0,1
"evm.model.Ap1.1132.1.5f15df27","evm.model.Ap1.1132.1.5f15df27","Apoc","OG_3491",0,0,1
"evm.model.Ap1.1132.2.5f15df27","evm.model.Ap1.1132.2.5f15df27","Apoc","OG_3491",0,0,1
"evm.model.Ap1.125","evm.model.Ap1.125","Apoc","OG_11372",0,0,1
"evm.model.Ap1.1540","evm.model.Ap1.1540","Apoc","OG_11682",0,0,1
"evm.model.Ap1.1608","evm.model.Ap1.1608","Apoc","OG_3398",1,0,1
"evm.model.Ap1.1948","evm.model.Ap1.1948","Apoc","OG_6164",0,1,1
"evm.model.Ap1.230","evm.model.Ap1.230","Apoc","OG_3469",0,0,1
"evm.model.Ap1.2978","evm.model.Ap1.2978","Apoc","OG_3668",0,0,1
"evm.model.Ap1.34","evm.model.Ap1.34","Apoc","OG_11777",1,0,1
"evm.model.Ap1.4109","evm.model.Ap1.4109","Apoc","OG_5128",0,1,1
"evm.model.Ap1.688","evm.model.Ap1.688","Apoc","OG_639",1,0,1
"evm.model.Ap1.763","evm.model.Ap1.763","Apoc","OG_638",0,0,1
"evm.model.Ap1.805","evm.model.Ap1.805","Apoc","OG_638",0,0,1
"evm.model.Ap10.111","evm.model.Ap10.111","Apoc","OG_5480",1,0,1
"evm.model.Ap10.118","evm.model.Ap10.118","Apoc","OG_1247",1,1,1
"evm.model.Ap10.161","evm.model.Ap10.161","Apoc","OG_736",0,0,1
"evm.model.Ap10.692","evm.model.Ap10.692","Apoc","OG_1142",1,0,1
"evm.model.Ap10.912","evm.model.Ap10.912","Apoc","OG_7312",0,0,1
"evm.model.Ap11.1232","evm.model.Ap11.1232","Apoc","OG_1318",1,0,1
"evm.model.Ap11.1335","evm.model.Ap11.1335","Apoc","OG_12338",0,0,1
"evm.model.Ap11.1368","evm.model.Ap11.1368","Apoc","OG_12338",0,0,1
"evm.model.Ap11.902","evm.model.Ap11.902","Apoc","OG_6867",0,1,1
"evm.model.Ap12.1046","evm.model.Ap12.1046","Apoc","OG_8563",1,1,1
"evm.model.Ap12.1335","evm.model.Ap12.1335","Apoc","OG_8538",0,0,1
"evm.model.Ap12.2609","evm.model.Ap12.2609","Apoc","OG_3268",0,1,1
"evm.model.Ap12.2609.1.5f15e736","evm.model.Ap12.2609.1.5f15e736","Apoc","OG_3268",0,1,1
"evm.model.Ap12.550","evm.model.Ap12.550","Apoc","OG_8520",0,0,1
"evm.model.Ap12.700","evm.model.Ap12.700","Apoc","OG_147",1,1,1
"evm.model.Ap12.80","evm.model.Ap12.80","Apoc","OG_966",1,1,1
"evm.model.Ap13.168","evm.model.Ap13.168","Apoc","OG_2826",1,0,1
"evm.model.Ap13.2461","evm.model.Ap13.2461","Apoc","OG_10403",1,0,1
"evm.model.Ap13.2603","evm.model.Ap13.2603","Apoc","OG_2927",0,0,1
"evm.model.Ap14.1510","evm.model.Ap14.1510","Apoc","OG_5194",0,0,1
"evm.model.Ap14.1510.1.5f15de88","evm.model.Ap14.1510.1.5f15de88","Apoc","OG_5194",0,0,1
"evm.model.Ap14.947","evm.model.Ap14.947","Apoc","OG_5884",0,0,1
"evm.model.Ap2.2618","evm.model.Ap2.2618","Apoc","OG_11062",0,0,1
"evm.model.Ap2.2965","evm.model.Ap2.2965","Apoc","OG_258",0,0,1
"evm.model.Ap3.662","evm.model.Ap3.662","Apoc","OG_262",0,0,1
"evm.model.Ap4.1019","evm.model.Ap4.1019","Apoc","OG_966",1,1,1
"evm.model.Ap4.1300","evm.model.Ap4.1300","Apoc","OG_11951",0,0,1
"evm.model.Ap4.1338","evm.model.Ap4.1338","Apoc","OG_12276",0,0,1
"evm.model.Ap4.180","evm.model.Ap4.180","Apoc","OG_966",1,1,1
"evm.model.Ap4.5518","evm.model.Ap4.5518","Apoc","OG_1299",0,0,1
"evm.model.Ap4.5543","evm.model.Ap4.5543","Apoc","OG_825",0,1,1
"evm.model.Ap4.6084","evm.model.Ap4.6084","Apoc","OG_1731",0,0,1
"evm.model.Ap4.6084.1.5f15e393","evm.model.Ap4.6084.1.5f15e393","Apoc","OG_1731",0,0,1
"evm.model.Ap4.6233","evm.model.Ap4.6233","Apoc","OG_1134",0,1,1
"evm.model.Ap4.6664","evm.model.Ap4.6664","Apoc","OG_530",1,0,1
"evm.model.Ap5.114.1.5f15e260","evm.model.Ap5.114.1.5f15e260","Apoc","OG_6639",0,0,1
"evm.model.Ap5.2396","evm.model.Ap5.2396","Apoc","OG_4058",0,0,1
"evm.model.Ap6.2777","evm.model.Ap6.2777","Apoc","OG_186",1,1,1
"evm.model.Ap6.3028","evm.model.Ap6.3028","Apoc","OG_2865",1,0,1
"evm.model.Ap6.3028.1.5f169131","evm.model.Ap6.3028.1.5f169131","Apoc","OG_2865",1,0,1
"evm.model.Ap6.3208","evm.model.Ap6.3208","Apoc","OG_4475",1,0,1
"evm.model.Ap7.1219","evm.model.Ap7.1219","Apoc","OG_3469",0,0,1
"evm.model.Ap7.1221","evm.model.Ap7.1221","Apoc","OG_3469",0,0,1
"evm.model.Ap7.2412","evm.model.Ap7.2412","Apoc","OG_489",1,0,1
"evm.model.Ap8.1215","evm.model.Ap8.1215","Apoc","OG_825",0,1,1
"evm.model.Ap8.421","evm.model.Ap8.421","Apoc","OG_147",1,1,1
"evm.model.Ap8.423","evm.model.Ap8.423","Apoc","OG_147",1,1,1
"evm.model.Ap8.650","evm.model.Ap8.650","Apoc","OG_4801",1,0,1
"evm.model.Ap8.734","evm.model.Ap8.734","Apoc","OG_147",1,1,1
"evm.model.Ap9.2613","evm.model.Ap9.2613","Apoc","OG_9571",0,0,1
"evm.model.Ap9.2745","evm.model.Ap9.2745","Apoc","OG_565",0,1,1
"evm.model.Ap9.941","evm.model.Ap9.941","Apoc","OG_468",1,1,1
"evm.model.Ap9.942","evm.model.Ap9.942","Apoc","OG_468",1,1,1
"evm.model.Ap9.944","evm.model.Ap9.944","Apoc","OG_468",1,1,1
"evm.model.Ap10.175","evm.model.Ap10.175","Apoc","OG_980",0,1,1
"evm.model.Ap10.1803","evm.model.Ap10.1803","Apoc","OG_7328",0,0,1
"evm.model.Ap10.1825","evm.model.Ap10.1825","Apoc","OG_162",1,0,1
"evm.model.Ap10.331","evm.model.Ap10.331","Apoc","OG_3794",1,0,1
"evm.model.Ap10.657","evm.model.Ap10.657","Apoc","OG_5095",0,1,1
"evm.model.Ap10.687","evm.model.Ap10.687","Apoc","OG_185",0,1,1
"evm.model.Ap11.1035","evm.model.Ap11.1035","Apoc","OG_150",1,1,1
"evm.model.Ap11.1262","evm.model.Ap11.1262","Apoc","OG_133",0,0,1
"evm.model.Ap11.1889","evm.model.Ap11.1889","Apoc","OG_6522",0,0,1
"evm.model.Ap11.636","evm.model.Ap11.636","Apoc","OG_973",1,0,1
"evm.model.Ap12.1061","evm.model.Ap12.1061","Apoc","OG_294",0,0,1
"evm.model.Ap12.1091","evm.model.Ap12.1091","Apoc","OG_8177",0,0,1
"evm.model.Ap12.1255","evm.model.Ap12.1255","Apoc","OG_868",0,1,1
"evm.model.Ap12.1306","evm.model.Ap12.1306","Apoc","OG_8234",1,1,1
"evm.model.Ap12.1475","evm.model.Ap12.1475","Apoc","OG_157",0,1,1
"evm.model.Ap12.36","evm.model.Ap12.36","Apoc","OG_8331",0,1,1
"evm.model.Ap12.2755","evm.model.Ap12.2755","Apoc","OG_8443",0,0,1
"evm.model.Ap13.1244","evm.model.Ap13.1244","Apoc","OG_482",0,0,1
"evm.model.Ap13.2734","evm.model.Ap13.2734","Apoc","OG_602",1,1,1
"evm.model.Ap13.3057","evm.model.Ap13.3057","Apoc","OG_369",1,1,1
"evm.model.Ap14.957","evm.model.Ap14.957","Apoc","OG_2216",0,0,1
"evm.model.Ap14.156","evm.model.Ap14.156","Apoc","OG_2274",0,1,1
"evm.model.Ap14.1660","evm.model.Ap14.1660","Apoc","OG_7539",0,0,1
"evm.model.Ap14.222","evm.model.Ap14.222","Apoc","OG_241",1,1,1
"evm.model.Ap14.59","evm.model.Ap14.59","Apoc","OG_2160",0,0,1
"evm.model.Ap1.1876","evm.model.Ap1.1876","Apoc","OG_3385",0,1,1
"evm.model.Ap1.3293","evm.model.Ap1.3293","Apoc","OG_6483",0,1,1
"evm.model.Ap1.671","evm.model.Ap1.671","Apoc","OG_10540",0,0,1
"evm.model.Ap2.202","evm.model.Ap2.202","Apoc","OG_1503",0,0,1
"evm.model.Ap2.2299","evm.model.Ap2.2299","Apoc","OG_5567",1,0,1
"evm.model.Ap2.2472","evm.model.Ap2.2472","Apoc","OG_322",1,0,1
"evm.model.Ap2.322","evm.model.Ap2.322","Apoc","OG_720",0,1,1
"evm.model.Ap2.3593","evm.model.Ap2.3593","Apoc","OG_626",0,0,1
"evm.model.Ap2.3911","evm.model.Ap2.3911","Apoc","OG_5357",0,1,1
"evm.model.Ap2.4086","evm.model.Ap2.4086","Apoc","OG_6321",1,0,1
"evm.model.Ap2.4138","evm.model.Ap2.4138","Apoc","OG_2152",0,0,1
"evm.model.Ap3.1046","evm.model.Ap3.1046","Apoc","OG_7815",1,0,1
"evm.model.Ap3.1056","evm.model.Ap3.1056","Apoc","OG_347",0,1,1
"evm.model.Ap3.155","evm.model.Ap3.155","Apoc","OG_2362",1,0,1
"evm.model.Ap3.1367","evm.model.Ap3.1367","Apoc","OG_8013",0,0,1
"evm.model.Ap3.2122","evm.model.Ap3.2122","Apoc","OG_7595",0,0,1
"evm.model.Ap3.869","evm.model.Ap3.869","Apoc","OG_260",1,0,1
"evm.model.Ap4.1039","evm.model.Ap4.1039","Apoc","OG_5733",1,0,1
"evm.model.Ap4.1358","evm.model.Ap4.1358","Apoc","OG_168",0,0,1
"evm.model.Ap4.2322","evm.model.Ap4.2322","Apoc","OG_541",1,1,1
"evm.model.Ap4.5253","evm.model.Ap4.5253","Apoc","OG_656",0,0,1
"evm.model.Ap4.5616","evm.model.Ap4.5616","Apoc","OG_12118",0,0,1
"evm.model.Ap4.6195","evm.model.Ap4.6195","Apoc","OG_11862",0,1,1
"evm.model.Ap4.6651","evm.model.Ap4.6651","Apoc","OG_5135",1,0,1
"evm.model.Ap4.564","evm.model.Ap4.564","Apoc","OG_12065",0,0,1
"evm.model.Ap4.667","evm.model.Ap4.667","Apoc","OG_11937",0,0,1
"evm.model.Ap5.1990","evm.model.Ap5.1990","Apoc","OG_156",0,1,1
"evm.model.Ap5.2135","evm.model.Ap5.2135","Apoc","OG_6657",0,0,1
"evm.model.Ap5.2828","evm.model.Ap5.2828","Apoc","OG_6697",0,0,1
"evm.model.Ap5.611","evm.model.Ap5.611","Apoc","OG_3915",0,0,1
"evm.model.Ap5.759","evm.model.Ap5.759","Apoc","OG_8725",0,0,1
"evm.model.Ap6.1807","evm.model.Ap6.1807","Apoc","OG_4400",0,0,1
"evm.model.Ap6.2353","evm.model.Ap6.2353","Apoc","OG_543",1,1,1
"evm.model.Ap6.2736","evm.model.Ap6.2736","Apoc","OG_215",0,0,1
"evm.model.Ap6.3133","evm.model.Ap6.3133","Apoc","OG_10136",0,0,1
"evm.model.Ap6.3266","evm.model.Ap6.3266","Apoc","OG_6099",0,0,1
"evm.model.Ap6.1032","evm.model.Ap6.1032","Apoc","OG_10297",0,0,1
"evm.model.Ap7.116","evm.model.Ap7.116","Apoc","OG_9624",0,0,1
"evm.model.Ap7.1127","evm.model.Ap7.1127","Apoc","OG_12428",0,0,1
"evm.model.Ap7.1399","evm.model.Ap7.1399","Apoc","OG_9678",0,0,1
"evm.model.Ap7.2126","evm.model.Ap7.2126","Apoc","OG_9714",0,0,1
"evm.model.Ap7.2374","evm.model.Ap7.2374","Apoc","OG_4139",0,1,1
"evm.model.Ap7.2812","evm.model.Ap7.2812","Apoc","OG_5913",0,0,1
"evm.model.Ap7.2877","evm.model.Ap7.2877","Apoc","OG_4179",0,0,1
"evm.model.Ap8.1085","evm.model.Ap8.1085","Apoc","OG_405",0,1,1
"evm.model.Ap8.1489","evm.model.Ap8.1489","Apoc","OG_868",0,1,1
"evm.model.Ap8.1573","evm.model.Ap8.1573","Apoc","OG_378",0,1,1
"evm.model.Ap8.655","evm.model.Ap8.655","Apoc","OG_420",0,1,1
"evm.model.Ap9.1995","evm.model.Ap9.1995","Apoc","OG_447",1,1,1
"evm.model.Ap9.452","evm.model.Ap9.452","Apoc","OG_736",0,0,1
"evm.model.Ap9.83","evm.model.Ap9.83","Apoc","OG_9344",0,0,1
"evm.model.Ap10.1140","evm.model.Ap10.1140","Apoc","OG_740",0,0,1
"evm.model.Ap11.1579","evm.model.Ap11.1579","Apoc","OG_5469",0,0,1
"evm.model.Ap11.415","evm.model.Ap11.415","Apoc","OG_6942",0,0,1
"evm.model.Ap12.2174","evm.model.Ap12.2174","Apoc","OG_6602",0,0,1
"evm.model.Ap12.261","evm.model.Ap12.261","Apoc","OG_740",0,0,1
"evm.model.Ap13.1366","evm.model.Ap13.1366","Apoc","OG_10710",0,1,1
"evm.model.Ap13.1571","evm.model.Ap13.1571","Apoc","OG_5120",1,0,1
"evm.model.Ap13.2778","evm.model.Ap13.2778","Apoc","OG_562",1,0,1
"evm.model.Ap13.2872","evm.model.Ap13.2872","Apoc","OG_230",1,0,1
"evm.model.Ap14.1984","evm.model.Ap14.1984","Apoc","OG_7423",0,0,1
"evm.model.Ap1.185","evm.model.Ap1.185","Apoc","OG_11718",0,0,1
"evm.model.Ap1.2681","evm.model.Ap1.2681","Apoc","OG_5720",0,0,1
"evm.model.Ap1.4030","evm.model.Ap1.4030","Apoc","OG_11466",0,0,1
"evm.model.Ap1.4113","evm.model.Ap1.4113","Apoc","OG_11325",0,0,1
"evm.model.Ap2.3133","evm.model.Ap2.3133","Apoc","OG_6832",0,0,1
"evm.model.Ap2.3577","evm.model.Ap2.3577","Apoc","OG_615",1,1,1
"evm.model.Ap4.3486","evm.model.Ap4.3486","Apoc","OG_189",0,0,1
"evm.model.Ap4.362","evm.model.Ap4.362","Apoc","OG_740",0,0,1
"evm.model.Ap5.1696","evm.model.Ap5.1696","Apoc","OG_608",1,1,1
"evm.model.Ap5.1797","evm.model.Ap5.1797","Apoc","OG_233",1,1,1
"evm.model.Ap5.2065","evm.model.Ap5.2065","Apoc","OG_214",0,0,1
"evm.model.Ap5.2679","evm.model.Ap5.2679","Apoc","OG_6265",0,0,1
"evm.model.Ap6.2132","evm.model.Ap6.2132","Apoc","OG_740",0,0,1
"evm.model.Ap6.2994","evm.model.Ap6.2994","Apoc","OG_876",0,1,1
"evm.model.Ap6.466","evm.model.Ap6.466","Apoc","OG_8752",0,0,1
"evm.model.Ap6.620","evm.model.Ap6.620","Apoc","OG_740",0,0,1
"evm.model.Ap8.1257","evm.model.Ap8.1257","Apoc","OG_9173",0,0,1
"evm.model.Ap8.1405","evm.model.Ap8.1405","Apoc","OG_163",0,0,1
"evm.model.Ap8.1695","evm.model.Ap8.1695","Apoc","OG_5677",0,0,1
"evm.model.Ap8.1722","evm.model.Ap8.1722","Apoc","OG_4710",0,1,1
"evm.model.Ap8.1739","evm.model.Ap8.1739","Apoc","OG_9028",0,1,1
"evm.model.Ap8.241","evm.model.Ap8.241","Apoc","OG_4776",0,0,1
"evm.model.Ap8.2423","evm.model.Ap8.2423","Apoc","OG_9119",0,0,1
"evm.model.Ap8.2631","evm.model.Ap8.2631","Apoc","OG_9272",0,0,1
"evm.model.Ap9.1423","evm.model.Ap9.1423","Apoc","OG_6714",1,0,1
"evm.model.Ap9.1465","evm.model.Ap9.1465","Apoc","OG_189",0,0,1
"evm.model.Ap9.229","evm.model.Ap9.229","Apoc","OG_428",1,0,1
"evm.model.Ap10.1505","evm.model.Ap10.1505","Apoc","OG_254",0,0,1
"evm.model.Ap10.1540","evm.model.Ap10.1540","Apoc","OG_166",1,1,1
"evm.model.Ap10.398","evm.model.Ap10.398","Apoc","OG_7174",1,0,1
"evm.model.Ap10.547","evm.model.Ap10.547","Apoc","OG_166",1,1,1
"evm.model.Ap10.559","evm.model.Ap10.559","Apoc","OG_166",1,1,1
"evm.model.Ap11.686","evm.model.Ap11.686","Apoc","OG_188",0,0,1
"evm.model.Ap11.883","evm.model.Ap11.883","Apoc","OG_6868",0,0,1
"evm.model.Ap12.2620","evm.model.Ap12.2620","Apoc","OG_8401",0,0,1
"evm.model.Ap12.439","evm.model.Ap12.439","Apoc","OG_144",1,1,1
"evm.model.Ap12.702","evm.model.Ap12.702","Apoc","OG_332",1,1,1
"evm.model.Ap12.12","evm.model.Ap12.12","Apoc","OG_8398",0,0,1
"evm.model.Ap13.1092","evm.model.Ap13.1092","Apoc","OG_282",1,1,1
"evm.model.Ap13.233","evm.model.Ap13.233","Apoc","OG_572",0,0,1
"evm.model.Ap13.3180","evm.model.Ap13.3180","Apoc","OG_10410",0,0,1
"evm.model.Ap13.369","evm.model.Ap13.369","Apoc","OG_6452",0,0,1
"evm.model.Ap13.558","evm.model.Ap13.558","Apoc","OG_3488",0,1,1
"evm.model.Ap13.830","evm.model.Ap13.830","Apoc","OG_2831",0,0,1
"evm.model.Ap13.868","evm.model.Ap13.868","Apoc","OG_188",0,0,1
"evm.model.Ap14.1703","evm.model.Ap14.1703","Apoc","OG_1361",0,0,1
"evm.model.Ap14.1760","evm.model.Ap14.1760","Apoc","OG_124",1,1,1
"evm.model.Ap14.208","evm.model.Ap14.208","Apoc","OG_7462",0,0,1
"evm.model.Ap1.1061","evm.model.Ap1.1061","Apoc","OG_11724",0,0,1
"evm.model.Ap1.1268","evm.model.Ap1.1268","Apoc","OG_11784",0,0,1
"evm.model.Ap1.1620","evm.model.Ap1.1620","Apoc","OG_12481",0,1,1
"evm.model.Ap1.2280","evm.model.Ap1.2280","Apoc","OG_11355",1,0,1
"evm.model.Ap1.2383","evm.model.Ap1.2383","Apoc","OG_645",0,0,1
"evm.model.Ap1.2652","evm.model.Ap1.2652","Apoc","OG_3532",0,1,1
"evm.model.Ap1.2814","evm.model.Ap1.2814","Apoc","OG_214",0,0,1
"evm.model.Ap1.321","evm.model.Ap1.321","Apoc","OG_188",0,0,1
"evm.model.Ap1.344","evm.model.Ap1.344","Apoc","OG_1030",0,0,1
"evm.model.Ap1.3396","evm.model.Ap1.3396","Apoc","OG_3628",0,0,1
"evm.model.Ap1.3972","evm.model.Ap1.3972","Apoc","OG_6663",0,1,1
"evm.model.Ap1.4118","evm.model.Ap1.4118","Apoc","OG_11384",0,0,1
"evm.model.Ap1.4176","evm.model.Ap1.4176","Apoc","OG_11696",1,0,1
"evm.model.Ap1.540","evm.model.Ap1.540","Apoc","OG_477",1,1,1
"evm.model.Ap1.764","evm.model.Ap1.764","Apoc","OG_638",0,0,1
"evm.model.Ap1.806","evm.model.Ap1.806","Apoc","OG_638",0,0,1
"evm.model.Ap1.852","evm.model.Ap1.852","Apoc","OG_5689",0,0,1
"evm.model.Ap2.1459","evm.model.Ap2.1459","Apoc","OG_10966",1,0,1
"evm.model.Ap2.1573","evm.model.Ap2.1573","Apoc","OG_1830",1,0,1
"evm.model.Ap2.259","evm.model.Ap2.259","Apoc","OG_984",1,1,1
"evm.model.Ap2.2230","evm.model.Ap2.2230","Apoc","OG_12470",0,0,1
"evm.model.Ap2.2634","evm.model.Ap2.2634","Apoc","OG_2110",0,0,1
"evm.model.Ap2.409","evm.model.Ap2.409","Apoc","OG_1861",0,0,1
"evm.model.Ap2.4139","evm.model.Ap2.4139","Apoc","OG_2151",0,1,1
"evm.model.Ap2.43","evm.model.Ap2.43","Apoc","OG_318",1,0,1
"evm.model.Ap2.917","evm.model.Ap2.917","Apoc","OG_6372",0,0,1
"evm.model.Ap2.975","evm.model.Ap2.975","Apoc","OG_11260",0,1,1
"evm.model.Ap3.1245","evm.model.Ap3.1245","Apoc","OG_5384",0,0,1
"evm.model.Ap3.1254","evm.model.Ap3.1254","Apoc","OG_2469",0,0,1
"evm.model.Ap3.1917","evm.model.Ap3.1917","Apoc","OG_2540",0,0,1
"evm.model.Ap3.1991","evm.model.Ap3.1991","Apoc","OG_144",1,1,1
"evm.model.Ap3.280","evm.model.Ap3.280","Apoc","OG_2363",0,1,1
"evm.model.Ap3.31","evm.model.Ap3.31","Apoc","OG_5782",0,0,1
"evm.model.Ap4.1080","evm.model.Ap4.1080","Apoc","OG_111",1,1,1
"evm.model.Ap4.1333","evm.model.Ap4.1333","Apoc","OG_87",0,0,1
"evm.model.Ap4.1350","evm.model.Ap4.1350","Apoc","OG_904",0,1,1
"evm.model.Ap4.1366","evm.model.Ap4.1366","Apoc","OG_487",1,1,1
"evm.model.Ap4.1367","evm.model.Ap4.1367","Apoc","OG_487",1,1,1
"evm.model.Ap4.1437","evm.model.Ap4.1437","Apoc","OG_332",1,1,1
"evm.model.Ap4.1692","evm.model.Ap4.1692","Apoc","OG_446",1,0,1
"evm.model.Ap4.2185","evm.model.Ap4.2185","Apoc","OG_188",0,0,1
"evm.model.Ap4.2535","evm.model.Ap4.2535","Apoc","OG_1078",0,0,1
"evm.model.Ap4.3109","evm.model.Ap4.3109","Apoc","OG_332",1,1,1
"evm.model.Ap4.3364","evm.model.Ap4.3364","Apoc","OG_332",1,1,1
"evm.model.Ap4.4034","evm.model.Ap4.4034","Apoc","OG_493",0,0,1
"evm.model.Ap4.4558","evm.model.Ap4.4558","Apoc","OG_170",1,1,1
"evm.model.Ap4.5273","evm.model.Ap4.5273","Apoc","OG_188",0,0,1
"evm.model.Ap5.971","evm.model.Ap5.971","Apoc","OG_3934",0,0,1
"evm.model.Ap5.1068","evm.model.Ap5.1068","Apoc","OG_188",0,0,1
"evm.model.Ap5.1275","evm.model.Ap5.1275","Apoc","OG_8909",0,0,1
"evm.model.Ap5.2357","evm.model.Ap5.2357","Apoc","OG_10154",0,0,1
"evm.model.Ap5.221","evm.model.Ap5.221","Apoc","OG_188",0,0,1
"evm.model.Ap5.2638","evm.model.Ap5.2638","Apoc","OG_188",0,0,1
"evm.model.Ap5.2789","evm.model.Ap5.2789","Apoc","OG_3983",0,0,1
"evm.model.Ap5.2940","evm.model.Ap5.2940","Apoc","OG_6672",0,0,1
"evm.model.Ap5.79","evm.model.Ap5.79","Apoc","OG_360",0,0,1
"evm.model.Ap6.1589","evm.model.Ap6.1589","Apoc","OG_10190",1,1,1
"evm.model.Ap6.1871","evm.model.Ap6.1871","Apoc","OG_277",0,1,1
"evm.model.Ap6.283","evm.model.Ap6.283","Apoc","OG_535",0,0,1
"evm.model.Ap6.2695","evm.model.Ap6.2695","Apoc","OG_4608",0,0,1
"evm.model.Ap6.3237","evm.model.Ap6.3237","Apoc","OG_10300",0,0,1
"evm.model.Ap6.594","evm.model.Ap6.594","Apoc","OG_276",0,0,1
"evm.model.Ap6.857","evm.model.Ap6.857","Apoc","OG_4385",0,0,1
"evm.model.Ap7.1750","evm.model.Ap7.1750","Apoc","OG_233",1,1,1
"evm.model.Ap7.2347","evm.model.Ap7.2347","Apoc","OG_6297",0,0,1
"evm.model.Ap8.1046","evm.model.Ap8.1046","Apoc","OG_9108",0,0,1
"evm.model.Ap8.14","evm.model.Ap8.14","Apoc","OG_9200",0,1,1
"evm.model.Ap8.851","evm.model.Ap8.851","Apoc","OG_956",1,1,1
"evm.model.Ap9.984","evm.model.Ap9.984","Apoc","OG_188",0,0,1
"evm.model.Ap9.1339","evm.model.Ap9.1339","Apoc","OG_5979",1,0,1
"evm.model.Ap9.2735","evm.model.Ap9.2735","Apoc","OG_9396",0,0,1
"evm.model.Ap9.378","evm.model.Ap9.378","Apoc","OG_188",0,0,1
"evm.model.Ap10.1101","evm.model.Ap10.1101","Apoc","OG_7235",1,1,1
"evm.model.Ap10.1214","evm.model.Ap10.1214","Apoc","OG_424",0,1,1
"evm.model.Ap10.1481","evm.model.Ap10.1481","Apoc","OG_190",1,1,1
"evm.model.Ap10.1689","evm.model.Ap10.1689","Apoc","OG_7240",0,1,1
"evm.model.Ap10.1690","evm.model.Ap10.1690","Apoc","OG_7240",0,1,1
"evm.model.Ap10.1789","evm.model.Ap10.1789","Apoc","OG_7161",0,0,1
"evm.model.Ap10.642","evm.model.Ap10.642","Apoc","OG_214",0,0,1
"evm.model.Ap11.1338","evm.model.Ap11.1338","Apoc","OG_5958",0,0,1
"evm.model.Ap11.1570","evm.model.Ap11.1570","Apoc","OG_156",0,1,1
"evm.model.Ap11.137","evm.model.Ap11.137","Apoc","OG_7042",1,1,1
"evm.model.Ap12.1264","evm.model.Ap12.1264","Apoc","OG_8594",0,0,1
"evm.model.Ap12.253","evm.model.Ap12.253","Apoc","OG_8197",0,1,1
"evm.model.Ap12.2612","evm.model.Ap12.2612","Apoc","OG_10568",0,1,1
"evm.model.Ap12.516","evm.model.Ap12.516","Apoc","OG_2867",0,0,1
"evm.model.Ap12.902","evm.model.Ap12.902","Apoc","OG_12376",0,1,1
"evm.model.Ap13.990","evm.model.Ap13.990","Apoc","OG_10425",0,0,1
"evm.model.Ap13.1096","evm.model.Ap13.1096","Apoc","OG_764",1,1,1
"evm.model.Ap13.2315","evm.model.Ap13.2315","Apoc","OG_555",0,0,1
"evm.model.Ap13.3105","evm.model.Ap13.3105","Apoc","OG_10395",1,1,1
"evm.model.Ap13.504","evm.model.Ap13.504","Apoc","OG_6116",0,1,1
"evm.model.Ap14.1788","evm.model.Ap14.1788","Apoc","OG_1323",0,0,1
"evm.model.Ap14.1908","evm.model.Ap14.1908","Apoc","OG_1095",1,0,1
"evm.model.Ap14.251","evm.model.Ap14.251","Apoc","OG_7429",0,0,1
"evm.model.Ap1.1500","evm.model.Ap1.1500","Apoc","OG_6422",0,0,1
"evm.model.Ap1.1791","evm.model.Ap1.1791","Apoc","OG_11543",0,0,1
"evm.model.Ap1.25","evm.model.Ap1.25","Apoc","OG_11472",1,0,1
"evm.model.Ap1.406","evm.model.Ap1.406","Apoc","OG_652",1,1,1
"evm.model.Ap1.3731","evm.model.Ap1.3731","Apoc","OG_3566",0,0,1
"evm.model.Ap1.745","evm.model.Ap1.745","Apoc","OG_6430",0,0,1
"evm.model.Ap2.1774","evm.model.Ap2.1774","Apoc","OG_231",0,0,1
"evm.model.Ap2.1925","evm.model.Ap2.1925","Apoc","OG_5401",1,0,1
"evm.model.Ap2.2382","evm.model.Ap2.2382","Apoc","OG_125",1,1,1
"evm.model.Ap2.3018","evm.model.Ap2.3018","Apoc","OG_1965",0,0,1
"evm.model.Ap2.3039","evm.model.Ap2.3039","Apoc","OG_487",1,1,1
"evm.model.Ap2.3426","evm.model.Ap2.3426","Apoc","OG_5239",1,0,1
"evm.model.Ap2.3721","evm.model.Ap2.3721","Apoc","OG_6143",1,0,1
"evm.model.Ap2.3999","evm.model.Ap2.3999","Apoc","OG_1034",1,0,1
"evm.model.Ap2.4026","evm.model.Ap2.4026","Apoc","OG_247",1,0,1
"evm.model.Ap2.4037","evm.model.Ap2.4037","Apoc","OG_615",1,1,1
"evm.model.Ap3.948","evm.model.Ap3.948","Apoc","OG_7771",0,1,1
"evm.model.Ap3.1730","evm.model.Ap3.1730","Apoc","OG_252",1,0,1
"evm.model.Ap3.2153","evm.model.Ap3.2153","Apoc","OG_7728",0,0,1
"evm.model.Ap4.1549","evm.model.Ap4.1549","Apoc","OG_6907",0,0,1
"evm.model.Ap4.1645","evm.model.Ap4.1645","Apoc","OG_521",1,1,1
"evm.model.Ap4.1798","evm.model.Ap4.1798","Apoc","OG_6649",1,0,1
"evm.model.Ap4.2466","evm.model.Ap4.2466","Apoc","OG_528",0,0,1
"evm.model.Ap4.3958","evm.model.Ap4.3958","Apoc","OG_1217",0,1,1
"evm.model.Ap4.340","evm.model.Ap4.340","Apoc","OG_830",1,0,1
"evm.model.Ap4.7211","evm.model.Ap4.7211","Apoc","OG_679",0,1,1
"evm.model.Ap4.798","evm.model.Ap4.798","Apoc","OG_6650",1,0,1
"evm.model.Ap5.1737","evm.model.Ap5.1737","Apoc","OG_362",1,1,1
"evm.model.Ap5.2739","evm.model.Ap5.2739","Apoc","OG_3989",0,0,1
"evm.model.Ap5.628","evm.model.Ap5.628","Apoc","OG_807",0,0,1
"evm.model.Ap5.650","evm.model.Ap5.650","Apoc","OG_347",0,1,1
"evm.model.Ap6.1411","evm.model.Ap6.1411","Apoc","OG_4444",0,0,1
"evm.model.Ap6.2115","evm.model.Ap6.2115","Apoc","OG_6714",1,0,1
"evm.model.Ap6.2282","evm.model.Ap6.2282","Apoc","OG_10024",0,1,1
"evm.model.Ap6.2979","evm.model.Ap6.2979","Apoc","OG_669",0,0,1
"evm.model.Ap6.978","evm.model.Ap6.978","Apoc","OG_176",1,1,1
"evm.model.Ap7.974","evm.model.Ap7.974","Apoc","OG_9866",0,0,1
"evm.model.Ap7.2483","evm.model.Ap7.2483","Apoc","OG_9375",0,0,1
"evm.model.Ap7.2519","evm.model.Ap7.2519","Apoc","OG_183",0,1,1
"evm.model.Ap7.529","evm.model.Ap7.529","Apoc","OG_358",1,1,1
"evm.model.Ap7.745","evm.model.Ap7.745","Apoc","OG_501",0,1,1
"evm.model.Ap8.1042","evm.model.Ap8.1042","Apoc","OG_144",1,1,1
"evm.model.Ap8.1808","evm.model.Ap8.1808","Apoc","OG_8212",0,0,1
"evm.model.Ap8.429","evm.model.Ap8.429","Apoc","OG_4760",0,0,1
"evm.model.Ap8.529","evm.model.Ap8.529","Apoc","OG_381",1,0,1
"evm.model.Ap8.765","evm.model.Ap8.765","Apoc","OG_787",0,0,1
"evm.model.Ap9.159","evm.model.Ap9.159","Apoc","OG_573",1,0,1
"evm.model.Ap9.2282","evm.model.Ap9.2282","Apoc","OG_430",1,0,1
"evm.model.Ap9.2343","evm.model.Ap9.2343","Apoc","OG_7403",1,1,1
"evm.model.Ap9.2584","evm.model.Ap9.2584","Apoc","OG_595",0,0,1
"evm.model.Ap9.496","evm.model.Ap9.496","Apoc","OG_4939",0,0,1
"evm.model.Ap10.1018","evm.model.Ap10.1018","Apoc","OG_861",0,1,1
"evm.model.Ap10.1203","evm.model.Ap10.1203","Apoc","OG_7106",1,0,1
"evm.model.Ap10.1409","evm.model.Ap10.1409","Apoc","OG_701",0,0,1
"evm.model.Ap10.1933","evm.model.Ap10.1933","Apoc","OG_7350",0,0,1
"evm.model.Ap10.1995","evm.model.Ap10.1995","Apoc","OG_6439",0,0,1
"evm.model.Ap10.235","evm.model.Ap10.235","Apoc","OG_3821",1,0,1
"evm.model.Ap10.35","evm.model.Ap10.35","Apoc","OG_6217",0,0,1
"evm.model.Ap10.434","evm.model.Ap10.434","Apoc","OG_927",0,0,1
"evm.model.Ap10.557","evm.model.Ap10.557","Apoc","OG_166",1,1,1
"evm.model.Ap10.67","evm.model.Ap10.67","Apoc","OG_5873",0,0,1
"evm.model.Ap10.851","evm.model.Ap10.851","Apoc","OG_7250",0,1,1
"evm.model.Ap11.1099","evm.model.Ap11.1099","Apoc","OG_5897",0,0,1
"evm.model.Ap11.1641","evm.model.Ap11.1641","Apoc","OG_6983",0,0,1
"evm.model.Ap11.1757","evm.model.Ap11.1757","Apoc","OG_2637",0,0,1
"evm.model.Ap11.232","evm.model.Ap11.232","Apoc","OG_2659",0,0,1
"evm.model.Ap11.335","evm.model.Ap11.335","Apoc","OG_426",0,0,1
"evm.model.Ap11.378","evm.model.Ap11.378","Apoc","OG_6949",0,0,1
"evm.model.Ap11.680","evm.model.Ap11.680","Apoc","OG_6974",0,0,1
"evm.model.Ap11.809","evm.model.Ap11.809","Apoc","OG_157",0,1,1
"evm.model.Ap11.854","evm.model.Ap11.854","Apoc","OG_6957",1,0,1
"evm.model.Ap12.1188","evm.model.Ap12.1188","Apoc","OG_3043",1,1,1
"evm.model.Ap12.1432","evm.model.Ap12.1432","Apoc","OG_12375",0,0,1
"evm.model.Ap12.1466","evm.model.Ap12.1466","Apoc","OG_254",0,0,1
"evm.model.Ap12.1653","evm.model.Ap12.1653","Apoc","OG_1138",1,0,1
"evm.model.Ap12.1672","evm.model.Ap12.1672","Apoc","OG_8573",0,1,1
"evm.model.Ap12.1968","evm.model.Ap12.1968","Apoc","OG_148",1,1,1
"evm.model.Ap12.220","evm.model.Ap12.220","Apoc","OG_8326",0,0,1
"evm.model.Ap12.231","evm.model.Ap12.231","Apoc","OG_291",1,1,1
"evm.model.Ap12.2502","evm.model.Ap12.2502","Apoc","OG_8183",0,0,1
"evm.model.Ap12.2602","evm.model.Ap12.2602","Apoc","OG_12685",1,0,1
"evm.model.Ap12.2670","evm.model.Ap12.2670","Apoc","OG_3261",0,1,1
"evm.model.Ap12.2751","evm.model.Ap12.2751","Apoc","OG_8344",0,1,1
"evm.model.Ap12.2757","evm.model.Ap12.2757","Apoc","OG_157",0,1,1
"evm.model.Ap12.362","evm.model.Ap12.362","Apoc","OG_306",0,1,1
"evm.model.Ap12.526","evm.model.Ap12.526","Apoc","OG_322",1,0,1
"evm.model.Ap12.623","evm.model.Ap12.623","Apoc","OG_305",1,1,1
"evm.model.Ap12.658","evm.model.Ap12.658","Apoc","OG_881",0,1,1
"evm.model.Ap13.104","evm.model.Ap13.104","Apoc","OG_792",1,1,1
"evm.model.Ap13.1137","evm.model.Ap13.1137","Apoc","OG_478",0,0,1
"evm.model.Ap13.1186","evm.model.Ap13.1186","Apoc","OG_246",1,0,1
"evm.model.Ap13.1344","evm.model.Ap13.1344","Apoc","OG_2933",0,0,1
"evm.model.Ap13.1462","evm.model.Ap13.1462","Apoc","OG_737",0,1,1
"evm.model.Ap13.2013","evm.model.Ap13.2013","Apoc","OG_5153",0,0,1
"evm.model.Ap13.2282","evm.model.Ap13.2282","Apoc","OG_10406",0,0,1
"evm.model.Ap13.220","evm.model.Ap13.220","Apoc","OG_1204",1,0,1
"evm.model.Ap13.235","evm.model.Ap13.235","Apoc","OG_572",0,0,1
"evm.model.Ap13.236","evm.model.Ap13.236","Apoc","OG_593",1,1,1
"evm.model.Ap13.2474","evm.model.Ap13.2474","Apoc","OG_10634",0,1,1
"evm.model.Ap13.2491","evm.model.Ap13.2491","Apoc","OG_1066",0,0,1
"evm.model.Ap13.2562","evm.model.Ap13.2562","Apoc","OG_2965",0,0,1
"evm.model.Ap13.2817","evm.model.Ap13.2817","Apoc","OG_472",1,1,1
"evm.model.Ap13.2856","evm.model.Ap13.2856","Apoc","OG_10577",0,0,1
"evm.model.Ap13.2935","evm.model.Ap13.2935","Apoc","OG_5789",1,0,1
"evm.model.Ap13.3127","evm.model.Ap13.3127","Apoc","OG_3001",0,0,1
"evm.model.Ap13.743","evm.model.Ap13.743","Apoc","OG_2938",0,0,1
"evm.model.Ap13.746","evm.model.Ap13.746","Apoc","OG_10481",0,0,1
"evm.model.Ap13.791","evm.model.Ap13.791","Apoc","OG_8703",0,0,1
"evm.model.Ap13.814","evm.model.Ap13.814","Apoc","OG_462",0,1,1
"evm.model.Ap13.937","evm.model.Ap13.937","Apoc","OG_5829",0,0,1
"evm.model.Ap14.1019","evm.model.Ap14.1019","Apoc","OG_2266",0,0,1
"evm.model.Ap14.1235","evm.model.Ap14.1235","Apoc","OG_7542",0,1,1
"evm.model.Ap14.1290","evm.model.Ap14.1290","Apoc","OG_1146",0,0,1
"evm.model.Ap14.154","evm.model.Ap14.154","Apoc","OG_7530",0,0,1
"evm.model.Ap14.1367","evm.model.Ap14.1367","Apoc","OG_223",0,0,1
"evm.model.Ap14.1709","evm.model.Ap14.1709","Apoc","OG_230",1,0,1
"evm.model.Ap14.1823","evm.model.Ap14.1823","Apoc","OG_981",0,0,1
"evm.model.Ap14.563","evm.model.Ap14.563","Apoc","OG_242",1,1,1
"evm.model.Ap14.864","evm.model.Ap14.864","Apoc","OG_6488",0,0,1
"evm.model.Ap1.1204","evm.model.Ap1.1204","Apoc","OG_164",0,0,1
"evm.model.Ap1.1233","evm.model.Ap1.1233","Apoc","OG_4074",0,0,1
"evm.model.Ap1.1469","evm.model.Ap1.1469","Apoc","OG_5529",0,0,1
"evm.model.Ap1.1777","evm.model.Ap1.1777","Apoc","OG_462",0,1,1
"evm.model.Ap1.1894","evm.model.Ap1.1894","Apoc","OG_3377",0,0,1
"evm.model.Ap1.2033","evm.model.Ap1.2033","Apoc","OG_610",0,0,1
"evm.model.Ap1.2659","evm.model.Ap1.2659","Apoc","OG_5717",0,0,1
"evm.model.Ap1.2706","evm.model.Ap1.2706","Apoc","OG_971",0,1,1
"evm.model.Ap1.2827","evm.model.Ap1.2827","Apoc","OG_6340",1,1,1
"evm.model.Ap1.2840","evm.model.Ap1.2840","Apoc","OG_460",0,0,1
"evm.model.Ap1.329","evm.model.Ap1.329","Apoc","OG_11610",1,0,1
"evm.model.Ap1.2939","evm.model.Ap1.2939","Apoc","OG_10415",0,1,1
"evm.model.Ap1.2965","evm.model.Ap1.2965","Apoc","OG_11459",0,0,1
"evm.model.Ap1.3259","evm.model.Ap1.3259","Apoc","OG_3609",0,0,1
"evm.model.Ap1.3482","evm.model.Ap1.3482","Apoc","OG_495",1,1,1
"evm.model.Ap1.3510","evm.model.Ap1.3510","Apoc","OG_6577",0,1,1
"evm.model.Ap1.3545","evm.model.Ap1.3545","Apoc","OG_1378",1,1,1
"evm.model.Ap1.3698","evm.model.Ap1.3698","Apoc","OG_368",1,0,1
"evm.model.Ap1.3964","evm.model.Ap1.3964","Apoc","OG_896",0,0,1
"evm.model.Ap1.4048","evm.model.Ap1.4048","Apoc","OG_9670",1,0,1
"evm.model.Ap1.61","evm.model.Ap1.61","Apoc","OG_11707",0,0,1
"evm.model.Ap1.1","evm.model.Ap1.1","Apoc","OG_793",1,1,1
"evm.model.Ap2.991","evm.model.Ap2.991","Apoc","OG_228",1,1,1
"evm.model.Ap2.1445","evm.model.Ap2.1445","Apoc","OG_1805",0,0,1
"evm.model.Ap2.1453","evm.model.Ap2.1453","Apoc","OG_10967",0,1,1
"evm.model.Ap2.1506","evm.model.Ap2.1506","Apoc","OG_1511",0,0,1
"evm.model.Ap2.1572","evm.model.Ap2.1572","Apoc","OG_1826",0,0,1
"evm.model.Ap2.1670","evm.model.Ap2.1670","Apoc","OG_10782",0,0,1
"evm.model.Ap2.2061","evm.model.Ap2.2061","Apoc","OG_563",1,1,1
"evm.model.Ap2.2072","evm.model.Ap2.2072","Apoc","OG_1065",1,0,1
"evm.model.Ap2.2720","evm.model.Ap2.2720","Apoc","OG_5564",0,0,1
"evm.model.Ap2.25","evm.model.Ap2.25","Apoc","OG_11217",0,0,1
"evm.model.Ap2.2904","evm.model.Ap2.2904","Apoc","OG_1065",1,0,1
"evm.model.Ap2.3122","evm.model.Ap2.3122","Apoc","OG_10757",0,0,1
"evm.model.Ap2.3167","evm.model.Ap2.3167","Apoc","OG_11035",0,0,1
"evm.model.Ap2.3379","evm.model.Ap2.3379","Apoc","OG_6226",1,0,1
"evm.model.Ap2.3821","evm.model.Ap2.3821","Apoc","OG_11239",1,0,1
"evm.model.Ap2.3909","evm.model.Ap2.3909","Apoc","OG_1518",1,0,1
"evm.model.Ap2.3948","evm.model.Ap2.3948","Apoc","OG_1049",1,0,1
"evm.model.Ap2.444","evm.model.Ap2.444","Apoc","OG_7765",0,0,1
"evm.model.Ap3.113","evm.model.Ap3.113","Apoc","OG_435",0,0,1
"evm.model.Ap3.1024","evm.model.Ap3.1024","Apoc","OG_7946",0,0,1
"evm.model.Ap3.1345","evm.model.Ap3.1345","Apoc","OG_7935",0,0,1
"evm.model.Ap3.1353","evm.model.Ap3.1353","Apoc","OG_2505",0,0,1
"evm.model.Ap3.1563","evm.model.Ap3.1563","Apoc","OG_275",0,0,1
"evm.model.Ap3.1690","evm.model.Ap3.1690","Apoc","OG_147",1,1,1
"evm.model.Ap3.1972","evm.model.Ap3.1972","Apoc","OG_5386",0,0,1
"evm.model.Ap3.2039","evm.model.Ap3.2039","Apoc","OG_2565",1,0,1
"evm.model.Ap3.319","evm.model.Ap3.319","Apoc","OG_6550",1,1,1
"evm.model.Ap3.443","evm.model.Ap3.443","Apoc","OG_7987",0,0,1
"evm.model.Ap3.564","evm.model.Ap3.564","Apoc","OG_7766",0,1,1
"evm.model.Ap3.637","evm.model.Ap3.637","Apoc","OG_165",1,1,1
"evm.model.Ap4.1135","evm.model.Ap4.1135","Apoc","OG_976",0,0,1
"evm.model.Ap4.121","evm.model.Ap4.121","Apoc","OG_511",1,0,1
"evm.model.Ap4.1285","evm.model.Ap4.1285","Apoc","OG_78",0,0,1
"evm.model.Ap4.1406","evm.model.Ap4.1406","Apoc","OG_11948",0,0,1
"evm.model.Ap4.1568","evm.model.Ap4.1568","Apoc","OG_876",0,1,1
"evm.model.Ap4.1831","evm.model.Ap4.1831","Apoc","OG_690",0,0,1
"evm.model.Ap4.2026","evm.model.Ap4.2026","Apoc","OG_320",0,0,1
"evm.model.Ap4.2690","evm.model.Ap4.2690","Apoc","OG_755",0,0,1
"evm.model.Ap4.3085","evm.model.Ap4.3085","Apoc","OG_1065",1,0,1
"evm.model.Ap4.3201","evm.model.Ap4.3201","Apoc","OG_794",1,0,1
"evm.model.Ap4.3337","evm.model.Ap4.3337","Apoc","OG_509",1,1,1
"evm.model.Ap4.3382","evm.model.Ap4.3382","Apoc","OG_920",1,1,1
"evm.model.Ap4.3399","evm.model.Ap4.3399","Apoc","OG_920",1,1,1
"evm.model.Ap4.3613","evm.model.Ap4.3613","Apoc","OG_130",0,1,1
"evm.model.Ap4.3646","evm.model.Ap4.3646","Apoc","OG_130",0,1,1
"evm.model.Ap4.311","evm.model.Ap4.311","Apoc","OG_6533",1,0,1
"evm.model.Ap4.4269","evm.model.Ap4.4269","Apoc","OG_555",0,0,1
"evm.model.Ap4.4393","evm.model.Ap4.4393","Apoc","OG_320",0,0,1
"evm.model.Ap4.4956","evm.model.Ap4.4956","Apoc","OG_186",1,1,1
"evm.model.Ap4.5610","evm.model.Ap4.5610","Apoc","OG_11924",1,0,1
"evm.model.Ap4.6080","evm.model.Ap4.6080","Apoc","OG_737",0,1,1
"evm.model.Ap4.6522","evm.model.Ap4.6522","Apoc","OG_5103",0,0,1
"evm.model.Ap4.6760","evm.model.Ap4.6760","Apoc","OG_5311",0,0,1
"evm.model.Ap4.7213","evm.model.Ap4.7213","Apoc","OG_454",1,0,1
"evm.model.Ap4.733","evm.model.Ap4.733","Apoc","OG_5235",1,1,1
"evm.model.Ap4.748","evm.model.Ap4.748","Apoc","OG_831",1,1,1
"evm.model.Ap4.931","evm.model.Ap4.931","Apoc","OG_228",1,1,1
"evm.model.Ap5.1122","evm.model.Ap5.1122","Apoc","OG_3962",1,0,1
"evm.model.Ap5.1531","evm.model.Ap5.1531","Apoc","OG_8960",0,0,1
"evm.model.Ap5.173","evm.model.Ap5.173","Apoc","OG_6258",0,1,1
"evm.model.Ap5.2353","evm.model.Ap5.2353","Apoc","OG_4054",0,1,1
"evm.model.Ap5.231","evm.model.Ap5.231","Apoc","OG_565",0,1,1
"evm.model.Ap5.2881","evm.model.Ap5.2881","Apoc","OG_688",1,0,1
"evm.model.Ap5.2938","evm.model.Ap5.2938","Apoc","OG_6058",0,0,1
"evm.model.Ap5.763","evm.model.Ap5.763","Apoc","OG_8724",0,1,1
"evm.model.Ap5.861","evm.model.Ap5.861","Apoc","OG_8990",0,0,1
"evm.model.Ap6.1127","evm.model.Ap6.1127","Apoc","OG_345",1,0,1
"evm.model.Ap6.1264","evm.model.Ap6.1264","Apoc","OG_10364",0,0,1
"evm.model.Ap6.169","evm.model.Ap6.169","Apoc","OG_4348",0,0,1
"evm.model.Ap6.1806","evm.model.Ap6.1806","Apoc","OG_10040",0,0,1
"evm.model.Ap6.1902","evm.model.Ap6.1902","Apoc","OG_203",1,0,1
"evm.model.Ap6.2052","evm.model.Ap6.2052","Apoc","OG_4450",0,0,1
"evm.model.Ap6.2335","evm.model.Ap6.2335","Apoc","OG_10061",0,0,1
"evm.model.Ap6.2666","evm.model.Ap6.2666","Apoc","OG_973",1,0,1
"evm.model.Ap6.2702","evm.model.Ap6.2702","Apoc","OG_215",0,0,1
"evm.model.Ap6.2735","evm.model.Ap6.2735","Apoc","OG_215",0,0,1
"evm.model.Ap6.3206","evm.model.Ap6.3206","Apoc","OG_275",0,0,1
"evm.model.Ap6.3244","evm.model.Ap6.3244","Apoc","OG_10113",0,0,1
"evm.model.Ap6.49","evm.model.Ap6.49","Apoc","OG_10275",0,1,1
"evm.model.Ap6.445","evm.model.Ap6.445","Apoc","OG_10102",0,0,1
"evm.model.Ap6.555","evm.model.Ap6.555","Apoc","OG_4381",0,1,1
"evm.model.Ap6.658","evm.model.Ap6.658","Apoc","OG_814",1,1,1
"evm.model.Ap6.896","evm.model.Ap6.896","Apoc","OG_1250",0,1,1
"evm.model.Ap7.1189","evm.model.Ap7.1189","Apoc","OG_5942",0,0,1
"evm.model.Ap7.1244","evm.model.Ap7.1244","Apoc","OG_1036",1,0,1
"evm.model.Ap7.1343","evm.model.Ap7.1343","Apoc","OG_766",0,1,1
"evm.model.Ap7.1511","evm.model.Ap7.1511","Apoc","OG_9968",1,0,1
"evm.model.Ap7.1646","evm.model.Ap7.1646","Apoc","OG_167",0,0,1
"evm.model.Ap7.1728","evm.model.Ap7.1728","Apoc","OG_6086",0,0,1
"evm.model.Ap7.1744","evm.model.Ap7.1744","Apoc","OG_9696",0,0,1
"evm.model.Ap7.2107","evm.model.Ap7.2107","Apoc","OG_9658",0,0,1
"evm.model.Ap7.2244","evm.model.Ap7.2244","Apoc","OG_4127",0,0,1
"evm.model.Ap7.2511","evm.model.Ap7.2511","Apoc","OG_6366",0,0,1
"evm.model.Ap7.2654","evm.model.Ap7.2654","Apoc","OG_1065",1,0,1
"evm.model.Ap7.225","evm.model.Ap7.225","Apoc","OG_5453",0,1,1
"evm.model.Ap7.2793","evm.model.Ap7.2793","Apoc","OG_9749",0,0,1
"evm.model.Ap7.2879","evm.model.Ap7.2879","Apoc","OG_9785",0,0,1
"evm.model.Ap7.244","evm.model.Ap7.244","Apoc","OG_9729",0,1,1
"evm.model.Ap7.301","evm.model.Ap7.301","Apoc","OG_4305",0,0,1
"evm.model.Ap7.6","evm.model.Ap7.6","Apoc","OG_9805",1,1,1
"evm.model.Ap8.135","evm.model.Ap8.135","Apoc","OG_9257",0,0,1
"evm.model.Ap8.1253","evm.model.Ap8.1253","Apoc","OG_9175",0,1,1
"evm.model.Ap8.1317","evm.model.Ap8.1317","Apoc","OG_9017",1,0,1
"evm.model.Ap8.1449","evm.model.Ap8.1449","Apoc","OG_227",1,0,1
"evm.model.Ap8.1466","evm.model.Ap8.1466","Apoc","OG_1116",0,0,1
"evm.model.Ap8.1756","evm.model.Ap8.1756","Apoc","OG_427",0,1,1
"evm.model.Ap8.2633","evm.model.Ap8.2633","Apoc","OG_1065",1,0,1
"evm.model.Ap8.2678","evm.model.Ap8.2678","Apoc","OG_9125",0,0,1
"evm.model.Ap8.2766","evm.model.Ap8.2766","Apoc","OG_5673",0,0,1
"evm.model.Ap8.2837","evm.model.Ap8.2837","Apoc","OG_12406",0,0,1
"evm.model.Ap8.325","evm.model.Ap8.325","Apoc","OG_4755",0,0,1
"evm.model.Ap8.430","evm.model.Ap8.430","Apoc","OG_4759",0,1,1
"evm.model.Ap8.489","evm.model.Ap8.489","Apoc","OG_426",0,0,1
"evm.model.Ap8.696","evm.model.Ap8.696","Apoc","OG_9325",0,0,1
"evm.model.Ap8.79","evm.model.Ap8.79","Apoc","OG_407",0,0,1
"evm.model.Ap9.1006","evm.model.Ap9.1006","Apoc","OG_977",1,1,1
"evm.model.Ap9.1019","evm.model.Ap9.1019","Apoc","OG_441",1,1,1
"evm.model.Ap9.1166","evm.model.Ap9.1166","Apoc","OG_189",0,0,1
"evm.model.Ap9.1486","evm.model.Ap9.1486","Apoc","OG_157",0,1,1
"evm.model.Ap9.197","evm.model.Ap9.197","Apoc","OG_9590",0,1,1
"evm.model.Ap9.1789","evm.model.Ap9.1789","Apoc","OG_621",0,0,1
"evm.model.Ap9.2421","evm.model.Ap9.2421","Apoc","OG_4872",1,1,1
"evm.model.Ap9.2452","evm.model.Ap9.2452","Apoc","OG_9557",0,0,1
"evm.model.Ap9.2600","evm.model.Ap9.2600","Apoc","OG_9486",1,0,1
"evm.model.Ap9.2606","evm.model.Ap9.2606","Apoc","OG_9417",0,0,1
"evm.model.Ap9.2624","evm.model.Ap9.2624","Apoc","OG_9336",0,0,1
"evm.model.Ap9.700","evm.model.Ap9.700","Apoc","OG_428",1,0,1
"evm.model.Ap9.858","evm.model.Ap9.858","Apoc","OG_267",1,1,1
"evm.model.Ap9.106","evm.model.Ap9.106","Apoc","OG_233",1,1,1
"evm.model.Ap10.1129","evm.model.Ap10.1129","Apoc","OG_1176",0,0,1
"evm.model.Ap10.1139","evm.model.Ap10.1139","Apoc","OG_560",0,1,1
"evm.model.Ap12.1543","evm.model.Ap12.1543","Apoc","OG_5622",0,0,1
"evm.model.Ap2.1049","evm.model.Ap2.1049","Apoc","OG_163",0,0,1
"evm.model.Ap2.41","evm.model.Ap2.41","Apoc","OG_7950",0,0,1
"evm.model.Ap3.1300","evm.model.Ap3.1300","Apoc","OG_2622",1,0,1
"evm.model.Ap4.1551","evm.model.Ap4.1551","Apoc","OG_108",0,1,1
"evm.model.Ap5.294","evm.model.Ap5.294","Apoc","OG_8886",0,0,1
"evm.model.Ap7.2315","evm.model.Ap7.2315","Apoc","OG_1101",0,1,1
"evm.model.Ap8.1033","evm.model.Ap8.1033","Apoc","OG_392",1,1,1
"evm.model.Ap9.2361","evm.model.Ap9.2361","Apoc","OG_9354",0,0,1
